objid,sample,group_uid,role,lgm,ff_miles_lw_logz,resid_deg1,resid_deg2,sf_state,morphology4,control
1237655108898914500,CG4,HMCG:25,Satellite,10.40786,0.0383308008134032,0.001194660360876204,0.0066069076375768684,Quenched,Elliptical,Control4C
1237655108898914492,CG4,HMCG:25,Satellite,9.313793,-0.13087399102014557,0.08019832276427794,0.06536398659022224,Starforming,Spiral,Control4C
1237655108898980064,CG4,HMCG:25,Satellite,9.284696,-0.2892746251283065,-0.07160114213492905,-0.08826522234686499,Starforming,Spiral,Control4C
1237651271887618101,CG4,HMCG:27,Satellite,10.82927,0.09756027280667182,-0.035180181367038044,-0.0472032544156043,Quenched,NoGZ,Control4C
1237651271887618204,CG4,HMCG:27,Satellite,9.714207,-0.027185968217908463,0.09304534588840184,0.09659539173015022,Starforming,NoGZ,Control4C
1237651533872496832,CG4,HMCG:27,Satellite,9.640424,0.06648321213101471,0.20345350509233578,0.20456815253262392,Starforming,NoGZ,Control4C
1237651192431902934,CG4,HMCG:28,Satellite,10.74845,0.09524713375865783,-0.019157873617524843,-0.026749491418253182,Quenched,Spiral,Control4C
1237651192431902942,CG4,HMCG:28,Satellite,10.45439,0.210659559924703,0.16296726580366624,0.1671436064357006,Quenched,NoGZ,Control4C
1237651192431902951,CG4,HMCG:28,Satellite,9.72223,-0.3692994289203334,-0.2508882742999988,-0.24709934154066443,Starforming,NoGZ,Control4C
1237653664714391735,CG4,HMCG:33,Satellite,10.67758,0.27037041250145794,0.17204351839600962,0.16791302071934122,Quenched,Elliptical,Control4C
1237651753452765233,CG4,HMCG:33,Satellite,10.73482,0.20529235111097974,0.09397955036496675,0.08708441547987822,Quenched,Elliptical,Control4C
1237651753452765443,CG4,HMCG:33,Satellite,10.11648,-0.1983087080057814,-0.16934014061540412,-0.1600787658723169,Quenched,Elliptical,Control4C
1237664093977116737,CG4,HMCG:42,Satellite,10.44188,0.1943547474969782,0.14950056819203994,0.154026009133942,Quenched,Elliptical,Control4C
1237664093977182233,CG4,HMCG:42,Satellite,10.44385,0.09756027280667182,0.05225916415019767,0.05673045128247638,Quenched,Elliptical,Control4C
1237664093977182234,CG4,HMCG:42,Satellite,10.1118,0.24319337424724807,0.2732236824321367,0.28249213362186887,Quenched,Elliptical,Control4C
1237664879949906001,CG4,HMCG:52,Satellite,10.52723,0.12003830018504674,0.05582096344173974,0.05771901078489169,Quenched,Elliptical,Control4C
1237664837006852244,CG4,HMCG:52,Satellite,10.09972,-0.062396561398671085,-0.029625691504871973,-0.02034697425186835,Starforming,Spiral,Control4C
1237664879949906004,CG4,HMCG:52,Satellite,10.06748,-0.1231358190374761,-0.08305073478148596,-0.0738010765162066,Quenched,Elliptical,Control4C
1237661382235652235,CG4,HMCG:61,Satellite,10.28243,-0.2892746251283065,-0.2979547510817757,-0.29006312737855067,Quenched,Elliptical,Control4C
1237661382235652234,CG4,HMCG:61,Satellite,10.09958,0.0714113894018661,0.10421402077242412,0.11349278940580626,Quenched,Elliptical,Control4C
1237661382235652236,CG4,HMCG:61,Satellite,10.02217,-0.07594282963262874,-0.02557837029131349,-0.016508388426301784,Quenched,Spiral,Control4C
1237661381699108952,CG4,HMCG:63,Satellite,10.8073,0.17741355266189243,0.04965738166241754,0.03889003590579032,Quenched,Elliptical,Control4C
1237661381699108924,CG4,HMCG:63,Satellite,10.21994,-0.1549517826247632,-0.14945494655920877,-0.14079207672787042,Starforming,Uncertain,Control4C
1237664336632741895,CG4,HMCG:73,Satellite,10.20023,0.01385725040186069,0.023825648659685138,0.03266776170659636,Quenched,Elliptical,Control4C
1237665099004051581,CG4,HMCG:73,Satellite,9.80046,-0.08638724073305099,0.014276054409795902,0.020127695568135318,Starforming,Spiral,Control4C
1237664869753487485,CG4,HMCG:73,Satellite,9.497967,0.0383308008134032,0.20761998445073715,0.20281530671318118,Starforming,Spiral,Control4C
1237671123231768624,CG4,HMCG:80,Satellite,10.94013,0.210659559924703,0.05276855351177148,0.03382728029456347,Quenched,Elliptical,Control4C
1237671260670525479,CG4,HMCG:80,Satellite,10.6821,0.24319337424724807,0.14384103817786986,0.13950164432264994,Quenched,Elliptical,Control4C
1237661136886366310,CG4,HMCG:82,Satellite,10.06689,-0.27817389220561206,-0.23795495601185251,-0.22870659486937042,Starforming,Elliptical,Control4C
1237661381701861554,CG4,HMCG:82,Satellite,10.16911,0.0383308008134032,0.05535932161934747,0.06442193940312035,Quenched,NoGZ,Control4C
1237661381701861576,CG4,HMCG:82,Satellite,9.576148,-0.1549517826247632,-0.0033993419480516096,-0.004756914828121295,Starforming,Spiral,Control4C
1237671125379907676,CG4,HMCG:84,Satellite,10.5799,-0.021079757759797816,-0.09724621579518328,-0.09725678210589497,Starforming,Spiral,Control4C
1237671125379842214,CG4,HMCG:84,Satellite,9.934071,-0.2949332821142268,-0.2245820060516129,-0.2163257727209164,Starforming,Spiral,Control4C
1237671125379842189,CG4,HMCG:84,Satellite,9.890475,-0.07594282963262874,0.004298970292704596,0.011925664849598241,Starforming,Spiral,Control4C
1237667536399761571,CG4,HMCG:99,Satellite,10.69086,-0.00036000557862243517,-0.101699702622343,-0.10644854490817422,Quenched,Spiral,Control4C
1237667783897383104,CG4,HMCG:99,Satellite,10.09201,0.0025206987823348363,0.037040718574784345,0.04631995931102535,Quenched,Spiral,Control4C
1237667783897383027,CG4,HMCG:99,Satellite,9.598251,-0.11553311404874676,0.031004870050808944,0.03053426654317161,Starforming,Elliptical,Control4C
1237654398613913657,CG4,HMCG:101,Satellite,10.66817,0.09986115685840526,0.003669087726537082,-3.16969724843269e-05,Quenched,Elliptical,Control4C
1237654398613913661,CG4,HMCG:101,Satellite,10.09317,-0.07939644884409477,-0.04513959557336192,-0.03586013338486294,Starforming,Spiral,Control4C
1237654669739884742,CG4,HMCG:106,Satellite,10.40413,-0.062396561398671085,-0.09868648536326488,-0.09318257099940022,Quenched,Spiral,Control4C
1237654669739950159,CG4,HMCG:106,Satellite,9.123651,0.01941624484406951,0.2736256351562763,0.2456244409686535,Starforming,Spiral,Control4C
1237648721759961363,CG4,HMCG:112,Satellite,10.81194,0.005382592656735859,-0.12342624442960531,-0.13445561892276373,Quenched,Spiral,Control4C
1237648721759961197,CG4,HMCG:112,Satellite,10.52482,0.17548977917257252,0.11181919356490064,0.11379932763803549,Quenched,Elliptical,Control4C
1237648721759961421,CG4,HMCG:112,Satellite,10.23428,0.06895429106965624,0.07119784444433522,0.07971101315561607,Quenched,Spiral,Control4C
1237654602106732681,CG4,HMCG:117,Satellite,10.26464,0.04619148126786086,0.04154733153968251,0.04968993834843778,Quenched,Elliptical,Control4C
1237654602106732699,CG4,HMCG:117,Satellite,10.22885,0.0714113894018661,0.07488683433940801,0.08345860068290119,Quenched,Spiral,Control4C
1237654602106732720,CG4,HMCG:117,Satellite,9.889784,-0.15909778063256153,-0.07869921513265396,-0.07108370797400063,Starforming,Spiral,Control4C
1237654604791545959,CG4,HMCG:121,Satellite,10.47624,-0.11553311404874676,-0.1681824672210825,-0.16464553042559216,Starforming,NoGZ,Control4C
1237654604791545888,CG4,HMCG:121,Satellite,10.36794,-0.07594282963262874,-0.1040224118550485,-0.09768618878025799,Starforming,NoGZ,Control4C
1237654604791546018,CG4,HMCG:121,Satellite,9.893738,-0.07594282963262874,0.003558701016531135,0.0112377142742493,Quenched,Elliptical,Control4C
1237664819818987565,CG4,HMCG:128,Satellite,10.73842,0.234865136540417,0.12273561210631805,0.11565794658501798,Quenched,Uncertain,Control4C
1237664819818987690,CG4,HMCG:128,Satellite,10.39088,-0.00036000557862243517,-0.03364393263567779,-0.02782328083297124,Starforming,Spiral,Control4C
1237667431715766292,CG4,HMCG:131,Satellite,10.68693,0.16966679416987027,0.0692186871523102,0.06465428578534009,Quenched,Elliptical,Control4C
1237667431715766293,CG4,HMCG:131,Satellite,10.67525,0.16966679416987027,0.07186850178476654,0.06784505668347493,Quenched,Elliptical,Control4C
1237667431715766294,CG4,HMCG:131,Satellite,10.15139,0.03567863566659506,0.05672725195945094,0.06588123158929532,Quenched,Elliptical,Control4C
1237662223525871715,CG4,HMCG:142,Satellite,10.49055,0.17355744610585364,0.11766161627337662,0.12075934928414789,Quenched,Elliptical,Control4C
1237662223525806268,CG4,HMCG:142,Satellite,9.781722,-0.1231358190374761,-0.018221477098142577,-0.012819858623978733,Starforming,Spiral,Control4C
1237662223525806252,CG4,HMCG:142,Satellite,10.06968,0.09756027280667182,0.137146248142165,0.14640050061169663,Quenched,Spiral,Control4C
1237664337177477185,CG4,HMCG:147,Satellite,10.73972,0.22979059425991835,0.11736614182734384,0.11022231077357697,Quenched,Spiral,Control4C
1237664337177542740,CG4,HMCG:147,Satellite,10.03356,-0.1117810674162761,-0.06400063107698813,-0.05487021684446343,Starforming,Spiral,Control4C
1237664337177542775,CG4,HMCG:147,Satellite,10.14146,-0.00036000557862243517,0.022941406887203326,0.03213573561073461,Quenched,Elliptical,Control4C
1237657628452389042,CG4,HMCG:154,Satellite,10.55819,0.15576829454635008,0.08452713408550469,0.0853298351998712,Quenched,Elliptical,Control4C
1237657628452389069,CG4,HMCG:154,Satellite,10.35082,0.210659559924703,0.18646395257451379,0.19315784532482838,Quenched,Elliptical,Control4C
1237657628452389021,CG4,HMCG:154,Satellite,9.952991,-0.2727281867109631,-0.20666924736462294,-0.19818653872756953,Starforming,Spiral,Control4C
1237661811196625002,CG4,HMCG:158,Satellite,10.12929,-0.16328380351680608,-0.13722141124986761,-0.12798825855856288,Starforming,Spiral,Control4C
1237661811196559464,CG4,HMCG:158,Satellite,10.11798,-0.021079757759797816,0.007548508093877009,0.016807248468599652,Quenched,Elliptical,Control4C
1237661948639445082,CG4,HMCG:158,Satellite,9.965645,0.09756027280667182,0.16074842838939035,0.16936682081784504,Starforming,Spiral,Control4C
1237665126930055405,CG4,HMCG:165,Satellite,10.72958,0.210659559924703,0.10053554588023694,0.09390426421643074,Quenched,Elliptical,Control4C
1237665126930055448,CG4,HMCG:165,Satellite,10.52691,0.0383308008134032,-0.025813938268740948,-0.023904965017126023,Quenched,Elliptical,Control4C
1237665370120847399,CG4,HMCG:167,Satellite,10.48595,0.05391241004701966,-0.0009398284062365481,0.0023008530552854067,Starforming,Spiral,Control4C
1237665370120782013,CG4,HMCG:167,Satellite,10.1497,-0.03650924669124571,-0.015077224000371758,-0.0059158270755456654,Starforming,Spiral,Control4C
1237665370120847519,CG4,HMCG:167,Satellite,10.24132,0.005382592656735859,0.006028997485824743,0.014462725599540639,Quenched,Elliptical,Control4C
1237655108913594378,CG4,HMCG:173,Satellite,10.93887,0.2855971362609545,0.12799198313885313,0.10913479646846372,Quenched,Elliptical,Control4C
1237658312939798811,CG4,HMCG:173,Satellite,10.3846,-0.062396561398671085,-0.09425575935539923,-0.08828983204594203,Starforming,Spiral,Control4C
1237655108913594468,CG4,HMCG:173,Satellite,10.26546,-0.021079757759797816,-0.02590993899470664,-0.0177783510025905,Quenched,Elliptical,Control4C
1237648722841042953,CG4,HMCG:175,Satellite,10.41704,-0.1231358190374761,-0.16235460489462217,-0.15717264459045355,Starforming,NoGZ,Control4C
1237648722840977489,CG4,HMCG:175,Satellite,9.788215,-0.00036000557862243517,0.10308128444217203,0.10864198404733826,Starforming,NoGZ,Control4C
1237648722841043030,CG4,HMCG:175,Satellite,9.325481,-0.2217262958376311,-0.013305611627192876,-0.027423791468197012,Starforming,NoGZ,Control4C
1237667781760319536,CG4,HMCG:188,Satellite,10.28206,0.12003830018504674,0.11144211527729753,0.11933921364847778,Quenched,Elliptical,Control4C
1237667781760319656,CG4,HMCG:188,Satellite,9.626383,-0.04283781747327553,0.09731792473927126,0.0979203889907172,Starforming,Elliptical,Control4C
1237667781760319651,CG4,HMCG:188,Satellite,9.936863,-0.05250706908668513,0.017210792382279676,0.02550222558378821,Quenched,Spiral,Control4C
1237657591934025805,CG4,HMCG:197,Satellite,10.20167,0.07385466443403327,0.08349637321662326,0.09232643038280791,Starforming,Spiral,Control4C
1237657591934025877,CG4,HMCG:197,Satellite,9.790443,-0.1549517826247632,-0.05201595381981755,-0.04640143504586955,Starforming,Elliptical,Control4C
1237657591934025822,CG4,HMCG:197,Satellite,9.866722,0.09756027280667182,0.18319086099953408,0.19041134640574714,Quenched,Elliptical,Control4C
1237657858222456920,CG4,HMCG:204,Satellite,10.37391,0.09756027280667182,0.06812629046817645,0.07433234215252733,Quenched,Elliptical,Control4C
1237657858222456990,CG4,HMCG:204,Satellite,9.941386,-0.23640805378214774,-0.1677163148801861,-0.15936916567711126,Starforming,Elliptical,Control4C
1237657858222391531,CG4,HMCG:204,Satellite,9.54019,-0.16328380351680608,-0.0035736544022638705,-0.006456674278103647,Starforming,Spiral,Control4C
1237657627919319141,CG4,HMCG:206,Satellite,10.77621,0.05135398835050857,-0.06934886613158071,-0.07840439817542656,Starforming,Elliptical,Control4C
1237657627919384583,CG4,HMCG:206,Satellite,10.52393,-0.1983087080057814,-0.26177738136834316,-0.2597670491554407,Quenched,Elliptical,Control4C
1237657627919319144,CG4,HMCG:206,Satellite,9.692472,-0.07594282963262874,0.0492194537404998,0.05209677829910961,Starforming,Spiral,Control4C
1237661152450248713,CG4,HMCG:207,Satellite,10.09862,-0.1983087080057814,-0.16528828365173404,-0.15600920442045696,Quenched,Elliptical,Control4C
1237661152450248875,CG4,HMCG:207,Satellite,10.02309,-0.1983087080057814,-0.14815296694031047,-0.13907772319974449,Quenched,Elliptical,Control4C
1237661435920646302,CG4,HMCG:214,Satellite,10.60806,0.12003830018504674,0.0374832479673009,0.03636230572687743,Starforming,Spiral,Control4C
1237661435920646283,CG4,HMCG:214,Satellite,10.15932,0.0383308008134032,0.05758035631555885,0.06669651747689817,Quenched,Elliptical,Control4C
1237661435920580738,CG4,HMCG:214,Satellite,9.824382,-0.055778624700305444,0.03945754153521081,0.045843384812353886,Starforming,Spiral,Control4C
1237665025446510739,CG4,HMCG:229,Satellite,10.62726,0.20167700383058246,0.11476609194304549,0.11285214644470795,Quenched,Spiral,Control4C
1237665025446510775,CG4,HMCG:229,Satellite,10.46136,-0.062396561398671085,-0.1116701233269187,-0.10769365019466838,Quenched,Spiral,Control4C
1237665025446510745,CG4,HMCG:229,Satellite,9.702918,-0.021079757759797816,0.10171266571173496,0.10491796449184676,Quenched,Elliptical,Control4C
1237661949186408622,CG4,HMCG:231,Satellite,10.28359,0.1496728826525962,0.14072959017741032,0.14860397993082988,Quenched,Elliptical,Control4C
1237661949186408636,CG4,HMCG:231,Satellite,10.11996,-0.059074962477950764,-0.030895894652723473,-0.021640903897913587,Starforming,Spiral,Control4C
1237661949186474090,CG4,HMCG:231,Satellite,9.885147,-0.07939644884409477,0.002054102139605718,0.009593559360293047,Quenched,Elliptical,Control4C
1237661873482891502,CG4,HMCG:239,Satellite,10.53413,0.0714113894018661,0.00562866558972791,0.0072891546214797626,Starforming,Spiral,Control4C
1237661873482956896,CG4,HMCG:239,Satellite,9.939357,-0.1549517826247632,-0.08579972917748865,-0.07747737400971141,Starforming,Spiral,Control4C
1237661873482891322,CG4,HMCG:239,Satellite,9.557428,-0.6553778665466884,-0.4995784626919304,-0.5017174441807749,Starforming,Uncertain,Control4C
1237661418747461854,CG4,HMCG:259,Satellite,10.18736,-0.1983087080057814,-0.18542052256305014,-0.176477937000322,Quenched,Elliptical,Control4C
1237661418747527234,CG4,HMCG:259,Satellite,9.993683,-0.00036000557862243517,0.056467233680054005,0.06534118623901003,Starforming,Spiral,Control4C
1237661418747461776,CG4,HMCG:259,Satellite,9.836478,-0.09708903351335806,-0.004597058869810169,0.002041685799232043,Starforming,Spiral,Control4C
1237667783918092311,CG4,HMCG:265,Satellite,10.70653,0.25779277210434204,0.15289805834053666,0.14740166354793058,Quenched,Elliptical,Control4C
1237667783918092359,CG4,HMCG:265,Satellite,10.07185,-0.16328380351680608,-0.12419013107107565,-0.1149317217341333,Starforming,Elliptical,Control4C
1237667783918092392,CG4,HMCG:265,Satellite,9.538691,-0.055778624700305444,0.10427159908324823,0.10132276857565567,Starforming,Spiral,Control4C
1237655368756625588,CG4,HMCG:271,Satellite,10.46189,-0.1983087080057814,-0.24770250981033043,-0.24374139169748185,Quenched,Elliptical,Control4C
1237655463774126344,CG4,HMCG:271,Satellite,10.56311,0.09756027280667182,0.025202923305442382,0.025824582728709827,Quenched,Elliptical,Control4C
1237655463774126308,CG4,HMCG:271,Satellite,9.29801,-0.27817389220561206,-0.06352092565200532,-0.07933946164035507,Starforming,Spiral,Control4C
1237651273515794443,CG4,HMCG:276,Satellite,10.58702,0.0383308008134032,-0.03945095518286327,-0.039736350861759175,Quenched,NoGZ,Control4C
1237651273515794622,CG4,HMCG:276,Satellite,10.54362,0.20887785021412927,0.14094215201312002,0.1422697665506869,Starforming,NoGZ,Control4C
1237661418750476312,CG4,HMCG:293,Satellite,10.37387,0.09756027280667182,0.0681353651758219,0.07434229840254582,Quenched,Elliptical,Control4C
1237661418750476514,CG4,HMCG:293,Satellite,10.17349,0.09756027280667182,0.11359511312544511,0.12263132355552059,Quenched,Spiral,Control4C
1237661418750476491,CG4,HMCG:293,Satellite,10.06265,-0.1983087080057814,-0.1571278528016094,-0.14788962252986726,Quenched,Elliptical,Control4C
1237665567146115211,CG4,HMCG:303,Satellite,10.97938,0.15171420698334523,-0.015081356306633598,-0.03670481700714015,Quenched,Spiral,Control4C
1237665567146115095,CG4,HMCG:303,Satellite,10.6238,0.09756027280667182,0.011434323130461915,0.009665435268361486,Quenched,Elliptical,Control4C
1237667912217919745,CG4,HMCG:303,Satellite,9.44488,-0.23640805378214774,-0.055075145025532346,-0.062495844070021844,Starforming,Spiral,Control4C
1237648704057573499,CG4,HMCG:309,Satellite,10.94819,0.2365435592168414,0.07682399921336203,0.05734187092606749,Quenched,Elliptical,Control4C
1237648704057573747,CG4,HMCG:309,Satellite,10.1377,-0.03966200463502764,-0.015507569650534486,-0.006299996578217809,Starforming,Elliptical,Control4C
1237648704057573731,CG4,HMCG:309,Satellite,9.65169,-0.16328380351680608,-0.02886940196381163,-0.0273550621344536,Starforming,Spiral,Control4C
1237655468597182863,CG4,HMCG:315,Satellite,10.81956,0.17548977917257252,0.044952210279783134,0.03348883009193901,Quenched,Spiral,Control4C
1237655468597182871,CG4,HMCG:315,Satellite,10.15596,0.07385466443403327,0.09386649537840214,0.10299928722129874,Quenched,Spiral,Control4C
1237651735776461018,CG4,HMCG:315,Satellite,10.10781,-0.00036000557862243517,0.03057550469389463,0.03984862215660308,Starforming,Spiral,Control4C
1237667733988573355,CG4,HMCG:316,Satellite,10.73503,0.09524713375865783,-0.01611330920249371,-0.023019063579415883,Quenched,Elliptical,Control4C
1237667733988573424,CG4,HMCG:316,Satellite,9.97814,-0.11931785883562805,-0.05896441505364072,-0.05022445985850127,Starforming,Spiral,Control4C
1237667733988638844,CG4,HMCG:316,Satellite,10.19986,0.005382592656735859,0.015434931960280292,0.024280116237562547,Quenched,Elliptical,Control4C
1237659131675148382,CG4,HMCG:322,Satellite,10.49287,0.09524713375865783,0.038824970882747896,0.04184997381125273,Quenched,Elliptical,Control4C
1237659131675148445,CG4,HMCG:322,Satellite,9.665421,-0.3494804335956705,-0.21818115230965016,-0.21619322928835868,Starforming,Spiral,Control4C
1237659131675148384,CG4,HMCG:322,Satellite,9.720794,-0.003260164289578826,0.11547677233522556,0.11922332156159504,Quenched,Elliptical,Control4C
1237661950272471191,CG4,HMCG:323,Satellite,10.85098,0.21946008747208545,0.08179433572383552,0.06849292709053209,Quenched,Elliptical,Control4C
1237661950272471287,CG4,HMCG:323,Satellite,10.123,0.056455848346987726,0.08394523839116505,0.09319386916864256,Quenched,NoGZ,Control4C
1237661950272471275,CG4,HMCG:323,Satellite,10.00999,0.13510815202267923,0.18823585984201804,0.19722987459021554,Starforming,Spiral,Control4C
1237662198284157251,CG4,HMCG:330,Satellite,10.21111,-0.16328380351680608,-0.15578372573853003,-0.147036759737889,Starforming,Elliptical,Control4C
1237662198284157166,CG4,HMCG:330,Satellite,10.05386,-0.28368883398995764,-0.24051381178070946,-0.23130110940956022,Starforming,Spiral,Control4C
1237662264859689260,CG4,HMCG:330,Satellite,9.846138,-0.16328380351680608,-0.07298337076962194,-0.06615096020356385,Quenched,Elliptical,Control4C
1237665549969588377,CG4,HMCG:333,Satellite,11.00099,0.12003830018504674,-0.05165987391035831,-0.07481204089593507,Quenched,Elliptical,Control4C
1237665549969653903,CG4,HMCG:333,Satellite,10.71608,0.20887785021412927,0.10181654999998527,0.09585504670892336,Quenched,Elliptical,Control4C
1237659163880914976,CG4,HMCG:337,Satellite,10.84051,0.12003830018504674,-0.015252146837020225,-0.02793240749257722,Quenched,Elliptical,Control4C
1237659163880915172,CG4,HMCG:337,Satellite,10.41213,0.1455612218657134,0.10745635637204014,0.11276231599237499,Quenched,Elliptical,Control4C
1237659163880915192,CG4,HMCG:337,Satellite,9.389134,-0.3305265412590219,-0.13654666619239728,-0.1469541363948373,Starforming,Spiral,Control4C
1237662238560682220,CG4,HMCG:341,Satellite,10.46116,0.09986115685840526,0.05063296846838494,0.05461523017882339,Quenched,Elliptical,Control4C
1237662238560682390,CG4,HMCG:341,Satellite,10.38773,0.0383308008134032,0.005761506983422919,0.011655417438760727,Quenched,Spiral,Control4C
1237662697036251461,CG4,HMCG:354,Satellite,10.38694,-0.26203736643140163,-0.29442743478538524,-0.28851527451023734,Quenched,Elliptical,Control4C
1237662697036251506,CG4,HMCG:354,Satellite,10.0752,-0.2949332821142268,-0.25659961643379875,-0.24733552046947074,Quenched,Spiral,Control4C
1237662697036251443,CG4,HMCG:354,Satellite,9.942271,-0.26203736643140163,-0.1935464054360945,-0.18518854358054193,Quenched,Elliptical,Control4C
1237662306199666875,CG4,HMCG:360,Satellite,10.61419,0.12003830018504674,0.03609254902064346,0.03472158963727985,Quenched,Elliptical,Control4C
1237662306199666769,CG4,HMCG:360,Satellite,10.17981,-0.059074962477950764,-0.04447392596715053,-0.03547849125989488,Quenched,Elliptical,Control4C
1237662306199667123,CG4,HMCG:360,Satellite,9.700494,-0.04283781747327553,0.08050453328156829,0.08363449378894389,Quenched,Elliptical,Control4C
1237665534931894452,CG4,HMCG:368,Satellite,10.4544,0.09986115685840526,0.05216659406045723,0.05634265068858351,Quenched,Elliptical,Control4C
1237665534931894732,CG4,HMCG:368,Satellite,9.559221,0.03567863566659506,0.19107126575114786,0.189008326706473,Starforming,Spiral,Control4C
1237665534931894453,CG4,HMCG:368,Satellite,9.0988,-0.07939644884409477,0.18045083046050683,0.15051766216309906,Starforming,Uncertain,Control4C
1237665535468765571,CG4,HMCG:369,Satellite,10.33094,0.1943547474969782,0.1746692698465521,0.18174943050576559,NosSFR,Elliptical,Control4C
1237665535468765464,CG4,HMCG:369,Satellite,10.13071,0.09524713375865783,0.12098737390418436,0.1302165997519863,NosSFR,Elliptical,Control4C
1237665535468765536,CG4,HMCG:369,Satellite,10.02802,0.0383308008134032,0.08736808416157882,0.09647038514518233,NosSFR,Elliptical,Control4C
1237662504832270396,CG4,HMCG:373,Satellite,10.72501,0.24319337424724807,0.134106145551269,0.12770320875971702,Quenched,Uncertain,Control4C
1237662300835807413,CG4,HMCG:373,Satellite,9.997313,-0.1983087080057814,-0.1423049984659247,-0.1334025013635318,Starforming,Elliptical,Control4C
1237662300835807439,CG4,HMCG:373,Satellite,10.15571,0.12003830018504674,0.14010684805219964,0.14924084163739337,Quenched,Elliptical,Control4C
1237668272452862530,CG4,HMCG:374,Satellite,11.02459,0.17741355266189243,0.00036130105570233995,-0.02450250378004909,Quenched,Elliptical,Control4C
1237668272452862219,CG4,HMCG:374,Satellite,10.51,0.09756027280667182,0.03725186638162008,0.03972669341202207,Quenched,Elliptical,Control4C
1237668272452862569,CG4,HMCG:374,Satellite,10.27495,0.12439759440607599,0.11741443878229611,0.12541463819638207,Starforming,Spiral,Control4C
1237662225165451914,CG4,HMCG:386,Satellite,9.771627,-0.1549517826247632,-0.04774721134342233,-0.04259954098029062,Starforming,Spiral,Control4C
1237662225165517232,CG4,HMCG:386,Satellite,9.334122,-0.1117810674162761,0.09467925307506476,0.0810835905886594,Starforming,Spiral,Control4C
1237662225165517146,CG4,HMCG:386,Satellite,9.904181,0.08586937063632526,0.16300172198696306,0.1708425221089157,Starforming,Elliptical,Control4C
1237659329780121629,CG4,HMCG:393,Satellite,10.79478,0.03567863566659506,-0.08923715183987009,-0.09930596067188664,Starforming,Spiral,Control4C
1237659324957327415,CG4,HMCG:393,Satellite,10.94994,0.210659559924703,0.05054298146173758,0.030942743539974532,Quenched,Elliptical,Control4C
1237659324957262004,CG4,HMCG:393,Satellite,10.42246,0.1393198083248698,0.09887139958177246,0.10391426858065692,Quenched,Elliptical,Control4C
1237655473969299673,CG4,HMCG:394,Satellite,10.59221,-0.1983087080057814,-0.27726790731903805,-0.2777561594594656,Quenched,Elliptical,Control4C
1237655473969299957,CG4,HMCG:394,Satellite,10.10081,0.030325216163527402,0.0628488002739895,0.0721270645202714,Quenched,Elliptical,Control4C
1237655375185117425,CG4,HMCG:394,Satellite,9.950853,-0.1983087080057814,-0.1317647255357946,-0.12330619139895245,Starforming,Uncertain,Control4C
1237662302452974056,CG4,HMCG:405,Satellite,10.18556,-0.07594282963262874,-0.06264628234585472,-0.05369068803759981,Starforming,Spiral,Control4C
1237662302452974098,CG4,HMCG:405,Satellite,9.70164,-0.35598675464406754,-0.23290439426326406,-0.22973875804028387,Starforming,Spiral,Control4C
1237662302453039694,CG4,HMCG:405,Satellite,10.16291,0.16966679416987027,0.18810189466085123,0.1971993008860517,Quenched,Spiral,Control4C
1237667444048723989,Control4C,Lim:1,Satellite,10.10531,-0.1387524855065975,-0.10724980600624275,-0.09797440589623893,Quenched,Uncertain,Control4C
1237667324334571728,Control4C,Lim:1,Satellite,10.77007,0.24319337424724807,0.1238834873887275,0.11515699127047041,Quenched,NoGZ,Control4C
1237667324334637085,Control4C,Lim:1,Satellite,10.56681,0.09756027280667182,0.024363512848242966,0.02484776283567705,Quenched,NoGZ,Control4C
1237665531723317440,Control4C,Lim:3,Satellite,10.36998,0.09756027280667182,0.06901788049433694,0.07530993966882098,Quenched,Elliptical,Control4C
1237665549437632547,Control4C,Lim:3,Satellite,10.85425,0.18878060169439917,0.05037299259613778,0.03687581118941552,Quenched,Spiral,Control4C
1237665531723317728,Control4C,Lim:3,Satellite,10.55924,0.0714113894018661,-6.798213467124059e-05,0.000696242590546195,Quenched,Elliptical,Control4C
1237668293912690764,Control4C,Lim:5,Satellite,10.65805,0.210659559924703,0.11676339182712074,0.11351693335844734,Quenched,Elliptical,Control4C
1237667915953537163,Control4C,Lim:5,Satellite,10.42409,0.19985798101343002,0.1590397779337826,0.1640403628382126,Quenched,Elliptical,Control4C
1237665535465619617,Control4C,Lim:6,Satellite,10.67853,0.12003830018504674,0.02149588177302031,0.017321612931121055,Quenched,Elliptical,Control4C
1237665535465619750,Control4C,Lim:6,Satellite,10.51975,-0.009119148331831268,-0.07163951474544894,-0.0694881904297064,Quenched,Elliptical,Control4C
1237654879665586216,Control4C,Lim:13,Satellite,11.09042,0.16376467280347848,-0.028222278910125964,-0.05809315226267464,Quenched,Elliptical,Control4C
1237651821637533715,Control4C,Lim:13,Satellite,10.72383,0.210659559924703,0.10184003510426312,0.09549579016874073,Quenched,Elliptical,Control4C
1237654879665586208,Control4C,Lim:13,Satellite,10.31337,0.09986115685840526,0.08416174454122019,0.09155729109085964,Quenched,Uncertain,Control4C
1237667254009200667,Control4C,Lim:27,Satellite,10.79766,0.20167700383058246,0.07610783737364837,0.06587943971180837,Starforming,Elliptical,Control4C
1237667254009200743,Control4C,Lim:27,Satellite,10.00818,-0.07939644884409477,-0.025858110503801518,-0.016876385313087494,Quenched,Elliptical,Control4C
1237667254009200956,Control4C,Lim:27,Satellite,10.09159,0.09524713375865783,0.12986243798138403,0.1391415723164539,Quenched,Spiral,Control4C
1237662237485629618,Control4C,Lim:32,Satellite,10.93999,0.09986115685840526,-0.05799808807776734,-0.076930012149843,Quenched,Elliptical,Control4C
1237662237485564390,Control4C,Lim:32,Satellite,10.48343,0.09756027280667182,0.04327974093507582,0.04659802434641407,Quenched,Elliptical,Control4C
1237662237485629623,Control4C,Lim:32,Satellite,10.30766,-0.17608941330805536,-0.1904934111088597,-0.18300062091874178,Quenched,Elliptical,Control4C
1237667915955568663,Control4C,Lim:33,Satellite,11.15814,0.2855971362609545,0.07824670450369078,0.04286766111263901,Quenched,Elliptical,Control4C
1237667915955568665,Control4C,Lim:33,Satellite,10.56122,0.17741355266189243,0.10548498309690796,0.10617641529698901,Quenched,Spiral,Control4C
1237667915955568664,Control4C,Lim:33,Satellite,9.977231,-0.059074962477950764,0.001484704035278249,0.010216231776380126,Quenched,Elliptical,Control4C
1237658612519141394,Control4C,Lim:37,Satellite,9.655659,-0.0899253200661028,0.043588643620777065,0.0452414054581733,Quenched,Uncertain,Control4C
1237658612519141391,Control4C,Lim:37,Satellite,10.32373,0.0714113894018661,0.05336162780452318,0.0605741611399568,Quenched,Elliptical,Control4C
1237658612519141393,Control4C,Lim:37,Satellite,10.32656,0.0714113894018661,0.052719592238610974,0.05988065768903926,Quenched,Elliptical,Control4C
1237663789031948360,Control4C,Lim:39,Satellite,11.00035,0.21946008747208545,0.04790710869900691,0.024800746037278498,Quenched,Elliptical,Control4C
1237663918416199874,Control4C,Lim:39,Satellite,10.43363,0.0383308008134032,-0.004651720039672,9.717570424035149e-05,Quenched,Spiral,Control4C
1237663789031948495,Control4C,Lim:39,Satellite,10.30883,0.12003830018504674,0.10536886718561449,0.11284194167614527,Quenched,Elliptical,Control4C
1237662266464338197,Control4C,Lim:40,Satellite,10.33237,0.0383308008134032,0.018320902364654293,0.0253743206247604,Quenched,Elliptical,Control4C
1237667292659384425,Control4C,Lim:46,Satellite,10.95581,0.27037041250145794,0.10892212069153034,0.08892394196088521,Quenched,Elliptical,Control4C
1237667429563039946,Control4C,Lim:46,Satellite,10.77347,0.20167700383058246,0.08159576682220321,0.07268743649391865,Quenched,Elliptical,Control4C
1237667292659384413,Control4C,Lim:46,Satellite,10.74403,0.09986115685840526,-0.01354109532296098,-0.02090524593039128,Quenched,Elliptical,Control4C
1237655743485575194,Control4C,Lim:50,Satellite,10.6796,0.17548977917257252,0.07670461233103161,0.07248095793331374,Quenched,Elliptical,Control4C
1237655743485575567,Control4C,Lim:50,Satellite,10.70261,0.12003830018504674,0.016032907770490587,0.010725340293464447,Quenched,Elliptical,Control4C
1237665534931894707,Control4C,Lim:51,Satellite,10.71151,0.05898447772959352,-0.0470400371360639,-0.052778070943895125,Starforming,Uncertain,Control4C
1237665534931894706,Control4C,Lim:51,Satellite,10.07825,0.19985798101343002,0.23749970023589645,0.24676820230262755,Quenched,Uncertain,Control4C
1237665534931894614,Control4C,Lim:51,Satellite,10.03511,-0.1983087080057814,-0.1508799165877526,-0.14174207095246413,Quenched,Elliptical,Control4C
1237665428645740687,Control4C,Lim:61,Satellite,11.13935,0.210659559924703,0.007571972083864953,-0.02624241404926783,Quenched,Elliptical,Control4C
1237665428645806454,Control4C,Lim:61,Satellite,10.25857,0.005382592656735859,0.002115529813746561,0.010338050256943156,Quenched,Elliptical,Control4C
1237665428645740683,Control4C,Lim:61,Satellite,10.13674,0.24319337424724807,0.267565602215231,0.2767763777865106,Quenched,Uncertain,Control4C
1237661418212294942,Control4C,Lim:70,Satellite,10.82749,0.15778123442292644,0.025444604739436855,0.013524690169925024,Quenched,Uncertain,Control4C
1237661418212294689,Control4C,Lim:70,Satellite,10.32451,0.210659559924703,0.19243284152827467,0.19963125254863248,Quenched,Elliptical,Control4C
1237661418212294806,Control4C,Lim:70,Satellite,10.35795,0.18502454598632273,0.15921137199834123,0.16575911974724625,Quenched,Elliptical,Control4C
1237667537465704588,Control4C,Lim:71,Satellite,11.26259,0.09524713375865783,-0.1357996283376523,-0.1803849161469101,Quenched,Spiral,Control4C
1237667537465704789,Control4C,Lim:71,Satellite,10.2658,0.12439759440607599,0.11949027815618098,0.12761728178712275,Starforming,Spiral,Control4C
1237667537465704591,Control4C,Lim:71,Satellite,10.35007,0.0383308008134032,0.014305344231565209,0.021014376362161108,Quenched,Spiral,Control4C
1237667293189570761,Control4C,Lim:78,Satellite,10.29916,-0.1231358190374761,-0.13561144146363335,-0.12797866524963358,Starforming,Spiral,Control4C
1237667293189505241,Control4C,Lim:78,Satellite,10.38578,0.09756027280667182,0.06543337097440448,0.07137223907711882,Quenched,Spiral,Control4C
1237667293189505124,Control4C,Lim:78,Satellite,10.13903,0.05135398835050857,0.07520668930579237,0.0844097052408899,Quenched,Spiral,Control4C
1237662264323539208,Control4C,Lim:79,Satellite,10.80895,0.17548977917257252,0.047359276482725005,0.03649894733642564,Quenched,NoGZ,Control4C
1237662303519834621,Control4C,Lim:85,Satellite,10.16176,-0.1983087080057814,-0.17961270966999504,-0.17050918472542267,Quenched,Elliptical,Control4C
1237662262169108543,Control4C,Lim:94,Satellite,10.90813,0.27037041250145794,0.11973917220484512,0.10289456314459683,Quenched,Elliptical,Control4C
1237662262169174037,Control4C,Lim:94,Satellite,10.66302,0.24319337424724807,0.14816967372472503,0.14470110392163235,Quenched,Elliptical,Control4C
1237662236405530754,Control4C,Lim:94,Satellite,10.29197,0.0714113894018661,0.06056694567496952,0.06831367620098937,Quenched,Elliptical,Control4C
1237664289935261842,Control4C,Lim:95,Satellite,10.58066,0.15374598130109055,0.0774071038204426,0.07736739277598924,Starforming,Spiral,Control4C
1237662529523744971,Control4C,Lim:95,Satellite,10.1766,0.2497426581440827,0.265071939943426,0.2740884795573531,Starforming,Spiral,Control4C
1237664289935196255,Control4C,Lim:95,Satellite,9.749861,-0.059074962477950764,0.05306761096863392,0.05764033846209358,Starforming,Spiral,Control4C
1237662337335033958,Control4C,Lim:96,Satellite,11.07628,0.0383308008134032,-0.15044824174755306,-0.17921473917763672,Quenched,Uncertain,Control4C
1237661465457524828,Control4C,Lim:96,Satellite,10.74545,0.0383308008134032,-0.07539360348937457,-0.08283066347115384,Quenched,Elliptical,Control4C
1237661465457590733,Control4C,Lim:96,Satellite,10.37836,0.1393198083248698,0.1088762647608238,0.11498345538611812,Quenched,Elliptical,Control4C
1237665016314593292,Control4C,Lim:99,Satellite,11.14927,0.09756027280667182,-0.10777784253022485,-0.14241479775323782,Quenched,NoGZ,Control4C
1237665016314593480,Control4C,Lim:99,Satellite,10.52246,0.15778123442292644,0.09464605656633293,0.09670612953046878,Quenched,NoGZ,Control4C
1237665016314593453,Control4C,Lim:99,Satellite,10.21694,0.0383308008134032,0.044508239952362534,0.053200372594004765,Quenched,NoGZ,Control4C
1237661949737435262,Control4C,Lim:100,Satellite,10.64009,0.09756027280667182,0.007738648441873108,0.005278557771311601,Quenched,Elliptical,Control4C
1237661949737435261,Control4C,Lim:100,Satellite,10.84218,0.1617793388380763,0.026110022771813762,0.013331267606130515,Quenched,Elliptical,Control4C
1237653587406684481,Control4C,Lim:102,Satellite,10.4023,-0.00036000557862243517,-0.036234761668439266,-0.030686275934896395,Starforming,Elliptical,Control4C
1237653587406684570,Control4C,Lim:102,Satellite,10.42575,0.10442667462051756,0.06323187117358586,0.06818917795770936,Quenched,Spiral,Control4C
1237654654172070143,Control4C,Lim:102,Satellite,10.45582,-0.059074962477950764,-0.10709167739731032,-0.1029560295572543,Starforming,Spiral,Control4C
1237664836462248240,Control4C,Lim:106,Satellite,10.9556,0.3003078152646575,0.13890716566986805,0.11892327028650024,Quenched,Uncertain,Control4C
1237664836462182453,Control4C,Lim:106,Satellite,10.77991,0.210659559924703,0.08911729498541472,0.07986204540972577,Quenched,Spiral,Control4C
1237664836462248406,Control4C,Lim:106,Satellite,10.2449,0.09986115685840526,0.09969537535323111,0.1080872038861517,Quenched,Uncertain,Control4C
1237661139033784476,Control4C,Lim:112,Satellite,10.8829,0.15171420698334523,0.006806838534067522,-0.008441733805557822,Quenched,Spiral,Control4C
1237661139033718922,Control4C,Lim:112,Satellite,10.25096,-0.14274598525968069,-0.14428658497313263,-0.13596798965833634,Starforming,Spiral,Control4C
1237661139033718842,Control4C,Lim:112,Satellite,10.23854,0.17548977917257252,0.1767668761830165,0.1852324422384644,Quenched,Elliptical,Control4C
1237667782281134188,Control4C,Lim:120,Satellite,10.30175,-0.05250706908668513,-0.06557027883288183,-0.05797955237715851,Quenched,Spiral,Control4C
1237661386003382586,Control4C,Lim:125,Satellite,10.58334,0.27037041250145794,0.19342352960856835,0.19328068076006155,Quenched,Elliptical,Control4C
1237661386003317042,Control4C,Lim:125,Satellite,10.20257,0.03301017461500066,0.04244770247556925,0.05127014150397073,Starforming,Spiral,Control4C
1237661386003382392,Control4C,Lim:125,Satellite,9.722244,-0.17608941330805536,-0.0576814348353967,-0.053892089668225035,Starforming,Spiral,Control4C
1237658300056666563,Control4C,Lim:129,Satellite,10.33882,-0.059074962477950764,-0.08054815753452038,-0.07361736882336281,Quenched,Elliptical,Control4C
1237658300056601430,Control4C,Lim:129,Satellite,10.0274,-0.055778624700305444,-0.006600683383626245,0.0024983204475691537,Starforming,Spiral,Control4C
1237658300056666431,Control4C,Lim:129,Satellite,10.24264,0.09756027280667182,0.09790721228346261,0.10632560926201366,Quenched,Elliptical,Control4C
1237665025436811331,Control4C,Lim:131,Satellite,10.26061,-0.07939644884409477,-0.08312632177699919,-0.07493033379806255,Starforming,Spiral,Control4C
1237665128538833047,Control4C,Lim:131,Satellite,10.40073,0.04358703111597816,0.008068457301243441,0.01365497094493803,Quenched,NoGZ,Control4C
1237665025436811410,Control4C,Lim:131,Satellite,10.16609,-0.0691168562521512,-0.0514031950189795,-0.04232325243990459,Starforming,Spiral,Control4C
1237661070326890555,Control4C,Lim:143,Satellite,10.76078,0.210659559924703,0.0934572739168262,0.0852229549603187,Quenched,Elliptical,Control4C
1237664132091871251,Control4C,Lim:143,Satellite,10.68836,0.1455612218657134,0.044788694049830546,0.04015732184828828,Quenched,Elliptical,Control4C
1237661070326890677,Control4C,Lim:143,Satellite,10.6484,0.11341619989012074,0.02170930501199056,0.018888534518128247,Starforming,Spiral,Control4C
1237661361833574526,Control4C,Lim:146,Satellite,10.46379,-0.16751050324578506,-0.2173353536634903,-0.2134294642736394,Starforming,Spiral,Control4C
1237661434849132772,Control4C,Lim:146,Satellite,10.3408,0.09756027280667182,0.07563787972165506,0.08253036450208634,Quenched,Elliptical,Control4C
1237661434849198303,Control4C,Lim:146,Satellite,9.901207,-0.10437295273032035,-0.026565896866247163,-0.018770293392304876,Starforming,Spiral,Control4C
1237662695961788698,Control4C,Lim:152,Satellite,10.4814,0.09756027280667182,0.04374028234807968,0.04712071348837609,Starforming,Spiral,Control4C
1237665129099559164,Control4C,Lim:152,Satellite,10.16135,-0.1983087080057814,-0.17951969391663,-0.17041401278747845,Quenched,Elliptical,Control4C
1237667321647923349,Control4C,Lim:153,Satellite,10.18,0.04619148126786086,0.06074941291734546,0.06974357289974827,Starforming,Spiral,Control4C
1237667442972688529,Control4C,Lim:153,Satellite,10.60498,0.0714113894018661,-0.01044491032718392,-0.01144135303844522,Quenched,Spiral,Control4C
1237667322184794216,Control4C,Lim:153,Satellite,10.26661,0.27037041250145794,0.2652793334217437,0.27339537868090513,Quenched,Elliptical,Control4C
1237664093439983708,Control4C,Lim:154,Satellite,11.16746,0.25619464247177454,0.04672980383313283,0.010564325552512965,Quenched,Spiral,Control4C
1237664668428599470,Control4C,Lim:154,Satellite,10.01048,-0.16328380351680608,-0.1102672608661232,-0.10126996364070573,Starforming,Spiral,Control4C
1237665567691374897,Control4C,Lim:157,Satellite,10.61432,0.09986115685840526,0.01588591289415474,0.014509619197896645,Starforming,Spiral,Control4C
1237665567691309503,Control4C,Lim:157,Satellite,10.43824,-0.07594282963262874,-0.119971210541836,-0.11534651560512446,Starforming,Spiral,Control4C
1237665567691374851,Control4C,Lim:157,Satellite,10.56892,0.09524713375865783,0.02157168297193421,0.021977088061366515,Starforming,Spiral,Control4C
1237661381704548428,Control4C,Lim:174,Satellite,10.55274,0.12439759440607599,0.054392862861916066,0.05539387504449621,Starforming,Spiral,Control4C
1237661381704548426,Control4C,Lim:174,Satellite,10.44333,0.1393198083248698,0.0941366708677858,0.09862228219873401,Quenched,Elliptical,Control4C
1237661381704548427,Control4C,Lim:174,Satellite,10.25158,-0.1231358190374761,-0.12481707671943203,-0.11650613755511204,Starforming,Spiral,Control4C
1237661463842455568,Control4C,Lim:180,Satellite,10.74369,0.08586937063632526,-0.027455746530055197,-0.034802463607342626,Quenched,Spiral,Control4C
1237662336256835778,Control4C,Lim:180,Satellite,10.48937,-0.10437295273032035,-0.16000107868725777,-0.15686651683655733,Quenched,Spiral,Control4C
1237661463842390293,Control4C,Lim:180,Satellite,10.54508,-0.003260164289578826,-0.07152708931964506,-0.07025131792149922,Quenched,Elliptical,Control4C
1237667782827638813,Control4C,Lim:189,Satellite,10.71754,0.210659559924703,0.10326703288150199,0.09723378885797526,Quenched,Elliptical,Control4C
1237667735575462006,Control4C,Lim:189,Satellite,10.7998,0.210659559924703,0.08460489660874035,0.07425749111049085,Quenched,Elliptical,Control4C
1237658800967188592,Control4C,Lim:191,Satellite,11.0379,0.0383308008134032,-0.14174105976179333,-0.16758961049075932,Quenched,Elliptical,Control4C
1237658800967254132,Control4C,Lim:191,Satellite,10.68996,-0.0691168562521512,-0.17025237237384996,-0.17495886853201809,Starforming,Spiral,Control4C
1237658800967254171,Control4C,Lim:191,Satellite,10.40467,0.0383308008134032,0.0019183682955967243,0.007409079884523096,Quenched,Elliptical,Control4C
1237665023836881029,Control4C,Lim:200,Satellite,10.67207,0.18313426568763896,0.08605741256034449,0.08217938122721567,Quenched,Elliptical,Control4C
1237665023836881158,Control4C,Lim:200,Satellite,10.51043,0.12003830018504674,0.05963234065280704,0.062093058732398204,Quenched,Elliptical,Control4C
1237665023836880982,Control4C,Lim:200,Satellite,10.533,0.2855971362609545,0.2200707729397988,0.2217704240710029,Quenched,Elliptical,Control4C
1237665427567673643,Control4C,Lim:202,Satellite,10.14837,0.0409668678813979,0.06270062460148121,0.07186770010178191,Quenched,Elliptical,Control4C
1237665427567673685,Control4C,Lim:202,Satellite,9.867218,0.0025206987823348363,0.08803876060039413,0.09526818408246332,Quenched,Elliptical,Control4C
1237668298739482674,Control4C,Lim:213,Satellite,10.94277,0.24319337424724807,0.0847034371297204,0.06558557576049004,Quenched,Elliptical,Control4C
1237668298739482675,Control4C,Lim:213,Satellite,10.84823,0.01941624484406951,-0.11762562075355915,-0.1307630427968804,Quenched,Spiral,Control4C
1237668298739548227,Control4C,Lim:213,Satellite,10.82279,0.09986115685840526,-0.031409194676750116,-0.04305792787649408,Quenched,Elliptical,Control4C
1237655348895416475,Control4C,Lim:214,Satellite,10.82224,0.18313426568763896,0.05198869138260753,0.040371578081964454,Quenched,Elliptical,Control4C
1237655348895416498,Control4C,Lim:214,Satellite,10.20067,0.09986115685840526,0.10972973333213007,0.11856818002300008,Quenched,Spiral,Control4C
1237655348895351215,Control4C,Lim:214,Satellite,10.19991,-0.009119148331831268,0.0009218475871564484,0.009766617465499911,Quenched,Elliptical,Control4C
1237667322179682330,Control4C,Lim:224,Satellite,11.00679,0.27037041250145794,0.09735640579746996,0.07378766127378192,Quenched,Spiral,Control4C
1237667322179616901,Control4C,Lim:224,Satellite,10.96804,0.15778123442292644,-0.006441649249581821,-0.02727767432650341,Quenched,Spiral,Control4C
1237667429571231828,Control4C,Lim:224,Satellite,10.73344,0.210659559924703,0.0996598365924561,0.09283440024212691,Quenched,Elliptical,Control4C
1237661850399473791,Control4C,Lim:226,Satellite,10.90483,0.04619148126786086,-0.10369109564800674,-0.12032408897310506,Quenched,Spiral,Control4C
1237661871870509192,Control4C,Lim:226,Satellite,10.41802,0.21243398995807833,0.17299287376361996,0.17814985664211894,Quenched,Elliptical,Control4C
1237661850399473802,Control4C,Lim:226,Satellite,9.836607,0.210659559924703,0.3031222686360942,0.3097636481067404,Quenched,Elliptical,Control4C
1237661064956280854,Control4C,Lim:227,Satellite,10.42155,0.1597848874207296,0.11954292827656493,0.12460931240499014,Quenched,Elliptical,Control4C
1237661064956215526,Control4C,Lim:227,Satellite,10.11074,0.08110344385726691,0.11137423179475872,0.12064404536243711,Quenched,Spiral,Control4C
1237661064956280858,Control4C,Lim:227,Satellite,9.848163,-0.11931785883562805,-0.02947683316299217,-0.022604759870711116,Quenched,Spiral,Control4C
1237651752929853497,Control4C,Lim:229,Satellite,10.9757,0.17741355266189243,0.011452862475290482,-0.00991394976414281,Quenched,Elliptical,Control4C
1237651752929788028,Control4C,Lim:229,Satellite,9.852804,-0.20752475187661884,-0.11873661915854056,-0.11177486715358408,Starforming,Uncertain,Control4C
1237651752929853592,Control4C,Lim:229,Satellite,10.04733,-0.00036000557862243517,0.044296462653736934,0.05348624784443183,Quenched,Elliptical,Control4C
1237661971730333720,Control4C,Lim:242,Satellite,11.11341,0.3003078152646575,0.10310517533186034,0.0714049866130411,Quenched,Elliptical,Control4C
1237671991875600389,Control4C,Lim:242,Satellite,10.54213,0.0383308008134032,-0.029266864527814858,-0.027886515255953946,Quenched,Spiral,Control4C
1237661971730333900,Control4C,Lim:242,Satellite,10.11683,0.09524713375865783,0.12413629745713765,0.13339707341786405,Quenched,Elliptical,Control4C
1237665428108935458,Control4C,Lim:243,Satellite,10.91553,0.18878060169439917,0.03647054048338752,0.01914827060625493,Quenched,Elliptical,Control4C
1237665428108935403,Control4C,Lim:243,Satellite,10.41888,0.17741355266189243,0.13777733025305813,0.14291233164234188,Quenched,Elliptical,Control4C
1237665440998031805,Control4C,Lim:243,Satellite,10.26012,0.18878060169439917,0.1851618939301507,0.19336428491233829,Quenched,Elliptical,Control4C
1237667447802429720,Control4C,Lim:244,Satellite,10.30935,0.24319337424724807,0.22840597004842567,0.23587024728263722,Quenched,Elliptical,Control4C
1237667447802429774,Control4C,Lim:244,Satellite,10.08111,0.0383308008134032,0.07532367843922363,0.08459564427385825,Quenched,Spiral,Control4C
1237667447802364057,Control4C,Lim:244,Satellite,9.72243,0.0025206987823348363,0.12088647986444255,0.12468130269446183,Quenched,Elliptical,Control4C
1237660342862872624,Control4C,Lim:260,Satellite,10.84296,0.3003078152646575,0.16446154239930996,0.15163670830225168,Quenched,Elliptical,Control4C
1237660342862938375,Control4C,Lim:260,Satellite,10.39114,0.0882328635448647,0.05488995088811408,0.06070452091352591,Starforming,Spiral,Control4C
1237660342862938125,Control4C,Lim:260,Satellite,9.850019,-0.0899253200661028,-0.0005053608282134109,0.006402780455967649,Quenched,Uncertain,Control4C
1237664671645171895,Control4C,Lim:273,Satellite,10.62962,-0.00036000557862243517,-0.08780632521723779,-0.08981975446785184,Quenched,Spiral,Control4C
1237664671645171915,Control4C,Lim:273,Satellite,10.42706,0.18878060169439917,0.14728860157208065,0.15221160141133772,Quenched,Spiral,Control4C
1237664671645237313,Control4C,Lim:273,Satellite,9.91104,-0.00036000557862243517,0.07521626027852059,0.08315863352859605,Quenched,Elliptical,Control4C
1237651822716518782,Control4C,Lim:286,Satellite,11.3475,0.3003078152646575,0.04999771751407783,-0.0027068515101383306,Quenched,Elliptical,Control4C
1237651822716518783,Control4C,Lim:286,Satellite,10.6023,0.210659559924703,0.12941126560789462,0.12852254371651453,Quenched,Elliptical,Control4C
1237654880207765798,Control4C,Lim:286,Satellite,10.69266,0.210659559924703,0.10891150103693967,0.10407777446733071,Quenched,Elliptical,Control4C
1237662198821748956,Control4C,Lim:288,Satellite,10.6406,-0.1983087080057814,-0.2882460348930586,-0.29072810396959975,Quenched,Elliptical,Control4C
1237661949200433494,Control4C,Lim:288,Satellite,10.6462,0.1455612218657134,0.054353435908080186,0.05162868337137971,Quenched,Elliptical,Control4C
1237662198821683697,Control4C,Lim:288,Satellite,10.45095,0.0383308008134032,-0.008581068450129431,-0.004307499402451502,Quenched,Elliptical,Control4C
1237663786883350690,Control4C,Lim:290,Satellite,10.49636,0.18878060169439917,0.1315666705764284,0.13448146370837744,Quenched,Uncertain,Control4C
1237663916267536476,Control4C,Lim:290,Satellite,10.26113,0.09756027280667182,0.09371242867437725,0.10190160087773913,Quenched,Elliptical,Control4C
1237663916267536572,Control4C,Lim:290,Satellite,10.15468,0.03301017461500066,0.053312396204022165,0.06245128887482354,Quenched,Elliptical,Control4C
1237662266463486072,Control4C,Lim:291,Satellite,10.87034,0.17741355266189243,0.03535564241326952,0.020882855079097873,Quenched,Elliptical,Control4C
1237662266463551701,Control4C,Lim:291,Satellite,9.941469,-0.00036000557862243517,0.06831290330497498,0.07666105982764884,Starforming,Spiral,Control4C
1237668331491819552,Control4C,Lim:292,Satellite,10.97164,0.210659559924703,0.04561995256410875,0.024535048887267347,Quenched,Elliptical,Control4C
1237668331491819554,Control4C,Lim:292,Satellite,10.51422,-0.10806121448408725,-0.16932700256572852,-0.16699127206981274,Quenched,Uncertain,Control4C
1237668331491819768,Control4C,Lim:292,Satellite,10.05564,-0.2892746251283065,-0.24650342740927855,-0.2372850625424826,Quenched,Elliptical,Control4C
1237662238014308394,Control4C,Lim:293,Satellite,10.65349,0.07628427083243272,-0.016577380593574206,-0.0196217678619168,Starforming,Spiral,Control4C
1237662238014439648,Control4C,Lim:293,Satellite,10.45781,0.09058356357502098,0.04211538195030262,0.046194132448609544,Starforming,Spiral,Control4C
1237661950276469020,Control4C,Lim:307,Satellite,10.60017,0.0383308008134032,-0.04243426532128788,-0.04323777809003513,Quenched,Elliptical,Control4C
1237662199360848014,Control4C,Lim:307,Satellite,9.293637,0.1287135660717291,0.3443586250386689,0.3282639138699711,Starforming,Spiral,Control4C
1237654879130157152,Control4C,Lim:308,Satellite,10.54772,0.09986115685840526,0.03099530112374284,0.03217690108475431,Quenched,NoGZ,Control4C
1237651821638975664,Control4C,Lim:308,Satellite,10.47545,0.12003830018504674,0.0675681724887077,0.07112888469504706,Quenched,NoGZ,Control4C
1237654879130157270,Control4C,Lim:308,Satellite,10.4129,0.1496728826525962,0.11139332903674878,0.11667996869225108,Quenched,NoGZ,Control4C
1237667911138672660,Control4C,Lim:312,Satellite,10.71048,0.09756027280667182,-0.008230568337116578,-0.013918463842939863,Quenched,Spiral,Control4C
1237667911138672823,Control4C,Lim:312,Satellite,10.51164,0.04619148126786086,-0.014488988170652237,-0.012068050430079046,Quenched,Elliptical,Control4C
1237667447275257905,Control4C,Lim:312,Satellite,10.11859,-0.2727281867109631,-0.2442383101488806,-0.23498069193988963,Starforming,Uncertain,Control4C
1237668294449758225,Control4C,Lim:313,Satellite,10.90092,0.24319337424724807,0.09419785000371844,0.07781447537427563,Quenched,Elliptical,Control4C
1237667916490604564,Control4C,Lim:313,Satellite,10.22468,-0.47603553047401376,-0.471614047264439,-0.4629988622748261,Starforming,Spiral,Control4C
1237661433772310697,Control4C,Lim:329,Satellite,10.1433,-0.07594282963262874,-0.053058853718491214,-0.043871413403952335,Starforming,Spiral,Control4C
1237661433772245175,Control4C,Lim:329,Satellite,10.44704,0.09756027280667182,0.05153545621547714,0.055918402277336035,Quenched,Spiral,Control4C
1237661357008355381,Control4C,Lim:329,Satellite,10.20301,-0.1983087080057814,-0.18897100192931243,-0.18015231062011836,Quenched,Elliptical,Control4C
1237665231058895034,Control4C,Lim:335,Satellite,10.78435,0.3003078152646575,0.17775825777672985,0.16826191913495048,Quenched,Uncertain,Control4C
1237665231058960779,Control4C,Lim:335,Satellite,10.31901,-0.26203736643140163,-0.27901631252658776,-0.27171934681163695,Starforming,Uncertain,Control4C
1237665231058895145,Control4C,Lim:335,Satellite,10.04999,-0.055778624700305444,-0.011725624526364782,-0.0025260972617096103,Quenched,Elliptical,Control4C
1237661069250789503,Control4C,Lim:336,Satellite,10.44552,0.1287135660717291,0.0830335883710594,0.08745872828104351,Quenched,Elliptical,Control4C
1237661069250789417,Control4C,Lim:336,Satellite,10.30373,0.16376467280347848,0.15025226502883463,0.15781048780877577,Quenched,Spiral,Control4C
1237659324412526747,Control4C,Lim:348,Satellite,10.84252,0.17548977917257252,0.03974332809132422,0.026944493148604948,Quenched,Elliptical,Control4C
1237661388684067032,Control4C,Lim:348,Satellite,9.992289,0.12439759440607599,0.18154108722619483,0.190403801330647,Quenched,Elliptical,Control4C
1237659324412461258,Control4C,Lim:348,Satellite,9.959712,0.11341619989012074,0.17795036148434312,0.186506712291302,Starforming,Spiral,Control4C
1237665442071970090,Control4C,Lim:350,Satellite,11.51988,0.27037041250145794,-0.019047137846965934,-0.08998748574400395,Quenched,Elliptical,Control4C
1237665442071969837,Control4C,Lim:350,Satellite,11.07163,-0.1983087080057814,-0.3860328158029601,-0.41443958675075987,Quenched,Spiral,Control4C
1237665442071970062,Control4C,Lim:350,Satellite,10.28344,0.1287135660717291,0.11980430375021339,0.12768092801769712,Quenched,Elliptical,Control4C
1237655348355203181,Control4C,Lim:351,Satellite,10.99695,0.3003078152646575,0.1295261866414376,0.10666261671294897,Quenched,Elliptical,Control4C
1237655464856780879,Control4C,Lim:351,Satellite,10.27319,0.024904982184311565,0.01832111369692941,0.026346217776710874,Quenched,Spiral,Control4C
1237655348355203169,Control4C,Lim:351,Satellite,10.21323,0.24319337424724807,0.2502124925203181,0.2589398298876823,Quenched,Elliptical,Control4C
1237653612646432836,Control4C,Lim:387,Satellite,10.07872,-0.16328380351680608,-0.12574871210917304,-0.11647959643798239,Starforming,Spiral,Control4C
1237654654179803317,Control4C,Lim:387,Satellite,10.26558,0.1393198083248698,0.13446240296702458,0.142592373992432,Quenched,Elliptical,Control4C
1237665567685738679,Control4C,Lim:402,Satellite,11.11708,-0.009119148331831268,-0.20715439269109365,-0.23915046942378415,Starforming,Elliptical,Control4C
1237665531180482789,Control4C,Lim:402,Satellite,10.40575,0.15374598130109055,0.11708853167685833,0.12255276858566547,Starforming,Spiral,Control4C
1237665567685738559,Control4C,Lim:402,Satellite,9.918439,-0.03650924669124571,0.0373884251191899,0.04543619989644311,Starforming,Spiral,Control4C
1237665531172946006,Control4C,Lim:403,Satellite,11.00358,0.03567863566659506,-0.13660712574884948,-0.15994498765326481,Quenched,Spiral,Control4C
1237665548887195946,Control4C,Lim:403,Satellite,10.297,0.008226176896798528,-0.0037594113165072187,0.003908028028371398,Quenched,Elliptical,Control4C
1237665548887261199,Control4C,Lim:403,Satellite,9.801862,0.09986115685840526,0.2002063834982808,0.20609058022972848,Quenched,Uncertain,Control4C
1237662198818930727,Control4C,Lim:407,Satellite,10.87656,0.18878060169439917,0.04531157440691705,0.030456158698230124,Starforming,Spiral,Control4C
1237661949197746205,Control4C,Lim:407,Satellite,10.71405,0.13085557337224013,0.024254814571099972,0.01839278044979864,Starforming,Spiral,Control4C
1237662198818865386,Control4C,Lim:407,Satellite,10.20439,-0.1983087080057814,-0.1892840793430785,-0.18047724148253305,Quenched,Elliptical,Control4C
1237655348355793107,Control4C,Lim:410,Satellite,10.22322,0.011050416782760416,0.01580312682139216,0.024433188762259295,Quenched,Elliptical,Control4C
1237655348355727570,Control4C,Lim:410,Satellite,9.84856,-0.3830331239219682,-0.2932821647227132,-0.28640235356959676,Starforming,Spiral,Control4C
1237658493355556919,Control4C,Lim:412,Satellite,10.59744,0.210659559924703,0.13051384258681029,0.12981901727277853,Quenched,Uncertain,Control4C
1237658493355622464,Control4C,Lim:412,Satellite,9.90114,0.01664564199347177,0.09446789799285091,0.10226247519998898,Quenched,Spiral,Control4C
1237651272424226960,Control4C,Lim:428,Satellite,11.05348,0.17161647695175766,-0.011989982251321502,-0.039009010377259484,Starforming,Elliptical,Control4C
1237651272424226940,Control4C,Lim:428,Satellite,10.82945,0.13298706779264383,0.00020577743452962483,-0.01182774131018871,Quenched,NoGZ,Control4C
1237665428633812997,Control4C,Lim:436,Satellite,10.33458,0.26097149630715105,0.2404602202609935,0.2474719915082919,Quenched,Spiral,Control4C
1237665428633747596,Control4C,Lim:436,Satellite,9.995032,-0.20289228400804113,-0.1463710892647056,-0.13748640724873173,Starforming,Spiral,Control4C
1237665428633747667,Control4C,Lim:436,Satellite,10.10135,0.04878040567641195,0.08118148123366098,0.09045948627610825,Starforming,Spiral,Control4C
1237671958588424370,Control4C,Lim:443,Satellite,10.41783,0.13510815202267923,0.09571014068953648,0.10087197206091034,Starforming,Spiral,Control4C
1237671992947638320,Control4C,Lim:443,Satellite,10.53755,0.12003830018504674,0.05347968886922695,0.05502103705421306,Quenched,Elliptical,Control4C
1237661948651438269,Control4C,Lim:443,Satellite,9.925576,-0.1231358190374761,-0.05085730193867073,-0.042711957035699355,Starforming,Spiral,Control4C
1237664667901624624,Control4C,Lim:444,Satellite,10.41143,0.21243398995807833,0.17448793184819955,0.17981141441505175,Quenched,Spiral,Control4C
1237664667901624645,Control4C,Lim:444,Satellite,10.05981,-0.059074962477950764,-0.017249803030955684,-0.008019153007355527,Starforming,Spiral,Control4C
1237664667901689961,Control4C,Lim:444,Satellite,9.998482,-0.3367530128963952,-0.28101451168747504,-0.27210304380490086,Quenched,Elliptical,Control4C
1237667442435752133,Control4C,Lim:446,Satellite,10.56872,0.09756027280667182,0.023930195558175077,0.024343089191249292,Quenched,Elliptical,Control4C
1237667442435752193,Control4C,Lim:446,Satellite,10.42864,0.0714113894018661,0.029560938327554617,0.03444237990509364,Starforming,Elliptical,Control4C
1237667442435751975,Control4C,Lim:446,Satellite,10.02308,-0.033379164418814146,0.016778845323568055,0.025854032229393968,Quenched,Elliptical,Control4C
1237662635828773071,Control4C,Lim:470,Satellite,10.2754,-0.00036000557862243517,-0.007445251663412807,0.0005485407857560012,Starforming,Spiral,Control4C
1237662528993951972,Control4C,Lim:470,Satellite,10.38517,0.210659559924703,0.178671047384028,0.18462391745906834,Quenched,Elliptical,Control4C
1237662528994017307,Control4C,Lim:470,Satellite,9.919233,-1.0233458920722236,-0.9496283532085493,-0.9415695246391069,Starforming,Spiral,Control4C
1237668272988487820,Control4C,Lim:477,Satellite,10.8435,-0.05250706908668513,-0.18847585050524573,-0.20133261356512128,Quenched,Elliptical,Control4C
1237668365314556218,Control4C,Lim:477,Satellite,10.30284,-0.16751050324578506,-0.1808209987753188,-0.17324812742665605,Quenched,Spiral,Control4C
1237668365314490759,Control4C,Lim:477,Satellite,9.720324,-0.11553311404874676,0.003310450390891048,0.007043092173899007,Starforming,Spiral,Control4C
1237665564998762503,Control4C,Lim:479,Satellite,11.01946,-0.00036000557862243517,-0.17624842592929033,-0.2007364233056808,Quenched,Spiral,Control4C
1237665564998697111,Control4C,Lim:479,Satellite,10.46103,-0.1983087080057814,-0.24750740359595408,-0.2435213810047593,Quenched,Spiral,Control4C
1237665564998697191,Control4C,Lim:479,Satellite,10.03018,-0.021079757759797816,0.027467491375526298,0.0365810419508603,Quenched,Elliptical,Control4C
1237651252053475743,Control4C,Lim:480,Satellite,9.865819,0.011050416782760416,0.09688586650071737,0.10409002964775904,Starforming,Spiral,Control4C
1237651252053475654,Control4C,Lim:480,Satellite,10.11808,-0.04603702487435677,-0.01743144578979578,-0.008172887361555123,Starforming,Elliptical,Control4C
1237651252053475670,Control4C,Lim:480,Satellite,10.04895,-0.17608941330805536,-0.1318004707353344,-0.12260468583198843,Starforming,Spiral,Control4C
1237665549974306948,Control4C,Lim:481,Satellite,10.53299,0.0383308008134032,-0.027193293830841257,-0.025493296582822504,Quenched,Uncertain,Control4C
1237665549974241648,Control4C,Lim:481,Satellite,10.18003,-0.07939644884409477,-0.06484532322534436,-0.05585136477606613,Quenched,Elliptical,Control4C
1237665549974241374,Control4C,Lim:481,Satellite,10.17294,0.1943547474969782,0.21051436504587545,0.21955397469993865,Starforming,Spiral,Control4C
1237665225702637605,Control4C,Lim:482,Satellite,10.15774,0.12439759440607599,0.14400560086022463,0.15312969352520694,Quenched,Elliptical,Control4C
1237665225702637606,Control4C,Lim:482,Satellite,10.07193,-0.0899253200661028,-0.05084979703566331,-0.04159124156231769,Quenched,Elliptical,Control4C
1237665101680672774,Control4C,Lim:483,Satellite,10.42584,0.19619691789081167,0.1549816963516778,0.159936650508544,Quenched,Elliptical,Control4C
1237665101680607541,Control4C,Lim:483,Satellite,10.16233,0.09524713375865783,0.11381381751049692,0.12291432276118719,Quenched,Elliptical,Control4C
1237665101680672773,Control4C,Lim:483,Satellite,10.31622,0.0882328635448647,0.0718868783079453,0.07923292425398196,Quenched,Elliptical,Control4C
1237662224070869216,Control4C,Lim:484,Satellite,10.59599,0.09756027280667182,0.017743513620924828,0.01710617659348493,Quenched,Elliptical,Control4C
1237662224070869225,Control4C,Lim:484,Satellite,10.21349,0.11118620289364924,0.11814633556702397,0.12687124119913268,Quenched,Elliptical,Control4C
1237662224070869196,Control4C,Lim:484,Satellite,9.335441,-0.21694068641837377,-0.010779604411639637,-0.02429602664469191,Starforming,Spiral,Control4C
1237651823246639324,Control4C,Lim:510,Satellite,10.90811,0.16376467280347848,0.013137969860688187,-0.0037053540879642133,Starforming,Spiral,Control4C
1237651823246639293,Control4C,Lim:510,Satellite,10.56001,0.03567863566659506,-0.035975423992116035,-0.035239470657762645,Quenched,Spiral,Control4C
1237651823246573749,Control4C,Lim:510,Satellite,10.3613,-0.07939644884409477,-0.10596962959737821,-0.09949193464046832,Quenched,Spiral,Control4C
1237662636367478910,Control4C,Lim:521,Satellite,11.20984,0.3003078152646575,0.08122832387571632,0.04140018809571383,Quenched,Elliptical,Control4C
1237662636367478869,Control4C,Lim:521,Satellite,10.87615,0.17355744610585364,0.03018143457173658,0.01535133446914308,Quenched,Elliptical,Control4C
1237662636367478914,Control4C,Lim:521,Satellite,10.00411,0.1393198083248698,0.19378149816808204,0.20273464324295748,Quenched,Elliptical,Control4C
1237665023838060759,Control4C,Lim:526,Satellite,10.41454,0.210659559924703,0.17200794329539423,0.1772532777675537,Quenched,Elliptical,Control4C
1237665023837995164,Control4C,Lim:526,Satellite,10.25369,0.005382592656735859,0.003222644146485161,0.011507300100796498,Quenched,Uncertain,Control4C
1237665023838060740,Control4C,Lim:526,Satellite,9.641654,-0.17608941330805536,-0.0393981676068306,-0.03823939478023122,Quenched,Spiral,Control4C
1237655744019234975,Control4C,Lim:555,Satellite,10.79248,0.09986115685840526,-0.024532834958449504,-0.03447466512405069,Quenched,Elliptical,Control4C
1237662267536244747,Control4C,Lim:555,Satellite,10.62236,-0.2892746251283065,-0.3750738853292823,-0.37678268118010105,Quenched,Spiral,Control4C
1237662267536179598,Control4C,Lim:555,Satellite,10.00722,-0.07594282963262874,-0.022186698308846106,-0.013211596406848339,Starforming,Spiral,Control4C
1237655106768207962,Control4C,Lim:567,Satellite,10.1913,-0.00036000557862243517,0.011634321161037065,0.02054753843702335,Quenched,Elliptical,Control4C
1237658310794477714,Control4C,Lim:567,Satellite,10.20231,0.0714113894018661,0.08090790286212957,0.08973254926069194,Quenched,Elliptical,Control4C
1237667735026729213,Control4C,Lim:568,Satellite,10.37492,0.09524713375865783,0.06558401505211636,0.07176776588904363,Quenched,Elliptical,Control4C
1237670449986535607,Control4C,Lim:568,Satellite,10.44201,-0.07594282963262874,-0.12082650173741466,-0.11630462494588599,Quenched,Elliptical,Control4C
1237662530070315251,Control4C,Lim:574,Satellite,10.59563,0.19250472977107758,0.11276964295413931,0.11214655313457504,Quenched,Spiral,Control4C
1237662637442269203,Control4C,Lim:574,Satellite,10.50301,0.12003830018504674,0.06131569892102837,0.06401782910799513,Quenched,Elliptical,Control4C
1237662530070446243,Control4C,Lim:574,Satellite,10.03846,-0.062396561398671085,-0.015727776745944638,-0.006574518281704481,Quenched,Uncertain,Control4C
1237654879668404260,Control4C,Lim:576,Satellite,10.54404,0.210659559924703,0.14262857729341705,0.1439412953100039,Quenched,Elliptical,Control4C
1237654879668338981,Control4C,Lim:576,Satellite,10.44147,0.210659559924703,0.16589839637312975,0.17043506934901584,Quenched,Elliptical,Control4C
1237654879668404386,Control4C,Lim:576,Satellite,10.37016,0.09986115685840526,0.07127792836166602,0.0775660749324111,Quenched,Elliptical,Control4C
1237659119877554442,Control4C,Lim:578,Satellite,11.02322,0.09986115685840526,-0.07688028601093004,-0.10164352547620185,Quenched,Elliptical,Control4C
1237659119877554191,Control4C,Lim:578,Satellite,10.56537,0.23148870508405484,0.15861863460086045,0.15915649144315447,Quenched,Elliptical,Control4C
1237659119877554253,Control4C,Lim:578,Satellite,10.1798,-0.009119148331831268,0.005484156855880228,0.01447965857489356,Quenched,Elliptical,Control4C
1237667323787214944,Control4C,Lim:581,Satellite,10.87214,0.2855971362609545,0.14313086416828885,0.12854766272329554,Quenched,Uncertain,Control4C
1237667323787215123,Control4C,Lim:581,Satellite,10.09592,-0.05250706908668513,-0.018874101966573166,-0.009594539636568478,Quenched,Uncertain,Control4C
1237667323787149512,Control4C,Lim:581,Satellite,10.09555,0.011050416782760416,0.044767324948592355,0.05404690859930371,Quenched,Spiral,Control4C
1237667783387185212,Control4C,Lim:583,Satellite,10.20469,0.07385466443403327,0.08281123278939582,0.09161547389921688,Quenched,Elliptical,Control4C
1237667783387185223,Control4C,Lim:583,Satellite,9.95531,0.09524713375865783,0.16077996692925606,0.16928848825714488,Quenched,Spiral,Control4C
1237651821097779258,Control4C,Lim:587,Satellite,10.72747,0.011050416782760416,-0.09859490643341087,-0.10512055462962176,Quenched,Elliptical,Control4C
1237651755098833051,Control4C,Lim:587,Satellite,11.2189,0.0383308008134032,-0.18280411185722065,-0.22343366530655343,Starforming,Spiral,Control4C
1237651755098767633,Control4C,Lim:587,Satellite,10.22732,-0.08287775240623109,-0.07905519990125293,-0.07046734337839068,Starforming,Spiral,Control4C
1237667324334637189,Control4C,Lim:590,Satellite,10.57749,0.24319337424724807,0.16757366734749812,0.16765521866138122,Quenched,NoGZ,Control4C
1237667444048724176,Control4C,Lim:590,Satellite,10.45981,0.2177141908488538,0.16879227384186576,0.17281352577615722,Quenched,Uncertain,Control4C
1237667444048789811,Control4C,Lim:590,Satellite,10.30405,0.08110344385726691,0.0675184384214598,0.07507137900123068,Quenched,Elliptical,Control4C
1237653614794309776,Control4C,Lim:609,Satellite,10.39386,0.0025206987823348363,-0.03143929399430288,-0.02568866898466084,Starforming,Spiral,Control4C
1237653614794178781,Control4C,Lim:609,Satellite,9.695634,-0.16328380351680608,-0.038838875783046206,-0.035861363518131434,Starforming,Spiral,Control4C
1237653614794244234,Control4C,Lim:609,Satellite,10.28007,-0.17608941330805536,-0.18423413151044618,-0.17630777386779056,Quenched,Elliptical,Control4C
1237668272987308094,Control4C,Lim:623,Satellite,10.90436,-0.009119148331831268,-0.15889509743286545,-0.17549802155856084,Quenched,Elliptical,Control4C
1237668365313376588,Control4C,Lim:623,Satellite,10.14494,0.005382592656735859,0.02789450555741204,0.03707558070002534,Quenched,Elliptical,Control4C
1237667910587056318,Control4C,Lim:624,Satellite,10.72231,0.1597848874207296,0.05131020149081471,0.04504139746671698,Starforming,Spiral,Control4C
1237667910587056452,Control4C,Lim:624,Satellite,10.3091,-0.059074962477950764,-0.07380564975398957,-0.06633714040256271,Quenched,Elliptical,Control4C
1237667910587056281,Control4C,Lim:624,Satellite,10.29077,0.09756027280667182,0.08698807030913695,0.09475342182840511,Quenched,Elliptical,Control4C
1237662238021714395,Control4C,Lim:626,Satellite,11.01059,0.3003078152646575,0.12643171133435666,0.10258859530074382,Quenched,Elliptical,Control4C
1237662238021714380,Control4C,Lim:626,Satellite,10.18435,-0.03650924669124571,-0.022938189498198286,-0.013973994328870976,Starforming,Spiral,Control4C
1237662225132683436,Control4C,Lim:629,Satellite,9.838784,0.0409668678813979,0.1329356856291884,0.13962133157322595,Starforming,Spiral,Control4C
1237664668973990023,Control4C,Lim:629,Satellite,9.953232,-0.1983087080057814,-0.13230444377300454,-0.12381903278760865,Quenched,Spiral,Control4C
1237658612519141592,Control4C,Lim:631,Satellite,11.05917,0.3003078152646575,0.11541047889902051,0.0879591966099103,Quenched,Spiral,Control4C
1237658612519206931,Control4C,Lim:631,Satellite,10.58162,0.056455848346987726,-0.020100822117149607,-0.020177412804377855,Starforming,Spiral,Control4C
1237658612519272647,Control4C,Lim:631,Satellite,10.09695,0.1393198083248698,0.17271910172311272,0.1819985477245369,Quenched,Elliptical,Control4C
1237658493883580478,Control4C,Lim:634,Satellite,11.08117,0.17741355266189243,-0.012474872908713686,-0.04162150660897043,Quenched,Elliptical,Control4C
1237671932820258894,Control4C,Lim:634,Satellite,11.20041,0.22979059425991835,0.012850465198379873,-0.02615041327932957,Quenched,Uncertain,Control4C
1237671932820193442,Control4C,Lim:634,Satellite,9.5328,-0.19377293476141427,-0.03238623340938451,-0.0355954167625023,Starforming,Uncertain,Control4C
1237667735041474586,Control4C,Lim:637,Satellite,10.94466,0.24319337424724807,0.08427465719347502,0.06503003647074254,Quenched,Elliptical,Control4C
1237667735041474588,Control4C,Lim:637,Satellite,9.818958,-0.055778624700305444,0.040688071891926754,0.04695675620561931,Quenched,Uncertain,Control4C
1237667735041474590,Control4C,Lim:637,Satellite,10.08624,0.0409668678813979,0.07679591425169614,0.08607247352199418,Starforming,Spiral,Control4C
1237667446192537633,Control4C,Lim:640,Satellite,10.63903,0.210659559924703,0.12107841531250751,0.11866393949453742,Quenched,Elliptical,Control4C
1237667910055886957,Control4C,Lim:640,Satellite,10.30097,0.0383308008134032,0.02544454786629191,0.03304799373886175,Quenched,Spiral,Control4C
1237667446192537681,Control4C,Lim:640,Satellite,9.952481,0.09524713375865783,0.1614217756274769,0.1698987504685613,Quenched,Elliptical,Control4C
1237662236393406478,Control4C,Lim:641,Satellite,10.98091,0.3003078152646575,0.13316514440724242,0.11143466435716598,Quenched,Elliptical,Control4C
1237662236393406483,Control4C,Lim:641,Satellite,10.27512,-0.00036000557862243517,-0.007381728709895011,0.000616052175994758,Starforming,Spiral,Control4C
1237662236393406671,Control4C,Lim:641,Satellite,9.072971,-0.19377293476141427,0.07193411013751211,0.03994121396698261,Starforming,Spiral,Control4C
1237662662678151198,Control4C,Lim:642,Satellite,10.21304,-0.04603702487435677,-0.038974801739971136,-0.030245690713583052,NosSFR,NoGZ,Control4C
1237662662678151239,Control4C,Lim:642,Satellite,10.17168,-0.059074962477950764,-0.04262949163822343,-0.03358218478215372,NosSFR,NoGZ,Control4C
1237662224623141115,Control4C,Lim:642,Satellite,9.833675,-0.11553311404874676,-0.022405229266947588,-0.015824060090024752,Starforming,Spiral,Control4C
1237658205573873789,Control4C,Lim:643,Satellite,10.2642,0.210659559924703,0.20611523198062387,0.21426372941966892,Quenched,Spiral,Control4C
1237657874868535323,Control4C,Lim:643,Satellite,9.441351,-0.1231358190374761,0.05899770580115467,0.051395210268009736,Starforming,Spiral,Control4C
1237655495981990086,Control4C,Lim:689,Satellite,10.39212,-0.2217262958376311,-0.25529153883169403,-0.24949994044340829,Starforming,Spiral,Control4C
1237648702977409215,Control4C,Lim:689,Satellite,10.20949,-0.04926002271457847,-0.041392419276664004,-0.03263069343285671,Starforming,Spiral,Control4C
1237657873254908052,Control4C,Lim:691,Satellite,10.21368,0.11341619989012074,0.12033322770217986,0.1290563529187081,Quenched,Elliptical,Control4C
1237657873254907919,Control4C,Lim:691,Satellite,9.638148,-0.22656522730891981,-0.08907858348257552,-0.08804590123649617,Starforming,Spiral,Control4C
1237657873254842442,Control4C,Lim:691,Satellite,10.03162,-0.00036000557862243517,0.04786055408146721,0.05698139955427308,Starforming,Elliptical,Control4C
1237661137958666322,Control4C,Lim:693,Satellite,10.85255,0.005382592656735859,-0.13263934136659616,-0.14603463942128025,Quenched,Spiral,Control4C
1237661383311098033,Control4C,Lim:693,Satellite,10.20381,-0.00036000557862243517,0.008796206344938582,0.01760804442327924,Starforming,Spiral,Control4C
1237661383311032451,Control4C,Lim:693,Satellite,9.902691,0.008226176896798528,0.08569656110722712,0.0935148046808117,Quenched,Spiral,Control4C
1237665330395349055,Control4C,Lim:697,Satellite,10.72766,0.24154050402585764,0.13185207594837073,0.12531693014773826,Quenched,Spiral,Control4C
1237665227848745076,Control4C,Lim:697,Satellite,10.01275,-0.3006665564381726,-0.24816500344636633,-0.2391527471935594,Quenched,Elliptical,Control4C
1237665227848744967,Control4C,Lim:697,Satellite,9.921023,-0.25678909191546573,-0.183477646218923,-0.17539408064862028,Starforming,Spiral,Control4C
1237668670253170717,Control4C,Lim:699,Satellite,11.11974,0.210659559924703,0.012020847507021537,-0.020190352863757782,Quenched,Elliptical,Control4C
1237651249881939975,Control4C,Lim:699,Satellite,10.8007,0.21243398995807833,0.08617514572009388,0.07577758209227994,Quenched,Elliptical,Control4C
1237668670253170836,Control4C,Lim:699,Satellite,10.13483,0.09524713375865783,0.12005267901670864,0.12926960963347095,Quenched,Elliptical,Control4C
1237671931745992749,Control4C,Lim:704,Satellite,10.80141,0.27037041250145794,0.14395049220276773,0.13351331421765483,NosSFR,Spiral,Control4C
1237671931745992750,Control4C,Lim:704,Satellite,9.83876,0.12003830018504674,0.21201256275742442,0.21869772273423382,NosSFR,Uncertain,Control4C
1237671931745927249,Control4C,Lim:704,Satellite,9.932645,-0.1117810674162761,-0.04110627802610407,-0.032868260512548514,Starforming,Spiral,Control4C
1237668310554968131,Control4C,Lim:705,Satellite,10.69379,0.056455848346987726,-0.04554857103175807,-0.0504357168887758,Starforming,Spiral,Control4C
1237668310555033802,Control4C,Lim:705,Satellite,9.745239,-0.26734992123701173,-0.1541587653220014,-0.14971294577778876,Starforming,Spiral,Control4C
1237664819285393504,Control4C,Lim:708,Satellite,10.87308,0.09986115685840526,-0.042818370863927244,-0.05745933477841554,Quenched,Uncertain,Control4C
1237664338253119518,Control4C,Lim:708,Satellite,10.82663,0.17355744610585364,0.04141592263673996,0.029545758972597536,Quenched,Elliptical,Control4C
1237664338253119520,Control4C,Lim:708,Satellite,9.929051,-0.3761119394752729,-0.3046217876031615,-0.296430392951604,Quenched,Elliptical,Control4C
1237659133289693297,Control4C,Lim:711,Satellite,10.85965,0.24319337424724807,0.10356067961685794,0.08973835384783657,Quenched,Elliptical,Control4C
1237659161199771728,Control4C,Lim:711,Satellite,10.84863,0.09986115685840526,-0.037271455815677576,-0.05043269331259988,Quenched,Uncertain,Control4C
1237659133289693298,Control4C,Lim:711,Satellite,10.23205,-0.05250706908668513,-0.049757600760775,-0.04122008513405673,Starforming,Elliptical,Control4C
1237668367999172836,Control4C,Lim:712,Satellite,11.20287,0.2625521760248259,0.04505395244309518,0.005837945193732541,Quenched,Elliptical,Control4C
1237665565545202013,Control4C,Lim:712,Satellite,10.73064,0.17741355266189243,0.06704905886482354,0.06036457738263237,Starforming,Spiral,Control4C
1237665566082072859,Control4C,Lim:712,Satellite,10.16024,-0.05250706908668513,-0.03346623186037379,-0.024354779920590208,Quenched,Uncertain,Control4C
1237662642270896477,Control4C,Lim:713,Satellite,10.67779,0.210659559924703,0.11228502360411655,0.10814485633635565,Quenched,Elliptical,Control4C
1237662642270896472,Control4C,Lim:713,Satellite,10.20563,-0.05250706908668513,-0.04376375636098941,-0.03496769779199027,Starforming,Spiral,Control4C
1237662642270896262,Control4C,Lim:713,Satellite,10.29155,0.12003830018504674,0.10928914088842645,0.11704240170622326,Quenched,Elliptical,Control4C
1237654030863826964,Control4C,Lim:714,Satellite,10.67941,0.12003830018504674,0.02129623820482146,0.017081359811276703,Quenched,Elliptical,Control4C
1237654030863892655,Control4C,Lim:714,Satellite,10.53474,0.21946008747208545,0.15353897436835495,0.15517828085968205,Quenched,Elliptical,Control4C
1237654030863892624,Control4C,Lim:714,Satellite,10.49689,0.09756027280667182,0.04022610181239922,0.04312407402874118,Quenched,Elliptical,Control4C
1237667211048583184,Control4C,Lim:715,Satellite,10.12806,-0.2892746251283065,-0.2629331856012721,-0.25369676027863913,Starforming,Uncertain,Control4C
1237667211048583252,Control4C,Lim:715,Satellite,9.942387,-0.2217262958376311,-0.15326165149449567,-0.1449023900826421,Starforming,Spiral,Control4C
1237667211048583275,Control4C,Lim:715,Satellite,9.365183,-0.03650924669124571,0.16290433644575236,0.15113819296242748,Starforming,Spiral,Control4C
1237663917339771108,Control4C,Lim:716,Satellite,10.09639,-0.2892746251283065,-0.25574828582302794,-0.24646876617543134,Quenched,Elliptical,Control4C
1237663917339836570,Control4C,Lim:716,Satellite,10.15898,0.03567863566659506,0.055005326183736505,0.06412321078261139,Quenched,Elliptical,Control4C
1237663917339836556,Control4C,Lim:716,Satellite,9.735994,0.04358703111597816,0.15887557883553116,0.1630624895656117,Starforming,Spiral,Control4C
1237667486455300339,Control4C,Lim:717,Satellite,10.55407,0.1617793388380763,0.09147287326470702,0.09242570677927633,Quenched,Elliptical,Control4C
1237667486455300164,Control4C,Lim:717,Satellite,9.986221,-0.1983087080057814,-0.1397885820358558,-0.13097657734428533,Quenched,Elliptical,Control4C
1237651496830501270,Control4C,Lim:718,Satellite,10.56013,-0.04283781747327553,-0.1145191012549226,-0.1137875580714974,Starforming,Spiral,Control4C
1237651496830501214,Control4C,Lim:718,Satellite,10.08997,-0.009119148331831268,0.025863681550533767,0.035142274901739254,Quenched,Elliptical,Control4C
1237651496830501304,Control4C,Lim:718,Satellite,9.959594,0.005382592656735859,0.06994352463851228,0.07849861330238944,Quenched,Elliptical,Control4C
1237663918414758193,Control4C,Lim:722,Satellite,11.11803,0.22979059425991835,0.03153982559407789,-0.0005330168220705755,Quenched,Elliptical,Control4C
1237663918414823576,Control4C,Lim:722,Satellite,10.38448,-0.1117810674162761,-0.14361304125006785,-0.1376443683207503,Quenched,Elliptical,Control4C
1237663918414758364,Control4C,Lim:722,Satellite,9.460462,-0.2727281867109631,-0.09493033031761267,-0.1015600885869907,Quenched,Spiral,Control4C
1237665225693921343,Control4C,Lim:724,Satellite,10.1086,-0.00036000557862243517,0.03039627921789834,0.03966857266835183,Quenched,Elliptical,Control4C
1237665328777592916,Control4C,Lim:724,Satellite,9.547343,-0.04926002271457847,0.10882734180527565,0.10625591494357864,Starforming,Elliptical,Control4C
1237665329314398323,Control4C,Lim:724,Satellite,9.341688,0.011050416782760416,0.21579425632297447,0.20265126137808298,Starforming,Spiral,Control4C
1237664814988263512,Control4C,Lim:725,Satellite,10.19089,0.0714113894018661,0.08349873189489104,0.09241506244738648,Starforming,Spiral,Control4C
1237664814988263474,Control4C,Lim:725,Satellite,10.39352,0.1393198083248698,0.10543695056321785,0.11119560067296344,Starforming,Spiral,Control4C
1237664814988263447,Control4C,Lim:725,Satellite,9.408957,-0.11931785883562805,0.07016481798962855,0.06084756531650394,Starforming,Spiral,Control4C
1237654601571041343,Control4C,Lim:726,Satellite,10.60392,0.09986115685840526,0.01824533688195805,0.01729156801667281,Quenched,NoGZ,Control4C
1237654601571106889,Control4C,Lim:726,Satellite,10.17957,-0.0691168562521512,-0.054461371495478625,-0.04546433068710265,Starforming,NoGZ,Control4C
1237662264319279213,Control4C,Lim:727,Satellite,10.82206,0.0383308008134032,-0.09277393730722386,-0.10438070746913242,Quenched,Spiral,Control4C
1237662264319279400,Control4C,Lim:727,Satellite,9.951917,-0.28368883398995764,-0.21738623874333832,-0.20891562873988864,Starforming,Spiral,Control4C
1237662264319279389,Control4C,Lim:727,Satellite,9.781559,-0.17608941330805536,-0.0711380919350667,-0.06574050989465598,Starforming,Spiral,Control4C
1237648720686153850,Control4C,Lim:774,Satellite,10.912,0.21243398995807833,0.06092477169677302,0.04383089871679938,Quenched,Spiral,Control4C
1237648720149217569,Control4C,Lim:774,Satellite,10.35027,0.05135398835050857,0.027283158230443694,0.033988157539287564,Quenched,Elliptical,Control4C
1237674649384124576,Control4C,Lim:774,Satellite,10.12821,-0.1983087080057814,-0.1720012986324172,-0.16276526601021732,Quenched,Spiral,Control4C
1237667210504896684,Control4C,Lim:780,Satellite,10.36733,0.24319337424724807,0.21525218131642063,0.22160154639216983,Quenched,Uncertain,Control4C
1237667210504897126,Control4C,Lim:780,Satellite,9.419231,-0.07594282963262874,0.11120900853390711,0.10244458348354282,Starforming,Spiral,Control4C
1237665329323376833,Control4C,Lim:784,Satellite,10.73032,0.210659559924703,0.10036766378879697,0.09369925198558508,Quenched,Elliptical,Control4C
1237665329323311205,Control4C,Lim:784,Satellite,10.65623,0.0383308008134032,-0.05515246808631375,-0.05831807829171704,Quenched,Spiral,Control4C
1237665329323311234,Control4C,Lim:784,Satellite,10.28174,0.06895429106965624,0.060430703823070274,0.06833252831795628,Quenched,Elliptical,Control4C
1237667733987524662,Control4C,Lim:786,Satellite,10.74307,0.06895429106965624,-0.04423016812822021,-0.05154511816809966,Quenched,Uncertain,Control4C
1237667781239701680,Control4C,Lim:786,Satellite,10.27999,-0.1508449289923749,-0.1589714977794748,-0.15104397042789125,Starforming,Spiral,Control4C
1237667781239636222,Control4C,Lim:786,Satellite,10.21756,-0.1983087080057814,-0.19227192683532607,-0.18358578353719948,Quenched,Spiral,Control4C
1237667254008873043,Control4C,Lim:788,Satellite,10.77427,-0.1231358190374761,-0.24339855019876327,-0.25234979780746536,Quenched,Spiral,Control4C
1237667254008807579,Control4C,Lim:788,Satellite,9.660279,-0.26734992123701173,-0.1348840862831752,-0.13307176618271555,Starforming,Spiral,Control4C
1237667211596136520,Control4C,Lim:788,Satellite,9.399301,-0.1892840439319302,0.00238926731892547,-0.007455163234174944,Starforming,Spiral,Control4C
1237662263783522502,Control4C,Lim:789,Satellite,10.84928,0.0714113894018661,-0.06586868727145449,-0.07906865184743701,Quenched,Elliptical,Control4C
1237662237482942641,Control4C,Lim:789,Satellite,10.40577,0.23148870508405484,0.1948267181059997,0.20029046387368815,Quenched,Elliptical,Control4C
1237662263783522538,Control4C,Lim:789,Satellite,10.34741,0.17548977917257252,0.15206779064915366,0.15883015871735431,Quenched,Elliptical,Control4C
1237661065489612923,Control4C,Lim:790,Satellite,10.77757,0.09986115685840526,-0.021150237683627574,-0.03027905367177862,Quenched,Elliptical,Control4C
1237660670888902789,Control4C,Lim:790,Satellite,10.53863,0.24319337424724807,0.17638974582500253,0.17789327855624254,Quenched,Elliptical,Control4C
1237660670888902772,Control4C,Lim:790,Satellite,10.13635,-0.027185968217908463,-0.002725261850383024,0.006486793933018004,Starforming,Spiral,Control4C
1237662225163420013,Control4C,Lim:793,Satellite,10.46989,0.09524713375865783,0.04403839042502935,0.04776503835938645,Quenched,Elliptical,Control4C
1237662662681624832,Control4C,Lim:793,Satellite,9.974934,0.06895429106965624,0.13003507266942235,0.13874501365907094,NosSFR,NoGZ,Control4C
1237662662681559448,Control4C,Lim:793,Satellite,9.956621,0.05135398835050857,0.11658939797802899,0.12511232395645133,NosSFR,NoGZ,Control4C
1237655474505580845,Control4C,Lim:795,Satellite,10.50353,0.04619148126786086,-0.012649091195547656,-0.009963737608138637,Starforming,Spiral,Control4C
1237655501884293573,Control4C,Lim:795,Satellite,9.904016,0.08110344385726691,0.1582732283769418,0.1661115392644055,Quenched,Elliptical,Control4C
1237655501884358970,Control4C,Lim:795,Satellite,9.356142,-0.22656522730891981,-0.02510053337637061,-0.03739133319180363,Starforming,Spiral,Control4C
1237670965383790750,Control4C,Lim:796,Satellite,11.00185,0.1393198083248698,-0.03257347198491123,-0.05578723950117401,Starforming,Elliptical,Control4C
1237670965383790831,Control4C,Lim:796,Satellite,9.717189,0.01385725040186069,0.1334120450532067,0.13705147467787385,Starforming,Elliptical,Control4C
1237670965383921837,Control4C,Lim:796,Satellite,9.486813,-0.26734992123701173,-0.09553025537275858,-0.10086609935546276,Starforming,Spiral,Control4C
1237668586504781975,Control4C,Lim:797,Satellite,10.87085,0.18878060169439917,0.0466069889232974,0.03210294358602217,Quenched,Elliptical,Control4C
1237668586504782055,Control4C,Lim:797,Satellite,10.24053,-0.10437295273032035,-0.10354732242523479,-0.09510448472201062,Starforming,Spiral,Control4C
1237668586504847567,Control4C,Lim:797,Satellite,10.05776,-0.1231358190374761,-0.08084558082365423,-0.0716207985463595,Quenched,Elliptical,Control4C
1237662193461166177,Control4C,Lim:798,Satellite,9.63372,-0.31236537628874045,-0.1738741623260508,-0.17300211780469538,Starforming,Spiral,Control4C
1237665024911998985,Control4C,Lim:801,Satellite,10.91263,0.22979059425991835,0.07813844935319816,0.06100388650923064,Quenched,Elliptical,Control4C
1237665024911999138,Control4C,Lim:801,Satellite,10.71216,0.1393198083248698,0.03314782945997459,0.027378111828985335,Starforming,Elliptical,Control4C
1237665024911933591,Control4C,Lim:801,Satellite,10.37038,0.0714113894018661,0.04277825001307704,0.04906161103552723,Quenched,Spiral,Control4C
1237667550347460634,Control4C,Lim:802,Satellite,10.36214,0.04619148126786086,0.019427731654024012,0.025887722068201557,Quenched,Spiral,Control4C
1237667550347526220,Control4C,Lim:802,Satellite,10.56291,0.0714113894018661,-0.0009005865611364516,-0.00027153042017806495,Starforming,Spiral,Control4C
1237667911661191278,Control4C,Lim:802,Satellite,9.81867,-0.07939644884409477,0.017135585643184542,0.023397984127462107,Quenched,Elliptical,Control4C
1237655742409736258,Control4C,Lim:803,Satellite,10.89738,0.12003830018504674,-0.02815411243186533,-0.044312531622837575,Quenched,Elliptical,Control4C
1237655742409801806,Control4C,Lim:803,Satellite,10.54837,0.17548977917257252,0.10647645943867232,0.1076347887539194,Starforming,Spiral,Control4C
1237655742409736462,Control4C,Lim:803,Satellite,10.05677,0.09524713375865783,0.13776197098670329,0.146983800656483,Quenched,Elliptical,Control4C
1237658491734982745,Control4C,Lim:804,Satellite,10.18079,0.03567863566659506,0.05005734184008298,0.059046171060517766,NosSFR,Spiral,Control4C
1237658425165742187,Control4C,Lim:804,Satellite,9.587828,-0.10437295273032035,0.04452967331393487,0.04364561636160699,Quenched,Spiral,Control4C
1237658491735048241,Control4C,Lim:804,Satellite,9.632244,-0.22656522730891981,-0.08773915663411491,-0.08692100234081657,Starforming,Spiral,Control4C
1237651822173487316,Control4C,Lim:805,Satellite,9.961837,-0.07594282963262874,-0.011890761882068043,-0.0033118701326484284,Starforming,Elliptical,Control4C
1237651822173552811,Control4C,Lim:805,Satellite,9.267985,-0.07594282963262874,0.14552183934730517,0.12777665349283376,Starforming,Spiral,Control4C
1237667735033741365,Control4C,Lim:841,Satellite,10.90804,0.17741355266189243,0.0268027304574818,0.009963904150489505,Quenched,Elliptical,Control4C
1237667782285787299,Control4C,Lim:841,Satellite,10.75276,0.12003830018504674,0.004655493060072333,-0.0031594176770897014,Quenched,Elliptical,Control4C
1237667735033741333,Control4C,Lim:841,Satellite,10.62018,-0.1983087080057814,-0.2836133966400828,-0.28523153167582416,Quenched,Spiral,Control4C
1237667550342086930,Control4C,Lim:844,Satellite,9.579924,-0.3830331239219682,-0.23233733564698228,-0.23354064740911787,Starforming,Spiral,Control4C
1237667550342086875,Control4C,Lim:844,Satellite,10.18656,0.03567863566659506,0.04874831526223426,0.05769671409926264,Quenched,Elliptical,Control4C
1237667550342086697,Control4C,Lim:844,Satellite,9.678252,-0.062396561398671085,0.06599178054239654,0.06840877931854139,Quenched,Uncertain,Control4C
1237651737930694670,Control4C,Lim:847,Satellite,12.00417,0.210659559924703,-0.18862774456346995,-0.3233658490587652,Quenched,Elliptical,Control4C
1237654880211173600,Control4C,Lim:847,Satellite,7.770007,0.12003830018504674,0.6813457793959437,0.47703839186996,Quenched,Elliptical,Control4C
1237651737930498465,Control4C,Lim:847,Satellite,11.46655,0.05135398835050857,-0.22596470802968777,-0.2910125090986892,Quenched,Spiral,Control4C
1237667735577821313,Control4C,Lim:859,Satellite,10.2401,-0.00036000557862243517,0.0005631778336511006,0.009010953193028571,Starforming,Elliptical,Control4C
1237667735577886985,Control4C,Lim:859,Satellite,10.21536,-0.03966200463502764,-0.03312611454407534,-0.024418856080505976,Starforming,Spiral,Control4C
1237667735577886962,Control4C,Lim:859,Satellite,10.10819,0.056455848346987726,0.08730514889687355,0.09657787615523064,Quenched,Spiral,Control4C
1237674650460422494,Control4C,Lim:864,Satellite,10.82383,0.0714113894018661,-0.060094904532069546,-0.07180349342356519,Quenched,NoGZ,Control4C
1237674650460487907,Control4C,Lim:864,Satellite,9.792118,0.024904982184311565,0.12746080760660602,0.1331155290695587,Starforming,NoGZ,Control4C
1237648721225646275,Control4C,Lim:864,Satellite,10.06055,0.210659559924703,0.25231683728025855,0.261549523840628,Quenched,NoGZ,Control4C
1237667782314754241,Control4C,Lim:867,Satellite,10.48172,0.09756027280667182,0.04366768468691682,0.04703834076185628,Quenched,Elliptical,Control4C
1237667735062577234,Control4C,Lim:867,Satellite,9.930378,0.0383308008134032,0.10951989925937855,0.11772862717094637,Quenched,Elliptical,Control4C
1237667735062577326,Control4C,Lim:867,Satellite,9.402701,-0.00036000557862243517,0.19054195552237418,0.180883991419971,Starforming,Spiral,Control4C
1237667253472329733,Control4C,Lim:871,Satellite,11.05765,0.28108475193178795,0.09653225445667593,0.06919669296701683,Quenched,Elliptical,Control4C
1237667253472329842,Control4C,Lim:871,Satellite,9.966509,-0.1117810674162761,-0.04878892551869818,-0.0401617302458674,Quenched,Spiral,Control4C
1237667253472329735,Control4C,Lim:871,Satellite,9.848176,-0.055778624700305444,0.034059451692345484,0.040931778562703976,Quenched,Elliptical,Control4C
1237655124465483999,Control4C,Lim:883,Satellite,10.53127,0.210659559924703,0.14552567770921082,0.14728508947736685,Quenched,Elliptical,Control4C
1237655124465549363,Control4C,Lim:883,Satellite,10.05819,-0.00036000557862243517,0.041832679528011465,0.05105872012495077,Quenched,Elliptical,Control4C
1237665331457163322,Control4C,Lim:885,Satellite,10.37386,0.15778123442292644,0.12835859546898779,0.13456574906154894,Quenched,Elliptical,Control4C
1237665370118291482,Control4C,Lim:885,Satellite,10.41657,0.13085557337224013,0.0917434153299275,0.09693732767610343,Quenched,Elliptical,Control4C
1237665370118226042,Control4C,Lim:885,Satellite,9.948136,-0.07594282963262874,-0.00878244764582814,-0.0003551560030758544,Starforming,Spiral,Control4C
1237661355926356096,Control4C,Lim:886,Satellite,9.753751,-0.11553311404874676,-0.00427305592067713,0.0004051724199508472,Starforming,Spiral,Control4C
1237660634386006121,Control4C,Lim:886,Satellite,9.722207,-0.1983087080057814,-0.07989233542855056,-0.07610408023000217,Quenched,Elliptical,Control4C
1237660634386137172,Control4C,Lim:886,Satellite,9.807052,-0.00036000557862243517,0.09880777774426251,0.10481113866587526,Quenched,NoGZ,Control4C
1237671123767787682,Control4C,Lim:887,Satellite,9.844515,-0.1387524855065975,-0.04808384649670125,-0.041283458810232807,Starforming,Spiral,Control4C
1237671260669739186,Control4C,Lim:887,Satellite,10.07745,0.0383308008134032,0.0761540141887776,0.08542143167816649,Quenched,Elliptical,Control4C
1237671123767787710,Control4C,Lim:887,Satellite,9.552303,-0.09349240622197504,0.06346969454984956,0.061111957165621386,Starforming,Spiral,Control4C
1237663916801785874,Control4C,Lim:888,Satellite,10.7303,0.17355744610585364,0.06327008732377054,0.05660267960681312,Quenched,Elliptical,Control4C
1237663916801720625,Control4C,Lim:888,Satellite,9.994188,-0.1983087080057814,-0.14159603693112782,-0.13271805094440675,Quenched,Elliptical,Control4C
1237663916801786266,Control4C,Lim:888,Satellite,9.925674,-0.009119148331831268,0.06313713573324257,0.07128379238173006,Quenched,Spiral,Control4C
1237651735234478093,Control4C,Lim:889,Satellite,10.41503,0.17548977917257252,0.1367269973746078,0.14195994942523654,Starforming,Elliptical,Control4C
1237651752414085200,Control4C,Lim:889,Satellite,10.32507,0.09756027280667182,0.07920650850320787,0.08639475077573743,Quenched,Elliptical,Control4C
1237651735234478248,Control4C,Lim:889,Satellite,10.14345,0.12003830018504674,0.1428882459455141,0.152075112910632,Quenched,Elliptical,Control4C
1237662224077422595,Control4C,Lim:962,Satellite,10.89573,0.18313426568763896,0.03531618476109952,0.019262279320034742,Quenched,Spiral,Control4C
1237664854716514359,Control4C,Lim:962,Satellite,10.97205,0.21243398995807833,0.047301366844119064,0.026188053698340874,Quenched,Elliptical,Control4C
1237662224077226146,Control4C,Lim:962,Satellite,10.78444,0.2855971362609545,0.16302716068082468,0.15352591898946302,Quenched,Elliptical,Control4C
1237667430105677981,Control4C,Lim:974,Satellite,10.42854,-0.2217262958376311,-0.2635540601428291,-0.2586699824477811,Starforming,Spiral,Control4C
1237667322713931949,Control4C,Lim:974,Satellite,10.77016,0.13721892725478624,0.01788862230406349,0.009157324697938535,Starforming,Spiral,Control4C
1237667323250933967,Control4C,Lim:974,Satellite,10.41666,0.19985798101343002,0.1607254048789152,0.16591702988750745,Quenched,Elliptical,Control4C
1237662664291647718,Control4C,Lim:975,Satellite,9.866913,0.005382592656735859,0.09096984912059111,0.09819377870859453,Starforming,Spiral,Control4C
1237662664291582248,Control4C,Lim:975,Satellite,9.727448,0.005382592656735859,0.12260995166472799,0.12655152178831722,Starforming,Spiral,Control4C
1237657878614638621,Control4C,Lim:984,Satellite,11.0979,0.09986115685840526,-0.09382276518488851,-0.1242842385044365,Quenched,Elliptical,Control4C
1237657773924352400,Control4C,Lim:984,Satellite,10.28483,0.09524713375865783,0.08602252534646479,0.09387837501402381,Quenched,Spiral,Control4C
1237657628432007196,Control4C,Lim:984,Satellite,10.07853,0.04878040567641195,0.08635860194536059,0.09562747166572447,Quenched,Uncertain,Control4C
1237665567692226797,Control4C,Lim:985,Satellite,10.86846,0.18878060169439917,0.04714920270510997,0.03279146341556599,Quenched,Elliptical,Control4C
1237665548901286143,Control4C,Lim:985,Satellite,10.39103,0.210659559924703,0.1773416027139771,0.18315874645096203,Quenched,Uncertain,Control4C
1237671124305051901,Control4C,Lim:988,Satellite,10.37881,-0.09349240622197504,-0.12403804024703152,-0.1179409339315042,Quenched,Spiral,Control4C
1237671261207003251,Control4C,Lim:988,Satellite,9.80212,-0.1231358190374761,-0.022849124261913503,-0.016958953484158976,Starforming,Spiral,Control4C
1237671261206937699,Control4C,Lim:988,Satellite,10.01083,0.011050416782760416,0.06398755574154583,0.07298718597701306,Starforming,Spiral,Control4C
1237651274035363852,Control4C,Lim:993,Satellite,10.65456,0.14141026178025823,0.04830586192473682,0.0452142063762548,Quenched,Spiral,Control4C
1237663529186623648,Control4C,Lim:993,Satellite,10.00629,-0.0691168562521512,-0.015149737975612976,-0.00618112183484909,Quenched,Spiral,Control4C
1237663546366558454,Control4C,Lim:993,Satellite,10.11228,-0.3367530128963952,-0.3068316012032513,-0.29756379614667194,Quenched,Spiral,Control4C
1237667430096371778,Control4C,Lim:996,Satellite,10.59807,0.061498469643979516,-0.01879017433932805,-0.01951002909926689,Starforming,Spiral,Control4C
1237667292655910960,Control4C,Lim:996,Satellite,10.0109,0.0383308008134032,0.09125205903380937,0.10025215470963295,Starforming,Spiral,Control4C
1237667430096371947,Control4C,Lim:996,Satellite,9.943012,-0.1983087080057814,-0.12998585596960519,-0.12161907214393035,Quenched,Elliptical,Control4C
1237664291548823599,Control4C,Lim:998,Satellite,10.67055,0.12003830018504674,0.02330628594827726,0.019497478293304615,Quenched,Uncertain,Control4C
1237664291548823571,Control4C,Lim:998,Satellite,10.47808,0.09756027280667182,0.04449348308264784,0.04797485303107815,Quenched,Spiral,Control4C
1237662530600370324,Control4C,Lim:998,Satellite,10.20419,0.09986115685840526,0.10893115905933502,0.11773972413582737,Starforming,Elliptical,Control4C
1237664291011952667,Control4C,Lim:1001,Satellite,10.93889,0.3003078152646575,0.14269812478873317,0.1238396043911496,Quenched,Spiral,Control4C
1237662530063499615,Control4C,Lim:1001,Satellite,10.41572,0.06895429106965624,0.030034970564808278,0.03525045397360945,Quenched,Spiral,Control4C
1237662530063564997,Control4C,Lim:1001,Satellite,9.956604,-0.10071575008869796,-0.035476483710428316,-0.026953743650813586,Starforming,Spiral,Control4C
1237659330848751807,Control4C,Lim:1004,Satellite,10.02981,-0.11931785883562805,-0.07068666865458395,-0.06157501892383269,Quenched,Spiral,Control4C
1237659330848751818,Control4C,Lim:1004,Satellite,9.639867,-0.033379164418814146,0.10371749384646883,0.10481211997422282,Starforming,Spiral,Control4C
1237665127991279712,Control4C,Lim:1005,Satellite,10.67345,0.12439759440607599,0.027007663865015047,0.023066626591690842,Starforming,Elliptical,Control4C
1237665127991279874,Control4C,Lim:1005,Satellite,10.34942,0.09524713375865783,0.07136914117605762,0.07809125814695267,Quenched,Elliptical,Control4C
1237665127991279710,Control4C,Lim:1005,Satellite,10.74138,0.13510815202267923,0.022307099222820842,0.01507858572745395,Starforming,Spiral,Control4C
1237661137419108491,Control4C,Lim:1006,Satellite,10.36543,-0.03650924669124571,-0.06401939100891652,-0.05762928026467787,Starforming,Spiral,Control4C
1237661382771474612,Control4C,Lim:1006,Satellite,10.12682,-0.03966200463502764,-0.01303924917098609,-0.0037996456277026927,Starforming,Spiral,Control4C
1237661382771409253,Control4C,Lim:1006,Satellite,9.8502,0.02216928448468114,0.1115481806704752,0.11845982479322809,Quenched,Spiral,Control4C
1237664668424536083,Control4C,Lim:1007,Satellite,10.8795,0.210659559924703,0.06652354162528398,0.05148620534333739,Quenched,Elliptical,Control4C
1237664092898918748,Control4C,Lim:1007,Satellite,10.13912,-0.07939644884409477,-0.05556416598101316,-0.04636146347325923,Quenched,Spiral,Control4C
1237664092898918570,Control4C,Lim:1007,Satellite,9.928394,-0.00036000557862243517,0.07127919836656431,0.0794619597875949,Quenched,Elliptical,Control4C
1237658803114475562,Control4C,Lim:1088,Satellite,10.92507,0.15576829454635008,0.0012939155619110798,-0.016650534920318177,Quenched,Elliptical,Control4C
1237658919069548563,Control4C,Lim:1088,Satellite,10.03933,0.056455848346987726,0.10292725810842698,0.11208437424289383,Starforming,Spiral,Control4C
1237658803114475756,Control4C,Lim:1088,Satellite,9.738806,-0.2217262958376311,-0.1070757000655497,-0.10280932373133998,Starforming,Spiral,Control4C
1237665532785066002,Control4C,Lim:1090,Satellite,11.05465,0.09756027280667182,-0.08631162159503528,-0.11341932255307557,Starforming,Spiral,Control4C
1237665532785066003,Control4C,Lim:1090,Satellite,10.59295,-0.009119148331831268,-0.08824622973652789,-0.08876357892096094,Starforming,Spiral,Control4C
1237665532785066181,Control4C,Lim:1090,Satellite,9.777858,-0.28368883398995764,-0.17789787529207862,-0.17259250763314443,Starforming,Spiral,Control4C
1237667254552625190,Control4C,Lim:1093,Satellite,10.44055,0.12003830018504674,0.07548585490931783,0.08004768312673957,Quenched,Spiral,Control4C
1237667254552690963,Control4C,Lim:1093,Satellite,10.14628,-0.1983087080057814,-0.17610079781122626,-0.16692508125924704,Starforming,Elliptical,Control4C
1237667254552690986,Control4C,Lim:1093,Satellite,10.10037,0.09524713375865783,0.12787053965321915,0.1371489980650395,Quenched,Elliptical,Control4C
1237663531337973846,Control4C,Lim:1104,Satellite,10.1913,-0.033379164418814146,-0.021384837679154646,-0.012471620403168363,Starforming,Spiral,Control4C
1237663547981103123,Control4C,Lim:1104,Satellite,9.958279,0.07870072299485384,0.1435599859904727,0.1521009347900118,Starforming,Elliptical,Control4C
1237663530801168520,Control4C,Lim:1104,Satellite,9.67236,-0.17177874325082548,-0.042053696873590424,-0.03983211441164006,Starforming,Spiral,Control4C
1237667549269721194,Control4C,Lim:1109,Satellite,9.771019,-0.11931785883562805,-0.011975351998077186,-0.006843233501531459,Quenched,Spiral,Control4C
1237667536938139658,Control4C,Lim:1109,Satellite,9.753099,-0.09349240622197504,0.01791556964071432,0.022576198479842782,Starforming,Spiral,Control4C
1237662307274653752,Control4C,Lim:1110,Satellite,10.78799,0.12003830018504674,-0.003337055698612326,-0.013032206031245774,Starforming,Spiral,Control4C
1237662619189575826,Control4C,Lim:1110,Satellite,10.19451,0.16770831917075352,0.17897440062186998,0.18786278408313958,Quenched,Spiral,Control4C
1237662640121577756,Control4C,Lim:1110,Satellite,10.01848,-0.2217262958376311,-0.1705246947160281,-0.16147648968267475,Starforming,Spiral,Control4C
1237651272431829116,Control4C,Lim:1118,Satellite,10.42465,-0.870740104606379,-0.911685353593062,-0.9066993441970376,Starforming,Spiral,Control4C
1237651538169823387,Control4C,Lim:1118,Satellite,10.54356,0.0383308008134032,-0.02959128532613766,-0.028261543852091404,Quenched,Spiral,Control4C
1237651272431829138,Control4C,Lim:1118,Satellite,10.57071,0.024904982184311565,-0.04917656176954357,-0.04883831989149807,Starforming,Spiral,Control4C
1237651736314839047,Control4C,Lim:1122,Satellite,10.22998,0.06648321213101471,0.06970229657757415,0.07826206055928876,Quenched,Spiral,Control4C
1237651736314773859,Control4C,Lim:1122,Satellite,10.10729,0.10442667462051756,0.13548015609242475,0.14475378902735375,Starforming,Spiral,Control4C
1237651736314773622,Control4C,Lim:1122,Satellite,10.01624,-0.1983087080057814,-0.14659892325603602,-0.1375644626089263,Quenched,Elliptical,Control4C
1237651823249522870,Control4C,Lim:1124,Satellite,10.42384,0.02216928448468114,-0.018592201672182666,-0.013585117845542838,Starforming,NoGZ,Control4C
1237651823249457410,Control4C,Lim:1124,Satellite,10.29853,-0.17177874325082548,-0.18411143903156746,-0.1764685146520851,Starforming,NoGZ,Control4C
1237654880740638942,Control4C,Lim:1124,Satellite,9.927779,-0.00036000557862243517,0.07141872199661266,0.07959337117366322,Quenched,NoGZ,Control4C
1237671931209318493,Control4C,Lim:1131,Satellite,10.92274,0.20167700383058246,0.04773122656648804,0.029939398014827062,Quenched,Spiral,Control4C
1237671931209318579,Control4C,Lim:1131,Satellite,10.54631,0.17548977917257252,0.10694380688241037,0.10817577147759995,Quenched,Elliptical,Control4C
1237671931209318606,Control4C,Lim:1131,Satellite,10.47415,0.17741355266189243,0.12523835296402894,0.1288380819099929,Quenched,Elliptical,Control4C
1237654028715032625,Control4C,Lim:1132,Satellite,10.46452,0.0383308008134032,-0.011659663018830736,-0.00777506894485136,Quenched,Elliptical,Control4C
1237654028714967239,Control4C,Lim:1132,Satellite,9.801315,-0.2464789876079352,-0.14600966434100904,-0.14013815091246895,Starforming,Spiral,Control4C
1237654028714967128,Control4C,Lim:1132,Satellite,9.474714,-0.16751050324578506,0.007054034813509746,0.0011309063676197273,Starforming,Spiral,Control4C
1237663916268257450,Control4C,Lim:1134,Satellite,10.35473,0.18878060169439917,0.1636979416718724,0.17031218785347949,Quenched,Elliptical,Control4C
1237663916268257468,Control4C,Lim:1134,Satellite,10.08538,-0.16751050324578506,-0.1314863506611109,-0.12221041634439034,Quenched,Elliptical,Control4C
1237665548363956318,Control4C,Lim:1142,Satellite,10.87581,0.17741355266189243,0.03411467614276156,0.019305559394044658,Quenched,Uncertain,Control4C
1237665548363956244,Control4C,Lim:1142,Satellite,9.861599,-0.4674778587037005,-0.380685027329154,-0.3735579973913461,Starforming,Spiral,Control4C
1237665548363956543,Control4C,Lim:1142,Satellite,9.955337,-0.062396561398671085,0.0031301463442666294,0.011638965705241713,Starforming,Uncertain,Control4C
1237657595152433227,Control4C,Lim:1143,Satellite,10.81014,0.16966679416987027,0.041266318927571904,0.030338795498722704,Quenched,Spiral,Control4C
1237657595689304281,Control4C,Lim:1143,Satellite,9.773531,-0.00036000557862243517,0.10641260961879755,0.11160879289990241,Quenched,Spiral,Control4C
1237651274036871311,Control4C,Lim:1145,Satellite,10.53293,-0.04926002271457847,-0.11477050529735494,-0.11306843151439863,Starforming,Spiral,Control4C
1237651274036871310,Control4C,Lim:1145,Satellite,10.66639,0.0383308008134032,-0.05745744382824473,-0.061077730827944064,Quenched,Elliptical,Control4C
1237651274036871362,Control4C,Lim:1145,Satellite,9.840331,-0.15909778063256153,-0.06747992720295692,-0.060763052648879656,Starforming,Elliptical,Control4C
1237658917459918989,Control4C,Lim:1259,Satellite,11.11133,0.210659559924703,0.013928804789466426,-0.017604159744190884,Quenched,Elliptical,Control4C
1237658802041651318,Control4C,Lim:1259,Satellite,10.27017,0.04619148126786086,0.04029275320770613,0.04836002104994216,Starforming,Spiral,Control4C
1237658802041716895,Control4C,Lim:1259,Satellite,9.718524,-0.13479537313186118,-0.01554344684818057,-0.011864229060359513,Starforming,Spiral,Control4C
1237661068181766380,Control4C,Lim:1264,Satellite,10.72469,0.23148870508405484,0.12247407404923863,0.11608706456692987,Quenched,Elliptical,Control4C
1237661068181766366,Control4C,Lim:1264,Satellite,10.61223,-0.08638724073305099,-0.16988833122282965,-0.17117902743808186,Quenched,Spiral,Control4C
1237661951320588310,Control4C,Lim:1264,Satellite,9.971525,-0.2892746251283065,-0.2274204515694614,-0.21874331626544669,Quenched,Spiral,Control4C
1237665441523499143,Control4C,Lim:1265,Satellite,10.81512,0.0383308008134032,-0.09119947553074723,-0.10240941263245129,Quenched,Spiral,Control4C
1237665428634402842,Control4C,Lim:1265,Satellite,10.47286,-0.04603702487435677,-0.09791956525065637,-0.0942812517074679,Starforming,Spiral,Control4C
1237661068714508526,Control4C,Lim:1266,Satellite,9.367138,-0.36259213370622323,-0.16362207690539413,-0.1752756196001381,Starforming,Spiral,Control4C
1237661068714508360,Control4C,Lim:1266,Satellite,10.20129,-0.16328380351680608,-0.15355588501158485,-0.14472263051698617,Starforming,Uncertain,Control4C
1237661068714442879,Control4C,Lim:1266,Satellite,10.45323,-0.009119148331831268,-0.05654827593115136,-0.05233904447150234,Starforming,Spiral,Control4C
1237661382236766371,Control4C,Lim:1270,Satellite,10.00096,0.0025206987823348363,0.05769702185262254,0.06662714855979213,Starforming,Spiral,Control4C
1237661137421271216,Control4C,Lim:1270,Satellite,10.01007,0.09756027280667182,0.1506698312107197,0.1596643831695599,Quenched,Elliptical,Control4C
1237661137421271240,Control4C,Lim:1270,Satellite,9.876853,-0.07594282963262874,0.007389361981344961,0.014788554335683393,Quenched,Elliptical,Control4C
1237667914345742360,Control4C,Lim:1272,Satellite,10.62247,0.19619691789081167,0.11037270224381113,0.10865932181162906,Quenched,Spiral,Control4C
1237668297129328675,Control4C,Lim:1272,Satellite,10.39448,-0.009119148331831268,-0.04321979907697257,-0.037483831590960234,Quenched,Elliptical,Control4C
1237667914345611509,Control4C,Lim:1272,Satellite,9.766333,-0.1848411427269139,-0.07643553388870433,-0.07142425751315601,Starforming,Elliptical,Control4C
1237668496310730776,Control4C,Lim:1274,Satellite,11.0124,0.210659559924703,0.03637282547344814,0.01239862074840209,Quenched,Elliptical,Control4C
1237668496310665312,Control4C,Lim:1274,Satellite,10.5521,0.1455612218657134,0.07570168564388001,0.07672583172964147,Quenched,Elliptical,Control4C
1237668496310665432,Control4C,Lim:1274,Satellite,9.923389,0.15374598130109055,0.22652065804040789,0.234636532148862,Quenched,Elliptical,Control4C
1237664667370651768,Control4C,Lim:1275,Satellite,10.90763,0.17161647695175766,0.021098670500712458,0.004286179747476387,Quenched,Spiral,Control4C
1237662224066347142,Control4C,Lim:1275,Satellite,10.65743,0.1617793388380763,0.06802382870899762,0.06480494135333145,Quenched,Spiral,Control4C
1237664667907588102,Control4C,Lim:1275,Satellite,10.27267,-0.055778624700305444,-0.062244521988297455,-0.054212106557292555,Quenched,Elliptical,Control4C
1237665128011399283,Control4C,Lim:1278,Satellite,10.86693,0.2855971362609545,0.14431284483910195,0.1300485289291401,Quenched,Elliptical,Control4C
1237665128011464838,Control4C,Lim:1278,Satellite,10.45037,-0.22656522730891981,-0.2733455133115939,-0.2690556432270556,Quenched,Spiral,Control4C
1237665024372572310,Control4C,Lim:1278,Satellite,10.11136,-0.1231358190374761,-0.09300568906848787,-0.0837366615845008,Quenched,Elliptical,Control4C
1237661358610186319,Control4C,Lim:1282,Satellite,11.05743,0.2855971362609545,0.10109454967789233,0.07377572212610772,Quenched,Elliptical,Control4C
1237660635996160210,Control4C,Lim:1282,Satellite,9.703765,0.23148870508405484,0.35408897162119624,0.35732048581502895,Quenched,Elliptical,Control4C
1237660636533031076,Control4C,Lim:1282,Satellite,9.73709,-0.21694068641837377,-0.10190078568830477,-0.09768282827735551,Starforming,Spiral,Control4C
1237667209987948561,Control4C,Lim:1283,Satellite,10.81333,0.0409668678813979,-0.088157315295621,-0.09926551664427542,Starforming,Spiral,Control4C
1237667431717732380,Control4C,Lim:1283,Satellite,10.78363,0.3003078152646575,0.17792160251434688,0.1684644652258117,Quenched,Elliptical,Control4C
1237667209987883063,Control4C,Lim:1283,Satellite,10.24852,0.056455848346987726,0.05546880579990509,0.06381723675881538,Starforming,Spiral,Control4C
1237664289399374060,Control4C,Lim:1286,Satellite,9.888868,0.0383308008134032,0.11893717711839041,0.1265377959313808,Starforming,Spiral,Control4C
1237664289399439485,Control4C,Lim:1286,Satellite,9.802057,-0.0691168562521512,0.0311841311879531,0.03707284367236352,Quenched,Uncertain,Control4C
1237662264859557988,Control4C,Lim:1289,Satellite,10.84774,0.17548977917257252,0.03855907874359982,0.025450813399744754,Quenched,Elliptical,Control4C
1237662264859623727,Control4C,Lim:1289,Satellite,9.539905,-0.20752475187661884,-0.047749945470102806,-0.05064546403678383,Starforming,Spiral,Control4C
1237662198284157109,Control4C,Lim:1289,Satellite,9.895721,0.05135398835050857,0.130405640368148,0.1381160378648716,Quenched,Elliptical,Control4C
1237661356464799823,Control4C,Lim:1295,Satellite,10.49059,0.210659559924703,0.15475465538458094,0.15785113803191347,Quenched,Spiral,Control4C
1237661356464865319,Control4C,Lim:1295,Satellite,10.34073,0.12003830018504674,0.09813178783840924,0.10502563208096763,Quenched,Elliptical,Control4C
1237661356464799824,Control4C,Lim:1295,Satellite,9.522102,-0.10806121448408725,0.05575251742770422,0.05206352361727633,Starforming,Spiral,Control4C
1237661139030835274,Control4C,Lim:1296,Satellite,10.48853,0.210659559924703,0.1552220028283186,0.15838271477529992,Quenched,NoGZ,Control4C
1237661139030900758,Control4C,Lim:1296,Satellite,9.908285,0.011050416782760416,0.0872517031289804,0.09515372505172778,Starforming,Spiral,Control4C
1237661139030900756,Control4C,Lim:1296,Satellite,9.896727,-0.1983087080057814,-0.11948528488542379,-0.1117590845928883,Quenched,Elliptical,Control4C
1237659329778483267,Control4C,Lim:1297,Satellite,10.70275,0.027623555056661857,-0.0764135988346532,-0.08172788923461388,Quenched,Elliptical,Control4C
1237659325492560003,Control4C,Lim:1297,Satellite,9.673607,-1.0233458920722236,-0.8939037497058341,-0.8916405799012319,Starforming,Uncertain,Control4C
1237659325492560241,Control4C,Lim:1297,Satellite,10.07402,-0.1983087080057814,-0.15970733844981416,-0.15044514436182987,Quenched,Elliptical,Control4C
1237662698108878900,Control4C,Lim:1298,Satellite,10.59469,0.011050416782760416,-0.068471414404511,-0.0690573514649861,Quenched,Elliptical,Control4C
1237662698108813692,Control4C,Lim:1298,Satellite,10.4352,0.0383308008134032,-0.005007902314753697,-0.0003011163104642764,Quenched,Spiral,Control4C
1237662698108879110,Control4C,Lim:1298,Satellite,10.09068,0.056455848346987726,0.09127760216864661,0.10055645814643928,Quenched,Spiral,Control4C
1237648705115848766,Control4C,Lim:1300,Satellite,10.38304,0.3003078152646575,0.2688025309061002,0.27480406251392414,Quenched,Elliptical,Control4C
1237648722307842148,Control4C,Lim:1300,Satellite,9.86115,0.12003830018504674,0.20693299515291275,0.21405173543121947,Quenched,Elliptical,Control4C
1237648705115848927,Control4C,Lim:1300,Satellite,9.747048,0.011050416782760416,0.12383116904450767,0.12832686003074534,Quenched,Spiral,Control4C
1237661849862340734,Control4C,Lim:1301,Satellite,10.6624,0.16966679416987027,0.07478375161585082,0.07134299643048593,Quenched,NoGZ,Control4C
1237661849862340735,Control4C,Lim:1301,Satellite,10.37209,0.210659559924703,0.18163847678407335,0.18788451064323394,Quenched,NoGZ,Control4C
1237659132751577262,Control4C,Lim:1302,Satellite,10.85049,0.17355744610585364,0.03600285952625967,0.02273071407733543,Quenched,Spiral,Control4C
1237659132751577202,Control4C,Lim:1302,Satellite,9.795503,-0.13087399102014557,-0.029086112732342878,-0.0233508226011441,Starforming,Spiral,Control4C
1237659132751642639,Control4C,Lim:1302,Satellite,9.338893,-0.3305265412590219,-0.1251486065220859,-0.13845829712167376,Starforming,Elliptical,Control4C
1237665566618616242,Control4C,Lim:1404,Satellite,10.77011,0.210659559924703,0.09134059835853697,0.08261196832469597,Starforming,Spiral,Control4C
1237665566618616105,Control4C,Lim:1404,Satellite,10.47867,-0.1983087080057814,-0.25150934966757477,-0.24804585399784496,Starforming,Spiral,Control4C
1237665566618681710,Control4C,Lim:1404,Satellite,9.913556,0.056455848346987726,0.13146131509323522,0.13944001513604493,Starforming,Spiral,Control4C
1237664668438102203,Control4C,Lim:1436,Satellite,10.57306,0.005382592656735859,-0.06923209037128639,-0.06898240807153969,Starforming,Spiral,Control4C
1237662224596926575,Control4C,Lim:1436,Satellite,10.10774,0.0383308008134032,0.0692821918242999,0.07855537992212844,Quenched,Elliptical,Control4C
1237662224596926532,Control4C,Lim:1436,Satellite,9.655488,-0.17177874325082548,-0.03822598518876155,-0.03657916144994672,Starforming,Spiral,Control4C
1237662263778803812,Control4C,Lim:1437,Satellite,10.4944,-0.1983087080057814,-0.255077978449128,-0.25210117250150654,Quenched,Elliptical,Control4C
1237662263778672812,Control4C,Lim:1437,Satellite,10.50504,0.22979059425991835,0.1706074515828961,0.17324396738998815,Quenched,Elliptical,Control4C
1237662237478158404,Control4C,Lim:1437,Satellite,10.19642,0.09756027280667182,0.10839303696772037,0.11726625752639865,Quenched,Elliptical,Control4C
1237661386013147302,Control4C,Lim:1443,Satellite,10.40627,0.005382592656735859,-0.03139282816688651,-0.025941371200291448,Quenched,Elliptical,Control4C
1237661386013147356,Control4C,Lim:1443,Satellite,10.20143,0.10894469627808792,0.11864085330655025,0.12747293116565314,Quenched,Elliptical,Control4C
1237661386013147569,Control4C,Lim:1443,Satellite,10.06806,0.07385466443403327,0.11380816542916528,0.12305907201924818,Quenched,Elliptical,Control4C
1237665548350193740,Control4C,Lim:1447,Satellite,10.95376,0.3003078152646575,0.1393246022215563,0.11946570712734794,Quenched,Elliptical,Control4C
1237665531172683959,Control4C,Lim:1447,Satellite,10.28839,-0.10437295273032035,-0.1144052101229539,-0.1066032636253522,Quenched,Elliptical,Control4C
1237667448886526055,Control4C,Lim:1447,Satellite,9.650401,-0.1549517826247632,-0.02024494861789583,-0.018775831476258442,Starforming,NoGZ,Control4C
1237661967423373381,Control4C,Lim:1451,Satellite,10.55181,0.1393198083248698,0.06952606373346545,0.07056068171271221,Quenched,Elliptical,Control4C
1237661967423111358,Control4C,Lim:1451,Satellite,10.26895,-0.09708903351335806,-0.10271098299032813,-0.09462688649279508,Starforming,Spiral,Control4C
1237662195056640151,Control4C,Lim:1451,Satellite,10.00999,0.0409668678813979,0.09409457570073672,0.10308859044893423,Starforming,Elliptical,Control4C
1237664817674190926,Control4C,Lim:1455,Satellite,10.60916,0.17548977917257252,0.09268517249457842,0.09151958446029647,Quenched,Elliptical,Control4C
1237664817673994368,Control4C,Lim:1455,Satellite,10.5875,0.1496728826525962,0.07178223016458504,0.07147816252324012,Quenched,Spiral,Control4C
1237664817674256458,Control4C,Lim:1455,Satellite,9.521481,-0.19377293476141427,-0.029818318013427852,-0.033535441707178704,Starforming,Uncertain,Control4C
1237658800968761371,Control4C,Lim:1459,Satellite,8.14252,-0.1549517826247632,0.32184453235837696,0.18049634485506919,Starforming,NoGZ,Control4C
1237658916923834489,Control4C,Lim:1459,Satellite,9.733941,-0.1549517826247632,-0.03919747553531011,-0.035068976118516754,Starforming,Spiral,Control4C
1237659161201803332,Control4C,Lim:1460,Satellite,10.53209,0.12003830018504674,0.054718386462823676,0.05644950186381349,Quenched,Elliptical,Control4C
1237651272425668786,Control4C,Lim:1464,Satellite,10.32467,0.09986115685840526,0.08159813963139549,0.08879364782400069,Quenched,Elliptical,Control4C
1237651272425668776,Control4C,Lim:1464,Satellite,10.12949,-0.021079757759797816,0.004937260968913362,0.014169870224603007,Quenched,Elliptical,Control4C
1237667911124582565,Control4C,Lim:1472,Satellite,10.26445,0.09524713375865783,0.0906460888917951,0.09879124125863314,Quenched,Elliptical,Control4C
1237667549810720966,Control4C,Lim:1472,Satellite,9.997216,0.10442667462051756,0.1604523903264144,0.16935413820909143,Starforming,Spiral,Control4C
1237667911124516982,Control4C,Lim:1472,Satellite,10.06725,-0.13087399102014557,-0.09073672719519436,-0.08148757131635875,Starforming,Spiral,Control4C
1237655469135692013,Control4C,Lim:1475,Satellite,10.68757,-0.003260164289578826,-0.10385346662946501,-0.10844782098008157,Quenched,NoGZ,Control4C
1237655469135626467,Control4C,Lim:1475,Satellite,10.50921,0.2734587195397252,0.21332953859067016,0.21583024863505618,NosSFR,NoGZ,Control4C
1237655469135692305,Control4C,Lim:1475,Satellite,9.585199,-0.1231358190374761,0.02636324216677309,0.02537354378176228,NosSFR,NoGZ,Control4C
1237665127453753414,Control4C,Lim:1480,Satellite,10.83371,0.1943547474969782,0.060607000774628966,0.0483255198746938,Quenched,Elliptical,Control4C
1237665127453753512,Control4C,Lim:1480,Satellite,10.32298,-0.015058301950004111,-0.032937912778995805,-0.025711845634501948,Starforming,Spiral,Control4C
1237665127453753406,Control4C,Lim:1480,Satellite,10.23115,0.0383308008134032,0.041284450061334715,0.04983168049204201,Quenched,NoGZ,Control4C
1237667912203829259,Control4C,Lim:1482,Satellite,10.1983,0.12003830018504674,0.13044455308676162,0.13930256737252675,Quenched,Elliptical,Control4C
1237667912740634801,Control4C,Lim:1482,Satellite,10.29466,-0.006179776081068299,-0.01763449389711819,-0.009929918888766126,Starforming,Spiral,Control4C
1237667912203894825,Control4C,Lim:1482,Satellite,9.939545,0.08586937063632526,0.1549787729576661,0.16330343912893314,Quenched,Elliptical,Control4C
1237661874014650453,Control4C,Lim:1483,Satellite,10.08049,-0.16328380351680608,-0.12615026792248163,-0.11687899810029212,Starforming,Spiral,Control4C
1237661852006678622,Control4C,Lim:1483,Satellite,10.38556,0.2365435592168414,0.20446656827662388,0.2104104896611287,Quenched,Elliptical,Control4C
1237661874014584855,Control4C,Lim:1483,Satellite,9.559867,-0.16328380351680608,-0.00803772996072638,-0.010073333926831934,Starforming,Spiral,Control4C
1237658205595107573,Control4C,Lim:1484,Satellite,10.15869,0.05135398835050857,0.07074647049807908,0.07986581786894578,Starforming,Spiral,Control4C
1237658205595041980,Control4C,Lim:1484,Satellite,10.24946,0.09756027280667182,0.09635997462992232,0.10469696724117314,Starforming,Spiral,Control4C
1237658205595107580,Control4C,Lim:1484,Satellite,10.12307,0.11118620289364924,0.13865971219944692,0.14790818792830962,Quenched,Elliptical,Control4C
1237662194000461972,Control4C,Lim:1485,Satellite,10.23961,0.12003830018504674,0.12107264876597623,0.1295260329447624,Quenched,Elliptical,Control4C
1237662306190295221,Control4C,Lim:1485,Satellite,9.904114,0.04619148126786086,0.12333903275380462,0.131178822355128,Starforming,Elliptical,Control4C
1237662306190295191,Control4C,Lim:1485,Satellite,9.920089,0.0383308008134032,0.11185414093346577,0.1199248306307735,Starforming,Spiral,Control4C
1237674602676289706,Control4C,Lim:1486,Satellite,10.54114,0.0383308008134032,-0.0290422655135913,-0.02762697473692704,Starforming,Spiral,Control4C
1237674602676289826,Control4C,Lim:1486,Satellite,10.0505,-0.07594282963262874,-0.03200553198116696,-0.022804200754357982,Starforming,Spiral,Control4C
1237664814452244710,Control4C,Lim:1486,Satellite,9.472246,-0.28368883398995764,-0.10856438646894168,-0.11460873194245025,Starforming,Spiral,Control4C
1237648721757929562,Control4C,Lim:1488,Satellite,9.794154,-0.40448393776297437,-0.30239001495983076,-0.29668672476524666,Starforming,Spiral,Control4C
1237651801774358588,Control4C,Lim:1488,Satellite,9.848377,0.005382592656735859,0.09517506864346892,0.10205131452145444,Starforming,Spiral,Control4C
1237648721757929485,Control4C,Lim:1488,Satellite,9.698714,-0.1387524855065975,-0.015006310261533429,-0.011931968086420525,Quenched,Spiral,Control4C
1237657606426722476,Control4C,Lim:1490,Satellite,10.49283,0.0383308008134032,-0.018082287354861275,-0.015056026855923936,Quenched,Elliptical,Control4C
1237657606426787999,Control4C,Lim:1490,Satellite,9.829203,-0.1983087080057814,-0.10416627090922673,-0.09767824507553294,Starforming,Spiral,Control4C
1237657606426591432,Control4C,Lim:1490,Satellite,9.966885,-0.19377293476141427,-0.13086609511570294,-0.12223508739749973,Starforming,Spiral,Control4C
1237665372258828633,Control4C,Lim:1492,Satellite,10.52992,0.09986115685840526,0.03503354602594495,0.03683942752614726,Quenched,Elliptical,Control4C
1237665372258828656,Control4C,Lim:1492,Satellite,10.23598,0.056455848346987726,0.05831372664673737,0.0668080709493564,Starforming,Spiral,Control4C
1237665372258828586,Control4C,Lim:1492,Satellite,10.04991,-0.003260164289578826,0.04081098529965235,0.05001022772488434,Quenched,Elliptical,Control4C
1237654879118229530,Control4C,Lim:1494,Satellite,10.03815,-0.16328380351680608,-0.11654468987982763,-0.10739282044123671,Starforming,Elliptical,Control4C
1237655123940606220,Control4C,Lim:1494,Satellite,10.5848,0.12003830018504674,0.04276019046310016,0.0425609157754408,Quenched,Elliptical,Control4C
1237655123940606209,Control4C,Lim:1494,Satellite,9.730328,0.03567863566659506,0.1522526157241187,0.15627751033509807,Starforming,Elliptical,Control4C
1237663916801851543,Control4C,Lim:1496,Satellite,9.973765,-0.10437295273032035,-0.04302696279961768,-0.034328167933652856,Starforming,Spiral,Control4C
1237663787417469125,Control4C,Lim:1496,Satellite,10.26255,-0.1983087080057814,-0.2024787042594875,-0.1943082532140813,Quenched,Elliptical,Control4C
1237663787417600310,Control4C,Lim:1496,Satellite,10.15167,0.12439759440607599,0.14538268774541407,0.1545354166794806,Starforming,Spiral,Control4C
1237660671429967979,Control4C,Lim:1497,Satellite,10.36056,0.17548977917257252,0.14908448051072903,0.15557772612925058,Quenched,Elliptical,Control4C
1237660671429968008,Control4C,Lim:1497,Satellite,10.54078,0.12003830018504674,0.05274690622686097,0.05417488380242674,Starforming,Spiral,Control4C
1237661950780047494,Control4C,Lim:1497,Satellite,9.916123,0.04619148126786086,0.1206145786509647,0.1286298262850757,Starforming,Elliptical,Control4C
1237665129087565862,Control4C,Lim:1498,Satellite,10.36946,0.005382592656735859,-0.02304182845620888,-0.016738480586634616,Starforming,Spiral,Control4C
1237665129087631503,Control4C,Lim:1498,Satellite,10.02877,0.056455848346987726,0.10532298092681211,0.11442922980262402,Starforming,Spiral,Control4C
1237665129087565950,Control4C,Lim:1498,Satellite,9.038531,-0.1231358190374761,0.1503845491441383,0.11556322910997306,Starforming,Spiral,Control4C
1237667782270583070,Control4C,Lim:1499,Satellite,9.637333,0.09986115685840526,0.2375326978530244,0.2385359301077985,Quenched,Uncertain,Control4C
1237667782270583073,Control4C,Lim:1499,Satellite,9.75534,0.04619148126786086,0.15709104663471682,0.16181202631166147,Quenched,Elliptical,Control4C
1237667782270648848,Control4C,Lim:1499,Satellite,9.694048,-0.05250706908668513,0.07229767080521471,0.07522502955412816,Starforming,Uncertain,Control4C
1237653589017362552,Control4C,Lim:1599,Satellite,10.95201,0.1287135660717291,-0.03187262851188563,-0.05161288569582309,Quenched,Spiral,Control4C
1237654391639507212,Control4C,Lim:1599,Satellite,10.76021,-0.003260164289578826,-0.12033313571350877,-0.12853747856735195,Starforming,Spiral,Control4C
1237654391639441458,Control4C,Lim:1599,Satellite,10.36816,0.09756027280667182,0.06943077969220264,0.07576225581404636,Quenched,Elliptical,Control4C
1237661381704024169,Control4C,Lim:1600,Satellite,10.6562,0.005382592656735859,-0.0880938702122469,-0.09125814994688741,Quenched,Spiral,Control4C
1237661381704089681,Control4C,Lim:1600,Satellite,9.868852,-0.3367530128963952,-0.2516056528856506,-0.24434692172858546,Starforming,Elliptical,Control4C
1237661381703958722,Control4C,Lim:1600,Satellite,10.26157,-0.00036000557862243517,-0.004307671495016634,0.0038757168237478676,Quenched,Elliptical,Control4C
1237654383585329365,Control4C,Lim:1616,Satellite,10.71634,0.21243398995807833,0.10531370414423905,0.09933943743405226,Quenched,Elliptical,Control4C
1237654383585394820,Control4C,Lim:1616,Satellite,10.39758,0.09756027280667182,0.06275633221901217,0.06841855643417949,Quenched,Elliptical,Control4C
1237654391644618891,Control4C,Lim:1616,Satellite,10.41594,-0.6964434765481651,-0.7354127079450629,-0.7302028021584566,Starforming,Elliptical,Control4C
1237659330849276115,Control4C,Lim:1619,Satellite,10.87738,0.12003830018504674,-0.023616758609166233,-0.038522845381870785,Quenched,Elliptical,Control4C
1237659326026547606,Control4C,Lim:1619,Satellite,10.55366,-0.059074962477950764,-0.129288412297955,-0.12832071180885932,Starforming,NoGZ,Control4C
1237659330312536341,Control4C,Lim:1619,Satellite,10.10744,-0.055778624700305444,-0.024759173382068407,-0.01548568694813169,Starforming,Elliptical,Control4C
1237668624622092360,Control4C,Lim:1659,Satellite,10.4788,0.09058356357502098,0.03735342911337997,0.040812982684392374,Starforming,Spiral,Control4C
1237668624622157845,Control4C,Lim:1659,Satellite,9.997185,-0.10071575008869796,-0.044683001484375956,-0.03578149319983519,Starforming,Spiral,Control4C
1237668624621961294,Control4C,Lim:1659,Satellite,9.437902,0.024904982184311565,0.20782097368966673,0.20003985192830617,Starforming,Spiral,Control4C
1237655465385394461,Control4C,Lim:1664,Satellite,10.72704,0.01664564199347177,-0.09290212811551157,-0.09940629226720113,Quenched,Spiral,Control4C
1237655370904764505,Control4C,Lim:1664,Satellite,10.66017,0.12003830018504674,0.02566117258225803,0.022320209177451714,Quenched,Elliptical,Control4C
1237655465385459816,Control4C,Lim:1664,Satellite,10.17687,0.09756027280667182,0.11282830032940896,0.12184309612891736,Quenched,Elliptical,Control4C
1237662698640441555,Control4C,Lim:1670,Satellite,10.597,0.01385725040186069,-0.06618864515193239,-0.06686600818537071,Quenched,Spiral,Control4C
1237662698640506996,Control4C,Lim:1670,Satellite,10.5691,0.0383308008134032,-0.03538548615772478,-0.03498682346019285,Quenched,Elliptical,Control4C
1237664854183313713,Control4C,Lim:1670,Satellite,9.959099,-0.21220723669545014,-0.14753400520656212,-0.13898422311528347,Starforming,Spiral,Control4C
1237665566082400802,Control4C,Lim:1678,Satellite,10.46534,0.12003830018504674,0.06986180484608234,0.07372242793450182,Quenched,Spiral,Control4C
1237668336861511907,Control4C,Lim:1678,Satellite,8.543398,-0.3006665564381726,0.08518349225816751,-0.0006615959392778925,Starforming,NoGZ,Control4C
1237668336324706372,Control4C,Lim:1678,Satellite,10.10874,-0.00036000557862243517,0.03036451774113944,0.03963666001963879,Starforming,Spiral,Control4C
1237663786885906868,Control4C,Lim:1698,Satellite,10.53559,0.17355744610585364,0.10744349546465845,0.10905323626686975,Quenched,Elliptical,Control4C
1237663916270158057,Control4C,Lim:1698,Satellite,10.31535,0.09756027280667182,0.08141166246103962,0.08877288718106761,Quenched,Elliptical,Control4C
1237661949719478394,Control4C,Lim:1701,Satellite,10.28027,0.0025206987823348363,-0.005669392958282874,0.0022540381993794182,Starforming,Spiral,Control4C
1237661949719478403,Control4C,Lim:1701,Satellite,10.04496,0.15576829454635008,0.20096243920669948,0.21014307340241561,Quenched,Elliptical,Control4C
1237661070324858895,Control4C,Lim:1714,Satellite,10.9583,0.17741355266189243,0.015400360301038835,-0.004767443758110695,Quenched,Uncertain,Control4C
1237661070324858902,Control4C,Lim:1714,Satellite,10.27178,0.005382592656735859,-0.0008813923861460266,0.007163487120040782,Starforming,Spiral,Control4C
1237661070324858899,Control4C,Lim:1714,Satellite,10.25661,0.011050416782760416,0.008228014614395731,0.016475717258765336,Starforming,Spiral,Control4C
1237667430641696794,Control4C,Lim:1716,Satellite,10.78507,-0.1231358190374761,-0.24584872126302076,-0.255384302224114,Starforming,Spiral,Control4C
1237667430641697079,Control4C,Lim:1716,Satellite,10.40711,0.03567863566659506,-0.0012873540175807122,0.00414341328843966,Starforming,Spiral,Control4C
1237667430641697017,Control4C,Lim:1716,Satellite,9.795736,-0.003260164289578826,0.09847485382618949,0.10421565643914936,Quenched,Elliptical,Control4C
1237661813348434037,Control4C,Lim:1718,Satellite,10.45015,0.0383308008134032,-0.008399574297221483,-0.004103528014887468,Quenched,Spiral,Control4C
1237661812811563096,Control4C,Lim:1718,Satellite,10.43329,0.1496728826525962,0.1067674968145072,0.11152548620597913,Starforming,Spiral,Control4C
1237661950254448669,Control4C,Lim:1718,Satellite,9.050049,-0.27817389220561206,-0.007266586090489802,-0.04113154558584592,Starforming,Spiral,Control4C
1237648704600670761,Control4C,Lim:1719,Satellite,11.03549,0.12003830018504674,-0.05948680925451427,-0.0851560171883479,Quenched,Spiral,Control4C
1237648721792729473,Control4C,Lim:1719,Satellite,9.848671,-0.021079757759797816,0.06864601912574153,0.07552799153335435,Quenched,Elliptical,Control4C
1237648721792729305,Control4C,Lim:1719,Satellite,9.901848,-0.021079757759797816,0.056581875914257895,0.06438727991954353,Quenched,Elliptical,Control4C
1237665567155028247,Control4C,Lim:1722,Satellite,10.24561,-0.04283781747327553,-0.04316467503915544,-0.03478127654931615,Quenched,Uncertain,Control4C
1237665567154962520,Control4C,Lim:1722,Satellite,9.948594,0.03301017461500066,0.10006665119926145,0.10849925021532514,Starforming,Elliptical,Control4C
1237665530649706709,Control4C,Lim:1722,Satellite,10.19219,-0.1983087080057814,-0.18651629351123203,-0.17760988003869313,Quenched,Elliptical,Control4C
1237662239091916865,Control4C,Lim:1729,Satellite,10.03529,-0.015058301950004111,0.03232965328362032,0.041468349616474824,Starforming,Elliptical,Control4C
1237662239091917063,Control4C,Lim:1729,Satellite,9.735239,-0.021079757759797816,0.09438007506656204,0.09854554349439455,Starforming,Spiral,Control4C
1237662239091982527,Control4C,Lim:1729,Satellite,9.599685,-0.22656522730891981,-0.0803525714784516,-0.08076696373653264,Starforming,Spiral,Control4C
1237667783903346812,Control4C,Lim:1731,Satellite,10.5824,0.18878060169439917,0.11204697443117642,0.11194036540847034,Quenched,Elliptical,Control4C
1237667783903281233,Control4C,Lim:1731,Satellite,10.37853,0.0383308008134032,0.007848689741864506,0.013952072619797144,Starforming,Spiral,Control4C
1237667783903346858,Control4C,Lim:1731,Satellite,10.55594,0.12003830018504674,0.049307592029255026,0.050192449172139705,Quenched,Elliptical,Control4C
1237667736128913415,Control4C,Lim:1732,Satellite,10.42342,0.0882328635448647,0.047566661818277595,0.05258465271554555,Quenched,Elliptical,Control4C
1237667736128847908,Control4C,Lim:1732,Satellite,10.08506,-0.003260164289578826,0.0328365859562586,0.04211227281237169,Quenched,Spiral,Control4C
1237667736128782467,Control4C,Lim:1732,Satellite,9.931241,-0.00036000557862243517,0.07063330604990327,0.07885323178182728,Starforming,Elliptical,Control4C
1237661418750279810,Control4C,Lim:1733,Satellite,10.50006,0.16376467280347848,0.10571133122830828,0.10850823189020836,Quenched,Elliptical,Control4C
1237661418750279849,Control4C,Lim:1733,Satellite,9.876513,-0.16751050324578506,-0.08410117661682517,-0.07670785019870657,Starforming,Spiral,Control4C
1237661388679348337,Control4C,Lim:1733,Satellite,9.904014,0.07385466443403327,0.15102490268909047,0.1588631833908179,Quenched,Uncertain,Control4C
1237661949711220877,Control4C,Lim:1737,Satellite,10.0556,-0.16751050324578506,-0.12473023081911169,-0.11551199044937183,Quenched,Elliptical,Control4C
1237661949711220893,Control4C,Lim:1737,Satellite,9.961017,-0.021079757759797816,0.04315834149749337,0.05172857737681895,Quenched,Elliptical,Control4C
1237661949711220837,Control4C,Lim:1737,Satellite,9.96844,0.12439759440607599,0.18695165479207254,0.1955983107624052,Quenched,Uncertain,Control4C
1237655348358021297,Control4C,Lim:1739,Satellite,9.959058,0.01941624484406951,0.08409877790829393,0.09264811959696026,Starforming,Spiral,Control4C
1237655473429741825,Control4C,Lim:1739,Satellite,10.07515,-0.1117810674162761,-0.07343605835129131,-0.06417204074251445,Starforming,Spiral,Control4C
1237667430105022483,Control4C,Lim:1740,Satellite,10.60872,0.12003830018504674,0.037333515291151864,0.03618579704870596,Quenched,NoGZ,Control4C
1237667430105022513,Control4C,Lim:1740,Satellite,10.0515,0.210659559924703,0.25436998988502957,0.2635747986293714,Quenched,Uncertain,Control4C
1237667430105022648,Control4C,Lim:1740,Satellite,9.659697,-0.00036000557862243517,0.13223786637145457,0.13403017913298582,Starforming,Spiral,Control4C
1237654652561588590,Control4C,Lim:1743,Satellite,10.62591,0.04619148126786086,-0.04041315923664383,-0.0422703945523363,Starforming,Spiral,Control4C
1237654652561653886,Control4C,Lim:1743,Satellite,9.77468,-0.16328380351680608,-0.05677185929650014,-0.051546538704206085,Quenched,Elliptical,Control4C
1237654652561654051,Control4C,Lim:1743,Satellite,9.664881,-0.1983087080057814,-0.06688691816654799,-0.06491733833495897,Quenched,Elliptical,Control4C
1237655471822209115,Control4C,Lim:1744,Satellite,10.86645,0.09986115685840526,-0.041314238071702605,-0.05554928280731307,Quenched,Spiral,Control4C
1237655471822209218,Control4C,Lim:1744,Satellite,10.6772,0.0714113894018661,-0.02682929498095056,-0.030942304160905,Starforming,Spiral,Control4C
1237659326567678032,Control4C,Lim:1744,Satellite,9.977571,0.005382592656735859,0.06586512415497908,0.07459981172310609,Starforming,Spiral,Control4C
1237668349214785655,Control4C,Lim:1746,Satellite,10.48122,-0.03650924669124571,-0.09028840096543349,-0.08690247490695618,Starforming,Spiral,Control4C
1237668331493916905,Control4C,Lim:1746,Satellite,9.918725,-0.16328380351680608,-0.0894510158660353,-0.08139925375550613,Starforming,Spiral,Control4C
1237668349214785881,Control4C,Lim:1746,Satellite,10.17023,-0.10437295273032035,-0.08759852373844729,-0.07854251425369009,Starforming,Spiral,Control4C
1237655743482691805,Control4C,Lim:1747,Satellite,10.60319,0.09524713375865783,0.01379692719673932,0.01287249529312845,Starforming,Spiral,Control4C
1237655743482757360,Control4C,Lim:1747,Satellite,10.31273,0.24319337424724807,0.22763915725238953,0.23504573147298485,Quenched,Spiral,Control4C
1237655743482757400,Control4C,Lim:1747,Satellite,9.202137,-0.1387524855065975,0.09765096719919097,0.07543099323720145,Starforming,Spiral,Control4C
1237662531137568924,Control4C,Lim:1749,Satellite,10.63846,0.3003078152646575,0.21085598523640886,0.20846600144930222,Quenched,Elliptical,Control4C
1237662531137634375,Control4C,Lim:1749,Satellite,9.664572,-0.1387524855065975,-0.007260593550803468,-0.005301520465613246,Starforming,Spiral,Control4C
1237662531137568918,Control4C,Lim:1749,Satellite,9.527885,-0.26734992123701173,-0.10484816518305357,-0.10827666558767396,Starforming,Spiral,Control4C
1237662303514591245,Control4C,Lim:1750,Satellite,11.06022,0.210659559924703,0.025524012483374464,-0.002007315139087973,Quenched,Elliptical,Control4C
1237662303514656781,Control4C,Lim:1750,Satellite,10.54906,0.1287135660717291,0.059543707630945644,0.0606772977278687,Starforming,Spiral,Control4C
1237661873481318442,Control4C,Lim:1751,Satellite,10.41805,-0.05250706908668513,-0.09195499131187729,-0.08679877424566423,Starforming,Spiral,Control4C
1237661873481384179,Control4C,Lim:1751,Satellite,9.82633,-0.1549517826247632,-0.06015755465157796,-0.053730201790703674,Starforming,Spiral,Control4C
1237657590857531471,Control4C,Lim:1753,Satellite,9.905485,0.04619148126786086,0.12302799714925844,0.13088839407851768,Starforming,Spiral,Control4C
1237658802572099607,Control4C,Lim:1753,Satellite,9.997456,-0.00036000557862243517,0.05561126188140206,0.06451486214752955,Quenched,Elliptical,Control4C
1237657590857400524,Control4C,Lim:1753,Satellite,9.759063,-0.1387524855065975,-0.028697548553836744,-0.02387718463493199,Starforming,NoGZ,Control4C
1237655129844416636,Control4C,Lim:1754,Satellite,10.8885,0.12003830018504674,-0.026139527334586993,-0.04173800929302551,Quenched,Elliptical,Control4C
1237655503498248707,Control4C,Lim:1754,Satellite,9.367236,-0.16328380351680608,0.03566402025029192,0.024016114044472014,Starforming,Spiral,Control4C
1237655503498314153,Control4C,Lim:1754,Satellite,9.786156,-0.1983087080057814,-0.09440029740894024,-0.08888968340885346,Quenched,Uncertain,Control4C
1237667782850052122,Control4C,Lim:1756,Satellite,10.15845,0.12003830018504674,0.1394852305784896,0.1486057834933507,Quenched,Elliptical,Control4C
1237667782850052123,Control4C,Lim:1756,Satellite,10.0854,0.0383308008134032,0.07435041604425485,0.08362636555858158,Quenched,Elliptical,Control4C
1237667293188653149,Control4C,Lim:1757,Satellite,10.80993,0.09756027280667182,-0.030792560220488013,-0.041708217703194356,Quenched,NoGZ,Control4C
1237667293188718744,Control4C,Lim:1757,Satellite,10.61392,0.1943547474969782,0.11047025060918146,0.10911036591606914,Starforming,Spiral,Control4C
1237667293188718767,Control4C,Lim:1757,Satellite,9.963448,-0.1983087080057814,-0.13462212410563923,-0.12602638148083822,Quenched,Spiral,Control4C
1237663915730272292,Control4C,Lim:1758,Satellite,10.63624,0.24319337424724807,0.15424519049331892,0.15195035199156065,Quenched,Spiral,Control4C
1237663915730272609,Control4C,Lim:1758,Satellite,10.38429,0.09524713375865783,0.06345826478618168,0.06943128261968637,Quenched,Elliptical,Control4C
1237663915730272304,Control4C,Lim:1758,Satellite,10.20187,0.1393198083248698,0.14891614356923288,0.15774451334759396,Quenched,Spiral,Control4C
1237665549437960610,Control4C,Lim:1759,Satellite,11.09836,-0.062396561398671085,-0.256184842579887,-0.2866827805319889,Starforming,Spiral,Control4C
1237665532260581636,Control4C,Lim:1759,Satellite,10.13052,-0.012078550350336925,0.013704794656505226,0.0229345551609901,Quenched,Spiral,Control4C
1237665549437960502,Control4C,Lim:1759,Satellite,9.615507,0.04619148126786086,0.18881463648919175,0.18900966177557685,Quenched,Elliptical,Control4C
1237657611263475859,Control4C,Lim:1939,Satellite,10.46275,0.1287135660717291,0.07912465805280415,0.08306081324111608,Starforming,Spiral,Control4C
1237657220414308480,Control4C,Lim:1939,Satellite,10.46371,-0.04926002271457847,-0.0990667237169932,-0.09515850315427549,Starforming,Spiral,Control4C
1237657220414308395,Control4C,Lim:1939,Satellite,9.392964,-0.6553778665466884,-0.46226689473711036,-0.4724613038736539,Starforming,Spiral,Control4C
1237662341090312387,Control4C,Lim:1948,Satellite,10.55483,0.12003830018504674,0.04955941516641457,0.05048465525264523,Quenched,Elliptical,Control4C
1237662665889939764,Control4C,Lim:1948,Satellite,10.40776,-0.26203736643140163,-0.2991508201148152,-0.2937361009325901,Quenched,Spiral,Control4C
1237662306740601080,Control4C,Lim:1948,Satellite,9.891737,-0.07594282963262874,0.004012663266492578,0.011659692416329567,Starforming,Spiral,Control4C
1237660635995242604,Control4C,Lim:1949,Satellite,10.3098,0.09524713375865783,0.08035763909882493,0.08781428607576042,Quenched,NoGZ,Control4C
1237661357535461544,Control4C,Lim:1949,Satellite,10.03271,-0.14677660869441173,-0.09880333481765909,-0.08967707647505625,Starforming,NoGZ,Control4C
1237660635995308152,Control4C,Lim:1949,Satellite,10.12651,-0.030271526760011918,-0.003578442311718371,0.005661936801198617,Starforming,Spiral,Control4C
1237667536398909508,Control4C,Lim:1953,Satellite,10.83818,0.17741355266189243,0.04265170736017007,0.030108498936708694,Quenched,Elliptical,Control4C
1237667536398975190,Control4C,Lim:1953,Satellite,10.21963,0.06895429106965624,0.07452145611946227,0.0831873827236114,Starforming,Spiral,Control4C
1237667536398909593,Control4C,Lim:1953,Satellite,9.361501,-0.3006665564381726,-0.10041764646241572,-0.1123966796531978,Starforming,Spiral,Control4C
1237667734497722543,Control4C,Lim:1954,Satellite,10.91391,0.18878060169439917,0.03683806614302634,0.01962073523035296,Quenched,Spiral,Control4C
1237667734497722567,Control4C,Lim:1954,Satellite,10.63546,0.04358703111597816,-0.045184195838865564,-0.04744569737418534,Quenched,Elliptical,Control4C
1237667782286704806,Control4C,Lim:1954,Satellite,10.17,-0.059074962477950764,-0.042248353917116614,-0.03319097928284248,Quenched,Spiral,Control4C
1237651190815719555,Control4C,Lim:1977,Satellite,10.98494,0.210659559924703,0.04260261227201401,0.02058935931602726,Quenched,NoGZ,Control4C
1237651190815719612,Control4C,Lim:1977,Satellite,10.49914,0.25779277210434204,0.19994814880501577,0.20277446432623983,Quenched,NoGZ,Control4C
1237651190815719626,Control4C,Lim:1977,Satellite,10.13641,-0.00036000557862243517,0.024087088727435025,0.03329894833746319,Quenched,NoGZ,Control4C
1237655464844263595,Control4C,Lim:1996,Satellite,10.28438,-0.0899253200661028,-0.09904783801728537,-0.09118524604623521,Starforming,Spiral,Control4C
1237655369826697452,Control4C,Lim:1996,Satellite,10.18829,-0.11931785883562805,-0.10664066034565238,-0.09770489628519863,Starforming,Spiral,Control4C
1237655464844198086,Control4C,Lim:1996,Satellite,10.20707,0.12003830018504674,0.128454923435508,0.13723831163273517,Quenched,Spiral,Control4C
1237664668981264486,Control4C,Lim:2009,Satellite,10.40338,0.0383308008134032,0.0022110276171606255,0.007733240940553377,Quenched,Elliptical,Control4C
1237664668981330034,Control4C,Lim:2009,Satellite,10.3767,0.210659559924703,0.1805926167279413,0.1867368688566613,Quenched,Elliptical,Control4C
1237662225140088946,Control4C,Lim:2009,Satellite,10.06654,0.06648321213101471,0.1067815520166717,0.11602913068007137,Starforming,Spiral,Control4C
1237654391103553687,Control4C,Lim:2018,Satellite,10.901,0.030325216163527402,-0.11868845749529316,-0.13507692730614154,Starforming,Spiral,Control4C
1237654391103619286,Control4C,Lim:2018,Satellite,10.61642,0.0409668678813979,-0.04348479823423612,-0.044947446635151975,Quenched,Elliptical,Control4C
1237661852019261469,Control4C,Lim:2021,Satellite,10.61803,0.210659559924703,0.12584263682634184,0.12431354714256601,Quenched,Elliptical,Control4C
1237661874027102311,Control4C,Lim:2021,Satellite,9.781072,-0.1983087080057814,-0.09324690206721009,-0.08786139230879636,Starforming,Elliptical,Control4C
1237661852019196066,Control4C,Lim:2021,Satellite,9.60392,-0.2892746251283065,-0.1440227539697951,-0.14427208742000838,Starforming,Spiral,Control4C
1237671260671443267,Control4C,Lim:2025,Satellite,10.59335,0.09524713375865783,0.016029305277507427,0.015496209943695188,Quenched,Spiral,Control4C
1237671260671443213,Control4C,Lim:2025,Satellite,10.50095,0.03567863566659506,-0.02257661815368526,-0.01980823682083832,Starforming,Elliptical,Control4C
1237671260671443273,Control4C,Lim:2025,Satellite,10.07745,0.09292160846959709,0.1307448218449715,0.14001223933436036,Starforming,Spiral,Control4C
1237659326018355451,Control4C,Lim:2038,Satellite,10.86108,0.18878060169439917,0.04882348626568625,0.034914671542557146,Starforming,Spiral,Control4C
1237659326018355471,Control4C,Lim:2038,Satellite,10.1022,0.01941624484406951,0.05162448286385386,0.06090203321680514,Starforming,Elliptical,Control4C
1237659149921091774,Control4C,Lim:2038,Satellite,9.839446,0.04358703111597816,0.13540566245223726,0.14210469504864204,Starforming,Spiral,Control4C
1237662267539980622,Control4C,Lim:2039,Satellite,10.31967,0.05898447772959352,0.04185579895825832,0.04914106432707735,Starforming,Spiral,Control4C
1237662267539980658,Control4C,Lim:2039,Satellite,10.44177,0.01941624484406951,-0.025412979014844055,-0.020884523296512806,Quenched,Spiral,Control4C
1237662267539980522,Control4C,Lim:2039,Satellite,9.576892,-0.15909778063256153,-0.0077141295180545855,-0.009041218597153927,Starforming,Spiral,Control4C
1237668293375951070,Control4C,Lim:2041,Satellite,10.72956,0.19985798101343002,0.08973850432278688,0.08310822557567916,Quenched,Elliptical,Control4C
1237668293376016459,Control4C,Lim:2041,Satellite,10.1287,-0.1117810674162761,-0.08558482321156824,-0.07635008580175487,Quenched,Elliptical,Control4C
1237655473432101295,Control4C,Lim:2051,Satellite,10.61224,0.0383308008134032,-0.04517255835328674,-0.04646366330401414,Starforming,Spiral,Control4C
1237655374647918701,Control4C,Lim:2051,Satellite,9.692585,-0.1387524855065975,-0.013615838182566953,-0.010734919615025568,Starforming,Spiral,Control4C
1237655374647918862,Control4C,Lim:2051,Satellite,9.339087,-0.17177874325082548,0.03355517915403064,0.020257078780708343,Starforming,Spiral,Control4C
1237667142330548370,Control4C,Lim:2052,Satellite,10.84392,0.21420119955862366,0.07813713370978634,0.06525552108091476,Quenched,Spiral,Control4C
1237667142330548459,Control4C,Lim:2052,Satellite,10.31715,0.17548977917257252,0.15893280698289752,0.16626256119981006,Quenched,Elliptical,Control4C
1237667142330548469,Control4C,Lim:2052,Satellite,9.713595,-0.033379164418814146,0.0869909927144708,0.09052260729054667,Quenched,Spiral,Control4C
1237651272962211932,Control4C,Lim:2055,Satellite,10.55095,0.18878060169439917,0.11918196331737077,0.12024759679990331,Quenched,Elliptical,Control4C
1237651272962212132,Control4C,Lim:2055,Satellite,10.48272,0.0383308008134032,-0.01578865499748703,-0.012448598157664026,Quenched,Elliptical,Control4C
1237651272962277451,Control4C,Lim:2055,Satellite,9.999923,0.09986115685840526,0.15527274172439956,0.1641951190807508,Quenched,Spiral,Control4C
1237662264862441723,Control4C,Lim:2064,Satellite,10.6284,-0.1983087080057814,-0.2854782490612121,-0.28744019531706777,Starforming,Spiral,Control4C
1237662264862376390,Control4C,Lim:2064,Satellite,10.65192,-0.1983087080057814,-0.29081417715670665,-0.29378937193298627,Starforming,Elliptical,Control4C
1237662264862376025,Control4C,Lim:2064,Satellite,10.57125,0.09756027280667182,0.023356220299604005,0.02367415093615957,Quenched,Elliptical,Control4C
1237658491204665353,Control4C,Lim:2065,Satellite,10.32369,-0.03966200463502764,-0.057702691524725104,-0.05048943526400003,Starforming,Spiral,Control4C
1237658491204730988,Control4C,Lim:2065,Satellite,10.20066,-0.04283781747327553,-0.03296697232263904,-0.024128442135593627,Quenched,Elliptical,Control4C
1237661385998401730,Control4C,Lim:2067,Satellite,10.07869,0.03567863566659506,0.07322053310496227,0.08248961013146958,Quenched,Spiral,Control4C
1237659161195249868,Control4C,Lim:2067,Satellite,9.836985,-0.1508449289923749,-0.05846797626823261,-0.05181888378846439,Starforming,Spiral,Control4C
1237659161195249691,Control4C,Lim:2067,Satellite,9.661281,-0.1549517826247632,-0.022713269097444228,-0.020866566084456417,Starforming,Spiral,Control4C
1237660343935041725,Control4C,Lim:2068,Satellite,10.51304,0.18502454598632273,0.12402646178022063,0.1264012283053136,Quenched,Spiral,Control4C
1237660635989737560,Control4C,Lim:2068,Satellite,10.41265,-0.021079757759797816,-0.05930259445286122,-0.05400967694494066,Quenched,Spiral,Control4C
1237660343934976007,Control4C,Lim:2068,Satellite,9.821256,-0.08638724073305099,0.009558113904953147,0.01587671909390745,Starforming,Spiral,Control4C
1237667112257650761,Control4C,Lim:2070,Satellite,10.7314,0.027623555056661857,-0.08291335818566992,-0.08963603758690894,Starforming,Spiral,Control4C
1237667112257716415,Control4C,Lim:2070,Satellite,10.26954,0.14141026178025823,0.13565446036551876,0.14373043310161882,Quenched,Elliptical,Control4C
1237667141792170057,Control4C,Lim:2070,Satellite,9.761284,-0.1549517826247632,-0.04540071881401331,-0.040521587664583955,Starforming,Spiral,Control4C
1237665026510946313,Control4C,Lim:2071,Satellite,10.5795,0.18878060169439917,0.11270489073546788,0.11270964542472389,Quenched,Elliptical,Control4C
1237665026510881018,Control4C,Lim:2071,Satellite,10.738,0.05391241004701966,-0.05812182995680258,-0.06517814746494792,Starforming,Elliptical,Control4C
1237665026510880997,Control4C,Lim:2071,Satellite,10.22613,-0.059074962477950764,-0.054982437420521744,-0.046382194206235045,Quenched,Elliptical,Control4C
1237662303503974501,Control4C,Lim:2072,Satellite,10.4375,0.0714113894018661,0.027550890584098806,0.03219563546436194,Quenched,Spiral,Control4C
1237662303503909059,Control4C,Lim:2072,Satellite,10.09428,-0.16328380351680608,-0.12927877338323276,-0.11999919884628645,Starforming,Spiral,Control4C
1237658800431104162,Control4C,Lim:2072,Satellite,10.11542,-0.00036000557862243517,0.028849041564357667,0.0381121707079191,Quenched,Spiral,Control4C
1237668293906530412,Control4C,Lim:2073,Satellite,10.2119,-0.10071575008869796,-0.09339489778641859,-0.08465520471402306,Starforming,Elliptical,Control4C
1237668293906464929,Control4C,Lim:2073,Satellite,10.27241,0.005382592656735859,-0.001024319031561284,0.007011744062016221,Quenched,Elliptical,Control4C
1237668293906464988,Control4C,Lim:2073,Satellite,10.1547,-0.10437295273032035,-0.08407526849512137,-0.07493647015405291,Starforming,Spiral,Control4C
1237655128762810629,Control4C,Lim:2074,Satellite,10.2014,-0.00036000557862243517,0.009342957480574083,0.018175287606244338,Quenched,Spiral,Control4C
1237651250439979264,Control4C,Lim:2074,Satellite,10.17492,-0.00036000557862243517,0.015350413941827654,0.024377674515181542,Quenched,Uncertain,Control4C
1237665442070593666,Control4C,Lim:2077,Satellite,9.959658,-0.14677660869441173,-0.08223019624486796,-0.07367442289225731,Starforming,Spiral,Control4C
1237665442070593542,Control4C,Lim:2077,Satellite,9.36334,-0.36259213370622323,-0.16276043341446358,-0.17463300347239363,Starforming,Spiral,Control4C
1237665442070528252,Control4C,Lim:2077,Satellite,9.594501,-0.00036000557862243517,0.1470287323626894,0.14641036479575292,Starforming,Spiral,Control4C
1237667429568086113,Control4C,Lim:2078,Satellite,10.33145,0.056455848346987726,0.036654668174082736,0.04372530987335699,Starforming,Spiral,Control4C
1237667429568086156,Control4C,Lim:2078,Satellite,10.12272,0.05135398835050857,0.0789069013482037,0.0881561484479616,Quenched,Elliptical,Control4C
1237667429568086121,Control4C,Lim:2078,Satellite,9.283918,-0.3692994289203334,-0.15144944286325288,-0.16816336541701274,Starforming,Spiral,Control4C
1237651752919040182,Control4C,Lim:2079,Satellite,10.42299,0.13721892725478624,0.0966502786353871,0.10167942185379505,Quenched,Elliptical,Control4C
1237651752919040221,Control4C,Lim:2079,Satellite,10.05882,-0.09708903351335806,-0.0550392750521394,-0.04581141725673625,Quenched,Spiral,Control4C
1237653664180732221,Control4C,Lim:2079,Satellite,9.920506,0.17548977917257252,0.2489185154654321,0.2569949623310328,Quenched,Elliptical,Control4C
1237661958300238036,Control4C,Lim:2080,Satellite,10.51537,0.12003830018504674,0.05851161425860005,0.0608091952942818,Quenched,Spiral,Control4C
1237661958300238043,Control4C,Lim:2080,Satellite,10.55103,0.17741355266189243,0.10779676486957311,0.10885951565455977,Quenched,Elliptical,Control4C
1237661958300238168,Control4C,Lim:2080,Satellite,9.589351,-0.03650924669124571,0.11204785985941083,0.11122475195060834,Starforming,Spiral,Control4C
1237665024375062540,Control4C,Lim:2081,Satellite,10.77925,0.17741355266189243,0.0560210203987532,0.04680147538945931,Quenched,Elliptical,Control4C
1237665024374866095,Control4C,Lim:2081,Satellite,9.958449,-0.14677660869441173,-0.08195591320628595,-0.07341312874847795,Starforming,Spiral,Control4C
1237665024374865968,Control4C,Lim:2081,Satellite,10.43867,-0.07594282963262874,-0.12006876364902397,-0.11545573923368782,Starforming,Spiral,Control4C
1237664131554541775,Control4C,Lim:2083,Satellite,10.3168,0.0383308008134032,0.021853232315625262,0.0291891258493862,Quenched,Spiral,Control4C
1237661069789561066,Control4C,Lim:2083,Satellite,10.24366,-0.3006665564381726,-0.30055102200633954,-0.29214456612135853,Quenched,Spiral,Control4C
1237661069789561112,Control4C,Lim:2083,Satellite,9.856933,-0.08638724073305099,0.001464155288331298,0.008504261773031693,Starforming,Spiral,Control4C
1237654604776472806,Control4C,Lim:2084,Satellite,10.22042,0.0383308008134032,0.04371874038721255,0.052376862168012184,Starforming,Elliptical,Control4C
1237654604776472790,Control4C,Lim:2084,Satellite,9.841734,-0.2217262958376311,-0.1304267377786888,-0.12368170501372529,Starforming,Spiral,Control4C
1237654604776472776,Control4C,Lim:2084,Satellite,9.222021,-0.11931785883562805,0.112574556699633,0.09174193825475126,Starforming,Uncertain,Control4C
1237651272418132006,Control4C,Lim:2086,Satellite,10.62678,0.09756027280667182,0.010758257410879532,0.008864492033260521,Quenched,Spiral,Control4C
1237673705578758555,Control4C,Lim:2086,Satellite,9.857841,-0.030271526760011918,0.057373873397819616,0.06443102994489758,Starforming,Spiral,Control4C
1237657400806277320,Control4C,Lim:2088,Satellite,10.39822,-0.15909778063256153,-0.1940469165425477,-0.18840001132057516,Starforming,Spiral,Control4C
1237657400806342833,Control4C,Lim:2088,Satellite,10.09906,0.04619148126786086,0.07911208383780902,0.08839102975206936,Starforming,Spiral,Control4C
1237657400806277191,Control4C,Lim:2088,Satellite,9.283221,-0.13087399102014557,0.08713412181765615,0.07037550554198901,Starforming,Spiral,Control4C
1237660635461779518,Control4C,Lim:2089,Satellite,10.81917,0.06895429106965624,-0.06149479942359064,-0.0729358553094865,Starforming,Spiral,Control4C
1237661357538869384,Control4C,Lim:2089,Satellite,10.43892,0.056455848346987726,0.012273197407808897,0.0168794299192543,Starforming,Spiral,Control4C
1237660635461779634,Control4C,Lim:2089,Satellite,9.82612,0.011050416782760416,0.10589228697108422,0.11231517940060251,Quenched,Spiral,Control4C
1237667255619354751,Control4C,Lim:2090,Satellite,10.70814,-0.1983087080057814,-0.30356867875231397,-0.3091429794083926,Starforming,Spiral,Control4C
1237665328771563541,Control4C,Lim:2090,Satellite,10.08522,-0.08638724073305099,-0.05032678931779498,-0.04105097771987026,Starforming,Spiral,Control4C
1237667255619354715,Control4C,Lim:2090,Satellite,9.769403,-0.6425090077386855,-0.5347998827122604,-0.5297092414456549,Starforming,Spiral,Control4C
1237654879669453071,Control4C,Lim:2091,Satellite,10.38784,-0.07251640661352583,-0.10511065588953122,-0.09921929046003489,Starforming,Elliptical,Control4C
1237654879669452848,Control4C,Lim:2091,Satellite,10.19687,0.056455848346987726,0.06718652204702538,0.0760561282323256,Quenched,Spiral,Control4C
1237654879669453281,Control4C,Lim:2091,Satellite,9.279489,-0.3692994289203334,-0.15044464585921616,-0.16744322221759952,Starforming,Spiral,Control4C
1237665549439795506,Control4C,Lim:2093,Satellite,10.08331,0.027623555056661857,0.06411732376198534,0.07339151418558318,Starforming,Elliptical,Control4C
1237665549439795565,Control4C,Lim:2093,Satellite,10.21542,0.01941624484406951,0.025938522873553835,0.034645210542319047,Quenched,Spiral,Control4C
1237665549439795426,Control4C,Lim:2093,Satellite,9.733265,-0.42704955844442327,-0.3111418887957629,-0.30703269561128643,Starforming,Elliptical,Control4C
1237662237478682689,Control4C,Lim:2095,Satellite,10.24881,0.09058356357502098,0.08953072939750888,0.09787563895249876,Starforming,Spiral,Control4C
1237662237478617282,Control4C,Lim:2095,Satellite,10.01759,-0.024122131359567863,0.027281382007145253,0.036324173575022004,Quenched,Elliptical,Control4C
1237651537642914009,Control4C,Lim:2252,Satellite,10.54657,0.056455848346987726,-0.012149109542869303,-0.010926420229247648,Starforming,NoGZ,Control4C
1237651538179850262,Control4C,Lim:2252,Satellite,10.47468,0.210659559924703,0.1583641203505381,0.16194795859674418,Quenched,NoGZ,Control4C
1237651538179784880,Control4C,Lim:2252,Satellite,10.01986,-0.13479537313186118,-0.08390684942402427,-0.07485037425328556,Starforming,NoGZ,Control4C
1237659329239777432,Control4C,Lim:2283,Satellite,10.74183,0.09292160846959709,-0.019981534791272196,-0.027233041886875142,Starforming,Elliptical,Control4C
1237659324953854292,Control4C,Lim:2283,Satellite,10.07977,0.005382592656735859,0.042679472988677324,0.05194989641714624,Quenched,Elliptical,Control4C
1237659324953854326,Control4C,Lim:2283,Satellite,10.10033,-0.059074962477950764,-0.026442481875743974,-0.017164006571141983,Quenched,Elliptical,Control4C
1237668496867000461,Control4C,Lim:2306,Satellite,10.64308,0.12003830018504674,0.02953834142375479,0.026949103971689675,Quenched,Uncertain,Control4C
1237668296601239639,Control4C,Lim:2306,Satellite,10.65933,0.17741355266189243,0.08322699391965713,0.07992351835023499,Quenched,Spiral,Control4C
1237668296601174268,Control4C,Lim:2306,Satellite,9.693898,-0.07594282963262874,0.04889594041294126,0.05181854547607531,Starforming,Spiral,Control4C
1237651252023525473,Control4C,Lim:2318,Satellite,10.81207,0.20887785021412927,0.08003952032794048,0.06900278001101431,Quenched,Elliptical,Control4C
1237651251486785701,Control4C,Lim:2318,Satellite,10.66437,0.18878060169439917,0.09345062978884384,0.0899213908165271,Quenched,Elliptical,Control4C
1237651252023722212,Control4C,Lim:2318,Satellite,9.697733,-0.1117810674162761,0.012187665033791636,0.015231247613706464,Starforming,Spiral,Control4C
1237661949178216474,Control4C,Lim:2345,Satellite,9.880844,0.13085557337224013,0.21328233603089441,0.22074970115858306,Quenched,Elliptical,Control4C
1237661949178216473,Control4C,Lim:2345,Satellite,10.18718,0.20167700383058246,0.21460602545771806,0.22354992341670601,Quenched,Elliptical,Control4C
1237661811198459942,Control4C,Lim:2345,Satellite,10.41725,0.210659559924703,0.17139313185241878,0.17656974624018157,Starforming,Spiral,Control4C
1237648705135772257,Control4C,Lim:2355,Satellite,10.66006,0.09756027280667182,0.00320810064990823,-0.00012795046078195593,Quenched,NoGZ,Control4C
1237648705135837483,Control4C,Lim:2355,Satellite,10.25935,0.04619148126786086,0.04274746162578654,0.05095987613565693,Starforming,Spiral,Control4C
1237659325487644730,Control4C,Lim:2376,Satellite,10.4133,0.05135398835050857,0.012983687658207371,0.01826027247671347,Quenched,Spiral,Control4C
1237659329773699247,Control4C,Lim:2376,Satellite,10.22129,0.17355744610585364,0.1787480107883758,0.18739748032069825,Quenched,Elliptical,Control4C
1237659329773633620,Control4C,Lim:2376,Satellite,10.0102,0.04358703111597816,0.09666709672017881,0.10566252056763492,Starforming,Spiral,Control4C
1237662696499183930,Control4C,Lim:2417,Satellite,10.74732,-0.05250706908668513,-0.16665571597188533,-0.1741890335012784,Starforming,Spiral,Control4C
1237662696499380362,Control4C,Lim:2417,Satellite,10.4252,0.056455848346987726,0.015385822130180367,0.02035749217264253,Starforming,Spiral,Control4C
1237662696499380384,Control4C,Lim:2417,Satellite,9.996214,-0.05250706908668513,0.0037459680457288744,0.012639933055414547,Starforming,Spiral,Control4C
1237662267538014312,Control4C,Lim:2423,Satellite,11.04586,0.12003830018504674,-0.06183942721158381,-0.08828359160534832,Quenched,Elliptical,Control4C
1237662267537949046,Control4C,Lim:2423,Satellite,10.73447,0.09524713375865783,-0.015986263295458103,-0.022863706771848014,Quenched,Spiral,Control4C
1237662267537949098,Control4C,Lim:2423,Satellite,10.4528,0.0383308008134032,-0.00900077367872893,-0.004779376943906032,Quenched,Elliptical,Control4C
1237673809192223014,Control4C,Lim:2435,Satellite,10.93475,0.18878060169439917,0.03211014345977389,0.013527030642622617,Quenched,Elliptical,Control4C
1237674371289907217,Control4C,Lim:2435,Satellite,10.80039,0.04358703111597816,-0.08260148413775428,-0.09298176384974627,Quenched,Spiral,Control4C
1237673809192157411,Control4C,Lim:2435,Satellite,10.02903,-0.021079757759797816,0.027728389220331297,0.03683599632291716,Quenched,Spiral,Control4C
1237648721249501332,Control4C,Lim:2454,Satellite,10.44216,0.1287135660717291,0.08379586381327303,0.08831362646409649,Starforming,Spiral,Control4C
1237648704594313302,Control4C,Lim:2454,Satellite,10.05111,-0.09708903351335806,-0.053290125153488604,-0.04408666324107334,Quenched,NoGZ,Control4C
1237648721249435833,Control4C,Lim:2454,Satellite,9.855238,-0.055778624700305444,0.03245731205755054,0.03946541617688402,Starforming,Elliptical,Control4C
1237668314847051864,Control4C,Lim:2456,Satellite,10.22725,-0.033379164418814146,-0.029540731175456338,-0.020952142925943825,Starforming,Spiral,Control4C
1237668349207445599,Control4C,Lim:2456,Satellite,10.07664,-0.27817389220561206,-0.24016691600041806,-0.2309006481732227,Starforming,Spiral,Control4C
1237668349207511108,Control4C,Lim:2456,Satellite,10.1142,0.12003830018504674,0.1495241259112115,0.15878916436375853,Starforming,Spiral,Control4C
1237654609606148138,Control4C,Lim:2457,Satellite,10.36182,-0.19377293476141427,-0.22046408671408785,-0.21399734513740143,Starforming,Elliptical,Control4C
1237654875361378383,Control4C,Lim:2457,Satellite,10.34381,-0.003260164289578826,-0.02586542912491174,-0.019031767524048053,Quenched,Elliptical,Control4C
1237654609606279302,Control4C,Lim:2457,Satellite,9.758004,-0.3692994289203334,-0.2590042390826608,-0.25421203334479325,Starforming,Spiral,Control4C
1237659325491839305,Control4C,Lim:2462,Satellite,10.82214,-0.00036000557862243517,-0.13148289311454,-0.14309425991090097,Quenched,Elliptical,Control4C
1237659325491904550,Control4C,Lim:2462,Satellite,10.43687,0.09292160846959709,0.049204036297244645,0.05386581662121432,Starforming,Spiral,Control4C
1237665355622187254,Control4C,Lim:2462,Satellite,9.359344,-0.35598675464406754,-0.15524849105853247,-0.1673527375629065,Starforming,Spiral,Control4C
1237661124540956928,Control4C,Lim:2471,Satellite,10.46675,0.15171420698334523,0.10121782819988055,0.10503710864863387,Quenched,Spiral,Control4C
1237664094510907472,Control4C,Lim:2471,Satellite,9.810265,-0.18044323321980837,-0.08200437578853978,-0.0759283100575385,Starforming,Spiral,Control4C
1237661124541087880,Control4C,Lim:2471,Satellite,9.383293,-0.23640805378214774,-0.041103044531603766,-0.051837678734591,Starforming,Spiral,Control4C
1237662267540766897,Control4C,Lim:2477,Satellite,10.37203,0.0383308008134032,0.009323329734241523,0.015570677230120487,Starforming,Spiral,Control4C
1237655744023691585,Control4C,Lim:2477,Satellite,10.08682,-0.07594282963262874,-0.040245366523188636,-0.030968418773015934,Starforming,Spiral,Control4C
1237655744023626322,Control4C,Lim:2477,Satellite,9.735352,0.15374598130109055,0.26918017807835204,0.2733488586178612,Starforming,Spiral,Control4C
1237665129066070035,Control4C,Lim:2482,Satellite,10.78765,0.1943547474969782,0.07105652662830532,0.06137999095093841,Quenched,Elliptical,Control4C
1237665098464952456,Control4C,Lim:2482,Satellite,9.681924,-0.36259213370622323,-0.23503684992700316,-0.23249945182467827,Starforming,Spiral,Control4C
1237665129066070261,Control4C,Lim:2482,Satellite,9.28987,-0.47603553047401376,-0.2595358609145686,-0.27586968713244203,Starforming,Spiral,Control4C
1237667211056382122,Control4C,Lim:2485,Satellite,10.43438,0.18878060169439917,0.14562793007297276,0.1503567339991275,Quenched,Elliptical,Control4C
1237667211056447529,Control4C,Lim:2485,Satellite,9.797628,-0.04283781747327553,0.05846796697086548,0.06425337302396943,Starforming,Uncertain,Control4C
1237657769628926213,Control4C,Lim:2489,Satellite,10.50787,0.024904982184311565,-0.03492019605862287,-0.032375695955618386,Starforming,Spiral,Control4C
1237657606427181201,Control4C,Lim:2489,Satellite,10.39319,0.210659559924703,0.1768515685011256,0.18261799894250955,Quenched,Elliptical,Control4C
1237657402416758934,Control4C,Lim:2489,Satellite,9.513554,-0.42704955844442327,-0.26129656150881,-0.2653754375536238,Starforming,Spiral,Control4C
1237648721754652794,Control4C,Lim:2491,Satellite,10.40068,-0.05250706908668513,-0.08801429951686313,-0.0824265779937016,Quenched,Spiral,Control4C
1237654670272561322,Control4C,Lim:2491,Satellite,10.24053,-0.10071575008869796,-0.0998901197836124,-0.09144728208038823,Starforming,Spiral,Control4C
1237651801234210980,Control4C,Lim:2491,Satellite,9.93179,-0.14677660869441173,-0.07590784742831899,-0.06768082879913725,Starforming,Spiral,Control4C
1237665228385157229,Control4C,Lim:2494,Satellite,10.71749,0.18878060169439917,0.08139941803575487,0.07536863367222553,Quenched,Elliptical,Control4C
1237665228385157138,Control4C,Lim:2494,Satellite,9.961924,0.005382592656735859,0.06941492291816767,0.07799472991643785,Quenched,Elliptical,Control4C
1237664294761594986,Control4C,Lim:2497,Satellite,10.64182,0.21946008747208545,0.12924598200162363,0.12671125373630143,Quenched,Elliptical,Control4C
1237662224612392982,Control4C,Lim:2497,Satellite,10.57776,0.24319337424724807,0.1675124130708916,0.16758366698302285,Quenched,Spiral,Control4C
1237664294761594907,Control4C,Lim:2497,Satellite,10.4442,0.09986115685840526,0.054480644510033656,0.05894227832333407,Quenched,Elliptical,Control4C
1237658493883711521,Control4C,Lim:2498,Satellite,10.71851,0.15171420698334523,0.04410161827974318,0.0380206177590674,Quenched,Spiral,Control4C
1237658493883711660,Control4C,Lim:2498,Satellite,9.412642,-0.5724046818462873,-0.38375801246286323,-0.39287602176813996,Starforming,Uncertain,Control4C
1237667253995503633,Control4C,Lim:2499,Satellite,10.22835,0.1156348048624115,0.11922368364552063,0.12780072856625974,Quenched,Spiral,Control4C
1237667211582767354,Control4C,Lim:2499,Satellite,9.931507,-0.07939644884409477,-0.00846348402141095,-0.00024011868364236244,Starforming,Spiral,Control4C
1237667253995503858,Control4C,Lim:2499,Satellite,10.0448,-0.062396561398671085,-0.01716611790774024,-0.00798611749518325,Quenched,Elliptical,Control4C
1237671129667731700,Control4C,Lim:2500,Satellite,10.50129,0.005382592656735859,-0.052949796178530247,-0.050192326394195116,Quenched,Spiral,Control4C
1237671129667731636,Control4C,Lim:2500,Satellite,9.916598,-0.1117810674162761,-0.037465732186461306,-0.029443778845928553,Starforming,Spiral,Control4C
1237658493353656373,Control4C,Lim:2500,Satellite,10.13692,0.16966679416987027,0.19399818595344884,0.2032083666036615,Quenched,Elliptical,Control4C
1237665548887195936,Control4C,Lim:2501,Satellite,10.29245,0.027623555056661857,0.016670214838020184,0.024409465104242023,Quenched,Elliptical,Control4C
1237665531709817003,Control4C,Lim:2501,Satellite,10.0676,-0.08638724073305099,-0.04632938059999722,-0.03707946187955666,Quenched,Elliptical,Control4C
1237667292114845769,Control4C,Lim:2503,Satellite,10.52545,0.09524713375865783,0.03143362150557108,0.033392341530692635,Starforming,Spiral,Control4C
1237667429555437686,Control4C,Lim:2503,Satellite,10.06359,-0.1983087080057814,-0.15734110843127624,-0.14810050959829785,Starforming,NoGZ,Control4C
1237667429555437726,Control4C,Lim:2503,Satellite,9.896671,0.01941624484406951,0.09825237255513083,0.10597769527121167,Starforming,NoGZ,Control4C
1237662665889546707,Control4C,Lim:2504,Satellite,10.68894,0.011050416782760416,-0.08985369429398099,-0.09451227555448494,Starforming,Spiral,Control4C
1237662665889611792,Control4C,Lim:2504,Satellite,9.676372,-0.00036000557862243517,0.1284548476217789,0.13080979162432682,Quenched,Elliptical,Control4C
1237662665889546613,Control4C,Lim:2504,Satellite,9.47954,-0.3761119394752729,-0.20264226489339526,-0.20832975284457447,Starforming,Spiral,Control4C
1237665226774347799,Control4C,Lim:2510,Satellite,10.09352,-0.055778624700305444,-0.021601175121469647,-0.012321666997585363,Quenched,Spiral,Control4C
1237665330395152577,Control4C,Lim:2510,Satellite,9.83899,-0.3006665564381726,-0.208744473434756,-0.20205465814408996,Quenched,Spiral,Control4C
1237665330395152533,Control4C,Lim:2510,Satellite,10.06063,0.12003830018504674,0.16167742812531136,0.1709103322598291,Quenched,Elliptical,Control4C
1237667538550456486,Control4C,Lim:2513,Satellite,10.11737,-0.059074962477950764,-0.030308307332683602,-0.021048474197079864,Quenched,Spiral,Control4C
1237667538550456390,Control4C,Lim:2513,Satellite,9.530393,-0.1549517826247632,0.006980989259828374,0.003664639315619417,Quenched,Spiral,Control4C
1237667538550456457,Control4C,Lim:2513,Satellite,9.965424,-0.00036000557862243517,0.06287828776383686,0.07149441906441971,Quenched,Spiral,Control4C
1237653613184286930,Control4C,Lim:2514,Satellite,10.24607,0.14141026178025823,0.14097904507645614,0.14935696058286982,Quenched,Elliptical,Control4C
1237654381978124522,Control4C,Lim:2514,Satellite,9.994289,0.09986115685840526,0.15655091429625406,0.165429704550155,Quenched,Elliptical,Control4C
1237662641733960172,Control4C,Lim:2519,Satellite,11.02291,0.09986115685840526,-0.07680995702667802,-0.10155046140204076,Quenched,Spiral,Control4C
1237662641734025606,Control4C,Lim:2519,Satellite,10.62664,0.210659559924703,0.12388930600566962,0.12200142306694955,Quenched,Elliptical,Control4C
1237662641734025672,Control4C,Lim:2519,Satellite,10.50177,-0.009119148331831268,-0.06756043365884246,-0.06481838396551676,Quenched,Spiral,Control4C
1237655743485050967,Control4C,Lim:2524,Satellite,11.00798,0.17741355266189243,0.004129573405454001,-0.01952497000225284,Quenched,Elliptical,Control4C
1237655743485051105,Control4C,Lim:2524,Satellite,10.6687,0.005382592656735859,-0.09092971635143374,-0.09465451784112017,Starforming,Uncertain,Control4C
1237655743485051204,Control4C,Lim:2524,Satellite,9.665943,0.005382592656735859,0.1365634490079837,0.13856908187527545,NosSFR,Elliptical,Control4C
1237667781749309505,Control4C,Lim:2526,Satellite,10.67562,0.17548977917257252,0.07760754574174883,0.07356712952939067,Starforming,Spiral,Control4C
1237667734497198213,Control4C,Lim:2526,Satellite,10.6746,0.09756027280667182,-9.055557919412927e-05,-0.004084212762923908,Quenched,Uncertain,Control4C
1237667781749309646,Control4C,Lim:2526,Satellite,9.931991,-0.0691168562521512,0.0017063046080232902,0.009935914133861301,Starforming,Spiral,Control4C
1237657856065929302,Control4C,Lim:2530,Satellite,10.52037,0.17741355266189243,0.11475252827977117,0.11688302710221093,Quenched,NoGZ,Control4C
1237657856065994763,Control4C,Lim:2530,Satellite,10.20906,0.0383308008134032,0.046295957358506036,0.05506156610861053,Starforming,Elliptical,Control4C
1237657856065929446,Control4C,Lim:2530,Satellite,10.1252,-0.01805859406732937,0.008931687056351008,0.018175259724005376,Starforming,NoGZ,Control4C
1237667324328673395,Control4C,Lim:2538,Satellite,10.7422,0.17741355266189243,0.06442646835530316,0.05715604342266828,Quenched,Spiral,Control4C
1237667324328739003,Control4C,Lim:2538,Satellite,9.968341,-0.04283781747327553,0.019738702814143083,0.028384368224617137,Quenched,Elliptical,Control4C
1237667324328738997,Control4C,Lim:2538,Satellite,9.74928,-0.1983087080057814,-0.08603432443064765,-0.08147745690011887,Quenched,Elliptical,Control4C
1237651250968199290,Control4C,Lim:2539,Satellite,10.60789,0.19064651758353332,0.10813003287328057,0.10701598190671588,Quenched,Elliptical,Control4C
1237651250968199408,Control4C,Lim:2539,Satellite,9.894928,-0.021079757759797816,0.05815180033691161,0.06584968458967683,Quenched,Elliptical,Control4C
1237651250968199390,Control4C,Lim:2539,Satellite,9.579519,-0.1983087080057814,-0.047521038315885666,-0.04874084161940037,Quenched,Elliptical,Control4C
1237665441516355626,Control4C,Lim:2540,Satellite,10.55399,0.3003078152646575,0.23001949910657873,0.23097523453734384,Quenched,NoGZ,Control4C
1237665441516421312,Control4C,Lim:2540,Satellite,10.08865,0.05135398835050857,0.0866362835851717,0.09591428279643516,Quenched,NoGZ,Control4C
1237665428627324992,Control4C,Lim:2540,Satellite,9.199415,-0.1231358190374761,0.11388516752358178,0.09147284162150228,Starforming,Spiral,Control4C
1237658204514811907,Control4C,Lim:2543,Satellite,10.74086,0.0714113894018661,-0.04127169219860215,-0.04847365524134056,Quenched,Spiral,Control4C
1237658204514746433,Control4C,Lim:2543,Satellite,10.72596,0.09986115685840526,-0.009441596144152326,-0.015891864806281145,Quenched,Uncertain,Control4C
1237658204514811929,Control4C,Lim:2543,Satellite,10.21541,-0.10806121448408725,-0.10153666777769166,-0.09282988495670308,Starforming,Spiral,Control4C
1237671956981088440,Control4C,Lim:2547,Satellite,9.642216,-0.07939644884409477,0.05716729721471245,0.05834619160396273,Starforming,Spiral,Control4C
1237671990803562762,Control4C,Lim:2547,Satellite,9.900757,0.008226176896798528,0.08613532322188219,0.09392402704918183,Starforming,Spiral,Control4C
1237671956981219542,Control4C,Lim:2547,Satellite,10.17684,-0.25160348414183453,-0.2363286505883636,-0.227313660747211,Starforming,Spiral,Control4C
1237661386532978835,Control4C,Lim:2548,Satellite,10.72606,0.12003830018504674,0.010712860413375713,0.004257605300318074,Starforming,Spiral,Control4C
1237661416603910440,Control4C,Lim:2548,Satellite,10.67934,-0.012078550350336925,-0.11080473159218256,-0.11501637744015082,Starforming,Spiral,Control4C
1237661416603910488,Control4C,Lim:2548,Satellite,9.663465,0.1287135660717291,0.26045660056160935,0.26237797103723093,Starforming,Spiral,Control4C
1237667549272014990,Control4C,Lim:2549,Satellite,10.34563,-0.030271526760011918,-0.05328969079321054,-0.046491944030696855,Starforming,Spiral,Control4C
1237667549272080652,Control4C,Lim:2549,Satellite,9.393138,-0.07939644884409477,0.11367504798722544,0.10349029085948588,Starforming,Spiral,Control4C
1237667549272145983,Control4C,Lim:2549,Satellite,9.745625,-0.16328380351680608,-0.050180218530574,-0.04572373583682762,Starforming,Spiral,Control4C
1237667211585585288,Control4C,Lim:2550,Satellite,10.56228,0.23148870508405484,0.15931965576646753,0.15997199090731343,Quenched,Elliptical,Control4C
1237667211585650986,Control4C,Lim:2550,Satellite,10.21764,0.21946008747208545,0.2254787192272503,0.23416408749418524,Quenched,Elliptical,Control4C
1237655108902584442,Control4C,Lim:2554,Satellite,10.82493,0.3003078152646575,0.16855196687047316,0.15677997606292834,Quenched,Spiral,Control4C
1237654653642932295,Control4C,Lim:2554,Satellite,10.70877,0.24319337424724807,0.1377904768553007,0.13218563553675144,Quenched,Elliptical,Control4C
1237654653642932418,Control4C,Lim:2554,Satellite,9.893956,-0.1983087080057814,-0.11885663451328862,-0.1111741558437012,Quenched,Elliptical,Control4C
1237671122692407542,Control4C,Lim:2689,Satellite,10.71229,0.09756027280667182,-0.008641198858070617,-0.014417257260210953,Quenched,Spiral,Control4C
1237671122692473127,Control4C,Lim:2689,Satellite,10.40841,-0.1983087080057814,-0.23556962568843273,-0.2301709880176659,Quenched,Elliptical,Control4C
1237661070858059829,Control4C,Lim:2689,Satellite,10.07541,0.056455848346987726,0.09474187181227764,0.10400629471256373,Starforming,Spiral,Control4C
1237665566619468087,Control4C,Lim:2832,Satellite,10.94648,0.13085557337224013,-0.028476042879398228,-0.04784299495787156,Quenched,Spiral,Control4C
1237665530651083244,Control4C,Lim:2832,Satellite,10.33504,-0.07594282963262874,-0.09655846481670803,-0.08955541070708199,Starforming,Spiral,Control4C
1237665530650952005,Control4C,Lim:2832,Satellite,10.27936,-0.11931785883562805,-0.1273015009773131,-0.11936477984165189,Starforming,Spiral,Control4C
1237662264320852039,Control4C,Lim:2838,Satellite,11.08445,0.27037041250145794,0.07973786090392912,0.05033518944648835,Quenched,Elliptical,Control4C
1237662197745320335,Control4C,Lim:2838,Satellite,9.564481,0.09756027280667182,0.25175957883585476,0.24991825439846774,Starforming,Spiral,Control4C
1237662264320917765,Control4C,Lim:2838,Satellite,9.895693,-0.00036000557862243517,0.07869799873436885,0.08640795524789298,Quenched,Uncertain,Control4C
1237665440988463230,Control4C,Lim:2857,Satellite,10.689,0.09756027280667182,-0.003357450331537573,-0.008018847839540766,Quenched,Elliptical,Control4C
1237665440988528754,Control4C,Lim:2857,Satellite,9.701484,-0.1892840439319302,-0.06616629219130998,-0.06300550624622694,Starforming,Spiral,Control4C
1237651735235919950,Control4C,Lim:2892,Satellite,10.27859,-0.062396561398671085,-0.07020551541818199,-0.062257600029279894,Starforming,Spiral,Control4C
1237651735235920177,Control4C,Lim:2892,Satellite,10.37909,0.1393198083248698,0.10871065134629548,0.11480147490393165,Quenched,NoGZ,Control4C
1237648722857033814,Control4C,Lim:2892,Satellite,10.35126,0.0383308008134032,0.014035371679114755,0.020720361971166924,Quenched,NoGZ,Control4C
1237665536003539140,Control4C,Lim:2904,Satellite,10.47271,0.0882328635448647,0.03638435332223568,0.04002714491189895,Starforming,Elliptical,Control4C
1237665372795502891,Control4C,Lim:2904,Satellite,9.733648,-0.08638724073305099,0.029433538589904468,0.03355367450272634,Quenched,Spiral,Control4C
1237665372258697307,Control4C,Lim:2904,Satellite,10.21331,-0.35598675464406754,-0.34898578578628847,-0.3402591960761835,Quenched,Spiral,Control4C
1237662302989451434,Control4C,Lim:2917,Satellite,10.652,-0.2949332821142268,-0.3874569006804426,-0.39043561647896813,Starforming,Elliptical,Control4C
1237662501088199136,Control4C,Lim:2917,Satellite,10.16157,-0.07251640661352583,-0.05377730341642385,-0.044672777612760825,Quenched,Spiral,Control4C
1237662501088395735,Control4C,Lim:2917,Satellite,9.819155,-0.19377293476141427,-0.09735093110433568,-0.09107795088389353,Starforming,Spiral,Control4C
1237662199895556320,Control4C,Lim:2959,Satellite,10.3562,0.04619148126786086,0.02077532573936583,0.027359315585516047,Starforming,Spiral,Control4C
1237662199895687252,Control4C,Lim:2959,Satellite,10.32348,0.09058356357502098,0.07259051890046167,0.0798075684445854,Starforming,Spiral,Control4C
1237662199895687423,Control4C,Lim:2959,Satellite,10.05264,-0.027185968217908463,0.01626583257452435,0.025474509295312305,Quenched,Elliptical,Control4C
1237651496830239120,Control4C,Lim:2975,Satellite,11.09221,0.12003830018504674,-0.0723547446956892,-0.10236654902885339,Quenched,Elliptical,Control4C
1237651274029465878,Control4C,Lim:2975,Satellite,10.33883,-0.033379164418814146,-0.05485462815229502,-0.047924032116946104,Starforming,Spiral,Control4C
1237651496830173526,Control4C,Lim:2975,Satellite,9.769549,-0.1387524855065975,-0.031076483163077984,-0.025982086092409054,Starforming,Elliptical,Control4C
1237661210975010820,Control4C,Lim:2995,Satellite,10.72387,0.02216928448468114,-0.0866593150434042,-0.09300554773161984,Starforming,Spiral,Control4C
1237661210974945542,Control4C,Lim:2995,Satellite,10.09706,-0.21220723669545014,-0.17883289874323233,-0.16955347012005698,Starforming,Elliptical,Control4C
1237661949715808398,Control4C,Lim:2999,Satellite,9.808573,-0.06574371018214456,0.033079007382524034,0.03911688767247873,Starforming,Spiral,Control4C
1237661949715808406,Control4C,Lim:2999,Satellite,10.01768,0.0383308008134032,0.08971389608791414,0.09875723792974996,Quenched,Spiral,Control4C
1237661949715808537,Control4C,Lim:2999,Satellite,9.661783,0.210659559924703,0.3427841858710724,0.34464808482271164,Starforming,Spiral,Control4C
1237667324335882318,Control4C,Lim:3000,Satellite,10.43343,0.12222341690406424,0.07928626958921633,0.08404051564391227,Starforming,Spiral,Control4C
1237667444586971212,Control4C,Lim:3000,Satellite,9.710072,-0.25160348414183453,-0.13043407213268124,-0.1270091333956147,Starforming,Spiral,Control4C
1237667324335882422,Control4C,Lim:3000,Satellite,9.788852,0.027623555056661857,0.1309203303582031,0.13649645726536577,Starforming,Spiral,Control4C
1237667783344586992,Control4C,Lim:3008,Satellite,10.49796,0.008226176896798528,-0.04935074252698855,-0.04648679716221726,Starforming,Spiral,Control4C
1237667731267715317,Control4C,Lim:3008,Satellite,10.41082,0.005382592656735859,-0.03242507616155058,-0.027086355172508444,Starforming,Spiral,Control4C
1237667731267715534,Control4C,Lim:3008,Satellite,10.37946,-0.10437295273032035,-0.13506605075461464,-0.12898353891540573,Quenched,Elliptical,Control4C
1237654602098344230,Control4C,Lim:3017,Satellite,10.49059,0.17548977917257252,0.11958487463245046,0.122681357279783,Quenched,Elliptical,Control4C
1237654605856243957,Control4C,Lim:3017,Satellite,9.680129,-0.11931785883562805,0.008644652449179183,0.011123328340916824,Starforming,Spiral,Control4C
1237667735035248725,Control4C,Lim:3018,Satellite,10.88277,0.12439759440607599,-0.02048028124335448,-0.03572076011362359,Starforming,Spiral,Control4C
1237667735035183229,Control4C,Lim:3018,Satellite,9.939171,-0.07594282963262874,-0.006748578794803256,0.001571487206013078,Starforming,Spiral,Control4C
1237667782824231001,Control4C,Lim:3018,Satellite,9.632853,-0.19377293476141427,-0.055085026510510726,-0.05424461615902079,Starforming,Spiral,Control4C
1237648722834686003,Control4C,Lim:3025,Satellite,10.6289,-0.00036000557862243517,-0.08764298047962076,-0.08962601209916243,Starforming,Spiral,Control4C
1237648722834751727,Control4C,Lim:3025,Satellite,10.6867,0.09292160846959709,-0.007474318979001901,-0.012027963898830665,Starforming,Spiral,Control4C
1237654028715098212,Control4C,Lim:3025,Satellite,9.978612,0.19619691789081167,0.2564432801225832,0.26518758553425253,Quenched,Elliptical,Control4C
1237668365852082663,Control4C,Lim:3026,Satellite,10.13214,-0.1983087080057814,-0.17289288865857766,-0.16366777833937243,Quenched,Elliptical,Control4C
1237668365852082564,Control4C,Lim:3026,Satellite,10.04887,-0.1983087080057814,-0.15400161601776993,-0.14480612252864844,Quenched,Elliptical,Control4C
1237668365852148088,Control4C,Lim:3026,Satellite,10.03241,-0.00036000557862243517,0.04768132860547053,0.05680610653174573,Quenched,Elliptical,Control4C
1237661358078165070,Control4C,Lim:3027,Satellite,10.73943,0.210659559924703,0.09830089912255756,0.09117183964525985,Quenched,Spiral,Control4C
1237660636001075218,Control4C,Lim:3027,Satellite,10.60637,0.09524713375865783,0.013075487938930055,0.012022951569548426,Quenched,Elliptical,Control4C
1237661358078165201,Control4C,Lim:3027,Satellite,9.680322,-0.26203736643140163,-0.13411864061098333,-0.13163363863825484,Starforming,Spiral,Control4C
1237661950802657501,Control4C,Lim:3030,Satellite,9.836893,-0.00036000557862243517,0.09203781897310435,0.09868503525219761,Quenched,Elliptical,Control4C
1237661950802722870,Control4C,Lim:3030,Satellite,9.691191,0.07870072299485384,0.20415362388032637,0.20699013517873469,Quenched,Spiral,Control4C
1237668315919876132,Control4C,Lim:3034,Satellite,10.36693,0.09524713375865783,0.06739668790428457,0.07375465472272148,Quenched,Elliptical,Control4C
1237668315383070773,Control4C,Lim:3034,Satellite,10.30168,0.0383308008134032,0.02528347180558614,0.03287534171118448,Quenched,Elliptical,Control4C
1237668350817468531,Control4C,Lim:3034,Satellite,10.02804,-0.027185968217908463,0.021846777776444223,0.030949184614048875,Starforming,Elliptical,Control4C
1237653587944669285,Control4C,Lim:3035,Satellite,10.99935,0.17548977917257252,0.0041636680906287915,-0.018871190114811143,Quenched,Elliptical,Control4C
1237653587944734748,Control4C,Lim:3035,Satellite,10.10821,-0.03650924669124571,-0.005664483495182421,0.0036082229100073415,Quenched,Elliptical,Control4C
1237653587944735007,Control4C,Lim:3035,Satellite,9.64779,-0.11931785883562805,0.01598132671279269,0.01735843837502872,Starforming,Spiral,Control4C
1237665536542179811,Control4C,Lim:3040,Satellite,10.26411,0.027623555056661857,0.02309964520478492,0.031249345660756427,Quenched,Spiral,Control4C
1237665101149176029,Control4C,Lim:3040,Satellite,10.11785,-0.1117810674162761,-0.08312330876275403,-0.07386433303901443,NosSFR,Elliptical,Control4C
1237665536542245055,Control4C,Lim:3040,Satellite,10.04874,0.1393198083248698,0.1836563931127289,0.19285141197505726,NosSFR,Elliptical,Control4C
1237651714798584020,Control4C,Lim:3043,Satellite,10.03117,0.011050416782760416,0.05937306690386096,0.06849165032381495,Starforming,Spiral,Control4C
1237654952666595635,Control4C,Lim:3043,Satellite,10.16507,0.01941624484406951,0.03736131112219897,0.046446942301042446,Starforming,Spiral,Control4C
1237651714261582084,Control4C,Lim:3043,Satellite,9.436426,-0.15909778063256153,0.02415306758490851,0.016295215481098718,Starforming,Spiral,Control4C
1237665024367722528,Control4C,Lim:3046,Satellite,10.6608,0.16376467280347848,0.06924461855527492,0.06587550268184221,Quenched,Elliptical,Control4C
1237665024367722513,Control4C,Lim:3046,Satellite,10.47509,0.12003830018504674,0.0676498448575164,0.07122137507031412,Quenched,Elliptical,Control4C
1237665128006680670,Control4C,Lim:3046,Satellite,9.838316,-0.1549517826247632,-0.06287679079752162,-0.05620062942471607,Starforming,Spiral,Control4C
1237670964854784136,Control4C,Lim:3050,Satellite,10.82294,0.0025206987823348363,-0.1287836829064907,-0.14044104386384323,Starforming,Spiral,Control4C
1237668288546406511,Control4C,Lim:3050,Satellite,10.3684,-0.17177874325082548,-0.199962684611167,-0.19363639134557487,Starforming,Spiral,Control4C
1237668288546275407,Control4C,Lim:3050,Satellite,9.488924,-0.14274598525968069,0.028594762908586313,0.02336020143743528,Starforming,Spiral,Control4C
1237655473974345996,Control4C,Lim:3053,Satellite,10.53587,-0.00036000557862243517,-0.06653747917333543,-0.06493749015855589,Starforming,NoGZ,Control4C
1237655501889994956,Control4C,Lim:3053,Satellite,10.47085,0.11341619989012074,0.06198966357300248,0.0656878352192883,Quenched,NoGZ,Control4C
1237655501889929814,Control4C,Lim:3053,Satellite,10.19935,-0.021079757759797816,-0.01091171593377491,-0.002062316071951977,Starforming,NoGZ,Control4C
1237667538009850042,Control4C,Lim:3059,Satellite,10.10364,0.14762191810824846,0.17950346665279834,0.18878011641338996,Starforming,Spiral,Control4C
1237667538009850089,Control4C,Lim:3059,Satellite,9.76854,0.1496728826525962,0.2575777944964709,0.2626462009538366,Starforming,Spiral,Control4C
1237667538546655418,Control4C,Lim:3059,Satellite,9.803891,-0.3305265412590219,-0.23064162916445927,-0.22471059247609376,Starforming,Spiral,Control4C
1237665330921078839,Control4C,Lim:3062,Satellite,10.90482,0.17741355266189243,0.027533244422936115,0.01090089104979311,Quenched,Elliptical,Control4C
1237665330921078921,Control4C,Lim:3062,Satellite,9.773371,0.0025206987823348363,0.10932961281033664,0.11452173040108148,Starforming,Spiral,Control4C
1237665330921013326,Control4C,Lim:3062,Satellite,9.617968,-0.11931785883562805,0.022746974997819677,0.023035013043038358,Starforming,Spiral,Control4C
1237662225671520364,Control4C,Lim:3067,Satellite,11.02314,0.24319337424724807,0.06647008079320371,0.04171270917492975,Quenched,Elliptical,Control4C
1237662225671454772,Control4C,Lim:3067,Satellite,10.29388,0.11341619989012074,0.10213843887315627,0.10985529627953035,Quenched,Elliptical,Control4C
1237662225671520433,Control4C,Lim:3067,Satellite,9.830337,-0.0691168562521512,0.02476831288265635,0.031280107366603804,Starforming,Spiral,Control4C
1237655368760164378,Control4C,Lim:3072,Satellite,11.05887,0.24319337424724807,0.05836409818895141,0.030935669992713688,Quenched,Elliptical,Control4C
1237655368760098912,Control4C,Lim:3072,Satellite,10.09324,0.17548977917257252,0.2097307517049261,0.2190102238549379,Quenched,Elliptical,Control4C
1237655368760164476,Control4C,Lim:3072,Satellite,9.954612,0.01941624484406951,0.0851074316630803,0.09360822828871498,Starforming,Elliptical,Control4C
1237658613596618862,Control4C,Lim:3075,Satellite,10.39975,-0.1848411427269139,-0.22013738620433632,-0.21452723413435115,Starforming,Elliptical,Control4C
1237658613596618841,Control4C,Lim:3075,Satellite,9.919874,-0.027185968217908463,0.0463861484557483,0.054453864459981946,Starforming,Spiral,Control4C
1237667783889190972,Control4C,Lim:3085,Satellite,10.85674,0.09524713375865783,-0.043725375890529564,-0.05737219867522596,Quenched,Elliptical,Control4C
1237670450523144290,Control4C,Lim:3085,Satellite,10.5264,0.09524713375865783,0.031218097198992573,0.03314446689177939,Quenched,Spiral,Control4C
1237670450523078792,Control4C,Lim:3085,Satellite,10.17541,-0.059074962477950764,-0.04347570812615662,-0.03445155145983922,Starforming,Elliptical,Control4C
1237671767461265510,Control4C,Lim:3092,Satellite,10.08469,-0.16328380351680608,-0.12710311222524867,-0.11782772158288349,Starforming,Uncertain,Control4C
1237671767461396524,Control4C,Lim:3092,Satellite,10.25585,-0.07251640661352583,-0.07516638933662803,-0.0669090038445354,Starforming,Elliptical,Control4C
1237671767461265556,Control4C,Lim:3092,Satellite,9.62265,-0.05250706908668513,0.08849557021686855,0.08895924163004096,Quenched,Elliptical,Control4C
1237671992949342322,Control4C,Lim:3094,Satellite,10.92124,0.16966679416987027,0.016061318442478295,-0.0016324826440391738,Quenched,Spiral,Control4C
1237671992949407904,Control4C,Lim:3094,Satellite,10.11446,0.056455848346987726,0.08588268847345759,0.09514732988629165,Starforming,Elliptical,Control4C
1237662247130300506,Control4C,Lim:3094,Satellite,9.251437,-0.11553311404874676,0.10968576148408847,0.09084826891846555,Quenched,Spiral,Control4C
1237661138492522549,Control4C,Lim:3097,Satellite,10.28582,0.12003830018504674,0.11058909275863013,0.1184300530301628,Quenched,Elliptical,Control4C
1237661383308017837,Control4C,Lim:3097,Satellite,10.5633,-0.059074962477950764,-0.13147541684049582,-0.13086078722687597,Starforming,Spiral,Control4C
1237661383308083258,Control4C,Lim:3097,Satellite,10.33516,0.09524713375865783,0.07460427445164217,0.08160505177531657,Quenched,Spiral,Control4C
1237657591393157159,Control4C,Lim:3103,Satellite,10.16345,-0.030271526760011918,-0.011958934822243635,-0.0028644377935110946,Starforming,Uncertain,Control4C
1237657591393157322,Control4C,Lim:3103,Satellite,10.59638,-0.0691168562521512,-0.1490220938374407,-0.14967487689734707,Starforming,Spiral,Control4C
1237657591393157204,Control4C,Lim:3103,Satellite,10.16856,-0.00036000557862243517,0.01679329245744617,0.02585911909626022,Quenched,Spiral,Control4C
1237665429705719871,Control4C,Lim:3110,Satellite,10.65916,0.17548977917257252,0.08134178793783031,0.07804589240802091,Quenched,Elliptical,Control4C
1237665429705785563,Control4C,Lim:3110,Satellite,10.10192,-0.15909778063256153,-0.12682601965925938,-0.1175483132201193,Starforming,Spiral,Control4C
1237665429705785479,Control4C,Lim:3110,Satellite,9.888805,-0.062396561398671085,0.018224107570857795,0.025823699966759248,Quenched,Elliptical,Control4C
1237667550881841386,Control4C,Lim:3113,Satellite,10.62618,0.17548977917257252,0.0888238843914613,0.08695531856094689,Quenched,Elliptical,Control4C
1237667550881841390,Control4C,Lim:3113,Satellite,9.527534,-0.44277223195708,-0.2801908453435334,-0.28363508109723545,Starforming,Spiral,Control4C
1237667550881841346,Control4C,Lim:3113,Satellite,9.930333,0.10442667462051756,0.175625982112594,0.1838341245140851,Quenched,Elliptical,Control4C
1237663529724084390,Control4C,Lim:3116,Satellite,10.78387,0.21243398995807833,0.08999332896189537,0.08052312910739767,Quenched,NoGZ,Control4C
1237663546367082821,Control4C,Lim:3116,Satellite,10.186,0.10442667462051756,0.11762340012319236,0.12657583815987108,Quenched,Spiral,Control4C
1237662224596205572,Control4C,Lim:3119,Satellite,10.66315,0.24319337424724807,0.1481401809248774,0.14466577517209656,Quenched,Elliptical,Control4C
1237662224596336711,Control4C,Lim:3119,Satellite,10.02925,-0.027185968217908463,0.021572267870171243,0.03068102006909573,Starforming,Spiral,Control4C
1237662224596271276,Control4C,Lim:3119,Satellite,9.73172,0.01941624484406951,0.13567442507553346,0.13973935822558284,Starforming,Spiral,Control4C
1237667112793800838,Control4C,Lim:3125,Satellite,11.15877,0.24319337424724807,0.03570001584456908,0.00026802847168277966,Quenched,Elliptical,Control4C
1237667112793801028,Control4C,Lim:3125,Satellite,10.01214,0.0714113894018661,0.12405133168526468,0.13305960812120682,Quenched,Uncertain,Control4C
1237667112793800968,Control4C,Lim:3125,Satellite,9.93139,-0.21694068641837377,-0.14598117807582728,-0.13775932495858317,Quenched,Spiral,Control4C
1237648705116766267,Control4C,Lim:3126,Satellite,10.3189,-0.1983087080057814,-0.21526269865494246,-0.20796378622897166,Quenched,Elliptical,Control4C
1237648721771823351,Control4C,Lim:3126,Satellite,10.27747,0.15374598130109055,0.14619111909565086,0.1541552333956625,Quenched,Spiral,Control4C
1237648721771823374,Control4C,Lim:3126,Satellite,9.920454,0.0714113894018661,0.14485192281466475,0.15292765250993698,Quenched,Spiral,Control4C
1237668293906268167,Control4C,Lim:3127,Satellite,10.72702,0.25779277210434204,0.14824953934918164,0.1417463740997686,Quenched,Elliptical,Control4C
1237668293906202788,Control4C,Lim:3127,Satellite,9.941301,-0.10437295273032035,-0.03566193007461216,-0.027315813028129507,Starforming,Spiral,Control4C
1237668289085833234,Control4C,Lim:3127,Satellite,9.750896,-0.28368883398995764,-0.17178106860369763,-0.16718015407834402,Starforming,Elliptical,Control4C
1237662263248289975,Control4C,Lim:3130,Satellite,10.21727,0.09756027280667182,0.10366284560755663,0.1123517941541125,Quenched,Elliptical,Control4C
1237662263248158975,Control4C,Lim:3130,Satellite,9.44473,-0.18044323321980837,0.0009237056904772001,-0.0065047005796219914,Starforming,Spiral,Control4C
1237661064952480026,Control4C,Lim:3131,Satellite,10.44566,0.09756027280667182,0.05184853362924322,0.05626979489746574,Quenched,Spiral,Control4C
1237660669814964240,Control4C,Lim:3131,Satellite,10.09096,-0.45085224255144457,-0.4160940116833035,-0.4068150630871963,Quenched,Elliptical,Control4C
1237661064952545415,Control4C,Lim:3131,Satellite,9.517274,-0.14274598525968069,0.02216306386491032,0.018254570124090486,Starforming,Spiral,Control4C
1237658312943599687,Control4C,Lim:3133,Satellite,10.17091,-0.1983087080057814,-0.18168854904387993,-0.1726366001033891,Quenched,Elliptical,Control4C
1237658312943796369,Control4C,Lim:3133,Satellite,9.94845,0.07385466443403327,0.14094380996581762,0.14937474207466486,Starforming,Spiral,Control4C
1237655109454266500,Control4C,Lim:3133,Satellite,9.393152,-0.030271526760011918,0.1627967939236324,0.1526128132903067,Starforming,Elliptical,Control4C
1237665328787357712,Control4C,Lim:3135,Satellite,10.15967,-0.1983087080057814,-0.1791385561955232,-0.1700241787032133,Starforming,Spiral,Control4C
1237665225703489844,Control4C,Lim:3135,Satellite,10.0061,0.0409668678813979,0.09497709101925174,0.10394437370386227,Starforming,Spiral,Control4C
1237665225703555198,Control4C,Lim:3135,Satellite,9.480035,-0.2949332821142268,-0.1215759070394612,-0.12723932955332137,Starforming,Spiral,Control4C
1237667911662370970,Control4C,Lim:3136,Satellite,10.12161,0.0714113894018661,0.09921612553672078,0.10846775495098374,Starforming,Spiral,Control4C
1237667550348574796,Control4C,Lim:3136,Satellite,9.518834,-0.3367530128963952,-0.17219787736997463,-0.1760352459198489,Starforming,Elliptical,Control4C
1237667911662305462,Control4C,Lim:3136,Satellite,9.429671,-0.1117810674162761,0.0730022720548106,0.0647910621833346,Starforming,Spiral,Control4C
1237657775534637474,Control4C,Lim:3140,Satellite,9.68584,-0.1231358190374761,0.00353105086325943,0.0061956745983232225,Starforming,Spiral,Control4C
1237657630042161415,Control4C,Lim:3140,Satellite,9.684565,-0.26734992123701173,-0.14039379503007882,-0.13777046130173576,Starforming,Spiral,Control4C
1237657775534637628,Control4C,Lim:3140,Satellite,9.409879,-0.14274598525968069,0.04652751955434928,0.03726021893108997,Starforming,Spiral,Control4C
1237665102219903152,Control4C,Lim:3142,Satellite,10.71025,0.0714113894018661,-0.03432727217296121,-0.040003983197853615,Quenched,Elliptical,Control4C
1237665102219903237,Control4C,Lim:3142,Satellite,10.66317,0.18878060169439917,0.09372287101820596,0.09024756730847551,Quenched,Elliptical,Control4C
1237665102219837516,Control4C,Lim:3142,Satellite,10.48454,0.18878060169439917,0.13424824668564322,0.13753241012602646,Quenched,Spiral,Control4C
1237658298999832729,Control4C,Lim:3143,Satellite,10.51591,0.09524713375865783,0.033597939278998463,0.035877570596416164,Quenched,Elliptical,Control4C
1237658298999898164,Control4C,Lim:3143,Satellite,9.853498,-0.28368883398995764,-0.19505814744952688,-0.18808313147531452,Starforming,Spiral,Control4C
1237658298999832751,Control4C,Lim:3143,Satellite,10.24072,0.28108475193178795,0.2818672773755579,0.2903079286692208,Quenched,Elliptical,Control4C
1237665129624043636,Control4C,Lim:3147,Satellite,10.63772,0.210659559924703,0.12137561198789434,0.11901738656947591,Quenched,Spiral,Control4C
1237665129624043700,Control4C,Lim:3147,Satellite,10.46659,0.1393198083248698,0.08885972837198654,0.09268370808651163,Quenched,Spiral,Control4C
1237664671644844043,Control4C,Lim:3147,Satellite,9.840479,0.03301017461500066,0.12459445162631744,0.1313143038794521,Quenched,Elliptical,Control4C
1237668271372042420,Control4C,Lim:3150,Satellite,10.85515,0.09986115685840526,-0.038750633161877504,-0.05230184527193989,Quenched,Elliptical,Control4C
1237668271372042279,Control4C,Lim:3150,Satellite,10.79521,0.18878060169439917,0.06376726108074565,0.05367466637575233,Quenched,Uncertain,Control4C
1237662663754645873,Control4C,Lim:3156,Satellite,10.68785,0.005382592656735859,-0.09527423263666812,-0.09988170159592821,Quenched,Elliptical,Control4C
1237662663754645815,Control4C,Lim:3156,Satellite,10.16313,-0.11931785883562805,-0.10093266923669691,-0.09183644545804037,Starforming,Spiral,Control4C
1237662663754645845,Control4C,Lim:3156,Satellite,10.01533,-0.1983087080057814,-0.14639247365710334,-0.1373637099281308,Starforming,Elliptical,Control4C
1237661149767467017,Control4C,Lim:3172,Satellite,10.92748,0.18878060169439917,0.033759471574325045,0.015656707561877897,Quenched,Elliptical,Control4C
1237661435921563811,Control4C,Lim:3172,Satellite,10.2845,-0.07251640661352583,-0.08166614868764435,-0.07380535309951555,Starforming,Spiral,Control4C
1237661435921629323,Control4C,Lim:3172,Satellite,9.567115,-0.08638724073305099,0.0672144957976828,0.06548332562663908,Starforming,Spiral,Control4C
1237667539085623427,Control4C,Lim:3476,Satellite,10.7235,0.0383308008134032,-0.07041385766896216,-0.07674170846918377,Starforming,Spiral,Control4C
1237667539085557915,Control4C,Lim:3476,Satellite,10.67664,-0.08638724073305099,-0.18450087920883246,-0.18858813666644497,Quenched,NoGZ,Control4C
1237667539085557903,Control4C,Lim:3476,Satellite,10.5715,0.17548977917257252,0.1012290097427207,0.10153752922310921,Quenched,Elliptical,Control4C
1237667782289260577,Control4C,Lim:3602,Satellite,11.21428,0.12003830018504674,-0.10004848375253378,-0.1402685567622166,Quenched,Elliptical,Control4C
1237667782826000453,Control4C,Lim:3602,Satellite,11.00434,0.09986115685840526,-0.07259702400230177,-0.09598947613303203,Quenched,Spiral,Control4C
1237664852044415211,Control4C,Lim:3607,Satellite,10.1124,-0.1549517826247632,-0.12505759505455527,-0.1157899543761301,Starforming,Spiral,Control4C
1237662696501543051,Control4C,Lim:3607,Satellite,9.479878,-0.3900662907353473,-0.21667329743307315,-0.22234435072626713,Starforming,Spiral,Control4C
1237665103295611145,Control4C,Lim:3607,Satellite,10.10391,-0.10437295273032035,-0.072552658462377,-0.06327619580555574,Starforming,Spiral,Control4C
1237667209986113724,Control4C,Lim:3623,Satellite,10.92576,0.09756027280667182,-0.05707064488465044,-0.0750603747544418,Starforming,Spiral,Control4C
1237667209986179154,Control4C,Lim:3623,Satellite,10.23758,-0.1848411427269139,-0.18334625273298016,-0.17486983414436946,Starforming,Spiral,Control4C
1237667252935655564,Control4C,Lim:3623,Satellite,9.822002,-0.16751050324578506,-0.07173439190536748,-0.06539967062188826,Starforming,Spiral,Control4C
1237664290472919101,Control4C,Lim:3649,Satellite,10.36969,-0.00036000557862243517,-0.028836606260528252,-0.022538248832176304,Quenched,Elliptical,Control4C
1237662529524596965,Control4C,Lim:3649,Satellite,9.986615,-0.03650924669124571,0.021921493408372697,0.030736879033249495,Starforming,Spiral,Control4C
1237655465930588299,Control4C,Lim:3664,Satellite,11.05967,0.3003078152646575,0.1152970450534529,0.08780765680474423,Quenched,Spiral,Control4C
1237655465930522846,Control4C,Lim:3664,Satellite,9.710165,-0.1848411427269139,-0.06369282941303608,-0.060265062047892975,Starforming,Spiral,Control4C
1237655465930522935,Control4C,Lim:3664,Satellite,9.869906,-0.01805859406732937,0.06684964739695895,0.07412717131634874,Starforming,Spiral,Control4C
1237659161736052817,Control4C,Lim:3684,Satellite,10.7765,0.0714113894018661,-0.04935725671065225,-0.0584284032173341,Starforming,Spiral,Control4C
1237659161735856432,Control4C,Lim:3684,Satellite,10.05817,0.03567863566659506,0.07787585812705149,0.08710184052149432,Quenched,Elliptical,Control4C
1237661386002268342,Control4C,Lim:3684,Satellite,9.842322,-0.1231358190374761,-0.03196965918092086,-0.0252128715126322,Starforming,Spiral,Control4C
1237665226239574107,Control4C,Lim:3718,Satellite,10.19322,0.03567863566659506,0.047237376439275405,0.056135837708165666,Quenched,Elliptical,Control4C
1237665226239508661,Control4C,Lim:3718,Satellite,9.339573,0.011050416782760416,0.21627408148972485,0.20300500336756638,Starforming,Spiral,Control4C
1237665329860313106,Control4C,Lim:3718,Satellite,9.903361,0.05898447772959352,0.13630286058696178,0.14413126874590815,Quenched,Spiral,Control4C
1237667211050221621,Control4C,Lim:3730,Satellite,10.49272,-0.033379164418814146,-0.08976729714105391,-0.08673757897537566,Starforming,Spiral,Control4C
1237667253462892711,Control4C,Lim:3730,Satellite,9.498533,-0.1508449289923749,0.018315847531776452,0.013537861258154843,Starforming,Spiral,Control4C
1237667253462892551,Control4C,Lim:3730,Satellite,7.424318,0.0882328635448647,0.7279660080365141,0.45542317073920735,Starforming,NoGZ,Control4C
1237667733966487717,Control4C,Lim:3739,Satellite,10.1202,-0.20289228400804113,-0.1747676644286862,-0.16551314922526772,Starforming,Spiral,Control4C
1237667781755601077,Control4C,Lim:3739,Satellite,9.728387,0.005382592656735859,0.12239692290275253,0.12636573229566564,Starforming,Uncertain,Control4C
1237661950802133206,Control4C,Lim:3743,Satellite,9.790735,-0.318335079846875,-0.21546549640774074,-0.209843953208644,Starforming,Spiral,Control4C
1237661950802198690,Control4C,Lim:3743,Satellite,9.843162,-0.20289228400804113,-0.1119166930120393,-0.10514316002018133,Starforming,Spiral,Control4C
1237651539782336736,Control4C,Lim:3745,Satellite,10.31963,0.061498469643979516,0.04437886558028977,0.051664841040893854,Starforming,Spiral,Control4C
1237651539782205662,Control4C,Lim:3745,Satellite,10.08719,-0.07251640661352583,-0.03690288454980571,-0.02762570286474221,Starforming,Spiral,Control4C
1237651539782271165,Control4C,Lim:3745,Satellite,10.24649,0.03567863566659506,0.03515213453251628,0.043525029233026515,Quenched,Elliptical,Control4C
1237662238020468888,Control4C,Lim:3754,Satellite,10.29527,0.09986115685840526,0.08826804975076305,0.09596298579174756,Quenched,Elliptical,Control4C
1237662238020469063,Control4C,Lim:3754,Satellite,10.11128,-0.19377293476141427,-0.16362465537713555,-0.15435552475607517,Starforming,Elliptical,Control4C
1237662263784112396,Control4C,Lim:3754,Satellite,10.01517,0.05135398835050857,0.10330652152976846,0.11233427683834579,Starforming,Spiral,Control4C
1237655370902732815,Control4C,Lim:3762,Satellite,10.63116,0.2497426581440827,0.16194696226111943,0.15986837833749695,Quenched,Spiral,Control4C
1237655465383428182,Control4C,Lim:3762,Satellite,9.973141,-0.1983087080057814,-0.13682115263581046,-0.1281283516616644,Quenched,NoGZ,Control4C
1237655370902732937,Control4C,Lim:3762,Satellite,9.443351,-0.08638724073305099,0.0952925487233097,0.08779320404835195,Starforming,Spiral,Control4C
1237648705129480247,Control4C,Lim:3770,Satellite,10.15588,-0.08638724073305099,-0.0663572603733912,-0.05722408343559594,Starforming,Spiral,Control4C
1237648705129349141,Control4C,Lim:3770,Satellite,10.17372,-0.1983087080057814,-0.18232604725596918,-0.17329126540801895,Quenched,Spiral,Control4C
1237648722321342726,Control4C,Lim:3770,Satellite,9.993007,-0.1983087080057814,-0.14132810618789765,-0.13245958437592073,Quenched,Elliptical,Control4C
1237654954275438624,Control4C,Lim:3772,Satellite,10.67636,0.0383308008134032,-0.05971931470886047,-0.06379370559853076,Starforming,NoGZ,Control4C
1237654954275373373,Control4C,Lim:3772,Satellite,10.16969,-0.21694068641837377,-0.20004374887328763,-0.19098454086919528,Starforming,Elliptical,Control4C
1237651715870359850,Control4C,Lim:3772,Satellite,10.01783,-0.05250706908668513,-0.0011580039658443605,0.007886253576823661,Starforming,Elliptical,Control4C
1237654653635920245,Control4C,Lim:3776,Satellite,10.89715,0.17932884207153257,0.031188609023581587,0.015044771320557843,Starforming,Spiral,Control4C
1237653586333794636,Control4C,Lim:3776,Satellite,10.41513,0.09756027280667182,0.05877480423959365,0.06400522693421062,Quenched,Elliptical,Control4C
1237654653635919928,Control4C,Lim:3776,Satellite,10.20955,0.17741355266189243,0.18526754403833892,0.19402872691961393,Quenched,Elliptical,Control4C
1237655370364223569,Control4C,Lim:3777,Satellite,10.90699,0.210659559924703,0.060286948795983925,0.043515540647748374,Quenched,Spiral,Control4C
1237655370364354632,Control4C,Lim:3777,Satellite,10.62903,0.09986115685840526,0.0125486891575593,0.010560172107424243,Quenched,Elliptical,Control4C
1237655370364223561,Control4C,Lim:3777,Satellite,10.52125,0.18878060169439917,0.12591993374407906,0.12802082164595519,Quenched,Elliptical,Control4C
1237658491749400635,Control4C,Lim:3779,Satellite,10.81208,0.16966679416987027,0.04082619560677023,0.029788888632698934,Quenched,Elliptical,Control4C
1237662236397535434,Control4C,Lim:3779,Satellite,10.2965,0.09756027280667182,0.08568811843893369,0.0933635291057049,Quenched,Elliptical,Control4C
1237662236397469828,Control4C,Lim:3779,Satellite,10.17358,-0.00036000557862243517,0.015654416647948675,0.024690068565478868,Starforming,Spiral,Control4C
1237648720153149538,Control4C,Lim:3789,Satellite,10.63393,0.09756027280667182,0.009136153419264742,0.006939903978447681,Quenched,Elliptical,Control4C
1237674649387991118,Control4C,Lim:3789,Satellite,9.810713,-0.00036000557862243517,0.09797721512701761,0.10406335354299913,Quenched,Uncertain,Control4C
1237674649388056846,Control4C,Lim:3789,Satellite,10.06059,0.11341619989012074,0.1550644025380308,0.16429719794869369,Starforming,Spiral,Control4C
1237662662135578692,Control4C,Lim:3826,Satellite,10.57783,0.1617793388380763,0.08608249692334015,0.08615108019833467,Quenched,Elliptical,Control4C
1237662224080633907,Control4C,Lim:3826,Satellite,9.896813,-0.11931785883562805,-0.04051394633670795,-0.03278639881999511,Starforming,Elliptical,Control4C
1237662224617439529,Control4C,Lim:3826,Satellite,9.760905,-0.18044323321980837,-0.07080618655411819,-0.06593705608734421,Quenched,Spiral,Control4C
1237659327103631521,Control4C,Lim:3829,Satellite,10.58118,0.09756027280667182,0.021103424126633713,0.021043745649362428,Starforming,Spiral,Control4C
1237655472358228205,Control4C,Lim:3829,Satellite,10.61546,-0.04603702487435677,-0.1302708980065014,-0.13169402672903988,Starforming,Spiral,Control4C
1237655373573980487,Control4C,Lim:3829,Satellite,8.64559,-0.21220723669545014,0.15045874890842617,0.07673123311828592,Starforming,NoGZ,Control4C
1237665128011989012,Control4C,Lim:3849,Satellite,10.84369,0.24319337424724807,0.10718148796737184,0.09431348516248317,Quenched,Elliptical,Control4C
1237665128011923659,Control4C,Lim:3849,Satellite,9.754007,-0.1508449289923749,-0.039642948993235866,-0.03495781960338194,Starforming,Spiral,Control4C
1237665128011923585,Control4C,Lim:3849,Satellite,9.392172,-0.6823189288471327,-0.4890282778261762,-0.49926665047371777,Starforming,Spiral,Control4C
1237667253472133218,Control4C,Lim:3853,Satellite,10.7406,0.09292160846959709,-0.019702487531176288,-0.026891183360639614,Starforming,Spiral,Control4C
1237667253472067776,Control4C,Lim:3853,Satellite,9.552094,-0.35598675464406754,-0.19897723852479576,-0.20134394092939273,Starforming,Spiral,Control4C
1237667253472198798,Control4C,Lim:3853,Satellite,9.761603,-0.1117810674162761,-0.0023023743989980944,0.002585165413731022,Starforming,Spiral,Control4C
1237665128012251184,Control4C,Lim:3857,Satellite,9.668192,-0.07594282963262874,0.054727801281256816,0.05680948952662204,Starforming,Spiral,Control4C
1237665128012185846,Control4C,Lim:3857,Satellite,10.14018,0.03567863566659506,0.059270438777073456,0.06846940164206369,Quenched,Elliptical,Control4C
1237665024910164061,Control4C,Lim:3857,Satellite,9.630554,-0.27817389220561206,-0.13896441513278907,-0.1382081758310777,Starforming,Spiral,Control4C
1237668332029935885,Control4C,Lim:3867,Satellite,10.55945,0.05135398835050857,-0.02017302540116693,-0.019416506408661632,Starforming,Spiral,Control4C
1237668332029935785,Control4C,Lim:3867,Satellite,9.879955,-0.1117810674162761,-0.029152619380203068,-0.021700330857468045,Starforming,Spiral,Control4C
1237667254532046894,Control4C,Lim:3868,Satellite,10.70671,0.12003830018504674,0.015102750236837409,0.009597655642313477,Quenched,Elliptical,Control4C
1237667211582570791,Control4C,Lim:3868,Satellite,9.946365,-0.1387524855065975,-0.07119032083879692,-0.06278370778811708,Starforming,Spiral,Control4C
1237667254532112625,Control4C,Lim:3868,Satellite,10.08233,-0.16328380351680608,-0.1265677044741703,-0.11729445776325828,Starforming,Spiral,Control4C
1237662528988053670,Control4C,Lim:3873,Satellite,10.86603,0.18878060169439917,0.04770049119456801,0.03349104380096879,Starforming,Spiral,Control4C
1237664289399636221,Control4C,Lim:3873,Satellite,10.70772,-0.07594282963262874,-0.18110751594888458,-0.18666147358812007,Starforming,Spiral,Control4C
1237662528988053660,Control4C,Lim:3873,Satellite,9.234194,-0.35598675464406754,-0.12685599951299245,-0.14685469662260128,Starforming,Spiral,Control4C
1237655692479037882,Control4C,Lim:3879,Satellite,10.62266,0.210659559924703,0.12479223941638684,0.12307093790966435,Quenched,Spiral,Control4C
1237655692479102982,Control4C,Lim:3879,Satellite,10.59359,0.16966679416987027,0.09039451744284713,0.08985196835035991,Quenched,Elliptical,Control4C
1237655692479037791,Control4C,Lim:3879,Satellite,9.976303,0.01941624484406951,0.08018644457467178,0.08890930135275649,Starforming,Spiral,Control4C
1237668272453582997,Control4C,Lim:3895,Satellite,10.74878,0.29885896880742735,0.18437909509317016,0.17677043251259084,Quenched,Uncertain,Control4C
1237668311094788500,Control4C,Lim:3895,Satellite,10.52829,0.23148870508405484,0.16703088858814463,0.1688926860613195,Quenched,Elliptical,Control4C
1237668311094853830,Control4C,Lim:3895,Satellite,9.788883,-0.16751050324578506,-0.06422076084266898,-0.05864388397450333,Starforming,Elliptical,Control4C
1237665129616900136,Control4C,Lim:3899,Satellite,10.8217,0.17741355266189243,0.04639048691007408,0.0348043953444965,Quenched,Uncertain,Control4C
1237665129617031224,Control4C,Lim:3899,Satellite,10.11785,0.17548977917257252,0.20414753782609457,0.21340651354983417,Quenched,Elliptical,Control4C
1237665025978073097,Control4C,Lim:3899,Satellite,9.60321,-0.3761119394752729,-0.23069899225605572,-0.2309758990143758,Starforming,Elliptical,Control4C
1237661951327666292,Control4C,Lim:3901,Satellite,10.32214,0.18502454598632273,0.16733550401788444,0.1745766762562624,Quenched,Elliptical,Control4C
1237661951327666295,Control4C,Lim:3901,Satellite,9.852967,0.0882328635448647,0.17698401682928824,0.183948887566793,Starforming,Uncertain,Control4C
1237661951327666286,Control4C,Lim:3901,Satellite,9.422676,0.09986115685840526,0.28623143582898136,0.277650513341597,Starforming,Spiral,Control4C
1237667141792497802,Control4C,Lim:3906,Satellite,10.24455,-0.1983087080057814,-0.19839508581905851,-0.1899991162900599,Starforming,Spiral,Control4C
1237667141792432266,Control4C,Lim:3906,Satellite,9.916013,-0.07594282963262874,-0.00149477680349977,0.00651891538757772,Starforming,Spiral,Control4C
1237668367461384250,Control4C,Lim:3917,Satellite,10.55919,0.09986115685840526,0.028393128706425033,0.029159187616250984,Quenched,Elliptical,Control4C
1237668367461319004,Control4C,Lim:3917,Satellite,10.00157,-0.10806121448408725,-0.05302328070539186,-0.04408863525311274,Starforming,Spiral,Control4C
1237668367461449908,Control4C,Lim:3917,Satellite,10.28847,-0.062396561398671085,-0.07244696820659555,-0.0646462445220862,Starforming,Spiral,Control4C
1237660634921041978,Control4C,Lim:3935,Satellite,11.01033,0.210659559924703,0.03684244159409747,0.01301813471487559,Starforming,Spiral,Control4C
1237660634921107512,Control4C,Lim:3935,Satellite,10.73679,0.15778123442292644,0.04602150432537758,0.039026611496987954,Starforming,Elliptical,Control4C
1237661356998262822,Control4C,Lim:3935,Satellite,9.056405,-0.23145875648195138,0.03800657858831699,0.004664880512221914,Starforming,NoGZ,Control4C
1237668297142304960,Control4C,Lim:3939,Satellite,10.15513,-0.2217262958376311,-0.2015261647096201,-0.19238940210338684,Starforming,Elliptical,Control4C
1237668297142304954,Control4C,Lim:3939,Satellite,10.14559,0.027623555056661857,0.04998800395810025,0.05916649750550535,Quenched,Elliptical,Control4C
1237668297142370419,Control4C,Lim:3939,Satellite,10.0961,-0.16751050324578506,-0.13391837231007747,-0.12463882426399911,Quenched,Elliptical,Control4C
1237668624629891241,Control4C,Lim:3943,Satellite,9.935982,-0.033379164418814146,0.03653856748604089,0.044818960087083366,Starforming,Spiral,Control4C
1237668590266876172,Control4C,Lim:3943,Satellite,10.37317,0.0383308008134032,0.00906470056634779,0.015287040317369629,Quenched,Spiral,Control4C
1237668624629891243,Control4C,Lim:3943,Satellite,8.982884,-0.22656522730891981,0.059579647281281733,0.01999017796894531,Starforming,Spiral,Control4C
1237668310558441504,Control4C,Lim:3951,Satellite,10.71649,0.27037041250145794,0.16321609653394847,0.15723446388273848,Quenched,Elliptical,Control4C
1237668310558441523,Control4C,Lim:3951,Satellite,10.82452,0.24319337424724807,0.11153054160642917,0.09978219360009152,Quenched,Spiral,Control4C
1237668310558376403,Control4C,Lim:3951,Satellite,10.6666,0.18878060169439917,0.0929447148376127,0.08931494394544572,Quenched,Elliptical,Control4C
1237654601026175068,Control4C,Lim:3959,Satellite,10.72631,0.1156348048624115,0.006252648167956856,-0.00021507652972514724,Starforming,Spiral,Control4C
1237654601026175190,Control4C,Lim:3959,Satellite,10.6437,0.19250472977107758,0.10186411304128164,0.0992480075532194,Quenched,NoGZ,Control4C
1237654601026175095,Control4C,Lim:3959,Satellite,9.767878,0.12439759440607599,0.232452692661482,0.23750400309539424,Quenched,Elliptical,Control4C
1237663546903363732,Control4C,Lim:3964,Satellite,10.32845,0.09986115685840526,0.08074057975890517,0.0878669201853326,Quenched,Elliptical,Control4C
1237663530260299843,Control4C,Lim:3964,Satellite,9.741514,-0.28368883398995764,-0.16965259592546975,-0.16531028360317032,Starforming,Spiral,Control4C
1237663546903363801,Control4C,Lim:3964,Satellite,9.990502,-0.07594282963262874,-0.018393924248451668,-0.009545841575999331,Starforming,Spiral,Control4C
1237657628446097434,Control4C,Lim:3966,Satellite,10.48151,-0.1983087080057814,-0.25215365391039823,-0.24877658203609046,Quenched,Spiral,Control4C
1237657851234156610,Control4C,Lim:3966,Satellite,9.716967,0.0383308008134032,0.15793596009218094,0.16156875960076603,Starforming,Spiral,Control4C
1237657851234025624,Control4C,Lim:3966,Satellite,9.17615,0.011050416782760416,0.2533494801780731,0.2292692291002547,Starforming,Uncertain,Control4C
1237664853105377330,Control4C,Lim:3977,Satellite,10.30356,0.09756027280667182,0.08408643253952106,0.09164745819695083,Starforming,Spiral,Control4C
1237664853105508500,Control4C,Lim:3977,Satellite,9.724587,-0.1983087080057814,-0.08043228053345189,-0.07657413417217768,Quenched,Spiral,Control4C
1237664853105377484,Control4C,Lim:3977,Satellite,9.83156,-0.1983087080057814,-0.10470099805723182,-0.0981636833800299,Quenched,Spiral,Control4C
1237665102756446380,Control4C,Lim:3978,Satellite,10.79218,0.09524713375865783,-0.029078797750856603,-0.03900409630108913,Quenched,Spiral,Control4C
1237665128563343628,Control4C,Lim:3978,Satellite,10.34861,-0.11553311404874676,-0.13922734380152776,-0.13248896783349087,Starforming,Spiral,Control4C
1237665102756249888,Control4C,Lim:3978,Satellite,9.49773,-0.6060438375572742,-0.43670088627714165,-0.4415167479953176,Starforming,Spiral,Control4C
1237667783382991002,Control4C,Lim:3980,Satellite,9.985817,-0.13479537313186118,-0.07618359261471717,-0.06737506740530441,Starforming,Spiral,Control4C
1237667783383253177,Control4C,Lim:3980,Satellite,10.06836,-0.07939644884409477,-0.0395110081563035,-0.03025946631215254,Quenched,Uncertain,Control4C
1237667783383187598,Control4C,Lim:3980,Satellite,9.924733,-0.09708903351335806,-0.02461926695092599,-0.01648523707985368,Starforming,Spiral,Control4C
1237671129130270882,Control4C,Lim:3993,Satellite,10.36582,0.12003830018504674,0.09243967746783342,0.09882144789612017,Quenched,Elliptical,Control4C
1237671129130205403,Control4C,Lim:3993,Satellite,10.0198,-0.030271526760011918,0.02063060900929298,0.029686727738193575,Quenched,Spiral,Control4C
1237674598925664381,Control4C,Lim:3993,Satellite,9.499898,-0.07594282963262874,0.09290827249312342,0.08819455282976951,Starforming,Spiral,Control4C
1237662661605064715,Control4C,Lim:3994,Satellite,11.01519,0.17548977917257252,0.0005700838630509075,-0.023606692848355842,Quenched,Spiral,Control4C
1237664854189539553,Control4C,Lim:3994,Satellite,9.730418,-0.033379164418814146,0.0831743975465073,0.08720188548615282,Starforming,Spiral,Control4C
1237664854189474090,Control4C,Lim:3994,Satellite,9.503304,-0.07251640661352583,0.09556198415622065,0.09100798291559088,Starforming,Elliptical,Control4C
1237665128548990982,Control4C,Lim:3995,Satellite,10.29137,-0.009119148331831268,-0.01982747144404719,-0.012071416197073448,Quenched,Spiral,Control4C
1237665025446904003,Control4C,Lim:3995,Satellite,9.238877,-0.6425090077386855,-0.41444067400519535,-0.43412167731117646,Starforming,Spiral,Control4C
1237665025446903972,Control4C,Lim:3995,Satellite,9.36902,-0.16328380351680608,0.03525928828930702,0.023713856526826005,Starforming,Spiral,Control4C
1237657873793417354,Control4C,Lim:3997,Satellite,9.792908,-0.033379164418814146,0.06899743552748366,0.07467104131493729,Quenched,Elliptical,Control4C
1237658203961884806,Control4C,Lim:3997,Satellite,9.732166,0.06648321213101471,0.18264020937223244,0.18671793857233726,Starforming,Uncertain,Control4C
1237658203961884821,Control4C,Lim:3997,Satellite,8.783231,-0.2892746251283065,0.04216506460006286,-0.01654578524685779,Starforming,Uncertain,Control4C
1237648704595493353,Control4C,Lim:4000,Satellite,9.446967,-0.08287775240623109,0.09798168347898538,0.09066803316687826,Starforming,NoGZ,Control4C
1237648673987232019,Control4C,Lim:4000,Satellite,9.564772,-0.3830331239219682,-0.22889983639090528,-0.23072896422579606,Starforming,NoGZ,Control4C
1237648721250615590,Control4C,Lim:4000,Satellite,9.160706,-0.30647653141567716,-0.060673723398476015,-0.08588481404183002,Starforming,NoGZ,Control4C
1237661950260347049,Control4C,Lim:4005,Satellite,10.11704,0.0383308008134032,0.06717232229674489,0.07643273434144038,Quenched,Elliptical,Control4C
1237671955902693479,Control4C,Lim:4005,Satellite,9.854807,0.12656094167438622,0.21489465840712152,0.22189458884673208,Quenched,Elliptical,Control4C
1237654879667617934,Control4C,Lim:4007,Satellite,10.10938,-0.2727281867109631,-0.24214885871352776,-0.23287742723122273,Quenched,Uncertain,Control4C
1237654879667486952,Control4C,Lim:4007,Satellite,9.625319,-0.05250706908668513,0.08789006034922955,0.08845307731655683,Quenched,NoGZ,Control4C
1237654879667552298,Control4C,Lim:4007,Satellite,9.664899,0.1393198083248698,0.27073751454566264,0.2727077061881634,Quenched,NoGZ,Control4C
1237655691940266355,Control4C,Lim:4008,Satellite,10.73029,0.3003078152646575,0.19002272515948565,0.1833558194738018,Quenched,Elliptical,Control4C
1237655691940331751,Control4C,Lim:4008,Satellite,10.02181,0.07385466443403327,0.12430079614415683,0.13336870080724433,Quenched,Spiral,Control4C
1237655691940266337,Control4C,Lim:4008,Satellite,9.867603,0.005382592656735859,0.09081331041370788,0.0980496583148672,Starforming,Spiral,Control4C
1237651250945589502,Control4C,Lim:4010,Satellite,10.04909,0.011050416782760416,0.05530759787872247,0.06450389153999088,Starforming,Spiral,Control4C
1237651191354556696,Control4C,Lim:4010,Satellite,9.505301,-0.6686395231550413,-0.5010141871644912,-0.5054749689036317,Starforming,Spiral,Control4C
1237651250945589513,Control4C,Lim:4010,Satellite,9.865484,0.12003830018504674,0.20594975057953382,0.2131478420165826,Quenched,Elliptical,Control4C
1237658802577080463,Control4C,Lim:4011,Satellite,10.73302,0.1617793388380763,0.0508748999361061,0.04407064631221991,Quenched,Spiral,Control4C
1237658802577145864,Control4C,Lim:4011,Satellite,10.46634,0.1393198083248698,0.08891644529477014,0.09274776356208086,Quenched,Elliptical,Control4C
1237658802577145925,Control4C,Lim:4011,Satellite,9.806422,0.056455848346987726,0.15576655831528793,0.16175556772974883,Starforming,Spiral,Control4C
1237655744020349122,Control4C,Lim:4012,Satellite,10.72031,-0.14677660869441173,-0.25479755924205655,-0.2609673770736873,Starforming,Uncertain,Control4C
1237662268074295517,Control4C,Lim:4012,Satellite,9.931292,0.005382592656735859,0.07636433403301388,0.08458491967148826,Starforming,Spiral,Control4C
1237655744020349114,Control4C,Lim:4012,Satellite,9.708745,0.0025206987823348363,0.1239911642176242,0.12737566732363365,Quenched,Spiral,Control4C
1237667254526607541,Control4C,Lim:4013,Satellite,10.72226,0.09756027280667182,-0.010903069738686363,-0.01716939525554978,Quenched,Elliptical,Control4C
1237667254526608028,Control4C,Lim:4013,Satellite,10.03959,-0.07594282963262874,-0.02953040547088477,-0.020372148078087148,Quenched,Uncertain,Control4C
1237667254526608010,Control4C,Lim:4013,Satellite,9.997963,-0.3006665564381726,-0.24481031089755367,-0.23590281243573752,Quenched,Elliptical,Control4C
1237657632188727350,Control4C,Lim:4016,Satellite,9.840386,-0.2949332821142268,-0.20332790640763457,-0.1966099250741009,Starforming,Spiral,Control4C
1237657244046000150,Control4C,Lim:4016,Satellite,9.429942,-0.062396561398671085,0.12232529692811811,0.1141283326449006,Starforming,Spiral,Control4C
1237657244045934827,Control4C,Lim:4016,Satellite,9.689755,0.09756027280667182,0.22333895569661416,0.22612956120159794,Starforming,Spiral,Control4C
1237662697573515596,Control4C,Lim:4023,Satellite,10.83222,0.12003830018504674,-0.013371413677511296,-0.025566002952209788,Quenched,Spiral,Control4C
1237664853653127598,Control4C,Lim:4023,Satellite,9.955454,-0.0899253200661028,-0.024425155843027763,-0.015915045671044223,Quenched,Elliptical,Control4C
1237664853653127479,Control4C,Lim:4023,Satellite,9.679726,0.12003830018504674,0.24809223914938144,0.25055769616925344,Quenched,Elliptical,Control4C
1237658491211874420,Control4C,Lim:4026,Satellite,9.787234,0.027623555056661857,0.1312874022824596,0.13682428064239655,Starforming,Elliptical,Control4C
1237662236396814569,Control4C,Lim:4026,Satellite,10.00635,0.05391241004701966,0.1078659162620899,0.11683495290159024,Starforming,Spiral,Control4C
1237658491211809011,Control4C,Lim:4026,Satellite,9.718451,-0.003260164289578826,0.11600832333555473,0.11968536908113105,Quenched,Elliptical,Control4C
1237667783916912820,Control4C,Lim:4032,Satellite,10.39428,0.17161647695175766,0.13756119974484324,0.1433018987832948,Quenched,Spiral,Control4C
1237667783916847168,Control4C,Lim:4032,Satellite,10.09799,-0.15909778063256153,-0.12593442963309887,-0.11665518615115085,Starforming,Elliptical,Control4C
1237667783916912862,Control4C,Lim:4032,Satellite,9.224757,-0.0899253200661028,0.14134638546621292,0.12070221912824607,Starforming,Spiral,Control4C
1237665566619337116,Control4C,Lim:4036,Satellite,10.14676,0.0383308008134032,0.06042981451621366,0.06960357705533352,Quenched,Elliptical,Control4C
1237665566619271478,Control4C,Lim:4036,Satellite,9.689776,-0.062396561398671085,0.06337735726975735,0.06616863527311814,Starforming,Spiral,Control4C
1237665566619206089,Control4C,Lim:4036,Satellite,9.508166,-0.11553311404874676,0.051442246006701706,0.04711465142183972,Starforming,Spiral,Control4C
1237665531179761770,Control4C,Lim:4040,Satellite,10.00125,-0.00036000557862243517,0.0547505258612358,0.06368280449099326,Quenched,Uncertain,Control4C
1237665548357075183,Control4C,Lim:4040,Satellite,10.01867,0.0383308008134032,0.08948929707369058,0.09853864968281702,Quenched,Elliptical,Control4C
1237665548357075200,Control4C,Lim:4040,Satellite,9.792435,0.09756027280667182,0.20004418117087674,0.20570648619231083,Starforming,Elliptical,Control4C
1237659120938516594,Control4C,Lim:4045,Satellite,10.51038,0.17548977917257252,0.11509516302488954,0.1175575224308849,Quenched,Elliptical,Control4C
1237659161197019293,Control4C,Lim:4045,Satellite,10.30812,0.06648321213101471,0.05197485519228822,0.05945990681540163,Starforming,Elliptical,Control4C
1237659161197019182,Control4C,Lim:4045,Satellite,10.37569,-0.00036000557862243517,-0.030197812407338057,-0.024031117361749812,Starforming,Spiral,Control4C
1237662336261226880,Control4C,Lim:4047,Satellite,9.913578,-0.13087399102014557,-0.05587351536310295,-0.04789449988362504,Quenched,Elliptical,Control4C
1237662336261226927,Control4C,Lim:4047,Satellite,9.61602,-0.00036000557862243517,0.1421467665171559,0.14236121997040277,Quenched,Uncertain,Control4C
1237662336261161190,Control4C,Lim:4047,Satellite,9.745799,0.210659559924703,0.32372366993267776,0.32818495548108423,Quenched,Elliptical,Control4C
1237654601570451465,Control4C,Lim:4051,Satellite,7.392337,0.01385725040186069,0.6608458505236973,0.381513056362007,Starforming,NoGZ,Control4C
1237654601570386085,Control4C,Lim:4051,Satellite,10.29635,0.20167700383058246,0.1898388796165145,0.19751667782743085,Quenched,Spiral,Control4C
1237654601570451467,Control4C,Lim:4051,Satellite,9.554019,-0.03650924669124571,0.12006354912259128,0.11777928875394379,Starforming,Spiral,Control4C
1237657595152367644,Control4C,Lim:4060,Satellite,9.959105,-0.021079757759797816,0.04359211252294358,0.052141959052242656,Starforming,Spiral,Control4C
1237657595152367891,Control4C,Lim:4060,Satellite,9.278368,-0.1549517826247632,0.06415731911811623,0.04708644976389453,Starforming,Spiral,Control4C
1237657595152302415,Control4C,Lim:4060,Satellite,9.613127,-0.11931785883562805,0.023845241490603783,0.023949860147944327,Quenched,Elliptical,Control4C
1237667324334571534,Control4C,Lim:4101,Satellite,10.52828,0.2497426581440827,0.18528711032508374,0.18714925019304032,Quenched,NoGZ,Control4C
1237667444048658523,Control4C,Lim:4101,Satellite,10.42047,0.17548977917257252,0.1354928371348336,0.14058704440983877,Quenched,Elliptical,Control4C
1237667444048593040,Control4C,Lim:4101,Satellite,10.21257,0.3003078152646575,0.30747666621387654,0.3162101524559559,Quenched,NoGZ,Control4C
1237662263252615290,Control4C,Lim:4437,Satellite,10.99106,0.1617793388380763,-0.007666039084358478,-0.03011116833037264,Starforming,Spiral,Control4C
1237662263252615522,Control4C,Lim:4437,Satellite,10.65463,0.21243398995807833,0.11931370936417768,0.11621895834524364,Quenched,Elliptical,Control4C
1237661850395541514,Control4C,Lim:4499,Satellite,11.1952,0.18313426568763896,-0.032623882703086415,-0.07117072185689743,Quenched,Elliptical,Control4C
1237661850395476104,Control4C,Lim:4499,Satellite,10.05042,-0.24141432925928877,-0.1974588821925365,-0.18825783258096926,Starforming,Spiral,Control4C
1237661872403448003,Control4C,Lim:4499,Satellite,10.12939,0.011050416782760416,0.037090122280585044,0.046323003649202485,Quenched,Elliptical,Control4C
1237667253988295147,Control4C,Lim:4653,Satellite,10.60696,-0.021079757759797816,-0.10338525551729538,-0.10446164758296594,Starforming,Spiral,Control4C
1237667253988229410,Control4C,Lim:4653,Satellite,10.13063,-0.11553311404874676,-0.08977472448792932,-0.08054527317381821,Starforming,Spiral,Control4C
1237667253988295201,Control4C,Lim:4653,Satellite,10.17124,-0.1983087080057814,-0.18176341538195445,-0.1727134501690692,Quenched,Spiral,Control4C
1237662262714564822,Control4C,Lim:4659,Satellite,10.34784,-0.021079757759797816,-0.04459929939040466,-0.037845515408997166,Starforming,Spiral,Control4C
1237662262714695999,Control4C,Lim:4659,Satellite,10.64335,0.1496728826525962,0.059111669614697715,0.056510735300197845,Quenched,Spiral,Control4C
1237662268613656968,Control4C,Lim:4659,Satellite,9.855787,-0.10437295273032035,-0.016261566334897337,-0.009243071988516371,Starforming,Spiral,Control4C
1237662696504164651,Control4C,Lim:4690,Satellite,9.773781,0.08586937063632526,0.19258526891096162,0.19778780078327124,Quenched,Uncertain,Control4C
1237662696504230022,Control4C,Lim:4690,Satellite,10.38766,0.1287135660717291,0.09616015298012806,0.10205568249951343,Starforming,Spiral,Control4C
1237665107578782173,Control4C,Lim:4690,Satellite,10.39225,0.16376467280347848,0.13016993700956792,0.135958482438282,Starforming,Spiral,Control4C
1237662195055198357,Control4C,Lim:4742,Satellite,10.26928,-0.3972152334232147,-0.4029120492382593,-0.3948324931493619,Starforming,Spiral,Control4C
1237661383314702493,Control4C,Lim:4742,Satellite,10.26202,-0.1231358190374761,-0.1271855754148808,-0.11900811825720316,Starforming,Spiral,Control4C
1237661383314768033,Control4C,Lim:4742,Satellite,9.857689,0.0409668678813979,0.12864675192828195,0.13570105882030187,Starforming,Elliptical,Control4C
1237650371552280661,Control4C,Lim:4776,Satellite,11.0334,0.1455612218657134,-0.03348973409937578,-0.05900378399991291,Quenched,Elliptical,Control4C
1237650371552346120,Control4C,Lim:4776,Satellite,10.90268,0.011050416782760416,-0.13834439459716694,-0.15483998004669353,Starforming,Spiral,Control4C
1237650371552280809,Control4C,Lim:4776,Satellite,9.466909,-0.27817389220561206,-0.10183865181700863,-0.1081467725417174,Starforming,Spiral,Control4C
1237655124465483921,Control4C,Lim:4779,Satellite,10.62427,0.21946008747208545,0.13322750998104213,0.13143897328420162,Quenched,Uncertain,Control4C
1237655124465483965,Control4C,Lim:4779,Satellite,10.35925,0.22637432279043365,0.200266220803977,0.2067868891868839,Quenched,Spiral,Control4C
1237654601568682162,Control4C,Lim:4797,Satellite,10.81287,0.14141026178025823,0.012390437741161497,0.0013083398810243285,Quenched,Spiral,Control4C
1237654605863518421,Control4C,Lim:4797,Satellite,10.11298,-0.10071575008869796,-0.07095314577934857,-0.06168631563721819,Starforming,Spiral,Control4C
1237654605863583845,Control4C,Lim:4797,Satellite,9.882591,-0.030271526760011918,0.05175889804222959,0.05925570869242422,Starforming,Spiral,Control4C
1237662266459488385,Control4C,Lim:4805,Satellite,10.66701,-0.00036000557862243517,-0.09628890818877395,-0.09993720529590634,Quenched,Spiral,Control4C
1237654881812545849,Control4C,Lim:4805,Satellite,9.877316,-0.1983087080057814,-0.11508155613280316,-0.1076743904436907,Quenched,Spiral,Control4C
1237668336860201271,Control4C,Lim:4816,Satellite,9.857761,-0.027185968217908463,0.06047758135521401,0.06753323831142964,Starforming,Spiral,Control4C
1237668336860200977,Control4C,Lim:4816,Satellite,10.1388,0.04358703111597816,0.06749191164022303,0.07669572564822465,Quenched,Elliptical,Control4C
1237668336860201261,Control4C,Lim:4816,Satellite,9.674462,-0.10437295273032035,0.024875217760148866,0.027166830729737967,Quenched,Elliptical,Control4C
1237671128591761639,Control4C,Lim:4850,Satellite,10.48206,0.0383308008134032,-0.015638922321337984,-0.01227866111983928,Quenched,Elliptical,Control4C
1237671128591761530,Control4C,Lim:4850,Satellite,9.989422,0.0714113894018661,0.12920531189246892,0.13804442949814838,Quenched,Elliptical,Control4C
1237671141483937928,Control4C,Lim:4850,Satellite,9.939662,-0.00036000557862243517,0.06872285322285572,0.07704895621503127,Quenched,Elliptical,Control4C
1237667783386398973,Control4C,Lim:4855,Satellite,10.47006,-0.059074962477950764,-0.11032227331907235,-0.10660066275426264,Starforming,Spiral,Control4C
1237667783386398985,Control4C,Lim:4855,Satellite,10.10355,0.0383308008134032,0.07023276745015528,0.07950947829848064,Quenched,NoGZ,Control4C
1237667783386464368,Control4C,Lim:4855,Satellite,9.877413,0.027623555056661857,0.11082870076359996,0.1182375347458858,Starforming,NoGZ,Control4C
1237665532798763625,Control4C,Lim:4871,Satellite,10.41685,0.06895429106965624,0.029778610073825804,0.0349654041565904,Starforming,Spiral,Control4C
1237665428110639527,Control4C,Lim:4871,Satellite,10.38652,-0.033379164418814146,-0.06567394834252144,-0.059752105711537364,Starforming,Spiral,Control4C
1237665549976142073,Control4C,Lim:4871,Satellite,10.17573,0.09756027280667182,0.1130869294973027,0.12210904888077273,Quenched,Elliptical,Control4C
1237657590311616620,Control4C,Lim:4905,Satellite,10.1079,-0.055778624700305444,-0.024863532519990565,-0.015590506442838263,Starforming,Spiral,Control4C
1237657400810471527,Control4C,Lim:4905,Satellite,10.17335,0.12003830018504674,0.13610490198057895,0.14514197993565983,Starforming,Spiral,Control4C
1237657242434732134,Control4C,Lim:4905,Satellite,9.538992,-0.16328380351680608,-0.0033018669082840735,-0.006237468357940312,Starforming,Spiral,Control4C
1237664130481717277,Control4C,Lim:4912,Satellite,10.76002,0.09986115685840526,-0.01716870970420907,-0.025363066229367556,Starforming,Spiral,Control4C
1237661068716540080,Control4C,Lim:4912,Satellite,10.18962,-0.2217262958376311,-0.20935083137686478,-0.20042494156340934,Starforming,Elliptical,Control4C
1237664130481651900,Control4C,Lim:4912,Satellite,9.783127,-0.20289228400804113,-0.09829669117475226,-0.09286036717401662,Starforming,Uncertain,Control4C
1237657770705289291,Control4C,Lim:4953,Satellite,10.78405,0.09986115685840526,-0.02262034032218206,-0.03210034008826092,Quenched,Spiral,Control4C
1237657770705289247,Control4C,Lim:4953,Satellite,10.53413,-0.059074962477950764,-0.12485768629008895,-0.12319719725833711,Starforming,Spiral,Control4C
1237667429548163637,Control4C,Lim:4956,Satellite,10.83639,0.05135398835050857,-0.08300176378408229,-0.09543997454699941,Starforming,Spiral,Control4C
1237667429548098253,Control4C,Lim:4956,Satellite,10.76848,0.17741355266189243,0.058464385432276486,0.04982261005515809,Quenched,Elliptical,Control4C
1237667429548163563,Control4C,Lim:4956,Satellite,10.55801,0.0383308008134032,-0.032869523463037835,-0.032060235144208575,Quenched,Elliptical,Control4C
1237654399152750749,Control4C,Lim:4961,Satellite,10.77624,0.14762191810824846,0.026912257595425385,0.017855110570514476,Quenched,Elliptical,Control4C
1237654398615879748,Control4C,Lim:4961,Satellite,10.59486,0.09756027280667182,0.017999874111907302,0.01740722310755105,Starforming,Spiral,Control4C
1237654398615945288,Control4C,Lim:4961,Satellite,10.06296,-0.03966200463502764,0.0014485215848923788,0.010687540694592164,Quenched,Spiral,Control4C
1237661382240370700,Control4C,Lim:4967,Satellite,10.75521,0.20167700383058246,0.0857383708623275,0.077795875867515,Quenched,Elliptical,Control4C
1237661136887939145,Control4C,Lim:4967,Satellite,10.54221,0.03567863566659506,-0.03193717908991392,-0.03055965675622624,Quenched,Elliptical,Control4C
1237661382240305326,Control4C,Lim:4967,Satellite,10.24972,-0.00036000557862243517,-0.0016192893550671908,0.006714527130142365,Starforming,Spiral,Control4C
1237662268614705491,Control4C,Lim:4977,Satellite,10.26183,-0.1231358190374761,-0.12714247055356517,-0.11896250717597893,Starforming,Spiral,Control4C
1237662268077900134,Control4C,Lim:4977,Satellite,9.849862,-0.03650924669124571,0.052946330774151826,0.05985143158779886,Starforming,Spiral,Control4C
1237662262178807908,Control4C,Lim:4977,Satellite,9.659914,-0.10437295273032035,0.028175688930780124,0.029975464602870927,Starforming,Uncertain,Control4C
1237662267539128718,Control4C,Lim:5025,Satellite,11.0139,-0.1983087080057814,-0.37293574399373874,-0.3970187819330987,Quenched,Spiral,Control4C
1237662267539193951,Control4C,Lim:5025,Satellite,9.918068,-0.28368883398995764,-0.2097069942661111,-0.20166440149967488,Starforming,Spiral,Control4C
1237662267539128563,Control4C,Lim:5025,Satellite,10.0448,0.1393198083248698,0.18455025181580065,0.19373025222835763,Starforming,Spiral,Control4C
1237665023836815486,Control4C,Lim:5050,Satellite,10.86043,0.18313426568763896,0.043324614258163835,0.029455132728590572,Quenched,Uncertain,Control4C
1237665023836815661,Control4C,Lim:5050,Satellite,10.05803,0.1393198083248698,0.18154879226208512,0.19077436635398323,Quenched,Elliptical,Control4C
1237665126938771573,Control4C,Lim:5050,Satellite,9.848246,-0.062396561398671085,0.0274256342556006,0.03429932631681118,Quenched,Uncertain,Control4C
1237661388148244663,Control4C,Lim:5055,Satellite,10.72187,0.17548977917257252,0.06711491502675726,0.06086791508605771,Quenched,Elliptical,Control4C
1237659163882029415,Control4C,Lim:5055,Satellite,9.446896,0.011050416782760416,0.19192596027404749,0.184608673806322,Starforming,Spiral,Control4C
1237667431181713523,Control4C,Lim:5064,Satellite,10.38152,0.05391241004701966,0.02275196457898733,0.028788002574944568,Starforming,Spiral,Control4C
1237667431181713603,Control4C,Lim:5064,Satellite,9.982621,0.12003830018504674,0.1793751498430583,0.18815569463849566,Quenched,Elliptical,Control4C
1237667431181779025,Control4C,Lim:5064,Satellite,9.506509,-0.1549517826247632,0.012399497194895859,0.007994951642054188,Starforming,Spiral,Control4C
1237661970110218384,Control4C,Lim:5070,Satellite,10.2437,-0.1983087080057814,-0.19820224828159383,-0.18979626235010197,NosSFR,Elliptical,Control4C
1237661970110152878,Control4C,Lim:5070,Satellite,9.680965,-0.1983087080057814,-0.0705358581107629,-0.06802980136688322,NosSFR,Elliptical,Control4C
1237661970110152833,Control4C,Lim:5070,Satellite,9.683925,-0.1983087080057814,-0.07120738647652236,-0.06860482713827751,NosSFR,Elliptical,Control4C
1237661068724207699,Control4C,Lim:5074,Satellite,10.60158,-0.3692994289203334,-0.45038437849952473,-0.45124425719458805,Starforming,Spiral,Control4C
1237661068724207750,Control4C,Lim:5074,Satellite,9.865894,-0.1549517826247632,-0.06913334798364154,-0.06192782671353658,Starforming,Spiral,Control4C
1237661068724273255,Control4C,Lim:5074,Satellite,9.867951,0.011050416782760416,0.09640218458321773,0.10364478136092842,Starforming,Spiral,Control4C
1237661959373455458,Control4C,Lim:5098,Satellite,10.71994,0.24319337424724807,0.1352563647453232,0.12910482471120235,Quenched,Uncertain,Control4C
1237661959910195401,Control4C,Lim:5098,Satellite,9.658537,-0.06574371018214456,0.0671173282896487,0.06886968403806373,Starforming,Uncertain,Control4C
1237661959373390003,Control4C,Lim:5098,Satellite,9.960811,0.030325216163527402,0.09461005016519246,0.10317810316995138,Starforming,Spiral,Control4C
1237651272424751161,Control4C,Lim:5101,Satellite,10.68678,0.17355744610585364,0.07314336924196373,0.06858598342336054,Quenched,Elliptical,Control4C
1237651272424882309,Control4C,Lim:5101,Satellite,10.55116,-0.024122131359567863,-0.09376841195173442,-0.09271034662893808,Starforming,Spiral,Control4C
1237651272961556647,Control4C,Lim:5101,Satellite,9.841798,-0.28368883398995764,-0.192403795463248,-0.18565748192794929,Starforming,Spiral,Control4C
1237667911138148471,Control4C,Lim:5117,Satellite,10.52937,-0.07594282963262874,-0.1406456632349647,-0.1388208909117748,Starforming,Spiral,Control4C
1237667446737862801,Control4C,Lim:5117,Satellite,9.867534,-0.1549517826247632,-0.0695054109971025,-0.06227030323420793,Starforming,Spiral,Control4C
1237659329775140940,Control4C,Lim:5118,Satellite,10.29975,-0.11931785883562805,-0.13192733319955469,-0.12430408926382745,Starforming,Spiral,Control4C
1237659325489217804,Control4C,Lim:5118,Satellite,9.771594,-0.1892840439319302,-0.08207198601678184,-0.07692515900193136,Starforming,Spiral,Control4C
1237659325489217798,Control4C,Lim:5118,Satellite,9.902593,0.01941624484406951,0.0969088620882296,0.10472561592773402,Starforming,Spiral,Control4C
1237657878077636811,Control4C,Lim:5143,Satellite,10.57642,-0.015058301950004111,-0.09043526042023999,-0.09031295753694418,Starforming,Spiral,Control4C
1237657878077702252,Control4C,Lim:5143,Satellite,10.98487,0.13085557337224013,-0.037185493542069625,-0.05919382385713054,Starforming,Spiral,Control4C
1237657878077702256,Control4C,Lim:5143,Satellite,10.32718,-0.00036000557862243517,-0.019192460710381155,-0.01204275542589729,Quenched,Elliptical,Control4C
1237662266461585515,Control4C,Lim:5146,Satellite,10.09133,-0.062396561398671085,-0.027722271576249596,-0.018443210094297773,Quenched,NoGZ,Control4C
1237654881277509759,Control4C,Lim:5146,Satellite,9.630129,-0.00036000557862243517,0.1389458902629329,0.13968652371014995,Starforming,NoGZ,Control4C
1237661949178740908,Control4C,Lim:5151,Satellite,10.37375,0.12222341690406424,0.0928257333961507,0.0990353104913628,Quenched,Spiral,Control4C
1237661812272791651,Control4C,Lim:5151,Satellite,9.771472,-0.08638724073305099,0.020852495040416086,0.025996203475054436,Starforming,Spiral,Control4C
1237661949178740942,Control4C,Lim:5151,Satellite,9.680775,-0.01805859406732937,0.10975736068900474,0.11225719936164927,Starforming,Uncertain,Control4C
1237662698115105077,Control4C,Lim:5153,Satellite,10.06666,-0.05250706908668513,-0.012235953323964523,-0.0029881052914903367,Starforming,Spiral,Control4C
1237662224092168567,Control4C,Lim:5153,Satellite,10.01191,-0.30647653141567716,-0.2537844095633175,-0.2447776413477857,Quenched,Spiral,Control4C
1237659144558477427,Control4C,Lim:5161,Satellite,10.18042,-0.1983087080057814,-0.1838460607865735,-0.17485472873998467,Starforming,Elliptical,Control4C
1237659324943237245,Control4C,Lim:5161,Satellite,9.945284,-0.1983087080057814,-0.13050129936386373,-0.12210743012699606,Starforming,Elliptical,Control4C
1237659324943237240,Control4C,Lim:5161,Satellite,9.484775,0.008226176896798528,0.18050819911558447,0.1750742409479558,Starforming,Spiral,Control4C
1237661068726698006,Control4C,Lim:5169,Satellite,10.95142,0.05135398835050857,-0.10909835429533678,-0.12879866810554474,Starforming,Spiral,Control4C
1237661068726697998,Control4C,Lim:5169,Satellite,10.33299,0.10669156061825541,0.08654100420100251,0.09358277763471615,Starforming,Elliptical,Control4C
1237664289928773832,Control4C,Lim:5169,Satellite,9.696408,-0.3692994289203334,-0.24503009677951196,-0.24202818076111304,Starforming,Spiral,Control4C
1237664292076454119,Control4C,Lim:5170,Satellite,10.45174,0.0383308008134032,-0.008760293926125713,-0.004508970778727861,Starforming,Spiral,Control4C
1237664292076454111,Control4C,Lim:5170,Satellite,10.30944,0.16376467280347848,0.1489568505124539,0.15641960297539992,Starforming,Spiral,Control4C
1237664292076388510,Control4C,Lim:5170,Satellite,9.989859,0.04358703111597816,0.10128181242555506,0.11012456866540646,Quenched,Spiral,Control4C
1237661069243514969,Control4C,Lim:5174,Satellite,10.68842,0.17355744610585364,0.07277130622850238,0.0681371205294979,Quenched,Elliptical,Control4C
1237661069243515028,Control4C,Lim:5174,Satellite,9.732089,-0.1892840439319302,-0.07310957787849529,-0.06903405673926494,Starforming,Spiral,Control4C
1237661069243449619,Control4C,Lim:5174,Satellite,9.82472,-0.024122131359567863,0.07103735359634494,0.07743042075671434,Starforming,Spiral,Control4C
1237661357547454497,Control4C,Lim:5191,Satellite,10.7491,0.17548977917257252,0.06093730779715206,0.053312108726700475,Quenched,Spiral,Control4C
1237661357547389137,Control4C,Lim:5191,Satellite,9.592447,-0.324387986477199,-0.17653326229829613,-0.17723303620529138,Starforming,Spiral,Control4C
1237661434848215231,Control4C,Lim:5191,Satellite,9.744498,-0.015058301950004111,0.09830096292413713,0.10272627953944348,Quenched,Spiral,Control4C
1237659133287923757,Control4C,Lim:5195,Satellite,11.09869,0.09986115685840526,-0.0940019906608852,-0.124526098324083,Quenched,Spiral,Control4C
1237659133287923800,Control4C,Lim:5195,Satellite,10.37163,0.12003830018504674,0.09112157618233924,0.09737767398612783,Quenched,Elliptical,Control4C
1237650797288358041,Control4C,Lim:5200,Satellite,10.88108,0.1393198083248698,-0.005174660926542618,-0.0203100462262725,Quenched,Spiral,Control4C
1237648722284314732,Control4C,Lim:5200,Satellite,10.44744,-0.0691168562521512,-0.11523241991980004,-0.11086060784742147,Starforming,Elliptical,Control4C
1237650797288358106,Control4C,Lim:5200,Satellite,9.746153,-0.17177874325082548,-0.05879494440551247,-0.05432389491737974,Starforming,Elliptical,Control4C
1237662195072762009,Control4C,Lim:5206,Satellite,9.649191,0.04358703111597816,0.17856837502911893,0.17999492160690886,Quenched,Elliptical,Control4C
1237663787427823775,Control4C,Lim:5208,Satellite,10.37032,-0.08287775240623109,-0.11149727973355175,-0.10521261318225111,Starforming,Spiral,Control4C
1237663916275269716,Control4C,Lim:5208,Satellite,9.945723,-0.07594282963262874,-0.008235015907119336,0.00016403979808272962,Quenched,Elliptical,Control4C
1237663916275269775,Control4C,Lim:5208,Satellite,9.709297,-0.11931785883562805,0.002027375634155046,0.005428715890842595,Starforming,Uncertain,Control4C
1237648722284052878,Control4C,Lim:5210,Satellite,10.75498,0.1943547474969782,0.07846829409768431,0.07053779657536986,Quenched,Spiral,Control4C
1237648722284118374,Control4C,Lim:5210,Satellite,9.202526,-0.11931785883562805,0.11699734233830887,0.09480480950337326,Starforming,Spiral,Control4C
1237648722284052811,Control4C,Lim:5210,Satellite,9.282079,0.03301017461500066,0.25127737035607844,0.2344454426485998,Starforming,Spiral,Control4C
1237654604253233354,Control4C,Lim:5217,Satellite,10.30075,0.09524713375865783,0.08241079170359596,0.09001781641134832,Quenched,Elliptical,Control4C
1237654604253167748,Control4C,Lim:5217,Satellite,10.21857,-0.1848411427269139,-0.17903349792450465,-0.17035717650881982,Starforming,Elliptical,Control4C
1237667736107680056,Control4C,Lim:5222,Satellite,10.45232,0.005382592656735859,-0.041840085343651585,-0.03760512602562755,Quenched,Spiral,Control4C
1237667736107680053,Control4C,Lim:5222,Satellite,10.0781,0.1393198083248698,0.17699555770100678,0.18626386026190886,Starforming,Spiral,Control4C
1237667783359856810,Control4C,Lim:5222,Satellite,9.865232,-0.07939644884409477,0.006572172208558269,0.01376569042495468,Quenched,Uncertain,Control4C
1237648705131053204,Control4C,Lim:5232,Satellite,10.68184,0.21946008747208545,0.12016673700240253,0.11583940306256743,Quenched,NoGZ,Control4C
1237648705131118796,Control4C,Lim:5232,Satellite,10.44133,-0.0899253200661028,-0.13465472214091714,-0.13011421687877966,Starforming,Spiral,Control4C
1237648705131118799,Control4C,Lim:5232,Satellite,9.116517,-0.062396561398671085,0.19343130302209258,0.16488048925199428,Starforming,NoGZ,Control4C
1237654874824179773,Control4C,Lim:5238,Satellite,10.44809,-0.17177874325082548,-0.2180417709177121,-0.2136880785451975,Starforming,Spiral,Control4C
1237654874824245338,Control4C,Lim:5238,Satellite,10.19777,-0.07251640661352583,-0.06198991383550956,-0.053127584404078415,Starforming,Spiral,Control4C
1237654874824245357,Control4C,Lim:5238,Satellite,10.05396,-0.22656522730891981,-0.1834128918687851,-0.17419986474188232,Starforming,Uncertain,Control4C
1237662303524880897,Control4C,Lim:5249,Satellite,10.24542,-0.062396561398671085,-0.06268031410323538,-0.05429465578258604,Starforming,Spiral,Control4C
1237659153685479964,Control4C,Lim:5249,Satellite,9.832336,0.0714113894018661,0.16484305002209493,0.1713964961055468,Starforming,Spiral,Control4C
1237662501086888279,Control4C,Lim:5249,Satellite,10.12063,-0.10437295273032035,-0.07634588625815338,-0.06709223446772615,Starforming,Spiral,Control4C
1237660561894801429,Control4C,Lim:5253,Satellite,10.88146,0.210659559924703,0.06607888095065936,0.050919884813031446,Quenched,Spiral,Control4C
1237660561894801766,Control4C,Lim:5253,Satellite,10.12789,-0.2217262958376311,-0.195346288803104,-0.18610942056943447,Starforming,Spiral,Control4C
1237660561894801475,Control4C,Lim:5253,Satellite,9.62071,-0.5513440673598253,-0.40990130473547,-0.409510197323787,Starforming,Spiral,Control4C
1237664296366047574,Control4C,Lim:5260,Satellite,9.768694,-0.00036000557862243517,0.10750996864081737,0.1125823471535055,Starforming,Spiral,Control4C
1237661965821477083,Control4C,Lim:5260,Satellite,9.942958,-0.1983087080057814,-0.1299736051142842,-0.12160747000684968,Quenched,Spiral,Control4C
1237664296366047287,Control4C,Lim:5260,Satellite,9.608746,-0.021079757759797816,0.12307724992129634,0.12301428166252207,Quenched,Elliptical,Control4C
1237654600497365012,Control4C,Lim:5261,Satellite,10.28553,-0.26734992123701173,-0.2767333370329993,-0.26888800720027495,Starforming,NoGZ,Control4C
1237654604792135835,Control4C,Lim:5261,Satellite,9.513436,-0.22656522730891981,-0.060785459985752854,-0.06486975852489696,Starforming,NoGZ,Control4C
1237654604792070364,Control4C,Lim:5261,Satellite,10.10615,-0.13087399102014557,-0.09956188038034423,-0.09028719214426109,Quenched,NoGZ,Control4C
1237662193992007768,Control4C,Lim:5265,Satellite,9.939874,-0.10806121448408725,-0.03902645163312955,-0.030697747926474686,Starforming,Spiral,Control4C
1237661966358741190,Control4C,Lim:5265,Satellite,9.602703,-0.2892746251283065,-0.14374665598968375,-0.14404327679980225,Starforming,Spiral,Control4C
1237662193992007785,Control4C,Lim:5265,Satellite,9.692798,-0.08638724073305099,0.03870108377276768,0.0415887741444822,Starforming,Elliptical,Control4C
1237667912199241833,Control4C,Lim:5285,Satellite,10.46349,-0.03650924669124571,-0.08626603680161062,-0.08235140812130287,Starforming,Spiral,Control4C
1237667551422316593,Control4C,Lim:5285,Satellite,10.48236,0.2855971362609545,0.231559352818873,0.23491043448690896,Quenched,Elliptical,Control4C
1237667912199242042,Control4C,Lim:5285,Satellite,9.387413,-0.5833307070466075,-0.38896039268353966,-0.39946397876093287,Starforming,Spiral,Control4C
1237655125015855301,Control4C,Lim:5291,Satellite,10.46023,0.027623555056661857,-0.021393646380602878,-0.017384509304779014,Starforming,Spiral,Control4C
1237655125015855124,Control4C,Lim:5291,Satellite,10.54215,0.17355744610585364,0.10595524341081305,0.10733488599554512,Quenched,Elliptical,Control4C
1237655125015789657,Control4C,Lim:5291,Satellite,10.2423,-0.033379164418814146,-0.032955089927037565,-0.02453273085432451,Starforming,Spiral,Control4C
1237665372258828479,Control4C,Lim:5301,Satellite,10.83927,0.05135398835050857,-0.08365514273455123,-0.09626241231706935,Quenched,Spiral,Control4C
1237665372258959704,Control4C,Lim:5301,Satellite,10.14744,0.04358703111597816,0.06553177478881705,0.0747027379759658,Starforming,Spiral,Control4C
1237665372258894093,Control4C,Lim:5301,Satellite,10.09681,-0.06574371018214456,-0.032312655307142724,-0.02303318857086825,Quenched,Elliptical,Control4C
1237667781222596633,Control4C,Lim:5303,Satellite,10.13927,0.04619148126786086,0.06998973397727232,0.07919191268368722,Starforming,Spiral,Control4C
1237667917029441696,Control4C,Lim:5303,Satellite,9.480202,-0.033379164418814146,0.1399403237515321,0.13428501591598904,Starforming,Spiral,Control4C
1237667781222662266,Control4C,Lim:5303,Satellite,9.66982,0.13510815202267923,0.265409442335397,0.2675459359506054,Quenched,Elliptical,Control4C
1237664667887534208,Control4C,Lim:5304,Satellite,10.16307,0.13085557337224013,0.14925437503263966,0.15835092167603274,Quenched,Elliptical,Control4C
1237664668424405146,Control4C,Lim:5304,Satellite,9.959984,0.005382592656735859,0.06985504623896935,0.07841430220125709,Starforming,Spiral,Control4C
1237664092898853172,Control4C,Lim:5304,Satellite,9.856819,0.04358703111597816,0.1314642900541498,0.1385022512887849,Quenched,Uncertain,Control4C
1237664105779495085,Control4C,Lim:5305,Satellite,10.5426,0.3003078152646575,0.23260352210860602,0.23396725587614467,Quenched,Elliptical,Control4C
1237664105779626180,Control4C,Lim:5305,Satellite,10.49698,0.011050416782760416,-0.046304172303714364,-0.04340905867403905,Quenched,Spiral,Control4C
1237668292302405647,Control4C,Lim:5307,Satellite,10.59385,0.09756027280667182,0.018229010479953803,0.017676214679005306,Quenched,Elliptical,Control4C
1237667914343186661,Control4C,Lim:5307,Satellite,9.929276,-0.18044323321980837,-0.10900412657820244,-0.10080978318200985,Starforming,Elliptical,Control4C
1237667914343121026,Control4C,Lim:5307,Satellite,9.558726,-0.17177874325082548,-0.016273813659160696,-0.018357720629770646,Starforming,Spiral,Control4C
1237663787420811660,Control4C,Lim:5308,Satellite,10.32318,0.1496728826525962,0.13174789828537722,0.13897036076044464,Quenched,Elliptical,Control4C
1237663787420745954,Control4C,Lim:5308,Satellite,10.36187,0.12003830018504674,0.09333580484781644,0.09980149208877322,Quenched,Elliptical,Control4C
1237665329854152782,Control4C,Lim:5309,Satellite,10.43898,0.0383308008134032,-0.005865462187244021,-0.0012608604676561455,Quenched,Spiral,Control4C
1237665329854021699,Control4C,Lim:5309,Satellite,9.789306,-0.03966200463502764,0.06353177273473845,0.06911887535378247,Starforming,Spiral,Control4C
1237665226233479315,Control4C,Lim:5309,Satellite,9.426419,-0.21694068641837377,-0.03141957321571584,-0.03980218282752812,Starforming,Spiral,Control4C
1237662268076523582,Control4C,Lim:5310,Satellite,10.91404,0.1393198083248698,-0.012652220026350663,-0.02987796431355655,Quenched,Spiral,Control4C
1237662268076523936,Control4C,Lim:5310,Satellite,9.235365,-0.15909778063256153,0.06976731243219467,0.049848218228709884,Starforming,Spiral,Control4C
1237662268076523721,Control4C,Lim:5310,Satellite,9.216413,-0.35598675464406754,-0.12282206509692148,-0.14404280415031337,Starforming,Spiral,Control4C
1237665369043894382,Control4C,Lim:5322,Satellite,10.52411,0.09986115685840526,0.03635164731143914,0.03835587708503691,Quenched,Elliptical,Control4C
1237665369043959951,Control4C,Lim:5322,Satellite,10.30939,0.09986115685840526,0.0850646779519374,0.09252827758905498,Starforming,Spiral,Control4C
1237667912217133167,Control4C,Lim:5323,Satellite,9.706758,-0.06574371018214456,0.056177541355429905,0.059501237481514896,Starforming,Spiral,Control4C
1237665567145263330,Control4C,Lim:5323,Satellite,9.982386,-0.17608941330805536,-0.1166992497426271,-0.10792079418852504,Starforming,Spiral,Control4C
1237667912217133190,Control4C,Lim:5323,Satellite,9.885836,-0.07594282963262874,0.005351409511879901,0.012902274278339329,Quenched,Uncertain,Control4C
1237663787425857577,Control4C,Lim:5324,Satellite,10.87389,0.030325216163527402,-0.11253807438862434,-0.1272288683542737,Quenched,Elliptical,Control4C
1237663787425792289,Control4C,Lim:5324,Satellite,9.77303,-0.11553311404874676,-0.0086468381380682,-0.003463392300177351,Starforming,Spiral,Control4C
1237663916810109132,Control4C,Lim:5324,Satellite,10.10573,-0.00036000557862243517,0.03104738949145561,0.04032244063442066,Starforming,Elliptical,Control4C
1237654398616076434,Control4C,Lim:5326,Satellite,9.886205,0.024904982184311565,0.10611550715079118,0.11367246590298236,Starforming,Spiral,Control4C
1237654398616076319,Control4C,Lim:5326,Satellite,9.913427,-0.00036000557862243517,0.07467472709978133,0.08265157676701816,Quenched,Elliptical,Control4C
1237654398616010921,Control4C,Lim:5326,Satellite,9.588697,-0.36259213370622323,-0.21388665568556423,-0.21473591361039812,Starforming,Spiral,Control4C
1237655473968840815,Control4C,Lim:5328,Satellite,10.33735,-0.3367530128963952,-0.35789271244699655,-0.3509336863543331,Starforming,Spiral,Control4C
1237655473968840945,Control4C,Lim:5328,Satellite,9.600058,-0.849806819998878,-0.7036787858172034,-0.7040785835101138,Starforming,Elliptical,Control4C
1237655473968841043,Control4C,Lim:5328,Satellite,9.625986,-0.08638724073305099,0.05385856795287666,0.05444632408455366,Starforming,Spiral,Control4C
1237661388140511326,Control4C,Lim:5329,Satellite,10.52826,0.210659559924703,0.146208549459527,0.14807137409333984,Quenched,Elliptical,Control4C
1237661388140576978,Control4C,Lim:5329,Satellite,10.4909,-0.05250706908668513,-0.10848230261105918,-0.10539551456743197,Quenched,Spiral,Control4C
1237661388140642314,Control4C,Lim:5329,Satellite,10.17431,-0.1549517826247632,-0.1391029738127208,-0.13007187570440187,Starforming,Elliptical,Control4C
1237665549964214368,Control4C,Lim:5332,Satellite,10.26615,0.05135398835050857,0.04636726840871651,0.05448954330217721,Quenched,Elliptical,Control4C
1237665549964214388,Control4C,Lim:5332,Satellite,9.823878,0.005382592656735859,0.10073310020858398,0.10710815501055443,Starforming,Spiral,Control4C
1237665549964214335,Control4C,Lim:5332,Satellite,9.771291,-0.012078550350336925,0.09520224847522546,0.10034132799685337,Starforming,Spiral,Control4C
1237654031400566817,Control4C,Lim:5334,Satellite,10.76208,0.09524713375865783,-0.022250080247694135,-0.030552861807875656,Quenched,Uncertain,Control4C
1237654031400566969,Control4C,Lim:5334,Satellite,10.56471,-0.14274598525968069,-0.21546632306672603,-0.2149039511796241,Starforming,Spiral,Control4C
1237654031400566818,Control4C,Lim:5334,Satellite,10.0469,-0.45085224255144457,-0.4060982212118972,-0.39691006336737517,Starforming,NoGZ,Control4C
1237662197747875912,Control4C,Lim:5336,Satellite,10.55696,0.09756027280667182,0.02659815960592235,0.027445822254334618,Quenched,Spiral,Control4C
1237662238559633679,Control4C,Lim:5336,Satellite,9.973391,-0.1983087080057814,-0.13687786955859407,-0.12818266349110763,Quenched,Elliptical,Control4C
1237662238559764652,Control4C,Lim:5336,Satellite,9.939192,-0.05250706908668513,0.016682417529626452,0.025002742121686287,Quenched,Elliptical,Control4C
1237662662133415970,Control4C,Lim:5337,Satellite,10.62798,0.17741355266189243,0.09033929603673803,0.08839504621893124,Quenched,Elliptical,Control4C
1237662662133416006,Control4C,Lim:5337,Satellite,10.38239,0.01664564199347177,-0.014712178365847758,-0.008695868392731263,Quenched,Spiral,Control4C
1237662224615342283,Control4C,Lim:5337,Satellite,9.415359,-0.5513440673598253,-0.363313797493215,-0.37228558926841915,Starforming,Spiral,Control4C
1237667730195939677,Control4C,Lim:5341,Satellite,10.47206,0.09756027280667182,0.04585922658328017,0.049521402494746625,Starforming,Spiral,Control4C
1237667730195939631,Control4C,Lim:5341,Satellite,9.813096,-0.00036000557862243517,0.097436589419043,0.10357603986607605,Quenched,Elliptical,Control4C
1237667730196005305,Control4C,Lim:5341,Satellite,9.902859,-0.2949332821142268,-0.21750101167590857,-0.20968021603818582,Quenched,Elliptical,Control4C
1237668331491819640,Control4C,Lim:5343,Satellite,10.48045,0.09986115685840526,0.046256690706391636,0.04966609390070601,Quenched,Elliptical,Control4C
1237668348675817506,Control4C,Lim:5343,Satellite,10.51607,0.3003078152646575,0.2386223219544167,0.24089663041144618,Quenched,Uncertain,Control4C
1237668331491885233,Control4C,Lim:5343,Satellite,9.702148,-0.1117810674162761,0.01118604417743084,0.014367461567221032,Starforming,Spiral,Control4C
1237654599953481746,Control4C,Lim:5344,Satellite,9.660787,-0.1508449289923749,-0.01849434282563489,-0.016664581153301272,Starforming,Uncertain,Control4C
1237654599953416329,Control4C,Lim:5344,Satellite,9.476453,-0.062396561398671085,0.1117734537457403,0.10593544806683788,Starforming,Spiral,Control4C
1237653665796325491,Control4C,Lim:5344,Satellite,10.10193,-0.00036000557862243517,0.03190948671776846,0.04118718768908425,Starforming,Spiral,Control4C
1237667212130254868,Control4C,Lim:5352,Satellite,9.321749,-0.19377293476141427,0.015494419672339471,0.0011487429735898558,Starforming,Spiral,Control4C
1237667212130320477,Control4C,Lim:5352,Satellite,9.177943,-0.2727281867109631,-0.030835897085855574,-0.05478608239043514,Starforming,Uncertain,Control4C
1237667255079797055,Control4C,Lim:5352,Satellite,9.169434,-0.05250706908668513,0.1913156377222898,0.16674594421469582,Starforming,Spiral,Control4C
1237667783923531928,Control4C,Lim:5361,Satellite,10.70197,0.210659559924703,0.10679936283247338,0.10152250899302982,Quenched,Elliptical,Control4C
1237667783923466450,Control4C,Lim:5361,Satellite,10.19659,-0.00036000557862243517,0.010434191074933031,0.01930604808444097,Starforming,Spiral,Control4C
1237667736134484127,Control4C,Lim:5361,Satellite,9.787475,-0.1117810674162761,-0.008171895304042068,-0.002629157787336245,Starforming,Spiral,Control4C
1237655691404968127,Control4C,Lim:5374,Satellite,9.716541,-0.35598675464406754,-0.2362849497288661,-0.23266488378268163,Starforming,Spiral,Control4C
1237655691404902574,Control4C,Lim:5374,Satellite,9.158954,-1.0233458920722236,-0.7771456118601541,-0.8024861777281155,Starforming,Elliptical,Control4C
1237655691404902745,Control4C,Lim:5374,Satellite,9.125071,-1.4569753907965999,-1.2030881526058046,-1.2309804267043447,Starforming,Uncertain,Control4C
1237665567686525302,Control4C,Lim:5383,Satellite,10.27895,-0.00036000557862243517,-0.008250631966942052,-0.00030794442290465345,Starforming,Elliptical,Control4C
1237665567686525218,Control4C,Lim:5383,Satellite,9.858394,-0.28368883398995764,-0.19616889166532372,-0.1891013830275556,Starforming,Spiral,Control4C
1237665531181203620,Control4C,Lim:5383,Satellite,9.218011,-0.2217262958376311,0.011075859139080962,-0.010034031726953135,Starforming,Spiral,Control4C
1237654605329006744,Control4C,Lim:5413,Satellite,10.66855,-0.10437295273032035,-0.20065123158481976,-0.20436923361741546,Quenched,NoGZ,Control4C
1237654601034170430,Control4C,Lim:5413,Satellite,10.61732,-0.062396561398671085,-0.1470524084363265,-0.1485521726788545,Starforming,NoGZ,Control4C
1237654601034170529,Control4C,Lim:5413,Satellite,9.831003,-0.021079757759797816,0.07265431749271367,0.07918002397566508,Quenched,NoGZ,Control4C
1237667253998256261,Control4C,Lim:5500,Satellite,10.43651,-0.04283781747327553,-0.08647371727681925,-0.08180221649567512,Starforming,Spiral,Control4C
1237667253998256264,Control4C,Lim:5500,Satellite,9.84705,-0.1983087080057814,-0.10821517859291227,-0.10136486500323508,Starforming,Spiral,Control4C
1237667253998256266,Control4C,Lim:5500,Satellite,9.458669,-0.1848411427269139,-0.006636512563358649,-0.013356306452372818,Quenched,Elliptical,Control4C
1237659326019600545,Control4C,Lim:6134,Satellite,10.70445,0.09756027280667182,-0.006862556159572569,-0.012258605645930579,Quenched,Elliptical,Control4C
1237659150459142296,Control4C,Lim:6134,Satellite,10.28221,0.12656094167438622,0.11793072661296683,0.12582560682806215,Starforming,Spiral,Control4C
1237659150459142313,Control4C,Lim:6134,Satellite,10.05722,-0.26203736643140163,-0.2196246196643667,-0.21040143829883937,Quenched,Elliptical,Control4C
1237662268612280782,Control4C,Lim:6411,Satellite,10.57995,-0.1983087080057814,-0.2744865094257236,-0.27449899175045184,Quenched,Spiral,Control4C
1237662268612215204,Control4C,Lim:6411,Satellite,10.40012,-0.009119148331831268,-0.044499332854973664,-0.03889809657909084,Quenched,Spiral,Control4C
1237662262176317780,Control4C,Lim:6411,Satellite,10.16816,0.005382592656735859,0.02262663776925824,0.0316947831062592,Quenched,Spiral,Control4C
1237663530791796929,Control4C,Lim:6449,Satellite,10.33836,-0.09349240622197504,-0.11486124214062249,-0.1079215988847671,Starforming,Spiral,Control4C
1237663547434991794,Control4C,Lim:6449,Satellite,10.0638,-0.030271526760011918,0.010648430599354695,0.019889549036837702,Starforming,Spiral,Control4C
1237665534934450552,Control4C,Lim:6457,Satellite,10.45122,0.17741355266189243,0.1304404291217537,0.1347064006877106,Quenched,Spiral,Control4C
1237671690692591743,Control4C,Lim:6457,Satellite,10.09338,-0.17177874325082548,-0.13756953219523077,-0.12829004128384702,Starforming,Spiral,Control4C
1237665535471518151,Control4C,Lim:6457,Satellite,10.31338,-0.15909778063256153,-0.17479946162665785,-0.16740408764120526,Starforming,NoGZ,Control4C
1237658311329906902,Control4C,Lim:6466,Satellite,10.50731,0.08586937063632526,0.02617123830042642,0.028733996685638842,Quenched,Spiral,Control4C
1237658311329906723,Control4C,Lim:6466,Satellite,10.188,-0.1231358190374761,-0.11039282891707136,-0.10145493038806756,Starforming,Spiral,Control4C
1237658311329906831,Control4C,Lim:6466,Satellite,9.712737,-0.1387524855065975,-0.01818767589431894,-0.014681951064860546,Quenched,Uncertain,Control4C
1237665428629422165,Control4C,Lim:6488,Satellite,10.62935,0.09756027280667182,0.010175207444662604,0.00817318210641195,Quenched,Spiral,Control4C
1237665441518518400,Control4C,Lim:6488,Satellite,10.51426,-0.024122131359567863,-0.08539699414885461,-0.08306258883635209,Starforming,Spiral,Control4C
1237665440981581946,Control4C,Lim:6488,Satellite,9.958364,-0.2727281867109631,-0.20788820746909079,-0.19934634055494285,Starforming,Spiral,Control4C
1237662264322883777,Control4C,Lim:6516,Satellite,10.69613,0.210659559924703,0.10812427014870135,0.10312618299065474,Quenched,Elliptical,Control4C
1237662264322949365,Control4C,Lim:6516,Satellite,10.45769,-0.08287775240623109,-0.1313187099080131,-0.1272365195477249,Starforming,Spiral,Control4C
1237662238022369493,Control4C,Lim:6516,Satellite,9.994009,-0.27817389220561206,-0.22142061181424547,-0.2125440531922751,Starforming,Spiral,Control4C
1237662662680838318,Control4C,Lim:6618,Satellite,10.90436,0.027623555056661857,-0.12215239404437231,-0.1387553181700677,Starforming,NoGZ,Control4C
1237662662680838298,Control4C,Lim:6618,Satellite,10.04423,0.1393198083248698,0.1846795663997475,0.19385729251884565,NosSFR,NoGZ,Control4C
1237662662680707319,Control4C,Lim:6618,Satellite,9.817205,-0.5312578479388469,-0.4343934522840549,-0.42816313006438156,NosSFR,NoGZ,Control4C
1237662636901269762,Control4C,Lim:6725,Satellite,9.884056,-0.07939644884409477,0.002301614790634121,0.00982293195255994,Starforming,Elliptical,Control4C
1237662636901204084,Control4C,Lim:6725,Satellite,9.285069,-0.07939644884409477,0.13819241250048936,0.12155221146073591,Starforming,Spiral,Control4C
1237667446728097995,Control4C,Lim:6726,Satellite,9.797547,-0.1117810674162761,-0.010456906689153181,-0.004673404395303199,Starforming,Spiral,Control4C
1237667446728097923,Control4C,Lim:6726,Satellite,10.39794,0.0714113894018661,0.03652577644539773,0.04217938770970532,Quenched,Spiral,Control4C
1237667910591578195,Control4C,Lim:6726,Satellite,9.457874,-0.26203736643140163,-0.08365237645339407,-0.09041217261708603,Starforming,Spiral,Control4C
1237661435920056391,Control4C,Lim:6728,Satellite,10.37403,-0.20289228400804113,-0.23235349046947246,-0.22615008417087157,Starforming,Spiral,Control4C
1237661435920187631,Control4C,Lim:6728,Satellite,9.925309,-0.17177874325082548,-0.0994396524784873,-0.09129788526343391,Starforming,Spiral,Control4C
1237661435920187571,Control4C,Lim:6728,Satellite,10.15187,0.09524713375865783,0.11618685355976861,0.12533868534655349,Quenched,Elliptical,Control4C
1237654381977796751,Control4C,Lim:6736,Satellite,10.88749,0.09986115685840526,-0.04608753429318198,-0.06162272437870665,Quenched,Elliptical,Control4C
1237654381977796849,Control4C,Lim:6736,Satellite,10.04861,0.0383308008134032,0.08269687840110992,0.09189142130113864,Starforming,Spiral,Control4C
1237654381977731138,Control4C,Lim:6736,Satellite,10.24472,-0.07251640661352583,-0.07264135193429562,-0.06424739253718116,Quenched,Spiral,Control4C
1237661948636954627,Control4C,Lim:6788,Satellite,10.73608,0.18878060169439917,0.07718194765755608,0.07022304354705419,Quenched,Spiral,Control4C
1237661948636954655,Control4C,Lim:6788,Satellite,10.137,0.005382592656735859,0.029695835025023522,0.038905750444022925,Quenched,Elliptical,Control4C
1237661948636889161,Control4C,Lim:6788,Satellite,10.1066,-0.00036000557862243517,0.03085001460016801,0.040124298538490505,Starforming,Spiral,Control4C
1237659146705698884,Control4C,Lim:6816,Satellite,10.46904,0.12439759440607599,0.07338168860991218,0.07713348913507867,Starforming,Spiral,Control4C
1237659146705698902,Control4C,Lim:6816,Satellite,10.2382,-0.1983087080057814,-0.19695447598035165,-0.18848505799027326,Quenched,Spiral,Control4C
1237659327090458728,Control4C,Lim:6816,Satellite,9.562809,0.09524713375865783,0.24982576256741867,0.24791423037273536,Starforming,Spiral,Control4C
1237667143396688329,Control4C,Lim:6852,Satellite,10.13902,-0.00036000557862243517,0.02349496405357263,0.032698014774418534,Starforming,Elliptical,Control4C
1237667143396688238,Control4C,Lim:6852,Satellite,10.05176,-0.059074962477950764,-0.015423518117319089,-0.006217818162558807,Quenched,Elliptical,Control4C
1237667143396753438,Control4C,Lim:6852,Satellite,9.759854,-0.07939644884409477,0.03047903576497793,0.03532037408416602,Starforming,Uncertain,Control4C
1237661382240829503,Control4C,Lim:6858,Satellite,10.34485,-0.17177874325082548,-0.1946199504849387,-0.18780677959669004,Starforming,Spiral,Control4C
1237661382240829504,Control4C,Lim:6858,Satellite,10.50927,-0.1983087080057814,-0.2584515010163049,-0.25595275503982257,Quenched,Spiral,Control4C
1237661382240829459,Control4C,Lim:6858,Satellite,9.753313,-0.13087399102014557,-0.019514564843359034,-0.014848155777190938,Starforming,Elliptical,Control4C
1237655743483281580,Control4C,Lim:6888,Satellite,10.69239,-0.00036000557862243517,-0.10204681018977924,-0.10686778779440312,Starforming,Spiral,Control4C
1237655743483281567,Control4C,Lim:6888,Satellite,10.12941,-0.22656522730891981,-0.20053005916491773,-0.1912972321556666,Starforming,Spiral,Control4C
1237659133284909256,Control4C,Lim:6945,Satellite,10.46855,0.13085557337224013,0.07995083274473228,0.08371710705512128,Quenched,Elliptical,Control4C
1237659133284843828,Control4C,Lim:6945,Satellite,9.818525,-0.20752475187661884,-0.11095982157412498,-0.1047005903111141,Starforming,Spiral,Control4C
1237659133284778240,Control4C,Lim:6945,Satellite,9.906488,0.0383308008134032,0.11493976840059264,0.12281514721328415,Starforming,Spiral,Control4C
1237660613972918418,Control4C,Lim:6950,Satellite,10.18911,0.0383308008134032,0.05082196779664839,0.059751660499423875,Quenched,Elliptical,Control4C
1237660613972983968,Control4C,Lim:6950,Satellite,10.36444,0.04619148126786086,0.018905935964413617,0.025317164298583408,Starforming,Spiral,Control4C
1237660613972918322,Control4C,Lim:6950,Satellite,9.706136,-0.26734992123701173,-0.14528755799555135,-0.14198296068578725,Starforming,Spiral,Control4C
1237651495755579693,Control4C,Lim:6954,Satellite,10.79237,0.1496728826525962,0.025303846281766157,0.015368078534268165,Quenched,Spiral,Control4C
1237673705041691045,Control4C,Lim:6954,Satellite,10.6603,-0.009119148331831268,-0.1035257687344672,-0.10687253881054955,Starforming,Spiral,Control4C
1237673705041756411,Control4C,Lim:6954,Satellite,9.715945,-0.1549517826247632,-0.03511476456564536,-0.03151253771767498,Starforming,Spiral,Control4C
1237654954280157539,Control4C,Lim:6978,Satellite,10.10311,-0.05250706908668513,-0.020505280665833424,-0.011228280380569881,Quenched,NoGZ,Control4C
1237671936578093285,Control4C,Lim:6978,Satellite,9.503205,-0.07939644884409477,0.08870440182707418,0.0841457710902711,Starforming,NoGZ,Control4C
1237661087494045845,Control4C,Lim:6989,Satellite,11.11918,0.27037041250145794,0.07185874599081207,0.03969288127314266,Quenched,Spiral,Control4C
1237661125612142601,Control4C,Lim:6989,Satellite,10.28244,0.09986115685840526,0.09117876222802479,0.09907023781710529,Quenched,Elliptical,Control4C
1237661125612273738,Control4C,Lim:6989,Satellite,9.786526,-0.20752475187661884,-0.10370028232549766,-0.09818064330587499,Starforming,Elliptical,Control4C
1237664886388293744,Control4C,Lim:7000,Satellite,11.18527,0.09986115685840526,-0.11364419535934982,-0.15133159846625893,Quenched,Spiral,Control4C
1237662696501936400,Control4C,Lim:7000,Satellite,10.89832,0.06648321213101471,-0.0819224561155642,-0.09814051266913157,Quenched,Spiral,Control4C
1237665129102901279,Control4C,Lim:7000,Satellite,10.41433,0.05391241004701966,0.015308435632849435,0.020559071048825532,Starforming,Elliptical,Control4C
1237667444044922941,Control4C,Lim:7007,Satellite,11.01353,0.29740527268129757,0.12286217773906022,0.09880600184587626,Quenched,Elliptical,Control4C
1237667323793965152,Control4C,Lim:7007,Satellite,10.35618,0.13510815202267923,0.10969653384800673,0.11628093649082827,Quenched,Elliptical,Control4C
1237667323793965194,Control4C,Lim:7007,Satellite,9.800545,0.05135398835050857,0.15199799973960892,0.15785161908981993,Quenched,Elliptical,Control4C
1237661974404268151,Control4C,Lim:7009,Satellite,10.33086,0.09756027280667182,0.07789294457153662,0.084974596535969,Starforming,Spiral,Control4C
1237661970116378780,Control4C,Lim:7009,Satellite,9.373397,-0.28368883398995764,-0.08613874206794223,-0.09743382081995064,Starforming,Spiral,Control4C
1237661974404268187,Control4C,Lim:7009,Satellite,9.304218,-0.11931785883562805,0.09392671309141269,0.07849764560195956,Starforming,Uncertain,Control4C
1237667916489490458,Control4C,Lim:7010,Satellite,10.46918,0.12003830018504674,0.06899063291212403,0.07273829458512329,Quenched,Elliptical,Control4C
1237667916489490634,Control4C,Lim:7010,Satellite,9.875648,0.04358703111597816,0.12719259829776963,0.13457095989966125,Quenched,Elliptical,Control4C
1237668294985449611,Control4C,Lim:7010,Satellite,9.292867,-0.20289228400804113,0.012927463081072788,-0.0032160336217682828,Starforming,Spiral,Control4C
1237655743484330109,Control4C,Lim:7021,Satellite,10.93824,0.18878060169439917,0.03131837521771261,0.012503184773761833,Quenched,Spiral,Control4C
1237655743484330046,Control4C,Lim:7021,Satellite,10.7235,0.09058356357502098,-0.018161094907344383,-0.02448894570756599,Quenched,Elliptical,Control4C
1237662267538276481,Control4C,Lim:7021,Satellite,9.639691,-0.07594282963262874,0.06119375734629434,0.06228205207325874,Quenched,Uncertain,Control4C
1237662264860147778,Control4C,Lim:7023,Satellite,10.97778,0.12003830018504674,-0.04639427479911579,-0.06790601771617294,Quenched,Elliptical,Control4C
1237662198284484650,Control4C,Lim:7023,Satellite,10.15539,-0.10437295273032035,-0.08423180720200461,-0.0750962825936643,Quenched,Elliptical,Control4C
1237662264860213622,Control4C,Lim:7023,Satellite,10.08511,-0.1983087080057814,-0.16222330114450068,-0.15294757508925533,Quenched,Spiral,Control4C
1237668272988750083,Control4C,Lim:7035,Satellite,10.4303,-0.16751050324578506,-0.20973755468738084,-0.20489998809882964,Starforming,Spiral,Control4C
1237668365851689395,Control4C,Lim:7035,Satellite,9.675788,-0.03650924669124571,0.09243809724077841,0.09477370779722259,Starforming,Spiral,Control4C
1237668365314687448,Control4C,Lim:7035,Satellite,9.506061,-0.4348396893969556,-0.2673867728516684,-0.27181216075564535,Starforming,Spiral,Control4C
1237661435921825846,Control4C,Lim:7044,Satellite,10.8838,0.09756027280667182,-0.04755127656462768,-0.0628559172428306,Quenched,Elliptical,Control4C
1237661435921891368,Control4C,Lim:7044,Satellite,10.36364,-0.1983087080057814,-0.2254127591563207,-0.21898452268423743,Quenched,Spiral,Control4C
1237661435921891590,Control4C,Lim:7044,Satellite,9.607081,-0.16328380351680608,-0.018749061129972405,-0.018876118583933427,Starforming,Spiral,Control4C
1237661387620876411,Control4C,Lim:7051,Satellite,10.69569,-0.027185968217908463,-0.1296214362098109,-0.13459862957834445,Quenched,Spiral,Control4C
1237661387620876699,Control4C,Lim:7051,Satellite,10.01755,-0.14677660869441173,-0.09536402062005316,-0.086321473823843,Starforming,Spiral,Control4C
1237659162817855979,Control4C,Lim:7051,Satellite,10.17096,-0.07594282963262874,-0.059334014055283976,-0.050282365126413514,Starforming,Spiral,Control4C
1237661417140125866,Control4C,Lim:7052,Satellite,10.61008,0.09986115685840526,0.016847831904566818,0.015644830322633863,Quenched,NoGZ,Control4C
1237661387069194392,Control4C,Lim:7052,Satellite,9.277762,-0.22656522730891981,-0.007318643745212322,-0.024428635232199736,Starforming,NoGZ,Control4C
1237661417140125853,Control4C,Lim:7052,Satellite,9.803498,0.03567863566659506,0.1356527067637739,0.14157469635603792,Quenched,NoGZ,Control4C
1237671957518876723,Control4C,Lim:7058,Satellite,9.788877,-0.21694068641837377,-0.1136495828091107,-0.10807285108876079,Starforming,Elliptical,Control4C
1237671991878156520,Control4C,Lim:7058,Satellite,10.23708,0.10442667462051756,0.10603499846001853,0.11451704056587172,Quenched,Elliptical,Control4C
1237671957518876726,Control4C,Lim:7058,Satellite,8.423131,-0.055778624700305444,0.3573561206057628,0.25619306568002137,Starforming,NoGZ,Control4C
1237665531723710531,Control4C,Lim:7059,Satellite,10.70818,0.2365435592168414,0.13127451376266341,0.1256982749493879,Quenched,Elliptical,Control4C
1237665531723579578,Control4C,Lim:7059,Satellite,10.1465,-0.04926002271457847,-0.027102023412072733,-0.01792720018923278,Starforming,Spiral,Control4C
1237665567692095954,Control4C,Lim:7059,Satellite,10.10137,-0.16328380351680608,-0.13088726531337957,-0.12160927031360902,Starforming,Spiral,Control4C
1237657772321472648,Control4C,Lim:7067,Satellite,10.20752,0.11118620289364924,0.11950073568309959,0.12828013078416894,Starforming,Spiral,Control4C
1237655106759426069,Control4C,Lim:7067,Satellite,9.722048,0.19985798101343002,0.3183104255535513,0.3220939956015282,Starforming,Uncertain,Control4C
1237658302202970401,Control4C,Lim:7067,Satellite,9.865941,0.12439759440607599,0.21020536626571462,0.21741173839971062,Quenched,Spiral,Control4C
1237651192433279109,Control4C,Lim:7069,Satellite,10.43038,0.12003830018504674,0.07779309932816046,0.0826285459593369,Quenched,Elliptical,Control4C
1237651252024312012,Control4C,Lim:7069,Satellite,9.919941,-0.10806121448408725,-0.03450429794573644,-0.02643565486395287,Starforming,Spiral,Control4C
1237651192433279182,Control4C,Lim:7069,Satellite,9.693874,-0.08638724073305099,0.03845697413710661,0.041378818445513665,Starforming,Spiral,Control4C
1237665330933596220,Control4C,Lim:7090,Satellite,10.69408,-0.055778624700305444,-0.15784883570948033,-0.1627497072121955,Starforming,Spiral,Control4C
1237665330933465219,Control4C,Lim:7090,Satellite,10.32956,0.0383308008134032,0.018958400576743167,0.026064215366405553,Quenched,Elliptical,Control4C
1237660635461058688,Control4C,Lim:7114,Satellite,10.08218,0.0882328635448647,0.12498299274117107,0.1342560883089752,Starforming,Spiral,Control4C
1237661357538148509,Control4C,Lim:7114,Satellite,9.893231,-0.1117810674162761,-0.03216451484771064,-0.024493575580679647,Starforming,Spiral,Control4C
1237662695960609039,Control4C,Lim:7121,Satellite,10.17846,-0.03650924669124571,-0.021601938797413192,-0.012597528980128374,Starforming,Spiral,Control4C
1237665129098510627,Control4C,Lim:7121,Satellite,9.293317,-0.00036000557862243517,0.2153576510494806,0.19924267106281882,Starforming,Spiral,Control4C
1237661386012950941,Control4C,Lim:7123,Satellite,10.05476,-0.16328380351680608,-0.1203129622295793,-0.11109736550530792,Starforming,Spiral,Control4C
1237661386012951043,Control4C,Lim:7123,Satellite,9.468972,-0.21220723669545014,-0.03634002435365846,-0.042545916737936895,Starforming,Spiral,Control4C
1237661386012951041,Control4C,Lim:7123,Satellite,9.495053,-0.0691168562521512,0.10083341983714975,0.09589092282218575,Starforming,Spiral,Control4C
1237658492278734920,Control4C,Lim:7128,Satellite,10.65873,-0.28368883398995764,-0.3777392721175119,-0.381016004800051,Starforming,Spiral,Control4C
1237658492278734937,Control4C,Lim:7128,Satellite,9.819897,-0.22656522730891981,-0.1303115594786631,-0.12402242626588271,Starforming,Spiral,Control4C
1237658492278735050,Control4C,Lim:7128,Satellite,9.359884,-0.16328380351680608,0.037331951515516326,0.025259086377965534,Starforming,Uncertain,Control4C
1237667735599579274,Control4C,Lim:7144,Satellite,10.66242,-0.006179776081068299,-0.10106735598891027,-0.10450900794586397,Starforming,Spiral,Control4C
1237667735599579345,Control4C,Lim:7144,Satellite,10.75663,0.011050416782760416,-0.10521036830690608,-0.11322702723034231,Starforming,Spiral,Control4C
1237667735599579276,Control4C,Lim:7144,Satellite,9.623108,-0.09708903351335806,0.04380970038765579,0.044290459494412446,Quenched,Elliptical,Control4C
1237662306739290404,Control4C,Lim:7146,Satellite,9.89341,0.0383308008134032,0.11790674406525567,0.12558053623265525,Starforming,Spiral,Control4C
1237662665888759972,Control4C,Lim:7146,Satellite,9.965748,0.011050416782760416,0.07421520499329219,0.08283464993197868,Starforming,Elliptical,Control4C
1237662665888760313,Control4C,Lim:7146,Satellite,9.705305,0.011050416782760416,0.13330130707555432,0.13658034041254918,Starforming,Spiral,Control4C
1237660669818241070,Control4C,Lim:7158,Satellite,10.71118,0.06895429106965624,-0.03699535745792666,-0.042717318410651836,Quenched,Elliptical,Control4C
1237660669818306648,Control4C,Lim:7158,Satellite,9.497333,-0.318335079846875,-0.14890206209336151,-0.15373666810391923,Starforming,Spiral,Control4C
1237662300841377866,Control4C,Lim:7162,Satellite,10.71367,0.210659559924703,0.1041450108461941,0.09830156038436404,Quenched,Spiral,Control4C
1237662300841378074,Control4C,Lim:7162,Satellite,10.06835,-0.1983087080057814,-0.15842099864107886,-0.14916947785747864,Quenched,Elliptical,Control4C
1237662300841443759,Control4C,Lim:7162,Satellite,9.997707,-0.033379164418814146,0.02253515925073537,0.031440691931719784,Quenched,Spiral,Control4C
1237648704594575483,Control4C,Lim:7163,Satellite,10.89773,0.27037041250145794,0.12209859619264882,0.10591797975994396,Quenched,NoGZ,Control4C
1237648721249763542,Control4C,Lim:7163,Satellite,9.71757,-0.19377293476141427,-0.0743045767003909,-0.07065377744059984,Starforming,NoGZ,Control4C
1237648704594575487,Control4C,Lim:7163,Satellite,9.70014,-0.26203736643140163,-0.1386147045138957,-0.1354957852346352,Quenched,NoGZ,Control4C
1237661386530881736,Control4C,Lim:7183,Satellite,9.668012,-0.15909778063256153,-0.028386313534271623,-0.026310697709476777,Starforming,Spiral,Control4C
1237661386530750680,Control4C,Lim:7183,Satellite,9.787773,-0.06574371018214456,0.03779785535813146,0.043347831460772646,Quenched,Spiral,Control4C
1237661386530816154,Control4C,Lim:7183,Satellite,9.867658,-0.00036000557862243517,0.08505823445533724,0.09229557060303266,Quenched,Elliptical,Control4C
1237651737374949472,Control4C,Lim:7184,Satellite,10.28072,-0.11931785883562805,-0.12761004103725665,-0.1196932060280973,Starforming,Elliptical,Control4C
1237651737374949690,Control4C,Lim:7184,Satellite,8.978126,-0.19377293476141427,0.0934513763032076,0.05344285864286563,Starforming,Uncertain,Control4C
1237651737375015062,Control4C,Lim:7184,Satellite,9.091445,-0.1848411427269139,0.0766747484459854,0.04616042605263468,Starforming,NoGZ,Control4C
1237655742946672748,Control4C,Lim:7185,Satellite,10.87846,0.17741355266189243,0.033513476761253685,0.018540571410919582,Quenched,Uncertain,Control4C
1237655742946672960,Control4C,Lim:7185,Satellite,9.63916,-0.2217262958376311,-0.08446924211471565,-0.08340006434521077,Starforming,Spiral,Control4C
1237655742946673034,Control4C,Lim:7185,Satellite,9.529585,-0.03650924669124571,0.12560683428778274,0.12225440720899584,Starforming,Spiral,Control4C
1237657630053433424,Control4C,Lim:7186,Satellite,10.55064,0.12222341690406424,0.052695107511287836,0.05377190666980654,Starforming,Spiral,Control4C
1237657776082780208,Control4C,Lim:7186,Satellite,10.27822,0.28108475193178795,0.27335973895799703,0.2813130167374782,Quenched,Elliptical,Control4C
1237657630590369984,Control4C,Lim:7186,Satellite,10.09987,-0.1983087080057814,-0.16557186826565246,-0.15629320778182756,Quenched,Elliptical,Control4C
1237657628439347343,Control4C,Lim:7197,Satellite,9.988159,-0.00036000557862243517,0.0577204508058838,0.0665489673396854,Quenched,Elliptical,Control4C
1237657628439347487,Control4C,Lim:7197,Satellite,9.662024,0.05135398835050857,0.1834239391833143,0.18529608648055845,Quenched,Spiral,Control4C
1237657628439412747,Control4C,Lim:7197,Satellite,9.700765,-0.00036000557862243517,0.12292086403192386,0.12605927031254077,Quenched,Spiral,Control4C
1237662697037103254,Control4C,Lim:7213,Satellite,10.44366,-0.09349240622197504,-0.13875041001713356,-0.13427388656562922,Starforming,Spiral,Control4C
1237662697037103314,Control4C,Lim:7213,Satellite,9.497869,0.027623555056661857,0.19693497172772692,0.19212566992882252,Starforming,Spiral,Control4C
1237664853116715184,Control4C,Lim:7213,Satellite,9.08326,0.056455848346987726,0.319828651571827,0.2886625670428949,Starforming,Uncertain,Control4C
1237659327099896083,Control4C,Lim:7219,Satellite,9.935945,0.09756027280667182,0.16748639881609861,0.17576632639491982,Starforming,Spiral,Control4C
1237659327099896158,Control4C,Lim:7219,Satellite,10.38403,-0.08638724073305099,-0.11811712410583186,-0.11213816523687298,Starforming,Spiral,Control4C
1237655463784284387,Control4C,Lim:7219,Satellite,9.9679,0.0383308008134032,0.1010073697526124,0.10964861325977657,Quenched,Elliptical,Control4C
1237667550342217757,Control4C,Lim:7220,Satellite,10.0337,0.027623555056661857,0.07537222991919093,0.08450332317486522,Quenched,Elliptical,Control4C
1237667550342152307,Control4C,Lim:7220,Satellite,9.238325,-0.4590854354774995,-0.2308918707785028,-0.25061023155671874,Starforming,Spiral,Control4C
1237667550342217758,Control4C,Lim:7220,Satellite,9.513812,-0.00036000557862243517,0.16533445949267797,0.16126743557706114,Quenched,Elliptical,Control4C
1237657629513810033,Control4C,Lim:7224,Satellite,11.15879,0.19619691789081167,-0.011300977865689843,-0.04673464651356052,Starforming,Spiral,Control4C
1237657629513810174,Control4C,Lim:7224,Satellite,10.20837,-0.1983087080057814,-0.19018701275379574,-0.181415203828481,Quenched,NoGZ,Control4C
1237657775006351385,Control4C,Lim:7224,Satellite,9.402662,-1.0233458920722236,-0.8324350831312725,-0.8420951809343544,Starforming,NoGZ,Control4C
1237665180057993364,Control4C,Lim:7233,Satellite,9.914527,-0.17608941330805536,-0.10130423508989989,-0.0933116492291014,Starforming,Spiral,Control4C
1237665330937266334,Control4C,Lim:7233,Satellite,9.716331,-0.1892840439319302,-0.06953459680159063,-0.06592081324085813,Starforming,Spiral,Control4C
1237665180058058906,Control4C,Lim:7233,Satellite,9.507473,-0.1387524855065975,0.02838009385880752,0.024020342796884003,Starforming,Spiral,Control4C
1237664818753896585,Control4C,Lim:7240,Satellite,9.936934,0.01664564199347177,0.08634739585636597,0.09463971615180078,Starforming,Spiral,Control4C
1237664818753896557,Control4C,Lim:7240,Satellite,10.12844,-0.00036000557862243517,0.025895224225780698,0.0351306512539653,Quenched,Spiral,Control4C
1237664818753896597,Control4C,Lim:7240,Satellite,9.801664,-0.06574371018214456,0.034646436260575536,0.040526044691349114,Quenched,Spiral,Control4C
1237668332571787353,Control4C,Lim:7241,Satellite,10.76546,0.13510815202267923,0.016844125220291106,0.00836271587350762,Quenched,Spiral,Control4C
1237668332571787671,Control4C,Lim:7241,Satellite,9.489694,-0.2217262958376311,-0.050560235791537844,-0.055757941507170256,Starforming,Spiral,Control4C
1237668332571656316,Control4C,Lim:7241,Satellite,9.44793,-0.2727281867109631,-0.09208722441230932,-0.0993515955067864,Starforming,Spiral,Control4C
1237665330933989474,Control4C,Lim:7256,Satellite,10.71691,0.09756027280667182,-0.00968932759111435,-0.015691594336368686,Quenched,Elliptical,Control4C
1237665227313315992,Control4C,Lim:7256,Satellite,10.44737,-0.17177874325082548,-0.21787842618009468,-0.2135046647468292,Starforming,Spiral,Control4C
1237665330933989419,Control4C,Lim:7256,Satellite,9.573429,-1.6652260747183694,-1.5130567807894622,-1.514526130891943,Starforming,Uncertain,Control4C
1237660961866776723,Control4C,Lim:7264,Satellite,9.664832,-0.28368883398995764,-0.15225592763385887,-0.15028801341724757,Starforming,Spiral,Control4C
1237660961866580160,Control4C,Lim:7264,Satellite,9.313786,-0.2949332821142268,-0.08385938025596532,-0.09869414857418127,Starforming,Spiral,Control4C
1237660764842164280,Control4C,Lim:7264,Satellite,9.443384,-0.1892840439319302,-0.007611741109377013,-0.015109386445997075,Starforming,Uncertain,Control4C
1237657629511712801,Control4C,Lim:7269,Satellite,10.58615,-0.13087399102014557,-0.20845837212512444,-0.2087099712789572,Starforming,Spiral,Control4C
1237657629511713101,Control4C,Lim:7269,Satellite,10.56518,0.09986115685840526,0.027034191236526492,0.027579108968628627,Quenched,Elliptical,Control4C
1237657775541190877,Control4C,Lim:7269,Satellite,9.550306,-0.20289228400804113,-0.04547712845702018,-0.0479206679084129,Starforming,Spiral,Control4C
1237665367967989860,Control4C,Lim:7271,Satellite,9.837792,0.07385466443403327,0.16604853493142965,0.172714056288376,Starforming,Spiral,Control4C
1237665367968055323,Control4C,Lim:7271,Satellite,9.495412,-0.08638724073305099,0.0834815898551326,0.07855610819033587,Starforming,Spiral,Control4C
1237664337175707794,Control4C,Lim:7274,Satellite,10.46791,0.09756027280667182,0.046800727501490474,0.05058587777258239,Starforming,Spiral,Control4C
1237664818208047228,Control4C,Lim:7274,Satellite,10.30449,0.09986115685840526,0.08617632963849892,0.0937219939802138,Starforming,Spiral,Control4C
1237668332027117605,Control4C,Lim:7297,Satellite,10.36236,0.210659559924703,0.18384589941881635,0.19030124371474022,Quenched,Uncertain,Control4C
1237668349211050186,Control4C,Lim:7297,Satellite,9.331013,-0.021079757759797816,0.18608589438328169,0.1723029116425032,Starforming,Spiral,Control4C
1237668332027183316,Control4C,Lim:7297,Satellite,9.452198,-0.42704955844442327,-0.24737686745153342,-0.2544237160141172,Starforming,Uncertain,Control4C
1237662199359013245,Control4C,Lim:7300,Satellite,10.19143,0.1496728826525962,0.16163771659240805,0.17054994395819595,Quenched,Elliptical,Control4C
1237661949737828733,Control4C,Lim:7300,Satellite,9.693367,-0.1983087080057814,-0.07334947121621863,-0.0704437084887273,Quenched,Elliptical,Control4C
1237662199359078682,Control4C,Lim:7300,Satellite,9.430074,-0.19377293476141427,-0.009081022969854635,-0.01727105054443695,Starforming,Elliptical,Control4C
1237648722289623248,Control4C,Lim:7327,Satellite,10.17868,0.1393198083248698,0.15417720532665247,0.16318016235610397,Quenched,NoGZ,Control4C
1237648722289557692,Control4C,Lim:7327,Satellite,10.14206,0.0383308008134032,0.0614960926645479,0.07068820456470373,Quenched,NoGZ,Control4C
1237648722289623239,Control4C,Lim:7327,Satellite,9.420765,-0.033379164418814146,0.15342465870952082,0.14474206006285034,Starforming,NoGZ,Control4C
1237668292832854039,Control4C,Lim:7336,Satellite,10.58033,-0.03650924669124571,-0.11277325783381914,-0.11280030832133854,Starforming,Spiral,Control4C
1237668292832854137,Control4C,Lim:7336,Satellite,9.391256,-0.11931785883562805,0.07418060299040823,0.06389132183823139,Starforming,Spiral,Control4C
1237661974405906560,Control4C,Lim:7339,Satellite,10.55726,0.210659559924703,0.1396293864166132,0.140466093861065,Quenched,Elliptical,Control4C
1237661970654888086,Control4C,Lim:7339,Satellite,10.28277,0.005382592656735859,-0.003374668311719134,0.004511915077343636,Quenched,Elliptical,Control4C
1237667254546661638,Control4C,Lim:7340,Satellite,10.18538,-0.10437295273032035,-0.09103556925914195,-0.08207868815842084,Starforming,Elliptical,Control4C
1237667212134055972,Control4C,Lim:7340,Satellite,10.17247,0.005382592656735859,0.021648838020466514,0.030691333523871604,Starforming,Spiral,Control4C
1237667254546661738,Control4C,Lim:7340,Satellite,9.64487,-0.059074962477950764,0.07688667672858435,0.07816025634071402,Starforming,Elliptical,Control4C
1237662268074492193,Control4C,Lim:7359,Satellite,9.719339,0.11341619989012074,0.23248322900552648,0.23618666771043584,Quenched,Elliptical,Control4C
1237655744020545738,Control4C,Lim:7359,Satellite,9.36869,-0.21694068641837377,-0.018322728274186156,-0.0298870965523908,Starforming,Spiral,Control4C
1237662268074426602,Control4C,Lim:7359,Satellite,9.358059,-0.11553311404874676,0.0854966745198966,0.07331765932456906,Starforming,Spiral,Control4C
1237662198823911677,Control4C,Lim:7367,Satellite,9.966968,-0.08638724073305099,-0.023499231105703858,-0.014867383315753366,Starforming,Spiral,Control4C
1237662198823846384,Control4C,Lim:7367,Satellite,9.713241,-0.2949332821142268,-0.17448281381828015,-0.1709618739761959,Quenched,Elliptical,Control4C
1237662198823911735,Control4C,Lim:7367,Satellite,9.667496,-0.49367413410927985,-0.3628456032823645,-0.36078740925339603,Starforming,Spiral,Control4C
1237668272980558058,Control4C,Lim:7372,Satellite,10.75337,0.12003830018504674,0.00451710376848001,-0.003329528496777423,Quenched,Spiral,Control4C
1237668298756522275,Control4C,Lim:7372,Satellite,10.2074,-0.1549517826247632,-0.14661002571237647,-0.13782956422098874,Starforming,Elliptical,Control4C
1237668272980426893,Control4C,Lim:7372,Satellite,9.303688,-0.4590854354774995,-0.245720623674157,-0.26118282262968745,Starforming,Spiral,Control4C
1237658918530056413,Control4C,Lim:7386,Satellite,10.31571,0.0383308008134032,0.022100518098962678,0.029455469201402455,Quenched,Elliptical,Control4C
1237658803111854218,Control4C,Lim:7386,Satellite,10.19962,-0.03650924669124571,-0.026402459141828927,-0.01755528849967759,Quenched,Elliptical,Control4C
1237658918530056399,Control4C,Lim:7386,Satellite,9.779221,0.17548977917257252,0.2809715172074347,0.28631097138487793,Quenched,Elliptical,Control4C
1237655128235049080,Control4C,Lim:7407,Satellite,10.41593,-0.2892746251283065,-0.3282415878482926,-0.3230314284504294,Quenched,Spiral,Control4C
1237655473436295765,Control4C,Lim:7407,Satellite,9.871582,-0.030271526760011918,0.05425648445393426,0.06156371057512272,Starforming,Spiral,Control4C
1237655473436361135,Control4C,Lim:7407,Satellite,9.895964,-0.1231358190374761,-0.044139295868782305,-0.036425073869848945,Quenched,Elliptical,Control4C
1237654399689621625,Control4C,Lim:7422,Satellite,10.15608,-0.10437295273032035,-0.08438834590888744,-0.07525613265662746,Starforming,Spiral,Control4C
1237654399689556113,Control4C,Lim:7422,Satellite,9.82636,-0.35598675464406754,-0.2611993327016161,-0.254771342920749,Starforming,NoGZ,Control4C
1237651250958696543,Control4C,Lim:7422,Satellite,9.881517,-0.07594282963262874,0.006331251069891519,0.013809988109354507,Starforming,NoGZ,Control4C
1237665331462668473,Control4C,Lim:7425,Satellite,9.62011,-0.21220723669545014,-0.07062835345641372,-0.07025974873574756,Starforming,Spiral,Control4C
1237665331462602904,Control4C,Lim:7425,Satellite,9.538443,-0.11931785883562805,0.04078862813532731,0.03782889255916229,Starforming,Spiral,Control4C
1237665228378931266,Control4C,Lim:7425,Satellite,9.307146,-0.26734992123701173,-0.05476961790961396,-0.07001604973726278,Starforming,Spiral,Control4C
1237654953207267630,Control4C,Lim:7436,Satellite,9.376874,-0.5724046818462873,-0.3756434088863483,-0.38674069129454725,Starforming,Spiral,Control4C
1237654953207333212,Control4C,Lim:7436,Satellite,9.998996,-0.027185968217908463,0.028435922997768117,0.03735130108066763,Quenched,Elliptical,Control4C
1237671935505138058,Control4C,Lim:7436,Satellite,9.145617,-0.3367530128963952,-0.08752699828765872,-0.1138611383918858,Starforming,Spiral,Control4C
1237667736653594755,Control4C,Lim:7455,Satellite,10.93775,0.210659559924703,0.053308498616672834,0.03452595022019611,Starforming,Spiral,Control4C
1237667910053658868,Control4C,Lim:7455,Satellite,9.609139,-0.08287775240623109,0.06119009627224688,0.0611422234159668,Quenched,Spiral,Control4C
1237654605329137953,Control4C,Lim:9394,Satellite,9.882125,-0.11931785883562805,-0.03718171368931779,-0.029692733839232488,Starforming,Spiral,Control4C
1237654605329137931,Control4C,Lim:9394,Satellite,10.06368,0.12003830018504674,0.16098548166734972,0.17022630361470284,Quenched,Elliptical,Control4C
1237654605329072383,Control4C,Lim:9394,Satellite,9.853103,0.17548977917257252,0.2642100784510014,0.2711775497144675,Quenched,NoGZ,Control4C
1237665179521187909,Control4C,Lim:9578,Satellite,10.90285,0.12003830018504674,-0.029395078702373706,-0.04590151566091816,Starforming,Spiral,Control4C
1237665179521056969,Control4C,Lim:9578,Satellite,9.945629,-0.1117810674162761,-0.04405192812780025,-0.03565398168341771,Starforming,Spiral,Control4C
1237665179521187864,Control4C,Lim:9578,Satellite,10.08385,-0.16328380351680608,-0.12691254336469526,-0.11763786536761991,Quenched,Spiral,Control4C
1237648720171696336,Control4C,Lim:9765,Satellite,10.93987,0.12003830018504674,-0.03779372062818989,-0.05671763238007027,Quenched,Spiral,Control4C
1237674603216699610,Control4C,Lim:9765,Satellite,10.21569,0.09756027280667182,0.1040212965595496,0.11272541213117448,Starforming,Spiral,Control4C
1237674603216634080,Control4C,Lim:9765,Satellite,9.557896,-0.012078550350336925,0.14361467942497,0.14149557066055152,Starforming,Spiral,Control4C
1237665355083940130,Control4C,Lim:9774,Satellite,9.997058,-0.18044323321980837,-0.12438167241871244,-0.11548114650648131,Starforming,Spiral,Control4C
1237659162813858137,Control4C,Lim:9774,Satellite,10.2711,-0.26203736643140163,-0.26814708144431193,-0.26009272100754316,Starforming,Spiral,Control4C
1237665355084005737,Control4C,Lim:9774,Satellite,9.82069,0.005382592656735859,0.10145635440792217,0.10776270276293243,Starforming,Elliptical,Control4C
1237661417673851010,Control4C,Lim:9790,Satellite,10.82481,-0.00036000557862243517,-0.13208862984987038,-0.1438536994381409,Quenched,Elliptical,Control4C
1237661387602919620,Control4C,Lim:9790,Satellite,10.36785,-0.07594282963262874,-0.10400199376284633,-0.09766382985514493,Quenched,Spiral,Control4C
1237661387602985091,Control4C,Lim:9790,Satellite,9.704643,0.0409668678813979,0.1633679445857228,0.16662657382828783,Starforming,Spiral,Control4C
1237658205578723439,Control4C,Lim:9833,Satellite,10.46667,-0.05250706908668513,-0.10298529845485929,-0.09916366812034313,Starforming,Spiral,Control4C
1237658205578657877,Control4C,Lim:9833,Satellite,10.44815,-0.05250706908668513,-0.09878370881503974,-0.09443169071341723,Quenched,Spiral,Control4C
1237658614126346384,Control4C,Lim:9833,Satellite,9.713471,-0.42704955844442327,-0.30665126971743767,-0.30312339318683745,Starforming,Spiral,Control4C
1237665015240523906,Control4C,Lim:9869,Satellite,10.11195,-0.1508449289923749,-0.12084865096115648,-0.1115803997321892,Starforming,Spiral,Control4C
1237665015240589399,Control4C,Lim:9869,Satellite,10.08337,0.008226176896798528,0.04470633354065402,0.053980579277029074,Starforming,Uncertain,Control4C
1237665015240589418,Control4C,Lim:9869,Satellite,9.967389,0.09756027280667182,0.16035277113605087,0.16898887162899606,Starforming,Elliptical,Control4C
1237651752415920197,Control4C,Lim:9995,Satellite,10.23991,-0.00036000557862243517,0.0006062826949667257,0.00905623515487188,Starforming,Spiral,Control4C
1237651752415789223,Control4C,Lim:9995,Satellite,9.581052,-0.1387524855065975,0.011687396012788287,0.010529947922237048,Starforming,Spiral,Control4C
1237651752415854874,Control4C,Lim:9995,Satellite,9.421911,-0.36259213370622323,-0.176048300951929,-0.18466989118666968,Starforming,Spiral,Control4C
1237665329311580293,Control4C,Lim:10027,Satellite,10.2354,-0.2949332821142268,-0.29294382055361906,-0.28444302813867905,Starforming,NoGZ,Control4C
1237665329311514810,Control4C,Lim:10027,Satellite,9.588666,-0.2217262958376311,-0.07301378491854693,-0.07386428320917249,Starforming,Uncertain,Control4C
1237665329311580311,Control4C,Lim:10027,Satellite,9.422273,-0.5120595574153525,-0.3255978507652493,-0.33420019115136845,Starforming,Spiral,Control4C
1237667551956435111,Control4C,Lim:10074,Satellite,10.93884,0.1287135660717291,-0.02888478101963851,-0.0477399671585049,Quenched,Spiral,Control4C
1237667912733294659,Control4C,Lim:10074,Satellite,10.35009,-0.1549517826247632,-0.17898177656042372,-0.1722731475697597,Starforming,Spiral,Control4C
1237667912733294684,Control4C,Lim:10074,Satellite,10.44291,-0.05250706908668513,-0.09759492211349242,-0.09309775683681326,Quenched,Elliptical,Control4C
1237654880741294238,Control4C,Lim:10120,Satellite,10.80756,-0.0691168562521512,-0.1969320128513214,-0.2077139962563716,Starforming,NoGZ,Control4C
1237654880741294303,Control4C,Lim:10120,Satellite,10.60062,0.056455848346987726,-0.02441130824871384,-0.025232793073685374,Starforming,NoGZ,Control4C
1237654880741294218,Control4C,Lim:10120,Satellite,9.74244,-0.3367530128963952,-0.22292685431389822,-0.21855870865858654,Starforming,Spiral,Control4C
1237648705667137570,Control4C,Lim:10121,Satellite,10.70381,0.3003078152646575,0.1960301816207392,0.19066493883068994,Quenched,Elliptical,Control4C
1237651735237951685,Control4C,Lim:10121,Satellite,10.29237,0.008226176896798528,-0.0027090139065522306,0.005031484334020811,Starforming,Spiral,Control4C
1237648705667072024,Control4C,Lim:10121,Satellite,9.578831,-0.17177874325082548,-0.020834988589428838,-0.02208283686577256,Starforming,Elliptical,Control4C
1237657629512827188,Control4C,Lim:10163,Satellite,9.877542,0.008226176896798528,0.09140205667158036,0.09881310815986419,Starforming,Spiral,Control4C
1237657629512892647,Control4C,Lim:10163,Satellite,10.19333,-0.04603702487435677,-0.03450323954770113,-0.025605632498086384,Quenched,Spiral,Control4C
1237657629512827171,Control4C,Lim:10163,Satellite,10.07846,-0.09708903351335806,-0.05949495650602976,-0.05022617811824729,Quenched,Elliptical,Control4C
1237659330848292959,Control4C,Lim:10218,Satellite,10.70973,0.07385466443403327,-0.0317660259414039,-0.03741746572344749,Quenched,Spiral,Control4C
1237659326562304351,Control4C,Lim:10218,Satellite,10.46145,0.1455612218657134,0.09626724184526403,0.10024110908606583,Quenched,Elliptical,Control4C
1237659326562304335,Control4C,Lim:10218,Satellite,10.19507,0.03567863566659506,0.04681767121067591,0.05570163887526254,Quenched,Elliptical,Control4C
1237661387619172464,Control4C,Lim:10236,Satellite,11.13752,0.210659559924703,0.007987139958641948,-0.0256763516856357,Quenched,Spiral,Control4C
1237661387619238463,Control4C,Lim:10236,Satellite,9.961979,-0.1231358190374761,-0.059115966499056635,-0.0505355812037802,Quenched,Elliptical,Control4C
1237661387619172794,Control4C,Lim:10236,Satellite,9.542334,-0.41187625867480615,-0.25265251389005716,-0.2554417142965133,Starforming,Spiral,Control4C
1237674648847450346,Control4C,Lim:10247,Satellite,10.62606,0.11341619989012074,0.026777529231945485,0.024913999897012817,Starforming,Spiral,Control4C
1237648720149479679,Control4C,Lim:10247,Satellite,10.24305,-0.11553311404874676,-0.11527919032532141,-0.10686558331614936,Starforming,Spiral,Control4C
1237674649384386795,Control4C,Lim:10247,Satellite,9.395709,-0.24141432925928877,-0.04892610926187646,-0.058968528490822736,Starforming,Spiral,Control4C
1237662499475489129,Control4C,Lim:10324,Satellite,10.83594,0.0383308008134032,-0.09592286086017718,-0.10833471539130432,Quenched,Elliptical,Control4C
1237662301913546775,Control4C,Lim:10324,Satellite,10.70464,0.011050416782760416,-0.09341551704479958,-0.09882071850017095,Quenched,Elliptical,Control4C
1237662301376872719,Control4C,Lim:10324,Satellite,9.127062,-0.1848411427269139,0.06859440189083152,0.040854577691802646,Starforming,Uncertain,Control4C
1237661353244557433,Control4C,Lim:10423,Satellite,10.59821,0.17355744610585364,0.09323704064578717,0.09251161952736132,Quenched,NoGZ,Control4C
1237657612341543027,Control4C,Lim:10423,Satellite,10.22487,0.056455848346987726,0.06083422669524685,0.06944746325623766,Quenched,Uncertain,Control4C
1237661353244557397,Control4C,Lim:10423,Satellite,9.879648,-0.41187625867480615,-0.3291781622575544,-0.32173109467416133,Starforming,Spiral,Control4C
1237668289621197082,Control4C,Lim:10427,Satellite,9.607869,-0.792455300926452,-0.6480993302802327,-0.6481960287251926,Starforming,Spiral,Control4C
1237670965392703635,Control4C,Lim:10427,Satellite,9.878436,0.011050416782760416,0.09402347684166745,0.10144986002601786,Starforming,Spiral,Control4C
1237668289621197071,Control4C,Lim:10427,Satellite,9.316831,-0.3006665564381726,-0.09028346669941709,-0.10493061782222532,Starforming,Spiral,Control4C
1237658313478045858,Control4C,Lim:10458,Satellite,10.24989,0.11118620289364924,0.10988835160971139,0.11822008850879556,Starforming,Spiral,Control4C
1237658608219848803,Control4C,Lim:10458,Satellite,10.42566,0.210659559924703,0.16948517456997347,0.1744448333412594,Quenched,Elliptical,Control4C
1237658608219848869,Control4C,Lim:10458,Satellite,10.35497,-0.2949332821142268,-0.3200703903826259,-0.31346107234693893,Quenched,Spiral,Control4C
1237668310021898820,Control4C,Lim:10485,Satellite,9.670843,-0.1848411427269139,-0.05477193806222716,-0.052601113093141055,Starforming,Uncertain,Control4C
1237668349760372834,Control4C,Lim:10485,Satellite,9.557149,-0.5312578479388469,-0.37539514799826246,-0.37754598492302716,Starforming,Spiral,Control4C
1237662223535374354,Control4C,Lim:10497,Satellite,10.98957,0.210659559924703,0.04155221486205901,0.01921250454932308,Quenched,Elliptical,Control4C
1237664293684445268,Control4C,Lim:10497,Satellite,10.17756,0.07870072299485384,0.09381221181070774,0.1028225250228238,Starforming,Spiral,Control4C
1237664846121730104,Control4C,Lim:10497,Satellite,9.793362,0.15576829454635008,0.25804189656087273,0.26372633254341776,Quenched,Elliptical,Control4C
1237651538187452545,Control4C,Lim:10506,Satellite,10.14442,-0.13087399102014557,-0.10824410692007926,-0.09906099054041667,Starforming,Spiral,Control4C
1237651538187518173,Control4C,Lim:10506,Satellite,10.29814,-0.00036000557862243517,-0.012604222959821918,-0.004955032100544243,Starforming,Spiral,Control4C
1237654948913348733,Control4C,Lim:10506,Satellite,10.28667,0.09756027280667182,0.08791822784279013,0.09574634249264129,Starforming,Spiral,Control4C
1237671123220103629,Control4C,Lim:10574,Satellite,10.88957,-0.059074962477950764,-0.20549553842709897,-0.22116116010966125,Starforming,Spiral,Control4C
1237671123220168924,Control4C,Lim:10574,Satellite,10.28066,0.09986115685840526,0.09158258671824504,0.0995003021384529,Quenched,Elliptical,Control4C
1237671260122055017,Control4C,Lim:10574,Satellite,9.762287,0.008226176896798528,0.11754969241333987,0.12245523497988314,Starforming,Uncertain,Control4C
1237667910049529919,Control4C,Lim:10581,Satellite,9.68699,-0.14677660869441173,-0.02037063663848121,-0.017668881125736863,Starforming,Elliptical,Control4C
1237667910586335349,Control4C,Lim:10581,Satellite,9.480914,-0.1549517826247632,0.01820617574949493,0.012585439897775053,Starforming,Spiral,Control4C
1237667910049464459,Control4C,Lim:10581,Satellite,9.501868,-0.1848411427269139,-0.01643696995269761,-0.021058198129539074,Starforming,Spiral,Control4C
1237658425163841661,Control4C,Lim:10610,Satellite,10.96078,0.1597848874207296,-0.002790936814138778,-0.02312817198501496,Quenched,Elliptical,Control4C
1237658425163776192,Control4C,Lim:10610,Satellite,10.375,-0.059074962477950764,-0.08875623059978315,-0.08257424961206099,Starforming,Spiral,Control4C
1237658425163841691,Control4C,Lim:10610,Satellite,9.774452,0.056455848346987726,0.16301951840087242,0.1682390654738985,Quenched,Elliptical,Control4C
1237654031401812159,Control4C,Lim:10657,Satellite,10.43668,-0.021079757759797816,-0.06475422507083463,-0.06008731322933998,Starforming,Spiral,Control4C
1237655123929268365,Control4C,Lim:10657,Satellite,9.932844,-0.07594282963262874,-0.005313186912992235,0.002927382287331401,Starforming,Spiral,Control4C
1237655123929333841,Control4C,Lim:10657,Satellite,9.783316,-0.3972152334232147,-0.2926625185835501,-0.28722153791383126,Starforming,Spiral,Control4C
1237668331490050131,Control4C,Lim:10673,Satellite,10.2493,-0.5617466441478661,-0.5629106434940342,-0.5545716989988893,Starforming,Spiral,Control4C
1237668349210919183,Control4C,Lim:10673,Satellite,10.48547,0.05135398835050857,-0.003389353611002552,-0.00013385213552908476,Starforming,Spiral,Control4C
1237668349210984599,Control4C,Lim:10673,Satellite,9.249636,-0.27817389220561206,-0.05254642796104306,-0.0715041073594204,Starforming,Spiral,Control4C
1237668336321036598,Control4C,Lim:10693,Satellite,10.63776,0.09756027280667182,0.008267250162217687,0.005907309181558282,Quenched,Elliptical,Control4C
1237665565541859681,Control4C,Lim:10693,Satellite,10.18266,-0.021079757759797816,-0.0071252941687323275,0.0018507201250529993,Quenched,Spiral,Control4C
1237665565541925108,Control4C,Lim:10693,Satellite,9.565931,-0.1117810674162761,0.042089280460761144,0.04030866307030177,Starforming,Spiral,Control4C
1237664870822772925,Control4C,Lim:10757,Satellite,10.80405,0.3003078152646575,0.17328896426137108,0.16270413837658182,Quenched,Elliptical,Control4C
1237660960792379568,Control4C,Lim:10757,Satellite,10.64754,0.06648321213101471,-0.025028576532739127,-0.02781176720059629,Quenched,Elliptical,Control4C
1237664870822772913,Control4C,Lim:10757,Satellite,9.932925,0.19985798101343002,0.27046924745008466,0.278710854380548,Quenched,Spiral,Control4C
1237667211060051979,Control4C,Lim:10767,Satellite,10.40322,0.12003830018504674,0.083954825819386,0.08948093716786029,Quenched,Elliptical,Control4C
1237667253472591937,Control4C,Lim:10767,Satellite,10.28356,-0.1983087080057814,-0.2072451944502331,-0.1993703576517574,Quenched,Spiral,Control4C
1237667253472591986,Control4C,Lim:10767,Satellite,9.894344,-0.11931785883562805,-0.03995381000729585,-0.03226517283082038,Quenched,Spiral,Control4C
1237668496314597534,Control4C,Lim:10806,Satellite,10.03037,0.0383308008134032,0.08683494508741169,0.09594946756804633,Starforming,Spiral,Control4C
1237668496314663045,Control4C,Lim:10806,Satellite,9.553067,-0.42704955844442327,-0.27026078458862585,-0.27258577969158293,Starforming,Spiral,Control4C
1237668496314663169,Control4C,Lim:10806,Satellite,9.254015,-0.6823189288471327,-0.4576849182220437,-0.47635081816574276,Starforming,Spiral,Control4C
1237664668436398224,Control4C,Lim:10843,Satellite,10.75534,0.12003830018504674,0.004070174416944128,-0.00387910360713882,Quenched,Spiral,Control4C
1237664668436398267,Control4C,Lim:10843,Satellite,10.43838,-0.027185968217908463,-0.07124611060387462,-0.06662521376760863,Starforming,Spiral,Control4C
1237664668436398189,Control4C,Lim:10843,Satellite,9.630564,-0.2892746251283065,-0.15006741673239476,-0.14931081040598437,Quenched,Elliptical,Control4C
1237674290756583782,Control4C,Lim:10883,Satellite,10.80568,0.12003830018504674,-0.007350345154789745,-0.018026607439842107,Quenched,Elliptical,Control4C
1237674290756583895,Control4C,Lim:10883,Satellite,10.20373,-0.15909778063256153,-0.1499234192937096,-0.14111089361639081,Starforming,Spiral,Control4C
1237674290756583884,Control4C,Lim:10883,Satellite,9.835494,-0.19377293476141427,-0.10105772230978982,-0.09443911893554044,Starforming,Spiral,Control4C
1237658493891903612,Control4C,Lim:10900,Satellite,10.47864,0.17741355266189243,0.12421971703083284,0.1276841222259935,Quenched,Elliptical,Control4C
1237658493891706939,Control4C,Lim:10900,Satellite,10.09189,-0.27817389220561206,-0.24362664829022618,-0.2343474365318868,Starforming,Spiral,Control4C
1237658493891903616,Control4C,Lim:10900,Satellite,10.0812,-0.009119148331831268,0.027853311201786992,0.03712537554566768,Starforming,Elliptical,Control4C
1237674479735013541,Control4C,Lim:10908,Satellite,10.28765,0.05898447772959352,0.049120102428399925,0.05693333597120776,Starforming,Elliptical,Control4C
1237674479735013407,Control4C,Lim:10908,Satellite,9.992251,-0.17177874325082548,-0.1146266294584435,-0.10576422386080031,Starforming,Spiral,Control4C
1237674479735013527,Control4C,Lim:10908,Satellite,9.680744,-0.059074962477950764,0.0687480251768085,0.07124684905134407,Starforming,Spiral,Control4C
1237662697040183439,Control4C,Lim:10913,Satellite,10.89663,0.18878060169439917,0.04075833984583835,0.02464745357544232,Quenched,Spiral,Control4C
1237664887463411913,Control4C,Lim:10913,Satellite,9.573237,-0.1549517826247632,-0.0027389300991579324,-0.004216195344121099,Starforming,Spiral,Control4C
1237662697040183695,Control4C,Lim:10913,Satellite,9.442821,-0.07939644884409477,0.10240358048856732,0.09487693162001029,Starforming,Spiral,Control4C
1237661850936541214,Control4C,Lim:10914,Satellite,10.69378,0.0714113894018661,-0.030590761299968447,-0.03547743397739475,Starforming,Elliptical,Control4C
1237661850936606846,Control4C,Lim:10914,Satellite,10.21668,0.04619148126786086,0.05242790600651507,0.06112254126798945,Starforming,Spiral,Control4C
1237661872407576592,Control4C,Lim:10914,Satellite,9.415302,-0.26734992123701173,-0.07930671991200675,-0.08828157319702828,Starforming,Uncertain,Control4C
1237667966957519065,Control4C,Lim:10929,Satellite,10.92973,0.210659559924703,0.05512797749957521,0.03687699611514614,Quenched,Elliptical,Control4C
1237667966957584513,Control4C,Lim:10929,Satellite,10.59282,0.12003830018504674,0.040940711580197756,0.04042847717193429,Starforming,Uncertain,Control4C
1237665566073749695,Control4C,Lim:10929,Satellite,9.584412,-0.10071575008869796,0.04896185598847422,0.04794042726115161,Starforming,Spiral,Control4C
1237662306189770850,Control4C,Lim:10955,Satellite,10.49291,0.05135398835050857,-0.005077249233046817,-0.0020535040014129785,Quenched,Spiral,Control4C
1237662306189836510,Control4C,Lim:10955,Satellite,9.347853,-0.1387524855065975,0.06459271471776928,0.05181522188266982,Starforming,Spiral,Control4C
1237662194536874012,Control4C,Lim:10955,Satellite,9.49991,-0.05250706908668513,0.11634131062677344,0.111628155291712,Starforming,Elliptical,Control4C
1237655109442469957,Control4C,Lim:10964,Satellite,10.9865,0.12003830018504674,-0.0483725610658127,-0.07049561906218771,Quenched,NoGZ,Control4C
1237658304886014057,Control4C,Lim:10964,Satellite,10.61699,0.061498469643979516,-0.023082511055601378,-0.024568658723992644,Quenched,Spiral,Control4C
1237658304886079607,Control4C,Lim:10964,Satellite,10.08701,-0.009119148331831268,0.026535209916293222,0.03581227914650496,Quenched,NoGZ,Control4C
1237674599462273168,Control4C,Lim:10990,Satellite,10.59563,-0.059074962477950764,-0.13881004929488902,-0.1394331391144533,Quenched,Spiral,Control4C
1237671129130074248,Control4C,Lim:10990,Satellite,10.64115,0.17741355266189243,0.0873514485444909,0.08484565422991078,Quenched,Spiral,Control4C
1237674599462273202,Control4C,Lim:10990,Satellite,9.219453,-0.21220723669545014,0.020267775070645533,-0.0007422620409122394,Starforming,Spiral,Control4C
1237662685216636964,Control4C,Lim:11021,Satellite,10.54506,0.20167700383058246,0.13341461615433914,0.1346910988704235,Quenched,Elliptical,Control4C
1237664853641461874,Control4C,Lim:11021,Satellite,10.47519,-0.030271526760011918,-0.0826826688566557,-0.07911414261833925,Starforming,Spiral,Control4C
1237664853641462227,Control4C,Lim:11021,Satellite,8.895717,-0.2464789876079352,0.05944126301542749,0.011890960681529922,Starforming,Spiral,Control4C
1237651066815578330,Control4C,Lim:11071,Satellite,10.10338,0.0409668678813979,0.07290740202564307,0.08218422651547841,Quenched,Elliptical,Control4C
1237654610141249558,Control4C,Lim:11071,Satellite,10.04503,-0.009119148331831268,0.03605911559013851,0.04524002642984308,Quenched,Uncertain,Control4C
1237651066815578363,Control4C,Lim:11071,Satellite,9.958166,-0.07594282963262874,-0.011057930587911866,-0.0025182032247772074,Starforming,NoGZ,Control4C
1237668349218390247,Control4C,Lim:11076,Satellite,10.04902,-0.13479537313186118,-0.09052231129751988,-0.08132627182160376,Starforming,Spiral,Control4C
1237668349218390261,Control4C,Lim:11076,Satellite,9.99643,-0.059074962477950764,-0.0028709287668219133,0.006024720696133641,Quenched,Spiral,Control4C
1237668332034392412,Control4C,Lim:11076,Satellite,9.249562,-0.24141432925928877,-0.01577007680557546,-0.034732699956998375,Starforming,Uncertain,Control4C
1237674602140139550,Control4C,Lim:11078,Satellite,9.670757,-0.27817389220561206,-0.1480851769194878,-0.14591723488221425,Starforming,Spiral,Control4C
1237651753485729932,Control4C,Lim:11078,Satellite,9.275077,-0.849806819998878,-0.6299510966844732,-0.6472347754754697,Starforming,Uncertain,Control4C
1237665531713814551,Control4C,Lim:11108,Satellite,10.66852,0.09756027280667182,0.0012887999829065966,-0.0024278423716358744,Quenched,Elliptical,Control4C
1237665531713814706,Control4C,Lim:11108,Satellite,10.04277,0.06648321213101471,0.11217419703494942,0.12134598066505621,Starforming,Spiral,Control4C
1237665531713814804,Control4C,Lim:11108,Satellite,10.37114,0.030325216163527402,0.0015196573294758535,0.0077864570292586754,Starforming,Spiral,Control4C
1237662193989714026,Control4C,Lim:11129,Satellite,10.4328,0.09524713375865783,0.05245291308922477,0.05722399196204989,Quenched,Elliptical,Control4C
1237662193989582993,Control4C,Lim:11129,Satellite,9.832049,-0.00036000557862243517,0.09313676606896217,0.09968425157188533,Quenched,Spiral,Control4C
1237662193989582996,Control4C,Lim:11129,Satellite,9.060438,-0.3006665564381726,-0.032116178766251446,-0.06512751326538924,Starforming,Spiral,Control4C
1237664835934814435,Control4C,Lim:11153,Satellite,9.752666,-0.033379164418814146,0.07812704515413688,0.08277596741781848,Starforming,Spiral,Control4C
1237664835934748855,Control4C,Lim:11153,Satellite,9.484913,-0.3430700533958701,-0.17081933891846074,-0.1762466430766151,Starforming,Spiral,Control4C
1237664878341062790,Control4C,Lim:11153,Satellite,9.697658,-0.2217262958376311,-0.09774054831072848,-0.09469932051117519,Starforming,Spiral,Control4C
1237663788493635946,Control4C,Lim:11198,Satellite,10.65368,0.05135398835050857,-0.041550767936813976,-0.044603542031667595,Starforming,Spiral,Control4C
1237663788493635962,Control4C,Lim:11198,Satellite,9.675072,-0.26203736643140163,-0.13292758523252474,-0.130615714788482,Starforming,Spiral,Control4C
1237663917340950801,Control4C,Lim:11198,Satellite,9.726141,-0.08638724073305099,0.031136634347254694,0.03504017397229511,Quenched,Spiral,Control4C
1237651272961490952,Control4C,Lim:11252,Satellite,10.45058,0.0714113894018661,0.024583461184053454,0.028867432239123338,Quenched,Spiral,Control4C
1237651272961425646,Control4C,Lim:11252,Satellite,9.63608,0.04878040567641195,0.18673621188802322,0.1876940646558778,Starforming,Spiral,Control4C
1237651534946304186,Control4C,Lim:11252,Satellite,9.214596,-0.17177874325082548,0.06179816489111259,0.04045114114124865,Starforming,Spiral,Control4C
1237658297923797167,Control4C,Lim:11265,Satellite,10.25456,-0.07594282963262874,-0.07830015303416664,-0.07002643667167871,Starforming,Spiral,Control4C
1237654602641244319,Control4C,Lim:11265,Satellite,10.2986,0.210659559924703,0.19831098340558137,0.20595278175999265,Quenched,Elliptical,Control4C
1237658297923731566,Control4C,Lim:11265,Satellite,10.0214,0.1496728826525962,0.2002120301160852,0.20927755660303432,Quenched,Elliptical,Control4C
1237667429026955516,Control4C,Lim:11278,Satellite,9.400273,-0.23145875648195138,-0.040005960626879056,-0.049796990463293445,Starforming,Spiral,Control4C
1237667322172211267,Control4C,Lim:11278,Satellite,9.487761,-0.5312578479388469,-0.35965325264578996,-0.36494356949331785,Starforming,Spiral,Control4C
1237667429026955404,Control4C,Lim:11278,Satellite,9.282084,-0.2949332821142268,-0.07666722071160467,-0.09349882721620964,Starforming,Uncertain,Control4C
1237667254016278686,Control4C,Lim:11305,Satellite,9.306328,-0.6823189288471327,-0.4695530477483868,-0.48485043459332794,Starforming,Uncertain,Control4C
1237667254016278705,Control4C,Lim:11305,Satellite,9.965709,-0.033379164418814146,0.029794471631671725,0.03841351814568859,Starforming,Spiral,Control4C
1237667254016278711,Control4C,Lim:11305,Satellite,9.48142,0.06895429106965624,0.24199745439220016,0.2364012636043717,Starforming,Spiral,Control4C
1237655368758788270,Control4C,Lim:11370,Satellite,10.08617,0.09524713375865783,0.1310920608673357,0.1403685714543344,Quenched,NoGZ,Control4C
1237659327091835101,Control4C,Lim:11370,Satellite,9.836951,-0.14274598525968069,-0.05036131903403954,-0.04371291985486392,Quenched,NoGZ,Control4C
1237659327091900583,Control4C,Lim:11370,Satellite,9.248343,-0.7110426603645115,-0.4851218561953049,-0.504165979934584,Starforming,NoGZ,Control4C
1237665531723514229,Control4C,Lim:11562,Satellite,9.90285,0.005382592656735859,0.08281690490427399,0.09063756388081681,Quenched,Spiral,Control4C
1237665531723514265,Control4C,Lim:11562,Satellite,9.440617,-0.1231358190374761,0.05916422668644762,0.0515237954973506,Starforming,Spiral,Control4C
1237665567691965133,Control4C,Lim:11562,Satellite,9.807324,-0.1983087080057814,-0.09920263269488491,-0.09319308526104861,Quenched,Elliptical,Control4C
1237655108898914500,CG4,HMCG:25,Satellite,10.40786,0.0383308008134032,0.018725107970518313,0.010552476374652297,Quenched,Elliptical,RG4
1237655108898914492,CG4,HMCG:25,Satellite,9.313793,-0.13087399102014557,0.15476363363552054,0.1754368216959203,Starforming,Spiral,RG4
1237655108898980064,CG4,HMCG:25,Satellite,9.284696,-0.2892746251283065,0.004481025945536399,0.02804757041512279,Starforming,Spiral,RG4
1237651271887618101,CG4,HMCG:27,Satellite,10.82927,0.09756027280667182,-0.03961828022399355,-0.01735217915682498,Quenched,NoGZ,RG4
1237651271887618204,CG4,HMCG:27,Satellite,9.714207,-0.027185968217908463,0.1467366538530304,0.1387824501703674,Starforming,NoGZ,RG4
1237651533872496832,CG4,HMCG:27,Satellite,9.640424,0.06648321213101471,0.26099119843924046,0.25674414726025163,Starforming,NoGZ,RG4
1237651192431902934,CG4,HMCG:28,Satellite,10.74845,0.09524713375865783,-0.019382740881897356,-0.004745186400467297,Quenched,Spiral,RG4
1237651192431902942,CG4,HMCG:28,Satellite,10.45439,0.210659559924703,0.17807205558105282,0.17212547187995497,Quenched,NoGZ,RG4
1237651192431902951,CG4,HMCG:28,Satellite,9.72223,-0.3692994289203334,-0.19761521376258248,-0.20592982444475366,Starforming,NoGZ,RG4
1237653664714391735,CG4,HMCG:33,Satellite,10.67758,0.27037041250145794,0.17551317876052053,0.18416076914691115,Quenched,Elliptical,RG4
1237651753452765233,CG4,HMCG:33,Satellite,10.73482,0.20529235111097974,0.09446522933428528,0.1079000118245876,Quenched,Elliptical,RG4
1237651753452765443,CG4,HMCG:33,Satellite,10.11648,-0.1983087080057814,-0.13661974718236622,-0.15232654335846518,Quenched,Elliptical,RG4
1237664093977116737,CG4,HMCG:42,Satellite,10.44188,0.1943547474969782,0.16525751742529407,0.15868475241841512,Quenched,Elliptical,RG4
1237664093977182233,CG4,HMCG:42,Satellite,10.44385,0.09756027280667182,0.06791341521174446,0.0614379066078084,Quenched,Elliptical,RG4
1237664093977182234,CG4,HMCG:42,Satellite,10.1118,0.24319337424724807,0.306188049186794,0.2904503870874062,Quenched,Elliptical,RG4
1237664879949906001,CG4,HMCG:52,Satellite,10.52723,0.12003830018504674,0.06712852741853556,0.06523237943413439,Quenched,Elliptical,RG4
1237664837006852244,CG4,HMCG:52,Satellite,10.09972,-0.062396561398671085,0.003968418353452879,-0.011835742738109757,Starforming,Spiral,RG4
1237664879949906004,CG4,HMCG:52,Satellite,10.06748,-0.1231358190374761,-0.04777591981867117,-0.06366459616578073,Quenched,Elliptical,RG4
1237661382235652235,CG4,HMCG:61,Satellite,10.28243,-0.2892746251283065,-0.273885505666421,-0.28665558320498485,Quenched,Elliptical,RG4
1237661382235652234,CG4,HMCG:61,Satellite,10.09958,0.0714113894018661,0.13781542897797688,0.12201060850673462,Quenched,Elliptical,RG4
1237661382235652236,CG4,HMCG:61,Satellite,10.02217,-0.07594282963262874,0.012058502620770545,-0.0037203453265865355,Quenched,Spiral,RG4
1237661381699108952,CG4,HMCG:63,Satellite,10.8073,0.17741355266189243,0.04636460200973133,0.06647285141035233,Quenched,Elliptical,RG4
1237661381699108924,CG4,HMCG:63,Satellite,10.21994,-0.1549517826247632,-0.12212803172761408,-0.13642458218247636,Starforming,Uncertain,RG4
1237664336632741895,CG4,HMCG:73,Satellite,10.20023,0.01385725040186069,0.05218006651886967,0.03750745766094443,Quenched,Elliptical,RG4
1237665099004051581,CG4,HMCG:73,Satellite,9.80046,-0.08638724073305099,0.063470902778346,0.052081060059675555,Starforming,Spiral,RG4
1237664869753487485,CG4,HMCG:73,Satellite,9.497967,0.0383308008134032,0.2725841110194261,0.2774988236059841,Starforming,Spiral,RG4
1237671123231768624,CG4,HMCG:80,Satellite,10.94013,0.210659559924703,0.042551206271324776,0.07666380364278141,Quenched,Elliptical,RG4
1237671260670525479,CG4,HMCG:80,Satellite,10.6821,0.24319337424724807,0.14707506618902177,0.1560851774855686,Quenched,Elliptical,RG4
1237661136886366310,CG4,HMCG:82,Satellite,10.06689,-0.27817389220561206,-0.20264938372857721,-0.21853834654043858,Starforming,Elliptical,RG4
1237661381701861554,CG4,HMCG:82,Satellite,10.16911,0.0383308008134032,0.08533605780519844,0.07017260584392712,Quenched,NoGZ,RG4
1237661381701861576,CG4,HMCG:82,Satellite,9.576148,-0.1549517826247632,0.05748912687330082,0.05704888987406101,Starforming,Spiral,RG4
1237671125379907676,CG4,HMCG:84,Satellite,10.5799,-0.021079757759797816,-0.08868439430763955,-0.08722162190144442,Starforming,Spiral,RG4
1237671125379842214,CG4,HMCG:84,Satellite,9.934071,-0.2949332821142268,-0.18235243962214492,-0.19715308276684865,Starforming,Spiral,RG4
1237671125379842189,CG4,HMCG:84,Satellite,9.890475,-0.07594282963262874,0.0488012420489512,0.034858197593135035,Starforming,Spiral,RG4
1237667536399761571,CG4,HMCG:99,Satellite,10.69086,-0.00036000557862243517,-0.09892234262345327,-0.08920207798591555,Quenched,Spiral,RG4
1237667783897383104,CG4,HMCG:99,Satellite,10.09201,0.0025206987823348363,0.07103675884116183,0.055200081954098236,Quenched,Spiral,RG4
1237667783897383027,CG4,HMCG:99,Satellite,9.598251,-0.11553311404874676,0.0907410862380255,0.08893113033616433,Starforming,Elliptical,RG4
1237654398613913657,CG4,HMCG:101,Satellite,10.66817,0.09986115685840526,0.007629301286868437,0.015530702568780655,Quenched,Elliptical,RG4
1237654398613913661,CG4,HMCG:101,Satellite,10.09317,-0.07939644884409477,-0.011204027326873062,-0.027036306406896325,Starforming,Spiral,RG4
1237654669739884742,CG4,HMCG:106,Satellite,10.40413,-0.062396561398671085,-0.08096158893105,-0.08930047123643195,Quenched,Spiral,RG4
1237654669739950159,CG4,HMCG:106,Satellite,9.123651,0.01941624484406951,0.35810324844618907,0.3996760529758984,Starforming,Spiral,RG4
1237648721759961363,CG4,HMCG:112,Satellite,10.81194,0.005382592656735859,-0.12696091216184588,-0.10640216229763427,Quenched,Spiral,RG4
1237648721759961197,CG4,HMCG:112,Satellite,10.52482,0.17548977917257252,0.12325239337612012,0.12121118881939258,Quenched,Elliptical,RG4
1237648721759961421,CG4,HMCG:112,Satellite,10.23428,0.06895429106965624,0.0977771999955829,0.08378601774949127,Quenched,Spiral,RG4
1237654602106732681,CG4,HMCG:117,Satellite,10.26464,0.04619148126786086,0.06654398836350107,0.05328760978501143,Quenched,Elliptical,RG4
1237654602106732699,CG4,HMCG:117,Satellite,10.22885,0.0714113894018661,0.10174926150099631,0.08763930052759217,Quenched,Spiral,RG4
1237654602106732720,CG4,HMCG:117,Satellite,9.889784,-0.15909778063256153,-0.03416092081973238,-0.04808838129421342,Starforming,Spiral,RG4
1237654604791545959,CG4,HMCG:121,Satellite,10.47624,-0.11553311404874676,-0.15421674092176993,-0.15902079009877473,Starforming,NoGZ,RG4
1237654604791545888,CG4,HMCG:121,Satellite,10.36794,-0.07594282963262874,-0.0844108926644127,-0.0942688160423503,Starforming,NoGZ,RG4
1237654604791546018,CG4,HMCG:121,Satellite,9.893738,-0.07594282963262874,0.04789086915131521,0.03387507431835185,Quenched,Elliptical,RG4
1237664819818987565,CG4,HMCG:128,Satellite,10.73842,0.234865136540417,0.12303361928977538,0.1367837326635302,Quenched,Uncertain,RG4
1237664819818987690,CG4,HMCG:128,Satellite,10.39088,-0.00036000557862243517,-0.015228299769390524,-0.02414311350958514,Starforming,Spiral,RG4
1237667431715766292,CG4,HMCG:131,Satellite,10.68693,0.16966679416987027,0.07220092218409838,0.081601355675712,Quenched,Elliptical,RG4
1237667431715766293,CG4,HMCG:131,Satellite,10.67525,0.16966679416987027,0.07545962749957094,0.083921381553127,Quenched,Elliptical,RG4
1237667431715766294,CG4,HMCG:131,Satellite,10.15139,0.03567863566659506,0.08762775038015189,0.07224111357884629,Quenched,Elliptical,RG4
1237662223525871715,CG4,HMCG:142,Satellite,10.49055,0.17355744610585364,0.13088134722389108,0.12685923172916602,Quenched,Elliptical,RG4
1237662223525806268,CG4,HMCG:142,Satellite,9.781722,-0.1231358190374761,0.03195020291581478,0.021224427611203342,Starforming,Spiral,RG4
1237662223525806252,CG4,HMCG:142,Satellite,10.06968,0.09756027280667182,0.17230637479139796,0.15641916595391053,Quenched,Spiral,RG4
1237664337177477185,CG4,HMCG:147,Satellite,10.73972,0.22979059425991835,0.11759637864368463,0.13146077593293462,Quenched,Spiral,RG4
1237664337177542740,CG4,HMCG:147,Satellite,10.03356,-0.1117810674162761,-0.026957530842948177,-0.04278912309365503,Starforming,Spiral,RG4
1237664337177542775,CG4,HMCG:147,Satellite,10.14146,-0.00036000557862243517,0.05435956665057124,0.03886572375538816,Quenched,Elliptical,RG4
1237657628452389042,CG4,HMCG:154,Satellite,10.55819,0.15576829454635008,0.0942207207038945,0.09425525345107533,Quenched,Elliptical,RG4
1237657628452389069,CG4,HMCG:154,Satellite,10.35082,0.210659559924703,0.20696795536902268,0.19645081394376576,Quenched,Elliptical,RG4
1237657628452389021,CG4,HMCG:154,Satellite,9.952991,-0.2727281867109631,-0.16542600043195865,-0.18052187564570463,Starforming,Spiral,RG4
1237661811196625002,CG4,HMCG:158,Satellite,10.12929,-0.16328380351680608,-0.10516881658818567,-0.12077655078516553,Starforming,Spiral,RG4
1237661811196559464,CG4,HMCG:158,Satellite,10.11798,-0.021079757759797816,0.04019070494947277,0.024494404800217983,Quenched,Elliptical,RG4
1237661948639445082,CG4,HMCG:158,Satellite,9.965645,0.09756027280667182,0.20133200899475265,0.186064671582245,Starforming,Spiral,RG4
1237665126930055405,CG4,HMCG:165,Satellite,10.72958,0.210659559924703,0.10129439156008666,0.114273206097014,Quenched,Elliptical,RG4
1237665126930055448,CG4,HMCG:165,Satellite,10.52691,0.0383308008134032,-0.014489692355424216,-0.016405144475413122,Quenched,Elliptical,RG4
1237665370120847399,CG4,HMCG:167,Satellite,10.48595,0.05391241004701966,0.012519705381767159,0.00824332859226961,Starforming,Spiral,RG4
1237665370120782013,CG4,HMCG:167,Satellite,10.1497,-0.03650924669124571,0.015911375897580675,0.0005055875532708753,Starforming,Spiral,RG4
1237665370120847519,CG4,HMCG:167,Satellite,10.24132,0.005382592656735859,0.03224135043361061,0.01840987642315907,Quenched,Elliptical,RG4
1237655108913594378,CG4,HMCG:173,Satellite,10.93887,0.2855971362609545,0.11784032102345779,0.15180929035855636,Quenched,Elliptical,RG4
1237658312939798811,CG4,HMCG:173,Satellite,10.3846,-0.062396561398671085,-0.07551274348488758,-0.08469254753315106,Starforming,Spiral,RG4
1237655108913594468,CG4,HMCG:173,Satellite,10.26546,-0.021079757759797816,-0.0009560296332230649,-0.014190898317403156,Quenched,Elliptical,RG4
1237648722841042953,CG4,HMCG:175,Satellite,10.41704,-0.1231358190374761,-0.14530272033892605,-0.15305847752694263,Starforming,NoGZ,RG4
1237648722840977489,CG4,HMCG:175,Satellite,9.788215,-0.00036000557862243517,0.1529144775379082,0.14195342016338955,Starforming,NoGZ,RG4
1237648722841043030,CG4,HMCG:175,Satellite,9.325481,-0.2217262958376311,0.06065039151262058,0.0801923582472564,Starforming,NoGZ,RG4
1237667781760319536,CG4,HMCG:188,Satellite,10.28206,0.12003830018504674,0.13553064918175461,0.12275003812100119,Quenched,Elliptical,RG4
1237667781760319656,CG4,HMCG:188,Satellite,9.626383,-0.04283781747327553,0.15558759018208604,0.15212624231808042,Starforming,Elliptical,RG4
1237667781760319651,CG4,HMCG:188,Satellite,9.936863,-0.05250706908668513,0.05929480891560198,0.044447669160947854,Quenched,Spiral,RG4
1237657591934025805,CG4,HMCG:197,Satellite,10.20167,0.07385466443403327,0.1117757223614633,0.0971288764494311,Starforming,Spiral,RG4
1237657591934025877,CG4,HMCG:197,Satellite,9.790443,-0.1549517826247632,-0.0022989087071088044,-0.01333943634674592,Starforming,Elliptical,RG4
1237657591934025822,CG4,HMCG:197,Satellite,9.866722,0.09756027280667182,0.22893140162510298,0.2155596928296249,Quenched,Elliptical,RG4
1237657858222456920,CG4,HMCG:204,Satellite,10.37391,0.09756027280667182,0.0874265872805925,0.07780751138670888,Quenched,Elliptical,RG4
1237657858222456990,CG4,HMCG:204,Satellite,9.941386,-0.23640805378214774,-0.12586808709337766,-0.14078839814388605,Starforming,Elliptical,RG4
1237657858222391531,CG4,HMCG:204,Satellite,9.54019,-0.16328380351680608,0.05918934277353172,0.061113245228555574,Starforming,Spiral,RG4
1237657627919319141,CG4,HMCG:206,Satellite,10.77621,0.05135398835050857,-0.07102089138914931,-0.05385891807241518,Starforming,Elliptical,RG4
1237657627919384583,CG4,HMCG:206,Satellite,10.52393,-0.1983087080057814,-0.25029778492117466,-0.25239236700748424,Quenched,Elliptical,RG4
1237657627919319144,CG4,HMCG:206,Satellite,9.692472,-0.07594282963262874,0.10404383011226509,0.09710808004459698,Starforming,Spiral,RG4
1237661152450248713,CG4,HMCG:207,Satellite,10.09862,-0.1983087080057814,-0.1316368296366183,-0.14744610286555826,Quenched,Elliptical,RG4
1237661152450248875,CG4,HMCG:207,Satellite,10.02309,-0.1983087080057814,-0.11056405459572433,-0.12634778951831724,Quenched,Elliptical,RG4
1237661435920646302,CG4,HMCG:214,Satellite,10.60806,0.12003830018504674,0.04457705904099735,0.047983764191744174,Starforming,Spiral,RG4
1237661435920646283,CG4,HMCG:214,Satellite,10.15932,0.0383308008134032,0.08806745549684897,0.07277564680560289,Quenched,Elliptical,RG4
1237661435920580738,CG4,HMCG:214,Satellite,9.824382,-0.055778624700305444,0.08740531088671344,0.07523407597591594,Starforming,Spiral,RG4
1237665025446510739,CG4,HMCG:229,Satellite,10.62726,0.20167700383058246,0.12085898682548243,0.12565026016238431,Quenched,Spiral,RG4
1237665025446510775,CG4,HMCG:229,Satellite,10.46136,-0.062396561398671085,-0.09692868697938001,-0.10251755757858336,Quenched,Spiral,RG4
1237665025446510745,CG4,HMCG:229,Satellite,9.702918,-0.021079757759797816,0.1559924811181931,0.1485595826435262,Quenched,Elliptical,RG4
1237661949186408622,CG4,HMCG:231,Satellite,10.28359,0.1496728826525962,0.1647383635728764,0.15200142551764623,Quenched,Elliptical,RG4
1237661949186408636,CG4,HMCG:231,Satellite,10.11996,-0.059074962477950764,0.0016430827206485726,-0.014038914386339696,Starforming,Spiral,RG4
1237661949186474090,CG4,HMCG:231,Satellite,9.885147,-0.07939644884409477,0.04683412813892687,0.03301285233369769,Quenched,Elliptical,RG4
1237661873482891502,CG4,HMCG:239,Satellite,10.53413,0.0714113894018661,0.016576525310289837,0.015099863889842483,Starforming,Spiral,RG4
1237661873482956896,CG4,HMCG:239,Satellite,9.939357,-0.1549517826247632,-0.043845727486926805,-0.058733543404982436,Starforming,Spiral,RG4
1237661873482891322,CG4,HMCG:239,Satellite,9.557428,-0.6553778665466884,-0.4377141005840999,-0.43694454358602225,Starforming,Uncertain,RG4
1237661418747461854,CG4,HMCG:259,Satellite,10.18736,-0.1983087080057814,-0.156395178069412,-0.17128606124484855,Quenched,Elliptical,RG4
1237661418747527234,CG4,HMCG:259,Satellite,9.993683,-0.00036000557862243517,0.09558916385986764,0.08001613841765974,Starforming,Spiral,RG4
1237661418747461776,CG4,HMCG:259,Satellite,9.836478,-0.09708903351335806,0.04272013328119899,0.030182137380721938,Starforming,Spiral,RG4
1237667783918092311,CG4,HMCG:265,Satellite,10.70653,0.25779277210434204,0.15485852476041406,0.16587402677549368,Quenched,Elliptical,RG4
1237667783918092359,CG4,HMCG:265,Satellite,10.07185,-0.16328380351680608,-0.08914312880387565,-0.10502827318932877,Starforming,Elliptical,RG4
1237667783918092392,CG4,HMCG:265,Satellite,9.538691,-0.055778624700305444,0.16711274070543441,0.16913885125204461,Starforming,Spiral,RG4
1237655368756625588,CG4,HMCG:271,Satellite,10.46189,-0.1983087080057814,-0.2329887029201546,-0.23855011434149892,Quenched,Elliptical,RG4
1237655463774126344,CG4,HMCG:271,Satellite,10.56311,0.09756027280667182,0.034640025149821924,0.03499285645100948,Quenched,Elliptical,RG4
1237655463774126308,CG4,HMCG:271,Satellite,9.29801,-0.27817389220561206,0.011867169607083616,0.03409612116658045,Starforming,Spiral,RG4
1237651273515794443,CG4,HMCG:276,Satellite,10.58702,0.0383308008134032,-0.03126030678291165,-0.029315774898312295,Quenched,NoGZ,RG4
1237651273515794622,CG4,HMCG:276,Satellite,10.54362,0.20887785021412927,0.1513952880537312,0.1505056920920661,Starforming,NoGZ,RG4
1237661418750476312,CG4,HMCG:293,Satellite,10.37387,0.09756027280667182,0.08743774723030309,0.07781705558612557,Quenched,Elliptical,RG4
1237661418750476514,CG4,HMCG:293,Satellite,10.17349,0.09756027280667182,0.14334351530516504,0.128241527441309,Quenched,Spiral,RG4
1237661418750476491,CG4,HMCG:293,Satellite,10.06265,-0.1983087080057814,-0.12160124485943088,-0.1374909339641887,Quenched,Elliptical,RG4
1237665567146115211,CG4,HMCG:303,Satellite,10.97938,0.15171420698334523,-0.0273448473234833,0.011345323311505923,Quenched,Spiral,RG4
1237665567146115095,CG4,HMCG:303,Satellite,10.6238,0.09756027280667182,0.017707591451532112,0.022245810890081527,Quenched,Elliptical,RG4
1237667912217919745,CG4,HMCG:303,Satellite,9.44488,-0.23640805378214774,0.012656462680937536,0.021660706019483,Starforming,Spiral,RG4
1237648704057573499,CG4,HMCG:309,Satellite,10.94819,0.2365435592168414,0.06618647569679278,0.10122272376581704,Quenched,Elliptical,RG4
1237648704057573747,CG4,HMCG:309,Satellite,10.1377,-0.03966200463502764,0.016106602866955068,0.0005755152300484928,Starforming,Elliptical,RG4
1237648704057573731,CG4,HMCG:309,Satellite,9.65169,-0.16328380351680608,0.028080982955450834,0.023222060388189275,Starforming,Spiral,RG4
1237655468597182863,CG4,HMCG:315,Satellite,10.81956,0.17548977917257252,0.04102030393413647,0.06232496224918718,Quenched,Spiral,RG4
1237655468597182871,CG4,HMCG:315,Satellite,10.15596,0.07385466443403327,0.12452875489316262,0.10919576782261739,Quenched,Spiral,RG4
1237651735776461018,CG4,HMCG:315,Satellite,10.10781,-0.00036000557862243517,0.06374787434454808,0.047986147694057756,Starforming,Spiral,RG4
1237667733988573355,CG4,HMCG:316,Satellite,10.73503,0.09524713375865783,-0.015638577754017127,-0.0021854472781262374,Quenched,Elliptical,RG4
1237667733988573424,CG4,HMCG:316,Satellite,9.97814,-0.11931785883562805,-0.01903221193837147,-0.03444841296829167,Starforming,Spiral,RG4
1237667733988638844,CG4,HMCG:316,Satellite,10.19986,0.005382592656735859,0.043808638308567224,0.02912945337525235,Quenched,Elliptical,RG4
1237659131675148382,CG4,HMCG:322,Satellite,10.49287,0.09524713375865783,0.051923757793485195,0.04803092292326191,Quenched,Elliptical,RG4
1237659131675148445,CG4,HMCG:322,Satellite,9.665421,-0.3494804335956705,-0.16194657886029312,-0.16752891956975413,Starforming,Spiral,RG4
1237659131675148384,CG4,HMCG:322,Satellite,9.720794,-0.003260164289578826,0.16882469306277986,0.1605739745831208,Quenched,Elliptical,RG4
1237661950272471191,CG4,HMCG:323,Satellite,10.85098,0.21946008747208545,0.07622447173603392,0.1006845833365108,Quenched,Elliptical,RG4
1237661950272471287,CG4,HMCG:323,Satellite,10.123,0.056455848346987726,0.11632573736758775,0.10066669334901744,Quenched,NoGZ,RG4
1237661950272471275,CG4,HMCG:323,Satellite,10.00999,0.13510815202267923,0.22650768896293227,0.2108039211016171,Starforming,Spiral,RG4
1237662198284157251,CG4,HMCG:330,Satellite,10.21111,-0.16328380351680608,-0.12799649372105923,-0.14246776711821552,Starforming,Elliptical,RG4
1237662198284157166,CG4,HMCG:330,Satellite,10.05386,-0.28368883398995764,-0.20452897189472,-0.22041271516743316,Starforming,Spiral,RG4
1237662264859689260,CG4,HMCG:330,Satellite,9.846138,-0.16328380351680608,-0.026169764577340243,-0.038986986756171405,Quenched,Elliptical,RG4
1237665549969588377,CG4,HMCG:333,Satellite,11.00099,0.12003830018504674,-0.06504991695289122,-0.023753891520997467,Quenched,Elliptical,RG4
1237665549969653903,CG4,HMCG:333,Satellite,10.71608,0.20887785021412927,0.10327916487681435,0.11509971225054531,Quenched,Elliptical,RG4
1237659163880914976,CG4,HMCG:337,Satellite,10.84051,0.12003830018504674,-0.020276198714275634,0.00311815928419458,Quenched,Elliptical,RG4
1237659163880915172,CG4,HMCG:337,Satellite,10.41213,0.1455612218657134,0.12476420439123026,0.11678411440896053,Quenched,Elliptical,RG4
1237659163880915192,CG4,HMCG:337,Satellite,9.389134,-0.3305265412590219,-0.06590896088186737,-0.052215635017918816,Starforming,Spiral,RG4
1237662238560682220,CG4,HMCG:341,Satellite,10.46116,0.09986115685840526,0.06538483102624931,0.059785607971841896,Quenched,Elliptical,RG4
1237662238560682390,CG4,HMCG:341,Satellite,10.38773,0.0383308008134032,0.02434135266233868,0.01529298035365892,Quenched,Spiral,RG4
1237662697036251461,CG4,HMCG:354,Satellite,10.38694,-0.26203736643140163,-0.27580640557568326,-0.28488807102076297,Quenched,Elliptical,RG4
1237662697036251506,CG4,HMCG:354,Satellite,10.0752,-0.2949332821142268,-0.22172725318955294,-0.23760800743515367,Quenched,Spiral,RG4
1237662697036251443,CG4,HMCG:354,Satellite,9.942271,-0.26203736643140163,-0.15174431362997692,-0.16667863047808373,Quenched,Elliptical,RG4
1237662306199666875,CG4,HMCG:360,Satellite,10.61419,0.12003830018504674,0.04286679674785962,0.046710341618697346,Quenched,Elliptical,RG4
1237662306199666769,CG4,HMCG:360,Satellite,10.17981,-0.059074962477950764,-0.015054992033720224,-0.030063892384187933,Quenched,Elliptical,RG4
1237662306199667123,CG4,HMCG:360,Satellite,9.700494,-0.04283781747327553,0.13491071435717292,0.12759191433590034,Quenched,Elliptical,RG4
1237665534931894452,CG4,HMCG:368,Satellite,10.4544,0.09986115685840526,0.06727086252732756,0.06132478751630353,Quenched,Elliptical,RG4
1237665534931894732,CG4,HMCG:368,Satellite,9.559221,0.03567863566659506,0.25284215688340905,0.25349386534901913,Starforming,Spiral,RG4
1237665534931894453,CG4,HMCG:368,Satellite,9.0988,-0.07939644884409477,0.26622395251442954,0.31087587540536055,Starforming,Uncertain,RG4
1237665535468765571,CG4,HMCG:369,Satellite,10.33094,0.1943547474969782,0.19620963794742763,0.18497485792508112,NosSFR,Elliptical,RG4
1237665535468765464,CG4,HMCG:369,Satellite,10.13071,0.09524713375865783,0.15296594247255435,0.13737050401868678,NosSFR,Elliptical,RG4
1237665535468765536,CG4,HMCG:369,Satellite,10.02802,0.0383308008134032,0.12469999042163843,0.10889194403817884,NosSFR,Elliptical,RG4
1237662504832270396,CG4,HMCG:373,Satellite,10.72501,0.24319337424724807,0.1351032301370592,0.14768729470009703,Quenched,Uncertain,RG4
1237662300835807413,CG4,HMCG:373,Satellite,9.997313,-0.1983087080057814,-0.10337230400352104,-0.11897742708559908,Starforming,Elliptical,RG4
1237662300835807439,CG4,HMCG:373,Satellite,10.15571,0.12003830018504674,0.1707821403298672,0.15544614810812513,Quenched,Elliptical,RG4
1237668272452862530,CG4,HMCG:374,Satellite,11.02459,0.17741355266189243,-0.014259034805253729,0.02995222652181742,Quenched,Elliptical,RG4
1237668272452862219,CG4,HMCG:374,Satellite,10.51,0.09756027280667182,0.049457648377968025,0.046541049069474795,Quenched,Elliptical,RG4
1237668272452862569,CG4,HMCG:374,Satellite,10.27495,0.12439759440607599,0.14187362446382895,0.12889405901612602,Starforming,Spiral,RG4
1237662225165451914,CG4,HMCG:386,Satellite,9.771627,-0.1549517826247632,0.002950731636720716,-0.0073983439554891894,Starforming,Spiral,RG4
1237662225165517232,CG4,HMCG:386,Satellite,9.334122,-0.1117810674162761,0.16818479179775975,0.18690186920579538,Starforming,Spiral,RG4
1237662225165517146,CG4,HMCG:386,Satellite,9.904181,0.08586937063632526,0.20678948554959498,0.19255017039432912,Starforming,Elliptical,RG4
1237659329780121629,CG4,HMCG:393,Satellite,10.79478,0.03567863566659506,-0.09187725072617246,-0.07297059823452878,Starforming,Spiral,RG4
1237659324957327415,CG4,HMCG:393,Satellite,10.94994,0.210659559924703,0.0398142286048192,0.07505213809123165,Quenched,Elliptical,RG4
1237659324957262004,CG4,HMCG:393,Satellite,10.42246,0.1393198083248698,0.11564073383764432,0.10813625341080488,Quenched,Elliptical,RG4
1237655473969299673,CG4,HMCG:394,Satellite,10.59221,-0.1983087080057814,-0.2693478190770362,-0.2670479604230448,Quenched,Elliptical,RG4
1237655473969299957,CG4,HMCG:394,Satellite,10.10081,0.030325216163527402,0.09638608728603976,0.0805871471617064,Quenched,Elliptical,RG4
1237655375185117425,CG4,HMCG:394,Satellite,9.950853,-0.1983087080057814,-0.09041002241474941,-0.10547487011436331,Starforming,Uncertain,RG4
1237662302452974056,CG4,HMCG:405,Satellite,10.18556,-0.07594282963262874,-0.03352710195928602,-0.04844679504687,Starforming,Spiral,RG4
1237662302452974098,CG4,HMCG:405,Satellite,9.70164,-0.35598675464406754,-0.17855795537282515,-0.18593079326528147,Starforming,Spiral,RG4
1237662302453039694,CG4,HMCG:405,Satellite,10.16291,0.16966679416987027,0.2184018433667964,0.20315565508310132,Quenched,Spiral,RG4
1237648705667072024,RG4,Lim:10121,Satellite,9.578831,-0.17177874325082548,0.03991361262040541,0.03930372074007324,Starforming,Elliptical,RG4
1237648720149479679,RG4,Lim:10247,Satellite,10.24305,-0.11553311404874676,-0.08915702409685217,-0.10294826453214236,Starforming,Spiral,RG4
1237648705667137570,RG4,Lim:10121,Satellite,10.70381,0.3003078152646575,0.19813244450104506,0.20892082743622023,Quenched,Elliptical,RG4
1237651066815578363,RG4,Lim:11071,Satellite,9.958166,-0.07594282963262874,0.029915538152577026,0.014747023428560366,Starforming,NoGZ,RG4
1237648720171696336,RG4,Lim:9765,Satellite,10.93987,0.12003830018504674,-0.04799751379521336,-0.013914570870570825,Quenched,Spiral,RG4
1237651066815578330,RG4,Lim:11071,Satellite,10.10338,0.0409668678813979,0.10631071223500908,0.09052469406146309,Quenched,Elliptical,RG4
1237651752415854874,RG4,Lim:9995,Satellite,9.421911,-0.36259213370622323,-0.10711929512061324,-0.09623199161731122,Starforming,Spiral,RG4
1237651752415920197,RG4,Lim:9995,Satellite,10.23991,-0.00036000557862243517,0.0268921404255482,0.013028162933498733,Starforming,Spiral,RG4
1237651753485729932,RG4,Lim:11078,Satellite,9.275077,-0.849806819998878,-0.553367480018397,-0.5288202096742157,Starforming,Uncertain,RG4
1237651272961425646,RG4,Lim:11252,Satellite,9.63608,0.04878040567641195,0.24450036252320037,0.24049365142301288,Starforming,Spiral,RG4
1237651272961490952,RG4,Lim:11252,Satellite,10.45058,0.0714113894018661,0.03988687026814308,0.03374742253968802,Quenched,Spiral,RG4
1237651534946304186,RG4,Lim:11252,Satellite,9.214596,-0.17177874325082548,0.14153471969070786,0.17252429519537238,Starforming,Spiral,RG4
1237654031401812159,RG4,Lim:10657,Satellite,10.43668,-0.021079757759797816,-0.04872619436911444,-0.05555325110176078,Starforming,Spiral,RG4
1237651752415789223,RG4,Lim:9995,Satellite,9.581052,-0.1387524855065975,0.07232021415695655,0.07157058978468686,Starforming,Spiral,RG4
1237651538187518173,RG4,Lim:10506,Satellite,10.29814,-0.00036000557862243517,0.010646043634455298,-0.0016603510917473085,Starforming,Spiral,RG4
1237651735237951685,RG4,Lim:10121,Satellite,10.29237,0.008226176896798528,0.020842048855619126,0.00836162036856546,Starforming,Spiral,RG4
1237651538187452545,RG4,Lim:10506,Satellite,10.14442,-0.13087399102014557,-0.07698025506953052,-0.0924434835221327,Starforming,Spiral,RG4
1237654602641244319,RG4,Lim:11265,Satellite,10.2986,0.210659559924703,0.22153726971610962,0.20924493587971668,Quenched,Elliptical,RG4
1237655123929268365,RG4,Lim:10657,Satellite,9.932844,-0.07594282963262874,0.036980344316823455,0.022200455862666654,Starforming,Spiral,RG4
1237654880741294303,RG4,Lim:10120,Satellite,10.60062,0.056455848346987726,-0.01692964215090429,-0.0140465622507489,Starforming,NoGZ,RG4
1237654948913348733,RG4,Lim:10506,Satellite,10.28667,0.09756027280667182,0.11176643759924161,0.09911834021260625,Starforming,Spiral,RG4
1237654605329137953,RG4,Lim:9394,Satellite,9.882125,-0.11931785883562805,0.007755852348023465,-0.005994715534308512,Starforming,Spiral,RG4
1237655109442469957,RG4,Lim:10964,Satellite,10.9865,0.12003830018504674,-0.06100722517025442,-0.02146519719287851,Quenched,NoGZ,RG4
1237654605329072383,RG4,Lim:9394,Satellite,9.853103,0.17548977917257252,0.3106605918686933,0.29764957695356886,Quenched,NoGZ,RG4
1237654610141249558,RG4,Lim:11071,Satellite,10.04503,-0.009119148331831268,0.07250427266200409,0.05663662455414563,Quenched,Uncertain,RG4
1237654880741294218,RG4,Lim:10120,Satellite,9.74244,-0.3367530128963952,-0.17070736232988581,-0.17989271877272456,Starforming,Spiral,RG4
1237655123929333841,RG4,Lim:10657,Satellite,9.783316,-0.3972152334232147,-0.24257393546588782,-0.25335797942821214,Starforming,Spiral,RG4
1237654880741294238,RG4,Lim:10120,Satellite,10.80756,-0.0691168562521512,-0.20023834657743092,-0.18010492770624964,Starforming,NoGZ,RG4
1237658425163841691,RG4,Lim:10610,Satellite,9.774452,0.056455848346987726,0.21357019116016607,0.20311436317495268,Quenched,Elliptical,RG4
1237657629512827171,RG4,Lim:10163,Satellite,10.07846,-0.09708903351335806,-0.02479254049009151,-0.04066762059608499,Quenched,Elliptical,RG4
1237654605329137931,RG4,Lim:9394,Satellite,10.06368,0.12003830018504674,0.19645839462635128,0.18056866684931838,Quenched,Elliptical,RG4
1237657629512827188,RG4,Lim:10163,Satellite,9.877542,0.008226176896798528,0.1365785393185332,0.12293747077635099,Starforming,Spiral,RG4
1237658304886014057,RG4,Lim:10964,Satellite,10.61699,0.061498469643979516,-0.01645423027294384,-0.012409523379451663,Quenched,Spiral,RG4
1237658493891706939,RG4,Lim:10900,Satellite,10.09189,-0.27817389220561206,-0.20962435229765328,-0.22546147413711454,Starforming,Spiral,RG4
1237658493891903612,RG4,Lim:10900,Satellite,10.47864,0.17741355266189243,0.13806032880623798,0.13338556188230835,Quenched,Elliptical,RG4
1237658205578657877,RG4,Lim:9833,Satellite,10.44815,-0.05250706908668513,-0.08335362127549381,-0.08961509025734024,Quenched,Spiral,RG4
1237658205578723439,RG4,Lim:9833,Satellite,10.46667,-0.05250706908668513,-0.08852067799146582,-0.09383278738402223,Starforming,Spiral,RG4
1237658297923731566,RG4,Lim:11265,Satellite,10.0214,0.1496728826525962,0.23788904393792284,0.22211437083844948,Quenched,Elliptical,RG4
1237658614126346384,RG4,Lim:9833,Satellite,9.713471,-0.42704955844442327,-0.2529215932988108,-0.26084231517695655,Starforming,Spiral,RG4
1237657629512892647,RG4,Lim:10163,Satellite,10.19333,-0.04603702487435677,-0.00578911743228272,-0.020581429818164323,Quenched,Spiral,RG4
1237655368758788270,RG4,Lim:11370,Satellite,10.08617,0.09524713375865783,0.16539254647522134,0.1495363885418607,Quenched,NoGZ,RG4
1237658425163776192,RG4,Lim:10610,Satellite,10.375,-0.059074962477950764,-0.0695127566336417,-0.07908772319807801,Starforming,Spiral,RG4
1237658608219848803,RG4,Lim:10458,Satellite,10.42566,0.210659559924703,0.18608768946063536,0.17873335892181227,Quenched,Elliptical,RG4
1237659327091900583,RG4,Lim:11370,Satellite,9.248343,-0.7110426603645115,-0.4071445679950031,-0.3798083461495092,Starforming,NoGZ,RG4
1237658425163841661,RG4,Lim:10610,Satellite,10.96078,0.1597848874207296,-0.01408479027070575,0.02241114670375885,Quenched,Elliptical,RG4
1237659327091835101,RG4,Lim:11370,Satellite,9.836951,-0.14274598525968069,-0.003068784870450453,-0.015620735744134362,Quenched,NoGZ,RG4
1237658297923797167,RG4,Lim:11265,Satellite,10.25456,-0.07594282963262874,-0.05277801520993681,-0.0662916598679714,Starforming,Spiral,RG4
1237660960792379568,RG4,Lim:10757,Satellite,10.64754,0.06648321213101471,-0.019992899377320045,-0.01368708561968901,Quenched,Elliptical,RG4
1237658313478045858,RG4,Lim:10458,Satellite,10.24989,0.11118620289364924,0.1356539414450444,0.12202558851533235,Starforming,Spiral,RG4
1237658304886079607,RG4,Lim:10964,Satellite,10.08701,-0.009119148331831268,0.06079190544081124,0.04493827632533336,Quenched,NoGZ,RG4
1237658608219848869,RG4,Lim:10458,Satellite,10.35497,-0.2949332821142268,-0.2997827314523736,-0.3101435759771028,Quenched,Spiral,RG4
1237657612341543027,RG4,Lim:10423,Satellite,10.22487,0.056455848346987726,0.087904135442315,0.07370955041797328,Quenched,Uncertain,RG4
1237661353244557433,RG4,Lim:10423,Satellite,10.59821,0.17355744610585364,0.10084434257802041,0.10355935172751841,Quenched,NoGZ,RG4
1237659162813858137,RG4,Lim:9774,Satellite,10.2711,-0.26203736643140163,-0.24348719121401094,-0.2565717433875071,Starforming,Spiral,RG4
1237661417673851010,RG4,Lim:9790,Satellite,10.82481,-0.00036000557862243517,-0.1362942242165646,-0.11447125668263543,Quenched,Elliptical,RG4
1237659330848292959,RG4,Lim:10218,Satellite,10.70973,0.07385466443403327,-0.0299723788867364,-0.018688445464607864,Quenched,Spiral,RG4
1237661387619172794,RG4,Lim:10236,Satellite,9.542334,-0.41187625867480615,-0.19000128568895222,-0.18822306196991814,Starforming,Spiral,RG4
1237661387619172464,RG4,Lim:10236,Satellite,11.13752,0.210659559924703,-0.0125203555626755,0.04664391456956335,Quenched,Spiral,RG4
1237659326562304335,RG4,Lim:10218,Satellite,10.19507,0.03567863566659506,0.07544108529626142,0.06067837488610286,Quenched,Elliptical,RG4
1237661850936541214,RG4,Lim:10914,Satellite,10.69378,0.0714113894018661,-0.027965623971832734,-0.018006422656457383,Starforming,Elliptical,RG4
1237661850936606846,RG4,Lim:10914,Satellite,10.21668,0.04619148126786086,0.07992476806641731,0.06556252924794542,Starforming,Spiral,RG4
1237658493891903616,RG4,Lim:10900,Satellite,10.0812,-0.009119148331831268,0.06241288813626421,0.04654364667261082,Starforming,Elliptical,RG4
1237662193989714026,RG4,Lim:11129,Satellite,10.4328,0.09524713375865783,0.06868321227126202,0.061668706865961494,Quenched,Elliptical,RG4
1237661872407576592,RG4,Lim:10914,Satellite,9.415302,-0.26734992123701173,-0.01003317996048092,0.0014086649919023975,Starforming,Uncertain,RG4
1237661387619238463,RG4,Lim:10236,Satellite,9.961979,-0.1231358190374761,-0.018341273458425664,-0.033561080141563226,Quenched,Elliptical,RG4
1237662306189770850,RG4,Lim:10955,Satellite,10.49291,0.05135398835050857,0.008019452435625345,0.0041288526833150735,Quenched,Spiral,RG4
1237662193989582996,RG4,Lim:11129,Satellite,9.060438,-0.3006665564381726,0.055656794690228495,0.1052196601422613,Starforming,Spiral,RG4
1237662301376872719,RG4,Lim:10324,Satellite,9.127062,-0.1848411427269139,0.15289419616364094,0.19405063874382736,Starforming,Uncertain,RG4
1237659326562304351,RG4,Lim:10218,Satellite,10.46145,0.1455612218657134,0.11100398639815626,0.10541977610185083,Quenched,Elliptical,RG4
1237661387602919620,RG4,Lim:9790,Satellite,10.36785,-0.07594282963262874,-0.084385782777564,-0.09424727138782274,Quenched,Spiral,RG4
1237661387602985091,RG4,Lim:9790,Satellite,9.704643,0.0409668678813979,0.21755783392812245,0.21004420478643648,Starforming,Spiral,RG4
1237662193989582993,RG4,Lim:11129,Satellite,9.832049,-0.00036000557862243517,0.1406848466476322,0.12827893254848963,Quenched,Spiral,RG4
1237662499475489129,RG4,Lim:10324,Satellite,10.83594,0.0383308008134032,-0.10070867383149221,-0.07777502977255113,Quenched,Elliptical,RG4
1237662306189836510,RG4,Lim:10955,Satellite,9.347853,-0.1387524855065975,0.1373824419705588,0.15480871284657907,Starforming,Spiral,RG4
1237662301913546775,RG4,Lim:10324,Satellite,10.70464,0.011050416782760416,-0.09135652293734503,-0.08049893734196635,Quenched,Elliptical,RG4
1237662194536874012,RG4,Lim:10955,Satellite,9.49991,-0.05250706908668513,0.18120414656214898,0.1859761374950679,Starforming,Elliptical,RG4
1237662685216636964,RG4,Lim:11021,Satellite,10.54506,0.20167700383058246,0.14379268348060592,0.1429931920386335,Quenched,Elliptical,RG4
1237664293684445268,RG4,Lim:10497,Satellite,10.17756,0.07870072299485384,0.12334844061030129,0.10830580414323891,Starforming,Spiral,RG4
1237662697040183439,RG4,Lim:10913,Satellite,10.89663,0.18878060169439917,0.03280869335121395,0.06208224690842576,Quenched,Spiral,RG4
1237662697040183695,RG4,Lim:10913,Satellite,9.442821,-0.07939644884409477,0.1702425260303394,0.1794127706490374,Starforming,Spiral,RG4
1237664668436398189,RG4,Lim:10843,Satellite,9.630564,-0.2892746251283065,-0.09201571121643701,-0.0957137006570159,Quenched,Elliptical,RG4
1237661353244557397,RG4,Lim:10423,Satellite,9.879648,-0.41187625867480615,-0.28411146760533035,-0.29780319314588694,Starforming,Spiral,RG4
1237663788493635962,RG4,Lim:11198,Satellite,9.675072,-0.26203736643140163,-0.0771961285624305,-0.08327225115906617,Starforming,Spiral,RG4
1237665179521187864,RG4,Lim:9578,Satellite,10.08385,-0.16328380351680608,-0.09249111371703247,-0.10835377903943126,Quenched,Spiral,RG4
1237663917340950801,RG4,Lim:11198,Satellite,9.726141,-0.08638724073305099,0.0842058103417535,0.07571854737787492,Quenched,Spiral,RG4
1237665015240523906,RG4,Lim:9869,Satellite,10.11195,-0.1508449289923749,-0.08789210386424332,-0.10362882087923238,Starforming,Spiral,RG4
1237665015240589418,RG4,Lim:9869,Satellite,9.967389,0.09756027280667182,0.20084543518737377,0.18555610016056748,Starforming,Elliptical,RG4
1237664853641461874,RG4,Lim:11021,Satellite,10.47519,-0.030271526760011918,-0.06866220495313358,-0.07352257943737141,Starforming,Spiral,RG4
1237663788493635946,RG4,Lim:11198,Satellite,10.65368,0.05135398835050857,-0.03683517543839143,-0.03006026349753374,Starforming,Spiral,RG4
1237664887463411913,RG4,Lim:10913,Satellite,9.573237,-0.1549517826247632,0.058301292213483846,0.05804618672203199,Starforming,Spiral,RG4
1237664835934814435,RG4,Lim:11153,Satellite,9.752666,-0.033379164418814146,0.12981344500420036,0.12020775147061874,Starforming,Spiral,RG4
1237665179521056969,RG4,Lim:9578,Satellite,9.945629,-0.1117810674162761,-0.0024248923930498684,-0.017411425174100312,Starforming,Spiral,RG4
1237664878341062790,RG4,Lim:11153,Satellite,9.697658,-0.2217262958376311,-0.043186523572706526,-0.05037086165130275,Starforming,Spiral,RG4
1237664835934748855,RG4,Lim:11153,Satellite,9.484913,-0.3430700533958701,-0.10517469360181861,-0.099288372150374,Starforming,Spiral,RG4
1237665531723514265,RG4,Lim:11562,Satellite,9.440617,-0.1231358190374761,0.1271180690660081,0.13646661647344038,Starforming,Spiral,RG4
1237665531713814551,RG4,Lim:11108,Satellite,10.66852,0.09756027280667182,0.005230767675168169,0.013159716764231708,Quenched,Elliptical,RG4
1237665531713814804,RG4,Lim:11108,Satellite,10.37114,0.030325216163527402,0.020964357154901747,0.011233882540547527,Starforming,Spiral,RG4
1237667254016278711,RG4,Lim:11305,Satellite,9.48142,0.06895429106965624,0.30782419347217926,0.31397425917839705,Starforming,Spiral,RG4
1237665355084005737,RG4,Lim:9774,Satellite,9.82069,0.005382592656735859,0.14959659160203573,0.1375410935454724,Starforming,Elliptical,RG4
1237664668436398224,RG4,Lim:10843,Satellite,10.75534,0.12003830018504674,0.0034861242068539855,0.01874088133014297,Quenched,Spiral,RG4
1237664846121730104,RG4,Lim:10497,Satellite,9.793362,0.15576829454635008,0.307606771133879,0.29646310349473437,Quenched,Elliptical,RG4
1237665355083940130,RG4,Lim:9774,Satellite,9.997058,-0.18044323321980837,-0.08543568453814365,-0.10103860881927705,Starforming,Spiral,RG4
1237668289621197082,RG4,Lim:10427,Satellite,9.607869,-0.792455300926452,-0.5888645105475753,-0.5912506429572815,Starforming,Spiral,RG4
1237665531723514229,RG4,Lim:11562,Satellite,9.90285,0.005382592656735859,0.1266740548966228,0.11246243920729432,Quenched,Spiral,RG4
1237667551956435111,RG4,Lim:10074,Satellite,10.93884,0.1287135660717291,-0.03903487920348503,-0.005069327065730267,Quenched,Spiral,RG4
1237665329311580293,RG4,Lim:10027,Satellite,10.2354,-0.2949332821142268,-0.2664228517801948,-0.2803890572692192,Starforming,NoGZ,RG4
1237665329311580311,RG4,Lim:10027,Satellite,9.422273,-0.5120595574153525,-0.25668771637462295,-0.24583062303194508,Starforming,Spiral,RG4
1237665567691965133,RG4,Lim:11562,Satellite,9.807324,-0.1983087080057814,-0.050365611864710114,-0.06198727900096174,Quenched,Elliptical,RG4
1237667966957519065,RG4,Lim:10929,Satellite,10.92973,0.210659559924703,0.04545279319606074,0.07838607362264363,Quenched,Elliptical,RG4
1237664853641462227,RG4,Lim:11021,Satellite,8.895717,-0.2464789876079352,0.15580131542713968,0.22862745017083083,Starforming,Spiral,RG4
1237668349218390261,RG4,Lim:11076,Satellite,9.99643,-0.059074962477950764,0.03610779741416937,0.02051032429640686,Quenched,Spiral,RG4
1237664870822772913,RG4,Lim:10757,Satellite,9.932925,0.19985798101343002,0.3127585560647185,0.2979772914572911,Quenched,Spiral,RG4
1237664870822772925,RG4,Lim:10757,Satellite,10.80405,0.3003078152646575,0.17016561052647622,0.18995998371275424,Quenched,Elliptical,RG4
1237667253472591986,RG4,Lim:10767,Satellite,9.894344,-0.11931785883562805,0.004346766710201663,-0.009682386685891928,Quenched,Spiral,RG4
1237667253472591937,RG4,Lim:10767,Satellite,10.28356,-0.1983087080057814,-0.18323485712321813,-0.19597265443957304,Quenched,Spiral,RG4
1237667211060051979,RG4,Lim:10767,Satellite,10.40322,0.12003830018504674,0.1017271615085825,0.0933479940863827,Quenched,Elliptical,RG4
1237670965392703635,RG4,Lim:10427,Satellite,9.878436,0.011050416782760416,0.13915335432846473,0.1254907113243875,Starforming,Spiral,RG4
1237667910049464459,RG4,Lim:10581,Satellite,9.501868,-0.1848411427269139,0.04832379338359005,0.052952457784452095,Starforming,Spiral,RG4
1237667912733294659,RG4,Lim:10074,Satellite,10.35009,-0.1549517826247632,-0.15843971809822627,-0.16898412094481058,Starforming,Spiral,RG4
1237668496314663169,RG4,Lim:10806,Satellite,9.254015,-0.6823189288471327,-0.3800033173465766,-0.3532665836638046,Starforming,Spiral,RG4
1237667322172211267,RG4,Lim:11278,Satellite,9.487761,-0.5312578479388469,-0.29415707656418466,-0.28848462274305275,Starforming,Spiral,RG4
1237667429026955404,RG4,Lim:11278,Satellite,9.282084,-0.2949332821142268,-0.00044888632428652375,0.023382779494623696,Starforming,Uncertain,RG4
1237671123220103629,RG4,Lim:10574,Satellite,10.88957,-0.059074962477950764,-0.21307713969722902,-0.18456573412199961,Starforming,Spiral,RG4
1237668289621197071,RG4,Lim:10427,Satellite,9.316831,-0.3006665564381726,-0.015876529963020636,0.004500916041010938,Starforming,Spiral,RG4
1237667254016278686,RG4,Lim:11305,Satellite,9.306328,-0.6823189288471327,-0.3945985785767404,-0.3731935895724787,Starforming,Uncertain,RG4
1237668349210984599,RG4,Lim:10673,Satellite,9.249636,-0.27817389220561206,0.02536345478950358,0.052562647792840256,Starforming,Spiral,RG4
1237665531713814706,RG4,Lim:11108,Satellite,10.04277,0.06648321213101471,0.1487371702834945,0.13287527227828005,Starforming,Spiral,RG4
1237667910586335349,RG4,Lim:10581,Satellite,9.480914,-0.1549517826247632,0.08405929314159782,0.09024769679185682,Starforming,Spiral,RG4
1237667429026955516,RG4,Lim:11278,Satellite,9.400273,-0.23145875648195138,0.03005105689956547,0.04277509757785866,Starforming,Spiral,RG4
1237668349760372834,RG4,Lim:10485,Satellite,9.557149,-0.5312578479388469,-0.3135162413270278,-0.31272830888242187,Starforming,Spiral,RG4
1237667910049529919,RG4,Lim:10581,Satellite,9.68699,-0.14677660869441173,0.03473952215830936,0.028070353511460755,Starforming,Elliptical,RG4
1237671123220168924,RG4,Lim:10574,Satellite,10.28066,0.09986115685840526,0.11574410409498148,0.10292379768152893,Quenched,Elliptical,RG4
1237665565541859681,RG4,Lim:10693,Satellite,10.18266,-0.021079757759797816,0.022145066267557873,0.007179843973076146,Quenched,Spiral,RG4
1237668310021898820,RG4,Lim:10485,Satellite,9.670843,-0.1848411427269139,0.001179980825202348,-0.0046812618314683585,Starforming,Uncertain,RG4
1237665015240589399,RG4,Lim:9869,Satellite,10.08337,0.008226176896798528,0.07915278609309828,0.06328886185448124,Starforming,Uncertain,RG4
1237674479735013541,RG4,Lim:10908,Satellite,10.28765,0.05898447772959352,0.07291722375425595,0.06029765271231393,Starforming,Elliptical,RG4
1237667966957584513,RG4,Lim:10929,Satellite,10.59282,0.12003830018504674,0.048828999880706464,0.051170851592203775,Starforming,Uncertain,RG4
1237674290756583782,RG4,Lim:10883,Satellite,10.80568,0.12003830018504674,-0.010558672503838462,0.009392949879651988,Quenched,Elliptical,RG4
1237674603216634080,RG4,Lim:9765,Satellite,9.557896,-0.012078550350336925,0.20545464420063853,0.20619340061364014,Starforming,Spiral,RG4
1237674599462273202,RG4,Lim:10990,Satellite,9.219453,-0.21220723669545014,0.09975112935248318,0.13020577085076548,Starforming,Spiral,RG4
1237665179521187909,RG4,Lim:9578,Satellite,10.90285,0.12003830018504674,-0.03766898033812491,-0.007718585266344502,Starforming,Spiral,RG4
1237667254016278705,RG4,Lim:11305,Satellite,9.965709,-0.033379164418814146,0.07037471584972985,0.055106564190110556,Starforming,Spiral,RG4
1237668349218390247,RG4,Lim:11076,Satellite,10.04902,-0.13479537313186118,-0.05428515712165041,-0.07016133453502817,Starforming,Spiral,RG4
1237665329311514810,RG4,Lim:10027,Satellite,9.588666,-0.2217262958376311,-0.012777892601475077,-0.01400167397206234,Starforming,Uncertain,RG4
1237674290756583895,RG4,Lim:10883,Satellite,10.20373,-0.15909778063256153,-0.12175146011522345,-0.13636098162199287,Starforming,Spiral,RG4
1237668496314663045,RG4,Lim:10806,Satellite,9.553067,-0.42704955844442327,-0.20816907896464523,-0.2071111404235827,Starforming,Spiral,RG4
1237668332034392412,RG4,Lim:11076,Satellite,9.249562,-0.24141432925928877,0.06214366364279175,0.08935069310862051,Starforming,Uncertain,RG4
1237671129130074248,RG4,Lim:10990,Satellite,10.64115,0.17741355266189243,0.09272024311981353,0.09854306771470976,Quenched,Spiral,RG4
1237665565541925108,RG4,Lim:10693,Satellite,9.565931,-0.1117810674162761,0.10351037223659783,0.10372476443716615,Starforming,Spiral,RG4
1237665566073749695,RG4,Lim:10929,Satellite,9.584412,-0.10071575008869796,0.10941951379917197,0.10845971764208262,Starforming,Spiral,RG4
1237674599462273168,RG4,Lim:10990,Satellite,10.59563,-0.059074962477950764,-0.1310682492494553,-0.12853232887312216,Quenched,Spiral,RG4
1237674602140139550,RG4,Lim:11078,Satellite,9.670757,-0.27817389220561206,-0.09212877476161832,-0.09798562352481971,Starforming,Spiral,RG4
1237674290756583884,RG4,Lim:10883,Satellite,9.835494,-0.19377293476141427,-0.05368923320397867,-0.06619810476448512,Starforming,Spiral,RG4
1237674603216699610,RG4,Lim:9765,Satellite,10.21569,0.09756027280667182,0.13156976836056364,0.11718785497371878,Starforming,Spiral,RG4
1237674648847450346,RG4,Lim:10247,Satellite,10.62606,0.11341619989012074,0.0329329813763361,0.03763631391372807,Starforming,Spiral,RG4
1237671260122055017,RG4,Lim:10574,Satellite,9.762287,0.008226176896798528,0.16873453941568936,0.158745800164429,Starforming,Uncertain,RG4
1237668336321036598,RG4,Lim:10693,Satellite,10.63776,0.09756027280667182,0.013812769002559566,0.01938151690996462,Quenched,Elliptical,RG4
1237668349210919183,RG4,Lim:10673,Satellite,10.48547,0.05135398835050857,0.010095203081782717,0.005792453320304335,Starforming,Spiral,RG4
1237674649384386795,RG4,Lim:10247,Satellite,9.395709,-0.24141432925928877,0.02136883438419876,0.03448806947831243,Starforming,Spiral,RG4
1237662223535374354,RG4,Lim:10497,Satellite,10.98957,0.210659559924703,0.028757508429118978,0.06866887534368774,Quenched,Elliptical,RG4
1237667912733294684,RG4,Lim:10074,Satellite,10.44291,-0.05250706908668513,-0.08189166786341523,-0.08841364606658993,Quenched,Elliptical,RG4
1237674479735013527,RG4,Lim:10908,Satellite,9.680744,-0.059074962477950764,0.12418379452206812,0.1178231252861355,Starforming,Spiral,RG4
1237668331490050131,RG4,Lim:10673,Satellite,10.2493,-0.5617466441478661,-0.5371142963382406,-0.5507569394133699,Starforming,Spiral,RG4
1237668496314597534,RG4,Lim:10806,Satellite,10.03037,0.0383308008134032,0.12404434337614528,0.10822582140533982,Starforming,Spiral,RG4
1237664668436398267,RG4,Lim:10843,Satellite,10.43838,-0.027185968217908463,-0.055306702689922174,-0.062051012693906504,Starforming,Spiral,RG4
1237674479735013407,RG4,Lim:10908,Satellite,9.992251,-0.17177874325082548,-0.07543004761269836,-0.09098993924229841,Starforming,Spiral,RG4
1237655108898979844,CG4,HMCG:25,BGG,11.13696,-0.07594282963262874,-0.26109429419433317,-0.2604354824036437,Starforming,Spiral,Control4C
1237651533872496853,CG4,HMCG:27,BGG,10.94254,0.24319337424724807,0.08093528815068221,0.0900305807769011,Quenched,Elliptical,Control4C
1237651192431902873,CG4,HMCG:28,BGG,11.56605,0.12003830018504674,-0.1156394464752395,-0.14593023056876692,Quenched,Elliptical,Control4C
1237653664714391702,CG4,HMCG:33,BGG,10.91266,-0.00036000557862243517,-0.1590996565937239,-0.14901665443091328,Starforming,Spiral,Control4C
1237664093977182232,CG4,HMCG:42,BGG,11.30246,0.17741355266189243,-0.027225897374456604,-0.03649386075088551,Quenched,Elliptical,Control4C
1237664879949906003,CG4,HMCG:52,BGG,11.26873,0.21946008747208545,0.018792418402864913,0.011752433823533276,Quenched,Elliptical,Control4C
1237661382235652124,CG4,HMCG:61,BGG,11.04974,-0.17608941330805536,-0.3509705328963548,-0.34609606967048345,Starforming,Spiral,Control4C
1237661381699174422,CG4,HMCG:63,BGG,11.46481,0.17548977917257252,-0.048266736977423425,-0.06972555619298285,Quenched,Elliptical,Control4C
1237664336632741928,CG4,HMCG:73,BGG,11.06783,0.21243398995807833,0.035422733468048695,0.03948047691884901,Quenched,Spiral,Control4C
1237671260670525453,CG4,HMCG:80,BGG,11.12167,0.24319337424724807,0.059842340488609036,0.061290858470519266,Quenched,Spiral,Control4C
1237664670045765663,CG4,HMCG:82,BGG,11.14766,0.2365435592168414,0.05013214634952551,0.05022550242614732,Quenched,Elliptical,Control4C
1237671125379842213,CG4,HMCG:84,BGG,11.08672,0.16966679416987027,-0.009568800964364937,-0.0063960891628317695,Quenched,Elliptical,Control4C
1237667536399761464,CG4,HMCG:99,BGG,11.236,0.24319337424724807,0.04637973396706138,0.041401425907220485,Quenched,Elliptical,Control4C
1237654398613913710,CG4,HMCG:101,BGG,11.07611,0.23318020207101983,0.05519395754636758,0.05886781632390656,Quenched,Elliptical,Control4C
1237648721221910580,CG4,HMCG:106,BGG,10.88227,0.23148870508405484,0.07632754276124618,0.08733070072657403,Quenched,Elliptical,Control4C
1237648721759961111,CG4,HMCG:112,BGG,11.34712,0.09756027280667182,-0.11233798950337898,-0.12471723858336975,Quenched,Elliptical,Control4C
1237654602106732592,CG4,HMCG:117,BGG,11.07583,0.12003830018504674,-0.05791497372973903,-0.05422803011118976,Quenched,Elliptical,Control4C
1237654604791545887,CG4,HMCG:121,BGG,10.94604,0.09524713375865783,-0.06742308496123896,-0.05844887217930188,Quenched,Spiral,Control4C
1237664819818987529,CG4,HMCG:128,BGG,10.76637,0.12656094167438622,-0.014952743207266445,-0.0012217335617882852,Starforming,Spiral,Control4C
1237667431715766291,CG4,HMCG:131,BGG,11.29346,0.29154133501529506,0.0879616545817968,0.07929842863555248,Quenched,Elliptical,Control4C
1237662223525871655,CG4,HMCG:142,BGG,11.0522,0.29885896880742735,0.12368817886101541,0.12845335104860814,Quenched,Elliptical,Control4C
1237657628452388926,CG4,HMCG:154,BGG,11.10226,0.21420119955862366,0.0331357355767995,0.035555711254043304,Quenched,Elliptical,Control4C
1237661811196624933,CG4,HMCG:158,BGG,10.55154,-0.08287775240623109,-0.19909473686783585,-0.18358191150671035,Starforming,Spiral,Control4C
1237665126930055238,CG4,HMCG:165,BGG,11.34673,0.27037041250145794,0.06051807354086394,0.048166789916393005,Quenched,Elliptical,Control4C
1237665370120847454,CG4,HMCG:167,BGG,11.12404,0.19619691789081167,0.012566811470088507,0.01389433359620329,Quenched,Spiral,Control4C
1237658312939798567,CG4,HMCG:173,BGG,11.21403,0.12003830018504674,-0.07418832474240297,-0.07783811806091837,Starforming,NoGZ,Control4C
1237648722841043066,CG4,HMCG:175,BGG,11.07703,-0.033379164418814146,-0.21147374094731344,-0.20784292609827568,Starforming,NoGZ,Control4C
1237667733971337221,CG4,HMCG:188,BGG,11.0393,0.18878060169439917,0.01512881484540643,0.0204608918332094,Quenched,Elliptical,Control4C
1237657591934025821,CG4,HMCG:197,BGG,10.92494,0.2365435592168414,0.07635791145473925,0.08604494805347518,Quenched,Elliptical,Control4C
1237657627919319142,CG4,HMCG:206,BGG,11.02117,-0.00036000557862243517,-0.1718769454387612,-0.16577405255052552,Quenched,Spiral,Control4C
1237661435920646147,CG4,HMCG:214,BGG,10.9049,0.2672599868533754,0.10943409274028759,0.11976014725861223,Quenched,Elliptical,Control4C
1237665025446510622,CG4,HMCG:229,BGG,10.96543,0.1393198083248698,-0.02563362512827988,-0.01735064957066801,Quenched,Elliptical,Control4C
1237661949186474088,CG4,HMCG:231,BGG,11.16475,0.3003078152646575,0.11188401767370615,0.11105234209784282,Quenched,Elliptical,Control4C
1237661873482891334,CG4,HMCG:239,BGG,10.83799,0.06895429106965624,-0.08099280480712658,-0.06880130599146318,Quenched,Elliptical,Control4C
1237661418747461670,CG4,HMCG:259,BGG,11.19601,0.210659559924703,0.01855482924651672,0.015961485349818394,Quenched,Spiral,Control4C
1237667783918026937,CG4,HMCG:265,BGG,11.04929,0.005382592656735859,-0.16944553845142102,-0.1645511433126876,Starforming,Spiral,Control4C
1237655463774191677,CG4,HMCG:271,BGG,11.23055,0.3003078152646575,0.10413592435508617,0.09949132437676989,Quenched,Elliptical,Control4C
1237651273515794444,CG4,HMCG:276,BGG,11.14224,0.24319337424724807,0.057420178185204646,0.05780128024613013,Quenched,NoGZ,Control4C
1237661418750476311,CG4,HMCG:293,BGG,11.24418,0.210659559924703,0.012882706827703122,0.007398392153683181,Quenched,Elliptical,Control4C
1237667912217985078,CG4,HMCG:303,BGG,10.97365,0.2855971362609545,0.11967577990386785,0.12765525984236892,Quenched,Elliptical,Control4C
1237648704057573661,CG4,HMCG:309,BGG,11.09869,0.21946008747208545,0.03881499876605876,0.04140986971838151,Quenched,Spiral,Control4C
1237651735776460868,CG4,HMCG:315,BGG,11.11865,0.17548977917257252,-0.007505643008221097,-0.005903694839511031,Quenched,Elliptical,Control4C
1237667733988573256,CG4,HMCG:316,BGG,11.38284,0.2855971362609545,0.07149276614936717,0.056492723567218656,Quenched,Elliptical,Control4C
1237659131675213861,CG4,HMCG:322,BGG,11.00734,0.3003078152646575,0.1304193880275661,0.1370899072867167,Quenched,Elliptical,Control4C
1237661950272471286,CG4,HMCG:323,BGG,11.15991,0.18878060169439917,0.0009267246454253142,0.0003597565628259136,Quenched,Elliptical,Control4C
1237662198284157184,CG4,HMCG:330,BGG,11.17926,0.1496728826525962,-0.04045949904250673,-0.04209768981205084,Starforming,Spiral,Control4C
1237659163880849535,CG4,HMCG:337,BGG,11.11333,0.18878060169439917,0.006411621101068549,0.008281805459543878,Quenched,Spiral,Control4C
1237662238560682244,CG4,HMCG:341,BGG,11.57429,0.210659559924703,-0.025988464683081997,-0.05703966437178362,Quenched,Elliptical,Control4C
1237662697036251250,CG4,HMCG:354,BGG,11.38314,0.22293096484590827,0.008791269080892644,-0.006231282655329851,Quenched,Elliptical,Control4C
1237662306199666786,CG4,HMCG:360,BGG,11.07238,0.3003078152646575,0.12276078636429771,0.1266083608529321,Quenched,Elliptical,Control4C
1237665534931894451,CG4,HMCG:368,BGG,10.82897,-0.1269876415173383,-0.27587261274770847,-0.26346120130936634,Starforming,Spiral,Control4C
1237665535468765463,CG4,HMCG:369,BGG,10.71805,0.005382592656735859,-0.1304413069793891,-0.11593872686645271,NosSFR,Elliptical,Control4C
1237662504832270395,CG4,HMCG:373,BGG,11.12121,0.17741355266189243,-0.005883315094823066,-0.0044113726805776465,Quenched,Uncertain,Control4C
1237668272452862078,CG4,HMCG:374,BGG,11.33134,0.20529235111097974,-0.002747781828739443,-0.014006697848411354,Quenched,Elliptical,Control4C
1237662225165516860,CG4,HMCG:386,BGG,11.14546,0.24319337424724807,0.05704101617174018,0.05725149598794582,Quenched,Elliptical,Control4C
1237659329780121695,CG4,HMCG:393,BGG,11.45621,0.3003078152646575,0.07756396784627445,0.056811860171198325,Quenched,Elliptical,Control4C
1237662302453039177,CG4,HMCG:405,BGG,11.1572,0.09986115685840526,-0.08767361178793236,-0.08809330850325918,Starforming,Spiral,Control4C
1237667444048723983,Control4C,Lim:1,BGG,11.49787,0.3003078152646575,0.07265841210685631,0.048419388287877396,Quenched,NoGZ,Control4C
1237665531723317438,Control4C,Lim:3,BGG,11.52926,0.24319337424724807,0.011847730219059605,-0.015124295223331308,Quenched,Elliptical,Control4C
1237668293912690766,Control4C,Lim:5,BGG,11.31682,0.3003078152646575,0.09397744395087099,0.08372912871876359,Quenched,Elliptical,Control4C
1237654879665586207,Control4C,Lim:13,BGG,7.774354,0.21243398995807833,0.423236705970108,0.07883346094865598,Starforming,NoGZ,Control4C
1237667915955568662,Control4C,Lim:33,BGG,11.12697,0.3003078152646575,0.11633269496211746,0.11750991581750272,Quenched,Elliptical,Control4C
1237658612519141389,Control4C,Lim:37,BGG,11.35576,0.3003078152646575,0.08939217413587,0.07638978702683111,Quenched,Elliptical,Control4C
1237663789031948359,Control4C,Lim:39,BGG,11.27267,0.210659559924703,0.00952794727379,0.0022331218663262375,Quenched,Elliptical,Control4C
1237655742947262470,Control4C,Lim:40,BGG,11.50922,0.2855971362609545,0.0566112458817806,0.03139450555783285,Quenched,Elliptical,Control4C
1237667429563105338,Control4C,Lim:46,BGG,11.54672,0.3003078152646575,0.06690621820693854,0.0383747123478394,Quenched,Elliptical,Control4C
1237655743485575197,Control4C,Lim:50,BGG,11.4026,0.17548977917257252,-0.04094137397816269,-0.057441741122097545,Quenched,Elliptical,Control4C
1237665534931894336,Control4C,Lim:51,BGG,11.29295,0.13721892725478624,-0.06630069956788376,-0.07492988058375888,Quenched,Elliptical,Control4C
1237665428645740684,Control4C,Lim:61,BGG,11.32563,0.3003078152646575,0.09294004726185814,0.08208086908258921,Quenched,Elliptical,Control4C
1237661418212294705,Control4C,Lim:70,BGG,11.56045,0.3003078152646575,0.06528948080170077,0.03551191211977761,Quenched,Elliptical,Control4C
1237667537465704593,Control4C,Lim:71,BGG,11.4221,0.25779277210434204,0.0390654514807634,0.021049218465736652,Quenched,Elliptical,Control4C
1237667430630096945,Control4C,Lim:78,BGG,11.31101,0.3003078152646575,0.09466158410560027,0.08481220477984436,Quenched,Elliptical,Control4C
1237662197748006965,Control4C,Lim:79,BGG,11.36224,0.27037041250145794,0.0586917372586179,0.045217481185670205,Quenched,Elliptical,Control4C
1237662303519899658,Control4C,Lim:85,BGG,11.23959,0.23148870508405484,0.03425233448450887,0.02905271203475121,Quenched,Elliptical,Control4C
1237662262169174083,Control4C,Lim:94,BGG,11.45737,0.3003078152646575,0.07742737531968494,0.056580341507110055,Quenched,Elliptical,Control4C
1237664289935261729,Control4C,Lim:95,BGG,11.34219,0.18878060169439917,-0.020537142377645617,-0.032563910934026746,Quenched,Elliptical,Control4C
1237661465457590279,Control4C,Lim:96,BGG,11.47355,0.210659559924703,-0.014126110261839075,-0.036310130103239746,Quenched,Elliptical,Control4C
1237665016314593291,Control4C,Lim:99,BGG,11.51515,0.17548977917257252,-0.05419438162270207,-0.0799266690165209,Quenched,Elliptical,Control4C
1237654654171938965,Control4C,Lim:102,BGG,11.61971,0.17548977917257252,-0.06650654936426603,-0.10186158684006924,Quenched,Elliptical,Control4C
1237674371291414552,Control4C,Lim:106,BGG,11.09763,0.3003078152646575,0.11978754386741089,0.12243411832605536,Quenched,Elliptical,Control4C
1237661139033784336,Control4C,Lim:112,BGG,11.46054,0.3003078152646575,0.07705410091512518,0.05594702429441972,Quenched,Elliptical,Control4C
1237667734492086324,Control4C,Lim:120,BGG,11.51206,0.21946008747208545,-0.009860219092877043,-0.035323461165596204,Quenched,Elliptical,Control4C
1237661386003382291,Control4C,Lim:125,BGG,11.33993,0.24319337424724807,0.034141750097696905,0.02227581602752815,Quenched,Elliptical,Control4C
1237658300056666239,Control4C,Lim:129,BGG,11.35128,0.05898447772959352,-0.15140363364133036,-0.16408205323831448,Quenched,Elliptical,Control4C
1237665128538832901,Control4C,Lim:131,BGG,11.10472,0.12003830018504674,-0.06131683415489006,-0.05901805818708869,Quenched,Spiral,Control4C
1237664132091871249,Control4C,Lim:143,BGG,11.41464,0.17741355266189243,-0.04043533671310101,-0.057867514448182555,Quenched,Elliptical,Control4C
1237661434849132659,Control4C,Lim:146,BGG,11.35297,0.3003078152646575,0.08972070271275384,0.07692028945931517,Quenched,Elliptical,Control4C
1237665129099624455,Control4C,Lim:152,BGG,11.4028,0.24319337424724807,0.026738670660894,0.010222934068481487,Quenched,Elliptical,Control4C
1237667441898881043,Control4C,Lim:153,BGG,11.38099,0.3003078152646575,0.08642128668254495,0.07155986724156896,Quenched,Elliptical,Control4C
1237664093439852636,Control4C,Lim:154,BGG,11.21112,0.22979059425991835,0.03590662817072371,0.032429464376612066,Quenched,Elliptical,Control4C
1237665567691374612,Control4C,Lim:157,BGG,11.5771,0.25779277210434204,0.020813863876111394,-0.010498083303959349,Quenched,Elliptical,Control4C
1237661381704548424,Control4C,Lim:174,BGG,11.37591,0.20887785021412927,-0.0044104973032629,-0.018892887538389663,Quenched,Elliptical,Control4C
1237661463842521123,Control4C,Lim:180,BGG,11.46346,0.3003078152646575,0.07671026455508922,0.05536283368759867,Quenched,Spiral,Control4C
1237667782827638815,Control4C,Lim:189,BGG,11.36214,0.3003078152646575,0.08864091523962689,0.07517397049830504,Quenched,Elliptical,Control4C
1237658800967188670,Control4C,Lim:191,BGG,11.22635,0.3003078152646575,0.10463048350308307,0.1002411851706885,Quenched,Elliptical,Control4C
1237665023836815551,Control4C,Lim:200,BGG,11.20931,0.17548977917257252,-0.018181055474271124,-0.021551238616626278,Quenched,Elliptical,Control4C
1237665427567673462,Control4C,Lim:202,BGG,11.20673,0.210659559924703,0.01729252589734323,0.014074312528117805,Quenched,Elliptical,Control4C
1237668298739351591,Control4C,Lim:213,BGG,11.20034,0.18878060169439917,-0.0038339959149365777,-0.006678460630455352,Quenched,Elliptical,Control4C
1237655348895416343,Control4C,Lim:214,BGG,11.28859,0.24319337424724807,0.04018714692107023,0.03184803811914763,Quenched,Elliptical,Control4C
1237667322179616791,Control4C,Lim:224,BGG,11.381,0.29740527268129757,0.08351756657740411,0.0686553986701427,Quenched,Elliptical,Control4C
1237661850399539298,Control4C,Lim:226,BGG,11.38594,0.12003830018504674,-0.09443110167863361,-0.10966413888347556,Quenched,Elliptical,Control4C
1237661064956280853,Control4C,Lim:227,BGG,11.18863,0.3003078152646575,0.10907209566080878,0.1069027762880656,Quenched,Elliptical,Control4C
1237671991875600387,Control4C,Lim:242,BGG,11.25106,0.3003078152646575,0.10172082718236719,0.09580614744462154,Quenched,Spiral,Control4C
1237665440998031492,Control4C,Lim:243,BGG,11.2686,0.3003078152646575,0.0996554539785893,0.09262385346862434,Quenched,Elliptical,Control4C
1237667447802429573,Control4C,Lim:244,BGG,11.02581,0.3003078152646575,0.1282445052981601,0.1341530084547468,Quenched,Elliptical,Control4C
1237664671645171756,Control4C,Lim:273,BGG,11.23639,0.2855971362609545,0.08873757263131102,0.08373527957706459,Quenched,Elliptical,Control4C
1237651822716584014,Control4C,Lim:286,BGG,11.43347,0.27037041250145794,0.05030424961294455,0.031387974210903086,Quenched,Elliptical,Control4C
1237662198821683357,Control4C,Lim:288,BGG,11.40974,0.12003830018504674,-0.09723360351728338,-0.11428494363039982,Quenched,Elliptical,Control4C
1237662266463486279,Control4C,Lim:291,BGG,11.26915,0.09756027280667182,-0.10315685217734843,-0.11022393439599404,Quenched,Elliptical,Control4C
1237668331491819553,Control4C,Lim:292,BGG,11.07018,0.09986115685840526,-0.07742681725014654,-0.07347738433691035,Quenched,Elliptical,Control4C
1237662238014373973,Control4C,Lim:293,BGG,11.0616,0.24319337424724807,0.06691571382674738,0.07125813194733538,Quenched,Elliptical,Control4C
1237661950276468745,Control4C,Lim:307,BGG,11.45913,0.210659559924703,-0.012428123853716028,-0.033419420377689885,Quenched,Elliptical,Control4C
1237654879130222725,Control4C,Lim:308,BGG,11.21834,0.27037041250145794,0.07563627568642078,0.07172936671051619,Quenched,NoGZ,Control4C
1237667911138672682,Control4C,Lim:312,BGG,11.34827,0.17548977917257252,-0.034543898142286866,-0.04700569108205874,Quenched,Elliptical,Control4C
1237668294449823785,Control4C,Lim:313,BGG,11.17396,0.3003078152646575,0.11079952011345559,0.10945817100477004,Quenched,Spiral,Control4C
1237661433772245009,Control4C,Lim:329,BGG,11.33384,0.09524713375865783,-0.11308737962629763,-0.12452225813845196,Quenched,Elliptical,Control4C
1237665231058895036,Control4C,Lim:335,BGG,10.5609,0.3003078152646575,0.18298867041608785,0.19851249672344368,Quenched,Uncertain,Control4C
1237661069250789414,Control4C,Lim:336,BGG,11.29953,0.3003078152646575,0.09601337911012531,0.08694311101629548,Quenched,Elliptical,Control4C
1237659324412526601,Control4C,Lim:348,BGG,11.2559,0.17741355266189243,-0.021743355962375394,-0.02796340676423187,Quenched,Elliptical,Control4C
1237665442071969832,Control4C,Lim:350,BGG,11.23723,0.25779277210434204,0.06083429664509912,0.0557802959863572,Quenched,Elliptical,Control4C
1237655348355203084,Control4C,Lim:351,BGG,11.11448,0.17741355266189243,-0.005090842936246981,-0.00327842095697059,Quenched,Elliptical,Control4C
1237654654179737747,Control4C,Lim:387,BGG,11.33946,0.18878060169439917,-0.020215678931447573,-0.032048224255295216,Starforming,Spiral,Control4C
1237665567685804219,Control4C,Lim:402,BGG,11.386,0.0714113894018661,-0.14306507759249987,-0.1583026331086797,Quenched,Elliptical,Control4C
1237665548887195714,Control4C,Lim:403,BGG,11.33792,0.24319337424724807,0.03437843197566692,0.02265514541986352,Quenched,Elliptical,Control4C
1237662198818930724,Control4C,Lim:407,BGG,11.21267,0.3003078152646575,0.10624133329941635,0.10267231622163131,Quenched,Elliptical,Control4C
1237658493355557008,Control4C,Lim:412,BGG,11.16293,0.09986115685840526,-0.08834833176841399,-0.089080215266453,Quenched,Elliptical,Control4C
1237651272424226981,Control4C,Lim:428,BGG,11.39764,0.061498469643979516,-0.15434863270340698,-0.17046901704387887,Quenched,Spiral,Control4C
1237665442059714582,Control4C,Lim:436,BGG,11.29785,0.3003078152646575,0.09621120276932416,0.0872539320366991,Quenched,Elliptical,Control4C
1237671992947703853,Control4C,Lim:443,BGG,11.28958,0.09986115685840526,-0.10326164512408635,-0.1116664651887636,Quenched,Uncertain,Control4C
1237664667901624475,Control4C,Lim:444,BGG,11.14469,0.22979059425991835,0.04372890536154314,0.04398027309144556,Quenched,Elliptical,Control4C
1237667442435751974,Control4C,Lim:446,BGG,11.17889,0.3003078152646575,0.11021900187544936,0.10860161808064206,Quenched,Elliptical,Control4C
1237662528993951761,Control4C,Lim:470,BGG,11.32658,0.16376467280347848,-0.043714959768510614,-0.05464043584043249,Quenched,Elliptical,Control4C
1237668272988422262,Control4C,Lim:477,BGG,11.4202,0.3003078152646575,0.08180422377945856,0.06393723164766738,Quenched,Elliptical,Control4C
1237665564998697041,Control4C,Lim:479,BGG,11.28211,0.22979059425991835,0.027547401047793046,0.019636171485925086,Quenched,Elliptical,Control4C
1237651252053475553,Control4C,Lim:480,BGG,11.15717,0.20708880084982487,0.019557564768829944,0.01913949457553371,Quenched,Elliptical,Control4C
1237665549974306996,Control4C,Lim:481,BGG,11.25015,0.3003078152646575,0.10182798166443333,0.09597047558672062,Quenched,Elliptical,Control4C
1237665225702637600,Control4C,Lim:482,BGG,11.18094,0.210659559924703,0.02032935457040122,0.01859653016672133,Quenched,Elliptical,Control4C
1237665101680607314,Control4C,Lim:483,BGG,11.19968,0.3003078152646575,0.10777093409286409,0.10496485808431266,Quenched,Elliptical,Control4C
1237662224070868999,Control4C,Lim:484,BGG,11.10566,0.3003078152646575,0.11884199387731184,0.12109431046864622,Quenched,Spiral,Control4C
1237651823246639198,Control4C,Lim:510,BGG,11.49338,0.3003078152646575,0.0731871193865008,0.04933159730456743,Quenched,Spiral,Control4C
1237662636367478911,Control4C,Lim:521,BGG,11.2211,0.20887785021412927,0.013818717387551166,0.009746259647363559,Quenched,Spiral,Control4C
1237665023838060553,Control4C,Lim:526,BGG,11.11979,0.24319337424724807,0.06006371458342674,0.061607844169386,Quenched,Elliptical,Control4C
1237662267536179306,Control4C,Lim:555,BGG,11.41121,0.1496728826525962,-0.06777211675153302,-0.08493747577862809,Quenched,Uncertain,Control4C
1237658310794412097,Control4C,Lim:567,BGG,11.32565,0.24319337424724807,0.03582325120088692,0.024962678133717997,Quenched,Elliptical,Control4C
1237667782815842365,Control4C,Lim:568,BGG,11.39276,0.3003078152646575,0.08503534354637232,0.06928660021885286,Quenched,Elliptical,Control4C
1237662530070380591,Control4C,Lim:574,BGG,11.30377,0.3003078152646575,0.09551410987500458,0.0861575011574324,Quenched,Elliptical,Control4C
1237654879668338812,Control4C,Lim:576,BGG,11.30895,0.09756027280667182,-0.10784338886551068,-0.1175520681999982,Quenched,Elliptical,Control4C
1237659119877554250,Control4C,Lim:578,BGG,11.35056,0.24319337424724807,0.03289004444455218,0.02026351850710356,Quenched,Elliptical,Control4C
1237667323787214943,Control4C,Lim:581,BGG,11.47065,0.12003830018504674,-0.10440588868502115,-0.12634850079594948,Quenched,Elliptical,Control4C
1237667783387185210,Control4C,Lim:583,BGG,11.34144,0.210659559924703,0.0014301299862291283,-0.010543212100822208,Quenched,Elliptical,Control4C
1237651821097779392,Control4C,Lim:587,BGG,11.14635,0.18878060169439917,0.0025234441803871355,0.002686595852344903,Quenched,Elliptical,Control4C
1237667444585594903,Control4C,Lim:590,BGG,11.20995,0.210659559924703,0.016913363883878985,0.013505387838299882,Quenched,NoGZ,Control4C
1237653614794178648,Control4C,Lim:609,BGG,11.4407,0.18878060169439917,-0.03213690944173764,-0.05163170492837263,Quenched,Spiral,Control4C
1237668365313441805,Control4C,Lim:623,BGG,11.32487,0.210659559924703,0.0033812835772554506,-0.007424916181872854,Quenched,Elliptical,Control4C
1237667910587056147,Control4C,Lim:624,BGG,11.28545,0.25779277210434204,0.05515628661738081,0.047024997697298815,Quenched,Elliptical,Control4C
1237662238021714264,Control4C,Lim:626,BGG,11.26967,-0.021079757759797816,-0.2218581138764272,-0.22895876808033958,Quenched,Spiral,Control4C
1237664668437119003,Control4C,Lim:629,BGG,11.22914,0.3003078152646575,0.10430195492619942,0.09974324465716583,Quenched,Elliptical,Control4C
1237658612519272452,Control4C,Lim:631,BGG,11.14175,0.09986115685840526,-0.08585434063637194,-0.08544735810141645,Quenched,Elliptical,Control4C
1237671932820193349,Control4C,Lim:634,BGG,11.31646,0.2625521760248259,0.05626419549515349,0.04604068960489527,Quenched,Elliptical,Control4C
1237667446192537678,Control4C,Lim:640,BGG,11.10541,0.3003078152646575,0.11887143192183561,0.12113611268023233,Quenched,Elliptical,Control4C
1237662662678151230,Control4C,Lim:642,BGG,10.62055,0.24319337424724807,0.11885031197533978,0.13425453330369957,NosSFR,NoGZ,Control4C
1237658205573808201,Control4C,Lim:643,BGG,10.59084,-0.00036000557862243517,-0.1212046506393423,-0.10569986268885961,Quenched,Spiral,Control4C
1237655495981793339,Control4C,Lim:689,BGG,11.20953,0.210659559924703,0.016962819798678502,0.01357964960423022,Starforming,Spiral,Control4C
1237657873254907914,Control4C,Lim:691,BGG,11.29513,0.3003078152646575,0.09653148869374129,0.08775661450681166,Quenched,Elliptical,Control4C
1237661137958666357,Control4C,Lim:693,BGG,11.28956,0.12003830018504674,-0.08308214675388287,-0.0914856384242248,Quenched,Elliptical,Control4C
1237665227848548397,Control4C,Lim:697,BGG,11.14472,0.0714113894018661,-0.1146538320618518,-0.1144040563444282,Quenched,Spiral,Control4C
1237668670253105171,Control4C,Lim:699,BGG,11.27911,0.210659559924703,0.008769623246861286,0.0010551752264365832,Quenched,Elliptical,Control4C
1237671931746058262,Control4C,Lim:704,BGG,10.89185,0.24319337424724807,0.08690414605829386,0.09762642624664694,NosSFR,Elliptical,Control4C
1237668310555033613,Control4C,Lim:705,BGG,11.28377,0.13085557337224013,-0.07158308845552225,-0.0796035603101844,Starforming,Spiral,Control4C
1237664338253119517,Control4C,Lim:708,BGG,11.31627,0.24319337424724807,0.03692776663141362,0.02671734974442816,Quenched,Elliptical,Control4C
1237659133289627743,Control4C,Lim:711,BGG,11.26954,0.24319337424724807,0.04243032591377102,0.03533806704275963,Quenched,Elliptical,Control4C
1237668367999172911,Control4C,Lim:712,BGG,11.23287,0.09986115685840526,-0.09658391910434548,-0.10137023997142201,Quenched,Elliptical,Control4C
1237661463307878522,Control4C,Lim:713,BGG,11.33054,0.2625521760248259,0.05460624482758253,0.04340351513721355,Quenched,Elliptical,Control4C
1237654030863892549,Control4C,Lim:714,BGG,11.17597,0.3003078152646575,0.11056283823548554,0.10910921809236032,Quenched,Elliptical,Control4C
1237667253461254252,Control4C,Lim:715,BGG,11.12223,0.09756027280667182,-0.08585670217170019,-0.08443672721461803,Quenched,Spiral,Control4C
1237663917339771127,Control4C,Lim:716,BGG,11.20321,0.210659559924703,0.017707013564235957,0.014695149231439386,Quenched,Elliptical,Control4C
1237667486455300162,Control4C,Lim:717,BGG,11.15364,0.24319337424724807,0.056077803354927014,0.05585054142773385,Quenched,Elliptical,Control4C
1237651496830501001,Control4C,Lim:718,BGG,11.20775,0.17548977917257252,-0.0179973620764437,-0.02127558318596942,Quenched,Elliptical,Control4C
1237665225693855754,Control4C,Lim:724,BGG,11.01576,0.3003078152646575,0.12942791468801007,0.13575495020406816,Quenched,Elliptical,Control4C
1237664814988328970,Control4C,Lim:725,BGG,10.95874,0.1393198083248698,-0.024845863056827594,-0.01632047896960409,Quenched,Elliptical,Control4C
1237654601571106901,Control4C,Lim:726,BGG,10.77422,0.01941624484406951,-0.12302179463562515,-0.10943645437164992,Starforming,NoGZ,Control4C
1237662264319279158,Control4C,Lim:727,BGG,10.92415,0.061498469643979516,-0.09859415389742793,-0.088881225612466,Starforming,Elliptical,Control4C
1237674649384124427,Control4C,Lim:774,BGG,11.32287,0.234865136540417,0.027822364549158568,0.01715532728780042,Quenched,Elliptical,Control4C
1237667210504896683,Control4C,Lim:780,BGG,11.28804,0.210659559924703,0.0077180962964769895,-0.0005845452836033826,Quenched,Elliptical,Control4C
1237665329323376654,Control4C,Lim:784,BGG,11.26417,0.24319337424724807,0.04306265511013857,0.03631582690340726,Quenched,Elliptical,Control4C
1237667781239636022,Control4C,Lim:786,BGG,11.21133,0.09756027280667182,-0.0963484212399228,-0.09983801670373385,Quenched,Spiral,Control4C
1237667254008807454,Control4C,Lim:788,BGG,11.07938,0.20167700383058246,0.02330570968356102,0.02682622121589545,Quenched,Elliptical,Control4C
1237662263783522317,Control4C,Lim:789,BGG,11.19316,0.24319337424724807,0.051424237276631035,0.04899523768738773,Quenched,Elliptical,Control4C
1237660670888837190,Control4C,Lim:790,BGG,11.23907,0.2734587195397252,0.0762835800727884,0.07111608787591156,Quenched,Elliptical,Control4C
1237662662681559181,Control4C,Lim:793,BGG,10.84426,0.09986115685840526,-0.05082424517503033,-0.038790030682664164,NosSFR,NoGZ,Control4C
1237655501884293289,Control4C,Lim:795,BGG,11.20605,0.25779277210434204,0.06450580955808666,0.0613275480730974,Quenched,Elliptical,Control4C
1237670965383856174,Control4C,Lim:796,BGG,11.20251,0.17548977917257252,-0.0173803406632283,-0.020351305815724946,Quenched,Elliptical,Control4C
1237665024911999057,Control4C,Lim:801,BGG,11.0082,0.3003078152646575,0.1303181211544047,0.13695385738677895,Quenched,Spiral,Control4C
1237667550347460633,Control4C,Lim:802,BGG,11.09057,0.25779277210434204,0.07810383108444291,0.08109212839743063,Quenched,Elliptical,Control4C
1237671930134790189,Control4C,Lim:804,BGG,10.60775,-0.1983087080057814,-0.32114454239807966,-0.30568701848900215,NosSFR,Elliptical,Control4C
1237651822173552694,Control4C,Lim:805,BGG,10.53046,0.06648321213101471,-0.04725155641635741,-0.03179307923801743,Starforming,Spiral,Control4C
1237667734496804876,Control4C,Lim:841,BGG,11.45108,0.18878060169439917,-0.03335917705035882,-0.05369296917015359,Quenched,Elliptical,Control4C
1237667550342086696,Control4C,Lim:844,BGG,11.35125,0.18878060169439917,-0.021603977111182032,-0.034280233518362235,Quenched,Elliptical,Control4C
1237654880211107970,Control4C,Lim:847,BGG,12.45344,0.17741355266189243,-0.16275629931769844,-0.31089280348170933,Quenched,Elliptical,Control4C
1237667735577886774,Control4C,Lim:859,BGG,11.2691,0.12003830018504674,-0.0806729371900688,-0.0877367926466725,Quenched,Elliptical,Control4C
1237674650460422277,Control4C,Lim:864,BGG,11.23772,0.210659559924703,0.01364338589819386,0.008559192435607793,Quenched,Elliptical,Control4C
1237667735062577233,Control4C,Lim:867,BGG,11.27175,0.22119899355214404,0.020175712905077886,0.012940521524446608,Quenched,Elliptical,Control4C
1237667253472264286,Control4C,Lim:871,BGG,11.20764,0.27037041250145794,0.07689622399203222,0.07362447891873619,Quenched,Elliptical,Control4C
1237655124465484020,Control4C,Lim:883,BGG,11.15086,0.24319337424724807,0.056405154410029745,0.05632735230934838,Quenched,Elliptical,Control4C
1237665370118291481,Control4C,Lim:885,BGG,11.04315,0.09756027280667182,-0.07654485992798485,-0.071380369690101,Quenched,Elliptical,Control4C
1237660634386071585,Control4C,Lim:886,BGG,10.94519,0.09292160846959709,-0.06964852089891939,-0.06064479920215958,Quenched,Elliptical,Control4C
1237671123767722047,Control4C,Lim:887,BGG,11.02258,0.3003078152646575,0.12862484483340544,0.13466887659567842,Quenched,Spiral,Control4C
1237663916801785873,Control4C,Lim:888,BGG,11.08905,0.3003078152646575,0.12079785755546196,0.12385912588638134,Quenched,Elliptical,Control4C
1237651735234478128,Control4C,Lim:889,BGG,10.98186,0.3003078152646575,0.13341971352541473,0.1410898504425722,Quenched,Elliptical,Control4C
1237662224077160482,Control4C,Lim:962,BGG,11.28625,0.17741355266189243,-0.02531713456754439,-0.03350128495434329,Quenched,Spiral,Control4C
1237667430105677867,Control4C,Lim:974,BGG,11.29294,0.17741355266189243,-0.026104896638996677,-0.034733410346867166,Quenched,Spiral,Control4C
1237662664291582035,Control4C,Lim:975,BGG,11.31987,0.12003830018504674,-0.08665121527192807,-0.09711020008374222,Quenched,Spiral,Control4C
1237657878614638619,Control4C,Lim:984,BGG,11.22941,0.3003078152646575,0.10427016183811388,0.09969501878888964,Quenched,Elliptical,Control4C
1237665567692292189,Control4C,Lim:985,BGG,11.22783,0.27037041250145794,0.07451880751630352,0.07003973127248464,Quenched,Elliptical,Control4C
1237671124305051659,Control4C,Lim:988,BGG,11.20591,0.24319337424724807,0.04992289700592592,0.04675285561814044,Quenched,Elliptical,Control4C
1237651274035363888,Control4C,Lim:993,BGG,11.20951,0.24319337424724807,0.04949898916478557,0.046116999795782654,Quenched,Elliptical,Control4C
1237667430096437433,Control4C,Lim:996,BGG,11.1585,0.09756027280667182,-0.09012757367118876,-0.09061783269135709,Quenched,Spiral,Control4C
1237664291548823600,Control4C,Lim:998,BGG,11.23688,0.1496728826525962,-0.047244379544313514,-0.05227682746401863,Starforming,Uncertain,Control4C
1237664291011952787,Control4C,Lim:1001,BGG,11.1359,0.29885896880742735,0.11383232155450324,0.11454657595776402,Quenched,Elliptical,Control4C
1237659330848751701,Control4C,Lim:1004,BGG,11.13443,0.09756027280667182,-0.08729327874445345,-0.08650230834471931,Quenched,Elliptical,Control4C
1237665127991279701,Control4C,Lim:1005,BGG,11.19219,0.210659559924703,0.01900464256683773,0.016631406937977405,Quenched,Elliptical,Control4C
1237661137419108367,Control4C,Lim:1006,BGG,10.98776,0.09756027280667182,-0.07002256678332872,-0.06257857149175927,Quenched,Elliptical,Control4C
1237664668424470655,Control4C,Lim:1007,BGG,10.95312,0.210659559924703,0.04715565578389691,0.055881489166110715,Quenched,Elliptical,Control4C
1237658919069614163,Control4C,Lim:1088,BGG,11.17758,0.09756027280667182,-0.09237428522923247,-0.09391810251356983,Quenched,Spiral,Control4C
1237665550499315738,Control4C,Lim:1090,BGG,11.28895,0.24319337424724807,0.04014475613695612,0.03178176278280778,Quenched,Spiral,Control4C
1237667254552690706,Control4C,Lim:1093,BGG,11.26461,0.24319337424724807,0.04301084415177703,0.036235812472197176,Quenched,Elliptical,Control4C
1237663547981103226,Control4C,Lim:1104,BGG,11.26954,0.027623555056661857,-0.1731394932768152,-0.18023175214782658,Starforming,Spiral,Control4C
1237667536938139700,Control4C,Lim:1109,BGG,11.09945,0.18878060169439917,0.008046021333020681,0.010603758100037664,Quenched,Elliptical,Control4C
1237662640121643136,Control4C,Lim:1110,BGG,11.24171,0.24319337424724807,0.045707369030141776,0.040376496074168655,Quenched,Elliptical,Control4C
1237651538169823297,Control4C,Lim:1118,BGG,11.29808,0.3003078152646575,0.09618411976836241,0.08721139452874485,Quenched,Elliptical,Control4C
1237651736314773623,Control4C,Lim:1122,BGG,11.254,0.09986115685840526,-0.09907202262748284,-0.10517193891967304,Quenched,Elliptical,Control4C
1237654880740769908,Control4C,Lim:1124,BGG,11.20488,0.3003078152646575,0.10715862276677274,0.10404900226960487,Quenched,NoGZ,Control4C
1237671931209318418,Control4C,Lim:1131,BGG,11.16538,0.3003078152646575,0.11180983380150647,0.11094354367961579,Quenched,Elliptical,Control4C
1237663916268257306,Control4C,Lim:1134,BGG,11.26237,0.27037041250145794,0.07045164728491848,0.06382001110099517,Quenched,Elliptical,Control4C
1237665548363956317,Control4C,Lim:1142,BGG,11.06118,0.27499467645034026,0.09876647194463928,0.10312795289647739,Quenched,Uncertain,Control4C
1237657608573943931,Control4C,Lim:1143,BGG,11.05748,0.25136466260322154,0.07557214115647037,0.08010085403187234,Quenched,Elliptical,Control4C
1237651274036871335,Control4C,Lim:1145,BGG,11.04696,0.09524713375865783,-0.07930663477453893,-0.07430933514084749,Quenched,NoGZ,Control4C
1237658917459918871,Control4C,Lim:1259,BGG,11.26435,0.24319337424724807,0.04304145971808149,0.03628309588385001,Quenched,Elliptical,Control4C
1237661951320588304,Control4C,Lim:1264,BGG,11.2579,0.21243398995807833,0.013041576977621594,0.006694709322671327,Starforming,Elliptical,Control4C
1237661137421271080,Control4C,Lim:1270,BGG,11.16936,0.2672599868533754,0.07829335172140828,0.07720753999317415,Quenched,Elliptical,Control4C
1237667914345676902,Control4C,Lim:1272,BGG,11.15215,0.3003078152646575,0.11336769511769712,0.11322062793932386,Quenched,Elliptical,Control4C
1237668496310665265,Control4C,Lim:1274,BGG,11.13548,0.210659559924703,0.025682368586578602,0.026418562170109683,Quenched,Elliptical,Control4C
1237662224066347141,Control4C,Lim:1275,BGG,11.20993,0.09756027280667182,-0.0961835681905904,-0.09959036263647153,Starforming,Spiral,Control4C
1237665128011464753,Control4C,Lim:1278,BGG,11.326,0.09986115685840526,-0.1075501794502891,-0.11843516902390765,Quenched,Spiral,Control4C
1237660636533030975,Control4C,Lim:1282,BGG,11.0163,0.210659559924703,0.039716073171884636,0.04602085705453973,Quenched,Spiral,Control4C
1237667431717666856,Control4C,Lim:1283,BGG,11.0718,0.24319337424724807,0.06571464161018326,0.0695891129863365,Quenched,Elliptical,Control4C
1237664289399373970,Control4C,Lim:1286,BGG,11.15578,0.18878060169439917,0.001413041140955723,0.0010702421695967246,Quenched,Elliptical,Control4C
1237662198284025951,Control4C,Lim:1289,BGG,11.03279,0.27037041250145794,0.09748519233186065,0.10309753504089461,Quenched,Elliptical,Control4C
1237661356464865320,Control4C,Lim:1295,BGG,10.79469,-0.009119148331831268,-0.1539675748971209,-0.1407888052299227,Starforming,Spiral,Control4C
1237661139030900754,Control4C,Lim:1296,BGG,10.96291,0.06895429106965624,-0.09570240689469538,-0.08732763620571303,Quenched,Elliptical,Control4C
1237659325492559961,Control4C,Lim:1297,BGG,10.96657,0.08110344385726691,-0.08398422707891069,-0.07574297018145658,Starforming,Spiral,Control4C
1237662698108878945,Control4C,Lim:1298,BGG,11.08843,0.3003078152646575,0.12087086390588053,0.12396183558342241,Quenched,Elliptical,Control4C
1237648705115848765,Control4C,Lim:1300,BGG,10.93675,0.3003078152646575,0.1387315142792589,0.14802462861219806,Quenched,Elliptical,Control4C
1237659132751642708,Control4C,Lim:1302,BGG,10.61965,0.1287135660717291,0.004476480760105844,0.01988494351230974,Quenched,Spiral,Control4C
1237668336860856428,Control4C,Lim:1404,BGG,11.32592,0.29885896880742735,0.09145705267298063,0.08057764501058987,Quenched,Elliptical,Control4C
1237662224596926539,Control4C,Lim:1436,BGG,11.11279,0.28108475193178795,0.0987793575146283,0.10067662301873284,Quenched,Spiral,Control4C
1237662263778672703,Control4C,Lim:1437,BGG,11.22923,0.18878060169439917,-0.007235856340087415,-0.011800043455916981,Quenched,Elliptical,Control4C
1237661386013147354,Control4C,Lim:1443,BGG,11.28001,0.3003078152646575,0.09831190162653053,0.09053850624710877,Quenched,Elliptical,Control4C
1237665548350128144,Control4C,Lim:1447,BGG,11.26667,0.09524713375865783,-0.10517796582368795,-0.11208527838058231,Quenched,Elliptical,Control4C
1237662195056640025,Control4C,Lim:1451,BGG,11.24999,0.3003078152646575,0.10184682201292836,0.09599936055686537,Quenched,Elliptical,Control4C
1237664817674059896,Control4C,Lim:1455,BGG,11.19794,0.12439759440607599,-0.06793439797583274,-0.0706394598504042,Starforming,Spiral,Control4C
1237658800968761369,Control4C,Lim:1459,BGG,11.20826,0.2734587195397252,0.07991152467988094,0.0766032637389295,Quenched,Spiral,Control4C
1237651272425734156,Control4C,Lim:1464,BGG,11.21834,0.17548977917257252,-0.019244357642464627,-0.02315126661836922,Quenched,Elliptical,Control4C
1237655742946672691,Control4C,Lim:1466,BGG,11.16993,0.03567863566659506,-0.15335511820688608,-0.15447248848441492,Quenched,Spiral,Control4C
1237667911124582472,Control4C,Lim:1472,BGG,11.04241,0.23148870508405484,0.057470708961188166,0.06266751674168874,Quenched,Elliptical,Control4C
1237655469135692130,Control4C,Lim:1475,BGG,10.69678,0.05135398835050857,-0.0819653224575458,-0.06719132067889622,NosSFR,NoGZ,Control4C
1237665127453753361,Control4C,Lim:1480,BGG,11.09848,0.3003078152646575,0.11968745451603058,0.12229257684226774,Quenched,NoGZ,Control4C
1237667448340480021,Control4C,Lim:1482,BGG,11.04236,0.3003078152646575,0.12629570675069557,0.13149469632852473,Quenched,Elliptical,Control4C
1237661874014584882,Control4C,Lim:1483,BGG,11.05524,0.210659559924703,0.03513080335688362,0.03976014613457801,Quenched,Elliptical,Control4C
1237658205595107386,Control4C,Lim:1484,BGG,11.0971,0.24319337424724807,0.06273551150439172,0.0654078988791254,Quenched,Elliptical,Control4C
1237662306190229574,Control4C,Lim:1485,BGG,11.15739,0.29885896880742735,0.11130182724725177,0.1108718272993163,Quenched,Elliptical,Control4C
1237674602676289621,Control4C,Lim:1486,BGG,11.02004,0.24319337424724807,0.0718094943483561,0.07795942735092282,Quenched,Elliptical,Control4C
1237654670812774584,Control4C,Lim:1488,BGG,10.96487,0.04358703111597816,-0.12130046111743856,-0.11299703605723038,Starforming,Spiral,Control4C
1237657606426722319,Control4C,Lim:1490,BGG,11.0163,0.18878060169439917,0.0178371149415808,0.024141898824235897,Quenched,Spiral,Control4C
1237665372258828375,Control4C,Lim:1492,BGG,11.04306,-0.0691168562521512,-0.24321139129077932,-0.23804296784489687,Starforming,Spiral,Control4C
1237655123940606085,Control4C,Lim:1494,BGG,10.80571,0.030325216163527402,-0.115820839404364,-0.10287693945034468,Starforming,Spiral,Control4C
1237663916801786001,Control4C,Lim:1496,BGG,11.08385,0.17548977917257252,-0.0034078672105314067,-9.857163243806588e-05,Quenched,Uncertain,Control4C
1237660671429967884,Control4C,Lim:1497,BGG,10.9591,0.23148870508405484,0.06728064291824354,0.07579308762214332,Quenched,Elliptical,Control4C
1237665129087565860,Control4C,Lim:1498,BGG,10.56369,-0.00036000557862243517,-0.11800767900407573,-0.10248213583085819,Starforming,Spiral,Control4C
1237667730193711133,Control4C,Lim:1499,BGG,10.88381,-0.062396561398671085,-0.21773906207574537,-0.2067804850285665,Quenched,Spiral,Control4C
1237654391639376175,Control4C,Lim:1599,BGG,11.28539,0.0383308008134032,-0.1642986195428722,-0.17242594623101246,Quenched,Elliptical,Control4C
1237661381704024168,Control4C,Lim:1600,BGG,11.47509,0.2855971362609545,0.06063012772014681,0.038317596928585634,Quenched,Spiral,Control4C
1237654383585394819,Control4C,Lim:1616,BGG,11.2807,0.3003078152646575,0.09823065262364544,0.09041201370752205,Quenched,Elliptical,Control4C
1237659326026547328,Control4C,Lim:1619,BGG,11.34008,0.16966679416987027,-0.039402492806395045,-0.05127908714547433,Quenched,Elliptical,Control4C
1237668624622223408,Control4C,Lim:1659,BGG,11.04103,0.22979059425991835,0.05593509614282227,0.061192036942478906,Quenched,Elliptical,Control4C
1237655370904764519,Control4C,Lim:1664,BGG,11.26308,0.15576829454635008,-0.04423407471663646,-0.0509111120876784,Quenched,Elliptical,Control4C
1237662223543828509,Control4C,Lim:1670,BGG,11.24444,0.29740527268129757,0.09959780401799301,0.09409730487199933,Quenched,Elliptical,Control4C
1237668367999565875,Control4C,Lim:1678,BGG,11.17749,0.27037041250145794,0.0804464521615822,0.07890768325809133,Starforming,Elliptical,Control4C
1237663786885906494,Control4C,Lim:1698,BGG,11.20225,0.09756027280667182,-0.09527923146282435,-0.09823501699439346,Quenched,Elliptical,Control4C
1237661070324858896,Control4C,Lim:1714,BGG,11.05568,0.22979059425991835,0.05421002673373723,0.058819639423968756,Quenched,Uncertain,Control4C
1237667430641696902,Control4C,Lim:1716,BGG,11.07681,-0.05250706908668513,-0.23057574013600357,-0.22693462507631154,Quenched,Elliptical,Control4C
1237661950254448667,Control4C,Lim:1718,BGG,11.09958,0.2855971362609545,0.10484724811642368,0.10739862765111746,Quenched,Elliptical,Control4C
1237648704600735996,Control4C,Lim:1719,BGG,11.11632,0.24319337424724807,0.06047231464141478,0.062192063264627145,Quenched,Elliptical,Control4C
1237665530649641061,Control4C,Lim:1722,BGG,11.06634,0.22979059425991835,0.05295478851524962,0.057080941767454596,Quenched,Elliptical,Control4C
1237662239091916881,Control4C,Lim:1729,BGG,11.00939,0.210659559924703,0.040529740722517776,0.0471172345247714,Quenched,Elliptical,Control4C
1237667783903346738,Control4C,Lim:1731,BGG,11.11342,0.24319337424724807,0.06081379595788894,0.06267946417898962,Quenched,Elliptical,Control4C
1237667736128847901,Control4C,Lim:1732,BGG,11.02827,0.27037041250145794,0.09801743217684805,0.10382207031383367,Quenched,Spiral,Control4C
1237661418750279689,Control4C,Lim:1733,BGG,11.08983,0.24319337424724807,0.06359156983913894,0.06661541911723257,Quenched,Elliptical,Control4C
1237661949711220906,Control4C,Lim:1737,BGG,11.10325,0.09524713375865783,-0.08593490487947987,-0.08356363762541473,Quenched,Elliptical,Control4C
1237655473429741692,Control4C,Lim:1739,BGG,11.15607,0.3003078152646575,0.11290610657956668,0.11254761824190673,Quenched,Elliptical,Control4C
1237667430105022514,Control4C,Lim:1740,BGG,11.16872,0.18878060169439917,-0.00011067204358752858,-0.0011610853005757926,Quenched,Elliptical,Control4C
1237659326567612655,Control4C,Lim:1744,BGG,11.06179,0.3003078152646575,0.12400778193031886,0.12834157104772856,Quenched,Uncertain,Control4C
1237668349214785653,Control4C,Lim:1746,BGG,11.06379,0.3003078152646575,0.12377227757412995,0.12801503322037958,Quenched,Elliptical,Control4C
1237655743482757156,Control4C,Lim:1747,BGG,11.03875,0.3003078152646575,0.1267207921136168,0.1320766985364267,Quenched,Elliptical,Control4C
1237662531137568810,Control4C,Lim:1749,BGG,11.07097,0.20887785021412927,0.0314968518848828,0.035409759699553595,Quenched,Elliptical,Control4C
1237662303514525759,Control4C,Lim:1750,BGG,11.05078,0.29885896880742735,0.12385538695390957,0.12868371389889982,Quenched,Spiral,Control4C
1237661851473477744,Control4C,Lim:1751,BGG,10.98599,0.22979059425991835,0.06241617602514518,0.06992835070112521,Quenched,Spiral,Control4C
1237658802572099605,Control4C,Lim:1753,BGG,10.92778,0.3003078152646575,0.1397877513167668,0.1493812338275561,Quenched,Spiral,Control4C
1237667293188718632,Control4C,Lim:1757,BGG,10.96111,0.21243398995807833,0.04798924591429701,0.056429226185835846,Starforming,NoGZ,Control4C
1237663915730272527,Control4C,Lim:1758,BGG,10.90003,0.0383308008134032,-0.1189216401923642,-0.10844588621970289,Quenched,Elliptical,Control4C
1237665549437960520,Control4C,Lim:1759,BGG,10.86931,0.24319337424724807,0.0895582801525445,0.10092795202767052,Quenched,Elliptical,Control4C
1237657220414308527,Control4C,Lim:1939,BGG,11.32032,0.24319337424724807,0.03645087031013064,0.025960730515113828,Quenched,Spiral,Control4C
1237662665890005019,Control4C,Lim:1948,BGG,11.30329,0.09986115685840526,-0.10487602748576234,-0.11420013710679718,Quenched,Elliptical,Control4C
1237661357535461419,Control4C,Lim:1949,BGG,11.25626,0.210659559924703,0.011460260516321291,0.005217409890362318,Quenched,NoGZ,Control4C
1237667549267492876,Control4C,Lim:1953,BGG,11.32985,0.2855971362609545,0.07773245406659623,0.06657813770374688,Quenched,Elliptical,Control4C
1237667734497722428,Control4C,Lim:1954,BGG,11.25876,0.210659559924703,0.011165880071084822,0.004764367815012466,Quenched,Elliptical,Control4C
1237673705043198070,Control4C,Lim:1977,BGG,11.30896,0.210659559924703,0.005254720730739404,-0.004454640668641818,Quenched,NoGZ,Control4C
1237655369826697298,Control4C,Lim:1996,BGG,11.29345,0.17548977917257252,-0.02808872373914484,-0.03675128190730251,Quenched,Elliptical,Control4C
1237662225140088842,Control4C,Lim:2009,BGG,11.24787,0.24319337424724807,0.044982015613079296,0.039267422630294535,Quenched,Elliptical,Control4C
1237654391103619080,Control4C,Lim:2018,BGG,11.21529,0.21946008747208545,0.0250850948002366,0.021360312529788067,Quenched,Elliptical,Control4C
1237661874027102309,Control4C,Lim:2021,BGG,11.14395,0.3003078152646575,0.11433326297807231,0.11462387408904678,Quenched,Elliptical,Control4C
1237671260671443039,Control4C,Lim:2025,BGG,11.08339,0.15576829454635008,-0.023075185834830342,-0.019744069375615514,Quenched,Elliptical,Control4C
1237659326018420756,Control4C,Lim:2038,BGG,11.12232,0.210659559924703,0.027231987250302486,0.028647372239478497,Quenched,Elliptical,Control4C
1237668293375950973,Control4C,Lim:2041,BGG,11.09771,0.2855971362609545,0.1050674446894605,0.10771012060986407,Quenched,Spiral,Control4C
1237655374647853180,Control4C,Lim:2051,BGG,11.10067,0.210659559924703,0.02978132190604918,0.03227933720700957,Quenched,Elliptical,Control4C
1237667142330548371,Control4C,Lim:2052,BGG,11.54541,0.1597848874207296,-0.07346245428368547,-0.10187597942438242,Starforming,Spiral,Control4C
1237651272962211930,Control4C,Lim:2055,BGG,11.09967,0.29740527268129757,0.1166447868407382,0.11919176430208073,Quenched,Elliptical,Control4C
1237662198286909631,Control4C,Lim:2064,BGG,11.10952,0.23148870508405484,0.04956836028926437,0.051629042997680785,Quenched,Spiral,Control4C
1237658491204665406,Control4C,Lim:2065,BGG,11.1178,0.17741355266189243,-0.005481780167520878,-0.003836799607293828,Quenched,Elliptical,Control4C
1237659161195249685,Control4C,Lim:2067,BGG,11.15442,0.2855971362609545,0.09838971866971963,0.0981203939981379,Quenched,Elliptical,Control4C
1237660343935041576,Control4C,Lim:2068,BGG,11.08276,0.2625521760248259,0.08378287951584495,0.0871438494472748,Quenched,Elliptical,Control4C
1237658800431104015,Control4C,Lim:2072,BGG,11.04993,0.09986115685840526,-0.07504233564373221,-0.07017629371851773,Quenched,Elliptical,Control4C
1237668293906530358,Control4C,Lim:2073,BGG,10.92852,0.09986115685840526,-0.06074604370127547,-0.05117706005216781,Starforming,Spiral,Control4C
1237655128762744915,Control4C,Lim:2074,BGG,11.04549,0.210659559924703,0.03627888709330532,0.041340851866316725,Quenched,Spiral,Control4C
1237665442070528055,Control4C,Lim:2077,BGG,10.92226,0.29740527268129757,0.13753520075648873,0.1473098390054663,Quenched,Spiral,Control4C
1237667429568086038,Control4C,Lim:2078,BGG,11.06702,0.12003830018504674,-0.056877577040726185,-0.052782618984598045,Quenched,Elliptical,Control4C
1237651752919105558,Control4C,Lim:2079,BGG,10.96925,0.210659559924703,0.0452563131512321,0.05339902278711253,Quenched,Elliptical,Control4C
1237661958300238042,Control4C,Lim:2080,BGG,10.96713,0.18878060169439917,0.023626989538488852,0.03184770918470009,Quenched,Elliptical,Control4C
1237665024374931478,Control4C,Lim:2081,BGG,11.01259,0.12003830018504674,-0.05046832598704093,-0.04401120715075682,Quenched,Spiral,Control4C
1237664131554541630,Control4C,Lim:2083,BGG,10.99175,0.17741355266189243,0.00936088188129472,0.01665012548446193,Quenched,Elliptical,Control4C
1237654604776407246,Control4C,Lim:2084,BGG,11.06732,0.2625521760248259,0.08560097314562448,0.08968215506582466,Quenched,Elliptical,Control4C
1237673705578758181,Control4C,Lim:2086,BGG,11.09334,0.23148870508405484,0.05147359053083389,0.054328360105693446,Quenched,Elliptical,Control4C
1237657117875372073,Control4C,Lim:2088,BGG,10.90979,0.18878060169439917,0.03037889943042918,0.040552440170767395,Quenched,Uncertain,Control4C
1237660635461779469,Control4C,Lim:2089,BGG,10.93703,0.3003078152646575,0.1386985436693924,0.14798216259713765,Starforming,Elliptical,Control4C
1237667255619420207,Control4C,Lim:2090,BGG,10.68942,0.056455848346987726,-0.07599680643029089,-0.061138596548396686,Starforming,Spiral,Control4C
1237654879669452830,Control4C,Lim:2091,BGG,11.07672,0.21243398995807833,0.03437591660478839,0.03802124410120822,Quenched,Spiral,Control4C
1237665549439795241,Control4C,Lim:2093,BGG,11.06496,0.2855971362609545,0.10892382852205634,0.11311315865755361,Quenched,Elliptical,Control4C
1237662263779197043,Control4C,Lim:2095,BGG,10.88029,0.3003078152646575,0.14537980225447597,0.15643995733884852,Quenched,Spiral,Control4C
1237651538179850261,Control4C,Lim:2252,BGG,11.37721,0.210659559924703,-0.002781865424212132,-0.017361024853319446,Quenched,NoGZ,Control4C
1237659324953854088,Control4C,Lim:2283,BGG,11.28551,0.24319337424724807,0.040549823629601245,0.03241457214575494,Quenched,Elliptical,Control4C
1237668296601174132,Control4C,Lim:2306,BGG,11.24391,0.24319337424724807,0.04544831423833379,0.039980799921004395,Quenched,Elliptical,Control4C
1237651191895752745,Control4C,Lim:2318,BGG,11.35979,0.18878060169439917,-0.022609580712109306,-0.03590497450309835,Quenched,Elliptical,Control4C
1237661949178216472,Control4C,Lim:2345,BGG,11.17039,0.2855971362609545,0.09650921638555005,0.09536635596931042,Quenched,Spiral,Control4C
1237648705135771804,Control4C,Lim:2355,BGG,11.19496,0.17548977917257252,-0.016491311718614593,-0.019024020609130332,Quenched,Elliptical,Control4C
1237659329773633700,Control4C,Lim:2376,BGG,11.294,0.3003078152646575,0.09666454865498808,0.08796524900438085,Quenched,Elliptical,Control4C
1237662696499314794,Control4C,Lim:2417,BGG,11.18717,0.09756027280667182,-0.09350352861715891,-0.09558955718994094,Quenched,Elliptical,Control4C
1237662267537948677,Control4C,Lim:2423,BGG,10.91405,-0.0899253200661028,-0.24882864660875553,-0.2387897670367351,Starforming,Spiral,Control4C
1237648721249435820,Control4C,Lim:2454,BGG,11.35226,0.21420119955862366,0.003697691053167085,-0.009051438360472924,Quenched,NoGZ,Control4C
1237668349207511099,Control4C,Lim:2456,BGG,11.15768,0.21946008747208545,0.0318687977802625,0.03142306543047657,Quenched,Spiral,Control4C
1237654609606148156,Control4C,Lim:2457,BGG,11.24583,0.2855971362609545,0.08762599207009869,0.08203886254768658,Starforming,Elliptical,Control4C
1237665355622121532,Control4C,Lim:2462,BGG,11.23132,0.210659559924703,0.014396999837998775,0.009705418189602466,Quenched,Spiral,Control4C
1237661124540956698,Control4C,Lim:2471,BGG,11.092,0.21946008747208545,0.03960276083751105,0.04252221336915368,Quenched,Elliptical,Control4C
1237655744023691333,Control4C,Lim:2477,BGG,11.12093,-0.08287775240623109,-0.2661416495530801,-0.2646554583378351,Starforming,Uncertain,Control4C
1237665129066070264,Control4C,Lim:2482,BGG,11.14531,0.12003830018504674,-0.06609639506374701,-0.06587794578350639,Starforming,Spiral,Control4C
1237667254005923865,Control4C,Lim:2485,BGG,11.10824,0.210659559924703,0.02888993791787345,0.031014319809343494,Starforming,Elliptical,Control4C
1237657606427246665,Control4C,Lim:2489,BGG,11.05915,0.12003830018504674,-0.05595086739912239,-0.05149747864065429,Starforming,Spiral,Control4C
1237648721754587439,Control4C,Lim:2491,BGG,11.07523,0.17741355266189243,-0.0004690699460365988,0.0032458882838764525,Quenched,Spiral,Control4C
1237665228385157136,Control4C,Lim:2494,BGG,10.84026,-0.17177874325082548,-0.321993136571883,-0.30985816273822553,Starforming,Spiral,Control4C
1237664294761529400,Control4C,Lim:2497,BGG,11.11291,0.210659559924703,0.028340035246172096,0.03023128504067296,Quenched,Elliptical,Control4C
1237671932283519102,Control4C,Lim:2498,BGG,11.01851,0.17741355266189243,0.006209833595485187,0.012423270517555596,Quenched,Elliptical,Control4C
1237667253995503631,Control4C,Lim:2499,BGG,11.11896,0.16966679416987027,-0.013365131186132556,-0.011778893756436454,Starforming,Elliptical,Control4C
1237671129667666121,Control4C,Lim:2500,BGG,11.13554,0.2855971362609545,0.10061287979214428,0.10134594020253312,Quenched,Elliptical,Control4C
1237665548887261266,Control4C,Lim:2501,BGG,11.10709,0.17548977917257252,-0.006144427829448212,-0.003962944991855233,Quenched,Elliptical,Control4C
1237667292114976785,Control4C,Lim:2503,BGG,11.19246,0.1393198083248698,-0.05236690212108108,-0.054755650966714725,Quenched,Elliptical,Control4C
1237662665889611790,Control4C,Lim:2504,BGG,11.12726,0.17741355266189243,-0.00659571577229498,-0.005433414187446112,Quenched,Elliptical,Control4C
1237665330395152439,Control4C,Lim:2510,BGG,11.00629,0.3003078152646575,0.1305430278145653,0.1372559222962631,Quenched,Elliptical,Control4C
1237662641734025605,Control4C,Lim:2519,BGG,11.11351,0.210659559924703,0.028269383939315357,0.030130535276440495,Quenched,Elliptical,Control4C
1237655743485051017,Control4C,Lim:2524,BGG,10.98935,0.26097149630715105,0.09320143075398019,0.10058393394547968,Quenched,Elliptical,Control4C
1237667781749309604,Control4C,Lim:2526,BGG,11.0266,0.1455612218657134,-0.02659511232147871,-0.020719903389626648,Quenched,Spiral,Control4C
1237657856065994762,Control4C,Lim:2530,BGG,11.1388,0.09986115685840526,-0.08550697171099307,-0.08494464584445681,Quenched,Spiral,Control4C
1237667324328738825,Control4C,Lim:2538,BGG,10.9268,0.14141026178025823,-0.01899440503309982,-0.009368555767227893,Quenched,Elliptical,Control4C
1237651250968199288,Control4C,Lim:2539,BGG,10.9962,0.12003830018504674,-0.04853836778807166,-0.04142344783588339,Quenched,Elliptical,Control4C
1237665428090454023,Control4C,Lim:2540,BGG,10.90084,0.1393198083248698,-0.018028011945154326,-0.00757700508972442,Starforming,Spiral,Control4C
1237658204514746432,Control4C,Lim:2543,BGG,10.9809,0.24319337424724807,0.07641831459897597,0.08412494393456907,Quenched,Uncertain,Control4C
1237671956981153874,Control4C,Lim:2547,BGG,10.96649,0.24319337424724807,0.07811512348531813,0.08635931191617946,Quenched,Elliptical,Control4C
1237661416603910214,Control4C,Lim:2548,BGG,11.00397,0.25619464247177454,0.08670304007486157,0.09350920329722243,Starforming,Elliptical,Control4C
1237667549272080451,Control4C,Lim:2549,BGG,10.9474,0.2855971362609545,0.12276677457884916,0.1316936345795634,Quenched,Spiral,Control4C
1237667211585650917,Control4C,Lim:2550,BGG,10.86703,0.12003830018504674,-0.03332831894360122,-0.02189576914546132,Quenched,Spiral,Control4C
1237654653642997820,Control4C,Lim:2554,BGG,11.05377,0.210659559924703,0.0353038990586825,0.03999902886795256,Starforming,Spiral,Control4C
1237671122692472846,Control4C,Lim:2689,BGG,11.35248,0.29885896880742735,0.08832955482278992,0.07556453961001022,Quenched,Elliptical,Control4C
1237665530651082852,Control4C,Lim:2832,BGG,11.23856,0.29740527268129757,0.100290186825189,0.09515418278248974,Starforming,Spiral,Control4C
1237662264320852078,Control4C,Lim:2838,BGG,11.35801,0.17741355266189243,-0.03376703086760777,-0.04693282273887575,Quenched,Spiral,Control4C
1237665440988463229,Control4C,Lim:2857,BGG,11.20517,0.10442667462051756,-0.08875666600901479,-0.09188328832309249,Starforming,Spiral,Control4C
1237651735235919946,Control4C,Lim:2892,BGG,11.12835,0.210659559924703,0.02652194161639257,0.027628097999054607,Quenched,Spiral,Control4C
1237665372795502619,Control4C,Lim:2904,BGG,10.77733,0.1496728826525962,0.006868633899027615,0.020394692223554056,Starforming,Spiral,Control4C
1237662302989451426,Control4C,Lim:2917,BGG,11.31032,0.3003078152646575,0.09474283310848533,0.08494062501525151,Quenched,Elliptical,Control4C
1237662199895556189,Control4C,Lim:2959,BGG,11.21689,0.16376467280347848,-0.030798723353321594,-0.034618940581422286,Quenched,Elliptical,Control4C
1237651496830238876,Control4C,Lim:2975,BGG,11.27564,0.28108475193178795,0.07960341531193427,0.07211554325829136,Quenched,Elliptical,Control4C
1237661210974945409,Control4C,Lim:2995,BGG,11.08855,0.09986115685840526,-0.07958992476174291,-0.07650469935384273,Starforming,Elliptical,Control4C
1237661949715808296,Control4C,Lim:2999,BGG,11.22226,0.24319337424724807,0.04799764889408026,0.04385540312332975,Quenched,Elliptical,Control4C
1237667324335882319,Control4C,Lim:3000,BGG,11.1427,0.03567863566659506,-0.15014872639737187,-0.1497919404314475,Quenched,Spiral,Control4C
1237667536920707358,Control4C,Lim:3008,BGG,10.82055,0.17932884207153257,0.03143534418071822,0.04404527234856748,Starforming,Uncertain,Control4C
1237654605856309257,Control4C,Lim:3017,BGG,11.16521,0.3003078152646575,0.11182985167178261,0.11097290558690923,Quenched,Elliptical,Control4C
1237648722834686048,Control4C,Lim:3025,BGG,11.00532,0.20348843952013962,0.03383787168279917,0.040589822496822414,Quenched,Elliptical,Control4C
1237660636001075217,Control4C,Lim:3027,BGG,11.0139,0.1597848874207296,-0.010875994104661918,-0.0044725198035690805,Quenched,Uncertain,Control4C
1237662199887036439,Control4C,Lim:3030,BGG,11.00008,0.17161647695175766,0.002582930527632421,0.009544366392431891,Quenched,Elliptical,Control4C
1237668315919876168,Control4C,Lim:3034,BGG,11.12014,0.2855971362609545,0.1024262633348002,0.10395261756739765,Quenched,Elliptical,Control4C
1237654390566748171,Control4C,Lim:3035,BGG,10.72243,-0.28368883398995764,-0.4200284881661366,-0.40558697792098636,Starforming,Spiral,Control4C
1237665536542179835,Control4C,Lim:3040,BGG,10.80764,0.0409668678813979,-0.10540644939021589,-0.0925048354678545,NosSFR,Spiral,Control4C
1237665128006615097,Control4C,Lim:3046,BGG,11.03854,0.12003830018504674,-0.05352399500859395,-0.048158997429637224,Quenched,Elliptical,Control4C
1237670964854718472,Control4C,Lim:3050,BGG,11.12451,0.210659559924703,0.026974109980275413,0.028277575631420387,Quenched,Elliptical,Control4C
1237655501889994832,Control4C,Lim:3053,BGG,11.0304,0.12003830018504674,-0.05256549227890461,-0.04685123662276583,Quenched,NoGZ,Control4C
1237667550878302344,Control4C,Lim:3059,BGG,11.07526,0.16966679416987027,-0.008219361003401676,-0.004505802715978141,Quenched,Spiral,Control4C
1237665330921013325,Control4C,Lim:3062,BGG,10.94599,0.1287135660717291,-0.033950765039262976,-0.02497481459534795,Starforming,Spiral,Control4C
1237664668975890441,Control4C,Lim:3067,BGG,11.11664,0.3003078152646575,0.11754907496183392,0.11925267462467296,Quenched,Elliptical,Control4C
1237655368760098952,Control4C,Lim:3072,BGG,11.06325,0.19619691789081167,0.019724966376455044,0.023992337394494023,Quenched,Elliptical,Control4C
1237670450523144332,Control4C,Lim:3085,BGG,11.05712,0.17741355266189243,0.0016634219992553712,0.006208338728851431,Quenched,Spiral,Control4C
1237671767461331011,Control4C,Lim:3092,BGG,10.95669,0.13085557337224013,-0.033068706044363405,-0.024469867047882538,Starforming,Spiral,Control4C
1237662246593429648,Control4C,Lim:3094,BGG,10.9632,-0.05250706908668513,-0.2171979151826841,-0.20883367841501446,Quenched,Spiral,Control4C
1237661383308083205,Control4C,Lim:3097,BGG,11.12932,0.210659559924703,0.026407722003640832,0.0274638222172999,Quenched,Elliptical,Control4C
1237657591393157289,Control4C,Lim:3103,BGG,11.10089,0.3003078152646575,0.11940367176682282,0.12189090302288946,Quenched,Elliptical,Control4C
1237665429705785489,Control4C,Lim:3110,BGG,11.1361,0.210659559924703,0.02560936223615981,0.026313163695997593,Quenched,Elliptical,Control4C
1237667550881841220,Control4C,Lim:3113,BGG,10.9428,0.21946008747208545,0.057171385809214936,0.06625772275596142,Quenched,Elliptical,Control4C
1237663546367082689,Control4C,Lim:3116,BGG,11.20022,0.17548977917257252,-0.017110688175391797,-0.019948170139603844,Quenched,Elliptical,Control4C
1237662224596271124,Control4C,Lim:3119,BGG,10.93395,0.09986115685840526,-0.06138543802832862,-0.05199776709320229,Quenched,Spiral,Control4C
1237667112793800780,Control4C,Lim:3125,BGG,11.02909,0.210659559924703,0.03821002281405553,0.04397991532365997,Quenched,Elliptical,Control4C
1237648721771888672,Control4C,Lim:3126,BGG,11.03809,0.24319337424724807,0.06968406753374978,0.07506853247390971,Quenched,Elliptical,Control4C
1237668289085898782,Control4C,Lim:3127,BGG,11.07976,0.2855971362609545,0.10718109628625716,0.11068372372748453,Quenched,Elliptical,Control4C
1237662263248224347,Control4C,Lim:3130,BGG,11.07161,0.24319337424724807,0.06573701452402123,0.06962029020708288,Quenched,Elliptical,Control4C
1237658312943665169,Control4C,Lim:3133,BGG,10.99619,0.3003078152646575,0.13173232481332,0.13884763855028923,Quenched,Elliptical,Control4C
1237665225703555117,Control4C,Lim:3135,BGG,11.07452,0.18878060169439917,0.010981583132917222,0.014729649121247801,Quenched,Elliptical,Control4C
1237667550348509249,Control4C,Lim:3136,BGG,10.92664,0.3003078152646575,0.13992198879979448,0.14955311402767027,Quenched,Spiral,Control4C
1237657775534702644,Control4C,Lim:3140,BGG,10.99073,0.17548977917257252,0.007557215613631291,0.014886159413160682,Quenched,Elliptical,Control4C
1237665128026800224,Control4C,Lim:3142,BGG,10.89457,0.210659559924703,0.05405004581133166,0.06469103595175918,Quenched,Elliptical,Control4C
1237658298999832594,Control4C,Lim:3143,BGG,10.87568,0.09524713375865783,-0.05913804171050775,-0.047946581315075745,Starforming,Elliptical,Control4C
1237665026522021948,Control4C,Lim:3147,BGG,10.943,0.210659559924703,0.04834730782621363,0.05742675154879509,Quenched,Elliptical,Control4C
1237662663754645539,Control4C,Lim:3156,BGG,10.92889,0.1393198083248698,-0.021330960540705934,-0.011774245250153997,Quenched,Spiral,Control4C
1237667539085557931,Control4C,Lim:3476,BGG,11.21524,0.1393198083248698,-0.05504929673807435,-0.058771100468230364,Starforming,Spiral,Control4C
1237667782826065948,Control4C,Lim:3602,BGG,11.09183,0.18878060169439917,0.008943292930100905,0.011870939678101738,Quenched,Spiral,Control4C
1237665103295610891,Control4C,Lim:3607,BGG,11.35253,0.29740527268129757,0.08686997108775543,0.07410134484391295,Quenched,Elliptical,Control4C
1237667209986113541,Control4C,Lim:3623,BGG,11.29751,0.25779277210434204,0.05373619534956081,0.04480176147832246,Quenched,Elliptical,Control4C
1237655465930653734,Control4C,Lim:3664,BGG,11.19774,0.1943547474969782,0.0020463055506883265,-0.0006471633854373826,Quenched,Elliptical,Control4C
1237659161735921721,Control4C,Lim:3684,BGG,11.16682,0.17548977917257252,-0.013177765427034471,-0.014123311885835155,Quenched,Elliptical,Control4C
1237665226239508564,Control4C,Lim:3718,BGG,11.07438,0.005382592656735859,-0.17239994059981284,-0.16864535180538046,Starforming,Spiral,Control4C
1237667253999763470,Control4C,Lim:3730,BGG,11.15434,0.20167700383058246,0.014479006413595175,0.014213998450485654,Quenched,Spiral,Control4C
1237667733966487677,Control4C,Lim:3739,BGG,11.15124,0.1393198083248698,-0.04751315734002445,-0.047611347170299856,Quenched,Spiral,Control4C
1237661950802133052,Control4C,Lim:3743,BGG,11.13886,0.09756027280667182,-0.08781492089341211,-0.08725574656086932,Quenched,Spiral,Control4C
1237651539782271105,Control4C,Lim:3745,BGG,11.57854,0.09986115685840526,-0.13728731450628162,-0.16873316522581278,Starforming,Spiral,Control4C
1237662238020468925,Control4C,Lim:3754,BGG,11.25308,0.0383308008134032,-0.16049404666863806,-0.16653591213342248,Quenched,Spiral,Control4C
1237655465383428181,Control4C,Lim:3762,BGG,11.15581,0.210659559924703,0.023288466805916647,0.022944045156138904,Quenched,Elliptical,Control4C
1237648705129349140,Control4C,Lim:3770,BGG,11.1686,0.24319337424724807,0.0543162307706328,0.05327245052391677,Quenched,Elliptical,Control4C
1237654954275373295,Control4C,Lim:3772,BGG,10.85019,0.0409668678813979,-0.11041680456813817,-0.09853467959665381,NosSFR,Spiral,Control4C
1237654653635985662,Control4C,Lim:3776,BGG,11.04883,-0.00036000557862243517,-0.17513397068485598,-0.17021921999366177,Starforming,Spiral,Control4C
1237655370364354565,Control4C,Lim:3777,BGG,11.08753,0.210659559924703,0.03132858552621129,0.03446261191868297,Quenched,Elliptical,Control4C
1237662236934340746,Control4C,Lim:3779,BGG,10.95101,-0.00036000557862243517,-0.16361545262364904,-0.15481511327219621,Quenched,Spiral,Control4C
1237674649388056620,Control4C,Lim:3789,BGG,11.14839,0.27037041250145794,0.08387304054413317,0.08392743426007912,Quenched,Elliptical,Control4C
1237662662135578691,Control4C,Lim:3826,BGG,11.10516,0.09524713375865783,-0.08615981153964049,-0.08388277237499082,Quenched,Elliptical,Control4C
1237659327103696926,Control4C,Lim:3829,BGG,11.1706,0.16966679416987027,-0.019445853662934137,-0.02060035736599572,Quenched,Spiral,Control4C
1237665128011923466,Control4C,Lim:3849,BGG,10.96117,0.005382592656735859,-0.1590692165177311,-0.1506314050875162,Starforming,Spiral,Control4C
1237667211059462180,Control4C,Lim:3853,BGG,11.12504,0.3003078152646575,0.11655995666583985,0.11783627037682592,Quenched,Spiral,Control4C
1237665024910229511,Control4C,Lim:3857,BGG,11.14034,0.210659559924703,0.025110093001039085,0.025591424454784323,Quenched,Elliptical,Control4C
1237668332029935843,Control4C,Lim:3867,BGG,11.58129,0.210659559924703,-0.02681272992974368,-0.058514830245613964,Starforming,Spiral,Control4C
1237664289399636012,Control4C,Lim:3873,BGG,11.07372,0.09524713375865783,-0.0824576830603485,-0.07867236822795177,Starforming,Spiral,Control4C
1237655692479037666,Control4C,Lim:3879,BGG,11.10931,0.210659559924703,0.028763943087312255,0.03083508679857916,Quenched,Elliptical,Control4C
1237668311094788501,Control4C,Lim:3895,BGG,11.11503,0.16966679416987027,-0.012902365126221199,-0.011117611723501925,Quenched,Spiral,Control4C
1237665129616834566,Control4C,Lim:3899,BGG,11.01836,0.09756027280667182,-0.07362578343302131,-0.06740613225028122,Quenched,Spiral,Control4C
1237667141792497682,Control4C,Lim:3906,BGG,11.00405,0.09524713375865783,-0.07425388881250257,-0.06745093349491661,Quenched,Elliptical,Control4C
1237668367461384355,Control4C,Lim:3917,BGG,10.97214,0.09756027280667182,-0.06818327776149216,-0.06014757924189895,Quenched,Elliptical,Control4C
1237661356998197278,Control4C,Lim:3935,BGG,10.95587,0.12003830018504674,-0.043789422445519366,-0.03516130994524372,Quenched,Spiral,Control4C
1237668297142370342,Control4C,Lim:3939,BGG,11.07607,0.210659559924703,0.03267802548717455,0.036353753970145175,Quenched,Elliptical,Control4C
1237668590266876053,Control4C,Lim:3943,BGG,10.99753,0.20167700383058246,0.0329437254605984,0.04000618990160293,Quenched,Elliptical,Control4C
1237668310558441537,Control4C,Lim:3951,BGG,11.07254,0.19250472977107758,0.014938860522222763,0.018779009723179002,Quenched,Elliptical,Control4C
1237654601026175091,Control4C,Lim:3959,BGG,10.96525,0.22979059425991835,0.06485835619882571,0.0731479079631584,Quenched,Elliptical,Control4C
1237663530260299864,Control4C,Lim:3964,BGG,11.1277,0.210659559924703,0.026598480532153856,0.02773813117942031,Quenched,Elliptical,Control4C
1237657628446097522,Control4C,Lim:3966,BGG,11.23107,0.21243398995807833,0.016200867915897643,0.011524546047729956,Quenched,Elliptical,Control4C
1237664853105442825,Control4C,Lim:3977,BGG,11.02127,0.18878060169439917,0.017251886616450968,0.023350610994074122,Quenched,Elliptical,Control4C
1237665128563212505,Control4C,Lim:3978,BGG,11.05737,0.05391241004701966,-0.1218671586601412,-0.11733349333969081,Starforming,Spiral,Control4C
1237667735594074280,Control4C,Lim:3980,BGG,11.05051,0.27037041250145794,0.09539862373602573,0.10023893795069966,Quenched,Elliptical,Control4C
1237671129130205319,Control4C,Lim:3993,BGG,11.05534,0.210659559924703,0.03511902813907422,0.0397438883729217,Quenched,Elliptical,Control4C
1237664854189473891,Control4C,Lim:3994,BGG,10.91911,0.12003830018504674,-0.039460852378764344,-0.029584095858623205,Quenched,Elliptical,Control4C
1237665128548925484,Control4C,Lim:3995,BGG,11.52736,0.17548977917257252,-0.05563213571723624,-0.08243615349545491,Quenched,Elliptical,Control4C
1237657873793482757,Control4C,Lim:3997,BGG,11.08774,0.210659559924703,0.03130385756881135,0.03442784453906278,Quenched,Elliptical,Control4C
1237648704595492963,Control4C,Lim:4000,BGG,11.09604,0.24319337424724807,0.06286032881317177,0.06558426434594039,Quenched,NoGZ,Control4C
1237661817636651052,Control4C,Lim:4005,BGG,10.98316,0.24319337424724807,0.07615219467648238,0.08377277937494726,Quenched,Spiral,Control4C
1237654879667552297,Control4C,Lim:4007,BGG,10.97401,0.210659559924703,0.04469581278350224,0.052661858591162986,Quenched,Elliptical,Control4C
1237655691940266371,Control4C,Lim:4008,BGG,11.07,0.21243398995807833,0.03516721124158362,0.039124958282478056,Quenched,Elliptical,Control4C
1237651250945589326,Control4C,Lim:4010,BGG,10.96404,0.17548977917257252,0.010700021246974112,0.01903370222142231,Quenched,Elliptical,Control4C
1237658802577080326,Control4C,Lim:4011,BGG,10.89045,0.10894469627808792,-0.0471796788615339,-0.03641582403411925,Quenched,Elliptical,Control4C
1237667254526607590,Control4C,Lim:4013,BGG,10.99193,0.22979059425991835,0.061716728087263584,0.06899895581874729,Quenched,Elliptical,Control4C
1237657591386079240,Control4C,Lim:4016,BGG,11.20991,0.12222341690406424,-0.0715180690496362,-0.0749236819326885,Starforming,Spiral,Control4C
1237662697573515303,Control4C,Lim:4023,BGG,11.04699,0.3003078152646575,0.12575051416611804,0.1307464920291974,Quenched,Elliptical,Control4C
1237658491211808865,Control4C,Lim:4026,BGG,10.94116,0.22637432279043365,0.06427873469963816,0.07342145701399419,Quenched,Elliptical,Control4C
1237667783916847167,Control4C,Lim:4032,BGG,11.02556,0.29885896880742735,0.12682509688545351,0.13274412420662487,Quenched,Elliptical,Control4C
1237665566619271198,Control4C,Lim:4036,BGG,10.99196,0.210659559924703,0.042582161186705325,0.04986321931589702,Quenched,Uncertain,Control4C
1237665548357075217,Control4C,Lim:4040,BGG,10.94235,0.1617793388380763,-0.00045637434465159443,0.008645458876172712,Quenched,Elliptical,Control4C
1237659161197019316,Control4C,Lim:4045,BGG,10.95581,-0.00036000557862243517,-0.16418066307850274,-0.15555041104790052,Starforming,Spiral,Control4C
1237662336261161188,Control4C,Lim:4047,BGG,10.96653,0.09756027280667182,-0.06752268804238196,-0.0592799653044859,Quenched,Elliptical,Control4C
1237657595152302205,Control4C,Lim:4060,BGG,10.94869,0.3003078152646575,0.1373255532728103,0.14620734022119422,Quenched,Elliptical,Control4C
1237667324334702748,Control4C,Lim:4101,BGG,10.70847,0.3003078152646575,0.1656119814946781,0.1802419710572149,Quenched,NoGZ,Control4C
1237662263252549810,Control4C,Lim:4437,BGG,11.25471,0.1156348048624115,-0.08338197866992371,-0.08952674839305348,Starforming,Spiral,Control4C
1237661872403447862,Control4C,Lim:4499,BGG,11.13071,0.1393198083248698,-0.04509570512374386,-0.044111486066292505,Quenched,Elliptical,Control4C
1237667211038753056,Control4C,Lim:4653,BGG,11.2721,0.17741355266189243,-0.02365094124750669,-0.030908810291920524,Quenched,Elliptical,Control4C
1237662268613591175,Control4C,Lim:4659,BGG,11.004,-0.0899253200661028,-0.2594204550283585,-0.2526154947011585,Starforming,Spiral,Control4C
1237662696504164508,Control4C,Lim:4690,BGG,11.25511,0.20708880084982487,0.008024916446251779,0.0018548567221698675,Starforming,Uncertain,Control4C
1237662195055263782,Control4C,Lim:4742,BGG,11.11507,0.05391241004701966,-0.1286614593361954,-0.12687871928123007,Starforming,Spiral,Control4C
1237650371552346155,Control4C,Lim:4776,BGG,11.15656,0.210659559924703,0.023200152672345736,0.02281513710151309,Quenched,Elliptical,Control4C
1237655124465483920,Control4C,Lim:4779,BGG,11.21129,0.23988131914767535,0.04597733518820457,0.04249010797486713,Quenched,Elliptical,Control4C
1237654605863452834,Control4C,Lim:4797,BGG,11.20176,0.09986115685840526,-0.09292064884382469,-0.09584784356504052,Quenched,Elliptical,Control4C
1237662266459619414,Control4C,Lim:4805,BGG,11.17095,0.17548977917257252,-0.01366408192256488,-0.014838000136611823,Quenched,Elliptical,Control4C
1237668336860200991,Control4C,Lim:4816,BGG,11.12207,0.09524713375865783,-0.08815100087121912,-0.08672286781465179,Quenched,Elliptical,Control4C
1237671128591761538,Control4C,Lim:4850,BGG,11.20328,0.210659559924703,0.01769877091176944,0.01468281417688197,Quenched,Elliptical,Control4C
1237667783386399001,Control4C,Lim:4855,BGG,11.35344,0.3003078152646575,0.08966535918904922,0.07683097191872032,Quenched,Elliptical,Control4C
1237665532798763287,Control4C,Lim:4871,BGG,11.3109,0.18878060169439917,-0.01685267672506774,-0.026694533058945147,Quenched,Elliptical,Control4C
1237657401347407877,Control4C,Lim:4905,BGG,11.1873,0.21946008747208545,0.028380978265102386,0.026287541356565552,Starforming,Elliptical,Control4C
1237664130481651748,Control4C,Lim:4912,BGG,11.19802,0.12003830018504674,-0.07230311237110959,-0.07501281245339642,Quenched,Spiral,Control4C
1237657770705289289,Control4C,Lim:4953,BGG,11.10837,0.09292160846959709,-0.08886332132038481,-0.08674540198726578,Quenched,Elliptical,Control4C
1237667429548228801,Control4C,Lim:4956,BGG,11.10715,0.18313426568763896,0.0014929935549324036,0.003671500226783031,Quenched,Spiral,Control4C
1237654399152750671,Control4C,Lim:4961,BGG,11.00744,0.18878060169439917,0.018880399239498163,0.025546877463223455,NosSFR,Elliptical,Control4C
1237661136887939142,Control4C,Lim:4967,BGG,11.13398,0.19619691789081167,0.011396354819829035,0.012210769889565931,Quenched,Elliptical,Control4C
1237662262178807906,Control4C,Lim:4977,BGG,11.18784,0.05135398835050857,-0.13978870703264545,-0.14191293370224983,Quenched,Spiral,Control4C
1237662267539128450,Control4C,Lim:5025,BGG,11.07921,0.17741355266189243,-0.0009377236148528645,0.0025907843859968027,Quenched,Elliptical,Control4C
1237665023836815484,Control4C,Lim:5050,BGG,11.2948,0.17741355266189243,-0.02632391569025258,-0.0350767072705421,Quenched,Elliptical,Control4C
1237661388148244492,Control4C,Lim:5055,BGG,11.07534,0.20167700383058246,0.023781428483062916,0.02749125318495349,Quenched,Elliptical,Control4C
1237667431181713461,Control4C,Lim:5064,BGG,11.01335,0.210659559924703,0.04006344209726331,0.04648945817727723,Quenched,Elliptical,Control4C
1237661970110152760,Control4C,Lim:5070,BGG,10.73777,0.005382592656735859,-0.13276337993141318,-0.11854969503206036,NosSFR,Elliptical,Control4C
1237661068724207645,Control4C,Lim:5074,BGG,11.11837,0.25779277210434204,0.07483032053341487,0.07644645143355533,Quenched,Elliptical,Control4C
1237661959373455366,Control4C,Lim:5098,BGG,11.07513,0.21243398995807833,0.03456314256795873,0.038282766673712554,Quenched,Elliptical,Control4C
1237651272424685655,Control4C,Lim:5101,BGG,10.89995,0.07385466443403327,-0.08338835639748671,-0.07291016154645585,Starforming,Spiral,Control4C
1237667446737862740,Control4C,Lim:5117,BGG,10.92722,0.05135398835050857,-0.10910013437764919,-0.09948814573870253,Starforming,Elliptical,Control4C
1237659325489152123,Control4C,Lim:5118,BGG,11.13378,0.3003078152646575,0.11553080262929372,0.1163556315611235,Quenched,Elliptical,Control4C
1237657878077702182,Control4C,Lim:5143,BGG,10.93388,0.0383308008134032,-0.12290755142086415,-0.11351752582945585,Starforming,Spiral,Control4C
1237662266461585585,Control4C,Lim:5146,BGG,11.05469,0.210659559924703,0.03519556705483548,0.039849547347773184,Quenched,NoGZ,Control4C
1237661949178740758,Control4C,Lim:5151,BGG,10.96177,0.12656094167438622,-0.03796151880693746,-0.029545414040206247,Starforming,Spiral,Control4C
1237662698115104812,Control4C,Lim:5153,BGG,11.0019,0.12003830018504674,-0.04920955520321038,-0.042320592552649555,Quenched,Elliptical,Control4C
1237659324943237142,Control4C,Lim:5161,BGG,11.07908,0.210659559924703,0.03232359143111005,0.035858212581098864,Quenched,Elliptical,Control4C
1237664289928773726,Control4C,Lim:5169,BGG,10.49437,-0.00036000557862243517,-0.10984509801856301,-0.09457475623323258,Starforming,Spiral,Control4C
1237664292076519438,Control4C,Lim:5170,BGG,11.14498,0.18878060169439917,0.0026847646643765877,0.0029207394653966434,Quenched,Elliptical,Control4C
1237661069243449478,Control4C,Lim:5174,BGG,10.84422,0.1393198083248698,-0.011360883621441997,0.0006743457644345918,Quenched,Spiral,Control4C
1237661357547388937,Control4C,Lim:5191,BGG,10.99419,0.12003830018504674,-0.048301685910101616,-0.041107800484563195,Quenched,Elliptical,Control4C
1237659133287923957,Control4C,Lim:5195,BGG,10.88784,0.09292160846959709,-0.06289543348519815,-0.052054553997750844,Starforming,Spiral,Control4C
1237648722284314869,Control4C,Lim:5200,BGG,10.95607,-0.00036000557862243517,-0.1642112786448074,-0.15559030030878326,Starforming,Spiral,Control4C
1237662195072761905,Control4C,Lim:5206,BGG,11.05218,0.0714113894018661,-0.10375704550098407,-0.09899098251934475,Starforming,Spiral,Control4C
1237663787427889321,Control4C,Lim:5208,BGG,11.14244,0.16966679416987027,-0.016129952327792213,-0.015759420085587977,Quenched,Elliptical,Control4C
1237650797288226901,Control4C,Lim:5210,BGG,10.96947,0.234865136540417,0.06943598428776543,0.07757057481989849,Quenched,Elliptical,Control4C
1237654604253233185,Control4C,Lim:5217,BGG,11.00259,0.2365435592168414,0.06721445482569899,0.07407586155040047,Quenched,Elliptical,Control4C
1237667736107679789,Control4C,Lim:5222,BGG,10.95979,0.21946008747208545,0.055170776303388874,0.06365838713293431,Quenched,Elliptical,Control4C
1237648705131053137,Control4C,Lim:5232,BGG,10.88253,0.24319337424724807,0.08800159635813495,0.09899724301252275,Quenched,Elliptical,Control4C
1237654874824245265,Control4C,Lim:5238,BGG,10.94281,0.0409668678813979,-0.12132301130325353,-0.11223701893015094,Starforming,Spiral,Control4C
1237659153685479679,Control4C,Lim:5249,BGG,11.05393,0.09986115685840526,-0.07551334435611028,-0.07082536538034796,Quenched,Elliptical,Control4C
1237660561894801791,Control4C,Lim:5253,BGG,11.04457,0.10669156061825541,-0.06758078020929542,-0.06247844607178496,Quenched,Elliptical,Control4C
1237664296366047350,Control4C,Lim:5260,BGG,10.97644,0.3003078152646575,0.13405793033068697,0.1419329833027074,Quenched,Elliptical,Control4C
1237654600497365149,Control4C,Lim:5261,BGG,10.98458,0.09986115685840526,-0.06734723080525463,-0.05978095038083596,Quenched,NoGZ,Control4C
1237662193992007793,Control4C,Lim:5265,BGG,11.15481,0.17741355266189243,-0.00983978827879925,-0.010130165351833365,Quenched,Elliptical,Control4C
1237667912199176251,Control4C,Lim:5285,BGG,10.67563,0.10442667462051756,-0.02640217762083745,-0.011399633470443538,Starforming,Spiral,Control4C
1237654879656542226,Control4C,Lim:5291,BGG,10.84966,0.09986115685840526,-0.05146010693674079,-0.039564256904542114,Quenched,Spiral,Control4C
1237665372258894034,Control4C,Lim:5301,BGG,10.98546,0.2855971362609545,0.1182851266805714,0.12581766047303644,Quenched,Elliptical,Control4C
1237667917029441552,Control4C,Lim:5303,BGG,10.97818,0.3003078152646575,0.13385304154080252,0.1416626047547925,Quenched,Elliptical,Control4C
1237664092898852896,Control4C,Lim:5304,BGG,11.17102,0.12003830018504674,-0.06912380356255737,-0.07030160603374377,Quenched,Spiral,Control4C
1237664105779560493,Control4C,Lim:5305,BGG,10.94322,0.09986115685840526,-0.06247700071926497,-0.05340514380165533,Quenched,Elliptical,Control4C
1237667914343186500,Control4C,Lim:5307,BGG,11.07919,0.210659559924703,0.03231063869151954,0.03584008727824231,Quenched,Elliptical,Control4C
1237663787420811489,Control4C,Lim:5308,BGG,11.10951,0.09524713375865783,-0.08667203351435175,-0.08461085257076952,Quenched,Elliptical,Control4C
1237665226233479173,Control4C,Lim:5309,BGG,10.90242,0.2855971362609545,0.12806326754954117,0.13846582821862832,Quenched,Elliptical,Control4C
1237662268076458141,Control4C,Lim:5310,BGG,10.96078,0.3003078152646575,0.13590192943964735,0.14435383240713892,Quenched,Spiral,Control4C
1237665369043894294,Control4C,Lim:5322,BGG,10.91285,0.234865136540417,0.07610311261147756,0.0861800941365006,Quenched,Elliptical,Control4C
1237667912217133187,Control4C,Lim:5323,BGG,10.79171,-0.14677660869441173,-0.29127413376897976,-0.2780337739669327,Starforming,Spiral,Control4C
1237663916810109034,Control4C,Lim:5324,BGG,11.06252,0.06895429106965624,-0.10743170135469128,-0.1031310967274849,Starforming,Elliptical,Control4C
1237654398616076318,Control4C,Lim:5326,BGG,11.00144,0.05135398835050857,-0.11783970103582524,-0.11093239214776969,Quenched,Spiral,Control4C
1237655473968840814,Control4C,Lim:5328,BGG,10.96077,0.25779277210434204,0.09338806380111281,0.10184032790572708,Quenched,Elliptical,Control4C
1237661418211508275,Control4C,Lim:5329,BGG,11.03359,0.3003078152646575,0.1273283933525846,0.1329065053285669,Quenched,Elliptical,Control4C
1237665549964214340,Control4C,Lim:5332,BGG,10.87861,0.09524713375865783,-0.05948305559232485,-0.048374822692547434,Quenched,Elliptical,Control4C
1237651755078582359,Control4C,Lim:5334,BGG,10.70034,0.09986115685840526,-0.03387735170366567,-0.019145872639330402,Starforming,Spiral,Control4C
1237662264860213600,Control4C,Lim:5336,BGG,10.82013,-0.055778624700305444,-0.2036226666763201,-0.19100300735866516,Quenched,Spiral,Control4C
1237662224615342095,Control4C,Lim:5337,BGG,10.85575,-0.09708903351335806,-0.2491274080730998,-0.23739082726385813,Starforming,Spiral,Control4C
1237667730195939406,Control4C,Lim:5341,BGG,10.92308,-0.062396561398671085,-0.22236319010951755,-0.21261528505944904,Quenched,Elliptical,Control4C
1237653665796390983,Control4C,Lim:5344,BGG,10.89073,0.26097149630715105,0.10481415055766274,0.11556970490998336,Quenched,Elliptical,Control4C
1237667212130255022,Control4C,Lim:5352,BGG,10.98391,0.1617793388380763,-0.005350154866260309,0.0022417711557742304,Quenched,Spiral,Control4C
1237667783923531789,Control4C,Lim:5361,BGG,11.10154,0.1943547474969782,0.013374065083382042,0.01582940832672519,Quenched,Elliptical,Control4C
1237655691404902756,Control4C,Lim:5374,BGG,10.37702,0.024904982184311565,-0.07076189215623593,-0.05693313167503023,Starforming,Spiral,Control4C
1237665567686525012,Control4C,Lim:5383,BGG,10.9385,0.12003830018504674,-0.041744067112017225,-0.032510417618994814,Quenched,Spiral,Control4C
1237654601034235941,Control4C,Lim:5413,BGG,10.71093,0.17741355266189243,0.04242804853380058,0.0570261284786224,Starforming,NoGZ,Control4C
1237667253998256248,Control4C,Lim:5500,BGG,10.61254,0.0383308008134032,-0.08506906651196786,-0.06962972118678945,Starforming,Uncertain,Control4C
1237659150459142239,Control4C,Lim:6134,BGG,11.30054,0.210659559924703,0.006246194070295447,-0.0028921321732666705,Quenched,Elliptical,Control4C
1237662262176317568,Control4C,Lim:6411,BGG,11.25699,0.17741355266189243,-0.021871705836498362,-0.028160826110117332,Quenched,Elliptical,Control4C
1237663530255056942,Control4C,Lim:6449,BGG,11.1562,0.27037041250145794,0.08295339603321478,0.08258787201502948,Starforming,Spiral,Control4C
1237671690155786376,Control4C,Lim:6457,BGG,11.32325,0.3003078152646575,0.09322029744572319,0.08252684768062218,Quenched,Spiral,Control4C
1237658311329906861,Control4C,Lim:6466,BGG,11.45236,0.0383308008134032,-0.18395970071931592,-0.20439764075630376,Starforming,Spiral,Control4C
1237665441518518285,Control4C,Lim:6488,BGG,11.19488,0.24319337424724807,0.05122170353030858,0.0486936102835705,Quenched,Elliptical,Control4C
1237662264322949370,Control4C,Lim:6516,BGG,11.26517,0.09524713375865783,-0.10500133755654616,-0.11181229037363154,Starforming,Spiral,Control4C
1237662662680707125,Control4C,Lim:6618,BGG,10.795,0.18878060169439917,0.04389567195390015,0.05706798759005269,NosSFR,NoGZ,Control4C
1237667910591447150,Control4C,Lim:6726,BGG,11.22666,0.16966679416987027,-0.026047040766913526,-0.03045512721654231,Quenched,Elliptical,Control4C
1237661435920187583,Control4C,Lim:6728,BGG,11.23103,0.3003078152646575,0.10407940330960064,0.09940552247166642,Quenched,Elliptical,Control4C
1237654381977731176,Control4C,Lim:6736,BGG,11.14239,0.09524713375865783,-0.09054372513009996,-0.09017055008756684,Quenched,Elliptical,Control4C
1237659146705764387,Control4C,Lim:6816,BGG,11.13365,0.24319337424724807,0.058431669395036634,0.05926326536011711,Quenched,Elliptical,Control4C
1237667143396753437,Control4C,Lim:6852,BGG,11.10485,0.17741355266189243,-0.003956889461196711,-0.0016645338734052328,Quenched,Elliptical,Control4C
1237661137425334280,Control4C,Lim:6858,BGG,10.85643,0.20167700383058246,0.0495585577897365,0.06127714267968509,Starforming,Spiral,Control4C
1237662267537228017,Control4C,Lim:6888,BGG,11.36348,0.21243398995807833,0.0006093020144011807,-0.012955691147992277,Quenched,Spiral,Control4C
1237659120399613971,Control4C,Lim:6945,BGG,11.10378,0.09986115685840526,-0.0813832904341227,-0.07903813653387128,Quenched,Elliptical,Control4C
1237660613973049348,Control4C,Lim:6950,BGG,10.85039,0.1287135660717291,-0.022693656813426027,-0.010816717838761036,Starforming,Uncertain,Control4C
1237673705041756259,Control4C,Lim:6954,BGG,11.09286,0.18313426568763896,0.0031756721799033327,0.006053630793629444,Quenched,Elliptical,Control4C
1237671936578093073,Control4C,Lim:6978,BGG,11.04916,0.2529806317285678,0.07816780840356302,0.08306795817553636,Quenched,NoGZ,Control4C
1237661125612077126,Control4C,Lim:6989,BGG,10.89954,0.005382592656735859,-0.15181214978176533,-0.1413214546878629,Quenched,Spiral,Control4C
1237662696501870746,Control4C,Lim:7000,BGG,11.08435,0.12003830018504674,-0.05891822228710453,-0.05563266717956386,Quenched,Spiral,Control4C
1237667323793899533,Control4C,Lim:7007,BGG,10.80971,0.12003830018504674,-0.026578764095222918,-0.013722885181059546,Quenched,Spiral,Control4C
1237661970116378721,Control4C,Lim:7009,BGG,11.04158,0.09756027280667182,-0.07635998900837632,-0.07112699322860358,Quenched,Elliptical,Control4C
1237667916489425042,Control4C,Lim:7010,BGG,11.05686,0.24319337424724807,0.06747385915091547,0.07203047123495646,Quenched,Elliptical,Control4C
1237655743484330087,Control4C,Lim:7021,BGG,11.14465,0.28108475193178795,0.09502777312053656,0.09528126340470197,Quenched,Spiral,Control4C
1237662264860082397,Control4C,Lim:7023,BGG,11.12346,0.210659559924703,0.027097749767274776,0.028454930540519507,Quenched,Elliptical,Control4C
1237668272988749955,Control4C,Lim:7035,BGG,11.04726,0.1496728826525962,-0.024916211534028843,-0.019932133339463254,Quenched,Elliptical,Control4C
1237661435921891397,Control4C,Lim:7044,BGG,11.17706,0.17548977917257252,-0.014383547730722618,-0.015898206897327044,Quenched,Spiral,Control4C
1237661387620876410,Control4C,Lim:7051,BGG,11.02716,0.1617793388380763,-0.010442936568848787,-0.004591363447803254,Quenched,Elliptical,Control4C
1237661387069194275,Control4C,Lim:7052,BGG,11.06168,0.12003830018504674,-0.05624878040970155,-0.051909995148048726,Starforming,Spiral,Control4C
1237671991878221902,Control4C,Lim:7058,BGG,11.08065,0.21946008747208545,0.04093924805888399,0.044399936984661076,Starforming,Spiral,Control4C
1237665531723710540,Control4C,Lim:7059,BGG,11.18272,0.03567863566659506,-0.154861168564715,-0.15669454339432004,Quenched,Elliptical,Control4C
1237657772321472671,Control4C,Lim:7067,BGG,11.06514,0.2625521760248259,0.08585767289387067,0.09003877252100823,Quenched,Elliptical,Control4C
1237651192433344532,Control4C,Lim:7069,BGG,11.10474,0.24319337424724807,0.06183588486374947,0.06413367318217039,Quenched,Elliptical,Control4C
1237665227312857217,Control4C,Lim:7090,BGG,11.06338,0.21243398995807833,0.03594673066056936,0.04020817821217923,Quenched,Spiral,Control4C
1237661357538148407,Control4C,Lim:7114,BGG,11.05428,0.24319337424724807,0.06777765977039935,0.07244998807142775,Quenched,Elliptical,Control4C
1237662695960608987,Control4C,Lim:7121,BGG,11.06373,0.1496728826525962,-0.026855589907245736,-0.022610097892395736,Quenched,Elliptical,Control4C
1237659120414490818,Control4C,Lim:7123,BGG,11.19298,0.3003078152646575,0.10855987368609749,0.10614122860176209,Quenched,Elliptical,Control4C
1237658492278669408,Control4C,Lim:7128,BGG,10.89433,0.17355744610585364,0.016976192515224947,0.027624382737609393,Quenched,Elliptical,Control4C
1237662665888759971,Control4C,Lim:7146,BGG,11.07545,0.13721892725478624,-0.04068960083232365,-0.0369849107737481,Quenched,Elliptical,Control4C
1237660669818241081,Control4C,Lim:7158,BGG,10.84569,0.20167700383058246,0.05082321618247179,0.06282105135346375,Quenched,Elliptical,Control4C
1237662300841377924,Control4C,Lim:7162,BGG,11.00634,0.18878060169439917,0.01900992663540227,0.025720805553683418,Quenched,Elliptical,Control4C
1237661386530816015,Control4C,Lim:7183,BGG,11.05246,0.09524713375865783,-0.0799542717540588,-0.07520068324416711,Quenched,Elliptical,Control4C
1237651737375015076,Control4C,Lim:7184,BGG,11.11864,0.1393198083248698,-0.04367443633414275,-0.04207198151487662,Quenched,NoGZ,Control4C
1237657630590238967,Control4C,Lim:7186,BGG,10.90527,0.17741355266189243,0.019544090242909623,0.029858681938941672,Starforming,Spiral,Control4C
1237657628439347341,Control4C,Lim:7197,BGG,11.12856,0.3003078152646575,0.11614546899894712,0.11724079583444269,Quenched,Elliptical,Control4C
1237664853116780599,Control4C,Lim:7213,BGG,10.64018,-0.00036000557862243517,-0.12701454310652646,-0.11172140497369074,Starforming,Spiral,Control4C
1237659327099896118,Control4C,Lim:7219,BGG,10.96433,0.06895429106965624,-0.09586961498758954,-0.08754649813952918,Quenched,Spiral,Control4C
1237657775006286005,Control4C,Lim:7224,BGG,10.84204,-0.1983087080057814,-0.34873270020384717,-0.3366423821617534,Starforming,Spiral,Control4C
1237665330400395323,Control4C,Lim:7233,BGG,11.02899,0.1597848874207296,-0.012652874472108444,-0.006878741372646019,Quenched,Elliptical,Control4C
1237664818753896461,Control4C,Lim:7240,BGG,11.04237,0.25779277210434204,0.0837794860685992,0.08897803930539724,Quenched,Elliptical,Control4C
1237668332571721814,Control4C,Lim:7241,BGG,11.2979,0.18313426568763896,-0.020968234416599063,-0.029928864409879047,Quenched,Spiral,Control4C
1237665330933989398,Control4C,Lim:7256,BGG,11.05892,0.12003830018504674,-0.05592378439816062,-0.05146000639567577,Quenched,Spiral,Control4C
1237660764842164279,Control4C,Lim:7264,BGG,10.35304,0.09292160846959709,7.843135975639515e-05,0.01345641914074136,Quenched,Spiral,Control4C
1237657629511712956,Control4C,Lim:7269,BGG,10.67591,0.04619148126786086,-0.08467034158336065,-0.06967055374209824,Starforming,Spiral,Control4C
1237664337175773190,Control4C,Lim:7274,BGG,10.84178,0.210659559924703,0.060266183292941894,0.07236304230448135,Quenched,Spiral,Control4C
1237668332027117606,Control4C,Lim:7297,BGG,10.94688,0.1455612218657134,-0.017207908683782802,-0.008262923077323236,Quenched,Elliptical,Control4C
1237661949737828379,Control4C,Lim:7300,BGG,10.9714,0.11784213361236873,-0.047814280344005256,-0.03975110773057133,Quenched,Elliptical,Control4C
1237648722289623054,Control4C,Lim:7327,BGG,11.10819,0.09756027280667182,-0.084203461591253,-0.08207659451519547,Quenched,NoGZ,Control4C
1237668292832854092,Control4C,Lim:7336,BGG,10.81296,-0.00036000557862243517,-0.14735976443769924,-0.13457648853096427,Quenched,Spiral,Control4C
1237661974405906489,Control4C,Lim:7339,BGG,10.8122,0.09986115685840526,-0.047049110345319764,-0.03424876929049646,Quenched,Spiral,Control4C
1237667254546595932,Control4C,Lim:7340,BGG,10.99931,0.21946008747208545,0.05051721022509312,0.05750921592412295,Quenched,Elliptical,Control4C
1237655744020545540,Control4C,Lim:7359,BGG,10.99319,0.210659559924703,0.0424373260076491,0.04967035901804984,Quenched,Elliptical,Control4C
1237662198823911469,Control4C,Lim:7367,BGG,11.01036,0.20167700383058246,0.031432965015645464,0.03798103859599161,Quenched,Elliptical,Control4C
1237668298756456539,Control4C,Lim:7372,BGG,10.91426,0.12222341690406424,-0.036704637595988465,-0.026672439511948448,Starforming,Spiral,Control4C
1237658918530056305,Control4C,Lim:7386,BGG,10.97177,0.01941624484406951,-0.14628373741819944,-0.1382342955424476,Quenched,Elliptical,Control4C
1237655473436360831,Control4C,Lim:7407,BGG,10.80094,0.17161647695175766,0.026032099273377046,0.03907903638656299,Starforming,Spiral,Control4C
1237654399689556171,Control4C,Lim:7422,BGG,10.95067,0.07385466443403327,-0.08936074687044127,-0.08054844020781696,Quenched,NoGZ,Control4C
1237665228378865701,Control4C,Lim:7425,BGG,10.84146,0.3003078152646575,0.14995211932988667,0.16205702021170965,Quenched,Elliptical,Control4C
1237654953207332988,Control4C,Lim:7436,BGG,10.81054,-0.0691168562521512,-0.21583165484023917,-0.2029942250479118,Starforming,Spiral,Control4C
1237667783905837142,Control4C,Lim:7455,BGG,10.69224,-0.024122131359567863,-0.15690684727907303,-0.14208031187908773,Starforming,Spiral,Control4C
1237654605329137794,Control4C,Lim:9394,BGG,11.23892,0.210659559924703,0.013502083284480326,0.008343854798090022,Quenched,Elliptical,Control4C
1237674603216633993,Control4C,Lim:9765,BGG,11.13641,0.15778123442292644,-0.027305466440825932,-0.026617874329565167,Quenched,Elliptical,Control4C
1237665355084005428,Control4C,Lim:9774,BGG,11.19512,0.09756027280667182,-0.09443965843301036,-0.09698160038080186,Quenched,Spiral,Control4C
1237661417673916574,Control4C,Lim:9790,BGG,11.0988,-0.1983087080057814,-0.37896674945139863,-0.3763772498886083,Starforming,Spiral,Control4C
1237658205578657826,Control4C,Lim:9833,BGG,10.82147,0.12439759440607599,-0.023604235488585215,-0.011015679988096425,Starforming,Spiral,Control4C
1237665015240458268,Control4C,Lim:9869,BGG,9.250072,0.12656094167438622,0.16359464893311282,0.09895428290166162,Starforming,NoGZ,Control4C
1237651752415854747,Control4C,Lim:9995,BGG,11.08024,0.0714113894018661,-0.10706117161831656,-0.10358115363245772,Quenched,Spiral,Control4C
1237665329311514762,Control4C,Lim:10027,BGG,10.65414,0.11341619989012074,-0.014882158043982838,0.0003103718606567718,Starforming,Spiral,Control4C
1237667912733294683,Control4C,Lim:10074,BGG,11.03912,0.16966679416987027,-0.00396379728706539,0.001376081494280812,Quenched,Spiral,Control4C
1237654880741228570,Control4C,Lim:10120,BGG,11.06011,0.18878060169439917,0.012678392019259382,0.017088364327426192,Quenched,Elliptical,Control4C
1237648705667137705,Control4C,Lim:10121,BGG,11.05283,0.005382592656735859,-0.1698623811618758,-0.16512528785916186,Quenched,Elliptical,Control4C
1237657629512826964,Control4C,Lim:10163,BGG,11.21109,0.27037041250145794,0.07648997897760601,0.07301459080448586,Quenched,Spiral,Control4C
1237659326562304075,Control4C,Lim:10218,BGG,11.15274,0.3003078152646575,0.11329822133262146,0.11311942365851246,Quenched,Uncertain,Control4C
1237659162816020815,Control4C,Lim:10236,BGG,11.02857,0.210659559924703,0.03827125394666467,0.04406318745824464,Quenched,Spiral,Control4C
1237674648847450200,Control4C,Lim:10247,BGG,10.953,0.12003830018504674,-0.0434514736943879,-0.03472139200041663,Quenched,Elliptical,Control4C
1237657612341543037,Control4C,Lim:10423,BGG,11.22813,-0.00036000557862243517,-0.19624693621720513,-0.20074423529648985,Quenched,Uncertain,Control4C
1237668289621196919,Control4C,Lim:10427,BGG,11.05825,0.18878060169439917,0.012897411070515286,0.017391425602383326,Quenched,Elliptical,Control4C
1237658608219848819,Control4C,Lim:10458,BGG,10.95547,0.09756027280667182,-0.06622034895265641,-0.05757797918463131,Quenched,Elliptical,Control4C
1237668310021964289,Control4C,Lim:10485,BGG,11.20129,0.25779277210434204,0.06506630992581652,0.06216651824888578,Quenched,Spiral,Control4C
1237662223535374440,Control4C,Lim:10497,BGG,10.77687,0.011050416782760416,-0.13169966596888485,-0.11816478307518882,Starforming,Spiral,Control4C
1237654948913283207,Control4C,Lim:10506,BGG,11.02911,0.20167700383058246,0.02922511167637315,0.03499415595739855,Quenched,NoGZ,Control4C
1237671123220168862,Control4C,Lim:10574,BGG,10.9834,0.04358703111597816,-0.12348240897753021,-0.1158709894145386,Quenched,Spiral,Control4C
1237667549272539209,Control4C,Lim:10581,BGG,11.19507,0.3003078152646575,0.10831377163388006,0.10577471526996282,Quenched,Elliptical,Control4C
1237658425163776048,Control4C,Lim:10610,BGG,10.89841,0.005382592656735859,-0.1516790898205185,-0.14115402303740845,Starforming,Spiral,Control4C
1237655123929333774,Control4C,Lim:10657,BGG,11.03878,0.24319337424724807,0.0696028185308647,0.07495742588525961,Quenched,Elliptical,Control4C
1237668349210853684,Control4C,Lim:10673,BGG,10.58785,-0.00036000557862243517,-0.12085257162683959,-0.10534216871307975,Starforming,Spiral,Control4C
1237665565541924998,Control4C,Lim:10693,BGG,10.88094,0.024904982184311565,-0.13009956974163145,-0.11905808599094603,Starforming,Spiral,Control4C
1237664870822772966,Control4C,Lim:10757,BGG,11.04547,0.18878060169439917,0.014402283906563312,0.019465127104011604,Quenched,Elliptical,Control4C
1237667211059986461,Control4C,Lim:10767,BGG,10.97582,0.17741355266189243,0.011236674078340475,0.01913499504765434,Quenched,Elliptical,Control4C
1237668496314662949,Control4C,Lim:10806,BGG,10.8259,-0.1983087080057814,-0.34683218004940153,-0.33434763086096453,Starforming,Spiral,Control4C
1237664668436398093,Control4C,Lim:10843,BGG,10.98999,0.3003078152646575,0.13246238831750606,0.13982007419725467,Quenched,Elliptical,Control4C
1237674368067829775,Control4C,Lim:10883,BGG,10.87086,0.12003830018504674,-0.03377930978570337,-0.022452657459365533,Quenched,Elliptical,Control4C
1237658493891903500,Control4C,Lim:10900,BGG,10.84702,0.17741355266189243,0.02640315461691589,0.03836698530079227,Starforming,Spiral,Control4C
1237651539793215634,Control4C,Lim:10908,BGG,11.03314,0.17741355266189243,0.004487119229962172,0.010084493251905718,Quenched,Spiral,Control4C
1237664887463346414,Control4C,Lim:10913,BGG,11.12958,0.08586937063632526,-0.0984130828510416,-0.09737041449330165,Starforming,Spiral,Control4C
1237661872407576591,Control4C,Lim:10914,BGG,10.96986,0.12003830018504674,-0.045436775417061814,-0.037316588805544115,Starforming,Spiral,Control4C
1237665566073749555,Control4C,Lim:10929,BGG,10.90457,0.24319337424724807,0.08540633835293146,0.09574260582354158,Quenched,Elliptical,Control4C
1237662306189770849,Control4C,Lim:10955,BGG,10.95878,0.210659559924703,0.0464891784558818,0.05501312542375397,Quenched,Spiral,Control4C
1237658304886079663,Control4C,Lim:10964,BGG,10.92094,0.07870072299485384,-0.08101391605487024,-0.07119637406101353,Quenched,NoGZ,Control4C
1237674599462207503,Control4C,Lim:10990,BGG,10.9255,0.12003830018504674,-0.04021328879678837,-0.03054464063978951,Quenched,Elliptical,Control4C
1237664853641461771,Control4C,Lim:11021,BGG,10.76402,0.20887785021412927,0.06764088295099874,0.08141439593509858,Quenched,Elliptical,Control4C
1237654610141249556,Control4C,Lim:11071,BGG,10.9879,0.210659559924703,0.04306023502976922,0.05049882527814464,Quenched,Elliptical,Control4C
1237668349218390048,Control4C,Lim:11076,BGG,11.0996,0.0714113894018661,-0.10934085378622675,-0.10679045242553441,Quenched,Elliptical,Control4C
1237651753485729911,Control4C,Lim:11078,BGG,10.8724,0.09986115685840526,-0.05413779146661045,-0.0428541004506804,Starforming,Elliptical,Control4C
1237665531713814595,Control4C,Lim:11108,BGG,10.97575,0.210659559924703,0.04449092399361779,0.05239186976890747,Quenched,Spiral,Control4C
1237661966356381766,Control4C,Lim:11129,BGG,10.90541,0.210659559924703,0.05277361220078697,0.06308386332213403,Quenched,Elliptical,Control4C
1237664835934814390,Control4C,Lim:11153,BGG,10.65665,-0.05250706908668513,-0.18110098498780608,-0.16592844958595346,Starforming,Spiral,Control4C
1237663917341016282,Control4C,Lim:11198,BGG,10.99287,0.10442667462051756,-0.06375787859954603,-0.05651233782891597,Quenched,Spiral,Control4C
1237651272961490958,Control4C,Lim:11252,BGG,10.91903,0.23988131914767535,0.08039158675811187,0.09027092484941071,Quenched,Spiral,Control4C
1237658297923797032,Control4C,Lim:11265,BGG,10.85108,0.17741355266189243,0.02592508077385222,0.03778409975778693,Quenched,Spiral,Control4C
1237667254016278565,Control4C,Lim:11305,BGG,11.0197,0.09524713375865783,-0.07609671039968206,-0.069932646768416,Quenched,Elliptical,Control4C
1237659327091900425,Control4C,Lim:11370,BGG,10.82187,0.1156348048624115,-0.03241412590348762,-0.019834887200726944,Starforming,NoGZ,Control4C
1237665548900958660,Control4C,Lim:11562,BGG,10.81618,0.0383308008134032,-0.10904812005913786,-0.09633773711617333,Quenched,Spiral,Control4C
1237655108898979844,CG4,HMCG:25,BGG,11.13696,-0.07594282963262874,-0.21862913467904468,-0.24357609754797213,Starforming,Spiral,RG4
1237651533872496853,CG4,HMCG:27,BGG,10.94254,0.24319337424724807,0.11340353144102366,0.12302741427365076,Quenched,Elliptical,RG4
1237651192431902873,CG4,HMCG:28,BGG,11.56605,0.12003830018504674,-0.05111083267046168,-0.18681822495159434,Quenched,Elliptical,RG4
1237653664714391702,CG4,HMCG:33,BGG,10.91266,-0.00036000557862243517,-0.1281678182864161,-0.11409410047404933,Starforming,Spiral,RG4
1237664093977182232,CG4,HMCG:42,BGG,11.30246,0.17741355266189243,0.02374913579183857,-0.03829896040073491,Quenched,Elliptical,RG4
1237664879949906003,CG4,HMCG:52,BGG,11.26873,0.21946008747208545,0.06803308275799119,0.014118946686880574,Quenched,Elliptical,RG4
1237661382235652124,CG4,HMCG:61,BGG,11.04974,-0.17608941330805536,-0.31299015392391116,-0.3212237110654349,Starforming,Spiral,RG4
1237661381699174422,CG4,HMCG:63,BGG,11.46481,0.17548977917257252,0.011056199435040603,-0.09424289476444486,Quenched,Elliptical,RG4
1237664336632741928,CG4,HMCG:73,BGG,11.06783,0.21243398995807833,0.07433328533684719,0.06279434122308608,Quenched,Spiral,RG4
1237671260670525453,CG4,HMCG:80,BGG,11.12167,0.24319337424724807,0.10152130080073202,0.07964592680247451,Quenched,Spiral,RG4
1237664670045765663,CG4,HMCG:82,BGG,11.14766,0.2365435592168414,0.09314749104950143,0.06601519789346036,Quenched,Elliptical,RG4
1237671125379842213,CG4,HMCG:84,BGG,11.08672,0.16966679416987027,0.030313059141699517,0.015232573378827441,Quenched,Elliptical,RG4
1237667536399761464,CG4,HMCG:99,BGG,11.236,0.24319337424724807,0.09393744868715778,0.04763593473480607,Quenched,Elliptical,RG4
1237654398613913710,CG4,HMCG:101,BGG,11.07611,0.23318020207101983,0.09453026019359709,0.08145027812688652,Quenched,Elliptical,RG4
1237648721221910580,CG4,HMCG:106,BGG,10.88227,0.23148870508405484,0.10569675230568934,0.12406032975408797,Quenched,Elliptical,RG4
1237648721759961111,CG4,HMCG:112,BGG,11.34712,0.09756027280667182,-0.05906657593071543,-0.13233533758872976,Quenched,Elliptical,RG4
1237654602106732592,CG4,HMCG:117,BGG,11.07583,0.12003830018504674,-0.018593068451828454,-0.03162064959294128,Quenched,Elliptical,RG4
1237654604791545887,CG4,HMCG:121,BGG,10.94604,0.09524713375865783,-0.03477487455441093,-0.025687272763222954,Quenched,Spiral,RG4
1237664819818987529,CG4,HMCG:128,BGG,10.76637,0.12656094167438622,0.008456983822665062,0.04099708323061506,Starforming,Spiral,RG4
1237667431715766291,CG4,HMCG:131,BGG,11.29346,0.29154133501529506,0.13847391516284085,0.07862483004053619,Quenched,Elliptical,RG4
1237662223525871655,CG4,HMCG:142,BGG,11.0522,0.29885896880742735,0.16179504900676106,0.15311695575087242,Quenched,Elliptical,RG4
1237657628452388926,CG4,HMCG:154,BGG,11.10226,0.21420119955862366,0.07381664968006418,0.05575377016434463,Quenched,Elliptical,RG4
1237661811196624933,CG4,HMCG:158,BGG,10.55154,-0.08287775240623109,-0.18673139144784862,-0.13706590278203756,Starforming,Spiral,RG4
1237665126930055238,CG4,HMCG:165,BGG,11.34673,0.27037041250145794,0.11376943363483333,0.04060088200115933,Quenched,Elliptical,RG4
1237665370120847454,CG4,HMCG:167,BGG,11.12404,0.19619691789081167,0.05436763522966098,0.03202009907999087,Quenched,Spiral,RG4
1237658312939798567,CG4,HMCG:173,BGG,11.21403,0.12003830018504674,-0.027760289322080772,-0.06910663036598849,Starforming,NoGZ,RG4
1237648722841043066,CG4,HMCG:175,BGG,11.07703,-0.033379164418814146,-0.172090132658036,-0.18534243139915849,Starforming,NoGZ,RG4
1237667733971337221,CG4,HMCG:188,BGG,11.0393,0.18878060169439917,0.052572377618958915,0.046208040963062996,Quenched,Elliptical,RG4
1237657591934025821,CG4,HMCG:197,BGG,10.92494,0.2365435592168414,0.10792117724503408,0.12019395327352075,Quenched,Elliptical,RG4
1237657627919319142,CG4,HMCG:206,BGG,11.02117,-0.00036000557862243517,-0.1353656123286091,-0.13855059877974185,Quenched,Spiral,RG4
1237661435920646147,CG4,HMCG:214,BGG,10.9049,0.2672599868533754,0.13996691824075658,0.1551586594080001,Quenched,Elliptical,RG4
1237665025446510622,CG4,HMCG:229,BGG,10.96543,0.1393198083248698,0.008011603103883602,0.014071037931720876,Quenched,Elliptical,RG4
1237661949186474088,CG4,HMCG:231,BGG,11.16475,0.3003078152646575,0.1557781160938978,0.12509424640727232,Quenched,Elliptical,RG4
1237661873482891334,CG4,HMCG:239,BGG,10.83799,0.06895429106965624,-0.05390043638211896,-0.02971217443756438,Quenched,Elliptical,RG4
1237661418747461670,CG4,HMCG:259,BGG,11.19601,0.210659559924703,0.06405629111281388,0.026681407390341,Quenched,Spiral,RG4
1237667783918026937,CG4,HMCG:265,BGG,11.04929,0.005382592656735859,-0.1314882981082399,-0.13964070634260614,Starforming,Spiral,RG4
1237655463774191677,CG4,HMCG:271,BGG,11.23055,0.3003078152646575,0.15141340456522487,0.10635269542067505,Quenched,Elliptical,RG4
1237651273515794444,CG4,HMCG:276,BGG,11.14224,0.24319337424724807,0.10015683095050709,0.07413518568160579,Quenched,NoGZ,RG4
1237661418750476311,CG4,HMCG:293,BGG,11.24418,0.210659559924703,0.06086103040861662,0.012682809593240058,Quenched,Elliptical,RG4
1237667912217985078,CG4,HMCG:303,BGG,10.97365,0.2855971362609545,0.153743673763894,0.15849014456117852,Quenched,Elliptical,RG4
1237648704057573661,CG4,HMCG:309,BGG,11.09869,0.21946008747208545,0.07931234641050716,0.06194011576658487,Quenched,Spiral,RG4
1237651735776460868,CG4,HMCG:315,BGG,11.11865,0.17548977917257252,0.03401803139196208,0.012742218774716763,Quenched,Elliptical,RG4
1237667733988573256,CG4,HMCG:316,BGG,11.38284,0.2855971362609545,0.12660087269371625,0.04398775705275809,Quenched,Elliptical,RG4
1237659131675213861,CG4,HMCG:322,BGG,11.00734,0.3003078152646575,0.16621959393171565,0.16540295803993144,Quenched,Elliptical,RG4
1237661950272471286,CG4,HMCG:323,BGG,11.15991,0.18878060169439917,0.044571954253104146,0.014901551371662741,Quenched,Elliptical,RG4
1237662198284157184,CG4,HMCG:330,BGG,11.17926,0.1496728826525962,0.004180691623461991,-0.029577649910065285,Starforming,Spiral,RG4
1237659163880849535,CG4,HMCG:337,BGG,11.11333,0.18878060169439917,0.047661745484192136,0.02743639876392709,Quenched,Spiral,RG4
1237662238560682244,CG4,HMCG:341,BGG,11.57429,0.210659559924703,0.03896384313308118,-0.09933470358750149,Quenched,Elliptical,RG4
1237662697036251250,CG4,HMCG:354,BGG,11.38314,0.22293096484590827,0.06391480137808342,-0.018778186184244955,Quenched,Elliptical,RG4
1237662306199666786,CG4,HMCG:360,BGG,11.07238,0.3003078152646575,0.16190529548452876,0.14952171103298492,Quenched,Elliptical,RG4
1237665534931894451,CG4,HMCG:368,BGG,10.82897,-0.1269876415173383,-0.24924404529147476,-0.22393120029236527,Starforming,Spiral,RG4
1237665535468765463,CG4,HMCG:369,BGG,10.71805,0.005382592656735859,-0.10951615454049474,-0.07208781505481315,NosSFR,Elliptical,RG4
1237662504832270395,CG4,HMCG:373,BGG,11.12121,0.17741355266189243,0.03577199239627593,0.013988094001877338,Quenched,Uncertain,RG4
1237668272452862078,CG4,HMCG:374,BGG,11.33134,0.20529235111097974,0.04971223714445053,-0.019533154446168294,Quenched,Elliptical,RG4
1237662225165516860,CG4,HMCG:386,BGG,11.14546,0.24319337424724807,0.09994323868421029,0.07326267449318088,Quenched,Elliptical,RG4
1237659329780121695,CG4,HMCG:393,BGG,11.45621,0.3003078152646575,0.136444699343943,0.03360701293909357,Quenched,Elliptical,RG4
1237662302453039177,CG4,HMCG:405,BGG,11.1572,0.09986115685840526,-0.04416772814759028,-0.07327330886215365,Starforming,Spiral,RG4
1237648705667137705,RG4,Lim:10121,BGG,11.05283,0.005382592656735859,-0.13172311693516248,-0.1405153055572245,Quenched,Elliptical,RG4
1237651272961490958,RG4,Lim:11252,BGG,10.91903,0.23988131914767535,0.11165096521742515,0.12479533035871303,Quenched,Spiral,RG4
1237651752415854747,RG4,Lim:9995,BGG,11.08024,0.0714113894018661,-0.06751250777363292,-0.08136774952087321,Quenched,Spiral,RG4
1237651753485729911,RG4,Lim:11078,BGG,10.8724,0.09986115685840526,-0.025276089190659337,-0.005570444338732716,Starforming,Elliptical,RG4
1237651539793215634,RG4,Lim:10908,BGG,11.03314,0.17741355266189243,0.041613939878498235,0.036339343484171976,Quenched,Spiral,RG4
1237654605329137794,RG4,Lim:9394,BGG,11.23892,0.210659559924703,0.061209941998902645,0.01424048174288653,Quenched,Elliptical,RG4
1237654610141249556,RG4,Lim:11071,BGG,10.9879,0.210659559924703,0.07786085214977637,0.08028995500985289,Quenched,Elliptical,RG4
1237655123929333774,RG4,Lim:10657,BGG,11.03878,0.24319337424724807,0.1070196433328248,0.10074767550755725,Quenched,Elliptical,RG4
1237654880741228570,RG4,Lim:10120,BGG,11.06011,0.18878060169439917,0.051191987848264675,0.04107394647169818,Quenched,Elliptical,RG4
1237654948913283207,RG4,Lim:10506,BGG,11.02911,0.20167700383058246,0.06614471304506903,0.06157775776234825,Quenched,NoGZ,RG4
1237657612341543037,RG4,Lim:10423,BGG,11.22813,-0.00036000557862243517,-0.14909389041332277,-0.1936060898986086,Quenched,Uncertain,RG4
1237657629512826964,RG4,Lim:10163,BGG,11.21109,0.27037041250145794,0.12276684202007956,0.08207416314353155,Quenched,Spiral,RG4
1237658297923797032,RG4,Lim:11265,BGG,10.85108,0.17741355266189243,0.05369052621451953,0.07620949154228109,Quenched,Spiral,RG4
1237658493891903500,RG4,Lim:10900,BGG,10.84702,0.17741355266189243,0.053959838202458865,0.07700127563470936,Starforming,Spiral,RG4
1237658205578657826,RG4,Lim:9833,BGG,10.82147,0.12439759440607599,0.002638688146605922,0.02887064837371904,Starforming,Spiral,RG4
1237658304886079663,RG4,Lim:10964,BGG,10.92094,0.07870072299485384,-0.04965632696913144,-0.03679265881468999,Quenched,NoGZ,RG4
1237658425163776048,RG4,Lim:10610,BGG,10.89841,0.005382592656735859,-0.12147997477319167,-0.10536509825547083,Starforming,Spiral,RG4
1237659327091900425,RG4,Lim:11370,BGG,10.82187,0.1156348048624115,-0.0061506345978408344,0.020032671966602508,Starforming,NoGZ,RG4
1237659162816020815,RG4,Lim:10236,BGG,11.02857,0.210659559924703,0.07516308896024548,0.07069063620098195,Quenched,Spiral,RG4
1237658608219848819,RG4,Lim:10458,BGG,10.95547,0.09756027280667182,-0.03308725571483745,-0.025460253880702194,Quenched,Elliptical,RG4
1237661417673916574,RG4,Lim:9790,BGG,11.0988,-0.1983087080057814,-0.33846374569757487,-0.3558572078144303,Starforming,Spiral,RG4
1237659326562304075,RG4,Lim:10218,BGG,11.15274,0.3003078152646575,0.15657477544738355,0.12839463539716714,Quenched,Uncertain,RG4
1237661966356381766,RG4,Lim:11129,BGG,10.90541,0.210659559924703,0.0833326614810869,0.09845140057873675,Quenched,Elliptical,RG4
1237662306189770849,RG4,Lim:10955,BGG,10.95878,0.210659559924703,0.07979246916672092,0.08690135779631031,Quenched,Spiral,RG4
1237661872407576591,RG4,Lim:10914,BGG,10.96986,0.12003830018504674,-0.011563760234602455,-0.00620975772082849,Starforming,Spiral,RG4
1237662223535374440,RG4,Lim:10497,BGG,10.77687,0.011050416782760416,-0.10775003758949368,-0.07635171264634383,Starforming,Spiral,RG4
1237664668436398093,RG4,Lim:10843,BGG,10.98999,0.3003078152646575,0.16737047151564377,0.1694552948571631,Quenched,Elliptical,RG4
1237665531713814595,RG4,Lim:11108,BGG,10.97575,0.210659559924703,0.07866679812353589,0.08307504861594778,Quenched,Spiral,RG4
1237664853641461771,RG4,Lim:11021,BGG,10.76402,0.20887785021412927,0.09092977491700358,0.12372152462935701,Quenched,Elliptical,RG4
1237664887463346414,RG4,Lim:10913,BGG,11.12958,0.08586937063632526,-0.056327396855659004,-0.07978428150638954,Starforming,Spiral,RG4
1237663917341016282,RG4,Lim:11198,BGG,10.99287,0.10442667462051756,-0.028701708174127996,-0.027093142428071468,Quenched,Spiral,RG4
1237664835934814390,RG4,Lim:11153,BGG,10.65665,-0.05250706908668513,-0.16333296996384708,-0.12056092464610407,Starforming,Spiral,RG4
1237665355084005428,RG4,Lim:9774,BGG,11.19512,0.09756027280667182,-0.048983959633476876,-0.0861648626321748,Quenched,Spiral,RG4
1237665329311514762,RG4,Lim:10027,BGG,10.65414,0.11341619989012074,0.002756794847867186,0.04572662537446201,Starforming,Spiral,RG4
1237665548900958660,RG4,Lim:11562,BGG,10.81618,0.0383308008134032,-0.08307720386572215,-0.05620567609871515,Quenched,Spiral,RG4
1237664870822772966,RG4,Lim:10757,BGG,11.04547,0.18878060169439917,0.052163102996893446,0.04469745777177528,Quenched,Elliptical,RG4
1237667254016278565,RG4,Lim:11305,BGG,11.0197,0.09524713375865783,-0.039660963478454284,-0.04259187600852578,Quenched,Elliptical,RG4
1237667211059986461,RG4,Lim:10767,BGG,10.97582,0.17741355266189243,0.04541614755058837,0.0498131044668256,Quenched,Elliptical,RG4
1237667549272539209,RG4,Lim:10581,BGG,11.19507,0.3003078152646575,0.15376689947460656,0.11659688821537936,Quenched,Elliptical,RG4
1237665565541924998,RG4,Lim:10693,BGG,10.88094,0.024904982184311565,-0.10079874770145314,-0.08225286125810369,Starforming,Spiral,RG4
1237667912733294683,RG4,Lim:10074,BGG,11.03912,0.16966679416987027,0.03347051003478202,0.027138155087953364,Quenched,Spiral,RG4
1237668496314662949,RG4,Lim:10806,BGG,10.8259,-0.1983087080057814,-0.32036146946391447,-0.2946706481562459,Starforming,Spiral,RG4
1237674648847450200,RG4,Lim:10247,BGG,10.953,0.12003830018504674,-0.010445385821632347,-0.002433594652468188,Quenched,Elliptical,RG4
1237671123220168862,RG4,Lim:10574,BGG,10.9834,0.04358703111597816,-0.08891317815014865,-0.08574662341564579,Quenched,Spiral,RG4
1237668289621196919,RG4,Lim:10427,BGG,11.05825,0.18878060169439917,0.051315367231902,0.04153737249351744,Quenched,Elliptical,RG4
1237668310021964289,RG4,Lim:10485,BGG,11.20129,0.25779277210434204,0.11083926504212774,0.0723093780571828,Quenched,Spiral,RG4
1237665015240458268,RG4,Lim:9869,BGG,9.250072,0.12656094167438622,0.10903758202181052,0.008258477436036443,Starforming,NoGZ,RG4
1237668349218390048,RG4,Lim:11076,BGG,11.0996,0.0714113894018661,-0.06879671469149178,-0.08634468129317917,Quenched,Elliptical,RG4
1237674368067829775,RG4,Lim:10883,BGG,10.87086,0.12003830018504674,-0.004996793041006309,0.014915989052921727,Quenched,Elliptical,RG4
1237665566073749555,RG4,Lim:10929,BGG,10.90457,0.24319337424724807,0.11592219552527461,0.1311611376200667,Quenched,Elliptical,RG4
1237674599462207503,RG4,Lim:10990,BGG,10.9255,0.12003830018504674,-0.008621228267855663,0.0035684939375962843,Quenched,Elliptical,RG4
1237674603216633993,RG4,Lim:9765,BGG,11.13641,0.15778123442292644,0.015131412527586069,-0.009704017282485294,Quenched,Elliptical,RG4
1237668349210853684,RG4,Lim:10673,BGG,10.58785,-0.00036000557862243517,-0.10662219592124479,-0.05901625076144076,Starforming,Spiral,RG4
