sample,group_id,n_satellites,mean_delta_u_minus_r,median_delta_u_minus_r,colour_scatter,satellite_blue_fraction,t_cr,Vdisp,Lum_group,M_virial,M_virial_over_L,is_dominated,Offset_Bary,Voffset,Class
CG4,25,2,-0.4026564717797835,-0.4026564717797835,0.3836005942238586,1.0,0.9683120181638932,138.73358378062295,61957048198.95252,5887096315725.472,95.01899278385896,True,0.2824384135974324,0.1629276382571697,Embedded
CG4,33,2,0.13208626205051033,0.13208626205051033,0.016461594023922523,0.0,1.231837376201855,65.212862961357,130127839490.13235,682118397318.5398,5.241909801862691,False,1.0459381755630708,1.465283826918233,Embedded
CG4,52,3,0.007351026561701908,0.24795244345133582,0.6037677489304627,0.3333333333333333,0.1824121595743693,376.10695801897606,115417905126.2303,23224389700899.586,201.21998987505037,True,0.8352094160873271,0.1700284027252094,Predom
CG4,61,2,0.4439852058256024,0.4439852058256024,0.06009976633103836,0.0,0.4306204533944396,114.38282225559918,62618337683.70095,713429164611.0309,11.393294536413904,True,1.2157693973902948,0.6787591938063231,Embedded
CG4,73,2,-0.3226943714443289,-0.3226943714443289,0.11727607867866886,1.0,0.9368450657864268,238.55179856135848,92669932515.58052,25888836687679.367,279.3660897867461,True,0.551942345180141,0.8811914794860968,Embedded
CG4,80,1,0.22158017576372258,0.22158017576372258,,0.0,1.2344789625335486,139.35060368873476,150944901427.27765,3324166687483.788,22.02238469833516,False,0.2639335431037262,0.7705293107588089,Embedded
CG4,82,2,-0.5228221700818452,-0.5228221700818452,0.10783837572522956,1.0,0.9792118579227184,175.61675796013438,94468468966.53082,9443233491836.14,99.96175014947872,True,0.177063139645677,0.7066526458030841,Embedded
CG4,84,3,0.1226776420858191,0.11613765075872884,0.31506842675126073,0.3333333333333333,0.7425451021386739,157.75382835927795,80129948726.12451,4570796132385.882,57.042294486027544,True,0.292480575115741,0.4421628849610492,Embedded
CG4,99,2,-0.18478855331413024,-0.18478855331413024,0.3894010894406095,0.5,0.8492051347493839,173.4668977380962,114862424207.06757,9079872966722.129,79.04998548832158,True,0.5515271890523968,0.0699420347567739,Embedded
CG4,101,1,0.7220919289357863,0.7220919289357863,,0.0,0.2356985323917886,225.54969362779747,95698010903.33968,3581048880854.0874,37.42030630575118,False,0.867188139415859,0.5120803766730322,Embedded
CG4,106,2,-0.5959748262164639,-0.5959748262164639,0.07041634442523409,1.0,6.131345339165436,36.747987982423375,82019641326.37619,503260939490.3304,6.135858818105924,True,0.6954272686734088,0.0708766413811161,Embedded
CG4,112,1,0.15568314246716008,0.15568314246716008,,0.0,0.2353785400984133,419.9583578978288,148469269357.46234,44931287421762.02,302.63021847021497,True,0.6475625479696887,0.2528804629871089,Predom
CG4,117,2,-0.04498882496841161,-0.04498882496841161,0.24818128713977233,0.5,0.5118502160813141,364.7625356723772,87958563130.61821,41360629729317.71,470.22857419688967,True,0.4459774354545165,0.3808038206613264,Embedded
CG4,128,1,0.14241918588243774,0.14241918588243774,,0.0,0.6927495262738582,187.3350918577178,122528236297.14688,3060935853639.6147,24.98147321909089,False,0.5787101046138088,0.8789401381018497,Embedded
CG4,131,1,0.18281245148334602,0.18281245148334602,,0.0,0.1204140613353423,418.0133653258581,151909250845.1165,13685282045601.16,90.08853621136208,True,0.8428284543570667,0.1207889664351188,Predom
CG4,142,2,-0.18131177562309841,-0.18131177562309841,0.6006288623022005,0.5,1.799881681933745,83.267087994249,74340006977.12505,1767971312236.7815,23.78223226130177,True,0.5997852789238215,0.1361472196904528,Embedded
CG4,147,1,-0.5961810397713534,-0.5961810397713534,,1.0,2.0572988784911677,65.7534465679738,117755732038.35728,674439708716.8683,5.727446953471267,False,0.5889618238622059,0.4765278341596985,Isolated
CG4,154,2,0.0006969209432812207,0.0006969209432812207,0.08745001508578955,0.0,0.2536278871382622,316.2831303017852,100115295691.8797,20238217251485.35,202.14910330756643,True,0.644932362291813,0.6484704812157813,Embedded
CG4,158,2,-0.0674210250815428,-0.0674210250815428,0.5004914706880998,0.5,5.981836296253,32.42121263589201,75352720553.75392,359150986723.61237,4.766264364236285,True,0.5833920317253769,0.9263214293657408,Isolated
CG4,165,1,0.19722863929404255,0.19722863929404255,,0.0,0.907034263915888,108.01374748964204,162461413860.08884,1630087505112.8247,10.033690255315948,True,0.5123417593107297,0.5392532526244393,Predom
CG4,173,1,-0.4810449903534879,-0.4810449903534879,,1.0,1.4787758247143237,135.88160481824826,211266207343.07584,7059636865761.414,33.4158356631889,True,0.411806215385212,0.980362790020148,Embedded
CG4,188,3,0.039399415673454584,0.11102594850541303,0.33023887979064365,0.3333333333333333,0.3364600414954025,229.806244541614,73869400151.22598,7987462559994.214,108.12951700761371,True,0.688053397345873,0.4422991778606351,Embedded
CG4,197,3,-0.042652691946822564,-0.28416537297666533,0.6448553665563219,0.6666666666666666,1.5000593755481453,96.70629629831222,67655954157.43732,1656833494457.7407,24.489100997707347,True,0.4846670704823075,0.0811331456500598,Embedded
CG4,204,3,-0.005936468668357324,-0.6507197407899854,1.170370111088132,0.6666666666666666,0.6212640696260697,230.8925162180898,94219098293.45493,8957153805430.758,95.0672843156787,True,0.5244799084763152,0.0285100954036706,Predom
CG4,206,2,-0.220326804637049,-0.220326804637049,0.041968386811359844,1.0,0.1567569343268401,340.09815527961393,98038136058.1271,11671212497844.39,119.04767845570314,False,0.3206131013896466,0.1033532834624391,Embedded
CG4,207,2,0.21854837745218458,0.21854837745218458,0.23298219701596076,0.0,1.553493928201798,87.17908109078253,137533797072.98215,2006396293706.2488,14.588387264852122,True,0.8811012761581076,0.9663547602424906,Predom
CG4,214,2,-0.42168985286489447,-0.42168985286489447,0.45171891751001175,1.0,1.74686458911894,104.38035055154089,95922460386.17969,4185543489966.7,43.634655252960385,False,0.667531707724943,0.4505522190929317,Isolated
CG4,229,1,-0.15143691045636798,-0.15143691045636798,,1.0,1.0931698651180832,167.90318381132158,79246010723.47154,7277937448550.904,91.83979587246633,False,0.5874162422476397,0.0645769890492167,Predom
CG4,231,2,0.09028291050656345,0.09028291050656345,0.27775066606771287,0.5,0.4351367242271554,246.898260881355,95428452339.42604,12284849048769.64,128.7336087676881,True,0.5700687194716964,0.0772450116997308,Embedded
CG4,239,3,-0.43848125544411093,-0.547997616336827,0.22370314492323695,1.0,1.0263689468713446,163.05321918207693,77687930788.0159,7476129255630.096,96.23282767087623,False,0.4800634514844804,0.2070174516065573,Isolated
CG4,259,2,-0.14823149854068918,-0.14823149854068918,0.5032171872343018,0.5,1.4949839617386411,120.98538425149616,113383631149.41536,3726709821431.233,32.86814669500421,True,0.2113824549469466,0.4092892926054799,Predom
CG4,265,1,-0.46811214080035723,-0.46811214080035723,,1.0,3.325820581554628,38.97813511821061,81651920307.83456,484426125585.09625,5.932819751927074,False,0.9301667236194476,0.0691675358986789,Embedded
CG4,271,1,-0.28503338974793624,-0.28503338974793624,,1.0,0.9833374980724322,189.38378528984265,95971647051.80464,10819435523052.14,112.73574910318987,True,0.8798309262227344,0.3488599981813195,Embedded
CG4,293,3,0.283661536162624,0.2574495099322447,0.13420551338462125,0.0,0.3459631009656557,306.4772734670471,127415499344.07634,21694309988984.125,170.26429359586945,True,0.7773594695128785,0.6902768797666519,Predom
CG4,303,2,-0.11272605264196323,-0.11272605264196323,0.12246596183210111,0.5,1.8095165817591976,70.17724844656149,90334591400.76791,1166006255243.7302,12.907638559749085,False,0.2189965473593342,0.7493198121962101,Isolated
CG4,309,3,-0.11361513433296277,-0.10007185473611102,0.058418697874556856,0.6666666666666666,0.8239935694003608,164.51237404092095,126638441666.80344,8022290260098.862,63.34798623948796,False,0.5513160580272786,0.7497908922066113,Embedded
CG4,315,2,0.3171411357794718,0.3171411357794718,0.034420195251645115,0.0,0.4489174729993943,314.54953863969433,80853150030.71194,25338348651996.27,313.3872785707364,False,0.1587784500737883,0.4416732668422327,Embedded
CG4,316,2,-0.13632797908486305,-0.13632797908486305,0.24253968674911566,0.5,2.220938518207684,93.85765665159808,164847847143.90326,3391098874455.896,20.571083779429948,True,0.0977584170971173,0.5055592071067069,Embedded
CG4,322,2,0.08531581749483674,0.08531581749483674,0.4366757622452324,0.5,1.2013987648375395,106.331320893402,63373357347.206375,1647979728943.1416,26.004298934555152,True,1.022700944876745,0.8648000957303565,Embedded
CG4,323,1,-0.13973016417438044,-0.13973016417438044,,1.0,0.9833914910602806,174.85004040603656,113127230202.84122,8147250036944.936,72.01847002120198,False,0.4617500483314291,0.7261199003012373,Embedded
CG4,330,2,-0.08884058727142641,-0.08884058727142641,0.1393572238702713,0.5,0.9014445126899148,118.89191411626952,68853505729.34576,2701129243484.2983,39.23009024554376,True,0.2293111313324542,0.875246164131791,Predom
CG4,333,1,1.0637709108922428,1.0637709108922428,,0.0,0.2886597694728951,191.45852988394293,272377836440.2279,2580212911014.3047,9.47291800513483,False,0.4305730931557209,0.7896645394704077,Predom
CG4,337,2,-0.21141722674633168,-0.21141722674633168,0.4306111708910046,0.5,0.4656688105403225,302.02408479186386,96511470175.82455,23015999173402.5,238.4794173321778,False,0.7230527642431988,1.4951078400482265,Predom
CG4,341,1,0.27735267917581297,0.27735267917581297,,0.0,0.8214365732074284,190.34792149633648,246418983319.83453,13063985754614.893,53.01533826092756,True,0.2160158286852694,0.4733262288100798,Predom
CG4,354,2,0.10213228430837407,0.10213228430837407,0.055856475163813715,0.0,2.3259530683226624,67.74026316036813,123640002861.19267,1111911880659.7915,8.993140204858339,True,0.2305408754648169,0.7687053160942038,Embedded
CG4,360,2,0.32397938700517726,0.32397938700517726,0.02200704472870813,0.0,0.7291876778510191,192.05501154968587,74681402780.2244,9489571073062.955,127.06739187785836,True,0.4294092754922224,0.261102896556154,Embedded
CG4,368,2,-0.4884241466779006,-0.4884241466779006,0.07873282045326095,1.0,0.3244225962593751,147.9159301546626,65226979540.27245,2245036424263.753,34.418831595254574,True,0.6513266324952741,0.5164661331975122,Predom
CG4,369,2,-0.2215142436376809,-0.2215142436376809,0.24348947824546932,0.5,1.024517996529736,119.85015443562612,111036691610.07748,3394834028602.6616,30.573983963104254,False,0.2934835645800978,1.1050572377554455,Predom
CG4,373,2,0.49648448361868236,0.49648448361868236,0.26842035421210536,0.0,1.2255281699727938,104.92174597508588,114336572387.81609,1104103036804.7505,9.65660430207549,False,0.5855785793739106,1.3347348149971316,Embedded
CG4,374,2,-0.014039401511466432,-0.014039401511466432,0.07043551106621089,0.0,0.3106896011962153,386.952851112569,156080912124.5191,35939440043679.92,230.26159672239712,False,1.0708977538936455,0.5535008192529338,Embedded
CG4,386,3,-0.38853015284193454,-0.5543238657073115,0.47489387533860566,0.6666666666666666,0.6814653948384446,246.69303772559584,87946421782.3012,20338148228652.96,231.2561195382928,True,0.4554288314224408,0.2669591596276799,Embedded
CG4,394,3,0.30521562770387217,0.09062056274310093,0.4319781202350309,0.0,0.6101439649073114,256.9512089223681,118076779429.65164,2778831469933.1543,23.534106226099603,True,0.203833496800719,1.0828488164552343,Embedded
CG4,405,2,-0.48945168434092157,-0.48945168434092157,0.02905785823910555,1.0,1.4152180567444332,139.6605782993902,81745148032.1259,3476391264688.904,42.52718783165797,False,0.6125523160020451,0.6637293077207226,Embedded
Control4B,3,1,0.25209999348636103,0.25209999348636103,,0.0,2.4782307564350408,424.2605156803372,379923749955.5245,232328927026731.7,611.5146185357696,False,0.4772632336194038,1.2168788770067571,
Control4B,27,1,0.048174950505216696,0.048174950505216696,,0.0,0.4387079109956248,800.1392614424472,290603261816.2432,453695309332110.1,1561.2189157704454,False,0.7038404829952023,0.8964478378551491,
Control4B,32,2,0.009282629259512731,0.009282629259512731,0.014255434029652646,0.0,3.307904759985533,177.98689914385025,270718565520.3726,26508427218158.504,97.91876359570784,False,0.3970452713173116,0.841309404277211,
Control4B,37,1,0.15492545197269836,0.15492545197269836,,0.0,2.027577411335679,245.49426652467733,288254678345.8259,40905276506132.07,141.90672200316223,False,0.1025100631715481,1.293574197785885,
Control4B,78,1,-0.11354811652193586,-0.11354811652193586,,1.0,2.497187906916637,347.2634270326139,311886155066.92786,174371340184055.53,559.0865043260322,False,0.5455889771337487,0.7982498574808696,
Control4B,95,2,-0.37521336347111944,-0.37521336347111944,0.1516572310060371,1.0,1.1882039895555192,398.37881474208234,228717030988.8112,181069950938684.62,791.6767289076192,True,0.4696925604289415,0.194104672669291,
Control4B,100,1,0.017884684239309223,0.017884684239309223,,0.0,0.8609277479857683,380.56688122655135,201119406338.7214,17608169850731.105,87.55082451404897,False,0.4040940943804362,0.665032672519449,
Control4B,112,1,0.42750888883227534,0.42750888883227534,,0.0,3.5560034335735695,63.04913440334216,236522800260.67593,1888917342981.3584,7.98619558410246,False,0.3380495358006952,1.0694167128667909,
Control4B,120,1,0.24248411423490213,0.24248411423490213,,0.0,1.994139602782776,302.396237809591,261551145601.34976,98076802585704.98,374.9813534947822,False,0.3877992546849174,0.2888152900164678,
Control4B,129,1,0.10910419802694493,0.10910419802694493,,0.0,0.8544628367971814,478.2731902740631,245387108545.05377,192487263996912.88,784.4228865086109,False,0.4357097860541087,1.1952079998603775,
Control4B,146,1,-0.239936751020974,-0.239936751020974,,1.0,4.111014189392703,236.1632597706069,190693903897.16135,122934950702948.28,644.6716344390611,False,0.3352584717350907,0.7494247268634583,
Control4B,152,2,0.05826380339913717,0.05826380339913717,0.13900835463701874,0.0,7.896432456059585,86.18952309477066,250714588095.18573,9396611854925.31,37.479318320949936,False,0.8317386700207398,0.4629935167328126,
Control4B,153,1,-0.5408651486049774,-0.5408651486049774,,1.0,11.734377834225226,110.46441506824004,162881811657.70538,30449207909121.465,186.94050366476887,True,0.3765048663318216,0.8238845074169902,
Control4B,157,3,-0.07498650629100097,-0.13995041156245636,0.26032282255336814,0.6666666666666666,0.9974816690129016,395.20427492205823,220591926906.70407,105253677074499.69,477.142017617966,True,0.2611693972997761,0.2126138186348247,
Control4B,174,1,-0.9299022645095927,-0.9299022645095927,,1.0,1.669936846138864,308.8070597687378,218974494337.24905,58266563210944.56,266.0883560311208,False,0.6131279759691308,0.4969774676270562,
Control4B,202,1,0.798612750927151,0.798612750927151,,0.0,8.564485971818128,91.475132837672,161252903692.47034,5459310440139.253,33.855579125265535,False,0.1731177655498988,1.3263523608419352,
Control4B,213,1,0.22739519769095917,0.22739519769095917,,0.0,5.529360004576338,76.24337637684205,228059670529.6586,2859337011148.896,12.537670533804643,False,1.33084715411469,0.5441244094087024,
Control4B,226,1,0.11225747884802928,0.11225747884802928,,0.0,4.298360280097678,214.2001567159638,195664039367.37573,60808613772970.38,310.78073400497004,False,0.7332669279607784,0.9761055941946468,
Control4B,229,1,0.022256330567048455,0.022256330567048455,,0.0,2.981395070513645,254.17510462859963,234777749638.44937,95969992655670.52,408.7695397177178,False,0.8684121881733724,1.0329264518581862,
Control4B,244,1,0.11390202175618613,0.11390202175618613,,0.0,3.858888372680169,152.5166800977517,133766156958.07126,26733744018805.152,199.85431761476704,False,0.3210582238504406,1.1449801842349143,
Control4B,260,3,-0.07014384997144167,-0.2241488814164323,0.3783522156191099,0.6666666666666666,10.861048492843764,89.9621523142201,206955301415.1007,4627077401252.077,22.357858772466592,False,0.3912770042324683,0.7396482078911714,
Control4B,288,1,0.1479529436902598,0.1479529436902598,,0.0,3.869888103429435,246.1382908145891,175719264989.2306,52577011799279.52,299.2102875145866,False,1.044986223770878,1.2238942841862062,
Control4B,292,1,0.17891605318258375,0.17891605318258375,,0.0,1.230299507314499,265.72211030466195,151383772998.33093,31607309143260.79,208.78928115769233,False,0.2364581821725972,0.6577703314235329,
Control4B,293,1,-0.4556942531015835,-0.4556942531015835,,1.0,2.7943457529662705,196.94114781645487,158440937004.5839,34442868393212.965,217.38616953657936,False,0.4226191995149352,0.8321345592123195,
Control4B,307,2,-0.4727002087190819,-0.4727002087190819,0.2590518245096354,1.0,9.0319284297932,132.3279679323582,169751563765.11035,20083439982009.08,118.31078039315771,True,0.3424020024242665,0.5259790591072439,
Control4B,313,1,-0.5513647151706169,-0.5513647151706169,,1.0,5.530511087259966,130.95670897136992,212851448527.96832,27417574271805.258,128.81084184025477,False,0.5679114069396387,0.3831799635251424,
Control4B,329,1,0.18748005892688147,0.18748005892688147,,0.0,9.441604745407064,127.3040234056116,275452457688.3487,36613134849309.24,132.91997884707175,False,0.2153625402133323,0.5166146454848619,
Control4B,336,2,-0.33100898105921006,-0.33100898105921006,0.07762459799803224,1.0,3.3593216083058115,143.92563436219865,150361445128.98813,15044929917528.107,100.05842857270864,False,1.0591971330692076,1.0777486319409617,
Control4B,351,1,0.11464672175401924,0.11464672175401924,,0.0,1.622665446812069,129.78474511632473,119174093975.89577,7900112678092.059,66.29052015020933,False,0.230606045464729,0.7459760420024356,
Control4B,387,1,-0.3668113483319386,-0.3668113483319386,,1.0,8.265236000943938,205.2405734827346,214230094346.15182,63051433915567.02,294.3164176256621,True,0.3024095343276403,1.3560437392190616,
Control4B,402,1,-0.002018288687253289,-0.002018288687253289,,0.0,3.21734279915392,367.7368362561796,269185486118.62665,232233791959547.9,862.7277618422763,False,0.4036817488695038,0.4988828187770722,
Control4B,407,2,-0.3821356741506774,-0.3821356741506774,0.04956706181278835,1.0,2.6841015906343166,134.7305041140649,226596796728.7262,9224682227124.22,40.70967621915542,False,0.6352059580825128,0.730542400575775,
Control4B,412,1,-0.5705202323721243,-0.5705202323721243,,1.0,5.21276508679406,138.8599098905228,136977626908.0296,21158921116471.473,154.46990573634432,False,0.0783395034806902,1.0835879860879551,
Control4B,436,1,0.2611692306919169,0.2611692306919169,,0.0,8.80922627219065,106.9006098245452,180196204608.7833,22632464658102.44,125.59900863194576,False,0.7866767851656562,0.2892755784762379,
Control4B,443,2,-0.2976154478621389,-0.2976154478621389,0.5334609005059693,0.5,2.854777625549646,220.84154919969177,218929822967.71,60017779743511.06,274.14163557042247,False,0.2375222877492869,0.4300842291927554,
Control4B,446,1,0.14923827958363267,0.14923827958363267,,0.0,0.8148412232125828,282.2472604877006,156350792243.05167,40401930472654.8,258.405665190675,False,0.5910410868025534,0.5674227008827839,
Control4B,470,1,-0.4765221904670529,-0.4765221904670529,,1.0,2.371452853686427,322.72536535489365,173958930489.35242,114788290921794.2,659.8585689098618,True,0.52080020525406,0.0324271215092492,
Control4B,477,1,-0.45620749587861376,-0.45620749587861376,,1.0,6.401533766406583,147.32229562792054,168175463029.65872,38554266514752.97,229.2502474511023,False,0.508274908485211,0.8155334174381299,
Control4B,479,1,-0.6464958739942284,-0.6464958739942284,,1.0,1.716992754251248,269.9246735461926,157967516838.9129,56496981743895.15,357.64936282126814,False,0.4429264896437636,0.7365950581955621,
Control4B,480,1,-0.5873115317008786,-0.5873115317008786,,1.0,2.6014186470339533,208.93429872963264,198010579705.78668,40323967995995.27,203.64552265798372,False,0.5526805840158819,1.1826990765559422,
Control4B,481,2,0.012011799719020111,0.012011799719020111,0.14858368597005453,0.0,2.338047859407289,244.7340419972546,154630736534.36484,41954500459369.12,271.32057571261214,False,0.545578434092016,1.084880304296811,
Control4B,483,1,0.22496692129224272,0.22496692129224272,,0.0,1.9609169695638853,180.52205723100192,189174321370.91205,21914484736667.21,115.84280878005488,False,0.0849240783374983,1.5139450235581686,
Control4B,484,2,0.14255251096404242,0.14255251096404242,0.103008173916332,0.0,0.479294164073855,345.81737176807826,147070399798.5325,27142393454646.63,184.553747673415,False,1.0462633153686465,0.0416588849395247,
Control4B,510,2,-0.1971320098724656,-0.1971320098724656,0.27476159397244215,0.5,3.569027418291317,265.5496817543295,269672906526.4217,73034780117613.44,270.82728131035935,False,0.3361264900591044,0.7648228282587112,
Control4B,526,2,0.2413961480781439,0.2413961480781439,0.03621908706961374,0.0,3.820724045062312,171.8217186199446,156648914392.59955,36303714591115.42,231.7520981992231,False,0.451735659763068,0.791968276849394,
Control4B,555,1,-0.5459320728195838,-0.5459320728195838,,1.0,5.865791781650239,195.0295828550559,229946896767.9175,45455339222054.79,197.6775501690387,True,0.9565989032129716,0.4364282760116343,
Control4B,568,2,0.18910775801698265,0.18910775801698265,0.07568775310417414,0.0,2.004782350092737,304.76315704111204,168890598556.69778,126613220802668.95,749.675955231836,False,0.3345245593139556,0.1061767179580565,
Control4B,576,1,-0.43523838982130725,-0.43523838982130725,,1.0,6.053822502736228,129.91110132125667,176363458787.5545,22769829031527.543,129.1074080087975,False,0.1955175253510515,1.208594424451012,
Control4B,581,1,-0.5221319106034592,-0.5221319106034592,,1.0,1.676893700147675,370.5241970086219,158348789395.95618,24714782598096.375,156.07812786175634,False,0.2242610394179552,1.034624825142695,
Control4B,609,1,-0.5219490680788912,-0.5219490680788912,,1.0,6.686536422281633,196.53371696901127,223990184480.6764,90139414006334.77,402.4257322494909,False,0.2379722144365498,0.3584358069273943,
Control4B,623,1,1.1225229103336551,1.1225229103336551,,0.0,4.6495157737643495,202.3167357467244,183644081006.04297,89891865704025.94,489.4895888371593,False,0.8317788029677957,0.4340640174350815,
Control4B,624,2,-0.46131147469489986,-0.46131147469489986,0.6249147312517416,0.5,2.589238994429567,227.89475665457,154324668565.1941,37037173919283.67,239.99516255975243,False,0.3561271020713752,0.2168861911521954,
Control4B,637,1,0.18594663180753201,0.18594663180753201,,0.0,1.0637166048964453,225.5026911549426,228366887051.18805,10106965306341.92,44.25757795645943,False,0.376113776088425,0.6395895899051453,
Control4B,641,1,0.2659205915987415,0.2659205915987415,,0.0,1.4326860657633878,143.07516787409622,126854226952.79556,7311953244088.575,57.64059597958425,False,0.39468388700813,0.9170865293596324,
Control4B,642,2,-0.6231557285715594,-0.6231557285715594,0.019385693672534163,1.0,4.6792623731062974,96.32949264931462,115672562411.17397,7285010873108.851,62.97959275090044,False,0.7188081480614563,0.5709084856260956,
Control4B,643,1,-0.3730036922217854,-0.3730036922217854,,1.0,3.5355774272775147,117.66082036864202,78829577190.53813,11027253452265.855,139.88725863151592,False,0.5203564202427238,0.4416298332957804,
Control4B,689,1,-0.5161835721428694,-0.5161835721428694,,1.0,10.3029445225491,110.52451617632627,169643452433.6643,28300205112589.48,166.82167632526645,True,0.0747876884274874,0.190797870121934,
Control4B,691,1,-0.6749193211728017,-0.6749193211728017,,1.0,1.736712595774606,313.8737634351026,181664631392.9111,117969102040597.48,649.3784791022391,False,0.6819141879919154,0.82240911312878,
Control4B,705,1,-0.5724119561626724,-0.5724119561626724,,1.0,11.105487887426069,69.27048112981724,173105170607.45148,6510409649441.097,37.60956201709696,False,0.5397545290681356,0.9133683995009182,
Control4B,708,2,9.03210017532995,9.03210017532995,12.432910483346198,0.0,0.1604209436924211,468.6908785209227,166816480094.53125,17557183596031.145,105.24849574863268,False,0.2604503105468224,0.4950748714730109,
Control4B,711,1,1.5056271674554034,1.5056271674554034,,0.0,1.3664560432237465,291.14501436250225,169880945943.03226,54600110264592.36,321.40220294571424,False,0.2154354226744955,1.4911745880748528,
Control4B,712,2,-0.3958363309117361,-0.3958363309117361,0.44861919725680666,0.5,4.357429906551764,122.0037973015466,190570638016.0969,9601467770293.22,50.382723541504944,False,0.2841459620793822,0.5730149565182359,
Control4B,714,1,0.028888108899665532,0.028888108899665532,,0.0,4.2725692362795,98.19298957623091,145335363875.7736,4953951440321.994,34.08634559553185,False,0.4526924108936923,0.0898504410517492,
Control4B,715,1,-0.4805582661445653,-0.4805582661445653,,1.0,4.5409258453735175,183.13838967729848,171479131606.08917,28619650157395.492,166.89873507838092,False,0.4620419262078992,0.4033074223246475,
Control4B,716,1,-0.3216342237943306,-0.3216342237943306,,1.0,4.720018089630539,142.59791767653962,129936028284.24016,23058696546622.203,177.46191607596623,False,0.1785640511747611,0.1364065583560791,
Control4B,718,2,-0.3972139075597412,-0.3972139075597412,0.20125985340807093,1.0,3.515580433470624,177.83056772331514,132872954742.70134,32949082637340.29,247.97433534268697,False,0.3103465016323784,0.8743076130252357,
Control4B,722,1,-0.7848987870499666,-0.7848987870499666,,1.0,19.73887310889988,36.03640190317923,147027560782.19962,1118084307847.6338,7.604589927897371,False,0.4512562887015035,0.9952926915068702,
Control4B,725,1,0.269738862238702,0.269738862238702,,0.0,9.793655039327792,56.21330118902996,125219652105.33672,3337317999796.2827,26.651711162628683,False,0.6108848241551058,0.6629401729228448,
Control4B,774,1,-0.5650291658310316,-0.5650291658310316,,1.0,5.927322916272216,180.49514083020023,172954418855.17612,50161551606888.49,290.02758032387374,False,0.4722486237160332,0.9359311623609264,
Control4B,784,1,0.15697478376343454,0.15697478376343454,,0.0,4.075829642070054,137.0406520456396,152512047105.21402,15501088213310.951,101.63845091278044,False,0.5841425193448494,0.8695985127338628,
Control4B,786,1,-0.2674465796527574,-0.2674465796527574,,1.0,7.11954271301664,121.53640549575024,212808523506.45047,14705968729490.84,69.1042280035606,False,0.7144885553764123,0.6946292835377001,
Control4B,789,1,0.09170206175050444,0.09170206175050444,,0.0,4.829078787787402,76.23130842917807,167052158566.05658,3168494256310.7227,18.967095567686552,False,0.5040838319216319,0.3847958104228839,
Control4B,790,1,0.1281615831295153,0.1281615831295153,,0.0,2.49256566873464,220.3142444483807,158335808373.14926,53039939387569.5,334.9838544580549,False,0.4239611870621074,0.6397324670407472,
Control4B,793,1,-0.40237246720407294,-0.40237246720407294,,1.0,7.462088206903586,85.48356366576203,163368163983.34836,9736763240081.736,59.60012650368144,False,0.1973982494074179,0.129935227891472,
Control4B,795,1,-0.6754714861044686,-0.6754714861044686,,1.0,1.7386267684952446,235.6532131961534,130608679757.26431,54704346941163.04,418.841588804288,False,0.4131705746526315,0.5256064335886219,
Control4B,796,1,-0.26237861295761444,-0.26237861295761444,,1.0,5.944872956833267,138.10849280219705,181285698520.10815,17864062491278.37,98.54093641753488,False,0.3915492206482683,0.1191090993991242,
Control4B,797,1,-0.28501966369879916,-0.28501966369879916,,1.0,3.106560980966841,176.38021228602986,148311924160.89383,18792451586505.805,126.70897294892562,False,0.3943386486338033,0.0706815302000574,
Control4B,801,2,-0.02140476118123047,-0.02140476118123047,0.4023234304924743,0.5,1.334942437239379,111.65705548910223,123190285875.6273,4053811718300.01,32.90691055293703,False,0.2592840022623088,0.660820935062448,
Control4B,804,2,-0.3611587546509236,-0.3611587546509236,0.1484770684683575,1.0,3.1608868850937126,176.90908080343098,96226379791.23332,39286646328062.33,408.2731410377919,False,0.3209114237448962,0.1150317358084263,
Control4B,847,1,10.021479134648066,10.021479134648066,,0.0,4.183587964456453,163.67281029615935,194650243809.94403,21360807820075.816,109.73943521454024,False,0.2520179727674598,0.2600377723710109,
Control4B,859,2,-0.2366610032654899,-0.2366610032654899,0.1718102289510844,1.0,4.12661988408655,149.53064415650155,136281643855.32304,14897978797558.926,109.31757481128318,True,0.2070660490568196,0.6892920783909386,
Control4B,867,1,-0.5502840595938343,-0.5502840595938343,,1.0,1.056590498219005,356.2490745302586,145323928702.6325,100760572109811.7,693.3515561363051,False,0.9420709123164356,0.3383217276239045,
Control4B,871,1,0.4114867094042802,0.4114867094042802,,0.0,1.3881741965125385,244.98059096520316,167498236025.48877,37674208988300.13,224.92301938372128,False,0.2365774129066349,0.8299710249595704,
Control4B,883,2,0.05737737999066517,0.05737737999066517,0.4044581698235864,0.5,1.6284260138539517,227.5024126869768,115212316049.8826,32494819414001.965,282.04293193735407,False,0.8205964889775423,0.158268605506275,
Control4B,885,1,0.15070993154760925,0.15070993154760925,,0.0,0.3388619469384895,369.7626628555558,124138440609.95674,30500319583332.617,245.69601030485543,False,0.6774198630779019,0.5119375574337902,
Control4B,886,1,-0.0732713175915416,-0.0732713175915416,,0.0,4.43174510510606,109.3084394215158,107983480420.20976,13602904923196.906,125.97209193723154,False,0.5735893600979616,1.095565073599801,
Control4B,887,1,0.17014857933260297,0.17014857933260297,,0.0,1.9329981463602184,213.81885590803904,116117208080.9752,23882909747095.996,205.6793316150098,False,0.8889194105575048,0.6152141502504788,
Control4B,889,2,0.10548144014597827,0.10548144014597827,0.16292144663748903,0.0,4.653361196719303,83.22396059986164,115732110415.19022,3688037088385.178,31.867016640017233,False,0.2383540512270702,0.664840887984248,
Control4B,962,1,0.16410740824313041,0.16410740824313041,,0.0,8.994668399311008,106.66210811273814,207720732345.22552,18480695626679.8,88.96895085063271,False,0.2783713453911429,0.9726679102464102,
Control4B,974,1,-0.3385160119423114,-0.3385160119423114,,1.0,2.1217516283292968,213.9746318078252,159510079784.48584,21141416572529.72,132.53969028850025,False,0.3065221949916879,0.8262835792529166,
Control4B,985,1,0.0652251943948503,0.0652251943948503,,0.0,4.505298612629239,86.31145208701739,154838687046.3002,3497053017666.3765,22.585137373456803,False,0.4020075181522585,0.6281276418099723,
Control4B,988,1,-0.23987571222058213,-0.23987571222058213,,1.0,7.050852145238502,109.1483006208569,145391272254.7267,7975717073490.558,54.85691781771491,False,0.5037967048220267,0.5113149776368124,
Control4B,996,1,0.37572240338735563,0.37572240338735563,,0.0,6.4539947545618075,118.71974985139808,133066127104.41898,18640076650752.805,140.08130435873932,False,0.4756853623516385,0.8242818804529997,
Control4B,998,1,-0.1847129223257924,-0.1847129223257924,,1.0,4.7297608471615415,145.50392247670985,162212608855.3415,3577213581803.806,22.052623449228324,False,0.4864352469392148,0.7082832628366693,
Control4B,1005,1,-0.35699245338345387,-0.35699245338345387,,1.0,5.1683540731758955,122.28403342597387,117059148438.41164,11295090409571.3,96.49045427247395,False,0.1197993346403775,0.3557377136025855,
Control4B,1088,2,0.19099866544381805,0.19099866544381805,0.13213606855974971,0.0,3.5402864119380335,203.22156067601705,156126868176.44675,77047312765294.75,493.4916947044614,False,0.871734548229931,0.9110002192847826,
Control4B,1093,1,0.1256409717132616,0.1256409717132616,,0.0,1.2753983429851594,290.67343381643167,133971833082.42546,57036524682874.12,425.7351965004666,True,0.1680278224933397,0.6565471177978204,
Control4B,1104,1,-0.3991503414041615,-0.3991503414041615,,1.0,5.461241328030885,130.85444625927943,164200726267.84494,25229133770825.52,153.64812534185535,False,0.3241295175914043,0.6545651626167537,
Control4B,1109,1,-0.37680251774950024,-0.37680251774950024,,1.0,16.995596040377894,44.056659686540726,156690757787.09195,3248771729402.189,20.7336525477562,False,0.3086012312641696,0.0633114574668649,
Control4B,1110,1,0.5101817342150547,0.5101817342150547,,0.0,3.4498959310694444,209.78662233575065,205157411368.38657,52658295693030.945,256.67264634410986,False,0.782773878064433,0.2277086453570059,
Control4B,1118,1,-0.23691355900347189,-0.23691355900347189,,1.0,0.7136892998564403,302.44015019428144,130064921328.0256,43428173554337.336,333.89612749475214,False,0.6253414555105092,0.1255433480421294,
Control4B,1122,2,-0.09500435997017154,-0.09500435997017154,0.4698600357396734,0.5,2.862944168033875,209.4397623308535,114968649395.98254,41935939961251.664,364.75978609449567,True,0.3244549742364997,0.0339967411480134,
Control4B,1131,1,-0.431921726945367,-0.431921726945367,,1.0,10.433349293592215,61.114731800873344,148359980093.36804,3528477317356.101,23.783215090319565,False,0.4443837254597158,0.5924183677647029,
Control4B,1133,1,-0.19935613193426205,-0.19935613193426205,,1.0,2.6027871965482885,234.6463553702124,155686338960.95667,50057182666973.03,321.5258512792601,False,0.3323429952904994,0.2793341926013687,
Control4B,1134,2,0.32819962172528894,0.32819962172528894,0.02739412952321529,0.0,2.544197509023435,223.29270701362813,111185214218.85484,45319566221371.01,407.60425331523714,False,0.4117663160024349,0.081400955392738,
Control4B,1142,2,-0.3044737117200247,-0.3044737117200247,0.817616032353399,0.5,1.3322553943786355,249.51563525223267,121192756133.151,7134823091842.097,58.87169596178894,False,0.4181793959915683,0.1264015745521568,
Control4B,1143,1,0.2762678753678238,0.2762678753678238,,0.0,4.9234456647494165,97.98401771416592,113360696554.56355,9202445739184.844,81.1784508994743,False,0.3731564571619862,1.1097123668168238,
Control4B,1145,1,-0.4682728969265244,-0.4682728969265244,,1.0,0.5616495148302233,195.2036300273022,113504358918.1094,5515384494863.103,48.591829841903404,False,0.980325939576322,0.7116325916690478,
Control4B,1259,1,-0.4331898638057754,-0.4331898638057754,,1.0,3.9626363230874255,125.47704192037324,157734615955.1369,14028680113580.498,88.93849982536842,False,0.8457538876425906,0.0135546149482011,
Control4B,1264,1,0.1954896118286915,0.1954896118286915,,0.0,1.3581361881291176,265.78599577262594,165060321176.05637,40997101131546.4,248.37647739590992,False,0.9801995156501128,1.2400869259043483,
Control4B,1266,2,-0.45840652117456415,-0.45840652117456415,0.23764197950203086,1.0,2.399070513726738,148.21132902974054,141337928941.16205,14365039517858.225,101.63612574115392,True,0.954743125795132,0.730192088730234,
Control4B,1270,1,0.04279431359673147,0.04279431359673147,,0.0,5.997641834204807,111.97745112655696,159125221035.37598,18112519871696.7,113.82557556774742,False,0.2757063694857883,0.7001109239536214,
Control4B,1272,1,-0.12769014770462261,-0.12769014770462261,,1.0,2.5995097787145136,171.61538527939794,125234165425.58432,29236002801133.62,233.4506937606097,False,0.4769783864903747,1.0201084110699183,
Control4B,1274,1,0.0238881376442035,0.0238881376442035,,0.0,0.7285782967682337,199.15504544132844,177565600416.4236,14302664196857.764,80.54862069745163,False,1.1673412556911371,0.3372248915524561,
Control4B,1295,1,-0.43418614473949013,-0.43418614473949013,,1.0,1.2464778757304535,206.11466641503097,101216759379.133,14353849109593.666,141.81296850087534,False,0.5555905775254432,0.352372180276603,
Control4B,1297,1,0.21943716890793263,0.21943716890793263,,0.0,1.2112303516348073,232.84871110765235,84020951644.33803,19306947159239.83,229.78729449490683,True,0.1609199334597737,0.6192569115759591,
Control4B,1298,2,0.17884262006906626,0.17884262006906626,0.1242549639845582,0.0,2.643616966664818,176.15621574737864,103950886464.70714,29079267035172.258,279.7404430509123,False,0.8181484145861379,0.2284195860164503,
Control4B,1300,2,0.5782262380687493,0.5782262380687493,0.35977126669623477,0.0,2.066300443049094,130.92100148063471,62664287034.112495,3840721031039.334,61.29042893200978,True,0.5081182711398474,0.4526217463789857,
Control4B,1301,1,0.5832670877099759,0.5832670877099759,,0.0,0.4863626168876429,427.6574826962762,122803325359.54922,39893143779917.734,324.85393749002117,False,0.3162486486352644,0.1686595468366444,
Control4B,1302,2,-0.4433246213727038,-0.4433246213727038,0.396230462196179,1.0,0.8992314963807109,217.39764213496443,112283649423.52324,17470001862313.518,155.5881194813889,False,1.188595830010998,0.2406544635670043,
Control4B,1404,2,-0.10088697980635586,-0.10088697980635586,0.11001998797228356,0.5,2.174459198427905,267.0251472913489,166956663347.14252,77036560510827.97,461.41650753196166,True,0.8065369521928941,0.1531644076952856,
Control4B,1436,1,0.1073784701753091,0.1073784701753091,,0.0,5.955899923031242,131.71698216337694,144463285415.7239,22774999845958.27,157.65251205812154,False,0.4131938142876703,0.904543684414064,
Control4B,1455,1,-0.23595354230457133,-0.23595354230457133,,1.0,5.521838519302515,153.63202654946596,121817403161.7636,28925072648460.098,237.44614396392896,False,0.3608049723828264,0.101661513465689,
Control4B,1459,1,-0.2709617973640639,-0.2709617973640639,,1.0,3.0785854720101877,151.7091097700508,112532948078.76552,3365340411949.6753,29.905378552725395,True,0.7210593009677002,0.7729409589614972,
Control4B,1460,3,-0.12306987558152027,0.1367350674051231,0.4763942231703244,0.3333333333333333,1.8878108934364295,208.98442046729969,141936441291.1477,20795013760660.477,146.50933594991733,False,0.5893594889918844,0.3070408401726311,
Control4B,1464,2,0.13366333677495112,0.13366333677495112,0.023789366637982305,0.0,0.7317435043016026,178.83831502005344,111539642005.15993,6051937259494.981,54.258173602664186,True,0.2513574648217334,0.5695739389992579,
Control4B,1480,2,-0.38133552210121424,-0.38133552210121424,0.6530747995531312,0.5,1.5248717716431364,138.5965556357068,113347464807.35898,7094301142614.359,62.58897060178243,False,0.4413214265503014,0.3041479434136126,
Control4B,1482,2,0.184639235337813,0.184639235337813,0.1863802524135085,0.0,7.561660780059092,71.41107895449814,120900826296.18404,5768878265710.303,47.71578857184687,False,0.3814309547815253,1.3834465968302494,
Control4B,1483,3,-0.18154203071652134,-0.33556528118558404,0.3434371026641296,0.6666666666666666,1.7774503061581055,113.97459697251654,91715399787.14523,5076995093354.67,55.3559718993479,True,0.490534443779565,0.9420539705959652,
Control4B,1485,2,0.17402162903915586,0.17402162903915586,0.0023905674198997306,0.0,1.276418736473545,220.9984612947264,93674955386.96288,22152009413633.625,236.4773948610453,True,0.4179455913945546,0.5637549073306923,
Control4B,1486,1,0.03720680925282771,0.03720680925282771,,0.0,6.520703794123234,72.11249046211553,104611147787.91734,3635899364185.581,34.75632799246974,False,0.5913874418251557,0.064948532136592,
Control4B,1488,3,-0.6462367038096615,-0.625755197186407,0.09501407512235553,1.0,5.8224652910515475,76.1468514565959,81316040138.98648,5275301278372.819,64.87405522153074,True,0.4736466228458489,0.1228869455706936,
Control4B,1490,1,-0.3816776929933896,-0.3816776929933896,,1.0,1.745770410001152,152.0719895881841,95207858438.5254,13352831389467.889,140.24925682042996,False,0.9676035314907906,1.2306619181403031,
Control4B,1492,2,-0.46826472300581323,-0.46826472300581323,0.0258611726861438,1.0,4.215887365976214,129.5928809959292,105319459840.99413,3308898159926.0654,31.417728166491447,False,0.5256807874078504,0.8319518915503158,
Control4B,1494,2,-0.172537833921792,-0.172537833921792,0.784753768930185,0.5,1.7796594002072454,145.1476760739025,119462236771.36284,12476962044753.986,104.44272920013609,False,0.5004026239099023,0.8050205338937535,
Control4B,1496,1,-0.4397422318552908,-0.4397422318552908,,1.0,3.2330449524103884,143.6977851831576,72819559897.91194,19731569157877.855,270.9652349662669,False,0.1157686905362488,0.4695820511613051,
Control4B,1497,2,-0.678363492193518,-0.678363492193518,0.004890256771701198,1.0,2.489741964936875,151.1662520003799,117678472676.47215,23008818535191.37,195.52274950447756,False,0.247269258182019,0.0744515336266143,
Control4B,1498,1,0.12538472355100883,0.12538472355100883,,0.0,2.696242401015586,219.3104079892569,89224233056.41243,19998251787774.836,224.1347569233893,False,0.4808515426700762,0.3707985454700527,
Control4B,1499,2,3.6667506339772116,3.6667506339772116,5.689207376164894,0.5,5.384654935278432,88.49992749083147,105277722466.44934,7729505939903.751,73.42014776551655,False,0.8808584189997478,0.636550929643775,
Control4B,1599,1,-0.7215242299869185,-0.7215242299869185,,1.0,4.114799411641091,172.4115646654502,224229109768.51028,45714580717972.24,203.87442453465152,False,0.5827557617816447,0.3512426527107545,
Control4B,1600,1,-0.346359655136836,-0.346359655136836,,1.0,5.758790790140734,177.56615775652816,206546394896.8448,15955597412521.482,77.24945971819147,False,0.5253361125943425,0.8791837870941158,
Control4B,1619,1,-0.6645961404116285,-0.6645961404116285,,1.0,3.3610970635045323,295.2905863234885,160092436537.00677,83122370690874.42,519.2148516751442,True,0.5899844144691615,0.2449401437001631,
Control4B,1659,3,-0.4894543333241243,-0.39420374495704014,0.18273101259720645,1.0,3.958201169020139,139.2966004941686,138818409679.64606,21227022403551.414,152.9121566263252,True,0.9420959614485296,0.1695037642127921,
Control4B,1664,1,-0.1362036142305456,-0.1362036142305456,,1.0,2.077939345208242,234.4021895339409,161484776490.8955,31349800624764.773,194.13471229922575,False,0.4676016240548785,0.7515829259420027,
Control4B,1670,2,-0.03796931867163966,-0.03796931867163966,0.03203906069282943,0.0,1.9606894865018876,210.00126864179833,125923940778.63583,41290233299457.57,327.89819826273134,True,0.9374596931626336,0.0135863112109339,
Control4B,1698,1,0.09777017317627035,0.09777017317627035,,0.0,1.5646254592556057,350.8399746554329,158462723120.56674,40992269773337.23,258.6871471478384,False,0.2482385305023595,0.8567833709494033,
Control4B,1701,1,0.02140304045981134,0.02140304045981134,,0.0,2.997991667677668,199.7011200114195,121221955084.43404,49313266188498.125,406.8014424792129,False,0.5261269085543333,0.4576988587314029,
Control4B,1714,1,-0.052178489244176784,-0.052178489244176784,,0.0,0.7815736493615859,69.22591435635465,128410487783.41203,420738161048.88904,3.276509328105205,False,0.8986308231813153,1.142024429766174,
Control4B,1716,2,-0.183824840286126,-0.183824840286126,0.23059611051540654,0.5,14.80382022910369,51.01129297101357,135132446303.27892,2703718522880.98,20.007915173925003,False,0.1883116312018626,0.4629827443673879,
Control4B,1718,2,-0.4172764642206036,-0.4172764642206036,0.1876441204426691,1.0,0.3614604197391431,712.5703011207556,85169633974.4342,137761497396789.36,1617.495473071329,True,0.4747078540889138,0.6568335284343692,
Control4B,1719,2,0.17107819104835964,0.17107819104835964,0.019078873302985952,0.0,2.9680378223301154,136.9620373806666,108303365070.91988,18710249465096.707,172.75778506831014,False,0.7769483955317343,0.8832012888057522,
Control4B,1722,2,-0.422611772897741,-0.422611772897741,0.2176109945919861,1.0,3.2843219956019603,179.61325980175437,150522047675.6038,38343134192068.54,254.73433815292887,False,0.5224427353849934,0.1400770531546881,
Control4B,1729,2,-0.32819791743089577,-0.32819791743089577,0.17613318792660534,1.0,1.8766052563821891,114.1775468856016,97705450927.8682,5644255131010.081,57.768067977875624,False,0.0609442263128748,0.1415250334302562,
Control4B,1731,2,-0.23228481516983446,-0.23228481516983446,0.22936824411913334,0.5,1.0731244849579986,186.39148355581105,115154730945.19344,17250447822590.766,149.8023370902661,False,0.1828290559967368,1.022809394172008,
Control4B,1732,3,-1.0532557108140812,0.00850023480579587,1.9545601787924887,0.3333333333333333,2.298111039167126,181.30011921367185,126051377696.97215,25600775641913.742,203.0979439467776,False,0.3945093305918944,1.0342388562719382,
Control4B,1733,2,-0.17695956880801855,-0.17695956880801855,0.28309236796036247,0.5,1.6101615580019668,164.9096483151622,93399128186.6816,14405032347812.91,154.23090801255486,True,0.5270735351863746,0.8524229283107464,
Control4B,1737,2,-0.16459846397192424,-0.16459846397192424,0.4791936734863741,0.5,1.9611666985161604,179.175794822624,101216502435.64352,22051906656882.176,217.86868866471093,False,0.1678214279648323,0.3228114949689265,
Control4B,1739,2,-0.4260291861709582,-0.4260291861709582,0.2751497187449014,1.0,5.488308836925999,72.76586965350583,88260864622.48166,3916670095958.418,44.37606761174613,True,0.2065854456212852,0.5262772569193778,
Control4B,1740,2,-0.06459956057952665,-0.06459956057952665,0.94131737251431,0.5,1.0995230437891046,222.5154511494181,110742271942.61629,16197258751051.049,146.26084932991117,False,0.5443386312867488,0.7306294548515444,
Control4B,1744,1,-0.0728124723806487,-0.0728124723806487,,0.0,3.072109472540272,130.13567925180877,118537228503.33997,9283744238070.36,78.31922810485466,False,0.5187052729608208,0.833789768331845,
Control4B,1746,1,-0.8980836394735303,-0.8980836394735303,,1.0,2.491499581778003,173.44515034713916,108154288104.38908,8843862964113.896,81.77080279589025,False,0.4467195969555139,0.0933078575025938,
Control4B,1747,2,0.1447763835126703,0.1447763835126703,0.17332488676622287,0.0,1.3386130153970974,199.0736934922392,83741398407.27019,20864676907681.7,249.15606025836664,True,0.3733140469641389,0.5503548458693116,
Control4B,1749,1,0.23785520525620552,0.23785520525620552,,0.0,3.0464413538997084,162.6695574547194,108635831619.55286,13835827354779.176,127.35970396243488,False,0.4610425134164737,0.7666995866565119,
Control4B,1750,1,-0.5248574573892197,-0.5248574573892197,,1.0,1.6115330739811575,223.18783947085825,142578407245.79404,37173539193478.59,260.7234847938392,False,0.3287259155498512,0.8807944589509846,
Control4B,1751,1,-0.47991372885909467,-0.47991372885909467,,1.0,2.4660525466397445,183.70742575862255,122266997898.65971,27312944266453.984,223.38770670636865,False,0.347813735914608,0.6728437380683898,
Control4B,1753,1,-0.29068735663331147,-0.29068735663331147,,1.0,13.827790069990323,34.040330438025656,99925904776.77232,1245726072672.0403,12.46649780609851,False,0.7090639451770637,0.063017640000919,
Control4B,1754,1,1.0225374383092571,1.0225374383092571,,0.0,10.897731362910283,57.61594670072122,112743467538.19452,2197377105914.352,19.49006141016497,False,0.4514618497952414,0.2222514051983419,
Control4B,1756,2,3.939647445590185,3.939647445590185,6.515865327991648,0.5,1.143026119398477,134.78137995160324,135622467233.67526,729208577378.532,5.3767535147559125,False,0.5081020231011992,0.0445640246100693,
Control4B,1758,1,0.2048965675994383,0.2048965675994383,,0.0,1.308899135723168,178.62764424417222,119068007103.04184,13242153109691.889,111.21503947094776,False,1.0526442413357768,0.838513380582971,
Control4B,1759,1,0.23102419858777035,0.23102419858777035,,0.0,3.0369569141444535,142.4736930876091,130701950152.52042,7778447650874.474,59.51286604214816,False,0.525426370156453,0.9986936034079588,
Control4B,1939,1,-0.40623676074527104,-0.40623676074527104,,1.0,3.142267704307548,182.3245540786762,187666525721.17053,19531113451297.44,104.07350685607192,False,0.5274682127504879,0.081098832012217,
Control4B,1948,2,-0.04518226092668898,-0.04518226092668898,0.2426774340441132,0.5,3.3075272573034407,321.9950788610638,164708778307.12955,150392259241933.84,913.0798053853576,False,0.3697310852463548,0.2307732075132607,
Control4B,1953,1,-0.5545267282005306,-0.5545267282005306,,1.0,2.3063812632310325,295.4150422146949,181154216362.5199,106933434000740.1,590.2895121510636,False,0.3439337821532491,0.3154381269435085,
Control4B,1996,1,-0.1120593634545779,-0.1120593634545779,,1.0,2.6712194549443664,157.1528451179601,133013369972.18962,12186660801957.615,91.61981840250792,False,0.6897797777218299,0.2848090705569145,
Control4B,2018,2,-0.09635894907845244,-0.09635894907845244,0.3811962251770721,0.5,0.6662140816816903,313.2283517119379,146479750460.1886,48622562006618.31,331.9405027238446,False,0.5599715710327114,0.4688598502785416,
Control4B,2021,1,0.21257519291233518,0.21257519291233518,,0.0,11.745471363834048,89.77245070862061,144904171750.1734,10783344512040.37,74.41707427603764,False,0.5123256601228792,0.1244847764739707,
Control4B,2025,2,-0.18919637523654376,-0.18919637523654376,0.43155848202615565,0.5,15.608091374792505,44.39314418086181,133152933274.3979,1863935613749.2383,13.998457021657128,False,0.1985400284694798,0.2787265328422918,
Control4B,2038,1,-0.9083322482273464,-0.9083322482273464,,1.0,4.5654062339086074,190.3507332630164,152488744509.65018,43695233013645.51,286.5472671714487,False,0.3880274085996334,0.7294199912398857,
Control4B,2039,1,-0.42363764899711365,-0.42363764899711365,,1.0,20.65043499571131,31.244163714228073,122761729338.07896,1155799763074.3855,9.414984370995438,False,0.096526002258461,0.0905555549821017,
Control4B,2041,1,-0.2175234534123316,-0.2175234534123316,,1.0,0.1507983661160609,565.7109148560457,99719876414.0303,59102743736119.92,592.6876953871188,False,0.3071628615635639,0.802597031342127,
Control4B,2055,1,0.13347181611487313,0.13347181611487313,,0.0,0.7596663821430529,303.5156970720066,118703856164.50188,31722493608803.863,267.24063256076766,False,0.3191485659808096,0.2259760834668721,
Control4B,2057,1,-0.48372161286399074,-0.48372161286399074,,1.0,4.896269755436156,86.49057481892822,122476311185.91151,6616402784189.394,54.021897950095024,False,0.7712509902918835,0.2765769351404388,
Control4B,2065,2,0.014048848984870244,0.014048848984870244,0.4699603273413128,0.5,3.37573315158854,106.34336518966792,114067449615.087,9303622483478.377,81.56246602227743,False,0.5969895481744965,0.319951042603858,
Control4B,2067,3,-0.18211579538431133,-0.2509137703531783,0.20573734470607108,0.6666666666666666,0.6979179226237499,271.44971205305905,77813500930.97849,23472635051822.79,301.65247381226686,True,0.1444880046966791,0.1552743434054116,
Control4B,2068,1,-0.5866649894071414,-0.5866649894071414,,1.0,3.485407881743821,154.73337090140265,90208469783.02148,13112997563613.771,145.3632635067913,False,0.223892140505014,0.1707206443255474,
Control4B,2071,1,-0.13040642340214514,-0.13040642340214514,,1.0,2.2264511969321155,172.72166190196404,152074331206.8832,7642341487340.499,50.25398715673977,False,0.3534569838076645,0.2247319478377877,
Control4B,2072,2,-0.014892251601619444,-0.014892251601619444,0.33191444893412486,0.5,4.338483059825073,111.4880634187594,85792890403.03998,6000558544186.951,69.94237536464126,True,0.2828773345874657,0.0040177661802463,
Control4B,2073,2,-0.9000647232233907,-0.9000647232233907,0.10403710109404027,1.0,2.513134424427092,161.89348201104943,100450782764.66289,25645191542793.176,255.30106224134653,False,0.3147201201241183,1.2566424125806943,
Control4B,2077,2,-0.2248666006210167,-0.2248666006210167,0.2454045935348359,0.5,6.468867902107239,96.42461353383833,123864745120.82048,12017165436911.516,97.01844883457112,False,0.7027419584366619,1.1549234939419788,
Control4B,2078,1,0.35733327713350205,0.35733327713350205,,0.0,3.4239808976791126,99.45062277467628,79490461160.1183,6280375065087.191,79.00790828771994,True,0.5538137427483215,1.029568738922177,
Control4B,2080,2,0.2134787209436353,0.2134787209436353,0.0771213551071199,0.0,0.8850592445823096,131.0673223454719,93098071440.65952,2668518245000.9883,28.66351798384884,False,0.6784319225882302,0.2887580601667494,
Control4B,2081,2,-0.4358013795376787,-0.4358013795376787,0.49780241695396266,0.5,2.8159772219583807,124.77126140643,107171640062.0819,7829862309242.252,73.05908825046072,False,0.1802669872315475,0.0179926805931999,
Control4B,2084,2,-0.3014585440072477,-0.3014585440072477,0.2727313682508273,1.0,5.102788509943949,86.54479849615194,90633328313.27948,4422000540114.033,48.79000498391856,False,0.6483134298488952,1.3423901186870593,
Control4B,2086,1,0.2483652179034319,0.2483652179034319,,0.0,1.7524224184310857,183.06515525185688,80322855434.86192,7789709061471.229,96.9799818407641,False,0.2429789015539601,0.0406669703568781,
Control4B,2088,1,-0.6371949438312647,-0.6371949438312647,,1.0,4.398826589266967,93.53624497657962,127491304909.97704,605906334654.4824,4.752530653618451,False,1.106179385960609,0.278322058095229,
Control4B,2089,2,-0.4307754649365054,-0.4307754649365054,0.11321338212211815,1.0,12.968158233908476,40.46067652656612,96846581157.14532,1341464184007.6206,13.851435620953232,False,0.3230181098145959,0.9507913942884526,
Control4B,2090,2,0.05541545476981291,0.05541545476981291,0.02845502255926479,0.0,2.155636783560323,183.90509934047796,132158756612.82603,24031479519531.336,181.8379662116091,False,0.9039548793972544,0.0777171469983368,
Control4B,2091,1,0.24425478302847692,0.24425478302847692,,0.0,1.4746338414651556,181.35233822949428,122184269474.73204,12231024981635.742,100.10310684195844,False,0.357333818100423,0.1448347504048726,
Control4B,2093,3,-0.28649022110483874,-0.19450483938568786,0.3100954790195917,0.6666666666666666,2.318944457620822,208.53634423034,85815385705.43526,32270253302156.707,376.0427461449121,False,0.4089689084588685,0.2513101092021967,
Control4B,2318,1,0.27144886543586555,0.27144886543586555,,0.0,10.413043277617453,80.70072698673995,146975406466.4068,10432817077425.545,70.98342048001142,True,0.5006863366965653,0.3778394197047582,
Control4B,2345,1,0.4552937823625549,0.4552937823625549,,0.0,2.752331419493913,196.70258550650735,145689755526.5678,13786617581332.242,94.62997265321192,True,0.4816926251767159,0.0337948291630202,
Control4B,2376,1,0.11502397002667974,0.11502397002667974,,0.0,4.940521705111708,179.18446289136168,118921234754.2814,49624308751207.09,417.28719730956647,True,0.2537974162796079,0.2695981459500861,
Control4B,2417,1,-0.0658944402328614,-0.0658944402328614,,0.0,12.043917374259186,59.97621538708393,120694688410.40002,3967109414195.418,32.86896437982419,True,0.4565890828865178,0.0645545494275737,
Control4B,2454,1,-0.10275918908184112,-0.10275918908184112,,1.0,3.0130861707056646,127.9952947508251,130331480614.76712,9635927211728.908,73.93399634744206,False,0.4497772315623822,0.5441217388177326,
Control4B,2456,2,-0.5000156630952495,-0.5000156630952495,0.14308675920337907,1.0,6.717280509406933,105.0019818073605,114378365235.01868,11062248810698.283,96.7162696194176,True,0.5691513529376292,0.1125929579285841,
Control4B,2457,2,-0.4617098326021165,-0.4617098326021165,0.5006820041970736,1.0,9.472859719958784,79.28911572733672,99713641089.09244,8624607226714.308,86.49375484151027,True,0.3421319789444771,0.3525285224354882,
Control4B,2462,2,0.011652416183266512,0.011652416183266512,0.24689170202575822,0.5,5.327943870925437,91.38807056423248,126485170314.99625,8047046988009.907,63.62047794195711,False,0.7192662794128716,1.4617490242301208,
Control4B,2471,2,-0.41197404171042995,-0.41197404171042995,0.2989311291371409,1.0,7.349935230672535,64.85326781048195,95626669844.8948,3452939200224.3843,36.108537564102214,True,0.3695303484555305,0.4182951712269208,
Control4B,2477,2,0.475054272615401,0.475054272615401,1.3270946589819819,0.5,0.929019013762632,207.21592153078777,103525622544.55034,15651634887536.652,151.18609772958632,True,0.7754880802223975,0.8254269196208397,
Control4B,2482,2,-0.510668661248646,-0.510668661248646,0.37175986176361653,1.0,1.9683193314752605,108.99285790458964,106153807166.63826,3852646662532.328,36.29306159961381,True,0.2069116681836948,1.2757733677647631,
Control4B,2485,1,-0.616573007711307,-0.616573007711307,,1.0,5.619571978414405,93.89192051438864,103745098911.27647,5346675571348.453,51.53665693567816,True,0.4964511604287456,0.2556898608223815,
Control4B,2489,1,0.2289739915443869,0.2289739915443869,,0.0,4.2300866100188514,103.96536721048358,126561229091.17856,9371356195754.867,74.0460270736108,False,0.6927231161316847,0.8737585474260503,
Control4B,2491,2,-0.04932587427443935,-0.04932587427443935,0.004479935292772825,0.0,1.545791829097555,195.78071457905736,92843859406.30508,25317440032891.367,272.68836296536,True,0.4226668396909837,0.2504306033049118,
Control4B,2494,1,-0.22027615611770557,-0.22027615611770557,,1.0,1.5646095822062278,186.58560339885256,175961401424.08728,15847440740930.566,90.06202844870737,False,0.5675830564495771,0.6200437366288449,
Control4B,2497,1,0.1499557418389017,0.1499557418389017,,0.0,1.460746023544553,132.69235279078652,105328657232.64217,6669106877486.042,63.31711665853492,False,0.1848274667004874,1.0993658858918816,
Control4B,2499,2,-0.10174360887154665,-0.10174360887154665,0.3737809904422616,0.5,1.759956509517079,180.94786115390576,97089433617.19746,6876527001341.26,70.8267289770575,False,0.1989738567482465,0.282135276590831,
Control4B,2500,2,-0.6908397820446899,-0.6908397820446899,0.022613316315377906,1.0,2.7961669300432903,162.31869500833798,101700917824.61395,13869193403452.98,136.37235238496848,True,0.3291059755990783,0.7850918571901285,
Control4B,2510,1,0.22145712123828698,0.22145712123828698,,0.0,1.8322829769882505,196.51096560167787,83453697639.85954,14636041952527.04,175.3791906943199,True,0.4180725609519334,0.6829416760966444,
Control4B,2513,2,0.08184294650841073,0.08184294650841073,0.04561065743665381,0.0,3.938256925025681,85.38481261914845,84212523746.17963,3251150598193.608,38.606497627273626,True,0.4052819023095357,0.7958835870496976,
Control4B,2514,1,-0.06176969008415645,-0.06176969008415645,,0.0,3.978557171702595,106.69895695016812,105191640633.00658,9060469697030.414,86.13298207450393,False,0.5290751962718965,0.6167972372926528,
Control4B,2524,1,-0.3097103226246638,-0.3097103226246638,,1.0,4.317143724627191,72.50745920822762,142945072173.47678,2553012744258.503,17.860096227452956,False,0.4339893867219507,1.099793954711999,
Control4B,2526,1,-0.07518778497878387,-0.07518778497878387,,0.0,4.495260332968185,106.7410454331687,135181647149.86226,8949729452547.633,66.20521084956134,False,0.6210313099107699,0.0045642847998018,
Control4B,2538,2,0.15359361804918348,0.15359361804918348,0.4099659738783399,0.5,2.8110428881508858,145.43016714264448,106100706669.86935,18630788452336.51,175.59532859951543,False,0.4786738132656146,1.092615220029669,
Control4B,2539,1,0.014390048182049586,0.014390048182049586,,0.0,2.014244810645492,125.43263785076368,111890604679.70747,5589906727078.674,49.958678327640335,False,0.5525216971439948,0.1201877639463302,
Control4B,2540,1,-0.39012956129423837,-0.39012956129423837,,1.0,2.749914704372925,155.6289063214093,84474277248.94235,20410123672345.184,241.61347497768293,True,0.6588071070923187,0.9528753908004862,
Control4B,2543,2,-0.060369890581008834,-0.060369890581008834,0.49800049636077676,0.5,0.8267728052191523,228.8238486427672,92888742561.4404,3607470994277.384,38.8364714043928,False,0.7300426583740561,0.734196705832425,
Control4B,2547,2,-0.3041681440931603,-0.3041681440931603,0.16185196758777604,1.0,3.1775481557596787,117.70504132284744,74524195058.93167,7468976143727.753,100.22216459797376,True,0.8847955362505913,0.8048733408082787,
Control4B,2548,1,-0.47864721111276465,-0.47864721111276465,,1.0,0.9048504176246372,219.8277355902427,72311509191.7242,20754087637920.098,287.0094659882348,True,0.9050180387737192,0.1469396790636452,
Control4B,2549,3,-0.4745266939426787,-0.6851055705687914,0.3946127171589645,0.6666666666666666,1.491682938738689,161.95534642274845,78742498130.34814,9026578380174.904,114.63413778456147,True,0.3400889685334623,0.1504966555115915,
Control4B,2550,2,0.08707493775606578,0.08707493775606578,0.01064042944658772,0.0,0.7842263062307862,237.08150376380988,105749174189.10036,21432386758946.94,202.6719066441277,False,0.8112944333014397,1.2998905542390395,
Control4B,2689,2,-0.1300774186100193,-0.1300774186100193,0.5384354438897972,0.5,5.370133917120508,188.347410092174,207755329216.59344,38852198596269.67,187.00939582524336,False,0.4674907402865493,0.5520853424362516,
Control4B,2832,1,-0.4960801769329297,-0.4960801769329297,,1.0,4.586695375037237,117.35704323990916,176934942473.29135,17195855330785.96,97.1874469249154,False,0.7526260289303932,1.1093569423822167,
Control4B,2838,1,-0.05312824506613589,-0.05312824506613589,,0.0,1.6768199079825652,313.923124598251,180240307672.86075,104478996959377.23,579.6649945194747,False,0.8747667650872556,0.4249800091077648,
Control4B,2857,1,-0.9314261902082479,-0.9314261902082479,,1.0,1.399532258314631,291.947441157671,136196132794.53076,35117674786915.93,257.84634311089746,True,0.543002395323877,0.9405041844929172,
Control4B,2892,1,-0.6070700080207438,-0.6070700080207438,,1.0,2.037580546631314,231.03655055609977,135513473850.2434,19210853697853.62,141.76342139294303,True,0.3228785520359127,0.2474855000672831,
Control4B,2917,1,0.28219044484266753,0.28219044484266753,,0.0,6.5378727632441915,83.96092866863324,121751115935.75456,2130880509659.435,17.5019382227581,True,0.5544122827566124,0.4286429094853263,
Control4B,2959,3,-0.19720358000528573,0.002700426406410106,0.41018734086122655,0.3333333333333333,1.8567047950855016,352.94575342578577,109154646611.01532,87142238735642.72,798.3374179771178,True,0.5892252051391865,0.8502416103121713,
Control4B,2975,1,0.054322833535348725,0.054322833535348725,,0.0,19.134279407970087,31.023881254562692,152504198961.94513,1094964550382.0952,7.17989771976918,False,0.8680105991317738,0.7331047334803096,
Control4B,2995,1,-0.5589168922395009,-0.5589168922395009,,1.0,1.9918325390532483,176.80692883874474,161474907697.59995,12095060793094.04,74.90365509757659,False,0.5464470217524603,0.4474624135307827,
Control4B,2999,2,0.043891677809013485,0.043891677809013485,0.23276382580682653,0.5,1.5229113118730475,204.08807688989793,100307548267.41948,18712736827222.6,186.5536258281832,True,0.1654269874154061,0.0482265326201878,
Control4B,3000,3,-0.16263660056574647,-0.35056138726239316,0.4302421851083329,0.6666666666666666,2.7014033959221946,168.79567751709092,97152248473.65804,13960198868210.615,143.69403783789724,True,0.2943278477366639,0.0848529167224437,
Control4B,3008,2,-0.6217478520385273,-0.6217478520385273,0.02758578425497254,1.0,3.374056614269024,148.2227177470834,135367168797.44006,17203345714700.43,127.08654445187572,False,0.5354217869001973,0.0272126425944282,
Control4B,3017,1,0.6390130422923925,0.6390130422923925,,0.0,0.6228679478334687,275.2766909731538,111104840359.07582,7899673256024.094,71.10107201894552,True,0.3228419975497402,0.1568009222284122,
Control4B,3018,2,-0.3643349063604844,-0.3643349063604844,0.012850472229339384,1.0,6.618289110549211,104.28912156692722,103873041883.1666,15055887494510.256,144.9450908681839,True,0.348673185159017,0.4948190296069318,
Control4B,3025,3,-0.40422740567843435,-0.3741843557030222,0.10262719525627412,1.0,4.3368276858343675,146.71630543456124,144382617198.3166,22097049765185.56,153.04508391639823,False,0.1384135887902401,0.3554634643931352,
Control4B,3026,1,0.14543829030167288,0.14543829030167288,,0.0,3.3213432454353056,128.12177117862225,96505879587.75816,14585540582958.049,151.13628978112786,True,0.7384326868911827,0.2528758735510822,
Control4B,3027,1,0.13979299970634163,0.13979299970634163,,0.0,0.9489824211871316,162.55553707833772,135962006581.8878,3981859435634.4624,29.286559795189923,False,0.6560491426326277,0.8804309730169251,
Control4B,3030,1,-0.39332081417511544,-0.39332081417511544,,1.0,1.856513498015083,223.79466023908347,89504490677.92232,30653154398045.684,342.47616142914677,True,0.3656832162624231,0.4721199548695365,
Control4B,3034,1,0.1487358346765668,0.1487358346765668,,0.0,6.090985235372557,113.17363485827744,93819239996.5628,10663106898779.566,113.65586524864436,True,0.2639426723788166,0.4607975778760936,
Control4B,3035,1,0.11986396500302376,0.11986396500302376,,0.0,3.202864008835682,140.03673671585338,157586092875.84146,11104559517459.88,70.46662122785742,False,0.3715969300152357,1.0886201916786329,
Control4B,3040,1,-0.6131100163815395,-0.6131100163815395,,1.0,3.4450900382810894,99.10772912968208,117548576103.14165,3215000065858.7754,27.35039566143116,True,0.4321658146812547,0.1795487530599385,
Control4B,3043,3,-0.21769856314421565,-0.2768117133511758,0.18182863149545087,0.6666666666666666,4.118382166579656,159.8307584419709,101924782066.15306,37618504381343.98,369.0810381809611,True,0.2492469055223177,0.1611330276714386,
Control4B,3046,1,0.015350419466571452,0.015350419466571452,,0.0,2.541190337794443,107.88440486830252,138623622079.82968,4347777784396.709,31.36390262471239,False,0.980578644915985,1.2920091400692908,
Control4B,3050,3,-0.34319795703485906,-0.3193486903746745,0.48405899643142275,0.6666666666666666,3.007051492957324,165.78686041696938,107720472667.13876,22593588335827.902,209.74275155330164,False,0.704150343180532,1.0237204386767402,
Control4B,3059,3,-0.26773350687159886,-0.2557211185534771,0.21816216718572687,0.6666666666666666,2.894361050023623,105.93596452616916,106079293230.9528,6267223067790.861,59.08055075504739,False,0.9381278739828322,1.0849050194221943,
Control4B,3062,1,-0.38892909253580354,-0.38892909253580354,,1.0,1.0462380175434474,221.2109542517539,153330944141.81165,20048910685100.258,130.75580273318843,False,0.5226893682201548,0.0167749332455956,
Control4B,3067,2,-0.024112152185856717,-0.024112152185856717,0.5154333745432086,0.5,1.7329120423102558,161.4039172608471,102779924231.82224,13848914521307.998,134.74338130539468,False,0.7670578254687347,0.6773375023715438,
Control4B,3075,2,0.18537734397279126,0.18537734397279126,0.356818707645445,0.0,0.5758858089634606,335.76439051267,114389842646.44508,20235531070301.188,176.89971943439903,True,0.3436787376863613,0.1710498293443815,
Control4B,3085,2,-0.11676425117012856,-0.11676425117012856,0.014691251485497407,1.0,1.8432772696900912,139.49103596562918,118596227391.64076,10356629753201.79,87.32680609646252,False,0.4650981116436526,0.404792529036996,
Control4B,3092,2,-0.47588314933523246,-0.47588314933523246,0.17820982483770123,1.0,4.612786814988361,95.05018369286609,108096593734.69612,9680401914572.363,89.5532558438538,False,0.5009751489124714,0.3355271690001835,
Control4B,3094,1,-0.9629269228270023,-0.9629269228270023,,1.0,3.1886071607905047,167.81290549654744,104145598177.3741,28057530550023.05,269.40678282184587,False,0.680228696521605,0.2149063111518158,
Control4B,3103,2,-0.33107678369957716,-0.33107678369957716,0.23828590583066253,1.0,1.0080644622101822,227.39117942234327,104085337979.61476,17231021200489.322,165.5470552813504,False,0.3739683356143334,1.479322547877355,
Control4B,3110,1,-0.5349985959544736,-0.5349985959544736,,1.0,5.863717519361408,99.7930094591333,109613274031.7942,12168940413559.842,111.01703257244324,False,0.7459561853538911,0.6002590076784986,
Control4B,3113,2,-0.10619535798892077,-0.10619535798892077,0.3472773662667956,0.5,2.9818402963010646,50.09812078469103,109453692953.57506,554657912011.2988,5.067512087020744,False,0.2517034219733425,1.491190891554211,
Control4B,3119,2,-0.6533466613650625,-0.6533466613650625,0.1040236573065525,1.0,2.1892819818390516,203.5814331734094,88066223476.5748,40393999903596.31,458.6775531976902,False,0.3615599203218038,0.1618946259845431,
Control4B,3125,1,-0.3228831171481601,-0.3228831171481601,,1.0,1.8243119150716047,206.79816635445857,97134402696.02277,20737588714388.1,213.4937585325494,False,0.667260398829218,0.5974094835732158,
Control4B,3126,1,0.24941818874158228,0.24941818874158228,,0.0,4.087691085008846,108.327984122296,79343062172.04639,8018745679517.758,101.06423246093053,True,0.2918951789061887,0.1259199836982948,
Control4B,3127,2,-0.5282907991577923,-0.5282907991577923,0.033467337400580256,1.0,2.6794605378813725,92.09916048779569,92732523159.20715,4418141641235.278,47.64392783371185,False,0.6989767762124761,0.5296839282449521,
Control4B,3130,1,-0.6707005224226283,-0.6707005224226283,,1.0,2.7567463343178815,149.16448006680162,91866444032.49878,16655704031800.756,181.30345859374523,False,0.7478795485446965,0.1883559165575944,
Control4B,3131,2,-0.11517487322901787,-0.11517487322901787,0.09909031159993123,0.5,0.7135603456095334,273.284119368795,76939257595.28703,21743953804669.62,282.61195239296876,False,0.495954047110358,0.274689161274206,
Control4B,3133,1,-0.3407438949219479,-0.3407438949219479,,1.0,3.766337378312844,138.15429723160784,73723021846.05681,19312681719913.23,261.9626981682955,True,0.2501498612380213,0.043726431376677,
Control4B,3135,1,-0.39197062264484606,-0.39197062264484606,,1.0,5.348501616262872,76.4338456518281,89159362612.17302,4329189783060.021,48.5556385355872,False,0.3932225246776726,0.7151483225505846,
Control4B,3136,2,-0.25835847707221804,-0.25835847707221804,0.10032968513165509,1.0,2.527095971682559,102.22203522698874,66999943717.166504,6400387385981.91,95.52825018779863,True,0.8894818493210841,0.0441770382104866,
Control4B,3140,1,-0.6492786554628003,-0.6492786554628003,,1.0,7.772532624538467,54.80165489403865,87550170946.48828,2622410244481.9146,29.95322814486294,False,0.3622683756626596,0.5605943658785844,
Control4B,3143,3,-0.026941035790906714,0.22246716762896268,0.5782227036809853,0.3333333333333333,1.554903475548666,205.46263633759705,79816036739.01065,26730931249308.723,334.90677239106503,False,0.196306547782142,0.6148983807512485,
Control4B,3147,1,0.3844832614979681,0.3844832614979681,,0.0,1.8039888647013735,171.75241038033042,85718771593.32753,17514406702411.225,204.3240515100262,False,0.3419956303037151,0.8678635515417977,
Control4B,3156,2,-0.2540532445842152,-0.2540532445842152,0.5176215724999944,0.5,2.128799316718833,117.7006321918402,119502534910.43246,5994269814517.227,50.16018964794304,False,0.8788284935608909,0.1278810811869793,
Control4B,3172,2,-0.5742691651588585,-0.5742691651588585,0.22274702895017298,1.0,2.7642919999216593,136.41050003528704,103780342001.36536,13574608470778.67,130.80134646887248,False,0.8250443748863998,0.5925767090877813,
Control4B,3607,3,-0.45844455716093285,-0.4188449817244302,0.45416214350986106,0.6666666666666666,3.3596938054276637,188.5226720481366,119803839340.10098,40711316810065.12,339.8164619290138,True,0.4923724713550238,0.6734778915766194,
Control4B,3649,1,-0.3636547490085076,-0.3636547490085076,,1.0,1.3385443251935132,348.0430660876296,120783671820.02594,32318446092233.324,267.57297244936814,True,0.5155992327039423,0.7768475736032769,
Control4B,3664,2,-0.18227906034131602,-0.18227906034131602,0.2572196186431007,0.5,4.009489299475922,150.96435368556567,165592375173.09756,32740445743649.383,197.71710931391033,False,1.0820053639371314,0.4641870013980073,
Control4B,3684,2,-0.13760086998879628,-0.13760086998879628,0.639703463719057,0.5,12.93461019065642,79.42582573193934,120937133078.76544,8533846657574.919,70.56432081961864,True,0.4503025558690571,0.9227164187037772,
Control4B,3718,1,0.2758747955171974,0.2758747955171974,,0.0,7.874109679509665,82.30769660576168,143151358601.5635,4593939362276.004,32.091482799422266,False,0.7293913299340621,0.8902529088427088,
Control4B,3730,2,-0.5484439836595247,-0.5484439836595247,0.08028230565926515,1.0,6.020409973371868,70.49805948794705,118956812471.45642,2509455818319.5645,21.09552001422118,True,1.2952801905430522,0.535137507113596,
Control4B,3739,2,-0.6932451875648391,-0.6932451875648391,0.07364289410848394,1.0,1.9036615291252788,323.46395325813006,146748052928.96954,47304371215951.4,322.35092917279206,False,0.3225635268073439,0.1862570613120648,
Control4B,3743,1,-0.6462030384189137,-0.6462030384189137,,1.0,1.9153170604587757,168.6945759983451,113142045117.08015,7630063124688.98,67.4379106086808,True,0.4675094348062771,1.2230630028591372,
Control4B,3745,1,-0.47975259444778606,-0.47975259444778606,,1.0,5.433830186949441,94.25918213130252,108269302746.7566,5757234353924.502,53.17513097309541,True,0.3114909769102781,0.1549645265512947,
Control4B,3754,2,-0.11268740932496946,-0.11268740932496946,0.03037289851739623,0.5,1.4723538786659685,173.95468593019842,102024221178.3638,13775982806228.156,135.02659120665376,True,0.0587642402284619,0.5807641166074039,
Control4B,3762,1,-0.38310529390811077,-0.38310529390811077,,1.0,13.38119684233566,50.993521370690374,98821621939.0905,1136739137374.221,11.50293948904076,True,0.4774408142054606,1.1211353994967246,
Control4B,3770,2,-0.44375459207016266,-0.44375459207016266,0.11451626241657857,1.0,7.280252888230905,112.10669342161955,110499058348.37158,6682753112370.635,60.477919108612184,True,0.4699963236860899,1.1054399591146833,
Control4B,3772,2,-0.12480088320984017,-0.12480088320984017,0.026809213907202614,1.0,2.33837146111489,124.14199348189608,116247056111.49036,8989678842059.234,77.33252903572372,False,0.623951053360325,0.0571376800489894,
Control4B,3777,1,0.24054132357388402,0.24054132357388402,,0.0,5.975771974771084,68.83436800552472,147150894336.36816,2384243685265.777,16.20271284125328,False,0.4527176969074649,1.1059154709338868,
Control4B,3779,1,-0.37574796973435953,-0.37574796973435953,,1.0,5.194450662962418,110.43886627812742,122709605605.10255,17996387312107.727,146.65834205369976,False,1.0735064745438008,0.6953759442905517,
Control4B,3789,2,0.2126364445507989,0.2126364445507989,0.09845043410033484,0.0,2.906390179822826,135.38860828181768,104747003694.32571,13729375276637.893,131.0717709568396,True,0.4634821985890597,0.918164713313912,
Control4B,3826,1,-0.197250644584964,-0.197250644584964,,1.0,1.4401849884839208,188.9721329342816,92185126696.8382,13325818560570.969,144.5549736498656,True,0.3139895645014856,0.3894079276984512,
Control4B,3829,1,-0.5032469658464951,-0.5032469658464951,,1.0,2.95274022432454,80.93030646345522,98560887164.82571,3980976154197.844,40.391034097941535,True,0.623197947415239,0.4427875323482263,
Control4B,3849,2,-0.6499375413674582,-0.6499375413674582,0.08629772698038443,1.0,1.8335965373260412,143.8957821507311,112941209540.84875,11153436723926.844,98.7543587435448,False,0.6629957460046846,0.2131953431631221,
Control4B,3853,2,-0.2691051715627155,-0.2691051715627155,0.32780041700484314,0.5,2.7507218177413852,163.30693686472364,86042753534.8437,22508506397826.91,261.59676989779166,True,0.8433470115059666,0.9770917812994704,
Control4B,3857,1,-0.13674233199029562,-0.13674233199029562,,1.0,5.592131061753206,75.54936913086293,111893327243.80711,3221765018199.236,28.7931827353677,False,1.203865996520824,0.5717570224237981,
Control4B,3867,1,-0.042442341635630765,-0.042442341635630765,,0.0,0.7194563284083705,230.76616669173708,107280929737.00912,9413258078192.691,87.74400167176555,True,0.5542463720404256,0.4066175448001142,
Control4B,3868,3,-0.13274005880368023,-0.11418439030494909,0.2852642730372508,0.6666666666666666,2.1497575422175546,208.14755536489577,101442102728.911,34431479343884.516,339.4200082375811,False,0.2457115765371104,0.9441729291901948,
Control4B,3873,1,-0.4645038178354066,-0.4645038178354066,,1.0,6.64855661330115,71.31752924168117,139345357690.47955,4092419195832.139,29.368895122594704,False,0.6643465597669705,1.3844758963630253,
Control4B,3895,1,0.24468126569530702,0.24468126569530702,,0.0,4.666984325648497,115.3260045641622,104232825707.5134,4924318090353.412,47.24344808775968,False,0.23857784852965,1.289035775427662,
Control4B,3899,2,-0.39661006332085025,-0.39661006332085025,0.3678484443185072,1.0,2.3637694385503547,184.9277380097955,113623112140.08237,34157329040334.61,300.6195517530194,False,0.8878508307162858,0.0526189946631882,
Control4B,3901,1,-0.5007262765054343,-0.5007262765054343,,1.0,4.740270060632617,115.89496150081943,99498652499.05344,13387556925057.32,134.55013297978763,False,0.3201538563242296,0.7880025291704581,
Control4B,3906,1,-0.4803758975508381,-0.4803758975508381,,1.0,0.8243303569819815,237.87659231987823,103388054945.48976,10773472467612.652,104.20422817019674,False,0.2945216487865346,0.871351150949615,
Control4B,3935,1,-0.6924578256169052,-0.6924578256169052,,1.0,1.4361628421856532,157.93001458917828,146211023925.62225,8604757341231.581,58.85163177305176,False,0.5540205964365412,1.550058417147733,
Control4B,3939,2,0.24070878131637996,0.24070878131637996,0.10642795561943827,0.0,2.126687343534579,150.57764861886295,83625031826.82043,13667341276540.637,163.43600687464507,True,1.005994859759363,0.4376293045678197,
Control4B,3943,1,-0.6667237525682057,-0.6667237525682057,,1.0,12.62285175257546,49.48631993489693,85712479707.93895,201400016966.10263,2.3497163733025026,True,0.713526732693433,0.7426671705455244,
Control4B,3959,1,1.9099980306746667,1.9099980306746667,,0.0,0.4993517744964409,194.97578566919535,105399135176.64676,2049203366674.3823,19.442316706298968,False,0.2178600149780081,0.5698506656742576,
Control4B,3964,1,-0.6770631839722188,-0.6770631839722188,,1.0,6.658426514558271,40.76350024137956,81589966168.40822,784397082186.7405,9.613891499448377,True,0.7675085625854056,1.2376805344407422,
Control4B,3966,2,-0.38879429767685925,-0.38879429767685925,0.19177464016516085,1.0,3.697746168954884,155.35788405488074,74721410932.09471,29495192004044.812,394.73547991283834,True,0.2123367668895856,0.1365531152852627,
Control4B,3977,2,-0.003168052674495936,-0.003168052674495936,0.18109849486188864,0.5,1.5622591995673458,235.9428782069232,72465434865.90814,35060128620556.246,483.8186465786397,True,0.3173329011528891,0.0173972212317808,
Control4B,3978,1,-0.4165630337872006,-0.4165630337872006,,1.0,14.628700339329828,36.76893142277314,101702344982.2274,1206998091735.367,11.867947508450186,False,0.8808282819076675,0.8547448057491479,
Control4B,3980,3,-0.09423896560297029,-0.08548971931868099,0.3679597349245542,0.3333333333333333,15.18387462477135,35.92854071147549,73420865148.16847,1348578472533.937,18.367782371025054,True,0.4194843078742583,0.1695053369762497,
Control4B,3994,2,-0.11725033444756106,-0.11725033444756106,0.061461525231986405,0.5,3.311010189028947,80.22620600710877,86630796451.6202,2997446014888.559,34.60023614769041,False,0.1982717374864769,0.891630925225882,
Control4B,3995,2,-0.380573730639693,-0.380573730639693,0.33166877325901833,1.0,3.1912380713902477,128.48281877589702,68107851904.33524,13953516499948.396,204.87383039987225,True,0.4509184591575688,1.0882039565019408,
Control4B,3997,2,-0.5323962811404175,-0.5323962811404175,0.22913677280203892,1.0,3.664226870046293,60.34868486671374,69581971497.45763,1639389268655.4934,23.560546408424106,True,0.3302140167414129,0.930639737323736,
Control4B,4005,1,-0.21075688012467575,-0.21075688012467575,,1.0,15.325461888571176,31.90911384757288,85778875328.10338,979007537559.7994,11.41315427388276,True,0.3379242109887378,1.1943304173977198,
Control4B,4007,1,-0.021018979455281084,-0.021018979455281084,,0.0,4.948294945777423,89.36718723496651,112032549809.7629,8425653917971.034,75.20719587546863,False,0.2049329315166776,0.712597263931752,
Control4B,4008,1,0.2831779882387151,0.2831779882387151,,0.0,1.6105711025346188,213.96982312060956,88091729250.77472,18585348599713.83,210.977225192232,True,0.5164838268124669,0.2306539662728752,
Control4B,4010,1,-0.3722356730666414,-0.3722356730666414,,1.0,9.35721741914439,43.47180858200333,95721894649.6201,1272393632605.747,13.292608104584742,False,0.5423565988986933,1.3562245249881248,
Control4B,4011,1,-0.6740030635498551,-0.6740030635498551,,1.0,2.3600324562465955,141.29702983631947,96992847529.57048,14040756889115.691,144.76074521716717,False,0.7141470493766003,0.81546674166528,
Control4B,4012,2,0.0025415219760167584,0.0025415219760167584,0.5959510305192951,0.5,3.52269212868535,86.68328520158792,105141600858.62325,1019213950783.958,9.69372676904954,False,0.5426564087627995,0.1257266685427544,
Control4B,4013,1,0.09612757381935033,0.09612757381935033,,0.0,2.306134116549859,65.80487285397217,79197615056.60643,1378911906778.3596,17.411028170391035,False,0.3940235792687211,0.0696964849298613,
Control4B,4016,3,-0.09513100444763826,-0.15973846442436246,0.4747007532423887,0.6666666666666666,4.756601688493852,75.26127741424456,74393571070.4741,3639931952933.158,48.92804446079082,True,0.9334852982197324,0.1535453032925031,
Control4B,4023,1,0.13079046980321163,0.13079046980321163,,0.0,3.3911788685149244,104.66925486363628,82650128901.79985,8129060096042.796,98.3550806762961,False,0.0494111943108243,0.938155178159638,
Control4B,4026,2,-0.007424605395349726,-0.007424605395349726,0.04605768069212112,0.0,4.071903991726444,122.3266895431494,70675590276.8237,8114758020698.274,114.81698262319723,True,0.429468852630954,0.2849540084745555,
Control4B,4032,1,-0.1458371205643556,-0.1458371205643556,,1.0,1.0839559538104626,157.95558641929915,64103264267.445816,6028091884230.364,94.03720626582302,True,0.5721318196442193,0.4862976244027414,
Control4B,4036,2,0.18454886283494765,0.18454886283494765,0.013701759345192197,0.0,2.4425961949245387,99.93413281243411,62874268290.69939,4729460309604.437,75.22092007079527,True,1.2920988209221906,1.368047625529854,
Control4B,4040,1,0.37965142994209344,0.37965142994209344,,0.0,4.687383599516757,77.17502430748546,85981936948.12054,3465272095192.381,40.30232649077496,False,0.2804684076651594,0.9549267146774454,
Control4B,4045,1,-0.3609689716290858,-0.3609689716290858,,1.0,5.815532399293861,77.76231108151896,84022053662.2974,4489275174319.618,53.42972444309652,False,0.4214591619151209,0.8462012356417387,
Control4B,4047,3,0.30197106260718254,0.3729742138683876,0.19364272939059332,0.0,3.1171008799736493,112.3891675444582,58423730932.705574,7793506912551.538,133.3962550513654,True,0.8275403965863161,0.3701201178993904,
Control4B,4051,1,0.221856927888048,0.221856927888048,,0.0,4.93554628295195,40.83953833151586,84358965521.06549,137929772961.5876,1.6350339541224554,False,0.5896004244823189,1.0459251858574303,
Control4B,4060,3,0.24122982381482835,0.2196659499742939,0.20722809610976642,0.0,3.3693864856380804,78.72908787054816,51479110704.12403,2002057310415.916,38.89067396526587,True,0.5610728797690164,0.4986926843665537,
Control4B,4101,1,0.1482123386593881,0.1482123386593881,,0.0,0.4532021071533591,565.1878655024034,115162827433.21582,134806923654496.44,1170.5767100297398,False,1.217278950207043,0.1211628182748305,
Control4B,4499,1,-0.634717339286651,-0.634717339286651,,1.0,18.887809097492635,47.16391686482458,177384850065.84766,2117553626527.8745,11.937623904982924,False,0.5879715363797827,0.8563022404494341,
Control4B,4653,1,-0.4589768506005858,-0.4589768506005858,,1.0,3.92804901485119,132.90888337727208,169433418319.3982,16509405893631.1,97.43889993713807,False,0.5174299955432586,0.2066120012087021,
Control4B,4659,2,-0.55713014229827,-0.55713014229827,0.2007662471028674,1.0,8.807205432696465,86.84244799240993,134706287628.53334,11364750002552.26,84.36688593105427,True,0.5353518730651976,0.5802483940553439,
Control4B,4690,1,0.7923226241891017,0.7923226241891017,,0.0,2.7737050624690776,153.62852103041874,133679667161.838,15625361145317.56,116.88659522469386,True,0.6884811156078867,1.0945926773915415,
Control4B,4742,1,-0.5068154721439231,-0.5068154721439231,,1.0,5.917219918149942,139.0092723471554,144439483280.62845,23684071413210.84,163.9722801222956,False,0.6320196353127993,0.5983620151920936,
Control4B,4776,2,-0.2796405261754431,-0.2796405261754431,0.4510586201914588,0.5,1.1837822169306056,332.4100738935166,230380794984.08337,63426446082999.195,275.3113430630414,False,0.7684507911813412,0.3017294280116248,
Control4B,4779,2,0.3127919292620893,0.3127919292620893,0.0674128803636957,0.0,1.0500396037433637,230.26489503842228,116682393266.50992,17814416563584.754,152.67441869224868,False,0.2044495473877745,0.1307027264461354,
Control4B,4797,1,-0.4418838013971209,-0.4418838013971209,,1.0,2.118378591829065,137.0011257089006,120526663347.45769,5698464076917.696,47.27969661360327,False,1.3078996757367325,0.9446702005210784,
Control4B,4805,1,0.2869458386805728,0.2869458386805728,,0.0,4.587294742934758,163.29928973210374,141689999482.60846,27457415717366.547,193.78513527863177,False,0.3363051805934081,0.6403539765507729,
Control4B,4816,2,-0.29827375088075225,-0.29827375088075225,0.5213559669204777,0.5,7.70960442705002,51.949265583626634,152099581882.98242,1145935969500.5112,7.534116499952875,False,0.588004496417979,0.2640346327276922,
Control4B,4850,2,0.15940263675758337,0.15940263675758337,0.22747325387329326,0.0,3.0712636509381217,93.23463080437875,99296054195.55704,4417886534931.881,44.492065376849155,True,0.3272640291876242,1.206304000899289,
Control4B,4855,1,-0.060876723453604065,-0.060876723453604065,,0.0,0.7697097558382675,299.31571775752906,104322764955.20737,40011947944926.02,383.5399489469608,True,0.2315346211726368,0.3069781960946129,
Control4B,4871,2,-0.13600782281087231,-0.13600782281087231,0.21830389737888434,0.5,3.1928125396662828,152.084372947446,117770078647.03206,20899410117073.48,177.45942226727186,True,0.1260103191956017,1.3992555958948436,
Control4B,4905,2,-0.6264255737733788,-0.6264255737733788,0.42400597086244163,1.0,10.839509152549956,47.63149102678981,105881045489.06996,1316347141073.672,12.43232095974683,True,0.348061554831519,0.3793165197925019,
Control4B,4912,1,-0.3549444418314667,-0.3549444418314667,,1.0,5.380542695541152,83.31029115147855,117408269531.47311,5853564503259.512,49.85649244826296,False,0.1270441653991994,0.4817028552447255,
Control4B,4967,1,0.5046591256934305,0.5046591256934305,,0.0,6.231917751820168,89.24186529301586,130508151343.49783,3488446026784.7466,26.729717576055048,False,0.6487008525234411,0.3062893646269666,
Control4B,4977,3,-0.4078430567463993,-0.2651816385564918,0.2688668499006662,1.0,4.375134387983276,154.77917939872225,96890410135.01962,8357218659100.671,86.25434289579992,True,0.2368618482428137,0.1682658682009543,
Control4B,5025,2,-0.5047019581218435,-0.5047019581218435,0.2160484403088849,1.0,1.2434011302191448,253.84031993352724,134083400770.1445,38224350408889.88,285.0789149837931,False,0.224189885366555,0.3431888023785167,
Control4B,5050,2,-0.10888079191340005,-0.10888079191340005,0.6772115747816987,0.5,4.5192625062851794,117.0670273721402,91120325077.02536,5910037907815.531,64.85971052912387,False,0.5061682986766846,0.6795042463158614,
Control4B,5055,1,0.014237344592116674,0.014237344592116674,,0.0,1.4918727920552597,266.14862766673724,110267915698.93285,43872149692966.12,397.86867662168663,False,0.2067125137718405,0.3072990651621583,
Control4B,5064,1,-0.2784813954998162,-0.2784813954998162,,1.0,3.429387758104075,103.0980156816683,85947008799.49835,6679275430476.566,77.71387886294364,True,0.3688235260194765,0.0763918591904505,
Control4B,5070,2,0.41559544818950345,0.41559544818950345,0.0277126372165783,0.0,2.7994807451846193,73.70811515224072,84963874709.57664,1844554532323.3691,21.70986832496072,True,0.2008514704922745,1.0816975897635777,
Control4B,5074,1,-0.1537299403139638,-0.1537299403139638,,1.0,3.4461802849086696,116.0274347605807,125450544556.2688,6781471581912.197,54.05693220303622,False,0.5032921540644864,0.7266106300443624,
Control4B,5098,2,-0.2405359698247871,-0.2405359698247871,0.15985541728976074,1.0,43.48099052888986,14.331907168253275,101525505713.8953,216339060720.9665,2.1308838522865607,False,0.2412824824706309,0.8846092372444484,
Control4B,5101,3,-0.26092022925147934,-0.2163839022260814,0.23960380242773682,0.6666666666666666,12.219619688705244,61.12532126181947,123151260879.90327,6138429950558.327,49.84463745397219,False,0.5537566229392347,1.6616162176675349,
Control4B,5117,1,-0.6160482759411576,-0.6160482759411576,,1.0,8.155683889013945,89.7460779689869,133458011438.3579,8975008849387.172,67.24968214840054,False,0.6270946239504955,0.9864058111433204,
Control4B,5118,2,-0.45885346388215376,-0.45885346388215376,0.2390224295018586,1.0,4.142520712098654,141.9499475703256,119497204919.18288,22702666431960.027,189.98491594271232,False,0.3400813662331109,0.8973407594905023,
Control4B,5143,1,-0.4346670676218789,-0.4346670676218789,,1.0,1.7576919664678317,190.10252780045843,136084185976.18263,21442415860132.707,157.56728606133225,False,0.7218318168693555,0.4382844615963781,
Control4B,5151,1,-0.7564365238357169,-0.7564365238357169,,1.0,2.301935210770744,77.09570906884377,90028621973.07132,1735138669365.054,19.27318925179212,True,0.2009722259566951,0.2100201092445899,
Control4B,5153,1,-0.46077155426646943,-0.46077155426646943,,1.0,5.045095572034845,116.39951464275065,127887670349.67014,17853988409631.668,139.6067999426007,False,0.1826754831247799,0.2875103745217783,
Control4B,5161,2,0.06370762021246001,0.06370762021246001,0.08462149064931944,0.0,4.0227714408749184,107.25767323851824,79529796869.74002,6348955831146.337,79.83115864793596,True,0.2435657468831672,0.1466920186473078,
Control4B,5169,1,-0.4839798932836352,-0.4839798932836352,,1.0,2.3599030082744923,191.75451873679376,109758063925.76584,24066856959184.156,219.27187942620432,False,0.7063409378746125,0.0954433056554277,
Control4B,5170,3,-0.06034162854278987,0.039104447319254554,0.2394253573967307,0.3333333333333333,5.011435723803173,43.0641742586628,91347490989.84218,599603629350.8025,6.563985752137169,False,0.6452503751577002,0.708069161618876,
Control4B,5174,2,-0.39985476890216054,-0.39985476890216054,0.0763134142359975,1.0,2.574358637111767,125.49220142641148,92648728207.45705,8546107613037.8125,92.24203913411044,False,0.7740687142929003,1.1093078943591754,
Control4B,5191,2,-0.0211315304826718,-0.0211315304826718,0.38821429312176536,0.5,2.8543304796280395,146.69981160823545,79696000937.45096,19217095500607.496,241.1299848745227,False,0.496299211552258,0.2980087255814094,
Control4B,5200,1,-0.7544970690841133,-0.7544970690841133,,1.0,4.623906808208693,74.34970106902325,114409208941.9116,3361256749729.165,29.379249981841575,False,0.6130186476922683,0.2069293227073337,
Control4B,5206,1,-0.49648027473150913,-0.49648027473150913,,1.0,2.506044994278082,100.2848569172227,70419000749.85484,4383148834397.997,62.24383742632179,True,0.3217463844472649,0.8288778843958197,
Control4B,5208,2,0.13466106798570388,0.13466106798570388,0.35019680374719153,0.5,0.9160354532518674,179.2279927744919,67964616915.417465,11499216641718.07,169.19416548803537,True,0.7713266478924257,1.6429762652772268,
Control4B,5210,1,0.18395562244879837,0.18395562244879837,,0.0,1.3496954658795297,186.33546540577407,97732774214.97289,13971260875683.797,142.95369171607297,False,1.167258852832831,0.2481230764710595,
Control4B,5217,1,-0.6168203964507981,-0.6168203964507981,,1.0,1.1945382665151612,190.97949265473736,98036294268.3062,4577997275912.815,46.69696371206902,False,0.5583505787970791,0.3837918526022316,
Control4B,5222,2,-0.4150916339246067,-0.4150916339246067,0.13211331350643632,1.0,6.6284724184391255,69.25218519787268,84820350889.83539,3265742595940.345,38.50187557207691,True,0.3826203504732781,0.6455695976849214,
Control4B,5232,2,-0.3759258968575947,-0.3759258968575947,0.30086774820644696,1.0,1.1508919411269634,144.81872466461215,100598425201.86354,6898600491689.06,68.57563105830076,False,0.6092905697155732,0.4250439944416315,
Control4B,5238,3,-0.4284511011396801,-0.5525196066875395,0.2915735626112706,0.6666666666666666,1.9985628838191367,99.5610100227896,111096071303.35272,3108801610477.514,27.98300222506334,False,0.1553551917753957,0.7114128110122413,
Control4B,5249,2,-0.22356655837805817,-0.22356655837805817,0.48634801204145756,0.5,11.673288679402928,57.95573412822524,92654336847.08652,2899242714002.1304,31.290955314773218,False,0.3540421172733355,0.9832987003598226,
Control4B,5253,1,-0.1766623930833231,-0.1766623930833231,,1.0,0.7224246809978704,291.47594017895227,106986125464.84377,37269890530664.49,348.36190551560435,False,0.492662097072449,0.0071506495450901,
Control4B,5260,1,-0.3074548449177468,-0.3074548449177468,,1.0,1.2627818805334954,210.99983531833388,81170895280.3032,19618569383119.85,241.6946285410808,False,0.4231076446213241,0.0941965157821655,
Control4B,5265,2,-0.6056242774264209,-0.6056242774264209,0.14449104088576353,1.0,4.16545514762677,99.65231314394534,81398819797.3315,7210575877308.472,88.58329758664212,False,0.5921299596639975,1.072105159862674,
Control4B,5285,2,-0.7432674624247364,-0.7432674624247364,0.055459754992307556,1.0,3.132488454027703,125.66658198156767,116875520944.1495,10215540228666.71,87.4053022065103,False,0.9643193402469884,0.5638018135544252,
Control4B,5291,1,-0.14299378375475458,-0.14299378375475458,,1.0,1.689735394622782,127.52238444102504,97438598123.92268,7370278918099.096,75.64023969972921,False,0.4638959499270722,0.2228961996407338,
Control4B,5301,2,0.18968874995971574,0.18968874995971574,0.4847826609127056,0.5,3.875781234301548,94.97003176641256,85080898415.6676,6569337826490.92,77.21284035337807,False,0.2624057372547704,0.6691601875138794,
Control4B,5303,3,-0.5414526729583692,-0.5459032112060078,0.05908348947123689,1.0,2.535370844134171,129.34168742850494,77449311483.49312,10407357011248.85,134.37636580496888,False,0.2186172603197929,0.4425897683467913,
Control4B,5304,3,0.1296434132372338,0.17403950417975533,0.2212135403267784,0.3333333333333333,2.4445238089041,151.83005383867308,92357555403.50546,10477649217001.443,113.44658454010748,True,0.2180859421403459,1.4447679774230286,
Control4B,5307,2,-0.036865366036738845,-0.036865366036738845,0.3283684805799473,0.5,3.792882565888282,120.28298300207597,86530349543.39578,13284044505023.4,153.51890492897326,False,0.7690090323152368,1.1003500196763325,
Control4B,5308,1,0.08165988055683826,0.08165988055683826,,0.0,3.1916986651592785,101.9751945282027,81703210739.22748,3379337772850.6143,41.36113798069041,False,0.1424402331774836,0.9173966889570389,
Control4B,5309,2,-0.6778583270262606,-0.6778583270262606,0.1762506559871399,1.0,2.1660470408124413,161.448374188268,75103835770.48625,17506827631975.932,233.1016445747986,False,0.1722989458822776,0.0716637571498303,
Control4B,5310,2,-0.14695842811328175,-0.14695842811328175,0.3932092444334326,0.5,1.984597622519271,173.22667336249867,90586476498.80424,11635940908298.354,128.45119225331553,False,0.3351155614900817,0.216712240026605,
Control4B,5322,1,0.24235623280306173,0.24235623280306173,,0.0,1.5256210360612448,152.47364406452775,76283027347.206,11057551152516.764,144.95427799669997,False,0.905267555663978,0.1655123776200982,
Control4B,5323,1,-0.5298303028095597,-0.5298303028095597,,1.0,1.8992927120495045,202.1042968957372,81821935547.81137,27009913975195.83,330.10602590075626,False,0.5807016520151654,0.1953952846655489,
Control4B,5324,2,-0.17355613785850332,-0.17355613785850332,0.5437119448774431,0.5,7.856606442380796,44.82175389554397,91082433559.50365,599541534905.8507,6.582405755706709,False,1.061146138179769,0.8358633660110346,
Control4B,5326,1,-0.49356054981882247,-0.49356054981882247,,1.0,0.8908290573880522,171.25223804646814,66210131861.20687,7885882153930.264,119.1038581596705,True,0.5372148255170193,0.6886788270025207,
Control4B,5328,2,-0.49722451927554845,-0.49722451927554845,0.3959850028141888,1.0,2.9562770796682214,133.55592584651487,86422053129.26186,6421084796147.074,74.29914661415216,False,0.2418906360234445,1.0906002969260784,
Control4B,5329,1,-0.30254285361571,-0.30254285361571,,1.0,13.155455683897328,29.758426572290524,81885957573.99667,728284629226.2146,8.893889145377537,False,0.5823228771341389,0.5784115767878009,
Control4B,5332,1,-0.30860526063482263,-0.30860526063482263,,1.0,1.5445042186463318,169.50707437188973,80135777583.0307,8244757809259.852,102.88485440497848,False,0.4173899645062048,0.5349207231967016,
Control4B,5336,2,0.1088203003403867,0.1088203003403867,0.13788028103164685,0.0,4.83868234053868,113.21965298384173,72789787561.80353,13214477295528.63,181.54301225716085,False,0.565117440586681,0.1553969987853206,
Control4B,5341,1,-0.45385826089466663,-0.45385826089466663,,1.0,1.6952279705021551,130.26930163243975,69639251671.07167,5316701683056.556,76.34633565807152,False,0.1420677816718445,0.8921827103878064,
Control4B,5343,1,-0.22117743315170735,-0.22117743315170735,,1.0,1.1236110101427852,199.60800790047767,83111260925.14536,9305042894852.783,111.9588704499794,False,0.4399489050348722,0.1548640127891432,
Control4B,5344,3,0.03578588302674287,0.09846267785409424,0.4284708608457066,0.3333333333333333,6.283948418672684,66.03325253175686,61727024653.70956,2740185508199.6963,44.3919907621049,True,0.2227678162092565,0.4832744383159504,
Control4B,5352,3,-0.42356335906047815,-0.38219722612601914,0.21359191816035253,1.0,1.8109666816000336,170.23829700430218,61010766135.66999,19444374346223.8,318.70398583399583,True,0.1448617875731926,0.4264645152492363,
Control4B,5361,2,-0.5279710932591615,-0.5279710932591615,0.048452567212886474,1.0,1.4387403804536805,191.6499514821832,89474096499.96906,20282341741438.844,226.683951387493,False,0.500392866426076,0.0657569005952349,
Control4B,5374,3,-0.6639814270291051,-0.7946233063266406,0.2553715352923149,1.0,2.2664392935872457,126.19517896821296,63954527334.775215,7201771306254.574,112.60768559130008,True,0.73208257656634,0.4552736392754087,
Control4B,5383,3,-0.26641669645657834,-0.15331272233066784,0.3455209097630066,0.6666666666666666,4.160777313574986,82.60930962134435,77187205135.52873,2411151538991.547,31.237710119934253,False,0.2005076954710394,0.3085460302804894,
Control4B,6134,3,0.517554908714124,0.24547021175391803,0.527788715807747,0.0,1.3453681004442892,190.14354110006616,127816117880.56978,19016945136811.29,148.78362331877855,True,0.4421628965354959,0.628963646335114,
Control4B,6411,1,0.2031570300672465,0.2031570300672465,,0.0,3.6562910172757865,133.90877279177082,128309415837.66672,21772648896921.113,169.68862927773927,False,0.8701036610603191,0.9780796858863926,
Control4B,6457,1,-0.44449381639528607,-0.44449381639528607,,1.0,7.034576225881643,145.85134123472542,120262485980.31017,48963078888428.92,407.1350969449056,True,0.1683529075046764,0.2572290171026032,
Control4B,6466,1,-0.11654048516990745,-0.11654048516990745,,1.0,3.602638939251953,111.1943207743356,118789876042.88393,5866770774128.031,49.387801128861256,True,0.4736740354778821,0.1397521875660955,
Control4B,6488,3,-0.19182861071894752,-0.13545353081150502,0.4400571394734043,0.6666666666666666,3.302292742059273,197.92065218384303,132886693254.42503,22271436626466.81,167.59719187101666,False,0.0995085577023454,0.35418897717857,
Control4B,6516,2,-0.32942668234547234,-0.32942668234547234,0.18625756287890624,1.0,4.123608652202309,108.45021005053924,119537225192.34184,7677078667446.843,64.22333005550371,True,0.6864740244745198,0.8937192348629642,
Control4B,6725,2,-0.5201498388279292,-0.5201498388279292,0.039179909049737616,1.0,6.645193450298224,56.314224891064185,93870043202.99864,297813386004.7061,3.1726137097931217,True,0.4618548759316963,0.2433511013471253,
Control4B,6726,2,-0.32937933614595416,-0.32937933614595416,0.15758618800183516,1.0,6.984240702101174,96.38834560706916,96541685921.72264,9251680935723.928,95.8309443987266,True,0.3552302872863477,1.1615498578371135,
Control4B,6728,3,-0.21531180247433226,-0.5637933277358722,0.6273251919605566,0.6666666666666666,1.0904715064415575,324.38966330720837,100381456248.1534,57066686850818.56,568.4982962365457,True,0.5561164130054772,0.3449488061884269,
Control4B,6788,3,0.09200408596784578,0.16265141059895338,0.549758935092692,0.3333333333333333,1.5284733115824236,244.2650021401093,105641040148.10857,8025282349287.216,75.96746811689647,False,0.5099279214085306,0.4864981742740384,
Control4B,6816,2,-0.06848285847861413,-0.06848285847861413,0.4769709469617485,0.5,5.467961579522248,79.27652155430567,96260193421.07166,5226975404355.607,54.300487237660235,True,0.8377215031278187,0.3306722185629464,
Control4B,6852,3,-0.06305806375015625,-0.16250200101567813,0.2030255281716635,0.6666666666666666,3.2103158590987615,90.51663049224088,85685230477.64246,3015246741587.4194,35.18980721390692,True,0.4164302464062895,0.5520089322141694,
Control4B,6858,1,-0.43793931832093014,-0.43793931832093014,,1.0,1.1074953322328351,156.54772777585276,111048910598.4236,6430989376205.681,57.91132341191082,False,1.1846531365973667,1.3087566887064297,
Control4B,6888,1,-0.6981483418313039,-0.6981483418313039,,1.0,2.934742349499443,146.31667515901412,138447703606.74686,14905827000565.18,107.66395261350355,False,1.05901048593412,0.4853118252913002,
Control4B,6945,2,-0.26041937618106625,-0.26041937618106625,0.2784182986064016,0.5,2.5589056534161103,154.00022632784572,91441916182.34692,15568402253771.328,170.25454959546053,True,0.4463958921365362,0.8401227400289659,
Control4B,6950,1,1.4156031900043362,1.4156031900043362,,0.0,13.533981273109818,31.862507326536633,87305654380.23997,910734397369.5262,10.43156258130807,True,0.8152119274107167,0.1616206481389362,
Control4B,6954,1,-0.5459756780076361,-0.5459756780076361,,1.0,4.262886824516909,87.13989267301942,92616318438.1524,5304051375051.396,57.26908027113335,False,0.4562007363267705,0.2265253375290633,
Control4B,6989,1,-0.8430439436113799,-0.8430439436113799,,1.0,7.512066668769082,76.57433180171678,103934659100.84476,6267001785202.406,60.29751614542476,False,0.6919347969857985,0.2827824240352929,
Control4B,7000,1,-0.23631522347974698,-0.23631522347974698,,1.0,7.844213578551534,75.58967522735938,169079695154.84033,4039105052753.989,23.888764697943444,False,0.4290671333420546,0.1640576872861222,
Control4B,7007,1,0.17490549994675897,0.17490549994675897,,0.0,1.7204160554718235,185.10231341072824,106852924735.37274,23822263437943.64,222.94442100617096,False,1.1821982596565446,0.175377816751285,
Control4B,7009,1,0.36270694312627616,0.36270694312627616,,0.0,3.6592278079890144,131.0589245564467,98574559684.36143,14965083028818.41,151.8148605150967,False,0.4779505539588067,0.6692585396056414,
Control4B,7010,1,-0.6344643619464962,-0.6344643619464962,,1.0,1.8063844767633743,142.08743102519713,95642653189.10023,11283518621382.756,117.97580101707868,False,1.008413628357035,1.485050032992037,
Control4B,7023,2,0.07431076595828046,0.07431076595828046,0.1558453842351607,0.0,11.65736165452315,63.83176486429483,95454658135.57524,6362902419900.782,66.65889904360128,False,0.3740691453024909,0.7329926133699127,
Control4B,7035,3,-0.33762412816197074,-0.3430253965450718,0.2798075715001302,0.6666666666666666,8.260984767986939,79.95804724117231,96779103174.78662,6893747019455.008,71.23177208001863,False,0.3943462585884654,0.5344374611755345,
Control4B,7044,1,-0.550039074501635,-0.550039074501635,,1.0,4.234888993785548,116.78063676963848,112623239212.82864,13044976366832.104,115.82846007634794,False,0.3312016328048071,0.3353226584263163,
Control4B,7051,1,-0.1934629774371519,-0.1934629774371519,,1.0,5.626636684465035,87.52193211276541,83323401528.73761,4385936547743.7,52.63751199872732,False,0.1981749004115741,0.469234276531314,
Control4B,7058,1,-0.9872975344299357,-0.9872975344299357,,1.0,12.28617990104981,46.24559511265411,77945903379.60448,260388605676.3304,3.34063234097386,True,0.5018864729294062,0.3440910611059875,
Control4B,7059,2,-0.3220139288732897,-0.3220139288732897,0.23781293597558467,1.0,2.478954230696678,211.34008390892765,81154620758.47133,38928922478897.71,479.6883050535864,False,0.3628504174344876,0.9169922437128964,
Control4B,7067,3,0.04082434363957862,0.05028276152787514,0.1664424439292438,0.3333333333333333,2.8693489355360753,163.09540100628195,78658515359.06345,19813516326395.246,251.8928336741386,True,0.4753384316680659,0.448947301067617,
Control4B,7069,3,-0.16906978136315573,-0.3319883963737893,0.38444945814355297,0.6666666666666666,1.8040216799752744,176.7083739237185,87196985366.73204,13968223098198.38,160.19158276459896,True,0.7232647333191298,0.6701046179361647,
Control4B,7090,2,-0.3533739030035883,-0.3533739030035883,0.3378340162983247,1.0,4.895692677446789,104.69890270264725,106977571768.34146,7448723946258.588,69.6288373640477,False,0.8023836588588366,0.4439763365714478,
Control4B,7114,2,-0.5490038549879133,-0.5490038549879133,0.06670421605471452,1.0,2.780061171373914,147.89106063142643,93235678817.23712,13300934358861.297,142.65927515725085,False,0.6370525398350165,0.0129402223788443,
Control4B,7121,2,-0.2983322538212989,-0.2983322538212989,0.4889888050784674,0.5,2.6056050239334847,152.58368787028928,76982107706.32512,5506971576196.701,71.53573395528412,False,0.3069721586959464,0.678260544096127,
Control4B,7123,3,-0.1345894560641853,-0.30795334740644886,0.39727846060381533,0.6666666666666666,1.6340685477869128,182.13651911430497,74728447229.2304,18123261789351.0,242.52158931869252,True,0.7744093250511443,0.7751578575950394,
Control4B,7128,3,-0.10001008340474009,-0.6269433997083627,1.043781388446258,0.6666666666666666,1.4743305489855514,174.44360631061068,99790785336.38762,17238839320518.39,172.74981114145453,False,0.8383168777339673,1.0627517467943448,
Control4B,7144,1,-0.6212484531225946,-0.6212484531225946,,1.0,3.2074141111334327,46.16952575137941,107901648682.78609,560905122748.9774,5.1982998369000875,False,0.3809604834623456,1.0850155513282869,
Control4B,7146,2,-0.10425444214748802,-0.10425444214748802,0.5926182895783216,0.5,2.885025451924086,141.83631474519458,69992050540.38455,4510834311708.109,64.44780909948356,True,0.4228072780765254,0.3559035163277559,
Control4B,7158,1,-0.19786207668471834,-0.19786207668471834,,1.0,1.638785586968151,228.88998790460457,134552859286.36496,15440499714361.7,114.7541553279082,False,0.4301498423264817,1.068783844089636,
Control4B,7162,1,0.08247655312570545,0.08247655312570545,,0.0,2.400620918854177,128.77131742992148,81173764602.61395,7708513139471.187,94.96311002955451,False,0.1652909358211402,0.5313990509389992,
Control4B,7183,2,-0.04785146935397089,-0.04785146935397089,0.20750820751150312,0.5,3.832196782781089,80.23552317760347,68980519249.26733,3167826501273.565,45.92349457136351,True,0.4120708449645964,0.3956971648276236,
Control4B,7184,2,-0.1241406364972859,-0.1241406364972859,0.4914301235771311,0.5,3.1140201601321147,69.64630922536972,80327547991.00381,2284940131381.0244,28.44528668591905,True,0.5270650795363507,0.4070532639450209,
Control4B,7185,2,0.2495428773803301,0.2495428773803301,0.8567256245096981,0.5,2.0500362205902554,95.82742208911289,81951758466.39919,1201344611600.462,14.659168199459954,True,0.1829832098006606,1.1539843583411973,
Control4B,7186,1,0.1842012944755349,0.1842012944755349,,0.0,6.943241288951558,86.03058004070304,94010925403.99944,7723277452060.586,82.15297763393806,False,0.2572266885466702,0.8329200712942436,
Control4B,7197,1,0.4997373509083438,0.4997373509083438,,0.0,1.2208260150612822,152.74935636335562,69316496893.94673,6207246449532.206,89.5493385799517,True,0.160686242238574,0.9765174762776748,
Control4B,7213,3,-0.44897556652547116,-0.4728782109986893,0.11506834144620039,1.0,7.187074392794466,66.46087474592319,91621740195.78404,2736587508312.0054,29.8683205805114,False,1.0032626970289098,0.1399129869293318,
Control4B,7219,1,-0.7231606317970876,-0.7231606317970876,,1.0,3.0044570085764595,104.89227092761088,76934265258.40839,4511528121542.707,58.64133629390356,True,0.6713596335176736,0.4951903021368133,
Control4B,7220,2,-0.12972727314381804,-0.12972727314381804,0.7612466400496235,0.5,2.4062575791904246,133.96984209611156,71485261586.208,6356290139689.582,88.91749150311472,True,0.7007302365971688,1.183960141095179,
Control4B,7233,3,-0.15167924915339923,-0.1894470534581849,0.23460257341654667,0.6666666666666666,12.273001318044528,42.67559324345552,72718586439.10353,2038104449188.209,28.02728365594636,True,0.5545975384995996,0.696821146297557,
Control4B,7240,1,-0.1724084085350177,-0.1724084085350177,,1.0,2.865261952683595,125.80265952159908,71048277642.83282,12394783351190.738,174.4557892522127,True,0.4789677797918528,0.3960205171811914,
Control4B,7241,1,-0.37994266245014696,-0.37994266245014696,,1.0,10.587921583732191,47.8437654643427,108290350238.58997,1958597808000.467,18.08654052448071,False,0.493634783211128,0.6335000902234422,
Control4B,7256,2,-0.5224195169722865,-0.5224195169722865,0.4315104976502492,1.0,2.4027445473824462,100.75600400459837,91101240452.98836,5433532039627.751,59.64278875468941,False,0.1944305425765385,0.6688528545666139,
Control4B,7264,3,-0.6872012616527442,-0.7223896882225282,0.11192660970145243,1.0,3.0248722980992464,123.35397728724855,55241176649.74384,4645542288324.04,84.09564332380276,True,0.1758125957206597,0.187849707326853,
Control4B,7269,3,-0.2366222628916419,-0.4545224216637771,0.5143784106279166,0.6666666666666666,1.9961111930825244,175.1027061560864,93481595399.94244,17407105009258.064,186.20889956771944,False,0.6231178272889303,0.0283847048103034,
Control4B,7271,2,-0.15764858698490825,-0.15764858698490825,0.33210281710345363,0.5,2.210691551160079,45.19538440940591,69885303620.9602,188634463259.0796,2.6992007401468,True,0.4841641791091646,1.229969460809829,
Control4B,7297,3,-0.2925332466314036,-0.30649740654626245,0.35823991873423117,0.6666666666666666,4.905761493720572,71.50803924655723,68419782160.98567,1510070657104.727,22.07067326744281,False,0.2323385616922743,0.0815240431620198,
Control4B,7300,3,0.2928214047237052,0.24703885143123605,0.20740611326898842,0.0,2.95662249460991,171.7442049502775,65809445686.8199,29482659560623.777,448.0004238438445,True,0.3968879683721629,0.47892971764604,
Control4B,7336,1,-0.41970478164214287,-0.41970478164214287,,1.0,2.362447715305304,129.04995198913738,78787961350.4186,5550962485370.514,70.45445002291612,False,0.7330174631632207,0.965838232624763,
Control4B,7340,1,-0.15596352365987753,-0.15596352365987753,,1.0,3.470905525426691,79.76328084719351,57844469604.71576,3755754865185.746,64.92850381118473,True,0.8409820972340114,0.1375865884675383,
Control4B,7359,2,-0.4254412266170121,-0.4254412266170121,0.13048659982551994,1.0,1.7719231493137657,168.49979062288688,63412827580.44161,14110327484734.309,222.51534938786344,True,0.6183646135694455,0.0254587411191129,
Control4B,7367,2,-0.3902395383454407,-0.3902395383454407,0.24383488403814293,1.0,1.6787301217530255,121.1756337554603,58893529331.00209,3952817479000.3857,67.11802678328512,True,0.4526195691452873,0.1758746980006338,
Control4B,7372,2,-0.5713411938580937,-0.5713411938580937,0.08041219773580814,1.0,7.653995915908088,72.25832684828443,91998788177.67352,5204923520819.646,56.57600087913755,False,0.3776493839445523,0.5838493763645268,
Control4B,7386,2,0.26264945238726334,0.26264945238726334,0.0002474165022503393,0.0,3.870155172032207,122.54992782335349,89998080919.56915,9443130567577.707,104.92591032043217,False,0.3628176516251475,0.1185274552095925,
Control4B,7407,2,-0.17449336112587632,-0.17449336112587632,0.35038666984970446,0.5,3.878100970741249,82.32218342820453,71047891419.22449,2538079412009.8394,35.72350088525039,True,0.2206775824084526,0.1208906407279152,
Control4B,7422,1,0.10330068247992097,0.10330068247992097,,0.0,2.7820898920288193,131.75167835891563,61906128421.63867,11914024926864.66,192.4530774355489,True,0.1487211128375144,0.2947998866101788,
Control4B,7425,2,0.2613999522752999,0.2613999522752999,0.27644355761504796,0.0,2.1598039080323357,109.87553113424076,60278300810.214745,6503364352692.714,107.88897937200406,True,0.2170925803240544,0.4333810401214222,
Control4B,7436,2,-0.4666609639204121,-0.4666609639204121,0.23836596420726333,1.0,2.5891768988933017,156.43122896447153,54627299894.73993,17058045020438.535,312.26227643151475,True,0.6412471210004346,0.802923606694696,
Control4B,7455,1,0.20878645055998257,0.20878645055998257,,0.0,5.812145692810706,63.00606712479013,73882972518.22957,2682422469190.197,36.306369082921606,False,0.9744963020271984,1.5793125812133877,
Control4B,9394,1,-0.15130423409343496,-0.15130423409343496,,1.0,1.1899409186990269,203.2985964077814,100196866208.50644,15046732827631.598,150.17169096206894,True,0.4574032610770664,0.5897980676402136,
Control4B,9578,2,0.05059105425358057,0.05059105425358057,0.6869886776131937,0.5,3.5691371798739193,170.95441713774792,136733922082.56796,9569971106803.754,69.98973598537489,False,0.3264317972267776,0.4316788136487393,
Control4B,9765,2,-0.6647412674336521,-0.6647412674336521,0.3588095301633542,1.0,1.86814256623028,252.82894794946864,128387939170.8909,40222484343988.52,313.2886515956171,False,0.4907863575389826,0.0054680022774062,
Control4B,9774,2,-0.1094402448268057,-0.1094402448268057,0.0035232039143367772,1.0,2.043611842229703,133.23352548834873,107390998477.42178,8138364818167.742,75.78256030349488,True,0.2503295434952626,1.1747721879435635,
Control4B,9790,1,-0.6345949962915709,-0.6345949962915709,,1.0,8.562403810120133,57.69399130430455,111515509509.43285,2954417995352.479,26.493337190039664,False,0.7073748308551031,0.1245360836645453,
Control4B,9833,2,-0.6099669959813858,-0.6099669959813858,0.11424314716015231,1.0,6.647591864797296,77.08684503286266,118418151669.31334,5858487204180.08,49.47288166209604,True,0.842883109951316,0.4620108942567989,
Control4B,9995,3,-0.6626074800305204,-0.6862154755987122,0.053404229841277094,1.0,4.31282521827707,71.53651128079645,95307551747.82162,2730911276315.395,28.65367146919513,True,0.1821544231413049,0.6565575941365154,
Control4B,10027,2,-0.6869233758387598,-0.6869233758387598,0.12420041332713352,1.0,7.498400293822903,67.40226452259883,100111327269.99786,1939060231557.3616,19.369039292904013,True,0.6246801452243539,1.3766800893172044,
Control4B,10074,1,-0.5297384193899819,-0.5297384193899819,,1.0,3.952970782417568,108.4835457525642,136724432577.63544,4968258706283.191,36.33775333799315,False,0.3353127888368926,0.9832032426022774,
Control4B,10120,1,-0.22490188571883296,-0.22490188571883296,,1.0,7.1494770502463645,75.04348413112496,102781401157.24467,3179846105620.1577,30.937952487681393,False,0.9512742366131548,1.1441197153962348,
Control4B,10121,2,-0.07822541576013031,-0.07822541576013031,0.5039668617793456,0.5,5.799919063765778,81.27595085262658,97111995080.54784,6274424519089.667,64.61019067608956,False,0.3627156177378563,0.8920256811443581,
Control4B,10163,2,0.08703326613133644,0.08703326613133644,0.03772771208837004,0.0,2.097527248417079,143.6229158860349,93456466573.7016,10426096667815.17,111.5609978641012,True,0.2126522757694161,0.6637475602530842,
Control4B,10218,2,0.266514803299027,0.266514803299027,0.03196989723318375,0.0,1.0522937521889837,324.08307191930703,98563015029.81664,32624064308397.953,330.9970205206155,False,0.3161108632346741,0.831414091751492,
Control4B,10247,2,-0.3263614606683799,-0.3263614606683799,0.14457592700913557,1.0,2.458746599791991,169.34307349855612,101458342798.1108,18777765903362.184,185.0785789072817,False,0.4970040359631996,0.3881950513900351,
Control4B,10324,1,-0.7297835809622704,-0.7297835809622704,,1.0,13.06355338304706,56.33940534668108,122819316647.53642,5614808701463.115,45.71600668953681,False,0.4513949605254173,0.3378371767596405,
Control4B,10423,2,-0.0009021590069522301,-0.0009021590069522301,0.4982689109298779,0.5,4.170252253909548,72.17155236081163,87761640465.1599,2147637189056.421,24.471251650189945,True,0.7325161731520669,0.7859343066564926,
Control4B,10427,3,-0.6298954143106046,-0.527633086177929,0.18610125866338306,1.0,9.64648660225646,29.38721170757026,85336243970.86234,460355492046.0187,5.394606917585978,True,0.2967121219636244,0.9984453077547878,
Control4B,10458,1,-0.5254452518427528,-0.5254452518427528,,1.0,4.137000511354207,100.03644600909855,87238748600.25453,3951802335115.571,45.298704973675434,True,0.4751058509526802,0.7198969762701408,
Control4B,10485,2,-0.1977764332672387,-0.1977764332672387,0.38077810161183273,0.5,10.035139572081276,58.79709291418993,81494258541.69293,3870393313081.084,47.49283424796077,True,0.8407105430498184,0.4037421593393269,
Control4B,10497,2,0.13081864592224468,0.13081864592224468,0.4703478233749428,0.5,9.465029193036,56.18458312892417,105015053134.67938,3045319865687.4624,28.998888966726607,False,0.2338567572698141,0.986971156940235,
Control4B,10506,1,-0.6005583856068784,-0.6005583856068784,,1.0,8.251945780608603,68.94454212827571,109140568327.40172,4623122519089.095,42.35934071023502,False,0.4344615624561098,0.5461615289303763,
Control4B,10574,2,-0.021699313098246353,-0.021699313098246353,0.48334918460236104,0.5,8.750844539252114,50.196433086642905,99793122684.32845,1520468336279.2937,15.236203611835352,False,0.5967323401709806,0.0150956888390046,
Control4B,10581,3,-0.3677211437593013,-0.31407361445945137,0.10923093482725157,1.0,3.972614387009253,109.84496424020966,70792127608.79214,9525704221096.863,134.55880678904475,True,0.2707083248725244,0.6495160591702223,
Control4B,10610,1,-0.08944587375350421,-0.08944587375350421,,0.0,3.5186849049343643,132.27700475100383,109131555933.8759,6732228588700.46,61.689110276954146,False,0.4913663789470504,0.3074797596879614,
Control4B,10657,2,0.39329020547624194,0.39329020547624194,0.3373866369425067,0.0,11.23688219956126,47.322184026330525,80958618442.80359,2486902376849.362,30.71819189461999,False,0.1397902301350609,1.0742496985743453,
Control4B,10673,1,-0.45276250678796437,-0.45276250678796437,,1.0,2.5925468787961634,177.03299323862535,91218337261.50523,28374705416557.047,311.06361142291246,False,0.5541412433160011,0.1422633909304892,
Control4B,10693,1,0.36240607720417284,0.36240607720417284,,0.0,3.6174848076655,71.68965271473282,81748167161.25626,2204734400709.952,26.96983280812765,False,0.381495547453333,1.2401761237645512,
Control4B,10757,1,-0.08484216760332997,-0.08484216760332997,,0.0,1.6355806386190552,116.17110973768028,97760026938.65686,5405489386263.922,55.29345229881939,False,0.3309880777189309,0.982097715814108,
Control4B,10806,2,-0.6248111375931725,-0.6248111375931725,0.37029010888530167,1.0,3.2230914877533543,98.46851953911724,71075156382.963,5187510506385.414,72.9862693292488,True,0.4759046247999539,0.2427145439347381,
Control4B,10843,1,-0.49561814931553494,-0.49561814931553494,,1.0,1.6705346456238033,123.02683962934096,89526210658.38832,4967272410399.583,55.48400154401224,False,0.6045060975227554,0.7043172084615931,
Control4B,10883,2,-0.3097691800607003,-0.3097691800607003,0.14727657748425033,1.0,4.115828361370885,85.16952131664391,86608357637.9678,2395346933494.585,27.657226147935877,False,1.1527662981077935,0.9706166884984484,
Control4B,10908,2,0.32155051407596935,0.32155051407596935,0.03938355102591154,0.0,3.5354228893628137,62.59342332549129,64021300148.78572,1088481292431.7594,17.001861722616148,True,1.326465718222045,0.4034756508143283,
Control4B,10913,2,-0.4849872896410321,-0.4849872896410321,0.2413845564757033,1.0,5.241372415225393,85.83864398029142,80776349669.96986,3330789611392.61,41.23471319267716,False,0.4634178197890655,1.350963570052452,
Control4B,10914,1,-0.6420358429435549,-0.6420358429435549,,1.0,4.009868317484108,79.15260623753154,101150064723.3966,1191297440715.1636,11.777525244030908,False,0.5898205066297424,1.4313750120804507,
Control4B,10929,1,-0.12908423078557751,-0.12908423078557751,,1.0,4.344306015241118,106.51913169001487,96066626949.72734,3110460762227.983,32.37816150093121,False,0.462127498579486,0.7928644761462611,
Control4B,10955,2,-0.34830422414395,-0.34830422414395,0.18668485519821423,1.0,1.3354374933916051,163.4300847032539,68428776627.406746,5167808553774.948,75.52098413089507,True,0.2901492728512874,0.5155302400528727,
Control4B,10990,1,-0.5153283540810583,-0.5153283540810583,,1.0,1.901525539498982,113.32610024690268,76128673083.89705,6071382890355.641,79.75159219791888,False,0.5877990245667344,0.4770061516294963,
Control4B,11021,2,-0.09789557287090478,-0.09789557287090478,0.42374007481855536,0.5,7.083340882202342,57.462697556148775,73948147872.22676,2534258028499.135,34.27074377681532,False,0.3545061290551299,0.7577187913057584,
Control4B,11071,1,0.48630051958636766,0.48630051958636766,,0.0,2.953476980727876,96.04744949154144,62910472800.77414,3474692460271.0,55.23233740866501,True,0.4374055512681994,0.7900743002646096,
Control4B,11076,3,-0.06962421965683212,-0.34066089677684275,0.6779732624337413,0.6666666666666666,2.34280293634572,106.26045340216416,60851985339.70551,5396700119831.85,88.68568691234695,True,0.5409583684316681,0.6208122623762955,
Control4B,11078,2,-0.4376986766430777,-0.4376986766430777,0.06829678425395187,1.0,37.94573775085294,13.703637323704228,81406311536.36987,105882235941.82253,1.3006637193544577,False,0.3167679022173391,0.8193293740197325,
Control4B,11108,3,-0.015432305316755546,0.055056688545276344,0.13225096240487194,0.3333333333333333,3.925124960963407,56.080007719018646,81805475578.51825,1252091301618.126,15.305715085249371,False,0.2723525476078877,0.0553928786292582,
Control4B,11129,2,-0.3182427937641842,-0.3182427937641842,0.4923742028520516,0.5,4.789274798413894,60.96612486980248,65338676356.29817,1816736060877.5583,27.804910692875374,True,0.4390471559750113,0.5222832956371389,
Control4B,11153,3,0.012948891542489793,-0.14577671029617134,0.6587265510514725,0.6666666666666666,4.324155935046058,96.07832369023582,67645524442.291626,6622844693990.114,97.90514226318196,True,0.2334295035978847,0.2955065172042772,
Control4B,11198,2,-0.19464824497204614,-0.19464824497204614,0.13629675506003006,0.5,3.2268600120146207,151.59734445309238,65697860587.20433,10853847212391.451,165.20853366274466,True,0.5860597165719076,0.8619676186081526,
Control4B,11252,2,-0.10860508888656839,-0.10860508888656839,0.42160845534155494,0.5,1.896793066750304,108.84651546602868,62612334578.269455,3357449508615.4873,53.622813000503264,True,0.2944859853548819,1.05743966863251,
Control4B,11265,2,0.1830957826249655,0.1830957826249655,0.10277344501056146,0.0,2.9614512662248513,136.97217957483866,76559247807.21422,8945841585862.271,116.8486086539019,True,0.4298279887030612,0.1845203403197347,
Control4B,11278,3,-0.42795255529282294,-0.6162957652437084,0.35428616574606503,0.6666666666666666,1.7317358870244264,180.11019250190083,58820701114.244446,6667456042378.916,113.35220281426189,True,0.4571150191560811,0.8163320419279494,
Control4B,11305,3,-0.2944309141624521,-0.3241376613472524,0.44704497576455615,0.6666666666666666,1.0828607798221417,166.37466684977335,54332385675.56807,6279188767865.542,115.5699071518801,True,0.274030020512258,0.8197419754577638,
Control4B,11562,2,-0.5513707393437484,-0.5513707393437484,0.20279540299841545,1.0,2.639677097558114,93.09191829270368,58128922031.66213,4547485932741.267,78.2310384194688,True,0.4464221575264742,0.4882043056690546,
Control4C,1,1,0.9900439575730857,0.9900439575730857,,0.0,0.0465987601443951,626.5799792495897,235706401953.55005,21709243841108.004,92.10290285363644,True,0.3363763456457983,0.3419849543395449,
Control4C,3,2,0.6199025353569141,0.6199025353569141,0.47701520170092265,0.0,0.6453320338253019,165.177849519443,193663133247.51068,5969848370315.155,30.825941263097327,True,0.1409723488631726,0.6945760668984571,
Control4C,5,1,6.322425488909069,6.322425488909069,,0.0,0.1032563348110313,346.6062117382787,154114242725.73288,10908271979979.12,70.78042747412947,True,0.4591246196708828,0.6650757720818815,
Control4C,6,2,8.579816389446552,8.579816389446552,10.714856141060155,0.0,0.3119008423706158,255.2040158887389,219372054695.6101,8577923731325.454,39.10217161993473,True,0.701589090174952,0.8458373099184342,
Control4C,13,1,1.3238897362629745,1.3238897362629745,,0.0,0.0890326014122012,591.3567054035079,174453530212.72818,33531167962277.812,192.20687550082815,True,0.0838459563894723,0.7798833732276425,
Control4C,27,2,0.26064130287257004,0.26064130287257004,0.1737195506495977,0.0,0.2616472361930452,515.7398721798585,124179596077.3825,73741415147027.28,593.8287567071432,True,0.0780330770717992,0.8685143486539341,
Control4C,32,2,3.954510050028046,3.954510050028046,4.897121197087447,0.0,0.0419452411525139,1127.684641971124,172547044434.52985,123614768365993.06,716.411971999304,True,0.0634255100972167,0.171216852902691,
Control4C,33,1,1.7136406733912537,1.7136406733912537,,0.0,0.0829881038959453,514.9989077233935,172372179906.62332,23498456679648.6,136.32395141941163,False,0.1990552212219726,0.6403919078298705,
Control4C,37,2,7.78838263973941,7.78838263973941,10.096239775952528,0.0,0.1503304970791847,382.8478866912951,147243041052.82138,10630679875520.064,72.19818199561945,True,0.1846010099246738,0.2313066271505746,
Control4C,39,2,0.17901772468280375,0.17901772468280375,0.027484888815447375,0.0,0.2308251528286417,432.3347744242223,142840221750.85403,37824173995360.02,264.80058299919205,True,0.4072294212529009,0.0527008127897032,
Control4C,40,1,0.8010543223183593,0.8010543223183593,,0.0,0.1364756362092943,392.8353812440409,156926075732.6305,17469325603452.512,111.32200637717229,True,0.4057898356934658,0.1217137948749079,
Control4C,46,3,0.4215006122333536,0.5212031376886115,0.1749887242697713,0.0,0.1150457452442467,619.7147256969292,172645928352.0667,65656450951545.086,380.29539172019014,True,0.539712804365188,0.96384123149662,
Control4C,50,2,0.5411923115083197,0.5411923115083197,0.13077550496435378,0.0,0.2600029375386652,369.6259901873464,182189259977.2533,22766339482044.79,124.959832895129,True,0.2226579314429174,0.2145346096249976,
Control4C,51,2,0.5985920566649481,0.5985920566649481,0.6581543235750238,0.0,0.2729644384323778,228.87626244707496,101322840948.568,4122802288493.6543,40.68976205065559,True,0.4221983227603959,0.0852846310079502,
Control4C,61,1,-0.01098423682621874,-0.01098423682621874,,0.0,0.1498888263798016,318.3251918206221,145796210078.94308,8503639206279.656,58.325516154879885,False,0.2857504293820194,0.5334003464950456,
Control4C,70,3,0.7441256211605317,0.8725267868646949,0.24458797502793697,0.0,0.1224769129012227,493.7817252310669,141851086298.67877,27714746710018.008,195.3791643982366,True,0.4410347524849521,0.1190358555459808,
Control4C,71,3,-0.21340917609691648,-0.1432729195818263,0.556017574030884,0.6666666666666666,0.0886170296338941,482.8939415616338,134253805574.22237,22871548545176.727,170.36052309543035,True,0.557030444173115,0.1256802607276591,
Control4C,78,3,0.21081240065169693,0.09480305933752664,0.24365084922496466,0.0,0.7593517881659491,132.2304052409451,134740334658.14154,3658398082136.679,27.15146946471997,True,0.618105576432625,0.7455245692846979,
Control4C,85,3,0.21711553301620734,0.10611027356753633,0.22277688190593964,0.0,0.1835254294222079,542.4019145725622,105347272732.85931,59942226585865.38,568.9964726269419,True,0.299073434720517,0.1147161019413417,
Control4C,94,2,0.29174208165691384,0.29174208165691384,0.4257735094635188,0.0,0.3863439367581013,162.35833276192068,133245914368.98996,2536060417147.0996,19.03293192258142,True,0.0904127587200651,1.2266638337353248,
Control4C,95,3,1.147653555785127,0.021671531037057434,2.3321395104533558,0.3333333333333333,0.1530603493114201,488.51866518974754,150214991379.15384,35526898067460.02,236.50700733182805,True,0.672438472335406,0.2093892057887471,
Control4C,96,2,0.25967100946740174,0.25967100946740174,0.017724884427297003,0.0,0.95051042211049,127.4451620043205,143057376751.10394,3485310958248.7188,24.36302857917338,True,0.1424605822427138,0.1479992724357385,
Control4C,100,1,0.6637426061756089,0.6637426061756089,,0.0,0.1047509509644516,676.101326828095,140971735322.7967,38777832292155.305,275.075228402076,True,0.2901913129095851,0.223676456847063,
Control4C,102,2,0.5501683388375318,0.5501683388375318,0.06386005462549216,0.0,0.1529973190662802,303.1770772012181,181354725287.7319,7061674382854.352,38.93846367471547,True,1.1657461881794733,0.9945755681250728,
Control4C,106,2,0.4948884312233165,0.4948884312233165,0.08553936974739539,0.0,0.1731342397230131,272.7704738718611,99211602143.34084,7330866548828.798,73.89122230116965,True,0.7185910221326859,0.6452295109900383,
Control4C,112,2,0.34853669654434105,0.34853669654434105,0.014277275872413647,0.0,0.0864401759801989,521.9320618464387,152875390062.543,25973517567505.668,169.89992671076502,True,0.9593988259352167,0.0577913380393578,
Control4C,120,2,0.0864858249560978,0.0864858249560978,0.18534175989043922,0.0,0.0934717106838866,943.7681641702296,172197243156.89734,174447032434179.1,1013.0651875490936,True,0.3195163266345531,0.2618697709737758,
Control4C,125,1,-0.7940056297974758,-0.7940056297974758,,1.0,0.2332519939913883,476.1065400735757,120149153016.15253,58905652203662.195,490.27105664026686,True,0.2087465014069359,0.9567333612732012,
Control4C,129,2,0.16628088257722795,0.16628088257722795,0.08279536277138975,0.0,0.4457906461518558,217.06115816771867,136018322268.29791,10311202340038.46,75.80745129100679,True,0.5641690181469796,0.091448074173073,
Control4C,131,1,-0.441454855448026,-0.441454855448026,,1.0,1.3988668074120738,106.0223624391507,93965048662.09969,3872744890883.322,41.21473830987728,True,0.5472260314995017,0.7388165431009622,
Control4C,143,3,0.33696603015816556,0.43867270892225685,0.205560479111312,0.0,0.243387548222971,481.795490072909,188006850262.98816,61751029323106.805,328.4509539770923,True,0.1368346536694331,0.0486613796107887,
Control4C,146,3,-0.11561729760734492,-0.319869585189378,0.3561638984763695,0.6666666666666666,0.4142220234979882,536.8030049595578,127424365798.96538,119694026857263.0,939.3339029530792,True,0.1394786314962806,0.1453732724973706,
Control4C,152,1,0.000597291114174503,0.000597291114174503,,0.0,1.436207226971424,179.07697876556267,154061834216.12378,20879090826250.465,135.52409610390907,True,0.2624991634943538,0.1023441500565779,
Control4C,153,1,0.709893686473678,0.709893686473678,,0.0,0.3633071125321607,201.33331803434203,129307324737.4289,6133374913471.981,47.43254046842587,True,0.2165827161419368,0.8101797716594634,
Control4C,157,2,0.41380216992323615,0.41380216992323615,0.6739229335150283,0.0,0.1750420944244614,574.0781977248699,154105680857.8999,62142649789498.45,403.2469759943495,True,0.3292023612851268,0.2113342957631051,
Control4C,174,2,0.10490821971139463,0.10490821971139463,0.11057067772360742,0.0,0.2702923588643033,258.0081913777143,153333066077.08868,8576212867112.836,55.9319205343557,True,0.139378923436263,0.6095276323125096,
Control4C,180,2,0.24871100790128164,0.24871100790128164,0.020294815514896727,0.0,0.2766007687412782,414.004360143129,129450942966.15714,31233289992758.79,241.2751060525239,True,0.4776492285498601,1.2708593378962667,
Control4C,189,1,0.5126108329515215,0.5126108329515215,,0.0,0.2496001173844347,218.51605611933795,167458721850.41312,5099259087410.018,30.450842040733264,True,0.2356936106258839,0.5201615326334482,
Control4C,191,1,-0.364641294502944,-0.364641294502944,,1.0,1.0641527080429412,118.40967742770648,166694793567.4074,4548331843020.682,27.28538633800488,False,0.1421609239703158,1.014698672101912,
Control4C,200,2,0.3818217488115332,0.3818217488115332,0.1212656973803515,0.0,0.306275743965093,370.7711865021396,119268379185.21729,36530225084854.47,306.2859186517914,True,0.4075092009783658,0.0181647565217715,
Control4C,202,1,0.4319430559899091,0.4319430559899091,,0.0,0.4781644599950377,190.85569660510447,109272977324.73389,8126941871286.284,74.37284194366647,True,0.0954101435304276,0.012648939350979,
Control4C,213,3,-0.0748516367627327,-0.11881952898951065,0.2382481374921438,0.6666666666666666,4.98327767809309,98.1837736308077,90739879224.10408,7321032846771.23,80.68153615997404,True,0.8489527341793351,0.3519960604145602,
Control4C,214,2,0.6132276832018946,0.6132276832018946,0.4901734802568432,0.0,0.5660894902067433,176.27881933141936,129995014616.77496,4874955377811.166,37.50109488569639,True,0.1704140426566683,0.2892678691258801,
Control4C,224,3,0.14980959018410442,0.16623565115738215,0.1782028859058312,0.0,0.1844874479882489,610.7659927498829,110206787823.23796,91848028304755.58,833.4153469028765,True,0.6855239170295704,0.3471322899660871,
Control4C,226,2,0.76255490061396,0.76255490061396,0.235410709605444,0.0,0.1276586746751694,452.6834571021492,128424043123.88824,24894026479311.79,193.8424135681275,True,0.4292067266172676,0.3973539365736611,
Control4C,227,1,0.37853437400225864,0.37853437400225864,,0.0,0.3582211858827386,193.58875064656567,91812897716.44128,5449530312146.935,59.35473607398263,True,0.1378024510945211,0.366480379162397,
Control4C,229,2,0.7316956899262947,0.7316956899262947,0.06755669319112326,0.0,0.4095730463257661,222.36589781528053,109158683326.29031,6913078925333.093,63.330545172196224,True,0.2932217051189055,1.0181880957891043,
Control4C,243,2,0.5975616049072126,0.5975616049072126,0.5498058366711902,0.0,0.5823671768954811,102.94943127575816,97686765618.25555,1372585946162.4548,14.050889467733056,True,0.3376893994759108,0.1690381274583838,
Control4C,244,1,0.11815075471408854,0.11815075471408854,,0.0,0.3827198908252796,337.0528763591199,64434317062.75545,38921176768278.92,604.0442196410937,True,0.2258423029729696,0.876253711935544,
Control4C,260,3,0.36715589734114823,0.3609239659163057,0.2617848658885692,0.0,0.3824299960684825,199.6281738212515,152980040813.47437,6315323531269.455,41.28200971634991,True,0.3182176898602167,0.4052686262149037,
Control4C,273,2,0.4426472090694924,0.4426472090694924,0.3060813864524588,0.0,0.6369651288268113,236.8533786685405,84939472065.21004,16946768571394.36,199.51582178876657,True,0.1652008394493947,0.8008850145949085,
Control4C,286,1,0.3971478335271752,0.3971478335271752,,0.0,0.496934966308516,269.39611259931553,246786786711.92245,19791614236349.797,80.19722003776813,False,1.1903034646747974,0.5703796740873373,
Control4C,288,1,0.8236362038948823,0.8236362038948823,,0.0,2.867381468063058,132.08252326705545,124717316408.42706,13808881134675.1,110.7214421568651,True,0.2581744337523549,1.0778745844186504,
Control4C,290,3,2.1202244434955078,0.4102398885879843,3.0228847612780614,0.0,0.1284568245631738,626.3379795787774,96953421475.20508,57989701937390.95,598.1191901744413,True,0.289929543054703,0.2122948829867819,
Control4C,291,2,0.49738533903278825,0.49738533903278825,0.3831028361076454,0.0,0.8870493236108473,135.51306166225277,71816933265.87021,2163970564728.5637,30.13175954920584,True,0.5899508034683727,0.991234487720571,
Control4C,293,1,0.7239684444113959,0.7239684444113959,,0.0,0.3993782131626632,156.16606216543084,61882977981.9076,2844518994401.1655,45.966097417496655,True,0.1840796165679417,0.2427347142830008,
Control4C,312,1,-0.8559423621951758,-0.8559423621951758,,1.0,0.4413906990512721,345.81953463165877,136250478819.0134,36581429971292.07,268.4866158884076,True,0.314860569241482,0.715453984252557,
Control4C,313,1,-0.3650199565425627,-0.3650199565425627,,1.0,0.5610807012762481,364.7461630670041,104291004533.96243,43016975491711.45,412.4706218329975,True,0.2297158365119946,0.144260098405582,
Control4C,329,2,0.6458352364620188,0.6458352364620188,0.22963037053793378,0.0,0.5348883429454271,189.6737397224889,143355976706.00903,6682422542055.184,46.61418864843936,True,0.6487165532741205,0.8973180275491192,
Control4C,335,2,0.3473198487763356,0.3473198487763356,0.16066488392649217,0.0,0.2367049852596117,257.3528179744748,154044924385.82828,7014062779923.641,45.53257958928841,False,0.4255408930076717,1.1644100282454224,
Control4C,336,2,0.5631619412660973,0.5631619412660973,0.4489707047007135,0.0,0.4627974203187263,162.12876721359763,83570083304.20964,4470471395984.395,53.49368122215579,True,0.3034225571748056,0.5982996849413563,
Control4C,348,2,-0.40507321644762817,-0.40507321644762817,0.21794631528412112,1.0,0.6288245935753889,262.33762134262696,129842151894.1137,23618848897155.56,181.90432423221648,True,0.5234660987260472,0.6392948728129303,
Control4C,350,1,0.092553031441299,0.092553031441299,,0.0,0.2840911406174067,290.8216554232681,97299374476.02144,16094027028082.123,165.40730209985423,True,0.2998197227945839,1.0858929653185434,
Control4C,351,2,0.39130821853763065,0.39130821853763065,0.0688344157240263,0.0,0.5876826453372127,199.42527074360393,60610418946.620056,10890130051414.102,179.67422500420437,True,0.2728874972644327,0.6155664144836075,
Control4C,379,2,-0.08767333642578967,-0.08767333642578967,0.3384525815343823,0.5,0.9199343003155994,161.73293794962166,102403561286.55688,7622231812171.498,74.43326888644168,True,0.5568986221525255,0.1661284644263382,
Control4C,387,2,0.9338483797720529,0.9338483797720529,0.3031408226200321,0.0,0.3744116004800012,240.3822912552645,147827233312.44217,10258089483671.898,69.39242015028977,True,0.4357908541626588,0.5673984774875439,
Control4C,402,2,-0.15262610698860324,-0.15262610698860324,0.4704275799529095,0.5,0.5778018199688434,352.65124529869416,103921740299.97432,39332157975545.32,378.4786307659153,True,0.6247439755919368,0.5973556090465394,
Control4C,403,2,-0.06310913610155178,-0.06310913610155178,0.09020262286003682,0.5,0.207894991244357,441.3485000068418,143882566373.49265,43808554984972.95,304.4743785793618,True,0.0910080341665366,0.136110722970444,
Control4C,407,2,0.47661098201674845,0.47661098201674845,0.1277319684711955,0.0,0.5351089581220239,123.65507541227936,151247267237.9551,2061777746494.096,13.631834704493084,True,0.8745878068253906,0.1819556424776301,
Control4C,410,1,0.6766391367163211,0.6766391367163211,,0.0,0.2941769653493049,165.58690323996677,120602207392.9377,1381142943826.5894,11.4520536040161,True,0.5116783428423886,0.6554568818219636,
Control4C,412,3,0.12061265425886399,0.2275933678580495,0.364532559100834,0.3333333333333333,0.2592719292714828,529.9080883507914,75689180606.68213,84682175304134.9,1118.814797905988,True,0.0412244344742655,0.1851577226535144,
Control4C,436,2,-0.21562806367294662,-0.21562806367294662,0.04710475261880677,1.0,3.827073092651956,110.68157856076736,102183798669.89696,10385047602881.951,101.63105832883224,True,0.6022450700652783,0.3087495979495965,
Control4C,442,2,0.3185628889222354,0.3185628889222354,0.15393198643461137,0.0,0.3062841252004729,309.42133123559427,94932294645.98296,15811393119709.01,166.55441837440156,True,0.6114186944164292,0.6794370275463698,
Control4C,443,2,-0.5804043087126982,-0.5804043087126982,0.13353705820307024,1.0,2.7545206333062877,125.10155794751628,181659568580.2666,12920576147651.867,71.12521651697575,False,0.1642783061836268,0.5462735278438906,
Control4C,444,2,0.14335861328595345,0.14335861328595345,0.09341332971263228,0.0,0.4049301555938469,281.91654447150466,93064000097.8775,21624334690162.246,232.3598240718156,True,0.6486037166000297,0.3751734316158083,
Control4C,446,3,3.1254875401721787,0.3024184672467638,5.022940960487838,0.0,0.4129191189663262,224.76711825032984,91801320212.7609,6757091483855.766,73.60560249237562,True,0.1957683615042776,1.2378317146219724,
Control4C,470,2,-0.4185212170627637,-0.4185212170627637,0.3703577319635478,1.0,1.3462079309453168,200.61582831113017,135240147756.43236,21185375493050.8,156.6500469313719,True,0.3773424240423652,1.386315901485859,
Control4C,477,2,-0.19284370716422772,-0.19284370716422772,0.010118912410672896,1.0,1.8377850138608107,243.93271580064828,99912803191.5419,58193316701805.445,582.4410370134805,True,0.2334891458083354,0.3489499332770689,
Control4C,479,1,0.4423918402817617,0.4423918402817617,,0.0,0.2352488534335023,287.31552925015194,106942741929.6632,6822606250172.2,63.79681432386934,True,0.4083323382071921,0.6344749638768522,
Control4C,480,2,-0.07391847472499657,-0.07391847472499657,0.2150551973899021,0.5,1.3251392728612876,219.65599434936385,87549261211.64967,32960969756329.94,376.4848417926343,True,0.1528766493303318,0.0037260551899757,
Control4C,481,2,-0.03999597433695545,-0.03999597433695545,0.3181001479579161,0.5,1.1528255706414368,351.2771812408965,91537153387.8773,113501772181491.86,1239.9530461750564,True,0.468633874490699,1.0746632123892494,
Control4C,482,2,0.39713473954919865,0.39713473954919865,0.41031766710568873,0.0,0.702753024387689,104.72844940679347,101111958251.49178,1657701388578.6414,16.394711538031004,True,0.3608766375257642,0.1242190093676362,
Control4C,483,1,0.24142652481881033,0.24142652481881033,,0.0,0.4743082501584469,218.58668521157367,109577126768.9485,8135150803931.511,74.2413224712953,True,0.1802966572166021,0.033857788615926,
Control4C,484,2,0.1840752630397099,0.1840752630397099,0.8203058245201743,0.5,0.546024545649804,212.5119942207211,60279067025.132774,8329061122756.524,138.17501719599946,True,0.5941804158586718,0.986598050417485,
Control4C,510,2,6.658148410743161,6.658148410743161,9.947962851559282,0.5,0.7393146108178991,146.94040407424484,196342585996.21948,1822526816793.429,9.28238164708965,True,0.3167286493208858,0.5624738075126829,
Control4C,521,2,0.31063429187237124,0.31063429187237124,0.4192798544382694,0.0,0.2289760032461431,363.12992774266894,192517929167.83823,20761533891394.57,107.84207985789492,False,0.3846477271077989,1.1604659829039374,
Control4C,526,3,0.3277131909804174,0.3346103331586092,0.03195311908198747,0.0,0.4721801116908356,150.9395189184785,73067635006.88899,3735209131055.79,51.11988544180505,True,0.549119875919729,0.5338919810312439,
Control4C,555,2,0.03841120759618466,0.03841120759618466,0.43002397344753485,0.5,1.1100342701489676,147.44962396760124,154108073151.40018,6170061077592.786,40.03723459400561,True,0.7945284785774169,0.114066165237564,
Control4C,567,2,0.4003193875519544,0.4003193875519544,0.1593671982774322,0.0,0.1671663075285367,345.25765210530744,157856845222.38516,13083718140075.691,82.88343860947965,True,0.2573197917921671,0.6353903538645214,
Control4C,568,2,-0.48154363091405306,-0.48154363091405306,0.04138982687391335,1.0,0.8383803789455689,259.12067500391043,104676013297.77692,25553527543397.44,244.12018320476227,True,0.4192051646693476,1.597148242425508,
Control4C,574,2,0.2342634748919784,0.2342634748919784,0.22252884679243867,0.0,0.6350852783792904,300.65273631743787,93237236403.30312,22002804268489.73,235.9873063302232,True,0.2589542204144584,1.1449986192560837,
Control4C,576,1,0.15949334109455027,0.15949334109455027,,0.0,0.4791345913685275,208.2104725036321,117625246227.56937,8508305546697.423,72.33400838316989,True,0.1779592319006107,0.0985997522725527,
Control4C,578,2,0.6305683528719728,0.6305683528719728,0.4161742390992074,0.0,0.2559622509841666,254.63793189725513,126291950763.98036,6192386043616.589,49.03230970902633,True,0.4556185071321276,0.896080681091294,
Control4C,581,2,0.4416191357051822,0.4416191357051822,0.3661477576861266,0.0,0.0951093587068231,614.9400165952063,125524993592.2412,35034133480936.664,279.1008585488759,True,0.1452485847251199,0.2219651354025343,
Control4C,587,2,0.04395042110887992,0.04395042110887992,0.2528031517054194,0.5,0.5008711544634368,256.0719260977195,93475790618.40063,19671417230553.613,210.4439780654961,True,0.1753450974853813,1.1461960881982702,
Control4C,590,1,13.57299266693705,13.57299266693705,,0.0,1.6560062358837204,184.47230284399492,67124122705.111496,15110329770836.604,225.11027573826232,True,0.5771310773193449,1.2574817449192397,
Control4C,609,1,-0.19896876960476728,-0.19896876960476728,,1.0,2.1811404060413055,143.4740811442852,143200779682.36618,3945796159918.492,27.55429243242018,True,0.4161020888470145,0.3757681058545102,
Control4C,623,3,0.2956091934089969,0.34038088769239705,0.17122869302042765,0.0,0.4737974361733559,232.7428545809124,109917566693.77184,13257219546307.28,120.61056248853863,True,0.1489211904964501,0.6591331328554001,
Control4C,624,1,0.42467303442146864,0.42467303442146864,,0.0,0.7735017572696309,205.72487721867935,103450441261.82228,13726512825828.314,132.68684655571397,True,0.4435122441309644,0.1656095874047997,
Control4C,626,1,0.10615531670578893,0.10615531670578893,,0.0,0.2694984201903057,376.6488625178872,155255074431.20056,30467483169042.406,196.24146444594123,True,0.3475004966557896,0.7444294519150223,
Control4C,629,1,0.7139683488550885,0.7139683488550885,,0.0,0.7383222251360422,111.31186599595232,100702253843.10992,2038028257732.8848,20.238159325689487,True,0.3325968243091817,0.8528996659559369,
Control4C,631,3,0.4208834605689358,0.40420436660914905,0.13856684437837138,0.0,0.4103039797455846,324.3001790821189,70362757176.14328,29347545012797.34,417.0891845430372,True,0.3997633975941682,0.1067440796812807,
Control4C,634,1,0.3054206323314186,0.3054206323314186,,0.0,0.2199254270123688,497.92818576680423,120512492632.78523,65593710109548.766,544.2897136765728,False,0.5903700348888226,1.2355893453609808,
Control4C,637,2,0.15079079408547735,0.15079079408547735,0.04971786250311736,0.0,0.325645069289653,162.86348028235594,157505551245.4579,2010979769898.1416,12.767675513634533,False,0.3419595921143832,1.419035911893582,
Control4C,640,1,0.20636191830093176,0.20636191830093176,,0.0,0.2670854303710626,196.7851474626476,71795384929.60365,5302652204443.802,73.85784211120428,True,0.6923093216627085,0.5045134837562087,
Control4C,641,1,0.746542890660808,0.746542890660808,,0.0,0.2355588212386911,308.0190793164956,90434265278.36064,14516440698816.115,160.51925289749272,True,0.378225058611295,0.7068210444479961,
Control4C,642,1,-0.07067400131856028,-0.07067400131856028,,0.0,1.3245664681053897,130.7190480109865,81256011815.79588,7324593978711.04,90.1421792065749,False,0.1134840212408929,0.5458659093127233,
Control4C,643,1,11.671411489300686,11.671411489300686,,0.0,1.0446862276481332,64.6323650043294,47010450685.78757,175864486600.5693,3.74096576474085,True,1.3096800196923553,0.5073461474575905,
Control4C,689,2,0.02320130825059552,0.02320130825059552,0.4452118609482909,0.5,4.641136579257527,77.2534593164125,117433028187.02304,2639633751928.6343,22.477779826342992,True,0.334353375746492,0.2368757046015268,
Control4C,691,3,0.3258969491126038,0.27052101053122213,0.40785122155215137,0.0,0.2875307207777508,272.8357404680192,104588802068.48636,12599454820528.443,120.46657549704152,True,0.3917230542546253,0.1544369275872822,
Control4C,693,2,-0.04823921007657184,-0.04823921007657184,0.4993271485463589,0.5,3.828040634232886,131.66027148991867,121713187310.18794,17935153391119.27,147.3558764459208,True,0.5497080559967399,0.1889440892312525,
Control4C,697,2,0.6519331203114057,0.6519331203114057,0.3065947700604345,0.0,2.013656541455934,114.69540915000758,83362723479.37524,6412486003164.576,76.92270280434262,True,0.0306550148113841,0.7833959284875809,
Control4C,699,3,0.24713121620549647,0.2515188476972168,0.04217460932674111,0.0,0.8678444008545368,175.56965661241716,94380933241.15306,10896384779208.629,115.45112349511568,True,0.3547334308673515,0.4664681482555703,
Control4C,704,2,-0.15661672450728814,-0.15661672450728814,0.20429542656205288,0.5,0.9414372899354454,261.57477818448587,93638724340.98004,30756921217468.68,328.4636931347881,True,0.4903889333118673,1.120484128132053,
Control4C,705,1,-0.5947437881557667,-0.5947437881557667,,1.0,2.200987482431998,92.27384434622424,108417631752.1368,3921227984061.96,36.16780703185464,True,0.1798692288407748,0.8374326968397359,
Control4C,708,2,9.03210017532995,9.03210017532995,12.432910483346198,0.0,0.1604209436924211,468.6908785209227,166816480094.53125,17557183597506.06,105.24849575747426,False,0.2604503082126446,0.4950748714730109,
Control4C,711,1,-0.5935571496858476,-0.5935571496858476,,1.0,0.387309765361178,314.0190831518866,126083761504.92229,21330714798886.15,169.17892156995492,True,0.7510851702796517,1.3358621817388667,
Control4C,712,1,12.920272698161288,12.920272698161288,,0.0,0.9511366932731536,240.0803290280344,150049954782.19858,27242922022965.047,181.5590152126927,False,0.2281921253098092,0.9059816781332036,
Control4C,713,2,-0.21421306628825942,-0.21421306628825942,0.21509140935185614,0.5,1.8394462822179256,139.94868309720837,105790003858.58342,9239732484924.527,87.3403171180133,True,0.5739134774414212,0.4590943829337614,
Control4C,714,2,0.030705240380263232,0.030705240380263232,0.25076921114508965,0.5,1.982020542701748,118.72471428742804,118563017143.16272,5912718826701.004,49.86984111210245,True,0.1643043841592213,0.5958682789921167,
Control4C,715,2,-0.09279125811280031,-0.09279125811280031,0.2964955668611075,0.5,2.5378891229694265,148.4602290066019,107398344106.9194,7957753588036.928,74.09568233300377,True,0.5536411835979194,1.226782180317102,
Control4C,716,2,0.013849778491026088,0.013849778491026088,0.12388831370436665,0.0,1.2609844316801264,87.75260423840851,93649104793.90402,1809035550411.392,19.31716864130824,True,0.3620009694689078,0.7010422778593365,
Control4C,717,1,0.3463293280617714,0.3463293280617714,,0.0,0.1646450647677967,291.90679921272124,95391880019.80168,9088160621022.65,95.27184723831952,True,0.3078223797574076,1.0949986534664553,
Control4C,718,3,0.014709891023305369,0.2797791234445528,0.48013366408400787,0.3333333333333333,0.6371861042412057,164.45119274576751,102039212231.09918,4316567755146.4287,42.30302900977159,True,0.523999506770075,0.9732137894889704,
Control4C,722,2,-0.23692311020721002,-0.23692311020721002,0.8657396509742271,0.5,0.8240708462454144,171.69135732397123,85030408944.5034,8628278532922.527,101.47285706404077,True,0.3513721159508332,0.0471768488999938,
Control4C,724,2,-0.16150416225978648,-0.16150416225978648,0.6832168201773297,0.5,0.9995649871522726,204.11787524662785,64755830103.73105,19233759549837.098,297.0197358141642,True,0.1168376418735331,0.6083061784396442,
Control4C,725,2,-0.516604497527641,-0.516604497527641,0.01632834839753864,1.0,3.2524087561670334,58.47864785332749,74172801611.35425,1428065899384.8774,19.2532285199036,True,0.4365271191625269,1.0343464578271782,
Control4C,727,2,-0.41664277021947593,-0.41664277021947593,0.20188984856133632,1.0,0.2992191133258881,333.45987395485054,92423710976.7934,22225117756847.195,240.4698699279418,False,0.479371299325369,0.1709119445986034,
Control4C,774,3,2.014213976666633,0.4064695811693748,2.9060073256369146,0.0,2.2382497286322316,145.1116157390619,113586192132.2662,11337142383981.623,99.81092042226412,True,0.2157402428961209,1.6194688414398797,
Control4C,780,2,-0.038889221731468804,-0.038889221731468804,0.9594772485004384,0.5,0.4791280774283907,523.4632463862363,106511291915.49002,89184962623304.23,837.3287096551873,True,0.0826759522457667,0.0677579335651101,
Control4C,784,3,-0.09918326940817586,0.14302463547563526,0.43165393867157814,0.3333333333333333,1.7922579622514956,184.6301580995319,120245360813.85948,21426687149484.54,178.19138305595985,True,0.1886126387023892,0.6045830332594283,
Control4C,786,2,-0.06761110536257064,-0.06761110536257064,0.28880007317945805,0.5,2.1480716734972107,100.01020023568282,99925009817.24316,4251520112820.8086,42.5471072817164,True,0.1202590130037383,0.3343340778982556,
Control4C,788,3,-0.7105379411121643,-0.5483668146522738,0.3395250235656798,1.0,0.4206641212286075,515.7542178671514,80171385502.50096,73647506087225.62,918.6258367073896,True,0.4590046256336312,0.440019734367599,
Control4C,789,1,0.23898857538011464,0.23898857538011464,,0.0,0.6235904577821959,207.65408787741848,125418763332.7999,12461403534713.264,99.35836714995196,True,0.3176614732477705,0.2862884718076269,
Control4C,790,3,-0.20701018214252528,-0.13066984715182883,0.43482372217981685,0.6666666666666666,0.7232136152275281,267.6744428716189,114475965741.13232,24960390527638.273,218.04044513659665,True,0.2094704895351443,0.6877504346853757,
Control4C,795,2,-0.6360910215712737,-0.6360910215712737,0.04813118565394785,1.0,0.3642228435170639,428.0745464406946,72027478561.46306,69394105955089.15,963.4393337241872,True,0.0898800210147753,0.4935205384759172,
Control4C,796,1,0.26488149645212333,0.26488149645212333,,0.0,2.019519793394078,85.48040013065533,119220042845.05656,2418152321599.855,20.28310226949498,False,0.8182222352057494,0.845777831733316,
Control4C,797,1,-0.25552870624517166,-0.25552870624517166,,1.0,0.6659906293993367,92.25449400431036,126346102641.78746,1242829037694.2664,9.836702610589397,False,0.2669214749360337,0.5321768310058749,
Control4C,798,1,0.11850536052637173,0.11850536052637173,,0.0,2.84537117863793,97.3750401088176,104925650676.89584,6017783447969.819,57.35283421306348,True,0.6699453598249343,1.320470753182304,
Control4C,801,2,0.2664269755109384,0.2664269755109384,0.004732115218992524,0.0,0.6374550766851802,128.046982961033,113287040407.1552,3509041634036.8213,30.97478424209227,False,0.6811914896457789,0.7928007604734139,
Control4C,802,1,0.22563136526151295,0.22563136526151295,,0.0,0.9509363677984264,71.52049111895818,71621614200.13416,685067420652.1786,9.565093279493489,True,0.3171305485015329,0.6668594803399064,
Control4C,804,3,-0.1547758167545501,0.11993466562281752,0.533430983145564,0.3333333333333333,0.9634364819968506,162.68802344946894,57051667742.17286,5806298802223.719,101.77263929362184,True,0.0750449444795749,0.1679492284511248,
Control4C,805,1,0.2032733867046248,0.2032733867046248,,0.0,1.327398351428551,97.85018365828932,93821256984.5614,1090846794286.2896,11.62686185781749,False,0.6461548037058961,0.2083634776291857,
Control4C,841,2,0.20618193163768406,0.20618193163768406,0.02401955807294276,0.0,3.758196929390053,164.6684115634582,135044408016.16132,19400579191946.594,143.66073706380234,True,0.438296902421485,0.2052475414753065,
Control4C,844,2,0.04501886015891654,0.04501886015891654,0.8851389275342504,0.5,0.5660327165218892,289.26860144264225,122701567783.2134,18691022489334.152,152.32912526722612,True,0.1786948055026789,0.0339181866133847,
Control4C,847,2,0.7732950091385835,0.7732950091385835,0.4507132182202119,0.0,0.4261487086615745,347.64814360952164,149945356411.22083,28283579629239.4,188.6259121734487,True,0.2344472091787023,0.0621440618150602,
Control4C,859,1,-0.04189542285409242,-0.04189542285409242,,0.0,0.5384369737829486,191.978131480228,103773065703.95007,7952356897311.267,76.632186236053,True,0.5452904530581848,0.2261765129474094,
Control4C,867,1,0.31160715186776766,0.31160715186776766,,0.0,1.0904100719431609,153.52439033711383,108941972598.09364,5984327258243.1045,54.9313282615173,True,0.7835640168281175,1.5526592700202524,
Control4C,871,1,0.05961272115031546,0.05961272115031546,,0.0,0.2298712690379569,621.1777237050615,131661264542.8041,89404689986403.08,679.050822554852,False,0.4661421547731076,0.2437377891623298,
Control4C,883,1,0.34337249457922336,0.34337249457922336,,0.0,1.1977110938486522,75.97760952372613,95912041670.26576,940020906191.8925,9.800864310902412,True,0.2741999916737674,0.4475513427801781,
Control4C,885,2,0.00438587018884018,0.00438587018884018,0.20693347207508417,0.5,0.2787337339645154,330.20594101692274,93353473075.94336,20330467943156.6,217.77944915469504,False,0.7838352437289615,0.6409410037818003,
Control4C,886,3,0.2385766008749599,0.22635879110702972,0.029628691718790366,0.0,2.1191630986080634,100.04707329741598,54230489928.29849,4404256029838.354,81.21365002716175,True,0.2451737700354857,0.0715088228596028,
Control4C,887,3,-0.037965992957081106,-0.14977302533544323,0.3309279095452849,0.6666666666666666,1.1353594030392402,264.2422312286554,59592692549.98308,42612780186119.61,715.0672064427757,True,0.6394155206397114,0.8372975752412647,
Control4C,888,1,0.5603210464855037,0.5603210464855037,,0.0,0.7173879894081951,151.82824129111273,76383279422.02701,4085159575431.1567,53.48237999654542,True,0.1012872440296517,0.038363930734076,
Control4C,889,2,0.09902231063623224,0.09902231063623224,0.15378685808368192,0.0,6.52082260997942,23.198911998576783,80357819705.4405,131620642140.65544,1.6379319725587858,False,0.3585723247059353,0.3560204647972897,
Control4C,962,3,-0.05943269274371321,0.04138567874156873,0.28752646786218067,0.3333333333333333,1.02331104212548,240.8236908165116,124936303265.13956,27648051784465.652,221.297181538908,True,0.2582899932393588,0.1039110614329498,
Control4C,974,2,-0.06566563474597276,-0.06566563474597276,0.3858687039296768,0.5,0.4510759959892182,310.1341818723586,140550352555.18454,19921720581705.098,141.74080832620604,True,0.43047160029187,0.3688007930392274,
Control4C,975,2,-0.09111514581822044,-0.09111514581822044,0.5199282555079839,0.5,2.4176329459282457,100.99337622445633,106668649289.23012,4677694723099.763,43.85257293749241,True,0.2116602923401446,0.7952106018920551,
Control4C,984,1,0.16249665053340134,0.16249665053340134,,0.0,1.4469479337111404,185.6502592518535,112480226506.05656,14128197613212.926,125.60605585597916,True,0.4015206998034544,0.1750077849816731,
Control4C,985,2,0.16074652378111565,0.16074652378111565,0.014346260293016371,0.0,0.5023244922840174,293.3194427305261,104682113982.7155,29932296339695.855,285.9351535892569,False,0.2710995448989949,1.0634953090270909,
Control4C,988,1,0.10901689580110485,0.10901689580110485,,0.0,0.8098834206078668,154.6456589694747,98569291120.33138,4384832211889.6377,44.484769668645825,True,0.2564262806225234,0.5013367539461403,
Control4C,993,2,0.31403332371669934,0.31403332371669934,0.13125531771250804,0.0,0.4545133020282295,226.6271336853308,99355195663.11935,11922796182510.855,120.00173823759674,True,0.5498641811391319,0.8157431605323694,
Control4C,996,3,0.28956349326979164,0.25284389928088613,0.07488635508096911,0.0,1.213073491780097,165.8107614257802,109701208925.04404,8895121624683.984,81.08499178675221,True,0.9754081319048752,1.3679107290893002,
Control4C,998,2,-0.10050756299840458,-0.10050756299840458,0.3845836354367061,0.5,0.4791492188396315,269.1754372434828,90300698367.06844,8880443111556.82,98.34301696602836,True,0.4531432050850095,0.095563977757235,
Control4C,1004,2,-0.1694359784807773,-0.1694359784807773,0.09385663582237,1.0,0.2643070016461413,269.1904129884342,73257966386.58888,9369792848886.934,127.9013506796202,True,0.7906442740164151,0.5005843393218599,
Control4C,1005,2,0.3856795407405369,0.3856795407405369,0.23800874235291924,0.0,0.5904752740151197,179.7700623071889,103138132915.13744,5382396383836.106,52.186288734398246,False,0.2753949609303942,0.3530440275041847,
Control4C,1006,3,-0.18500100396720112,-0.1550472068259956,0.3783405983213732,0.6666666666666666,0.4776080421388163,293.0225633518869,77412175180.91235,28530069946267.246,368.5475815605547,True,0.0958790397151113,0.2159439307621946,
Control4C,1007,3,0.23736726456691057,0.19573392095091835,0.4584314939737014,0.3333333333333333,0.3377122452585075,319.36593210403055,52334823110.39728,24317374019128.688,464.6499705909504,True,0.6856263632101919,0.4895129171163348,
Control4C,1088,3,-0.256518954322013,-0.1597477015756159,0.304176440307363,0.6666666666666666,1.1294254181410837,256.6687895426365,103209632493.08012,35473857858280.12,343.7068517869059,True,0.849330003449852,1.0291106405235482,
Control4C,1090,3,-0.33371635091258467,-0.5553663964874433,0.4346878235034238,0.6666666666666666,0.608664066214947,368.8867715148502,96402855346.61578,44503841116292.07,461.6444290605172,True,0.2583750751047448,0.0484775104031852,
Control4C,1093,3,0.5084404368191129,0.26064198114669734,0.5075839228907304,0.0,0.6504241182008863,101.27754880761684,106867520507.90172,1154197826678.952,10.800267669666866,True,0.5853614943552757,0.9816599221980816,
Control4C,1104,2,-0.36819377658875885,-0.36819377658875885,0.0437791938064242,1.0,3.2645747016001954,120.59321293500771,102137379207.8245,7478389871175.213,73.21893247288561,True,0.4060020963129966,0.509597278285509,
Control4C,1109,1,-0.10909364276601918,-0.10909364276601918,,1.0,5.738368492061865,37.4429299713546,92434410329.47264,583675641750.5851,6.31448439677535,True,0.9071300849194244,1.3839393081202185,
Control4C,1110,3,0.10286926726477508,0.2148476457358528,0.1989742878645807,0.3333333333333333,1.9499498216459317,156.14451561353872,94742829653.87473,8830238896741.482,93.20218668791208,True,0.3704876064733895,0.7069670931295896,
Control4C,1122,3,0.37654187084056073,0.42059215835651953,0.1233283774305935,0.0,0.5380992963092665,230.9824641386232,87354167076.88658,11691958670505.977,133.84545994485936,True,0.1329281566740837,0.0189170391717529,
Control4C,1131,1,0.2386888172780015,0.2386888172780015,,0.0,5.94881323094397,29.926637125532427,128001198949.0908,348300611427.1177,2.7210730390552462,False,0.2799856516197659,0.5209308276693442,
Control4C,1132,2,0.026052136848026874,0.026052136848026874,0.6723614383310617,0.5,0.4176240997556116,291.99711319354157,80800896052.66066,13457387573388.455,166.54997940391434,True,0.4792199126708344,0.6108811239651156,
Control4C,1133,2,0.42169701450538777,0.42169701450538777,0.15535461491495728,0.0,0.6990797644540963,227.6512552559832,81408127895.54991,14956315157987.588,183.72017075711625,True,0.0645021960693225,0.0996257879977818,
Control4C,1134,3,0.3617690965079592,0.33297384360071813,0.07180694638964379,0.0,0.3882204337725261,215.9248937216896,80889919058.6034,8826593146264.465,109.11858052262043,True,0.5690990251776802,0.8965249905522422,
Control4C,1142,3,0.03378026764112215,0.2736681291639034,0.8231009973518504,0.3333333333333333,0.9275622641648666,133.38072570544057,109891576349.10196,1221172445800.63,11.11252096267349,False,0.4851630680940559,0.9715878265534236,
Control4C,1143,3,-0.0402631111025189,0.15313083139818162,0.44587919640748885,0.3333333333333333,2.502461370785523,70.77081277461416,70360788245.04819,1883187625587.4663,26.764731785391852,True,0.7337429857824299,1.509349698320621,
Control4C,1145,1,-0.4682728969265244,-0.4682728969265244,,1.0,0.6142609911308795,122.90610653364024,98430855116.43996,1415443590448.631,14.380080197151749,False,1.1625955456642738,0.7850322971579353,
Control4C,1259,2,-0.19185127392522783,-0.19185127392522783,0.32269672057206583,0.5,2.7425557110278795,82.44604827791821,134677327319.15068,3513169961107.8125,26.085830711375067,False,0.8892715835281554,0.5296355865500025,
Control4C,1264,2,0.49650560172663694,0.49650560172663694,0.17136373176504913,0.0,0.9523573470739344,214.0725565269217,95883305681.09636,16862812305702.56,175.8680740710748,True,0.3977274179801074,0.311448921298462,
Control4C,1265,2,0.11962621218055314,0.11962621218055314,0.551470726313013,0.5,1.175975971703999,111.038801945923,101107177509.71352,3031927303064.216,29.987260823030432,True,0.0885517335527256,0.085965382602502,
Control4C,1266,2,-0.13439562805416816,-0.13439562805416816,0.22057861990545252,0.5,1.2626237084927832,218.12178697461144,104373382826.70914,21659007870694.15,207.51466785985605,True,0.5273817661994673,0.7944436903113842,
Control4C,1270,3,0.35004543559842843,0.36258385946115457,0.4121512653160855,0.0,0.8457932255787126,200.61393577747376,86591220601.32152,13989155184568.818,161.55396687358075,True,0.2490216359949923,0.0813723916430622,
Control4C,1272,3,0.1421091523082525,0.16550310306289973,0.4978410945117103,0.3333333333333333,0.4357107223291164,228.01649916309867,86731545274.71997,10412547828173.088,120.05490960862748,True,0.2560122927547027,0.9302029398064936,
Control4C,1274,2,0.12660040391810568,0.12660040391810568,0.24267204183326332,0.0,1.227299832108875,83.81429339040403,75148231550.99107,1163781802486.4905,15.48648289476803,True,0.2871516628880395,0.2422716410610405,
Control4C,1275,2,0.05031661350552852,0.05031661350552852,0.39979186729170146,0.5,1.8436227627458175,254.79573236087097,106830546506.94728,29887858334212.8,279.768842446848,True,0.2355438449288327,0.7091284565403968,
Control4C,1278,3,-0.31463119810073786,-0.37583402741262284,0.18198827193513725,1.0,0.84756318162183,237.6081805292056,82861845885.71414,24944641089446.434,301.0389259714408,True,0.5521325972848561,0.4343142105624457,
Control4C,1282,2,-0.32405286150402546,-0.32405286150402546,0.22357093858363167,1.0,2.0497255369302945,113.77493942074074,127858576107.54442,5403266595009.189,42.25971193722972,False,0.970996542824247,0.5792705130652273,
Control4C,1283,2,-0.03335727372148445,-0.03335727372148445,0.2758877349294596,0.5,1.3485931430893068,175.00306963095838,87612569277.53275,16915779080815.203,193.07479760387605,True,0.156233837288317,0.8442448618844814,
Control4C,1286,2,-0.1555501348828907,-0.1555501348828907,0.4644205432127564,0.5,1.4314605735310773,154.465582182832,93563670548.676,9201033950874.252,98.33981391407109,True,0.2800828409192321,0.2856773568129305,
Control4C,1289,2,-0.06929658130395067,-0.06929658130395067,0.7136312414402005,0.5,5.088565945684052,82.13257021061563,86434876980.32886,5289622590697.348,61.197780057015386,False,0.4588670076463059,0.753912689979562,
Control4C,1295,1,-0.0036469638514602387,-0.0036469638514602387,,0.0,0.9197090767033066,57.81693739567883,76178482050.17123,394637445900.92584,5.180431997069949,True,0.2066240838071685,1.0968077127606213,
Control4C,1296,3,0.14644831587605708,0.18164182095536674,0.19706915819351975,0.0,0.0787270413180656,451.2793628489849,65650285473.79532,14560705091924.73,221.79195393958673,True,0.4437148474084173,0.2700264656700569,
Control4C,1297,2,-0.2722345890140928,-0.2722345890140928,0.6953288682891496,0.5,0.6315969489099112,275.7842425367181,64924117137.09712,22805967724598.383,351.27112589671606,True,0.4293851526753574,0.4350924814526829,
Control4C,1298,2,-0.06604692489148478,-0.06604692489148478,0.2220711517820289,0.5,1.7985620894641123,152.39479602153193,76487045099.73647,11004297479967.158,143.87138979702948,True,0.4687678025275671,0.132352485537032,
Control4C,1300,2,0.043169860723552,0.043169860723552,0.016478938341585782,0.0,0.4587003717911739,250.97891600731168,60037287518.83351,10146629247532.086,169.00545755584176,True,0.3228800321393699,0.1496195255638726,
Control4C,1302,1,-0.7116535351953024,-0.7116535351953024,,1.0,5.174384095252943,31.56785866664991,44335093527.07556,234108323021.46304,5.2804292130001365,True,0.7063299649364553,0.1484191325574736,
Control4C,1404,2,-0.22582515531973013,-0.22582515531973013,0.2867092502414476,0.5,1.1445494723736251,243.8597269736924,119348965673.77554,31989132939424.87,268.0302485977373,True,0.3919291937548092,0.0500519875198804,
Control4C,1436,2,-0.5977424514122739,-0.5977424514122739,0.23999339661029256,1.0,2.0028618698518565,127.98275460848603,100117809396.67972,5970172004133.192,59.63146856798073,True,0.3387133728643585,1.3267011007833782,
Control4C,1437,1,0.005154593674594032,0.005154593674594032,,0.0,2.1691971228817035,134.4442231301722,127963300694.40347,10737788288904.664,83.91302999090492,True,0.4204143784916255,0.3135993292714119,
Control4C,1447,2,0.14817846351046615,0.14817846351046615,0.03800578815285856,0.0,3.4734692405075527,105.73956832902364,115460974886.29083,9087606744009.377,78.70717143137846,True,0.7423427915461693,0.4560075468919627,
Control4C,1451,2,-0.03333602470386843,-0.03333602470386843,0.4757966851298138,0.5,0.6998394531405242,304.29563162764305,88338323049.20912,33669100540563.7,381.1380992800625,True,0.1433439087112767,0.63027492295873,
Control4C,1455,3,-0.2916180259981715,-0.34311792269801034,0.29295367964548696,0.6666666666666666,3.634394290841184,121.42246326335746,82013301760.8654,13825896267751.271,168.58114441075492,True,0.0740591401640143,1.0097087125538895,
Control4C,1459,2,0.17811611105071512,0.17811611105071512,0.9058851297664026,0.5,1.3188530545979325,152.5505154757355,104986330518.27612,2325926429210.887,22.15456448214454,True,0.4379053072993883,0.3172913656724714,
Control4C,1460,3,0.12615415587329748,0.1367350674051231,0.04697994373700616,0.0,0.3450551604609701,375.54044104593385,113553508260.9833,35706138037356.36,314.44328391239054,True,0.6274607201333137,0.0792068404219367,
Control4C,1464,2,0.2510302690843629,0.2510302690843629,0.1421925408081128,0.0,0.7215347991760285,145.21517831400269,93670079030.99716,3628046623379.0225,38.732182794235015,True,0.4015968717330103,0.831997335094167,
Control4C,1472,1,-0.12933982068504468,-0.12933982068504468,,1.0,0.7527255194797845,345.5179331698242,92076815359.68446,59660706551111.49,647.9449394297117,True,0.2472194811763184,0.358424317163343,
Control4C,1480,1,0.0804580972848501,0.0804580972848501,,0.0,0.936722420122541,105.00609090892036,112747268094.38104,2134745896178.647,18.93390351943291,False,0.5071124899660835,0.1496869394831382,
Control4C,1482,2,-0.2759458040097942,-0.2759458040097942,0.7264097257445032,0.5,1.587673051012208,187.69723201712551,58029025429.50301,25314513117899.492,436.2388120519621,True,0.3042004190861649,0.5925123739059917,
Control4C,1483,3,-0.282258559569508,-0.421005795082098,0.44149582386315933,0.6666666666666666,1.0902788118418332,198.69773648493097,88574925282.42201,20022742672784.535,226.0542993284141,True,0.2611425035132275,0.8054601613838811,
Control4C,1484,1,0.29953643022112875,0.29953643022112875,,0.0,0.5358411877145556,212.19093807987477,72007681867.7631,11409951318218.477,158.45464014758903,True,0.9695823778762146,0.0925680531422981,
Control4C,1485,2,0.06834538952227032,0.06834538952227032,0.1470582037254674,0.0,0.4441536047830408,294.37865643273017,74319456289.0989,23511073909999.86,316.35153274726576,True,0.4894769797784319,0.2464487004816816,
Control4C,1486,3,-0.23914820767871628,-0.09448690691193473,0.3705089250551386,0.3333333333333333,0.5589070215177212,228.0840626881641,84591536362.43785,13257106110625.12,156.71906056681843,True,0.3036794638278878,0.3599443317872337,
Control4C,1488,3,-0.499176384228645,-0.625755197186407,0.33252270050913874,1.0,3.3087183627136816,73.12093138419954,78684990166.6027,2721492831942.246,34.58719161278315,True,0.2930168147561476,0.0977410027864983,
Control4C,1490,1,0.3971701007861619,0.3971701007861619,,0.0,0.7552830581898499,213.9222979962018,54763081432.12661,6394210770721.38,116.761340003235,True,0.4571511288375074,1.0300123681841222,
Control4C,1492,2,0.16046062148211515,0.16046062148211515,0.28474552526487157,0.0,0.541368251853864,142.1849939673296,82873043459.24489,3676634431500.324,44.364660425538865,True,0.6217241175020186,0.4334754724157479,
Control4C,1494,2,-0.45122751417008633,-0.45122751417008633,0.39062704342962584,1.0,0.9533746776363042,163.66670111230346,80892860888.47878,7099141840902.838,87.7598067731826,False,0.5227912062846163,1.0237491515545354,
Control4C,1496,2,0.3473515080083478,0.3473515080083478,0.6975259962583161,0.5,0.6067699371988083,244.7829942181633,44456641983.42809,12532555446444.902,281.90513019666685,True,0.1458771836419754,0.6005357673999377,
Control4C,1497,2,-0.17297555930998088,-0.17297555930998088,0.4299814179118542,0.5,2.4514974615991103,59.11214439198742,62194835843.22458,1173223493035.411,18.86368019352559,True,0.2289158196081367,0.9740787302357292,
Control4C,1498,2,-0.35843485419027643,-0.35843485419027643,0.6842242085833496,0.5,0.9019682784709944,205.83229411999503,66837191123.94902,10578373273831.812,158.2707635665644,True,0.3750805231008355,0.8419838864678902,
Control4C,1499,2,10.508533337101378,10.508533337101378,3.9865345134029586,0.0,2.4614803589145966,120.4807511569508,82350345298.16411,3326451720738.8213,40.39390130903288,False,1.0214045989584866,0.3466161979453543,
Control4C,1599,1,3.138471381649418,3.138471381649418,,0.0,2.6235499444172987,171.31724364490017,146817517828.2372,22384526481256.215,152.4649565826608,True,0.4940917531710819,0.4774278213777876,
Control4C,1600,2,-0.239946199113388,-0.239946199113388,0.23143303506408935,0.5,2.0584201797073396,242.6779582697633,144240808605.24783,27881597216301.297,193.29895253573125,True,0.556841599593722,0.2261374756310957,
Control4C,1616,1,0.008906835894704201,0.008906835894704201,,0.0,0.2664231418564556,334.57469444276836,155243942454.00317,14743058178483.36,94.96704312860092,True,0.3215713810346365,0.3027726974922489,
Control4C,1619,1,0.13408706746842292,0.13408706746842292,,0.0,0.2506007460490513,540.490701956189,118924958261.8806,73505082100742.58,618.0795282591527,True,0.2344931986897476,0.1395687041867745,
Control4C,1659,3,-0.5463145037025773,-0.5723618775031869,0.16835935219854617,1.0,4.212507557960718,111.8057475173371,110864274547.74542,9079793108439.965,81.9000813876215,True,0.5938730618223595,0.4483618374539008,
Control4C,1664,1,0.2431980296723677,0.2431980296723677,,0.0,0.4137801913454665,288.9752476923912,126161594753.6061,23272176797165.3,184.46324210324005,False,0.2880612018752472,0.1060505143769889,
Control4C,1670,3,0.2295585770316968,0.23281867977845194,0.016556735897560078,0.0,0.9650071975836731,188.3007455747048,85616815776.98598,13424165712327.754,156.7935643308076,True,0.6225224787512212,0.2431913205164474,
Control4C,1678,1,-0.7920008329966963,-0.7920008329966963,,1.0,1.4800557071163658,287.348157451644,126680753983.33743,55600097645099.32,438.8993268260189,True,0.0503374729825857,0.4373074977656461,
Control4C,1698,2,0.08729826731674528,0.08729826731674528,0.14955594945505532,0.0,0.4520211558335213,326.390022870551,126045857481.7506,22762608265445.41,180.5898957745681,True,0.5100687444160752,1.384990077370022,
Control4C,1701,2,0.47930452567324844,0.47930452567324844,0.2155918250591985,0.0,0.1394703800151355,488.160329922765,84351594467.5443,27970989038684.902,331.6000037135898,True,0.1139435087954223,0.2509370084044218,
Control4C,1714,1,-0.027797267633995926,-0.027797267633995926,,0.0,0.3140805808800078,198.1895514860096,119659897941.0328,5191208870713.935,43.38302940281722,False,0.2387626319654186,0.8502958421497263,
Control4C,1716,3,-0.13247942998118103,-0.1437220733679765,0.22023812725049177,0.6666666666666666,1.2987543326581104,118.5575239654014,106779530188.34964,3791067351942.501,35.50369012914173,False,0.2824796500399304,0.2350523958028208,
Control4C,1718,3,-0.12345378778034714,0.0611089052379441,0.3704786084945288,0.3333333333333333,0.0877574387242558,737.3476690258746,69480344441.83786,77315181270814.5,1112.7633561968769,True,0.3591980952195364,0.7491256930591994,
Control4C,1719,3,0.2935295630446498,0.2753087707354043,0.11884793814012054,0.0,1.5171955826959462,132.74762768514756,64503739719.42485,6817371048142.671,105.68954726960844,True,0.7783060750908538,0.1517955264380607,
Control4C,1729,3,-0.25781622586314334,-0.21518087384166806,0.08402799921973238,1.0,0.3885265079202278,347.80066885358326,70092740934.94324,39333454330511.93,561.1630221026651,True,0.2807289974982178,0.2032550744078465,
Control4C,1731,3,-0.12471818536533903,-0.07009697436434381,0.5021743855420815,0.3333333333333333,1.3465212700262943,129.13746763070176,82319806294.37852,5791208938290.227,70.35012834676334,True,0.0624024952826412,1.121570075760019,
Control4C,1732,2,0.07676193956680488,0.07676193956680488,0.09653662866372702,0.0,0.6788404716499987,281.90458994881834,103072175144.52348,18579884875758.29,180.2609176502422,True,0.5557359235617203,0.8075200926173607,
Control4C,1733,3,-0.04579555715507574,0.023216964278911068,0.3027914104749053,0.3333333333333333,1.6251899578873703,147.91988654111296,85786536849.78416,11762882019092.422,137.11804265615388,True,0.2178453226783358,1.1450076390961406,
Control4C,1737,2,0.17217872958933444,0.17217872958933444,0.024780508073929643,0.0,0.5250620381532624,242.91669909946944,67834938919.426575,14831595294860.04,218.6424213114839,True,0.3177450995003305,0.4138823245450832,
Control4C,1739,2,-0.16626167536415903,-0.16626167536415903,0.09221701810197354,1.0,0.4765756025149339,259.864529489928,75563876462.858,14482581871273.045,191.66012318586755,True,0.3298233330094278,0.2107267899632011,
Control4C,1740,3,0.1736679075014318,-0.007144173656086661,0.3715470822049282,0.0,0.4598665502609999,202.37339618522623,75749560194.67294,6022975786268.343,79.51169314765086,True,0.3366896041790996,1.0357074159153037,
Control4C,1743,3,-0.036179264494719275,0.36122261653231025,0.7356405483489958,0.3333333333333333,0.4564678067055566,209.71826789820204,58460045098.84946,8046822799870.066,137.64653766968158,True,0.5568291700006982,0.827630579480658,
Control4C,1744,1,-0.1918744927510172,-0.1918744927510172,,1.0,1.824878573944692,119.60238028040963,87030310173.2548,6235021403013.18,71.64195313794546,True,0.1769541834306615,1.2935538657282826,
Control4C,1746,2,-0.3400258300274215,-0.3400258300274215,0.1356042986734564,1.0,0.3792590201086859,147.32583504699446,85374845012.02133,2387786423340.7554,27.968266566159382,False,0.8193865966095395,0.2298937894125072,
Control4C,1747,3,-0.13251391451389982,0.022217180731883612,0.495671752599696,0.3333333333333333,0.9651317171964808,207.29951135613828,74927691010.47337,18501228768935.793,246.92111180030489,True,0.3368631572099237,0.5957298465820977,
Control4C,1749,3,-0.07645444544802686,0.23785520525620552,0.9948803929833013,0.3333333333333333,0.9116596898817154,161.62616051117226,72076500677.83817,8756809218028.378,121.49326251518328,True,0.4791167395760478,0.8402520321058438,
Control4C,1750,1,-0.5248574573892197,-0.5248574573892197,,1.0,0.6642376633828939,312.7179013476955,116893679176.1195,32125856191723.48,274.8297120781065,False,0.8607247142706808,0.4297739441371676,
Control4C,1751,3,-0.16025252627638462,-0.39695739102603667,0.48360918018150456,0.6666666666666666,0.8830912799189509,192.08574166520873,84071736887.93417,13495373943930.65,160.52212602577362,True,0.694240337993012,0.8337201264782881,
Control4C,1753,1,0.216914070162892,0.216914070162892,,0.0,5.967181706833818,24.636366128740285,53383944200.910194,136138002115.35233,2.550167548560999,True,0.4032658372536362,0.911837529592983,
Control4C,1754,3,0.583241432202423,0.41697417268936654,0.38416824376434794,0.0,0.7613279555411059,144.49977896329668,82093900009.65515,4264933028638.7607,51.95188714553892,False,0.2339953826990512,0.4378387627420491,
Control4C,1756,2,4.375549225428496,4.375549225428496,5.899407119081737,0.0,0.077258208892721,421.6507912917791,109391245146.69193,6178395104088.394,56.47979503115871,False,0.2679860822029807,0.4117601424460801,
Control4C,1757,1,0.21940708208211523,0.21940708208211523,,0.0,1.3348108504483096,121.38886121018898,62544664603.26779,4446516848043.272,71.09346378701268,True,0.2228597058864224,0.7654179682915386,
Control4C,1758,3,0.11907062993172228,0.23499401871939174,0.23353903456056274,0.3333333333333333,1.5248651162092928,156.10545284274326,74980142560.57607,12304733180606.236,164.1065588887792,False,0.4322050373147055,0.32643568819049,
Control4C,1759,2,0.3522862766445265,0.3522862766445265,0.17149047538940942,0.0,2.508291120460259,104.63794767331083,82957114788.50395,5016668105105.557,60.47303016619326,False,0.321311492624425,0.4169230674570721,
Control4C,1939,2,-0.769366048061213,-0.769366048061213,0.5135423630170814,1.0,1.015276194393994,217.75146687271223,113510307045.69943,20786395682712.7,183.12342045153716,True,0.0439451946769531,0.1674998984881863,
Control4C,1948,3,-0.18296158099489213,-0.1095861010477901,0.35185166091806386,0.6666666666666666,1.423055879295777,293.6590646697411,115179274579.05754,43132929960410.14,374.4851677356612,True,0.5026496855270389,0.3900500427312853,
Control4C,1953,2,-0.3834747241495553,-0.3834747241495553,0.42502656514535037,0.5,1.0075574749930287,410.0146507382534,139085747165.26312,142093083181398.2,1021.6221724901956,True,0.4079270027649271,0.6698320443978852,
Control4C,1954,1,0.13027979455628325,0.13027979455628325,,0.0,4.386947129598012,47.826179527494496,164893759999.906,1010156814073.6945,6.126106979877651,False,0.3942145026530311,0.9869061806883608,
Control4C,1996,1,0.08355503783400575,0.08355503783400575,,0.0,4.89183529545544,26.009493618754934,97110500680.68524,178719019404.8562,1.84036760342234,True,0.2170132513405901,1.460541794138534,
Control4C,2009,2,0.20000924686990562,0.20000924686990562,0.29551919500734253,0.0,0.6029333568982502,141.1244334929329,105076439145.3012,2329410603014.0557,22.168724235058185,True,1.0103450664154967,0.0305912974199249,
Control4C,2018,1,0.17318748670696937,0.17318748670696937,,0.0,0.5790873947537478,292.48691737745213,142202536431.14346,21073519326927.49,148.19369510424727,False,0.5410599606207076,0.1792068695948623,
Control4C,2021,3,-0.20210987049920762,-0.2947505379815625,0.30757786773284773,0.6666666666666666,1.3516568807045797,138.6357579953942,79584715693.66577,5083303963801.39,63.872867038538345,True,0.3653804330611511,0.0833029720007239,
Control4C,2025,1,-0.15036009454348775,-0.15036009454348775,,1.0,0.8960859420936855,123.58119033179294,119520583442.5176,3480145052296.6753,29.117537348455304,False,1.0551139887133296,0.6332193619211925,
Control4C,2038,2,0.011469279714108493,0.011469279714108493,0.0866600440921225,0.0,1.479733259265788,202.51118368081976,105145830392.141,13675242579839.637,130.05977059516164,False,0.3995707935958685,1.3650261246613182,
Control4C,2039,2,0.08092383581458651,0.08092383581458651,0.43338894426172997,0.5,0.7523161133437268,211.92036358895032,92851926232.82544,16668572973687.562,179.5177940831432,True,0.4325664789326054,0.4791419081685053,
Control4C,2041,1,-0.2175234534123316,-0.2175234534123316,,1.0,0.1507983661160608,565.7109148560457,99719876414.0303,59102743747117.91,592.6876954974075,False,0.3071628615635639,0.802597031342127,
Control4C,2051,2,0.06757673782644591,0.06757673782644591,0.07115423380645954,0.0,2.3295367969818694,119.89983219220171,97189338538.0988,7248585022433.736,74.58210058289724,True,0.551370727303602,0.1453470780370377,
Control4C,2052,1,-0.39303408988675836,-0.39303408988675836,,1.0,0.3665628789540255,243.5510556830937,82202193864.86423,12654901899693.91,153.94846907003304,True,0.4696317642125959,0.79630246735415,
Control4C,2057,3,-0.21836193133809814,-0.06913727800162128,0.309816887611557,0.3333333333333333,1.2452660766818522,183.8762260485111,67206541219.14492,15529067589387.92,231.06482356756376,True,0.2282759548228359,0.3434443784541601,
Control4C,2064,2,0.16598200483256287,0.16598200483256287,0.4616316093506466,0.5,2.489504787421421,130.60259968217528,93984555214.16647,11933732289816.707,126.97546168753811,True,0.3184669976550306,0.5568645683417895,
Control4C,2065,2,0.08935427387890948,0.08935427387890948,0.16912626697319563,0.0,0.7516354050178246,218.80069127628775,75262912744.63374,10412426378005.998,138.34737453405836,True,0.1322067204989889,0.1857085150109332,
Control4C,2067,3,-0.02988258280292159,0.04920445551990138,0.28360658983782894,0.3333333333333333,0.8961749273484843,171.8205217907022,72125946819.88695,8151528088115.006,113.01796991963263,True,0.3556370808172917,0.9465351050030216,
Control4C,2068,1,0.012264280280700257,0.012264280280700257,,0.0,1.843030898354861,110.01988091976536,74077049972.32428,4004257527378.717,54.05530496793185,True,0.7684005914756534,1.419894230564591,
Control4C,2070,1,-0.6475112973757011,-0.6475112973757011,,1.0,0.2386725887683654,299.9754320551253,98167786114.46208,9266760228760.64,94.3971601636788,False,0.386185980232361,1.38170828821788,
Control4C,2071,2,0.11248587389856834,0.11248587389856834,0.2878028417961529,0.0,0.2832093138813686,306.3478652080423,112872794335.25586,11700378562308.186,103.65986446260564,True,0.3757972839988107,0.4889083156484572,
Control4C,2072,1,0.6629234526822332,0.6629234526822332,,0.0,0.3409011635464524,185.49023423798397,78533570527.04547,3990017028599.959,50.806514995085735,True,0.2036710169147276,0.0869395110945132,
Control4C,2073,2,-0.032394904311098704,-0.032394904311098704,0.345514647187123,0.5,1.5939837484459336,150.36805059179758,81369884355.21126,9701745889160.996,119.23017915091404,True,0.5739837932401599,1.2192315948724657,
Control4C,2074,2,0.4369780070857223,0.4369780070857223,0.4035649464393302,0.0,2.1366812992996493,105.7841156434568,79657303559.54384,692158069037.6449,8.689197827544549,True,0.7856696935286475,1.181478290634298,
Control4C,2077,3,-0.21984945121295021,-0.04571029040159136,0.39643396077781545,0.3333333333333333,3.456444366587057,63.56160102835915,63979900083.42422,1723553960722.6746,26.938991128077884,True,0.2221708653634533,0.8623404003433383,
Control4C,2078,2,0.48600391357688966,0.48600391357688966,0.18196775913741658,0.0,0.6163307209567981,155.80148203492098,64949089281.38911,2725631437573.606,41.96566060787898,True,0.550366504927445,0.9862638081285748,
Control4C,2080,3,0.1643748889261519,0.15894568777309503,0.10103173097192253,0.0,0.4534145114601155,124.65261742532024,77573494867.09492,1682754300586.4363,21.69238737367015,True,0.7374103924963418,0.332640477680364,
Control4C,2081,3,-0.545676013760164,-0.7654252822051344,0.4001511325726546,0.6666666666666666,0.9562991487144584,126.48892165435213,78207387130.84715,3299029740177.7207,42.18309626759659,True,1.1114582056601767,0.010088774346087,
Control4C,2083,3,0.330092949527871,0.26924221663483827,0.3833851273066658,0.0,1.2994487100738803,135.62425434331627,54614563829.23297,5626059520414.33,103.0139055583362,True,0.4784447315930099,0.4376508761878482,
Control4C,2084,3,-0.29887573297391046,-0.2868611092786473,0.19655030282379712,1.0,0.509466921153119,211.3140478159401,64868098719.36157,8332341760215.677,128.45053153575276,True,0.5620812948569635,0.7621378757739614,
Control4C,2086,2,0.3876088291260228,0.3876088291260228,0.09539822945888972,0.0,0.7415465773631185,104.66546823001237,63855384568.62674,1503300544515.5295,23.54226749507554,True,0.8209400710581699,0.3820699216206039,
Control4C,2088,3,-0.29047614577740194,-0.38356063270983487,0.40143839883357346,0.6666666666666666,5.868952434249906,71.80298908785366,77231000301.53189,1979529803316.827,25.631285307560137,False,0.5012073959054381,0.1263558246851387,
Control4C,2089,2,-0.15284688784660005,-0.15284688784660005,0.4186913553381979,0.5,3.080160805022819,48.97461631627995,60652388900.55791,491490989940.362,8.103406953124002,True,0.3831791440968477,0.3864426821219491,
Control4C,2090,1,-0.6016871359543408,-0.6016871359543408,,1.0,1.646492619570494,242.99055255727228,74209187216.28864,46740991561048.5,629.8545141697634,False,0.6721171947769848,0.2812278899825584,
Control4C,2091,2,-0.02033952194832822,-0.02033952194832822,0.353379623995658,0.5,0.4414454706887293,296.6899728750969,57933188383.29201,25118683541811.594,433.58020234660256,True,0.635748471292172,0.2839894693924752,
Control4C,2093,2,0.10275112204331505,0.10275112204331505,0.19169027060352017,0.0,0.7094261467479195,181.40736942062236,68395812919.513535,8736400611653.019,127.73297426750077,True,0.3046680537704041,0.0193330161395419,
Control4C,2095,2,-0.3603300216958063,-0.3603300216958063,0.045981848331803576,1.0,3.4604597682800295,117.15789295292868,60765527115.556595,4148647398352.0737,68.27304222117046,True,0.3877687557316166,0.8910394809858196,
Control4C,2283,2,0.007485948441785406,0.007485948441785406,0.45130001049680474,0.5,0.9829600807164778,303.3005793779048,158439823623.89203,38970059069584.016,245.96126263111736,False,0.2524895315047007,0.1462222288579459,
Control4C,2306,2,-0.3071712789675364,-0.3071712789675364,0.4454740951798205,0.5,0.507192876842353,261.62789331762315,119411400561.2983,19738304527160.062,165.29665035649305,True,0.3970711107071251,0.016420680233764,
Control4C,2318,2,0.36758286904617754,0.36758286904617754,0.019025194729470406,0.0,3.0562269115044316,136.36469920204578,117215841413.81007,9080604088670.148,77.4690859114568,True,0.4411937148686521,0.8136063364466363,
Control4C,2345,1,0.4552937823625549,0.4552937823625549,,0.0,0.2943770381737673,238.04279430931257,137474936301.08612,9717781248032.566,70.68765776148092,True,0.3198397107649769,0.0700938649684573,
Control4C,2376,3,-0.01710660026278547,-0.050238127636626384,0.18340475838067288,0.3333333333333333,0.3856856874347506,242.90958657015835,96138107291.46962,12050150246991.418,125.34207908273054,True,0.314964260760367,0.7307702608336282,
Control4C,2417,3,0.1892886827095349,0.262429552663094,0.227604256293077,0.0,5.3484789817738205,42.03234954643098,95575549079.74008,528339693477.2112,5.527979682715813,True,0.62760782508408,0.1277131517865971,
Control4C,2454,2,-0.07543360113520658,-0.07543360113520658,0.03864421707394933,0.5,0.8893891128923027,221.62293955816065,102831337605.82973,17007492560055.889,165.39211641152178,True,0.1874816371694903,0.779364220831725,
Control4C,2456,3,-0.08881340361873875,-0.05386021139596542,0.49582814752124516,0.3333333333333333,1.064885158898441,108.75773922449814,95484907114.31136,2444175680839.931,25.59750807437918,True,0.364017780249271,0.7555783460586842,
Control4C,2457,3,-0.13457140017311295,-0.19023701343856825,0.15896727197521499,0.6666666666666666,1.0444874599506455,177.82777013605678,78634354618.38632,5844327952752.981,74.3228323182099,True,0.4302404330608869,0.4920354537588506,
Control4C,2462,3,0.17309953571707734,0.3027258858771167,0.29352784189486947,0.3333333333333333,1.1846901103462293,358.45856486147534,92670709692.03642,39077636646327.82,421.68271696840065,True,0.4964607906269779,0.2841726615973286,
Control4C,2471,2,-0.41197404171042995,-0.41197404171042995,0.2989311291371409,1.0,7.349935230672533,64.85326781048195,95626669844.8948,3452939200509.967,36.108537567088646,True,0.3695303484456171,0.4182951712269208,
Control4C,2477,1,-0.4633433600272072,-0.4633433600272072,,1.0,1.0840703529921014,197.70085572005453,94034047753.10162,15930851129817.482,169.4157755672282,True,0.1876734792522036,0.9467564746544208,
Control4C,2482,3,-0.500665688181807,-0.4806597420481291,0.2634442556211453,1.0,1.621883980148175,98.20715460073208,82784922685.40723,2722689146170.2676,32.88870796578282,True,0.3168358811870008,1.3539398332145067,
Control4C,2485,2,0.1821106953777436,0.1821106953777436,0.3494478432530861,0.0,0.325075089089237,368.3429249463261,90428563244.914,23823910662213.176,263.45559198689483,True,0.3300313989884463,0.0780734182734686,
Control4C,2489,2,-0.3817150418521469,-0.3817150418521469,0.2669845124626728,1.0,2.5459998759654554,148.2917349191187,76394031610.28442,17182383633951.928,224.9178799936352,True,0.4684839883545444,0.4389647021924994,
Control4C,2491,2,-0.04932587427443935,-0.04932587427443935,0.004479935292772825,0.0,1.545791829097555,195.78071457905736,92843859406.30508,25317440035018.2,272.6883629882676,True,0.4226668396909837,0.2504306033049118,
Control4C,2497,1,0.7484628084672453,0.7484628084672453,,0.0,0.3701406668287114,259.49675913184865,55505141022.996124,11462157854407.28,206.5062378574705,True,0.2671738135757057,0.2639793619338699,
Control4C,2498,1,-0.5175151835061647,-0.5175151835061647,,1.0,1.577949276055994,147.52049522184828,108593935265.76546,10326732523266.73,95.09492862556075,False,1.0672694300158605,0.4606835011735132,
Control4C,2499,3,0.04876666513703102,0.11976360224225546,0.1614568251258591,0.3333333333333333,0.3570852019715087,320.45574973038663,76492044124.36763,15035865019838.21,196.5676978822994,True,0.4131677640487525,0.1170519024484408,
Control4C,2500,1,-0.6748497527329698,-0.6748497527329698,,1.0,1.816780660627755,125.85996556113976,94487066523.01852,5865715161111.739,62.079556249984336,True,0.2372365438375155,0.5219756045671344,
Control4C,2501,2,-0.044243931884246135,-0.044243931884246135,0.20244572849708237,0.5,0.7156122330661382,182.8581672068425,72837667229.39546,8944837950502.668,122.80511294151874,True,0.5860366172716993,0.2636176352635596,
Control4C,2503,1,-0.09282530605790895,-0.09282530605790895,,0.0,3.77736323117407,108.40000174243303,56995139576.30149,10644640307441.41,186.76400104593196,True,0.3909601135585607,1.0483189607985657,
Control4C,2504,2,7.550010780788779,7.550010780788779,10.445979015483493,0.0,0.9487752183650416,191.141085815886,91510334246.91022,5890207897109.22,64.36658707000733,False,0.5507845559940292,0.1180200150646037,
Control4C,2510,2,0.10893647196947898,0.10893647196947898,0.15912822824297457,0.0,0.7132151508885359,266.2152488467095,70855744337.9532,22496480143955.574,317.49691368220584,True,0.3219530269982317,0.3509911603557736,
Control4C,2513,2,-0.32344118251885723,-0.32344118251885723,0.5275476544482759,0.5,0.7659989084917428,178.82730767708472,73736576178.17625,5823560179218.421,78.97790324772382,True,0.5561743997285591,0.0142887892296372,
Control4C,2514,3,0.457432697614113,0.5218991359529941,0.11320781357181228,0.0,0.7617825321684939,116.57402806992567,65626191582.35074,2369519794744.191,36.10631270246437,True,0.115782222615072,1.1403322157133202,
Control4C,2524,1,0.6366283535310102,0.6366283535310102,,0.0,4.665660066749717,42.26108166377327,116547825924.66936,649290216388.7167,5.5710195470174195,False,0.3320965729780917,1.3492551850331622,
Control4C,2526,1,-0.2960733208569921,-0.2960733208569921,,1.0,2.0278711466260617,156.4495034718152,95103978439.72945,12922183778237.32,135.874271405234,False,0.2969338413474373,0.2613681114652905,
Control4C,2538,2,0.13756222733510726,0.13756222733510726,0.24983937733422182,0.0,0.8396026019292826,114.77742023851546,52702754388.13339,2803457639621.8467,53.19375945658499,True,0.4558509148837917,0.978249678833906,
Control4C,2539,1,0.3358648204607615,0.3358648204607615,,0.0,0.2910789732893141,285.7860728674398,64155314064.78983,14738614342965.232,229.73333632317423,True,0.1417860335974798,0.2162430087335549,
Control4C,2540,1,-0.2755767861095091,-0.2755767861095091,,1.0,1.9950418082296213,164.80269172019058,63306964438.53476,11732253941889.611,185.3232743970934,True,0.1290566527960206,0.2013907541589925,
Control4C,2543,2,-0.10093060186028557,-0.10093060186028557,0.5553620043514292,0.5,1.2847510799918045,144.23927978366805,90094675645.71751,1355240911875.6716,15.04240846823106,False,0.5732044702263663,0.5445786225548274,
Control4C,2547,3,0.038325286695842196,0.0756423477331678,0.24449928326766285,0.3333333333333333,1.4881080467212184,162.53490520999142,59973237403.32859,12125469801293.71,202.18134498473367,True,0.2589249752377944,0.5743472817663408,
Control4C,2548,1,0.4579795519636489,0.4579795519636489,,0.0,0.9863420366173944,201.1457641760317,68173026005.75257,15823948690791.186,232.1145124092912,True,0.3874236352530001,0.0032066994015028,
Control4C,2549,1,-0.7191823928765118,-0.7191823928765118,,1.0,0.7426124047347801,126.7700681590091,59532389165.44183,2789322492477.6963,46.853864452275,True,0.272363950553456,0.2549650269835962,
Control4C,2550,1,-0.11356296281742706,-0.11356296281742706,,1.0,0.5097816506416141,273.73072201076985,75147246384.20897,20446535492240.8,272.0862902640878,False,0.5834366399047743,0.2413985106740545,
Control4C,2689,2,0.3176327870782001,0.3176327870782001,0.09472240100733062,0.0,0.9833952739840428,358.68260089907875,168698866608.28262,79754420812367.36,472.7620428983466,True,0.370026445680001,0.0604742911277636,
Control4C,2832,2,-0.4218046210277333,-0.4218046210277333,0.1050414985139298,1.0,4.441081546495648,106.79697669243149,173291021841.8159,10997304164304.805,63.46147681178428,False,0.5977815972121576,1.3862274219923738,
Control4C,2838,1,-0.5860943426376541,-0.5860943426376541,,1.0,3.648652463144645,99.65798566388244,151279049974.36612,8540242337254.326,56.45356933892334,False,0.2713882712971677,0.2973047670158841,
Control4C,2857,2,0.37423831312816347,0.37423831312816347,1.1607934590845546,0.5,0.4434414050720715,271.84335054901226,128095758080.63818,19359370004106.11,151.13201478474485,True,0.3702873296848639,0.8678641885249331,
Control4C,2892,1,-0.6070700080207438,-0.6070700080207438,,1.0,0.4908002585299535,220.7992159936304,128536665884.41824,11019067771902.6,85.72703902099875,True,0.7352230561580589,0.2889172273475435,
Control4C,2904,2,-0.14845442671112086,-0.14845442671112086,0.7555113107797217,0.5,0.9905295796645308,174.89066587919592,120070627839.98936,12063334811645.191,100.46865772802693,True,0.5241403504118769,0.8795664322887251,
Control4C,2917,1,0.28219044484266753,0.28219044484266753,,0.0,0.8345297464829309,179.25796221593137,114815313567.00464,6432126344008.988,56.02150222108906,True,0.3589290862444481,0.3290978695165489,
Control4C,2959,3,-0.4496129797211646,-0.4371995086972267,0.2134702122891194,1.0,0.5938031636334969,313.2554254230083,98539920634.47432,37286123111912.33,378.3859665385982,True,0.2115131679625494,1.5843977808751115,
Control4C,2975,1,-0.1861910101008606,-0.1861910101008606,,1.0,6.076241846909063,64.39974621164966,120223113031.40189,3188574912867.2046,26.52214563795532,False,0.6241339455176675,0.434968370749939,
Control4C,2995,2,-0.25574919778641725,-0.25574919778641725,0.4287438651689335,0.5,0.3230733738691235,274.916320731176,106476244704.10844,9718678208297.213,91.27555385997016,False,0.4735999848860361,0.1937733755169753,
Control4C,2999,2,0.7033387112107128,0.7033387112107128,0.69983511249656,0.0,0.9326446287522572,208.49349085053296,90734415831.86578,16760280838412.531,184.7180111840908,True,0.3339251436028528,0.2949883819675593,
Control4C,3000,2,-0.010481196036388862,-0.010481196036388862,0.4809460187262509,0.5,1.48939358069599,146.35252532821573,91895214924.3499,8065422388759.486,87.76759916606228,True,0.1038778337434474,0.638983178231466,
Control4C,3008,3,-0.469721897719009,-0.4774903233165555,0.13656988023483754,1.0,4.202499663737637,70.41422201345074,101154544653.5733,2451883210663.868,24.238982233184863,True,0.2229718118499959,0.3985187370483201,
Control4C,3017,2,0.33366083418059267,0.33366083418059267,0.4318332340122792,0.0,0.4466590183017454,281.8458268679032,106326337689.94086,7567965469346.146,71.17677175541544,True,0.3606007078260209,0.4689497860376194,
Control4C,3018,2,-0.2722518903245279,-0.2722518903245279,0.0018108693577485384,1.0,1.5755447718297684,155.0521703657856,84071043164.22433,6986023736730.659,83.09667007561883,True,0.5149902438879372,0.8980408256772586,
Control4C,3025,3,-0.5467028895388545,-0.5185233108822898,0.1881973240087882,1.0,4.492392887019182,119.7486632070778,137211060680.8556,5814145030405.557,42.37373431525973,False,0.4261086579795637,0.5626283994842524,
Control4C,3026,3,0.08380418831069185,0.10371889892951902,0.07363955141544486,0.0,1.2378023743549744,196.24597206306683,88042730476.3081,18664442045929.742,211.9929941399564,True,0.2238383394692815,0.4914377049056725,
Control4C,3027,2,-0.24318551037061953,-0.24318551037061953,0.11312606886318843,1.0,0.5416221510285814,219.90808975108337,83916770313.4167,9199819989622.42,109.63029148121949,True,0.5236757825692094,0.9350423314239712,
Control4C,3030,1,0.21899372909459736,0.21899372909459736,,0.0,1.87718466732008,87.70152363744229,81331402087.40938,2768036125633.7563,34.03403918524437,True,0.4332395100231303,0.1429084765799158,
Control4C,3034,2,-0.2824386010709743,-0.2824386010709743,0.3261538974017577,0.5,2.1677972112932538,112.11285171052616,81482653957.05812,4981307280873.007,61.13334604317365,True,0.415603509442941,0.6498833307777199,
Control4C,3035,1,-0.47341449763598753,-0.47341449763598753,,1.0,3.0542338450657667,116.8265292770805,138686214895.9833,7323442381487.547,52.80584221712472,False,0.5327561248343482,0.5516074253948876,
Control4C,3040,2,-0.4441892939341199,-0.4441892939341199,0.23888997665100214,1.0,0.8076474183080096,124.5511940699622,107978556348.87636,3086265303052.1274,28.58220564720713,True,0.1490449498804364,0.2330489213037318,
Control4C,3043,2,-0.14524027889839264,-0.14524027889839264,0.18607010702400867,0.5,3.455633937237068,132.07763160507977,95448512769.32063,5987200157462.665,62.727013588283896,True,0.1151829378706136,0.0764652764229197,
Control4C,3046,1,-0.1298294254851986,-0.1298294254851986,,1.0,2.811589378258243,101.49110532052416,86374958209.30534,5543478396061.929,64.17923100615427,True,0.0942205200403708,0.9451574822232054,
Control4C,3050,3,-0.1187648063604354,-0.03004128002081674,0.1740955172763916,0.3333333333333333,2.812896349714704,82.76508239200372,96219130982.91943,3623567663313.0938,37.65953429735651,True,0.7888973682515988,0.7235417135671107,
Control4C,3059,3,-0.3618657119208124,-0.2613323289545244,0.3667896966417777,0.6666666666666666,1.2794649656093058,148.70656865702148,76497049743.95517,6499813563121.257,84.9681600124046,True,0.9309614822963538,0.2358201744805293,
Control4C,3062,2,-0.12213910518244919,-0.12213910518244919,0.9748977207614191,0.5,2.134862297733927,36.094070611974814,79646997971.52153,97793036021.23505,1.227830784735939,True,0.351872212024203,1.1201703450490643,
Control4C,3067,2,-0.12929245046208981,-0.12929245046208981,0.36668597022651234,0.5,1.541878803002211,170.12901379270414,93759777419.83644,14910490893865.914,159.02865070914038,False,0.6302230830350917,0.7293564138496055,
Control4C,3072,2,0.22246258697099996,0.22246258697099996,0.11799901570881703,0.0,6.544558962166602,48.560377504632775,119858499906.08067,1043127037454.6932,8.7029875918026,False,0.4406167640139629,0.8963370030599019,
Control4C,3075,2,-0.17632501404727408,-0.17632501404727408,0.15470567260886026,0.5,0.4015411921952844,328.0323505467185,108352756397.9196,18107252219293.09,167.11390481655303,True,0.5768968923685848,0.160698687516627,
Control4C,3085,2,-0.33762569971189693,-0.33762569971189693,0.32703650741863366,1.0,1.8456719085324311,108.56993979128568,78784654680.13695,4741656022730.625,60.185020064904634,True,0.4440784393654977,0.349625657130465,
Control4C,3092,3,-0.4559439134249219,-0.4160654416043008,0.1306602090171416,1.0,5.095785490420988,97.53132222318732,85824956035.48683,11368087545855.52,132.45666611416675,True,0.11289494885438,0.7681339154121261,
Control4C,3094,1,0.2510365476808789,0.2510365476808789,,0.0,2.414455302928596,195.5328549949464,100510285166.36148,37856512521842.305,376.64317098676406,True,0.2667620040183359,0.424190613612225,
Control4C,3103,2,-0.3711159176733899,-0.3711159176733899,0.2949097921221019,1.0,0.5958587161859727,266.0649090970233,99592671036.06438,21266347657429.58,213.5332593874165,False,0.2342156916803215,1.3462469130810313,
Control4C,3110,1,-0.34040048123166544,-0.34040048123166544,,1.0,4.095923065830913,85.18061346611444,84487751265.65935,3511443710196.5303,41.56157144193968,True,0.5081138943507102,0.6197241453814194,
Control4C,3113,2,0.03242464662498068,0.03242464662498068,0.5433156568079961,0.5,2.0023631525088965,56.460143411274714,75184570306.04349,657504397445.4407,8.745203899803217,True,0.1877319042680597,1.1325410152198154,
Control4C,3119,3,-0.5807998042515932,-0.7025747141332928,0.23230748343096938,1.0,1.757060556959864,170.43335250997822,67361505854.94681,13285871998720.408,197.2324078878165,True,0.1614164728775335,0.2893003693818377,
Control4C,3127,2,0.27753656996132503,0.27753656996132503,0.0490050539052415,0.0,2.2002104457573393,86.0270763111208,78181563805.76909,2796634298710.0054,35.77102020698695,True,0.3348951191979693,1.5189278251918226,
Control4C,3131,1,0.14296304269708093,0.14296304269708093,,0.0,0.6131300642440846,221.3252827861052,71132013243.393,11670397120246.3,164.06673434524626,True,0.2112558412606772,0.8333735511240679,
Control4C,3133,2,-0.2659839535759694,-0.2659839535759694,0.3793106929879505,0.5,2.3687907230496967,103.75266887367472,61380782868.04573,6264394824449.451,102.05791669220687,True,0.4851542374583484,0.0136115749827903,
Control4C,3135,2,-0.4110871069885703,-0.4110871069885703,0.027034791423787785,1.0,3.023963220269471,137.5178035008493,71322694388.13295,14137094315163.293,198.21312748268096,True,0.2015097976436556,0.829092310092837,
Control4C,3136,3,-0.11049387526372989,-0.11839273403325024,0.08115903003155621,0.6666666666666666,4.6428927106561835,64.5738969621158,54973514496.93614,2197891923794.034,39.9809243397842,True,0.235524718040202,1.0718003354425194,
Control4C,3140,3,-0.6701557792928551,-0.6725630274393095,0.019783647929814387,1.0,6.373407377084937,46.038515107708335,69631938446.32591,1161599280892.9883,16.681989713504517,True,0.4468973857459649,0.6018346189081075,
Control4C,3142,1,-0.11175171549793261,-0.11175171549793261,,1.0,1.0446395893510123,136.66918289027723,91995803144.05988,3722440318999.645,40.463153663331,False,1.102186199124869,1.5392059452288418,
Control4C,3143,2,0.22588437070393397,0.22588437070393397,0.004832654934007438,0.0,1.5482273138969598,128.47289963890026,68319622127.081375,6610837489706.702,96.76337901005772,True,0.2860189234997554,1.0154377137022423,
Control4C,3147,3,0.4401831863566002,0.41993317789727036,0.06812098370863075,0.0,0.9785242749668468,204.4580470188018,48620716587.04115,12528938474142.943,257.6872443192718,True,0.3374863257651572,0.3677631445748148,
Control4C,3156,2,-0.2540532445842152,-0.2540532445842152,0.5176215724999944,0.5,1.684915322269143,106.77837100137616,88728767093.14537,3989034859954.1377,44.95762750502938,False,1.1038300727971089,0.9350130210576004,
Control4C,3172,3,-0.27321691045190505,-0.43438619020246527,0.4565761013905442,0.6666666666666666,1.8079708891936308,136.32385885102724,54095537686.459,6420776444086.408,118.69327339533282,True,0.3062173279934178,1.1209081475494325,
Control4C,3476,1,0.11036199011903225,0.11036199011903225,,0.0,3.3203608957255235,109.07917409187976,184690973772.46692,8622787989555.295,46.68765242517093,False,0.3299188943009761,0.9041388295272732,
Control4C,3607,3,-0.20067628063329637,-0.1578050116816896,0.20020579106512576,0.6666666666666666,2.9525367051472564,193.1696019498667,114298022315.92874,35462984193334.68,310.267697329987,True,0.2966227660344864,0.6980194837615996,
Control4C,3623,1,-0.48618009590959277,-0.48618009590959277,,1.0,2.36853135983968,140.03218245974043,127679330471.1544,11371441400505.498,89.06250807036116,True,0.6314792562666436,0.6528355732325883,
Control4C,3649,3,-0.35661777153428326,-0.3636547490085076,0.10019038001888793,1.0,0.8140901324469658,370.192750660532,97973282517.71896,88751453403497.05,905.8740416035964,True,0.1701918565427719,0.4612271826069444,
Control4C,3664,2,0.03819041981926907,0.03819041981926907,0.6723140808703733,0.5,2.4490209422520253,143.98351832922887,141652467759.0096,13317103115024.754,94.0125034579762,False,1.1087195274369843,0.9557496470890436,
Control4C,3684,3,-0.08083866471078875,-0.22140891684475994,0.3473246946000328,0.6666666666666666,4.96711812680055,114.98677739085772,89198770497.37776,13187980655750.65,147.84935467399012,True,0.1062325645463603,0.0925081718903274,
Control4C,3718,2,0.4142615481282951,0.4142615481282951,0.12627815882824217,0.0,8.514902643240285,67.51665577804086,96158874035.73984,5100717110597.465,53.044684245175915,True,0.3690827179145954,0.5728711218170583,
Control4C,3730,1,-0.4916758209185672,-0.4916758209185672,,1.0,5.430733237879112,119.79333268721344,113702913160.72722,3102264102194.615,27.2839456435856,True,0.531368146987214,0.0827014761862491,
Control4C,3739,1,-0.6924368249599837,-0.6924368249599837,,1.0,0.8685264607923319,359.7410351445256,115383241080.42851,41344081955785.7,358.31964476510575,True,0.3433835555241245,0.0117823888049903,
Control4C,3743,2,-0.4360924606042992,-0.4360924606042992,0.29714122874347537,1.0,2.9063835067604797,89.42888969980086,93369793506.80553,3920475345600.547,41.98869032857818,True,0.3295772532250963,0.9277902797945896,
Control4C,3745,1,-0.46363704554772966,-0.46363704554772966,,1.0,5.151483325075278,73.45853620237193,100632993514.29732,3167642634740.2427,31.477177853108415,True,0.1911337716234037,0.7451623316981071,
Control4C,3754,2,-0.3085136520126578,-0.3085136520126578,0.3073130267948902,0.5,1.1244055799598878,182.79539112316448,99519400255.988,12975865735267.031,130.385288716471,True,0.6573735653766031,0.0475739312201397,
Control4C,3762,1,0.1734214508564924,0.1734214508564924,,0.0,2.202951048145158,132.89513068975438,95685383133.55634,4020661768295.733,42.01960254142212,True,0.4739098697358413,0.8872814076709403,
Control4C,3770,2,0.4871282792004703,0.4871282792004703,0.5072789380674532,0.0,0.2698543858482568,253.681001016868,96132879820.70644,8595718879098.826,89.41497326544628,True,0.1767531481406488,0.4554064399039035,
Control4C,3772,2,-0.12480088320984017,-0.12480088320984017,0.026809213907202614,1.0,1.405703635145544,117.85489788714132,88921512013.97858,4909585024065.018,55.21256794748637,True,0.6418859353294062,0.0486362691604386,
Control4C,3776,1,-0.6043324100898573,-0.6043324100898573,,1.0,3.0482869900887777,133.82041798138923,119411473334.4704,9826285308978.72,82.28928958489097,True,0.2124545729579286,0.2751540615509028,
Control4C,3777,1,0.436930467175376,0.436930467175376,,0.0,3.4494704408392973,64.5255786317119,130263301153.52805,788160315790.6313,6.050516982228996,False,0.3236660569127399,1.0667560631515058,
Control4C,3779,1,-0.1172399156586108,-0.1172399156586108,,1.0,5.863696971107519,71.40909298500883,103834215855.86536,3882449657834.66,37.39085065393065,True,1.085681040090125,0.5827826172545822,
Control4C,3789,1,0.282251414113905,0.282251414113905,,0.0,1.8021702213424104,142.02395487631506,81917365138.92351,11823414380208.885,144.33343113706815,True,0.1125686055475332,1.079010047975516,
Control4C,3826,1,0.08212681697961477,0.08212681697961477,,0.0,0.7696169064858253,209.8673352881858,90905734419.91692,11636338913060.396,128.0044541448745,True,0.3626178277146719,0.5190173714871775,
Control4C,3829,2,-0.2815249464800078,-0.2815249464800078,0.31356228686483634,0.5,1.77126585119552,98.19952673694372,92752958826.86502,3303155899903.775,35.6124046249514,True,0.5746667976048118,0.2311149032937842,
Control4C,3849,3,-0.6525248729875927,-0.6576995362278617,0.061186041673964575,1.0,1.448329260634333,160.90344905038495,81506522422.2556,12129762678590.1,148.81953392331252,True,0.333246150193745,0.3694397627441999,
Control4C,3853,3,-0.24671097690855368,-0.27366908660345457,0.2686793910034312,0.6666666666666666,1.6291664197558369,263.13838777054417,72481498662.42053,30526096410702.05,421.15708110391085,True,0.3862108566771607,0.4059753445771672,
Control4C,3857,2,-0.4960768688677899,-0.4960768688677899,0.07184591810730334,1.0,3.647823515329342,99.1736405180161,81911537819.10852,4373875055407.092,53.39754535028085,True,0.2527677297258737,0.3592232555384809,
Control4C,3867,1,-0.1694261149713503,-0.1694261149713503,,1.0,0.7780583702467385,232.3853043290727,106209794687.74564,9653047188068.615,90.88660058564612,True,0.2718254967409548,0.4155657130432285,
Control4C,3868,3,-0.13274005880368023,-0.11418439030494909,0.2852642730372508,0.6666666666666666,2.1497575422175546,208.14755536489577,101442102728.911,34431479346692.938,339.420008265266,False,0.2457115765371104,0.9441729291901948,
Control4C,3873,3,-0.23897335218910443,-0.4156801069863769,0.34920198283786574,0.6666666666666666,1.6019166514090533,159.20201200212904,92593109470.88206,11741039447135.256,126.80251818119882,True,0.5328761099898267,1.0421913234734432,
Control4C,3879,1,-0.19064684068182336,-0.19064684068182336,,1.0,1.659826023290646,180.3367294480414,106735501888.58604,15919430399511.13,149.1484100213287,False,0.1715276278555081,1.232405310597483,
Control4C,3899,3,-0.4044345835974413,-0.4200836241506234,0.26046095359275895,1.0,1.982219766373983,181.76482447468217,108421772280.45,21511499987737.64,198.4057217963082,False,0.6203854380426268,0.3222313114007973,
Control4C,3901,2,-0.10100398052645954,-0.10100398052645954,0.5736389597189225,0.5,0.2906678791961944,180.41320868081493,76677031491.52982,1959692289799.4983,25.5577485418952,True,0.3529448634562541,0.3128439442509528,
Control4C,3906,2,-0.5324253285902069,-0.5324253285902069,0.07360901128967845,1.0,1.3806102121345092,99.2470438167394,98096194649.8358,1762973517353.2878,17.971884879392096,False,0.7679762498920972,1.0167653490887505,
Control4C,3935,1,-0.035282843871413005,-0.035282843871413005,,0.0,1.0009375116530022,189.2358331198132,131675614655.93127,11892711873964.736,90.3182560038958,False,0.245500208178092,0.8373187089508912,
Control4C,3939,1,0.3159647104427057,0.3159647104427057,,0.0,1.8375888945489025,191.82152906710175,79262710093.1197,21336025482905.92,269.1811251197424,True,0.6192836139891332,0.2290194646851683,
Control4C,3943,1,0.2731073020532604,0.2731073020532604,,0.0,3.731773171693573,78.59352149642194,73358563027.92886,3038582324135.9,41.420962989406696,True,0.3335227755469928,0.025660730849034,
Control4C,3951,1,0.05147203592338112,0.05147203592338112,,0.0,0.8862497644981747,111.72961319196683,110949943098.43784,2715062658623.4385,24.47105949585355,False,0.2245517040775943,0.2011752825988199,
Control4C,3959,1,1.9099980306746667,1.9099980306746667,,0.0,0.4993517744964408,194.97578566919535,105399135176.64676,2049203366846.529,19.44231670793225,False,0.2178600149780081,0.5698506656742576,
Control4C,3964,3,-0.3928858920821645,-0.6770631839722188,0.5401128912148488,0.6666666666666666,0.4048360262347526,341.15089794722184,69641982278.04997,29025980493280.56,416.78854541205504,True,0.5992466642477475,0.1437290252138395,
Control4C,3966,2,0.3088672209570057,0.3088672209570057,1.1784170217629824,0.5,4.078149356039417,94.13479227793486,72544940361.97911,2740014595011.156,37.76989244651997,True,0.3624701958338004,0.943665435548856,
Control4C,3977,3,0.1215025265328095,0.12488792110502267,0.5419321570708239,0.3333333333333333,0.560173694520246,173.67807862599147,59019180057.91812,6367586115474.408,107.89011486139955,True,0.7473812079999117,0.6540240820757489,
Control4C,3978,3,0.2898616617807311,0.44541920337272445,0.8085969384678922,0.3333333333333333,1.4444609504238937,193.9539949407189,59529668404.97872,10713078000299.535,179.96199688899253,True,0.2578769114177019,0.2634814805325685,
Control4C,3980,2,0.17183240674464928,0.17183240674464928,0.12927291544991,0.0,1.464231387250868,122.77934273406514,53618716386.53332,3659235273994.5566,68.24548442404706,True,0.302753645442984,0.4400695003553438,
Control4C,3994,2,-0.3085227632776266,-0.3085227632776266,0.33196158819150773,0.5,0.9643450157648068,109.0971968180303,51822406806.573715,2854864791249.527,55.08939023047044,True,0.8571888577161518,0.9362522967006998,
Control4C,3995,2,-0.5344538771704296,-0.5344538771704296,0.11404938305529153,1.0,2.136493451206604,163.1130906737895,66418132235.4143,18205931331764.555,274.11085977598617,True,0.2859644397393719,1.270819481687464,
Control4C,3997,2,-0.177940959919637,-0.177940959919637,0.7304122953277786,0.5,3.1430280053809607,66.84488229082235,67294327086.21061,1694540152059.6675,25.18102528744802,True,0.2592475377065859,0.8950229053907324,
Control4C,4005,2,-0.4698387625718473,-0.4698387625718473,0.12144358795929977,1.0,3.2387658651126694,109.06135827391964,68746053041.83499,5445738591143.615,79.21529091756939,True,0.5403459918890804,0.0447937078422569,
Control4C,4007,1,-0.021018979455281084,-0.021018979455281084,,0.0,2.8760834385131195,119.89732784437976,54954513593.80864,3234588223814.4243,58.859373184932416,True,0.0696939275579409,1.0114994316229076,
Control4C,4008,2,0.7034057049064542,0.7034057049064542,0.5942917361965949,0.0,1.0113351867349536,167.96732260894024,84863309096.52988,9315081854540.13,109.7657156397762,True,0.4994686286490109,0.562781605258905,
Control4C,4010,3,-0.13908284290367012,-0.33971701784014696,0.3760222600848205,0.6666666666666666,1.5622151167404004,147.1412344543021,63562744070.104,9630437706402.535,151.5107292375708,True,0.3648432942669817,0.5029683669538775,
Control4C,4011,1,-0.34795285281390953,-0.34795285281390953,,1.0,1.59595605957582,135.71274201666736,94000294844.11432,9259507413109.152,98.5050890368449,False,0.9173546522127412,0.9185847540035336,
Control4C,4012,2,0.17103641245082946,0.17103641245082946,0.35766327121924574,0.0,1.4339977593879636,65.9816493542033,75892656157.57167,453925866910.0111,5.981156674336845,False,0.1792981427793364,1.191797492417168,
Control4C,4013,1,0.09612757381935033,0.09612757381935033,,0.0,2.306134116549859,65.80487285397217,79197615056.60643,1378911906894.197,17.411028171853673,False,0.3940235792687211,0.0696964849298613,
Control4C,4016,3,0.2370411379150185,0.40856450762374674,0.3446699069601153,0.3333333333333333,9.70221734111534,37.02834930720553,63073242307.60337,824918033718.8528,13.078732019130882,True,0.3670368900332242,1.0069062655732597,
Control4C,4023,1,0.13079046980321163,0.13079046980321163,,0.0,1.3414444184385304,150.3632904885399,55386273286.72033,11526340181610.545,208.10824591757023,True,0.3568271780611325,0.2244708831633259,
Control4C,4026,3,0.10252151347077776,0.10686910236737868,0.07529881758664178,0.0,0.975453952980983,156.4058516334762,57179056456.2901,6887560104999.419,120.45599441229916,True,0.2591868610437559,0.2190260902509551,
Control4C,4032,1,0.22858832067496815,0.22858832067496815,,0.0,0.4551111350848783,173.40755465895862,61749993589.933846,4731370926186.116,76.62139947100171,True,0.3864562262237562,0.0856941664988214,
Control4C,4036,3,0.12858642251635502,0.148601427008747,0.05889005894483129,0.0,1.5997566807151458,138.7136043159938,54859330059.43195,5938901146601.144,108.25690252081505,True,0.3491547346243486,1.3923691580397788,
Control4C,4040,2,0.09282539704530057,0.09282539704530057,0.03189200669172653,0.0,1.2898955095262743,176.71591441565496,57015480966.82919,10047478318706.549,176.22368781826168,True,0.2123646094172775,0.1876568238113396,
Control4C,4045,1,0.08988832926971035,0.08988832926971035,,0.0,0.9831839256690378,150.43791092008584,69939148399.39027,5406792213891.824,77.30709248868922,False,0.3614366399571257,0.7668832381324838,
Control4C,4047,3,0.5261250505306524,0.3936952648907819,0.5222394899279411,0.0,0.8306525911006934,209.513372535073,50493621813.552444,5410212375178.106,107.14645099445036,True,0.3544584261375567,0.0370805916655887,
Control4C,4051,2,0.5459848650491629,0.5459848650491629,0.2148660982678685,0.0,0.7974945891406917,51.48585800796439,74974885869.72667,139302929822.42267,1.8579945565301668,True,0.4449811120467875,0.0969314748681736,
Control4C,4060,3,-0.25857046297976294,-0.17845408757455594,0.5229180320814133,0.6666666666666666,1.153117632856878,163.15716170428445,47089682556.094734,7285846127899.61,154.72277009343773,True,0.2641024920019879,0.1087819719864864,
Control4C,4101,1,0.1482123386593881,0.1482123386593881,,0.0,0.5907417175518919,442.09844717411465,68442647354.35214,115240845659945.95,1683.757863182918,True,0.6178049512599539,0.5169424178342935,
Control4C,4437,1,-0.8498675440763894,-0.8498675440763894,,1.0,3.102711188374069,178.81478919181856,187536035392.31244,21987644848937.95,117.2449060413446,False,0.3141414585438881,0.5959561944884326,
Control4C,4499,2,-0.6418928340396062,-0.6418928340396062,0.01014768199636623,1.0,12.477829294865868,50.11815337657799,101668474018.11913,2150384236530.639,21.150944354170228,True,0.5763357639914373,1.0449447845115636,
Control4C,4653,3,0.04029049563968323,-0.1767708226759086,0.6362036838132449,0.6666666666666666,1.5731134070674753,137.63649770128387,132946661034.7158,8282846825820.007,62.30202971142797,True,0.8034622686303671,0.628137151759898,
Control4C,4659,3,-0.5062533950474285,-0.4151669675384584,0.1670894168412913,1.0,5.071479723609825,102.85367822063064,121177820836.85522,9002557134992.342,74.29211940618005,True,0.5015208623947012,0.4020646338992382,
Control4C,4742,2,-0.3906292409456784,-0.3906292409456784,0.16431214392157364,1.0,4.6200608349357095,83.09754681102784,108810399703.5967,3200126410902.6304,29.41011538988815,True,0.4060610728218852,1.0791947523662813,
Control4C,4776,3,-0.33463753416055764,-0.4446315501307867,0.33286776967206605,0.6666666666666666,0.6644337820233379,298.4684316170257,169243353958.71408,36464435862234.61,215.45564425017184,False,0.7685776689343145,0.5069876002798596,
Control4C,4779,2,0.3127919292620893,0.3127919292620893,0.0674128803636957,0.0,1.0500396037433637,230.26489503842228,116682393266.50992,17814416565081.285,152.67441870507437,False,0.2044495473877745,0.1307027264461354,
Control4C,4797,2,0.07972273173643063,0.07972273173643063,0.7376630333798797,0.5,3.7540684965408055,123.56554418774546,114426893864.68306,1969110975676.88,17.208463055944495,True,0.5172594010924643,0.3218730181390646,
Control4C,4805,2,0.817154358647954,0.817154358647954,0.7498280798236365,0.0,1.3879165549859998,225.34992479436164,80113317430.0056,30796570121345.902,384.4126183920999,True,0.2839994983612131,0.280088350509541,
Control4C,4816,3,-0.16038286343050437,0.0703805887407869,0.43925813896528304,0.3333333333333333,4.342922873541285,30.69624511981041,96991878089.47966,285678077789.1378,2.9453814424088796,True,0.3162036672972168,0.8398639697007249,
Control4C,4850,3,0.24063348995066805,0.3202505171099581,0.21369931011887072,0.0,2.0204063275842232,89.71188747253056,97130989808.2703,3137792702329.3184,32.30475369934044,True,0.1824401065710812,0.5613828912500561,
Control4C,4855,1,-0.060876723453604065,-0.060876723453604065,,0.0,0.7697097558382675,299.31571775752906,104322764955.20737,40011947948287.29,383.5399489791807,True,0.2315346211726368,0.3069781960946129,
Control4C,4871,2,-0.8219803613637549,-0.8219803613637549,0.751807770058103,1.0,2.181629889331004,172.37322899891782,111663251922.54564,22436054700890.92,200.9260371214472,True,0.2478087178442862,0.8097544696953001,
Control4C,4905,3,-0.624006232738793,-0.49970970722328034,0.26311545715697904,1.0,4.121326476038612,108.80024498905496,87864195761.60521,12087271907270.973,137.5676611217883,True,0.0968764618199841,0.1862223523824177,
Control4C,4912,2,-0.04316273755093625,-0.04316273755093625,0.03524364865830969,0.0,1.8756413079505088,107.6805829531866,76369305119.91673,4966229518503.221,65.02913062656705,True,0.334283461721063,0.0340112931290363,
Control4C,4953,1,0.18709595109066468,0.18709595109066468,,0.0,1.4427677931155314,159.12151320376245,132587631939.5697,9478760602443.484,71.49053394937832,False,0.257847518493473,0.7960074520110001,
Control4C,4961,2,-0.611268238726911,-0.611268238726911,0.3566760678318456,1.0,1.5816000714711538,237.72875046690368,96159561467.81078,44590956387355.72,463.7183833485186,True,0.6752899288046564,0.874231730990704,
Control4C,4967,3,2.5749042635012915,0.5046591256934305,4.0318660095013135,0.0,1.083101413390319,133.6611785943056,98216884390.57376,3210745730214.4146,32.69036429058792,True,0.5680385657920494,0.7905512931511515,
Control4C,4977,3,-0.6014741491912224,-0.7360113519410523,0.2931706976255389,1.0,0.7991295316188636,241.7154347636015,77244752645.12544,13814606095358.486,178.8420005540695,True,0.4638314939820048,0.1856789038904177,
Control4C,5025,2,-0.42467304311527265,-0.42467304311527265,0.10287046332458873,1.0,1.2755644676457518,197.94589105413584,118688681096.81888,20290935323763.312,170.95931251617182,False,0.3063959327510683,0.6001644054431383,
Control4C,5050,2,0.3061377808728314,0.3061377808728314,0.09028668051068463,0.0,3.010066522332499,126.71958068227528,88833052676.88937,6243644133468.367,70.2851466354336,False,0.345447064229805,0.7566209813235444,
Control4C,5055,1,-0.1959992145704066,-0.1959992145704066,,1.0,0.8211247744566074,263.5844599036439,108161262045.2581,18472543482990.434,170.7870556767444,False,0.5140052683138804,0.13798549061833,
Control4C,5064,3,-0.04213170599681996,-0.054473157527098914,0.2427558143304392,0.3333333333333333,2.441053963601585,86.3848412346868,67304496565.663826,3245907870371.7817,48.22720673952295,True,0.5748696464798194,1.1109458332301063,
Control4C,5070,2,0.41559544818950345,0.41559544818950345,0.0277126372165783,0.0,2.7994807451846193,73.70811515224072,84963874709.57664,1844554532478.3235,21.70986832678449,True,0.2008514704922745,1.0816975897635777,
Control4C,5074,2,-0.05698945202154038,-0.05698945202154038,0.13681171057374084,0.5,4.645948278043927,55.08457923074698,98080586499.81456,1343218922740.4473,13.69505394161756,False,0.497757177024084,0.3819375011647302,
Control4C,5098,2,0.3612978657510537,0.3612978657510537,0.3595348872670274,0.0,2.689410285018675,78.57630110106615,96969213792.7594,263580758615.6681,2.7181901173189607,False,0.2445867458807002,0.7539642670490019,
Control4C,5101,3,-0.1737740528999682,-0.18102602213263363,0.12359844952902242,0.6666666666666666,3.832173753165768,143.82671087825767,91375129739.53676,26363781991442.574,288.5225122699369,True,0.2962680247455458,1.179405563659928,
Control4C,5117,2,-0.6193453614552769,-0.6193453614552769,0.004662783050371276,1.0,10.931374218764336,58.713030024019226,119809202143.12315,4176588029066.92,34.86032754043049,False,0.3262985073524577,0.5604117876798933,
Control4C,5118,3,-0.3549092621643428,-0.39320833723466553,0.2939851495209739,0.6666666666666666,1.8725269566419076,202.69038729329995,80623404128.05865,26514248787321.207,328.86540917085495,False,0.279956975529496,0.2862980896215054,
Control4C,5143,1,-0.6641158155310765,-0.6641158155310765,,1.0,0.752033588450737,228.79890472856064,98121164805.62196,12345578534165.123,125.81973072396477,False,0.4548435064710173,0.7008197980039715,
Control4C,5146,1,-0.07347276036774497,-0.07347276036774497,,0.0,1.3083787803854388,192.6520870729926,80839827207.71466,7057220965505.302,87.29881308840578,True,0.4601063191166559,0.567784603933114,
Control4C,5151,2,-0.5025226110561591,-0.5025226110561591,0.3590884991280697,1.0,1.970773207326962,78.7773528425138,84235812518.65944,1618144144570.7688,19.20969355180526,True,0.2848860158173441,0.0573915571857876,
Control4C,5153,2,-0.4518064902672607,-0.4518064902672607,0.012678515095223738,1.0,1.0948804484158905,231.84123082136375,68524467299.20456,23465145636535.05,342.4345574855339,True,0.3272471371915945,0.2938611981508141,
Control4C,5161,2,-0.2210460597190096,-0.2210460597190096,0.4873240067440512,0.5,1.7997321226158731,93.1910107584183,73040430719.0138,1740760787500.9507,23.832838475414384,True,0.5630215547499938,0.9392714151986592,
Control4C,5169,1,-0.36701324473293573,-0.36701324473293573,,1.0,0.8035054653212992,283.60630051233267,107523227760.56229,37385997143321.31,347.7015889680525,False,0.2873485790827588,0.3552178022781921,
Control4C,5170,3,-0.07145933718246522,0.005751321400228493,0.23319192655485008,0.3333333333333333,0.8990601395321145,140.64023806438956,84387339308.15196,5286885708874.666,62.650223981690864,True,0.9399219782795524,0.1746942919653959,
Control4C,5174,1,-0.3458930362003887,-0.3458930362003887,,1.0,1.1818891273520853,138.5885508810427,61204411596.68645,5513824381699.119,90.08867560124756,True,0.2200119340780894,1.1178912079430667,
Control4C,5191,3,0.18706142558595773,0.25337742873727054,0.453197627489155,0.3333333333333333,2.5500934315150428,122.01037965883856,57198444647.44963,9329218486680.707,163.10266029404488,True,0.2868286647414125,0.4725271978223347,
Control4C,5200,2,-0.07683787867093494,-0.07683787867093494,0.29599505988514296,0.5,2.265409024994205,93.59104361690262,81069490607.61852,1757859928322.4998,21.683372069409607,True,0.4827715122663775,0.4839891391650064,
Control4C,5206,1,-0.004774785965790951,-0.004774785965790951,,0.0,0.5306760196210302,208.98328294159856,69189513860.11407,2352934588008.0923,34.00709813867469,True,0.2564864969922026,0.2959446368515371,
Control4C,5208,2,-0.06705240780075461,-0.06705240780075461,0.06493087057656503,0.5,0.6752957265663941,175.64147099812422,62212922010.10509,6257157356605.583,100.57649045304846,True,0.1136482681843808,1.5003678953971151,
Control4C,5210,2,0.1823364647048309,0.1823364647048309,0.002289834841140235,0.0,1.195233077724276,222.9272218101654,84183175611.21193,15563634149488.035,184.8782020455783,False,0.6901020247781577,0.5712225747899426,
Control4C,5217,1,-0.11739866109077202,-0.11739866109077202,,1.0,0.5938626450728015,211.3748283326533,97962546160.63023,5199585354558.581,53.0772785961766,False,0.4713411734317063,0.5099383487452248,
Control4C,5222,1,-0.5085098537900321,-0.5085098537900321,,1.0,5.701350367242262,47.69679983239386,81227576235.15572,1163822517591.2815,14.327923736416665,True,0.4729053779123341,0.6506986463275178,
Control4C,5232,1,-0.5886715218547001,-0.5886715218547001,,1.0,1.2940075019150716,118.63991878030912,97430181483.07803,3365650079693.25,34.54422467926744,False,0.6973510310793036,0.1271768108285524,
Control4C,5238,3,-0.4284511011396801,-0.5525196066875395,0.2915735626112706,0.6666666666666666,1.9985628838191367,99.5610100227896,111096071303.35272,3108801609226.0386,27.98300221379853,False,0.1553551913800133,0.7114128110122413,
Control4C,5249,3,-0.2452708900516635,-0.2886795533988742,0.3459485922048715,0.6666666666666666,2.8394696874168677,130.1587818244085,78862046723.0971,9892879845245.932,125.445385408042,True,0.4033990589545351,0.0829656428206757,
Control4C,5253,2,0.12255814405859189,0.12255814405859189,0.4231617417666586,0.5,0.4527440122585741,239.60540392024484,89921590057.72102,14506336116171.748,161.32205966175724,False,0.8118854565449326,0.6814144278087221,
Control4C,5260,1,-0.3074548449177468,-0.3074548449177468,,1.0,0.5289002404911856,221.24705251204824,53907825864.54948,12260576261984.805,227.43592540331932,True,0.3391654534421418,0.0824180692515714,
Control4C,5265,3,-0.4122575333790051,-0.5401580886001693,0.3761652036384694,0.6666666666666666,1.468477555183085,107.13319465050807,70049327255.14294,3388446598287.458,48.37229322625196,True,0.2665570414466205,0.7343386949290179,
Control4C,5285,2,-0.7331046464082399,-0.7331046464082399,0.041087362749875705,1.0,4.50564083765986,94.49569081518234,110320445513.66393,8555375857798.972,77.55022940638261,False,0.6907269789405633,0.2312621604161445,
Control4C,5291,1,-0.43068083785032973,-0.43068083785032973,,1.0,0.7417022065295297,223.09602501926577,73421954565.71724,19438157201892.965,264.7458422602275,False,0.5982715097617736,0.1142079912795744,
Control4C,5301,2,0.18968874995971574,0.18968874995971574,0.4847826609127056,0.5,3.875781234301548,94.97003176641256,85080898415.6676,6569337827042.786,77.21284035986444,False,0.2624057372547704,0.6691601875138794,
Control4C,5303,3,-0.3413070370835813,-0.5459032112060078,0.4005023868650158,0.6666666666666666,1.2870200998751975,143.1534599703269,72129563015.28781,8102335541100.416,112.3303012300675,True,0.1884544002417683,0.5632787250305165,
Control4C,5304,3,0.1296434132372338,0.17403950417975533,0.22121354032677837,0.3333333333333333,2.4445238089041,151.83005383867308,92357555403.50546,10477649217875.06,113.44658454956654,True,0.2180859421403458,1.4447679774230286,
Control4C,5305,1,0.24906615363446605,0.24906615363446605,,0.0,2.619306311127248,101.15270143097996,86898605223.26778,4245608198842.528,48.857035022994054,False,0.2157089779232561,0.2750586906290728,
Control4C,5307,3,-0.33216580381820426,-0.3134575536675346,0.0742521578613105,1.0,2.920704046910329,159.7783203023405,55698342596.53308,24279241160123.29,435.9059898064999,True,0.4920859139165269,0.7606824024908615,
Control4C,5308,1,0.08165988055683826,0.08165988055683826,,0.0,3.1916986651592785,101.9751945282027,81703210739.22748,3379337777342.899,41.36113803567338,False,0.1424402331774836,0.9173966889570389,
Control4C,5309,2,0.42234578225375174,0.42234578225375174,0.6053874394551987,0.0,0.5764956710139116,279.0561478539359,59519088280.55402,24174576611359.043,406.1651028222709,True,0.0768778670863138,0.4821956495039286,
Control4C,5310,2,-0.005113113101481992,-0.005113113101481992,0.19260967618466138,0.5,2.156027361863592,95.55281296832432,85372230146.0468,2775005179813.3867,32.504775558353906,False,0.6874664271023757,1.0305641856502117,
Control4C,5322,3,0.0057127351574573675,0.014129410762305783,0.2409621068962134,0.3333333333333333,2.896246408290559,81.49560394478688,58296545543.45127,2028938770644.5552,34.803756410099595,True,0.3946444717948194,0.03481849075172,
Control4C,5323,2,-0.3968375201875971,-0.3968375201875971,0.18808019688171632,1.0,2.2535385223333773,81.7200597250591,64053549802.86827,1219961513396.6067,19.04596259147495,True,0.6919471971349863,0.4363278966873916,
Control4C,5324,3,-0.19068152586135353,-0.22493230186705393,0.3856049484173542,0.6666666666666666,8.601513361911215,57.403805349656366,81963587935.46811,2514571616929.391,30.67913057819252,False,0.4512866503796232,0.8450794261187606,
Control4C,5326,2,-0.30927008362934283,-0.30927008362934283,0.26062607670122245,1.0,0.4937379821851471,258.923522066188,64811904111.94068,16207086858788.438,250.06342709506217,True,0.0904004531818599,0.2495539119989535,
Control4C,5328,3,-0.25983435231885704,-0.21722083853746144,0.23208629354458377,0.6666666666666666,1.3707833435022327,77.8768526415509,79248266564.53935,1235920239824.1206,15.595549194979476,True,0.4207733127394321,0.9538290592398034,
Control4C,5329,1,-0.30254285361571,-0.30254285361571,,1.0,13.155455683897328,29.758426572290524,81885957573.99667,728284629289.0619,8.893889146145035,False,0.5823228771341389,0.5784115767878009,
Control4C,5332,2,-0.3357103860040127,-0.3357103860040127,0.03833243590693165,1.0,0.881625103720738,157.5545236952898,61799704369.41317,6070692639809.983,98.23174239672548,True,0.3093447045315355,0.4156571233971586,
Control4C,5336,2,0.05315886053219976,0.05315886053219976,0.05916311795369521,0.0,3.494360727799075,121.5430482864392,70919808029.10103,13938977143758.33,196.54561301179285,False,0.4356764459838664,0.0255296772540314,
Control4C,5337,1,-0.5809256058659344,-0.5809256058659344,,1.0,2.3226857396845713,86.78883161266238,78837722023.7673,3217485849301.0986,40.811501990520725,False,0.114329507791124,0.2034566459521311,
Control4C,5343,1,-0.22117743315170735,-0.22117743315170735,,1.0,1.123611010142785,199.60800790047767,83111260925.14536,9305042895634.469,111.95887045938466,False,0.4399489050348722,0.1548640127891432,
Control4C,5344,3,0.03578588302674287,0.09846267785409424,0.42847086084570657,0.3333333333333333,6.283948418672684,66.03325253175686,61727024653.70956,2740185508429.891,44.391990765834144,True,0.2227678162092565,0.4832744383159504,
Control4C,5352,3,-0.6302897597047231,-0.6548126616339629,0.09808406053383219,1.0,4.772339043568664,48.58075177536689,59055563074.329254,1203372028601.9182,20.376946149633948,True,0.1760839954335166,0.7343229306334006,
Control4C,5361,2,-0.5279710932591615,-0.5279710932591615,0.048452567212886474,1.0,1.4387403804536802,191.6499514821832,89474096499.96906,20282341743499.953,226.68395141052883,False,0.500392866520176,0.0657569005952349,
Control4C,5374,3,-0.9262930950617755,-0.8276018457404208,0.20017879984232623,1.0,1.1107049292537303,88.52662475209472,61930547138.20909,1598363463772.864,25.80896726466553,True,0.9378707584876428,1.0201500791078244,
Control4C,5383,2,-0.4038138128140849,-0.4038138128140849,0.35426203955089824,1.0,1.4856466328301885,88.70418123851981,70699513459.38765,1695809281716.525,23.986152078552266,True,0.5196728495385848,0.4035980138313498,
Control4C,5500,2,-0.2812115694691295,-0.2812115694691295,0.6276404572324368,0.5,0.4678598503128539,151.42967348153232,61515792711.79058,3608412534739.563,58.65831155985328,True,0.4523816623726643,1.636551550727136,
Control4C,6134,3,0.517554908714124,0.24547021175391803,0.527788715807747,0.0,1.3453681004442892,190.14354110006616,127816117880.56978,19016945138408.836,148.78362333127734,True,0.4421628965354958,0.628963646335114,
Control4C,6411,1,0.2031570300672465,0.2031570300672465,,0.0,3.823096066259343,112.0539588008116,121313685628.39967,9436192408263.992,77.78341214665865,True,0.4972842643264814,0.8411458862157963,
Control4C,6449,1,-0.4554296926505501,-0.4554296926505501,,1.0,2.3216592887607357,192.78003215177176,112948882492.7051,12619818798151.951,111.7303555346554,True,0.1598835853241739,0.9603782022968178,
Control4C,6457,1,-0.44449381639528607,-0.44449381639528607,,1.0,4.168214077985953,208.2960173176345,116230589343.84653,87348252862150.53,751.5083022056011,True,0.1982868550952976,0.1315701128181582,
Control4C,6466,1,-0.11654048516990745,-0.11654048516990745,,1.0,1.9646145990810056,107.09402807907531,115791853271.5234,4374071079548.95,37.77529209496349,True,0.1908230398414601,0.0802623904275483,
Control4C,6488,3,0.07745806853683239,0.15050343187061177,0.18738935164319082,0.3333333333333333,1.2886968147512237,204.03279416425943,119499275990.17322,10342892892469.8,86.55192934658722,True,1.3517242290911993,0.3942376199639555,
Control4C,6516,2,-0.32942668234547234,-0.32942668234547234,0.18625756287890624,1.0,4.123608652202309,108.45021005053924,119537225192.34184,7677078668091.769,64.2233300608989,True,0.6864740244745198,0.8937192348629642,
Control4C,6725,3,-0.4422068088253062,-0.49244545945258755,0.13781465965035142,1.0,4.102787347914253,90.9360398560807,76661795122.05368,6325704369112.792,82.51443054577058,True,0.1049488612869311,0.0640689434760573,
Control4C,6726,2,-0.32937933614595416,-0.32937933614595416,0.15758618800183516,1.0,6.984240702101173,96.38834560706916,96541685921.72264,9251680937169.826,95.83094441370352,True,0.3552302872863477,1.1615498578371135,
Control4C,6728,2,-0.02745156338989152,-0.02745156338989152,0.7585017972052004,0.5,0.5574854207665828,354.70793773528885,80052590790.14946,55923465229738.0,698.5840767644391,True,0.7530788803895467,0.4603464962558086,
Control4C,6788,2,0.38283784254810316,0.38283784254810316,0.31139063831302816,0.0,0.5117852670914328,271.89723161632645,95770816936.29536,7594151765808.321,79.29505050437007,False,0.3288664243376776,0.9376149836435814,
Control4C,6816,2,0.1169705171218256,0.1169705171218256,0.21470026799973502,0.0,6.252573177994763,58.65949173941484,75452945295.63857,2581007652176.9756,34.20685093291072,True,0.7463995410728794,0.0980307387760299,
Control4C,6852,3,-0.06305806375015625,-0.16250200101567813,0.2030255281716635,0.6666666666666666,3.210315859098761,90.51663049224088,85685230477.64246,3015246741840.7197,35.18980721686309,True,0.4164302464062896,0.5520089322141694,
Control4C,6858,2,-0.2147960933046339,-0.2147960933046339,0.3155721751697175,0.5,1.5457438191418111,166.316476684768,80852324470.92236,14671208407915.195,181.45685363927333,True,0.2840943936280982,1.0129171337927194,
Control4C,6888,2,-0.4017750420281655,-0.4017750420281655,0.4191351401068657,1.0,2.956569548467795,126.46514272921164,119499134543.007,9040667171388.684,75.65466650417459,False,0.7589874643999787,0.2959622685696198,
Control4C,6945,2,-0.4297011991677474,-0.4297011991677474,0.03901764867539555,1.0,1.0337222368121175,227.7328638664942,87254810844.50487,21822393143798.227,250.09959832114583,True,0.6353159656741598,0.9394492296070978,
Control4C,6950,1,-0.6752564506921885,-0.6752564506921885,,1.0,14.474489164027922,29.73261923083268,85865273141.76823,686491480352.0216,7.994983946753268,True,0.8065982970299713,0.2966906397740945,
Control4C,6954,2,-0.4929227117254158,-0.4929227117254158,0.07502822444043852,1.0,3.454465667488858,95.15609476612951,74523156572.0137,5640279042036.873,75.68491864118131,True,0.4876608407171618,0.1599243349747241,
Control4C,6989,1,-0.7139771644490962,-0.7139771644490962,,1.0,9.6620993794206,39.5719448057687,95419595458.47018,1212213311919.4558,12.70402904241039,False,0.7259671167365317,0.1130795104787803,
Control4C,7000,2,-0.24880629062537107,-0.24880629062537107,0.017665036565854574,1.0,7.990054235224662,56.794456720738665,158910360219.09323,2725343123923.5225,17.150191593336217,False,0.4209349526267278,0.0003984120894778,
Control4C,7007,2,0.00011212606314814355,0.00011212606314814355,0.2471951599591536,0.5,3.0133912024913525,113.18904994634384,65990352660.48717,9519695294987.498,144.25889408358285,True,0.8118401371400072,1.0761645850660455,
Control4C,7009,2,0.0008854697811393475,0.0008854697811393475,0.5116928347625078,0.5,3.445917655630134,132.19551339249708,79714395996.07127,14908227702499.74,187.02051889390836,True,0.4787601386531595,0.9928955570003176,
Control4C,7010,1,-0.44356767764101335,-0.44356767764101335,,1.0,2.3645709517072087,156.0657999015224,73845325604.77841,17330115854669.346,234.6812843296332,True,0.2221293297012544,0.9844307900189374,
Control4C,7023,2,0.009109680716659962,0.009109680716659962,0.06363712520501676,0.0,7.996795758804994,90.71102543627838,91043049782.3412,12476509243506.195,137.03966720506492,False,0.3701675809535344,0.3485687010027357,
Control4C,7035,3,-0.29302415452981184,-0.20922547564859517,0.2890277853950528,0.6666666666666666,19.51374316200057,33.84234907964534,86983530664.10197,1314835650483.438,15.115914937516663,False,0.0774590025842705,0.4939014610275307,
Control4C,7044,1,-0.4897658141175909,-0.4897658141175909,,1.0,2.0283415753685605,132.43141334074653,108031201203.9412,7840497050829.43,72.57622764027354,False,0.5864937008171832,0.3623761528250228,
Control4C,7051,2,-0.39216910747387423,-0.39216910747387423,0.28101290402460455,1.0,11.046364092543117,31.87933556553135,80595356177.34348,514662117426.09216,6.385753991751341,False,0.3288257731123769,0.0472639340306062,
Control4C,7058,2,-0.5091801125447284,-0.5091801125447284,0.676160142436919,0.5,2.647920533855207,115.19809019791778,76700237367.96738,5731258387079.574,74.72282464504005,True,0.5691675517514474,0.4758437940756177,
Control4C,7059,2,-0.3220139288732897,-0.3220139288732897,0.23781293597558467,1.0,2.478954230696678,211.34008390892765,81154620758.47133,38928922482226.75,479.68830509460736,False,0.3628504174344876,0.9169922437128964,
Control4C,7067,3,-0.008702150470505229,0.05028276152787514,0.10518747587748069,0.3333333333333333,1.974336368087734,221.37970648099443,77953782387.86792,37457243871542.86,480.5057910489843,True,0.4471590344083082,0.1041305117722264,
Control4C,7069,3,-0.020256780361548692,0.11445060663103179,0.3761702933671276,0.3333333333333333,1.6874716948588524,161.23844350332385,80675864220.84947,10806560839376.406,133.9503573186838,True,0.7004971208258954,0.8183481208696873,
Control4C,7090,2,-0.2516968661682001,-0.2516968661682001,0.19404097182380994,1.0,3.5577136606187096,89.55391938516937,82090344012.2676,1977583988662.5403,24.09033623207877,True,1.361979269699202,1.2336440584253092,
Control4C,7114,2,-0.6631359230212059,-0.6631359230212059,0.09470290245965676,1.0,1.639802144911742,153.24366143253255,88555857784.39532,5818103369406.071,65.69981382339786,False,0.2889592827417611,0.298032657769341,
Control4C,7121,2,-0.37953607294177494,-0.37953607294177494,0.6038283473951362,0.5,2.351870525779067,147.6059937668305,75734960076.52519,5059099995613.427,66.80006156339871,True,0.2763736712015156,0.6440846263809683,
Control4C,7123,3,-0.1345894560641853,-0.30795334740644886,0.39727846060381533,0.6666666666666666,1.6340685477869128,182.13651911430497,74728447229.2304,18123261791142.387,242.52158934266447,True,0.7744093250511443,0.7751578575950394,
Control4C,7128,3,0.12126176825876785,-0.11146933999395348,0.8877529836968534,0.6666666666666666,1.0033603786159302,228.8230548451969,84917236933.37315,26422469582266.137,311.1555502329574,False,0.6280959807481509,0.5937280141032815,
Control4C,7144,2,-0.13947719441634598,-0.13947719441634598,0.6813274480239339,0.5,0.8937295132021591,101.73847393198504,98648975697.13995,1671760843004.1643,16.94656058200341,False,0.3082825010625942,0.1333252527110732,
Control4C,7146,2,-0.10938448132497591,-0.10938448132497591,0.5998732605586303,0.5,1.2415667066932152,154.41331812253102,61721604725.19746,4428691199600.367,71.75269047715446,True,0.4931305449172767,0.2809817018652531,
Control4C,7158,1,-0.048220088960316154,-0.048220088960316154,,0.0,0.537063867440563,214.02874323129885,111917431129.60016,9673322916232.514,86.43267468345324,False,0.1656926019938784,1.297786761752622,
Control4C,7162,1,0.08247655312570545,0.08247655312570545,,0.0,2.400620918854177,128.77131742992148,81173764602.61395,7708513140126.668,94.96311003762956,False,0.1652909358211402,0.5313990509389992,
Control4C,7183,2,-0.04785146935397089,-0.04785146935397089,0.20750820751150312,0.5,3.832196782781089,80.23552317760347,68980519249.26733,3167826501503.67,45.92349457469931,True,0.4120708449645963,0.3956971648276236,
Control4C,7184,2,-0.1241406364972859,-0.1241406364972859,0.4914301235771311,0.5,1.5356526593342534,99.00920335772147,68757399433.46957,2459399110184.868,35.76922819142702,True,0.549012221489866,0.9293411225170654,
Control4C,7185,3,0.08845937394857106,-0.233707632914947,0.6669580819506685,0.6666666666666666,0.9745964452709626,117.97540832986284,78295008482.96594,1524119770578.8977,19.466372123971208,True,0.4392589359177353,1.0432398996647745,
Control4C,7186,2,-0.1899857712655707,-0.1899857712655707,0.5291804232356645,0.5,2.795109052521814,101.5470408022458,68903662497.30566,4052735659194.199,58.8174200370361,True,0.0650288902317441,0.9642112372226092,
Control4C,7197,1,0.4997373509083438,0.4997373509083438,,0.0,1.2208260150612822,152.74935636335562,69316496893.94673,6207246450156.077,89.54933858895203,True,0.160686242238574,0.9765174762776748,
Control4C,7213,3,-0.4218203257624175,-0.4687496033337424,0.08488447682953941,1.0,9.376795955175142,60.23008259107635,74563228544.93219,1963101580973.2375,26.32801206817731,True,0.6144756349490593,0.8270464624252348,
Control4C,7219,2,-0.5378727160269495,-0.5378727160269495,0.2620366834259729,1.0,1.0665647094442043,137.10013871889382,75598923939.34901,4801323310098.919,63.51047157696176,True,0.6564454899495251,0.5246119616503938,
Control4C,7220,3,0.10599924965845638,0.40855538819074555,0.6756102457414143,0.3333333333333333,1.2791973312401714,142.32285627401632,57136281448.56008,4014589339337.958,70.26339897447302,True,0.4596983862564489,1.015007136955587,
Control4C,7233,3,-0.20399869320683392,-0.1894470534581849,0.1543475063016592,0.6666666666666666,6.423224538618535,74.20583709320111,64907361768.95441,6047779288174.926,93.1755524081032,True,0.5734834756844106,0.8230510884630929,
Control4C,7240,1,0.3031415348458837,0.3031415348458837,,0.0,3.38133187360577,79.2308910140054,69112099127.68521,3635204602413.513,52.59867155383952,True,0.7221433594105672,0.2971476483375262,
Control4C,7241,2,0.09434501151790442,0.09434501151790442,0.670744060992007,0.5,6.051101015095262,54.31615870166717,93205494387.8298,2092627753742.494,22.451763895323932,False,0.2508830786029306,0.7596661875696981,
Control4C,7256,2,-0.5224195169722865,-0.5224195169722865,0.4315104976502492,1.0,2.4027445473824462,100.75600400459837,91101240452.98836,5433532040507.465,59.64278876434585,False,0.1944305425765385,0.6688528545666139,
Control4C,7264,3,-0.6156025013696278,-0.5625089426930083,0.09248090331424273,1.0,2.4297137213221083,117.70421622399584,49784046209.862045,3466696680912.727,69.63469112773696,True,0.5641752804715711,0.1155733858715137,
Control4C,7269,3,-0.10493647125145207,-0.21112791177593127,0.413049627076162,0.6666666666666666,2.3983735886659923,167.75357356933557,89624076953.53116,16751982318777.602,186.91386163411505,False,0.1685106339260431,0.1037036618216796,
Control4C,7271,2,-0.04917582278096155,-0.04917582278096155,0.17869916281813342,0.5,1.6127032564452843,51.56390399104591,60851208289.36579,240866471672.98224,3.958285766941385,True,0.2549088358615926,0.7685508353519812,
Control4C,7274,1,-0.17168870870191966,-0.17168870870191966,,1.0,1.847187529361685,103.49426155190925,71852944981.16911,3230857075814.86,44.96485254239179,True,0.3326909090030727,0.3614044852035031,
Control4C,7297,2,-0.2855511666739742,-0.2855511666739742,0.5063389991954259,0.5,4.072739634287103,34.589222646134324,67303605922.06178,246667961426.29443,3.665003650947592,False,0.5209979699064269,1.0943297126302916,
Control4C,7300,3,0.0717411640533947,0.11213158160410908,0.46905390731458246,0.3333333333333333,2.139085115709391,153.88691643437886,61651981526.48763,16905199981810.549,274.2036762362219,True,0.4153757444182761,0.1940769734175319,
Control4C,7336,1,-0.41970478164214287,-0.41970478164214287,,1.0,2.362447715305304,129.04995198913738,78787961350.4186,5550962481586.642,70.4544499748901,False,0.7330174631632207,0.965838232624763,
Control4C,7340,2,-0.3095505735986317,-0.3095505735986317,0.21720488902825996,1.0,2.8978425900084046,120.59520660186168,53910109224.812325,9662319896802.217,179.2302044224963,True,0.0330629612244216,0.1182795952897488,
Control4C,7359,2,-0.4254412266170121,-0.4254412266170121,0.13048659982551994,1.0,1.7719231493137657,168.49979062288688,63412827580.44161,14110327485919.668,222.51534940655617,True,0.6183646135694455,0.0254587411191129,
Control4C,7367,2,-0.3902395383454407,-0.3902395383454407,0.24383488403814293,1.0,1.6787301217530255,121.1756337554603,58893529331.00209,3952817479332.448,67.11802678892346,True,0.4526195691452873,0.1758746980006338,
Control4C,7372,2,-0.5453727742523855,-0.5453727742523855,0.11713708893559602,1.0,7.392758182544404,70.51949292924647,89454336183.66457,5009232376487.4375,55.99764740529351,False,0.2581231573198949,0.8526761509338349,
Control4C,7386,2,0.26264945238726334,0.26264945238726334,0.0002474165022503393,0.0,1.5465757817322892,123.65488934323984,62193282614.07512,3331573382333.43,53.56805819378721,True,0.6846555117487212,0.1325831268110303,
Control4C,7407,2,-0.17449336112587632,-0.17449336112587632,0.35038666984970446,0.5,3.878100970741249,82.32218342820453,71047891419.22449,2538079412223.055,35.7235008882514,True,0.2206775824084526,0.1208906407279152,
Control4C,7422,1,0.10330068247992097,0.10330068247992097,,0.0,2.6197017215310185,108.25803603362392,60147499325.66587,6883492190874.231,114.44353078760398,True,0.2378778746579712,0.4811674724898373,
Control4C,7425,2,0.2613999522752999,0.2613999522752999,0.27644355761504796,0.0,2.159803908032336,109.87553113424076,60278300810.214745,6503364353388.767,107.88897938355136,True,0.2170925803240544,0.4333810401214222,
Control4C,7436,2,-0.26911928566005006,-0.26911928566005006,0.5177320847370097,0.5,1.760781483651352,140.60782701908226,53505374914.60908,4228102854114.373,79.02202088784793,True,0.5014734652401215,1.084003860627123,
Control4C,7455,1,0.2177764700123137,0.2177764700123137,,0.0,3.2325528336006233,80.75988220878071,72775349723.56119,2410624745828.7993,33.12419321907228,False,1.2384176259137152,1.3797789501226625,
Control4C,9394,1,-0.15130423409343496,-0.15130423409343496,,1.0,1.1899409186990266,203.2985964077814,100196866208.50644,15046732828895.623,150.17169097468437,True,0.4574032610770664,0.5897980676402136,
Control4C,9578,2,0.05059105425358057,0.05059105425358057,0.6869886776131937,0.5,3.5691371798739193,170.95441713774792,136733922082.56796,9569971107607.695,69.98973599125452,False,0.3264317972267777,0.4316788136487393,
Control4C,9765,2,-0.6647412674336521,-0.6647412674336521,0.3588095301633542,1.0,1.86814256623028,252.82894794946864,128387939170.8909,40222484347367.49,313.28865162193557,False,0.4907863575389826,0.0054680022774062,
Control4C,9774,2,-0.1094402448268057,-0.1094402448268057,0.0035232039143367772,1.0,2.043611842229703,133.23352548834873,107390998477.42178,8138364818851.422,75.78256030986114,True,0.2503295436032485,1.1747721879435635,
Control4C,9790,1,-0.6345949962915709,-0.6345949962915709,,1.0,8.562403810120129,57.69399130430455,111515509509.43285,2954417995600.671,26.49333719226529,False,0.7073748308551031,0.1245360836645453,
Control4C,9833,2,-0.6099669959813858,-0.6099669959813858,0.11424314716015231,1.0,6.6475918647972945,77.08684503286266,118418151669.31334,5858487204653.316,49.47288166609236,True,0.842883109951316,0.4620108942567989,
Control4C,9995,3,-0.6626074800305204,-0.6862154755987122,0.053404229841277094,1.0,4.31282521827707,71.53651128079645,95307551747.82162,2730911276544.8105,28.653671471602237,True,0.1821544231413049,0.6565575941365154,
Control4C,10027,2,-0.6869233758387598,-0.6869233758387598,0.12420041332713352,1.0,7.498400293822903,67.40226452259883,100111327269.99786,1939060231044.5044,19.369039287781145,True,0.6246801452025886,1.3766800893172044,
Control4C,10074,1,-0.5297384193899819,-0.5297384193899819,,1.0,3.952970782417568,108.4835457525642,136724432577.63544,4968258706700.559,36.33775334104577,False,0.3353127888368926,0.9832032426022774,
Control4C,10120,1,-0.22490188571883296,-0.22490188571883296,,1.0,7.1494770502463645,75.04348413112496,102781401157.24467,3179846105887.287,30.9379524902804,False,0.9512742366131548,1.1441197153962348,
Control4C,10121,2,-0.07822541576013031,-0.07822541576013031,0.5039668617793456,0.5,5.799919063765778,81.27595085262658,97111995080.54784,6274424519616.76,64.61019068151724,False,0.3627156177378563,0.8920256811443581,
Control4C,10163,2,0.08703326613133644,0.08703326613133644,0.03772771208837004,0.0,2.097527248417079,143.6229158860349,93456466573.7016,10426096668691.035,111.56099787347311,True,0.2126522757694161,0.6637475602530842,
Control4C,10218,2,0.266514803299027,0.266514803299027,0.03196989723318375,0.0,1.0522937521889832,324.08307191930703,98563015029.81664,32624064311152.32,330.9970205485607,False,0.3161108632346741,0.831414091751492,
Control4C,10247,2,-0.3263614606683799,-0.3263614606683799,0.14457592700913557,1.0,2.458746599791991,169.34307349855612,101458342798.1108,18777765904939.64,185.0785789228295,False,0.4970040359631996,0.3881950513900351,
Control4C,10324,1,-0.7297835809622704,-0.7297835809622704,,1.0,13.06355338304706,56.33940534668108,122819316647.53642,5614808701934.796,45.71600669337726,False,0.4513949605348664,0.3378371767596405,
Control4C,10423,2,-0.0009021590069522301,-0.0009021590069522301,0.4982689109298779,0.5,4.170252253909548,72.17155236081163,87761640465.1599,2147637189220.7825,24.47125165206276,True,0.7325161731520669,0.7859343066564926,
Control4C,10427,3,-0.6298954143106046,-0.527633086177929,0.18610125866338306,1.0,9.646486602256465,29.38721170757026,85336243970.86234,460355492108.95734,5.3946069183235155,True,0.2967121219636244,0.9984453077547878,
Control4C,10458,1,-0.5254452518427528,-0.5254452518427528,,1.0,4.137000511354207,100.03644600909855,87238748600.25453,3951802335447.548,45.29870497748082,True,0.4751058509091193,0.7198969762701408,
Control4C,10485,2,-0.1977764332672387,-0.1977764332672387,0.38077810161183273,0.5,10.035139572081276,58.79709291418993,81494258541.69293,3870393313406.222,47.49283425195048,True,0.8407105430498184,0.4037421593393269,
Control4C,10497,2,0.13081864592224468,0.13081864592224468,0.4703478233749428,0.5,9.465029193036,56.18458312892417,105015053134.67938,3045319865943.289,28.998888969162703,False,0.2338567572698141,0.986971156940235,
Control4C,10506,1,-0.6005583856068784,-0.6005583856068784,,1.0,8.251945780608603,68.94454212827571,109140568327.40172,4623122519487.135,42.359340713882055,False,0.4344615624809549,0.5461615289303763,
Control4C,10574,2,-0.021699313098246353,-0.021699313098246353,0.48334918460236104,0.5,8.750844539252114,50.196433086642905,99793122684.32845,1520468336407.0232,15.236203613115295,False,0.5967323401709806,0.0150956888390046,
Control4C,10581,3,-0.3677211437593013,-0.31407361445945137,0.10923093482725157,1.0,3.972614387009253,109.84496424020966,70792127608.79214,9525704221592.855,134.5588067960511,True,0.2707083248725244,0.6495160591702223,
Control4C,10610,1,-0.08944587375350421,-0.08944587375350421,,0.0,3.5186849049343647,132.27700475100383,109131555933.8759,6732228589266.014,61.689110282136454,False,0.4913663789470504,0.3074797596879614,
Control4C,10657,2,0.39329020547624194,0.39329020547624194,0.3373866369425067,0.0,11.23688219956126,47.322184026330525,80958618442.80359,2486902377058.2783,30.718191897200526,False,0.139790230135061,1.0742496985743453,
Control4C,10673,1,-0.45276250678796437,-0.45276250678796437,,1.0,2.5925468787961634,177.03299323862535,91218337261.50523,28374705418838.98,311.0636114479286,False,0.554141243316001,0.1422633909304892,
Control4C,10693,1,0.36240607720417284,0.36240607720417284,,0.0,3.6174848076655,71.68965271473282,81748167161.25626,2204734400895.165,26.969832810393292,False,0.381495547453333,1.2401761237645512,
Control4C,10757,1,-0.08484216760332997,-0.08484216760332997,,0.0,1.6355806386190552,116.17110973768028,97760026938.65686,5405489386775.66,55.29345230405403,False,0.3309880777189309,0.982097715814108,
Control4C,10806,2,-0.6248111375931725,-0.6248111375931725,0.37029010888530167,1.0,3.2230914877533543,98.46851953911724,71075156382.963,5187510506821.2,72.98626933538014,True,0.475904624799954,0.2427145439347381,
Control4C,10843,1,-0.49561814931553494,-0.49561814931553494,,1.0,1.6705346456238033,123.02683962934096,89526210658.38832,4967272410682.251,55.48400154716962,False,0.6045060975227554,0.7043172084615931,
Control4C,10883,2,-0.3097691800607003,-0.3097691800607003,0.14727657748425033,1.0,4.115828361370886,85.16952131664391,86608357637.9678,2395346935414.3994,27.657226170102497,False,1.1527662981077935,0.9706166884984484,
Control4C,10908,2,0.32155051407596935,0.32155051407596935,0.03938355102591154,0.0,3.5354228893628137,62.59342332549129,64021300148.78572,1088481292523.1992,17.001861724044417,True,1.326465718222045,0.4034756508143283,
Control4C,10913,2,-0.4849872896410321,-0.4849872896410321,0.2413845564757033,1.0,5.241372415225393,85.83864398029142,80776349669.96986,3330789611714.1104,41.234713196657296,False,0.4634178197890655,1.350963570052452,
Control4C,10914,1,-0.6420358429435549,-0.6420358429435549,,1.0,4.009868317484109,79.15260623753154,101150064723.3966,1191297440815.241,11.777525245020303,False,0.5898205067107809,1.4313750120804507,
Control4C,10929,1,-0.12908423078557751,-0.12908423078557751,,1.0,4.344306015241118,106.51913169001487,96066626949.72734,3110460762489.283,32.37816150365121,False,0.462127498579486,0.7928644761462611,
Control4C,10955,2,-0.34830422414395,-0.34830422414395,0.18668485519821423,1.0,1.335437493391605,163.4300847032539,68428776627.406746,5167808560287.889,75.52098422607345,True,0.2901492728512874,0.5155302400528727,
Control4C,10990,1,-0.5153283540810583,-0.5153283540810583,,1.0,1.9015255394989825,113.32610024690268,76128673083.89705,6071382890865.68,79.75159220461858,False,0.5877990245667344,0.4770061516294963,
Control4C,11021,2,-0.09789557287090478,-0.09789557287090478,0.42374007481855536,0.5,7.083340882202342,57.462697556148775,73948147872.22676,2534258028712.0283,34.270743779694286,False,0.3545061291059574,0.7577187913057584,
Control4C,11071,1,0.48630051958636766,0.48630051958636766,,0.0,2.953476980727876,96.04744949154144,62910472800.77414,3474692460607.8804,55.23233741401992,True,0.4374055512681993,0.7900743002646096,
Control4C,11076,3,-0.06962421965683212,-0.34066089677684275,0.6779732624337413,0.6666666666666666,2.34280293634572,106.26045340216416,60851985339.70551,5396700120285.207,88.68568691979712,True,0.5409583684316681,0.6208122623762955,
Control4C,11078,2,-0.4376986766430777,-0.4376986766430777,0.06829678425395187,1.0,37.945737750852935,13.703637323704228,81406311536.36987,105882235950.7173,1.3006637194637216,False,0.3167679022173391,0.8193293740197325,
Control4C,11108,3,-0.015432305316755546,0.055056688545276344,0.13225096240487194,0.3333333333333333,3.925124960963406,56.080007719018646,81805475578.51825,1252091301723.31,15.305715086535155,False,0.2723525476078877,0.0553928786292582,
Control4C,11129,2,-0.3182427937641842,-0.3182427937641842,0.4923742028520516,0.5,4.789274798413894,60.96612486980248,65338676356.29817,1816736061043.2927,27.804910695411916,True,0.4390471560464025,0.5222832956371389,
Control4C,11153,3,0.012948891542489793,-0.14577671029617134,0.6587265510514725,0.6666666666666666,4.324155935046058,96.07832369023582,67645524442.291626,6622844694546.478,97.90514227140665,True,0.2334295035978847,0.2955065172042772,
Control4C,11198,2,-0.19464824497204614,-0.19464824497204614,0.13629675506003006,0.5,3.2268600120146207,151.59734445309238,65697860587.20433,10853847213338.36,165.20853367715776,True,0.5860597165719076,0.8619676186081526,
Control4C,11252,2,-0.10860508888656839,-0.10860508888656839,0.42160845534155494,0.5,1.896793066750304,108.84651546602868,62612334578.269455,3357449508240.9844,53.622812994521965,True,0.2944859853548819,1.05743966863251,
Control4C,11265,2,0.1830957826249655,0.1830957826249655,0.10277344501056146,0.0,2.9614512662248513,136.97217957483866,76559247807.21422,8945841586613.78,116.84860866371793,True,0.4298279887030611,0.1845203403197347,
Control4C,11278,3,-0.42795255529282294,-0.6162957652437084,0.35428616574606503,0.6666666666666666,1.7317358870244264,180.11019250190083,58820701114.244446,6667456042937.366,113.352202823756,True,0.4571150191560811,0.8163320419279494,
Control4C,11305,3,-0.2944309141624521,-0.3241376613472524,0.44704497576455615,0.6666666666666666,1.0828607798221417,166.37466684977335,54332385675.56807,6279188759126.633,115.56990699103848,True,0.274030020512258,0.8197419754577638,
Control4C,11562,2,-0.5513707393437484,-0.5513707393437484,0.20279540299841545,1.0,2.6396770975581147,93.09191829270368,58128922031.66213,4547485933064.069,78.23103842502202,True,0.4464221574564077,0.4882043056690546,
RG4,9394,1,-0.15130423409343496,-0.15130423409343496,,1.0,1.1899409186990269,203.2985964077814,100196866208.50644,15046732827631.598,150.17169096206894,True,0.4574032610770664,0.5897980676402136,
RG4,9578,2,0.05059105425358057,0.05059105425358057,0.6869886776131937,0.5,3.5691371798739193,170.95441713774792,136733922082.56796,9569971106803.754,69.98973598537489,False,0.3264317972267776,0.4316788136487393,
RG4,9765,2,-0.6647412674336521,-0.6647412674336521,0.3588095301633542,1.0,1.86814256623028,252.82894794946864,128387939170.8909,40222484343988.52,313.2886515956171,False,0.4907863575389826,0.0054680022774062,
RG4,9774,2,-0.1094402448268057,-0.1094402448268057,0.0035232039143367772,1.0,2.043611842229703,133.23352548834873,107390998477.42178,8138364818167.742,75.78256030349488,True,0.2503295434952626,1.1747721879435635,
RG4,9790,1,-0.6345949962915709,-0.6345949962915709,,1.0,8.562403810120133,57.69399130430455,111515509509.43285,2954417995352.479,26.493337190039664,False,0.7073748308551031,0.1245360836645453,
RG4,9833,2,-0.6099669959813858,-0.6099669959813858,0.11424314716015231,1.0,6.647591864797296,77.08684503286266,118418151669.31334,5858487204180.08,49.47288166209604,True,0.842883109951316,0.4620108942567989,
RG4,9995,3,-0.6626074800305204,-0.6862154755987122,0.053404229841277094,1.0,4.31282521827707,71.53651128079645,95307551747.82162,2730911276315.395,28.65367146919513,True,0.1821544231413049,0.6565575941365154,
RG4,10027,2,-0.6869233758387598,-0.6869233758387598,0.12420041332713352,1.0,7.498400293822903,67.40226452259883,100111327269.99786,1939060231557.3616,19.369039292904013,True,0.6246801452243539,1.3766800893172044,
RG4,10074,1,-0.5297384193899819,-0.5297384193899819,,1.0,3.952970782417568,108.4835457525642,136724432577.63544,4968258706283.191,36.33775333799315,False,0.3353127888368926,0.9832032426022774,
RG4,10120,1,-0.22490188571883296,-0.22490188571883296,,1.0,7.1494770502463645,75.04348413112496,102781401157.24467,3179846105620.1577,30.937952487681393,False,0.9512742366131548,1.1441197153962348,
RG4,10121,2,-0.07822541576013031,-0.07822541576013031,0.5039668617793456,0.5,5.799919063765778,81.27595085262658,97111995080.54784,6274424519089.667,64.61019067608956,False,0.3627156177378563,0.8920256811443581,
RG4,10163,2,0.08703326613133644,0.08703326613133644,0.03772771208837004,0.0,2.097527248417079,143.6229158860349,93456466573.7016,10426096667815.17,111.5609978641012,True,0.2126522757694161,0.6637475602530842,
RG4,10218,2,0.266514803299027,0.266514803299027,0.03196989723318375,0.0,1.0522937521889837,324.08307191930703,98563015029.81664,32624064308397.953,330.9970205206155,False,0.3161108632346741,0.831414091751492,
RG4,10247,2,-0.3263614606683799,-0.3263614606683799,0.14457592700913557,1.0,2.458746599791991,169.34307349855612,101458342798.1108,18777765903362.184,185.0785789072817,False,0.4970040359631996,0.3881950513900351,
RG4,10324,1,-0.7297835809622704,-0.7297835809622704,,1.0,13.06355338304706,56.33940534668108,122819316647.53642,5614808701463.115,45.71600668953681,False,0.4513949605254173,0.3378371767596405,
RG4,10423,2,-0.0009021590069522301,-0.0009021590069522301,0.4982689109298779,0.5,4.170252253909548,72.17155236081163,87761640465.1599,2147637189056.421,24.471251650189945,True,0.7325161731520669,0.7859343066564926,
RG4,10427,3,-0.6298954143106046,-0.527633086177929,0.18610125866338306,1.0,9.64648660225646,29.38721170757026,85336243970.86234,460355492046.0187,5.394606917585978,True,0.2967121219636244,0.9984453077547878,
RG4,10458,1,-0.5254452518427528,-0.5254452518427528,,1.0,4.137000511354207,100.03644600909855,87238748600.25453,3951802335115.571,45.298704973675434,True,0.4751058509526802,0.7198969762701408,
RG4,10485,2,-0.1977764332672387,-0.1977764332672387,0.38077810161183273,0.5,10.035139572081276,58.79709291418993,81494258541.69293,3870393313081.084,47.49283424796077,True,0.8407105430498184,0.4037421593393269,
RG4,10497,2,0.13081864592224468,0.13081864592224468,0.4703478233749428,0.5,9.465029193036,56.18458312892417,105015053134.67938,3045319865687.4624,28.998888966726607,False,0.2338567572698141,0.986971156940235,
RG4,10506,1,-0.6005583856068784,-0.6005583856068784,,1.0,8.251945780608603,68.94454212827571,109140568327.40172,4623122519089.095,42.35934071023502,False,0.4344615624561098,0.5461615289303763,
RG4,10574,2,-0.021699313098246353,-0.021699313098246353,0.48334918460236104,0.5,8.750844539252114,50.196433086642905,99793122684.32845,1520468336279.2937,15.236203611835352,False,0.5967323401709806,0.0150956888390046,
RG4,10581,3,-0.3677211437593013,-0.31407361445945137,0.10923093482725157,1.0,3.972614387009253,109.84496424020966,70792127608.79214,9525704221096.863,134.55880678904475,True,0.2707083248725244,0.6495160591702223,
RG4,10610,1,-0.08944587375350421,-0.08944587375350421,,0.0,3.5186849049343643,132.27700475100383,109131555933.8759,6732228588700.46,61.689110276954146,False,0.4913663789470504,0.3074797596879614,
RG4,10657,2,0.39329020547624194,0.39329020547624194,0.3373866369425067,0.0,11.23688219956126,47.322184026330525,80958618442.80359,2486902376849.362,30.71819189461999,False,0.1397902301350609,1.0742496985743453,
RG4,10673,1,-0.45276250678796437,-0.45276250678796437,,1.0,2.5925468787961634,177.03299323862535,91218337261.50523,28374705416557.047,311.06361142291246,False,0.5541412433160011,0.1422633909304892,
RG4,10693,1,0.36240607720417284,0.36240607720417284,,0.0,3.6174848076655,71.68965271473282,81748167161.25626,2204734400709.952,26.96983280812765,False,0.381495547453333,1.2401761237645512,
RG4,10757,1,-0.08484216760332997,-0.08484216760332997,,0.0,1.6355806386190552,116.17110973768028,97760026938.65686,5405489386263.922,55.29345229881939,False,0.3309880777189309,0.982097715814108,
RG4,10806,2,-0.6248111375931725,-0.6248111375931725,0.37029010888530167,1.0,3.2230914877533543,98.46851953911724,71075156382.963,5187510506385.414,72.9862693292488,True,0.4759046247999539,0.2427145439347381,
RG4,10843,1,-0.49561814931553494,-0.49561814931553494,,1.0,1.6705346456238033,123.02683962934096,89526210658.38832,4967272410399.583,55.48400154401224,False,0.6045060975227554,0.7043172084615931,
RG4,10883,2,-0.3097691800607003,-0.3097691800607003,0.14727657748425033,1.0,4.115828361370885,85.16952131664391,86608357637.9678,2395346933494.585,27.657226147935877,False,1.1527662981077935,0.9706166884984484,
RG4,10908,2,0.32155051407596935,0.32155051407596935,0.03938355102591154,0.0,3.5354228893628137,62.59342332549129,64021300148.78572,1088481292431.7594,17.001861722616148,True,1.326465718222045,0.4034756508143283,
RG4,10913,2,-0.4849872896410321,-0.4849872896410321,0.2413845564757033,1.0,5.241372415225393,85.83864398029142,80776349669.96986,3330789611392.61,41.23471319267716,False,0.4634178197890655,1.350963570052452,
RG4,10914,1,-0.6420358429435549,-0.6420358429435549,,1.0,4.009868317484108,79.15260623753154,101150064723.3966,1191297440715.1636,11.777525244030908,False,0.5898205066297424,1.4313750120804507,
RG4,10929,1,-0.12908423078557751,-0.12908423078557751,,1.0,4.344306015241118,106.51913169001487,96066626949.72734,3110460762227.983,32.37816150093121,False,0.462127498579486,0.7928644761462611,
RG4,10955,2,-0.34830422414395,-0.34830422414395,0.18668485519821423,1.0,1.3354374933916051,163.4300847032539,68428776627.406746,5167808553774.948,75.52098413089507,True,0.2901492728512874,0.5155302400528727,
RG4,10990,1,-0.5153283540810583,-0.5153283540810583,,1.0,1.901525539498982,113.32610024690268,76128673083.89705,6071382890355.641,79.75159219791888,False,0.5877990245667344,0.4770061516294963,
RG4,11021,2,-0.09789557287090478,-0.09789557287090478,0.42374007481855536,0.5,7.083340882202342,57.462697556148775,73948147872.22676,2534258028499.135,34.27074377681532,False,0.3545061290551299,0.7577187913057584,
RG4,11071,1,0.48630051958636766,0.48630051958636766,,0.0,2.953476980727876,96.04744949154144,62910472800.77414,3474692460271.0,55.23233740866501,True,0.4374055512681994,0.7900743002646096,
RG4,11076,3,-0.06962421965683212,-0.34066089677684275,0.6779732624337413,0.6666666666666666,2.34280293634572,106.26045340216416,60851985339.70551,5396700119831.85,88.68568691234695,True,0.5409583684316681,0.6208122623762955,
RG4,11078,2,-0.4376986766430777,-0.4376986766430777,0.06829678425395187,1.0,37.94573775085294,13.703637323704228,81406311536.36987,105882235941.82253,1.3006637193544577,False,0.3167679022173391,0.8193293740197325,
RG4,11108,3,-0.015432305316755546,0.055056688545276344,0.13225096240487194,0.3333333333333333,3.925124960963407,56.080007719018646,81805475578.51825,1252091301618.126,15.305715085249371,False,0.2723525476078877,0.0553928786292582,
RG4,11129,2,-0.3182427937641842,-0.3182427937641842,0.4923742028520516,0.5,4.789274798413894,60.96612486980248,65338676356.29817,1816736060877.5583,27.804910692875374,True,0.4390471559750113,0.5222832956371389,
RG4,11153,3,0.012948891542489793,-0.14577671029617134,0.6587265510514725,0.6666666666666666,4.324155935046058,96.07832369023582,67645524442.291626,6622844693990.114,97.90514226318196,True,0.2334295035978847,0.2955065172042772,
RG4,11198,2,-0.19464824497204614,-0.19464824497204614,0.13629675506003006,0.5,3.2268600120146207,151.59734445309238,65697860587.20433,10853847212391.451,165.20853366274466,True,0.5860597165719076,0.8619676186081526,
RG4,11252,2,-0.10860508888656839,-0.10860508888656839,0.42160845534155494,0.5,1.896793066750304,108.84651546602868,62612334578.269455,3357449508615.4873,53.622813000503264,True,0.2944859853548819,1.05743966863251,
RG4,11265,2,0.1830957826249655,0.1830957826249655,0.10277344501056146,0.0,2.9614512662248513,136.97217957483866,76559247807.21422,8945841585862.271,116.8486086539019,True,0.4298279887030612,0.1845203403197347,
RG4,11278,3,-0.42795255529282294,-0.6162957652437084,0.35428616574606503,0.6666666666666666,1.7317358870244264,180.11019250190083,58820701114.244446,6667456042378.916,113.35220281426189,True,0.4571150191560811,0.8163320419279494,
RG4,11305,3,-0.2944309141624521,-0.3241376613472524,0.44704497576455615,0.6666666666666666,1.0828607798221417,166.37466684977335,54332385675.56807,6279188767865.542,115.5699071518801,True,0.274030020512258,0.8197419754577638,
RG4,11562,2,-0.5513707393437484,-0.5513707393437484,0.20279540299841545,1.0,2.639677097558114,93.09191829270368,58128922031.66213,4547485932741.267,78.2310384194688,True,0.4464221575264742,0.4882043056690546,
