petroMag_r,fiberMag_r,modelMag_r,cModelMag_r,extinction_r,objid
13.1359,15.51698,13.02059,13.02059,0.03883784,1237648721771888672
15.64427,17.43349,15.60388,15.6039,0.04475591,1237648721771823374
14.91259,17.56963,15.02652,14.89063,0.04111664,1237648721771823351
14.79499,17.28911,14.64569,14.67338,0.02876502,1237651273515794622
15.69615,17.49251,15.75854,15.60921,0.02696331,1237651273515794447
13.50293,16.30257,13.38281,13.38281,0.02714095,1237651273515794444
14.75589,16.39786,14.60027,14.61498,0.02702935,1237651273515794443
14.04138,16.69609,14.08955,14.02647,0.08047153,1237651272962277503
15.67777,18.1922,15.67396,15.5402,0.07591217,1237651272962277451
14.80474,16.57409,14.65229,14.70399,0.07554856,1237651272962212132
14.52713,16.40136,14.37912,14.40129,0.07229122,1237651272962211932
13.21745,15.45667,13.08368,13.08367,0.0736211,1237651272962211930
15.97366,18.51003,15.94533,15.88464,0.07625955,1237651272961556647
14.12456,16.15212,14.07717,14.07717,0.09079204,1237651272961490958
15.05984,17.36988,15.13396,15.01831,0.08746857,1237651272961490952
16.85076,18.98899,16.86783,16.86783,0.08990125,1237651272961425646
14.80009,16.62209,14.75249,14.75251,0.0517154,1237651251486785701
15.85794,17.01411,15.75869,15.7587,0.04616182,1237651251486589158
14.53052,16.18667,14.3705,14.39474,0.01962766,1237651249881939975
13.10216,15.77701,12.99563,12.99564,0.04593603,1237651191895752745
16.05216,17.39855,15.90577,15.95698,0.06686278,1237648722857033814
16.10141,17.62285,15.91212,16.01714,0.05391342,1237648722307842148
14.46183,17.21035,14.48921,14.46079,0.113694,1237648722284314869
15.56728,17.04496,15.44305,15.46288,0.1151018,1237648722284314732
16.34076,17.70805,16.15948,16.21237,0.0954871,1237648721759961421
15.01707,17.20148,14.90921,14.98186,0.09535546,1237648721759961363
15.7358,16.6614,15.64857,15.64857,0.09530995,1237648721759961197
13.66741,16.05691,13.53993,13.53991,0.09465948,1237648721759961111
15.13174,16.88406,15.17583,15.06191,0.14635,1237648721757929562
16.60486,18.02842,16.71339,16.54343,0.1413326,1237648721757929485
15.48711,16.99645,15.3897,15.39555,0.06281018,1237648721754652794
13.71538,16.44968,13.60812,13.61044,0.06910957,1237648721754587439
16.60279,18.06874,16.4435,16.54943,0.1046723,1237648721225646275
15.34086,16.87753,15.33087,15.33087,0.1089508,1237648721225646181
12.7862,15.35126,12.64379,12.64379,0.1260622,1237648721221910580
13.87707,16.58814,13.73526,13.73525,0.09961937,1237648705667137705
14.84924,16.61054,14.77387,14.79784,0.1003801,1237648705667137570
16.4203,17.68554,16.50809,16.37154,0.09844418,1237648705667072024
15.64945,19.05062,15.58962,15.58531,0.09551454,1237648705666351360
16.13895,18.68559,16.28332,16.06334,0.05418585,1237648705652654263
13.88107,16.51847,13.73313,13.73313,0.1686617,1237648704600735996
14.18273,16.89524,14.15658,14.1626,0.1660169,1237648704600670761
16.44381,17.41448,16.36198,16.36199,0.1671506,1237648704600670569
16.05965,18.87665,15.98061,15.98061,0.1438012,1237648704595558617
16.5785,19.73136,16.61043,16.5161,0.138159,1237648704595493353
15.53235,18.17429,15.62852,15.4019,0.1440071,1237648704595493284
14.52665,16.51265,14.45509,14.4551,0.1382748,1237648704595492963
15.52671,16.86167,15.53058,15.53055,0.1114525,1237648704594641215
17.63827,18.34192,17.47455,17.54613,0.1127688,1237648704594575487
14.67338,17.21471,14.48608,14.52886,0.1121591,1237648704594575485
15.42962,16.72015,15.31334,15.33183,0.1122459,1237648704594575483
16.21643,17.32649,16.08622,16.09686,0.1029812,1237648704594313560
15.21758,16.80109,15.109,15.10901,0.1016842,1237648704594313500
16.91107,18.66614,16.84094,16.84093,0.1046207,1237648704594313302
15.28512,17.15435,15.16452,15.16448,0.04142125,1237648704579960982
17.20768,18.2582,17.048,17.08599,0.1516437,1237651274036871362
14.65686,16.56184,14.52278,14.52278,0.1550187,1237651274036871335
15.06912,18.0105,15.08127,14.98004,0.157305,1237651274036871311
15.38997,17.10621,15.25693,15.25693,0.1570408,1237651274036871310
15.6587,16.74316,15.54842,15.54843,0.1544932,1237651274036871286
13.43974,16.0121,13.3678,13.3678,0.08509787,1237651274035363888
14.57815,16.32292,14.45329,14.46094,0.08119483,1237651274035363852
15.67266,18.11536,15.71683,15.56656,0.1076522,1237651274029465878
14.80631,16.94862,14.71681,14.73222,0.08508582,1237651273498558617
15.19805,17.46864,14.91087,15.06536,0.04799404,1237651272441790574
16.22533,18.39642,16.17393,16.06518,0.02380051,1237651272431829138
15.49383,17.7734,15.1455,15.29589,0.02336168,1237651272431829116
14.68662,16.30544,14.60258,14.60258,0.08012407,1237651272425734249
15.68219,17.88598,15.32688,15.57549,0.09167287,1237651272425734160
13.41633,15.78584,13.31305,13.31307,0.09173272,1237651272425734156
15.60867,16.93816,15.49036,15.50065,0.09404324,1237651272425668786
15.93639,17.41258,15.7563,15.80115,0.09520394,1237651272425668776
14.48094,18.0974,14.46862,14.44038,0.06497268,1237651272424882309
14.32856,16.14782,14.21277,14.21279,0.06772925,1237651272424751161
13.73664,17.15169,13.76831,13.70106,0.08502562,1237651272424685655
15.94243,17.08509,15.80011,15.82546,0.09644979,1237651272424226982
13.73568,16.67169,13.56422,13.65286,0.09649955,1237651272424226981
14.61467,16.8439,14.40314,14.51046,0.09332653,1237651272424226960
15.24168,16.67415,15.14569,15.14571,0.09478075,1237651272424226940
14.0362,17.12889,13.83661,13.96705,0.08683193,1237651272424161371
14.93119,16.71959,14.90795,14.90792,0.09659313,1237651272418132006
17.22735,18.94973,17.17997,17.17997,0.07624391,1237651271887618204
15.19379,16.55187,15.03668,15.03667,0.07133915,1237651271887618101
15.78675,18.4207,15.76014,15.71024,0.03034833,1237651252053475743
16.30708,19.22727,16.29698,16.29698,0.03135513,1237651252053475670
15.85476,17.00694,15.75029,15.77001,0.03032023,1237651252053475654
13.32898,15.38697,13.18506,13.18507,0.02729406,1237651252053475553
16.07573,18.61121,16.03406,16.03406,0.03715181,1237651252024312012
16.04319,18.62895,16.03808,15.98626,0.05280172,1237651252023722212
14.43864,16.40262,14.28382,14.28505,0.05171937,1237651252023525473
16.9118,17.72273,16.84534,16.84535,0.02941801,1237651250968199408
17.01582,18.31266,17.12813,16.9361,0.02864904,1237651250968199390
15.26301,16.793,15.14695,15.14981,0.02976632,1237651250968199290
14.25792,16.31977,14.19061,14.19063,0.02956736,1237651250968199288
17.17096,18.68876,16.93517,17.0494,0.02262872,1237651250958696543
17.23985,18.20161,17.19184,17.19184,0.1191779,1237651250945589513
14.99662,16.46063,14.90399,14.92176,0.1374182,1237651250945589506
16.02877,18.85521,15.95454,15.95453,0.1316743,1237651250945589502
14.5627,16.84173,14.4818,14.48181,0.1164966,1237651250945589326
16.18105,18.02966,15.91789,16.06285,0.1318802,1237651250945523962
16.86146,18.36274,16.95262,16.77514,0.04539669,1237651250439979264
15.93889,17.30341,15.85177,15.85177,0.04540391,1237651250439979263
15.14726,16.54427,14.99736,14.99736,0.04282897,1237651250439979238
15.60101,17.3316,15.43175,15.45697,0.04315149,1237651250439979082
14.08468,16.00281,14.06345,14.06347,0.03818247,1237651192433344532
16.39545,18.63348,16.39318,16.35781,0.03938488,1237651192433279182
15.40082,16.6861,15.42751,15.42751,0.03868539,1237651192433279109
16.59158,18.66976,16.20574,16.38653,0.06558371,1237651192431902951
16.07353,17.30792,15.98743,15.98742,0.06718332,1237651192431902942
15.31669,17.99276,15.01653,15.08558,0.07014447,1237651192431902934
13.60718,16.23475,13.47959,13.47957,0.06723538,1237651192431902873
17.11355,18.84389,17.14589,17.03495,0.1275143,1237651191354556696
16.02263,16.90556,15.93944,15.95365,0.09728407,1237651190815719626
14.95458,15.93244,14.84468,14.85262,0.09671278,1237651190815719612
14.11837,15.87949,14.01345,14.01345,0.09655505,1237651190815719555
14.04031,16.38188,13.99287,13.99287,0.03591777,1237651190285402240
16.95213,17.94651,17.0391,16.94317,0.04845116,1237651066815578363
16.20303,17.77456,15.95782,16.08589,0.04527488,1237651066815578330
17.11531,18.49547,17.19265,17.04428,0.1184744,1237650797288358106
14.93526,16.71839,14.86976,14.90473,0.1180877,1237650797288358041
14.49703,16.38577,14.43176,14.43177,0.1102928,1237650797288226901
14.21389,16.21854,14.12446,14.12447,0.09054894,1237650371552346155
14.75975,17.2662,14.55272,14.68565,0.08782724,1237650371552346120
17.222,18.97229,17.21437,17.20093,0.09285041,1237650371552280809
14.62088,16.41796,14.51591,14.51591,0.08666797,1237650371552280661
14.24938,16.61354,14.10337,14.17431,0.07511619,1237650371552215263
14.55584,16.64745,14.59294,14.55057,0.03577302,1237648722841043066
17.24829,19.07381,17.27196,17.19491,0.03567383,1237648722841043030
15.24422,17.38658,15.28501,15.22252,0.03619538,1237648722841042953
16.50858,17.91761,16.60313,16.4793,0.03668688,1237648722840977489
14.9748,17.30661,15.01428,14.95325,0.08122095,1237648722834751727
14.16474,15.91302,14.0408,14.04084,0.07162609,1237648722834686048
14.58934,17.78024,14.59491,14.52919,0.07198503,1237648722834686003
16.08588,17.86636,16.07551,16.07552,0.06877498,1237648722834620487
16.04846,17.76084,15.93629,15.93629,0.08782288,1237648722321342726
16.45122,17.71418,16.47628,16.46925,0.1519774,1237648722294669392
16.4574,17.59503,16.34389,16.34389,0.24594,1237648722289623248
17.29322,19.1981,17.19519,17.20258,0.2489483,1237648722289623239
14.44881,16.38063,14.35107,14.35107,0.2461619,1237648722289623054
16.51184,17.74269,16.49375,16.49375,0.2660433,1237648722289557692
16.67511,18.78196,16.64736,16.64735,0.1097136,1237648722284249438
17.49323,19.62663,17.47374,17.47375,0.1055524,1237648722284118374
15.0336,17.07445,14.86724,14.92728,0.1050255,1237648722284052878
15.68979,17.47222,15.47616,15.62895,0.1048115,1237648722284052865
17.47623,18.93005,17.44428,17.44428,0.1097406,1237648722284052811
16.48701,17.29726,16.41473,16.42577,0.1711141,1237648721792729473
16.64483,17.83578,16.55247,16.5525,0.1715353,1237648721792729305
15.3665,16.74961,15.27453,15.29559,0.1411008,1237648721790894241
17.52551,19.58519,17.11708,17.40092,0.1391528,1237648721250615590
16.47271,18.31904,16.4453,16.4453,0.1123936,1237648721249763542
16.00775,17.8039,15.79067,15.83627,0.1070817,1237648721249501332
17.05743,18.46395,17.02978,17.00833,0.1052833,1237648721249435833
14.12199,16.34386,14.17584,14.17762,0.1054469,1237648721249435820
14.72388,16.52997,14.64059,14.64061,0.1002426,1237648720686153850
14.23045,17.29326,14.2742,14.20847,0.101158,1237648720171696336
14.24877,16.27772,14.12893,14.12894,0.08563328,1237648720153149538
15.67211,17.90382,15.67576,15.64019,0.1271504,1237648720149479679
15.94427,17.50288,15.95352,15.95352,0.1019803,1237648720149217569
16.33836,18.53893,16.34147,16.29959,0.144961,1237648705135837483
15.38128,17.00215,15.23039,15.23038,0.1377749,1237648705135772257
13.59978,16.14684,13.5704,13.57046,0.1387717,1237648705135771804
17.33098,19.56542,17.34649,17.34649,0.1028037,1237648705131118799
15.50666,17.90725,15.50727,15.43799,0.103147,1237648705131118796
16.6073,18.71366,16.62746,16.55749,0.1017716,1237648705131118779
15.10909,16.52448,15.07053,15.07055,0.1034603,1237648705131053204
14.42877,16.23569,14.37363,14.37363,0.1023786,1237648705131053137
15.16077,16.84365,15.041,15.11327,0.09261981,1237648705129480247
15.72335,17.68018,15.44654,15.59727,0.08527566,1237648705129349141
13.31211,15.77332,13.25364,13.25364,0.08602913,1237648705129349140
14.75142,17.27907,14.77175,14.66609,0.0378844,1237648705116766267
16.2208,17.95621,16.00312,16.11822,0.05133405,1237648705115848927
14.58819,16.62858,14.74244,14.74242,0.05215022,1237648705115848766
13.34185,16.37246,13.22363,13.2236,0.05236578,1237648705115848765
16.58514,17.83268,16.38099,16.51383,0.1214454,1237648704057573747
16.7597,19.18303,16.72549,16.69944,0.1197181,1237648704057573731
14.38449,16.86854,14.32625,14.36358,0.1189382,1237648704057573661
14.68249,16.5792,14.56262,14.56261,0.1216945,1237648704057573499
14.37005,17.9539,14.38147,14.38147,0.1090787,1237648702977409215
14.79007,17.33548,14.83148,14.74896,0.1065407,1237648702977409073
17.46742,19.28562,17.40579,17.40579,0.1432156,1237648673987232019
15.82568,18.03517,15.83185,15.73427,0.1156799,1237654391103553879
14.87694,16.99192,14.83584,14.84742,0.1194359,1237654391103553687
14.22886,18.08561,14.25502,14.22076,0.1183877,1237654390566748171
15.16593,16.64142,15.05203,15.06855,0.1100664,1237654390566617171
16.07559,17.81724,15.82473,15.96175,0.02874102,1237654381977796849
14.62297,17.03267,14.516,14.516,0.02960692,1237654381977796751
14.05585,16.58677,13.90194,13.91399,0.03166148,1237654381977731176
16.66678,18.39718,16.71387,16.58447,0.03248776,1237654381977731138
15.4292,18.05707,15.4088,15.36035,0.1063294,1237654031401812159
14.86284,16.28139,14.80137,14.80137,0.09076175,1237654030863892655
14.93082,16.47108,14.8267,14.8267,0.08346723,1237654030863892624
14.45019,16.41054,14.44206,14.44208,0.09752652,1237654030863826964
13.25901,15.84151,13.17263,13.17264,0.05885173,1237653665796390983
15.84959,18.39147,15.85145,15.84243,0.0716433,1237653665796325491
16.24557,17.42644,16.11617,16.12809,0.03038544,1237653613184286930
14.23781,16.38178,14.06363,14.08618,0.0308658,1237653613184286875
15.55485,17.04869,15.42737,15.49618,0.113588,1237653588481540142
16.05289,17.50555,15.94027,15.94027,0.1157527,1237653586333794636
13.93961,16.08809,13.88573,13.88571,0.09500551,1237651823249391627
14.3625,16.34583,14.50922,14.50922,0.09689617,1237651823249326170
15.90264,19.35239,15.92916,15.75525,0.1484107,1237651801774358588
16.29728,18.53578,16.2371,16.23711,0.07237138,1237651801234210980
14.83826,16.2318,14.78818,14.78816,0.09478798,1237651755078778904
14.69359,17.28251,14.68944,14.63225,0.09687222,1237651755078582359
16.09288,17.6506,15.86907,15.98021,0.2538107,1237651737930498465
13.36592,15.96908,13.21885,13.21885,0.07693626,1237651737384976472
14.33454,16.55708,14.26731,14.26731,0.08427491,1237651737382289427
14.14922,16.43846,14.77308,14.77308,0.08436042,1237651737382289426
14.27114,16.81546,14.15292,14.24157,0.05870714,1237651737375015076
17.25168,18.70547,17.25731,17.19778,0.05892804,1237651737375015062
17.27462,19.62141,17.26802,17.22988,0.05769974,1237651737374949690
15.87979,17.05942,15.79186,15.79186,0.0589033,1237651737374949472
14.81667,17.39194,14.62929,14.70397,0.09941687,1237651496830370024
14.50578,16.09421,14.35861,14.35862,0.02193519,1237654399152750749
13.62054,15.8752,13.50611,13.50609,0.02656359,1237654399152750671
15.95784,18.25655,15.93389,15.93389,0.02789775,1237654398616076434
16.12593,17.73337,16.09903,16.09918,0.02587417,1237654398616076319
13.91667,16.31047,13.87787,13.87794,0.02731504,1237654398616076318
16.80094,18.95891,16.79118,16.74981,0.02735548,1237654398616010921
16.55945,18.32759,16.68578,16.56506,0.02131113,1237654398615945288
14.5207,16.48238,14.45912,14.47181,0.02234862,1237654398615879748
13.58018,15.17896,13.37004,13.37004,0.02233297,1237654398613913710
15.74784,18.17269,15.81229,15.6285,0.02181224,1237654398613913661
15.703,17.45584,15.52958,15.56332,0.02171105,1237654398613913659
14.47068,16.16541,14.37582,14.37582,0.02164331,1237654398613913657
16.06348,17.95527,15.8094,15.9617,0.06587301,1237654391644618891
15.10547,17.69568,15.11945,15.04632,0.06342763,1237654391644618779
15.15886,17.31605,14.94629,15.02429,0.1061929,1237654391639507212
15.56251,17.64386,15.78623,15.78623,0.1066982,1237654391639441458
13.74673,16.61053,13.60756,13.61259,0.09967665,1237654391639376175
15.40093,17.04346,15.29943,15.29944,0.1152449,1237654391103619286
14.15573,16.30773,14.01902,14.01902,0.1181638,1237654391103619080
15.45618,17.45686,15.82501,15.82501,0.07730326,1237654383585394820
13.70467,16.62752,13.65957,13.65957,0.07712998,1237654383585394819
15.43365,17.03445,15.41573,15.41572,0.07618538,1237654383585329365
15.10555,17.18724,14.9305,14.96147,0.03561941,1237654381978189925
15.5392,17.49988,15.35815,15.467,0.03563245,1237654381978124528
16.83469,17.89824,16.75529,16.7561,0.03118951,1237654381978124522
15.53087,18.46618,15.51612,15.42277,0.03466728,1237654381978058896
15.42793,17.50161,15.21234,15.25669,0.09888228,1237654031400566969
15.64394,17.67992,15.32155,15.5559,0.1024157,1237654031400566818
15.2519,16.91019,15.04937,15.06058,0.1024196,1237654031400566817
13.26298,15.50565,13.17128,13.17125,0.0906696,1237654030863892549
14.26819,16.78855,14.10758,14.12401,0.07034606,1237654029251969102
16.68156,17.89315,16.52748,16.55447,0.07750331,1237654028715098212
15.89834,17.27315,15.76293,15.76769,0.06780107,1237654028715032625
16.32705,19.24194,16.24991,16.24991,0.06588086,1237654028714967239
17.07927,19.29376,17.17429,16.91701,0.06428815,1237654028714967128
14.23308,16.77212,14.06685,14.17272,0.06453126,1237654028714967126
15.03379,16.64255,14.92047,14.92047,0.08328578,1237653664714391735
14.28036,16.74433,14.18311,14.21351,0.08216231,1237653664714391702
15.02055,17.00906,14.9667,14.9667,0.06261526,1237653664180732221
14.7144,17.51948,14.72782,14.69244,0.04598946,1237653614794309776
15.52919,17.30861,15.35041,15.38211,0.03639473,1237653614794244234
15.39769,18.2492,15.39888,15.39889,0.03832785,1237653614794178781
12.71045,15.69535,12.66063,12.6679,0.03919209,1237653614794178648
13.9239,15.9707,13.87165,13.87162,0.04202066,1237653614793982042
15.41981,17.916,15.46275,15.33197,0.05809342,1237653612646432836
14.02762,16.24949,13.90632,13.91887,0.1168736,1237653589017493521
15.01754,16.93432,14.95475,14.98737,0.1041306,1237653589017362552
16.62948,19.15462,16.617,16.5175,0.1123029,1237653587944735007
15.90315,16.98163,15.94487,15.94487,0.1155999,1237653587944734748
14.31009,16.07163,14.21134,14.21137,0.1161674,1237653587944669285
16.04276,17.46601,15.91309,15.93488,0.1029196,1237653587406684570
15.891,17.53291,15.83185,15.83188,0.1044083,1237653587406684481
14.69544,16.52304,14.55844,14.55846,0.1049142,1237653587406684364
14.48984,17.49458,14.1326,14.39486,0.09443391,1237651823249522870
15.3993,17.69758,15.44578,15.41376,0.09453142,1237651823249457410
13.91589,16.30256,13.77908,13.85943,0.07150584,1237651823246639324
14.30755,17.15243,14.13334,14.13926,0.06980262,1237651823246639293
12.37578,15.66954,12.64081,12.64074,0.07311632,1237651823246639198
14.82007,19.2197,14.68112,14.68112,0.07337566,1237651823246573749
14.59527,16.38706,14.5113,14.5113,0.3222023,1237651822719729692
13.33876,16.02508,13.20801,13.20802,0.120907,1237651822716584014
15.25192,16.71536,15.1177,15.12049,0.1258207,1237651822716518783
13.49085,16.06155,13.51087,13.51087,0.1254317,1237651822716518782
14.6522,17.01885,14.44554,14.52169,0.09707267,1237651822179844174
14.10305,16.85118,13.89338,13.95545,0.08317198,1237651822173618188
16.48238,18.90675,16.61699,16.48177,0.08065604,1237651822173552811
14.0256,17.01869,14.07342,13.9887,0.08049855,1237651822173552809
13.82473,17.47259,13.87457,13.76654,0.08366089,1237651822173552694
15.83486,18.18051,15.8239,15.80045,0.08002432,1237651822173487316
15.08721,16.647,15.01748,15.01748,0.1114783,1237651821641334952
15.07355,17.00484,14.93197,15.0153,0.0965409,1237651821638975664
14.14698,15.85774,14.0547,14.0547,0.1033967,1237651821638779047
14.58827,17.02461,14.35573,14.44428,0.1085676,1237651821638778970
14.42331,15.99918,14.29494,14.3183,0.07493977,1237651821637533715
12.92814,15.39614,12.88223,12.88223,0.07666221,1237651821097779392
13.60557,16.19953,13.61803,13.59743,0.07264404,1237651821097779258
15.00713,16.62623,14.92351,14.92352,0.1258586,1237651818952982852
14.55956,17.13319,14.32187,14.43874,0.07985442,1237651755098833051
15.18088,17.41544,14.9385,15.04891,0.07446726,1237651755098767633
15.61028,17.23371,15.64383,15.5285,0.05973113,1237651755091492927
14.67984,17.12483,14.76651,14.61618,0.07640635,1237651753485861130
16.36964,18.06135,16.49682,16.32424,0.07277102,1237651753485729932
14.16158,15.97867,14.08867,14.12376,0.07261804,1237651753485729911
16.24532,17.44104,16.13272,16.14005,0.08425874,1237651753452765443
15.20402,16.70106,15.16067,15.16067,0.08373294,1237651753452765233
14.14151,15.70848,14.03404,14.05959,0.09470673,1237651752950956047
14.31468,16.32016,14.16542,14.17039,0.07016186,1237651752929919191
14.17382,16.78508,13.9153,13.95479,0.06043635,1237651752929919057
16.58998,17.80394,16.45646,16.46901,0.06030324,1237651752929853592
14.02123,16.36897,14.39706,14.39706,0.06963202,1237651752929853498
14.67079,16.22211,14.54025,14.54025,0.06774671,1237651752929853497
16.24047,18.55003,16.2077,16.2077,0.07536057,1237651752929788028
12.34347,15.77596,12.44066,12.44066,0.06123699,1237651752919105558
14.66202,16.22082,14.5974,14.59739,0.06495272,1237651752919040221
14.04633,15.87687,13.97843,13.97845,0.06274004,1237651752919040182
14.30239,16.97223,14.32586,14.31947,0.07079057,1237651752415920197
15.96115,18.34017,16.02357,15.89366,0.06759859,1237651752415854874
13.20082,16.7786,13.07586,13.08435,0.06789959,1237651752415854747
15.55821,17.90412,15.57187,15.56758,0.07057493,1237651752415789223
15.04615,16.34347,14.9001,14.91411,0.09061992,1237651752414085200
14.25082,16.24082,14.0733,14.0988,0.2614685,1237651737930694670
16.28741,17.53237,16.1557,16.15567,0.1160293,1237651736314839047
16.70497,18.07623,16.75691,16.6222,0.1101172,1237651736314773859
14.01465,17.05589,13.7388,13.85088,0.114294,1237651736314773623
16.79373,17.565,16.69744,16.71545,0.113968,1237651736314773622
15.0806,16.57332,15.06105,15.06103,0.1239276,1237651736314708252
16.63262,18.53792,16.64041,16.64041,0.1051267,1237651735776461018
14.68653,16.5934,14.51486,14.53855,0.1065955,1237651735776460868
15.56728,17.87251,15.56541,15.52505,0.09404749,1237651735237951685
15.82574,17.10684,15.70556,15.70555,0.07264791,1237651735235920177
15.18206,18.13793,15.21135,15.12342,0.07383734,1237651735235919950
13.66868,16.53515,13.5776,13.59658,0.07387777,1237651735235919946
14.02483,16.60008,13.9336,13.9514,0.09383681,1237651735234543739
15.49948,16.62628,15.38642,15.41196,0.08559907,1237651735234478248
13.51138,15.86201,13.38016,13.384,0.08768186,1237651735234478128
14.57952,16.30738,14.46843,14.46926,0.08447061,1237651735234478093
16.29266,17.48143,16.22704,16.22704,0.05150398,1237651715870359850
15.50818,18.06614,15.52889,15.45499,0.04558589,1237651714798584020
16.13786,18.9473,16.12541,16.00813,0.04309986,1237651714261582084
14.60055,16.52617,14.4216,14.43078,0.03717699,1237651539793215634
15.82667,17.49137,15.58722,15.70886,0.03145852,1237651539782336736
16.21502,17.35975,16.09018,16.1118,0.033891,1237651539782271165
13.98252,17.00791,13.77843,13.85981,0.03533853,1237651539782271105
16.10375,18.23925,16.18099,16.03887,0.02919733,1237651539782205662
15.63533,18.05147,15.62136,15.56251,0.02543322,1237651538187518173
15.39949,18.25277,15.36612,15.36612,0.02914932,1237651538187452545
15.19415,16.44392,15.18956,15.18961,0.03326873,1237651538179850262
12.86105,15.70574,12.77965,12.77964,0.03497294,1237651538179850261
15.72222,18.10605,15.78014,15.64531,0.03577107,1237651538179784880
15.62779,17.39469,15.55603,15.55599,0.02284033,1237651538169823387
13.92117,16.18079,13.78992,13.78991,0.02375303,1237651538169823297
15.25089,17.69289,15.29429,15.18017,0.02254632,1237651538169757876
15.11684,17.81719,15.22653,15.06343,0.03682848,1237651537642914009
14.43296,17.00556,14.46427,14.34775,0.09605421,1237651535483437209
17.14078,18.16017,17.15787,17.11274,0.10003,1237651534946304186
14.84268,16.61815,14.78221,14.78226,0.07493194,1237651533872496853
17.34962,19.18309,17.32266,17.3005,0.07409896,1237651533872496832
15.27626,16.74878,15.18454,15.18454,0.09877553,1237651497367240958
14.92298,16.92025,15.01885,15.01885,0.09905049,1237651496830631972
16.47998,17.66357,16.34728,16.39537,0.1193057,1237651496830501304
14.70269,17.09423,14.54522,14.54537,0.1173095,1237651496830501270
16.1577,17.41256,16.04366,16.04369,0.1053786,1237651496830501214
13.47923,15.85794,13.37694,13.37695,0.1223345,1237651496830501001
14.55667,16.41178,14.49566,14.49568,0.1083363,1237651496830239120
14.19725,16.15704,14.07776,14.08386,0.1069972,1237651496830238876
17.04929,18.07177,17.07495,17.02358,0.1079775,1237651496830173526
15.33368,17.02749,15.1913,15.28877,0.1090382,1237651495755579693
14.07087,16.11104,13.92923,13.92923,0.1101632,1237655124465483920
16.13569,18.71101,16.05829,16.0583,0.1109534,1237655124465418345
15.19422,17.40625,15.23492,15.10716,0.1177221,1237655124465418306
15.53048,16.9304,15.44923,15.44923,0.06856409,1237655123940606220
16.98307,18.53507,16.73214,16.8582,0.06272319,1237655123940606209
14.60086,16.99625,14.3757,14.49792,0.06675795,1237655123940606085
15.03511,16.47149,14.95986,14.96662,0.05784288,1237655123940606025
15.01924,16.86433,14.87684,14.93758,0.05732794,1237654954275438624
16.47555,17.29645,16.37669,16.3767,0.06159735,1237654953207333212
14.2399,16.70575,14.16591,14.16894,0.05918019,1237654953207332988
16.38204,18.47655,16.36669,16.36669,0.05218385,1237654953207267630
13.13755,15.93065,13.07829,13.07829,0.08415419,1237654879656542226
16.72944,19.00015,16.7743,16.55352,0.09196405,1237655123929333841
14.45754,16.17114,14.32439,14.32438,0.1029567,1237655123929333774
16.33729,18.2683,16.30858,16.30858,0.1373329,1237655123929268365
14.88968,17.61565,14.94843,14.8337,0.02844826,1237655109442469957
14.09656,16.49341,14.15305,14.15302,0.0403794,1237655109439127727
17.24243,19.06431,17.31048,17.19449,0.01977994,1237655106759426069
16.4606,17.34469,16.38631,16.40312,0.0533862,1237654954280157539
16.20977,17.56212,16.10541,16.10542,0.05251905,1237654954275373373
14.17337,17.08136,13.97408,14.04164,0.05148802,1237654954275373295
15.50764,18.21193,15.48584,15.48586,0.03315777,1237654952666595635
14.69242,17.12334,14.69615,14.66247,0.04672377,1237654952130511036
14.4792,16.11405,14.37331,14.37331,0.02409441,1237654948913283207
16.43541,18.5099,16.41579,16.33972,0.07739274,1237654881277509759
14.55116,17.28135,14.61805,14.55005,0.1192953,1237654880744636664
15.93087,18.29717,15.98847,15.94715,0.1247126,1237654880741294303
15.71882,17.43831,15.65127,15.65861,0.1236589,1237654880741294238
16.7196,18.33189,16.72685,16.70827,0.1223992,1237654880741294218
14.44628,16.39783,14.36124,14.36123,0.1284009,1237654880741228570
13.33064,15.56247,13.22798,13.22797,0.09938388,1237654880740769908
16.08809,17.64558,15.87425,15.94952,0.09927412,1237654880740638942
14.11189,16.61492,13.97807,14.01496,0.07370112,1237654880737689634
15.47894,16.75658,15.39858,15.39858,0.3286673,1237654880211173600
13.38077,15.8838,13.26807,13.26807,0.2955019,1237654880211107970
17.26059,19.63839,17.18476,17.18475,0.1132852,1237654879669453281
16.33829,17.57471,16.18114,16.2493,0.1106044,1237654879669453071
14.6109,15.9924,14.50293,14.50293,0.1050775,1237654879669452918
16.66419,18.18213,16.6803,16.59578,0.1149318,1237654879669452848
14.48807,16.57705,14.3986,14.3986,0.1152767,1237654879669452830
15.23616,16.72607,15.1155,15.13714,0.1118679,1237654879669387604
14.65243,17.15712,14.41132,14.54003,0.1061945,1237654879668535310
15.55768,17.66969,15.39575,15.41355,0.09718075,1237654879668404429
16.26201,17.36819,16.15189,16.17163,0.1013861,1237654879668404386
15.79986,17.07863,15.6902,15.6902,0.09869675,1237654879668404260
16.07401,16.88782,16.01653,16.01653,0.1000216,1237654879668338981
13.85672,16.34754,13.81655,13.81655,0.1024268,1237654879668338812
15.58597,17.48975,15.62903,15.52244,0.1154622,1237654879668273354
17.15937,18.5975,16.98533,17.03189,0.1158817,1237654879667617934
15.56642,17.44029,15.33756,15.42286,0.1223789,1237654879667552429
17.69886,19.24049,17.73017,17.63229,0.1112178,1237654879667552298
14.75686,16.59512,14.79522,14.79522,0.1119255,1237654879667552297
17.6448,18.56883,17.54786,17.54786,0.1112763,1237654879667486952
14.81343,16.59752,14.69834,14.72293,0.1118786,1237654879667486762
13.36528,17.08136,13.0191,13.15817,0.07562625,1237654879665586216
15.40216,16.91133,15.24967,15.30812,0.07365572,1237654879665586208
12.71823,16.25848,12.44933,12.51113,0.07583132,1237654879665586207
14.33603,16.09843,14.25854,14.25965,0.08424319,1237654879664799895
12.88883,15.81485,12.81185,12.81185,0.1065881,1237654879130222725
15.50075,17.33621,15.35383,15.42685,0.1007757,1237654879130157270
14.86585,16.62604,14.73623,14.76452,0.1004291,1237654879130157152
13.38005,15.85931,13.22326,13.22327,0.103576,1237654879130091648
13.42168,16.24972,13.37304,13.39208,0.07199936,1237654879128584347
14.46634,17.53227,14.44901,14.4426,0.05990957,1237654879122882724
14.35664,16.3661,14.28598,14.29351,0.05486897,1237654879122882595
14.81512,17.38251,14.81752,14.78288,0.06849465,1237654879118229640
15.50968,17.20288,15.53333,15.46761,0.06824465,1237654879118229530
13.63891,16.63064,13.50907,13.56411,0.1471769,1237654670812774584
13.9286,16.59275,13.74364,13.77517,0.1258603,1237654669739884742
14.93372,17.4342,14.66218,14.83934,0.1222691,1237654669739884626
16.17979,18.4255,16.14334,16.09773,0.1127702,1237654654172070143
13.14856,16.05132,12.98561,12.98561,0.1062903,1237654654171938965
14.89481,16.27297,14.81561,14.81565,0.1114592,1237654654171873333
14.02236,16.94186,14.08869,14.08869,0.1235016,1237654653635985662
14.90708,17.39212,14.95673,14.85297,0.1140849,1237654653635920245
16.26857,17.15834,16.1898,16.2024,0.1128096,1237654653635919928
16.91763,17.8368,16.81036,16.83686,0.1149648,1237654652561654051
16.54053,17.61499,16.4691,16.47159,0.1151345,1237654652561653886
14.03839,16.3026,13.86426,13.88026,0.1146262,1237654652561653883
15.08542,16.65569,15.00291,15.00294,0.1152373,1237654652561653831
14.95955,16.78984,14.96846,14.96847,0.1101007,1237654628400169209
16.55143,18.74611,16.61609,16.47645,0.1278044,1237654605329137953
16.70825,18.00322,16.61463,16.6146,0.1223962,1237654605329137931
13.97618,16.06058,13.84,13.84,0.1248125,1237654605329137794
16.91671,19.34471,16.81179,16.81174,0.122802,1237654605329072383
14.44758,17.13498,14.21732,14.29522,0.1115231,1237654605329006744
14.51023,16.23235,14.43169,14.48306,0.1157475,1237654605329006658
15.42929,17.01005,15.32079,15.32081,0.1273684,1237654605329006635
15.31585,18.99,15.29335,15.23361,0.1041168,1237654601570451467
14.6824,17.94342,15.12348,15.22861,0.1044088,1237654601570451465
13.50965,16.76184,13.58813,13.62886,0.1044262,1237654601570451464
15.17891,16.66322,15.03456,15.05098,0.1071098,1237654601570386085
15.85544,18.29906,15.83697,15.79351,0.06759015,1237654601568682193
14.66569,16.5443,14.52718,14.5951,0.06729945,1237654601568682162
14.1084,16.29048,14.15124,14.15124,0.1200879,1237654601034235941
16.43785,17.89724,16.49459,16.34718,0.1113563,1237654601034170529
15.40206,17.48064,15.19747,15.25496,0.1156922,1237654601034170430
15.00898,17.07317,14.88232,14.88231,0.08607893,1237654601026175190
16.31711,18.00217,16.94663,16.98807,0.08240186,1237654601026175095
14.10629,15.65528,14.02134,14.02133,0.08226566,1237654601026175091
14.58536,17.41358,14.34735,14.45359,0.08487242,1237654601026175068
15.41259,17.41397,15.43696,15.42763,0.0541169,1237654599953481746
15.83391,18.10217,15.73367,15.73367,0.05709963,1237654599953416329
14.28697,16.24263,14.18434,14.18435,0.03743576,1237654399699124247
15.36603,16.8204,15.23983,15.25488,0.0322978,1237654399699058749
16.99455,18.59978,17.01273,16.95807,0.02171142,1237654399689621625
14.54117,16.78533,14.58842,14.58826,0.02252483,1237654399689556171
17.10563,19.08505,17.12661,17.06344,0.02246322,1237654399689556113
16.4121,18.30458,16.38473,16.32677,0.05445044,1237655109454266500
15.2313,16.67054,15.15651,15.15651,0.0519027,1237655109454266372
15.70209,17.08495,15.54356,15.61446,0.04721377,1237655108913594468
14.38167,16.28039,14.27368,14.27371,0.04872195,1237655108913594378
12.83599,15.72638,12.84402,12.84392,0.04490854,1237655108902584442
17.25664,19.43826,17.23489,17.19855,0.06464403,1237655108898980064
14.43503,17.06609,14.26789,14.3218,0.06460153,1237655108898979844
15.5287,17.28289,15.41993,15.41992,0.06478243,1237655108898914500
16.85693,19.00641,16.83251,16.77776,0.06587721,1237655108898914492
16.42778,17.68474,16.28743,16.34835,0.03208186,1237655106768207962
13.24102,16.70967,13.22275,13.25294,0.03969768,1237654953203531789
15.67686,18.49213,15.63986,15.61353,0.02487607,1237654948913348733
16.25231,17.64541,16.30518,16.18348,0.07760277,1237654881812545849
15.27532,16.93105,15.15872,15.1587,0.1299269,1237654880207765798
16.21466,17.11827,16.18216,16.20112,0.04774871,1237654875361378383
16.01195,17.70025,16.04582,16.01135,0.03369395,1237654874824245357
14.92759,17.76984,14.94124,14.92101,0.03480545,1237654874824245338
14.09387,16.36929,14.08593,14.09692,0.03478312,1237654874824245265
14.72746,17.2324,14.74992,14.67183,0.03436049,1237654874824179773
15.66866,17.59129,15.76217,15.58655,0.07759269,1237654670272561322
15.59626,17.78404,15.62721,15.57576,0.1210458,1237654669739950159
15.9469,17.73707,15.8083,15.80829,0.04612124,1237654654179803317
15.57331,17.14284,15.48566,15.48568,0.0561874,1237654654179803289
13.10284,16.14198,12.93534,12.95472,0.06036535,1237654654179737747
12.63526,15.43864,12.66757,12.70195,0.04626092,1237654653642997820
14.98428,17.37189,14.74594,14.85491,0.03898302,1237654653642932418
13.35885,15.48392,13.30393,13.30397,0.04288811,1237654653642932295
14.7217,17.63254,14.74355,14.69171,0.1115158,1237654652561588590
15.12419,16.83496,15.02985,15.02985,0.1020559,1237654627326820628
16.54616,17.84754,16.63853,16.49936,0.05187665,1237654610141249558
14.40356,16.39368,14.33986,14.33987,0.05136186,1237654610141249556
16.68257,18.90145,16.62909,16.62909,0.04229364,1237654609606279302
16.64847,18.15815,16.71925,16.58258,0.04488739,1237654609606279206
14.10208,16.43076,13.98287,14.03094,0.0461521,1237654609606148156
15.73082,16.97801,15.67946,15.67946,0.04080046,1237654609606148138
15.25218,17.25533,15.23579,15.23579,0.1121227,1237654605865222300
16.66361,18.73008,16.61395,16.61395,0.0642892,1237654605863583845
15.45961,18.48951,15.42346,15.37613,0.06685874,1237654605863518421
13.65623,16.26813,13.46414,13.50619,0.06000157,1237654605863452834
15.2115,17.40406,15.58443,15.58438,0.094093,1237654605856309258
13.29882,15.46428,13.24018,13.24018,0.09442556,1237654605856309257
16.0311,18.69778,15.96182,15.96182,0.09067235,1237654605856243957
15.53268,17.84698,15.19385,15.42008,0.1104214,1237654604792135835
15.6656,17.85564,15.70879,15.57955,0.1078289,1237654604792070364
16.13632,17.81141,15.94792,15.99909,0.1506845,1237654604791546018
14.38882,16.51854,14.40411,14.40411,0.1500981,1237654604791545959
14.6897,16.74752,14.49578,14.58646,0.1494754,1237654604791545888
13.5612,16.38924,13.47559,13.52451,0.1489001,1237654604791545887
15.44118,17.27819,15.27907,15.31469,0.1037244,1237654604776472806
15.69973,17.68619,15.44512,15.5496,0.108621,1237654604776472790
16.48632,18.66615,16.48603,16.40291,0.1026371,1237654604776472776
13.85765,15.58687,13.63763,13.63764,0.1054813,1237654604776407246
15.78551,17.03654,15.671,15.69309,0.1051838,1237654604253233354
14.5547,16.39591,14.45476,14.45477,0.1048448,1237654604253233185
15.4295,16.37476,15.31798,15.32832,0.1048372,1237654604253233184
15.98468,17.34365,15.93675,15.93675,0.1029923,1237654604253167748
16.0069,18.28342,16.03426,15.98535,0.1040652,1237654604253167697
15.38317,16.72802,15.28707,15.28707,0.05706058,1237654602641244319
16.38928,18.7809,16.4207,16.26683,0.06362505,1237654602106732720
15.79607,17.57489,15.71342,15.71344,0.06791459,1237654602106732699
15.80697,17.27877,15.67807,15.7055,0.06510352,1237654602106732681
13.927,16.19431,13.77943,13.77943,0.06430899,1237654602106732592
15.40261,18.21144,15.42868,15.14584,0.105484,1237654602098409561
14.91156,16.71657,14.90972,14.90972,0.0930924,1237654602098344230
13.6892,17.28083,13.69938,13.69083,0.1357194,1237654601571106901
15.28297,17.96392,15.29056,15.27701,0.1327581,1237654601571106889
15.54726,16.95733,15.41889,15.42681,0.1323911,1237654601571041490
15.06812,16.29265,14.92105,14.92105,0.1293018,1237654601571041343
15.31615,18.34212,15.34903,15.22593,0.07702061,1237654601018573164
14.34052,16.53819,14.28346,14.28348,0.0747016,1237654601018572833
13.93749,16.51065,13.73288,13.73292,0.1139404,1237654600497365149
14.91441,17.36891,14.96852,14.86549,0.1183906,1237654600497365012
15.37629,17.01053,15.28458,15.28458,0.1116999,1237655124465483921
16.10434,17.16439,16.02429,16.02429,0.1118686,1237655124465483965
15.63807,17.3262,15.45301,15.49339,0.1118115,1237655124465483999
14.14496,16.05834,14.02501,14.02502,0.1085195,1237655124465484020
16.37535,17.50208,16.23586,16.2694,0.1092912,1237655124465484022
15.65012,17.57206,15.97811,15.97811,0.1081402,1237655124465484023
16.49304,18.48468,16.52921,16.43503,0.1075193,1237655124465549363
15.13141,17.25128,15.16606,15.07389,0.02129565,1237655128767332787
14.865,18.05178,14.49531,14.74282,0.1261214,1237655473974345996
13.9275,16.43994,13.94238,13.97202,0.0884086,1237655473436360831
15.67107,18.39908,15.68298,15.63738,0.08459476,1237655473436295765
14.12437,16.13036,13.96936,13.96962,0.0446578,1237655465930653734
14.20143,16.38237,14.3154,14.3154,0.05011864,1237655465930588299
16.82163,19.03933,16.78349,16.78351,0.05605431,1237655465930522846
16.06161,18.34402,16.08757,15.92894,0.03021755,1237655373573980487
15.7984,17.07635,15.63279,15.67342,0.1481979,1237655743485575492
13.27222,16.81393,13.13331,13.13325,0.1456107,1237655743485575197
14.84496,16.56782,14.8494,14.8494,0.1447739,1237655743485575194
14.45087,16.80476,14.32778,14.34086,0.115911,1237655743485509736
17.47974,18.65602,17.3187,17.34665,0.1139694,1237655743485051204
15.25448,17.2582,15.14435,15.14435,0.1130608,1237655743485051105
14.57439,16.16736,14.46821,14.47053,0.1166825,1237655743485051017
14.68626,16.26015,14.55807,14.55808,0.1150351,1237655743485050967
14.7935,16.72769,14.75941,14.7594,0.09049363,1237655743484330109
14.6234,16.7352,14.48504,14.54191,0.09035542,1237655743484330087
15.1856,16.80696,15.13615,15.13614,0.09170792,1237655743484330046
15.30767,17.66682,15.30105,15.30105,0.112848,1237655743483281638
14.55566,17.08341,14.65237,14.51642,0.1073015,1237655743483281580
15.33515,17.62265,15.35582,15.28554,0.1050591,1237655743483281567
17.09007,19.59464,17.09104,17.05116,0.1129024,1237655743482757400
16.06088,17.54929,15.87724,15.91275,0.1104546,1237655743482757360
14.18458,16.18721,14.04184,14.04183,0.1080855,1237655743482757156
15.72225,18.15819,15.76764,15.63803,0.1062787,1237655743482691805
15.71101,17.0824,15.58748,15.6075,0.1055752,1237655743482691702
15.39649,16.81119,15.26725,15.26726,0.1483498,1237655692479102982
15.25954,17.07741,15.11032,15.14529,0.1508596,1237655692479037882
16.1832,18.58251,16.16428,16.13345,0.1493939,1237655692479037791
14.14339,16.27039,14.00875,14.00876,0.1488359,1237655692479037666
14.85613,17.29812,14.70819,14.729,0.1543974,1237655692478972232
15.05887,17.21727,14.87049,14.90111,0.1565823,1237655692478972061
16.78007,18.52067,16.77036,16.66481,0.1597083,1237655691940331751
14.55388,16.40156,14.6036,14.60369,0.158116,1237655691940266371
15.55687,16.97607,15.42568,15.45234,0.1591615,1237655691940266355
17.49101,18.97163,17.47155,17.45656,0.1645376,1237655691940266337
16.3093,18.06971,16.38428,16.30529,0.2253235,1237655691404968127
14.80056,17.86385,14.82425,14.67503,0.2376738,1237655691404902756
17.3945,18.89783,17.42401,17.42401,0.2294499,1237655691404902745
16.79808,17.88635,16.84345,16.74094,0.2200031,1237655691404902574
16.41282,17.49665,16.35536,16.35535,0.0574601,1237655503498314153
13.94407,16.35326,13.77896,13.80806,0.05755644,1237655503498313767
16.38893,18.26015,16.47852,16.38446,0.06003949,1237655503498248707
14.79601,17.3133,14.80318,14.75093,0.06110752,1237655503498183177
14.78975,16.51022,14.66244,14.66242,0.05345269,1237655503498183074
14.13851,17.99782,14.12432,14.10609,0.108391,1237655495981990086
12.49951,15.83727,12.34173,12.36793,0.1099748,1237655495981793339
16.15405,17.56256,16.08194,16.08195,0.03601779,1237655473969299957
14.9108,16.75604,15.25343,15.25343,0.0336145,1237655473969299673
13.71819,16.29462,14.17551,14.17552,0.03366923,1237655473969299672
14.89048,17.87927,14.88263,14.82655,0.03590434,1237655473968972081
15.86044,17.17411,15.75369,15.78218,0.03120546,1237655473968906690
16.74622,18.65533,16.79592,16.73314,0.02488983,1237655473968841043
15.8885,17.5452,15.92232,15.84839,0.0313568,1237655473968840945
14.81237,17.47066,14.89061,14.80392,0.03153074,1237655473968840815
13.7979,15.77291,13.78709,13.80095,0.03163551,1237655473968840814
15.4883,18.31852,15.49017,15.49017,0.02605276,1237655473968775626
14.19651,17.10166,14.07362,14.16335,0.0236591,1237655473967136890
16.23003,17.42889,16.11479,16.13416,0.08824704,1237655473436361135
14.34656,17.22644,14.37803,14.3484,0.03822024,1237655473432101295
15.62925,18.25316,15.62179,15.61206,0.03184264,1237655473429741825
13.57084,15.62898,13.51063,13.51063,0.03224673,1237655473429741692
16.84589,18.90174,16.85384,16.75004,0.05288099,1237655465930522935
15.21762,18.04627,15.28933,15.19666,0.04825468,1237655465930457311
14.77322,17.11476,14.62695,14.68421,0.02939068,1237655465385394461
17.08092,18.15671,16.9322,16.99815,0.02798104,1237655463784284387
16.34206,17.39878,16.25859,16.29406,0.03182313,1237655375185117425
16.14097,19.13046,16.10004,15.96069,0.03227677,1237655374647918862
15.77272,18.70298,15.87319,15.64117,0.03313956,1237655374647918701
13.46254,15.55134,13.34714,13.34714,0.02980347,1237655374647853180
14.47496,16.4709,14.34726,14.35644,0.03129909,1237655370364354632
13.25323,15.43721,13.15933,13.15933,0.0313287,1237655370364354565
13.50756,16.39811,13.49167,13.525,0.04499787,1237655370364223569
14.53111,16.33264,14.52799,14.52799,0.03771282,1237655370364223561
14.22499,16.30747,14.07377,14.07371,0.02326898,1237655368760229914
16.16451,18.37565,16.13106,16.13104,0.02459004,1237655368760164504
16.91182,18.30811,16.69669,16.79126,0.02422529,1237655368760164476
14.12984,16.22827,14.08179,14.08178,0.02420812,1237655368760164378
14.09489,16.58181,14.04942,14.04943,0.02602188,1237655368760098952
16.49236,17.93203,16.38675,16.38676,0.02590593,1237655368760098912
16.79437,17.79372,16.6995,16.70857,0.0340886,1237655368758788270
13.6406,16.41516,13.49348,13.56921,0.0252073,1237655130376241254
16.17655,17.0799,16.07328,16.07328,0.04540968,1237655128762810629
14.5061,16.91348,14.41199,14.41934,0.04911759,1237655128762744915
15.89712,17.13239,15.78979,15.80329,0.09947244,1237655742947262473
13.24333,16.1807,13.0907,13.0907,0.09839377,1237655742947262470
15.2456,17.00099,15.76935,15.76935,0.09772668,1237655742947197070
16.48584,17.66719,16.37495,16.37494,0.1197681,1237655742946738374
16.69424,19.04974,16.60686,16.60686,0.119774,1237655742946673042
17.3413,19.12447,17.29519,17.29519,0.1168353,1237655742946673034
15.74588,17.78201,15.69394,15.69396,0.1208267,1237655742946672967
15.82777,17.22269,15.75356,15.75356,0.1208402,1237655742946672966
16.88392,19.34569,16.36773,16.61909,0.1173611,1237655742946672960
14.98171,16.73862,14.8812,14.88118,0.1111914,1237655742946672910
15.18023,16.68157,15.05343,15.05342,0.118943,1237655742946672782
15.30312,16.88113,15.33441,15.33453,0.1189926,1237655742946672748
14.331,16.51682,14.28347,14.28347,0.1187917,1237655742946672747
14.1972,16.93178,13.997,14.09881,0.1195864,1237655742946672691
13.57769,16.59908,13.42423,13.4831,0.1046562,1237655742410260642
14.24645,16.05305,14.1109,14.11091,0.09714489,1237655742410195023
14.36939,16.23195,14.26657,14.26657,0.09377379,1237655742409867289
15.10145,17.18419,14.88756,14.9635,0.1101132,1237655742409801806
16.75039,18.22668,16.75758,16.66018,0.1068193,1237655742409736462
14.58731,16.66291,14.46762,14.54784,0.1107359,1237655742409736258
14.57328,16.27674,14.4283,14.4283,0.07724793,1237655742405672966
13.43655,16.42817,13.37554,13.38741,0.06272034,1237655742404559043
15.8412,17.35758,15.86217,15.86223,0.1246593,1237655501889994956
14.29536,17.20029,14.40421,14.40527,0.1238628,1237655501889994832
17.22029,18.86105,17.20855,17.20855,0.1125213,1237655501889929814
16.2065,18.69306,16.16656,16.16656,0.1059351,1237655501889929661
16.52364,19.26807,16.4698,16.45053,0.01906696,1237655501884358970
16.29103,17.78384,16.15646,16.1729,0.01865246,1237655501884293573
13.5586,15.65054,13.45966,13.45967,0.01872848,1237655501884293289
14.6775,16.9042,14.58054,14.60245,0.02029979,1237655501884227787
16.85901,18.718,16.86544,16.80146,0.1847198,1237655498137206990
16.80087,18.36502,16.49969,16.63279,0.1679928,1237655498135765176
14.24665,18.15571,14.21947,14.18334,0.02329341,1237655474505580845
14.95504,16.55001,14.91678,14.91682,0.01360013,1237655474504073496
15.61074,17.55237,15.45046,15.52554,0.02845252,1237655472358228205
14.72579,17.32259,14.71926,14.67703,0.03872541,1237655471822209218
14.32063,15.97627,14.19726,14.21309,0.03473806,1237655471822209115
17.20155,18.2669,17.12755,17.12755,0.1078916,1237655469135692305
14.23516,16.84716,14.11978,14.11978,0.1073895,1237655469135692130
14.33546,17.65559,14.35817,14.25879,0.1111166,1237655469135692013
14.72724,16.40618,14.67693,14.67691,0.1062877,1237655469135626467
15.15919,16.74356,15.09285,15.09286,0.1056316,1237655469135626444
16.38663,18.71846,16.36236,16.36236,0.1095893,1237655469135495480
16.58621,17.96624,16.48177,16.49,0.1093383,1237655468597182871
15.59966,17.26073,15.40649,15.42989,0.1074892,1237655468597182863
14.89854,17.45247,14.64918,14.78347,0.04528166,1237655465922199634
16.18063,17.14732,16.09548,16.09767,0.02967456,1237655465385459816
16.09878,17.63789,15.90493,15.95713,0.03495936,1237655465383428182
13.44404,16.60851,13.28506,13.28649,0.03428279,1237655465383428181
14.5238,16.37328,14.43641,14.48608,0.04386842,1237655464856780879
14.48209,15.94767,14.32818,14.32817,0.03518968,1237655464844329010
15.75305,17.47828,15.55116,15.61771,0.03183048,1237655464844263595
15.93024,17.39106,15.76862,15.78458,0.03191082,1237655464844198086
14.96856,17.09269,15.35721,15.35721,0.03335519,1237655464320499873
13.90324,16.40383,13.82239,13.82248,0.03337638,1237655464320499872
13.76411,15.74767,13.66295,13.68262,0.04367152,1237655464319909974
13.87223,15.73598,13.78955,13.78955,0.03717507,1237655463774191677
15.46102,16.70596,15.39149,15.39149,0.03912407,1237655463774126344
16.71802,19.33673,16.67768,16.67769,0.04023285,1237655463774126308
14.40324,15.79895,14.27728,14.27729,0.02409838,1237655374110916718
15.05874,17.38643,15.10616,14.98748,0.03020426,1237655371429052498
14.43012,16.71614,14.34051,14.34051,0.03209572,1237655370904764628
13.62889,15.90458,13.49359,13.50196,0.03096365,1237655370904764519
15.17472,16.41936,15.05634,15.05635,0.03313508,1237655370904764505
16.31885,19.33614,16.24343,16.24344,0.0320526,1237655370902863961
16.2634,18.22766,16.38125,16.21942,0.04064479,1237655370902732937
14.47863,16.436,14.4373,14.4373,0.04260358,1237655370902732815
15.88933,17.78787,15.96936,15.80564,0.03264849,1237655369826697452
13.75048,16.13473,13.5815,13.587,0.03242453,1237655369826697298
15.3619,17.21958,15.16995,15.22639,0.03840033,1237655368756625588
15.64611,16.89132,15.54917,15.58221,0.02430651,1237655348895416498
14.22361,15.78732,14.12078,14.12078,0.02383372,1237655348895416475
13.09241,16.22054,12.95983,12.95983,0.02289491,1237655348895416343
15.70767,17.21631,15.62096,15.62096,0.02270652,1237655348895351215
15.08652,17.77632,14.76772,14.95528,0.03853116,1237655348892598387
15.44823,18.41308,15.47265,15.47265,0.035098,1237655348358021297
16.29834,17.73031,16.12897,16.20724,0.0340609,1237655348355793107
16.60141,18.81763,16.59787,16.55148,0.03598034,1237655348355727570
14.12479,16.60373,13.9295,13.96,0.03792474,1237655348355662086
12.96429,15.29611,12.76038,12.76038,0.04486309,1237655348355203181
14.87818,16.24468,14.78228,14.78228,0.0444557,1237655348355203169
12.68332,15.29768,12.56789,12.58267,0.04420138,1237655348355203084
14.16088,17.12238,13.97029,13.99449,0.05730843,1237655129844416636
15.1983,16.78018,15.10281,15.1598,0.08939854,1237655128235049080
13.72075,16.19897,13.65155,13.68456,0.06933112,1237655125555085390
13.68411,17.09607,13.75207,13.68176,0.08331408,1237655125015855301
13.92521,16.24085,13.84234,13.84488,0.081868,1237655125015855124
15.00123,16.8842,14.83963,14.89158,0.07257295,1237655125015789657
15.99008,17.62171,16.0196,15.9485,0.01836651,1237657851234156610
16.12572,18.34242,16.1257,16.12568,0.02153294,1237657851234025624
14.49982,17.59801,14.50346,14.42133,0.0253635,1237657611263475859
13.84865,16.50739,13.71679,13.71679,0.02449485,1237657611263475731
14.99372,18.00573,15.02134,14.90594,0.03254266,1237657400810471527
14.84867,16.91321,14.72168,14.76105,0.03138673,1237657400810471512
14.19284,17.58774,14.2151,14.13712,0.06806694,1237657400806277320
15.20193,16.85596,15.07633,15.08209,0.1336799,1237655743485575567
15.06962,18.22634,15.06464,15.04844,0.05893959,1237658297923797167
13.75905,16.12902,13.85779,13.85785,0.05827221,1237658297923797032
15.94694,17.28341,15.81881,15.82699,0.06021513,1237658297923731566
16.22495,17.5613,16.06459,16.11964,0.02572541,1237658205595107580
15.6529,18.51966,15.65495,15.49501,0.02539258,1237658205595107573
14.02665,16.16263,13.98155,13.98153,0.02858528,1237658205595107386
15.81273,18.23761,15.80009,15.75361,0.03249183,1237658205595041980
14.90475,18.01778,14.89887,14.82362,0.0355552,1237658205595041863
14.70192,16.59184,14.71699,14.71699,0.03622844,1237658203988361304
14.02703,16.08208,13.9709,13.97091,0.04238246,1237658203971518564
14.11881,16.79489,14.22631,14.11833,0.09442152,1237657878077636811
16.75917,18.03917,16.82827,16.67665,0.07628597,1237657775541190877
15.06316,17.62194,14.81279,14.96217,0.06502367,1237657769628926213
15.25669,17.61221,15.12101,15.15578,0.07693508,1237657629512827188
15.64977,16.99313,15.5607,15.58917,0.07225328,1237657629512827171
13.37916,15.68228,13.34364,13.34364,0.07744411,1237657629512826964
14.61131,16.75787,14.55449,14.5785,0.08663038,1237657629511712956
15.06007,16.46714,14.92176,14.92174,0.02722582,1237657628452389069
14.57069,16.11202,14.42499,14.42495,0.02685343,1237657628452389042
15.78506,18.5683,15.73034,15.73042,0.02775202,1237657628452389021
13.1154,15.78056,13.00271,13.0027,0.02689242,1237657628452388926
13.22477,15.92619,13.06264,13.10506,0.02108224,1237657628446097522
13.42164,16.20157,13.29584,13.30451,0.07761334,1237657608573943931
14.1499,15.7855,14.27027,14.27027,0.09164898,1237657608573812810
14.18882,17.02706,13.92739,14.05212,0.08554491,1237657595152498732
14.63098,17.08148,14.47407,14.57021,0.08688834,1237657595152433341
14.16632,15.97047,14.06621,14.06618,0.08406062,1237657595152433227
16.37194,19.35722,16.33584,16.25367,0.09152195,1237657595152367891
15.85027,17.77477,15.90887,15.81902,0.09172373,1237657595152367644
16.53276,18.00531,16.32703,16.46678,0.09599014,1237657595152302415
13.53224,15.65641,13.43086,13.43083,0.09649023,1237657595152302205
16.41595,18.56026,16.46262,16.38181,0.02920625,1237657591393091821
16.37849,19.45251,16.34722,16.26836,0.05906691,1237657402416758934
13.12394,16.01857,12.92044,12.92046,0.02512097,1237657401347407877
15.39026,17.90082,15.37518,15.36667,0.03668924,1237657400808833194
16.62217,19.00849,16.53365,16.53365,0.06487805,1237657400806277191
15.19632,17.72374,15.31867,15.27251,0.054457,1237657244046000150
15.83013,18.75236,15.82494,15.80473,0.05488687,1237657244045934827
14.85128,16.65857,15.30334,15.30334,0.06191231,1237657117338566713
13.96344,15.98798,13.8278,13.84455,0.06210163,1237657117338566712
14.76733,16.87196,14.56647,14.623,0.1011588,1237655744019234975
15.69071,17.09301,15.56007,15.59125,0.1233568,1237655743486034203
15.15041,17.11242,15.06314,15.06312,0.1161689,1237655743485968661
15.41638,16.89617,15.27112,15.27981,0.06603499,1237658298999832729
14.29166,16.28424,14.12647,14.12648,0.06631272,1237658298999832594
15.29655,18.13791,15.30643,15.19941,0.03593305,1237658205578723439
15.60875,17.10033,15.64797,15.64796,0.03515842,1237658205578657877
13.99254,16.45527,14.05663,14.0335,0.0361601,1237658205578657826
13.67398,17.219,13.72978,13.68255,0.03213944,1237658205573939256
14.04477,15.978,14.03725,14.05609,0.02899148,1237658205573873789
12.51988,16.85471,12.54483,12.59671,0.03074382,1237658205573808201
15.78118,16.90922,15.69649,15.69649,0.03789652,1237658205048995851
13.92153,17.17224,14.07408,13.99871,0.04643744,1237658205048930354
13.57938,15.80682,13.55477,13.57511,0.0288157,1237658205037002810
15.4438,18.69757,15.39092,15.37889,0.02928187,1237658204514812077
15.67503,17.47015,15.52912,15.663,0.02603096,1237658204514811929
14.64776,16.71229,14.47629,14.50801,0.02549523,1237658204514811907
15.26508,16.98997,15.14102,15.14102,0.02546669,1237658204514746433
14.17993,16.16157,14.0025,14.02275,0.02542789,1237658204514746432
17.25409,18.9999,17.33941,17.27653,0.04289522,1237658203961884821
17.01632,18.17175,17.03158,17.02928,0.0426794,1237658203961884806
14.56094,18.05559,14.58941,14.44121,0.03639689,1237658203423310082
14.526,18.02101,14.50225,14.4582,0.07966846,1237658192145088727
14.36769,17.05944,14.36273,14.34113,0.1034754,1237658192144761218
13.91581,15.91497,13.76028,13.79179,0.09311033,1237657878614638621
12.64756,15.4217,12.50314,12.50315,0.09050807,1237657878614638619
15.0325,16.92183,14.93664,14.93664,0.0928431,1237657878077702256
14.15647,16.27338,13.96326,14.01371,0.09228564,1237657878077702252
13.38519,15.69662,13.37952,13.39901,0.09214537,1237657878077702182
14.63969,17.25432,14.74258,14.66539,0.0384431,1237657874868535396
14.58021,17.63731,14.59713,14.55105,0.03165793,1237657874868535323
14.25448,16.16702,14.13136,14.17712,0.04367412,1237657873793482757
16.81828,17.95904,16.68465,16.72675,0.04117304,1237657873793417354
15.16956,16.38797,15.08707,15.08707,0.0420556,1237657873254908052
15.92055,18.26463,15.98841,15.8868,0.04510743,1237657873254907919
12.96867,15.41589,12.77434,12.77434,0.04464303,1237657873254907914
15.90274,17.3597,15.79029,15.79024,0.04127724,1237657873254842442
13.28536,16.15046,13.14461,13.15231,0.03990823,1237657873254842378
15.74003,17.5339,15.78549,15.78549,0.04211073,1237657858222456990
15.62778,17.76505,15.76152,15.76152,0.04165543,1237657858222456920
16.39439,18.25921,16.36604,16.36604,0.0419912,1237657858222391531
13.81388,16.26514,13.65118,13.65745,0.04153767,1237657858222391375
15.68613,17.84459,16.13573,16.13575,0.02088116,1237657856065994763
14.27362,16.9042,14.36384,14.36384,0.02155403,1237657856065994762
15.86018,18.38402,15.84066,15.77384,0.02148936,1237657856065929446
15.11578,16.99571,15.0162,15.01617,0.02263889,1237657856065929429
15.51082,16.8817,15.34997,15.34997,0.02269599,1237657856065929302
14.61462,16.33399,14.61139,14.61139,0.0234684,1237657856065863801
14.97445,16.51141,14.92222,14.92222,0.05299446,1237657776082780208
13.63745,16.29748,13.46685,13.53171,0.07098358,1237657775534702644
15.79263,17.9469,15.78221,15.74342,0.0733234,1237657775534637628
15.08863,18.02433,15.08946,15.08333,0.08107067,1237657775534637474
15.15365,17.63362,15.16436,15.06515,0.07958443,1237657775534637138
16.71863,18.27329,16.79762,16.73482,0.04313234,1237657775006351385
14.66041,17.28065,14.49457,14.53454,0.04286092,1237657775006286005
15.06202,17.33399,14.82804,14.96959,0.07667656,1237657773924352400
14.43838,16.34561,14.31345,14.31345,0.02106748,1237657772321472671
16.17149,18.32846,16.12972,16.11435,0.02099713,1237657772321472648
14.71245,17.00643,14.79716,14.79716,0.04059037,1237657770705289291
14.09796,16.33139,13.97507,13.97506,0.04139588,1237657770705289289
14.86881,17.09614,14.87457,14.76003,0.04216763,1237657770705289247
14.87493,17.41411,14.69968,14.80194,0.05664571,1237657632188727350
15.50386,17.31174,15.25981,15.39015,0.03906217,1237657630590369984
13.36655,16.70117,13.38358,13.41541,0.05783932,1237657630590238967
14.03583,17.12199,14.0605,14.05496,0.0521294,1237657630053433424
15.25098,18.02475,15.31116,15.11014,0.0704384,1237657630042161415
16.21528,17.83703,16.14352,16.14352,0.04257093,1237657629513810174
14.86931,17.60877,14.57861,14.66856,0.04379636,1237657629513810033
15.33594,17.20679,15.25356,15.25359,0.05387728,1237657629512892647
15.67999,16.69102,15.59652,15.59653,0.08546984,1237657629511713101
15.16599,16.93916,15.17271,15.17269,0.08670525,1237657629511712801
14.32619,16.17709,14.28652,14.28653,0.06742224,1237657629505355824
14.76304,16.53874,14.60789,14.60869,0.01560112,1237657628446097434
16.43969,17.3863,16.32617,16.34757,0.06505626,1237657628439412747
16.42952,18.27931,16.53528,16.39913,0.06740434,1237657628439347487
16.07329,17.46874,15.90995,15.98411,0.06638601,1237657628439347343
13.51616,15.74552,13.4508,13.4508,0.06633007,1237657628439347341
15.55066,16.39937,15.40618,15.40618,0.08403949,1237657628432007196
13.67268,16.27684,13.61766,13.63838,0.08639835,1237657628431679510
15.62122,17.40232,15.48875,15.48875,0.04562306,1237657627919384583
17.22747,18.29792,17.26003,17.1627,0.04592289,1237657627919319144
14.71538,17.17268,14.3414,14.4357,0.04610667,1237657627919319142
14.96154,17.04256,14.85798,14.85797,0.04618232,1237657627919319141
14.42612,16.86281,14.23723,14.34108,0.02959999,1237657612341543037
16.2893,17.67359,16.35773,16.21514,0.03073063,1237657612341543027
15.23686,17.1613,15.12079,15.20378,0.04517289,1237657608040349898
13.66714,16.99711,13.48803,13.59415,0.06742294,1237657606427246665
15.27334,16.71947,15.22223,15.22223,0.06392071,1237657606427181201
13.81774,15.95242,13.70009,13.70009,0.06205011,1237657606427115653
14.86636,17.1905,14.88038,14.82636,0.08825339,1237657606426788079
15.86289,18.15084,15.53111,15.70582,0.08260667,1237657606426787999
14.75957,16.61714,14.81753,14.81756,0.08908915,1237657606426722476
13.77664,16.22865,13.66259,13.68578,0.1013242,1237657606426722319
16.04221,17.26024,15.9158,15.98533,0.08541017,1237657606426591432
16.06098,17.98533,16.13422,15.95755,0.07495527,1237657595689304281
16.43146,17.79318,16.42877,16.41166,0.04218497,1237657591934025877
16.74375,17.85419,16.56039,16.65598,0.04715432,1237657591934025822
14.15168,16.0836,14.16731,14.16733,0.04772734,1237657591934025821
15.17849,17.97044,15.19931,15.06549,0.04592364,1237657591934025805
13.46718,17.0659,13.00749,13.18617,0.03474413,1237657591394467915
15.84689,17.43882,15.85318,15.83107,0.02878351,1237657591393157322
14.2844,16.50594,14.09654,14.1938,0.02930775,1237657591393157289
16.86295,18.46322,16.86903,16.81278,0.03015599,1237657591393157204
15.06776,17.74401,15.19567,15.0352,0.02892616,1237657591393157159
13.36367,16.71885,13.19279,13.24701,0.04493137,1237657591386079240
14.42174,16.53457,14.48888,14.4175,0.03321387,1237657590857531471
15.77387,17.64787,15.51592,15.62224,0.03752559,1237657590857400524
14.89842,18.28218,14.45302,14.67898,0.02547943,1237657590311616620
15.98693,18.45841,15.9683,15.9683,0.06688514,1237657400806342833
15.77832,18.56765,15.79091,15.70044,0.02810375,1237657242434732134
16.40038,18.95214,16.43007,16.36721,0.03792934,1237657242433093724
16.52612,18.3206,16.63056,16.47364,0.04125055,1237657242433028277
15.79549,17.45683,15.65149,15.65923,0.03763959,1237657242433028261
13.80234,16.11887,13.67072,13.67073,0.03653203,1237657242433028141
15.22723,17.63872,14.93025,15.03835,0.03832322,1237657242432962703
13.95989,16.05183,13.84468,13.8447,0.03880846,1237657242432897038
13.25128,16.51945,13.12075,13.15014,0.02374091,1237657220414308527
15.12911,17.676,14.87165,14.92008,0.02392662,1237657220414308480
15.94952,18.00633,15.93059,15.86516,0.02596393,1237657220414308395
13.83087,15.78457,13.7534,13.75338,0.05325881,1237657117875372073
12.49642,15.17228,12.39618,12.39618,0.06781275,1237655745088061490
16.25157,18.12068,15.91947,16.12963,0.1314718,1237655744023691585
14.21585,17.46366,13.95659,14.13301,0.1309088,1237655744023691333
17.01618,19.30053,16.98085,16.95611,0.1298056,1237655744023626322
15.41393,16.97091,15.32639,15.32639,0.127416,1237655744022970674
15.96729,18.90222,15.94629,15.87008,0.1266143,1237655744022511821
14.68188,16.56539,14.54987,14.63683,0.1130907,1237655744022446248
16.60446,18.86006,16.69453,16.59177,0.1143719,1237655744020545738
14.06227,16.13112,13.96174,13.96269,0.1185641,1237655744020545540
15.48069,18.03505,15.42569,15.4257,0.1027684,1237655744020349122
14.68188,16.55865,14.52107,14.55267,0.1026297,1237655744020349119
17.48664,19.09241,17.45884,17.45885,0.1017178,1237655744020349114
14.46182,16.27598,14.34689,14.34685,0.04557746,1237659161199771728
14.38063,16.49625,14.30307,14.30307,0.05460528,1237659131675213861
15.1078,16.61395,15.05603,15.05744,0.1197633,1237659120414687490
15.51899,17.57737,15.31706,15.40364,0.0313291,1237658801505501410
15.59437,17.90593,15.617,15.5755,0.06438204,1237658298999898164
16.19641,17.75879,15.9765,16.06995,0.0653629,1237658298999832751
15.25743,16.6681,15.13615,15.155,0.02701302,1237659161201803476
13.78917,15.75297,13.74357,13.74355,0.02695584,1237659161201803392
15.29949,16.54966,15.21883,15.21883,0.02605437,1237659161201803332
15.54986,18.44681,15.53965,15.53965,0.05771647,1237659161195249868
15.62713,18.37888,15.63887,15.55879,0.05040546,1237659161195249691
13.19124,15.84074,13.03341,13.04181,0.05113005,1237659161195249685
16.82977,18.73605,16.81327,16.74449,0.02975851,1237659149921091774
14.54496,16.58091,14.45067,14.45065,0.03046183,1237659149920960691
16.38668,17.48192,16.34003,16.34003,0.04821703,1237659133289693298
14.45603,16.36313,14.39898,14.39895,0.04868591,1237659133289693297
13.38293,15.89673,13.27148,13.27149,0.04737417,1237659133289627743
16.99801,18.68968,17.04887,16.87209,0.05121785,1237659131675148445
17.21799,18.25086,17.21042,17.21042,0.05136786,1237659131675148384
15.28714,17.05817,15.50471,15.5047,0.0516876,1237659131675148382
14.76994,17.12109,14.53064,14.64583,0.1237986,1237659120414621821
14.19055,16.01162,14.06371,14.08916,0.1336171,1237659120414490818
14.92274,17.85195,15.04322,14.96404,0.05750144,1237659120404332715
14.68296,16.85894,14.53722,14.61436,0.148084,1237659119877554442
16.46268,17.37058,16.41844,16.41844,0.1468303,1237659119877554253
13.79241,16.14589,13.65861,13.6596,0.1485427,1237659119877554250
15.45277,17.15635,15.36794,15.36794,0.1532229,1237659119877554191
13.89421,15.96508,13.78293,13.78293,0.0586821,1237658917459918989
15.93971,18.71225,15.89755,15.89754,0.03711909,1237658916386242683
15.88177,18.64702,15.91679,15.80915,0.03817158,1237658803114475756
13.76886,16.1115,13.62612,13.62613,0.03497025,1237658803114475562
15.86365,17.1247,15.72845,15.74156,0.02830184,1237658803111854218
14.79318,18.70098,14.73824,14.88238,0.04921331,1237658800968761371
13.18272,15.83961,13.05297,13.07576,0.0488718,1237658800968761369
15.24535,16.66517,15.21835,15.21835,0.04868947,1237658800967254171
14.45506,17.17317,14.30973,14.40364,0.05184291,1237658800967254132
13.18445,15.69378,13.07232,13.07232,0.04833035,1237658800967188670
13.60658,15.85504,13.44953,13.45308,0.04388346,1237658800967188592
13.96725,16.51276,13.83038,13.88612,0.04357353,1237658800967188515
16.26549,17.87567,16.138,16.14991,0.04539755,1237658612519272647
13.66279,16.17977,13.56048,13.56049,0.04090137,1237658612519272452
14.88531,17.02584,14.88184,14.88201,0.03630273,1237658612519206931
14.47626,16.63033,14.37057,14.39719,0.03648677,1237658612519141592
14.45337,17.63075,14.94769,14.88555,0.03712117,1237658612519141394
15.39557,17.29062,15.23338,15.26591,0.03773632,1237658612519141393
15.37027,16.75064,15.24669,15.24669,0.03583549,1237658612519141391
13.1759,15.87857,13.03904,13.03905,0.03715999,1237658612519141389
13.86622,15.81874,13.73299,13.73297,0.04217143,1237658612519075952
13.22518,15.68618,13.06447,13.06444,0.04463322,1237658612519075853
15.05489,18.21354,15.05031,15.02802,0.04345076,1237658611982270552
15.96941,17.42755,15.75249,15.78868,0.07634744,1237658493355622464
13.0883,16.55691,12.83469,12.93684,0.07835491,1237658493355557008
14.75117,16.6718,14.51657,14.64094,0.07917441,1237658493355556921
14.48311,16.2828,14.40691,14.40689,0.07917687,1237658493355556919
13.85808,16.23991,13.78171,13.78172,0.07532194,1237658493355425827
16.2184,17.62955,16.05863,16.09367,0.0493067,1237658493353656373
14.00764,16.29879,14.02677,14.02677,0.05863152,1237658493346250798
14.39399,17.38056,14.13522,14.2352,0.06552485,1237658424075813067
16.99626,17.72712,16.93851,16.94843,0.05107178,1237658311329906831
16.11837,18.89596,16.07173,16.07173,0.05754019,1237658311329906723
13.74222,15.83778,13.6088,13.60875,0.03593751,1237659161200164882
14.36167,16.78646,14.29435,14.32424,0.04786405,1237659161197019316
15.57006,17.50874,15.35494,15.43596,0.04620889,1237659161197019293
15.7641,18.71184,15.84261,15.75716,0.04706669,1237659161197019182
15.55222,18.33965,15.53127,15.53127,0.05242894,1237659161196953825
15.40413,18.07622,15.04368,15.24466,0.1015164,1237659153686856106
16.79296,18.69821,16.4324,16.64852,0.1732741,1237659153685479964
14.17296,15.95835,14.04314,14.04314,0.1786384,1237659153685479679
16.34633,17.60372,16.22995,16.23578,0.02915017,1237659150459142313
16.14375,18.28742,16.18532,16.15398,0.03408019,1237659150459142296
13.51996,15.82746,13.38172,13.38172,0.02801362,1237659150459142239
15.54667,18.21967,15.54012,15.51934,0.03461434,1237659149921157266
14.05461,15.99993,13.98895,13.98895,0.02277385,1237659146705764387
16.08917,17.70201,15.95656,15.95651,0.02785252,1237659146705698902
15.01956,17.39804,15.02269,14.95025,0.03102307,1237659146705698884
16.17653,17.34695,16.12272,16.12272,0.02035312,1237659144558477427
14.16667,16.79038,14.02368,14.09328,0.0460507,1237659133287923957
15.08678,16.59814,14.96845,14.99442,0.04020747,1237659133287923860
15.82634,17.04521,15.7539,15.75393,0.03972925,1237659133287923800
14.73615,16.68778,14.64855,14.64855,0.04542997,1237659133287923758
14.61799,16.60827,14.49599,14.50777,0.04526013,1237659133287923757
15.32079,16.89079,15.29964,15.29963,0.06026143,1237659133284909256
16.09418,17.98496,16.22181,16.07,0.05490366,1237659133284843828
16.33698,18.53355,16.05815,16.07752,0.04720764,1237659133284778240
12.93098,16.16409,12.99271,12.98193,0.06596388,1237659132751642708
15.76816,17.10725,15.65841,15.67259,0.06441034,1237659132751642639
13.03948,16.17996,12.96084,12.98193,0.06153561,1237659132751577262
14.2819,17.89294,14.25714,14.24842,0.06644781,1237659132751577202
13.48092,16.42005,13.39366,13.44192,0.0604344,1237659132751577102
15.52842,16.93706,15.42149,15.42145,0.04688145,1237659120938516594
13.97167,15.85344,13.84329,13.8433,0.06140704,1237659120399613971
12.90329,15.92133,12.75474,12.75476,0.0378057,1237658919069614163
15.52873,17.8267,15.56498,15.4882,0.03394547,1237658919069548563
15.76706,17.21926,15.59807,15.66524,0.03006659,1237658918530056413
16.96233,17.83112,17.006,16.89671,0.03044619,1237658918530056399
14.26,16.21939,14.24919,14.24919,0.03023798,1237658918530056305
14.50085,16.94245,14.41632,14.49452,0.04123134,1237658918529925284
16.45895,18.49892,16.44594,16.38844,0.03449962,1237658917995348143
13.48783,16.02097,13.34735,13.34737,0.05641321,1237658917459918871
15.56893,18.45899,15.58902,15.44597,0.02990581,1237658916923834489
15.53395,18.14693,15.49453,15.49454,0.03157732,1237658916923768882
13.8402,16.13023,13.73696,13.73696,0.03604588,1237658916385390676
14.84297,16.54659,14.7652,14.7652,0.03709111,1237658802577539120
16.7859,18.65443,16.86998,16.66891,0.02982661,1237658802577145925
15.21901,16.71021,15.13231,15.13232,0.0297067,1237658802577145864
14.07777,17.01138,14.09757,14.10002,0.0306515,1237658802577080463
14.00549,16.01348,13.89277,13.89277,0.03071297,1237658802577080326
13.65061,15.63772,13.5489,13.5608,0.03335554,1237658802572361742
15.08167,16.68572,14.9469,15.01741,0.03526665,1237658802572099607
12.84933,15.19462,12.74576,12.7588,0.03683756,1237658802572099605
16.40802,18.80523,16.4722,16.22834,0.05852685,1237658802041716895
15.03992,16.63356,14.90709,14.9537,0.05736888,1237658802041716762
15.30675,18.19464,15.28345,15.24764,0.05760758,1237658802041651318
16.13695,17.70075,16.26194,16.10363,0.04117275,1237658800431104162
13.74872,16.10359,13.67702,13.67702,0.0419891,1237658800431104015
16.21858,18.51593,16.19084,16.16849,0.03493606,1237658614126346384
15.8481,18.33055,15.83968,15.76143,0.04495121,1237658613596618864
15.82131,17.43439,15.63241,15.70721,0.0454722,1237658613596618862
16.45458,18.64693,16.47656,16.36042,0.03920681,1237658613596618841
16.51775,17.79603,16.35395,16.41771,0.05143329,1237658609829871658
16.84435,18.3837,16.54745,16.66504,0.04075996,1237658608219848869
14.44438,16.63928,14.35627,14.35623,0.04265193,1237658608219848819
16.01562,17.33842,15.89722,15.89722,0.04299653,1237658608219848803
14.74077,17.41206,14.42618,14.5533,0.08428206,1237658493892624511
15.14738,16.42912,15.06046,15.09546,0.09197851,1237658493891903616
14.65897,16.30271,14.5789,14.57892,0.08774471,1237658493891903612
13.51347,16.4848,13.30463,13.35855,0.09135267,1237658493891903500
15.08031,17.29623,14.94932,15.04261,0.07636042,1237658493891706939
16.25855,18.49006,16.27433,16.27434,0.06702839,1237658493883711660
15.19371,18.42028,15.15267,15.13339,0.06768025,1237658493883711562
14.70425,16.50431,14.64576,14.64575,0.06735152,1237658493883711521
14.17363,16.73953,14.20464,14.11836,0.06678589,1237658493883580478
15.03138,18.29932,14.76072,14.88499,0.06043826,1237658492809511086
14.55941,16.76477,14.46245,14.46244,0.06325409,1237658492809445563
17.07756,19.08023,17.04932,17.04932,0.06358156,1237658492278735050
15.33767,17.1945,15.16402,15.21701,0.06700971,1237658492278734937
14.46798,16.73203,14.37002,14.40169,0.06572495,1237658492278734920
14.30506,16.20866,14.18273,14.18274,0.05665972,1237658492278669408
14.62876,16.20026,14.54105,14.57132,0.07073623,1237658491749400635
14.89561,17.27761,14.63815,14.81163,0.05946439,1237658491735179378
15.55067,18.20304,15.59837,15.50678,0.05416719,1237658491735048241
14.26189,16.93252,14.10701,14.15271,0.05463333,1237658491734982745
15.87074,17.88882,15.92955,15.7606,0.06068596,1237658491211874420
16.37951,17.61052,16.24605,16.29426,0.06296676,1237658491211809011
13.71754,15.76506,13.65476,13.65479,0.06138106,1237658491211808865
16.09531,17.22067,15.9742,16.00711,0.05723904,1237658491204730988
16.03645,17.67898,15.87651,15.94617,0.05839466,1237658491204665407
13.97786,16.15076,13.88079,13.88077,0.05745928,1237658491204665406
15.21479,17.43896,15.1386,15.15006,0.05820037,1237658491204665353
14.92167,16.63236,14.90063,14.90063,0.06371076,1237658425172164755
13.97023,15.78702,13.95947,13.95948,0.05997705,1237658425165807733
15.48513,19.26777,15.39869,15.38748,0.05334338,1237658425165742187
17.0314,18.34074,16.80265,16.88383,0.05907809,1237658425163841691
14.27086,16.30589,14.23576,14.2358,0.05848343,1237658425163841661
15.47013,17.71623,15.24218,15.32723,0.06181297,1237658425163776192
14.25841,16.85681,14.11363,14.19403,0.06216059,1237658425163776048
16.09289,17.55745,15.94795,15.94794,0.06831518,1237658423555784775
15.72197,18.38585,15.68381,15.65964,0.04174738,1237658313478045858
15.58263,18.60243,15.52051,15.51965,0.03174688,1237658312943796369
13.55316,15.96962,13.40208,13.40208,0.0379459,1237658312943665169
15.35168,17.49885,15.1792,15.19756,0.04809432,1237658312943599687
15.03117,17.67404,15.10438,14.9925,0.0441225,1237658312939798811
12.64625,16.51844,12.56016,12.62882,0.04593281,1237658312939798567
15.91746,17.05902,15.76021,15.76021,0.05659534,1237658311329906902
14.03332,16.72081,13.9071,13.96196,0.05780907,1237658311329906861
14.99005,16.86565,15.04481,15.04477,0.03070519,1237658310794477718
16.42031,17.52786,16.30385,16.33661,0.03227917,1237658310794477714
14.60338,16.83435,14.47749,14.5068,0.0328161,1237658310794412217
14.90428,16.61791,14.73957,14.73957,0.03219918,1237658310794412098
13.63295,16.2384,13.59532,13.59532,0.03212721,1237658310794412097
14.81729,16.85382,14.70379,14.70903,0.02928635,1237658304886079663
16.97428,18.10082,16.87497,16.88535,0.03185832,1237658304886079607
15.51961,17.81335,15.33636,15.35217,0.02822121,1237658304886014057
17.39514,18.56716,17.26233,17.29924,0.01931892,1237658302202970401
15.36037,17.07215,15.38919,15.31937,0.06131493,1237658300056666563
13.62111,15.74117,13.50754,13.50752,0.06198094,1237658300056666510
15.56139,16.98461,15.49374,15.49644,0.06155622,1237658300056666431
12.83385,16.40379,12.70015,12.72731,0.06302466,1237658300056666239
15.41934,17.84848,15.46063,15.36769,0.06226859,1237658300056601430
13.70089,16.15075,13.58,13.58,0.06371947,1237658300056600704
14.57626,17.82739,14.72294,14.56283,0.07187005,1237661068178030615
15.14025,16.65226,15.00669,15.00669,0.02793755,1237659330849276115
14.18421,15.90235,14.08159,14.08158,0.03501621,1237659326562304075
16.43395,17.95387,16.19615,16.32396,0.02743444,1237659161201803605
17.13691,19.12639,17.15943,17.02634,0.07529327,1237661068724273255
16.34928,18.99842,16.31742,16.31742,0.07059419,1237661068724207750
15.28814,16.79629,15.28699,15.28699,0.07092281,1237661068724207699
16.09534,17.74677,16.16169,15.98784,0.06861907,1237661068188909635
15.03855,16.79,14.94309,14.94311,0.03963365,1237661068181831920
13.9951,16.55776,14.03999,14.04,0.03845566,1237661068181831776
14.80398,16.20207,14.62638,14.62638,0.03720595,1237661068181766380
15.33697,17.23846,15.2259,15.2259,0.03641874,1237661068181766366
15.14734,16.59901,15.01903,15.01903,0.06599138,1237661065489612923
15.15647,16.8753,14.95676,14.99387,0.06639518,1237661065489481886
13.46083,15.69482,13.39294,13.39293,0.05049103,1237660613973049348
15.6315,18.70352,15.5955,15.55939,0.05200778,1237660613972983968
15.45645,16.69452,15.36077,15.36077,0.05628372,1237660613972918418
16.24931,18.45376,16.2376,16.2279,0.06195815,1237660613972918322
15.34247,18.03537,15.32026,15.23458,0.05101215,1237660612903305331
15.52764,16.70386,15.39648,15.39646,0.07902028,1237660561894801911
14.85911,16.89416,14.78522,14.78522,0.03256252,1237659330853470514
15.48565,17.80838,15.51264,15.39516,0.04241565,1237659330848817308
15.62667,17.13951,15.45988,15.51253,0.04105817,1237659330848817278
14.94589,16.50479,14.77069,14.7912,0.04378914,1237659330848817218
17.21619,19.28915,17.16963,17.16967,0.03654569,1237659330848751818
16.74655,18.70712,16.69451,16.69454,0.03611611,1237659330848751807
16.41726,18.35683,16.41428,16.34121,0.0378763,1237659330848751703
14.30429,16.60343,14.15167,14.16935,0.03850823,1237659330848751701
15.30787,17.46282,15.09007,15.21142,0.03328681,1237659330848292959
16.75696,17.75707,16.78197,16.67187,0.0301746,1237659330312536341
14.64307,16.07366,14.51721,14.5172,0.02008571,1237659329778483267
13.21918,16.06294,13.15935,13.17436,0.04248136,1237659327103696926
15.37191,18.3831,15.48975,15.48975,0.03685704,1237659327103631521
17.37069,19.02058,17.46402,17.3617,0.03698,1237659327091900583
14.67843,16.57052,14.54519,14.62067,0.03836248,1237659327091900425
17.04156,19.07755,16.98078,16.92582,0.02599321,1237659327090458728
15.67812,17.09059,15.55638,15.59969,0.03514232,1237659326562304351
16.47072,17.59588,16.32384,16.3542,0.03519076,1237659326562304335
15.84442,18.19284,15.86598,15.76712,0.03208874,1237659326026547606
13.78953,16.2694,13.69218,13.69214,0.03108689,1237659326026547328
15.39005,18.54799,15.3779,15.31319,0.03521786,1237659326026416253
14.01866,16.21734,13.88325,13.88368,0.04582899,1237659324957327415
15.34388,16.93921,15.18544,15.1978,0.04743546,1237659324957262004
15.95381,18.00801,15.94551,15.90548,0.05184788,1237659161736118494
14.57181,16.50292,14.48463,14.53329,0.04894909,1237659161736052817
13.67676,15.7085,13.56445,13.56445,0.04002665,1237659161735921721
16.3902,17.67974,16.25961,16.26133,0.03974628,1237659161735856432
14.98459,17.12078,14.80556,14.80836,0.09528919,1237661068726698006
15.99054,17.04623,15.85954,15.86176,0.0967017,1237661068726697998
15.05573,17.44411,14.75965,14.94597,0.07085239,1237661068724338778
14.41606,16.27543,14.36064,14.36064,0.07044259,1237661068724207645
15.70375,18.10907,15.43188,15.53736,0.06726562,1237661068716540080
15.92094,18.23596,15.56594,15.82661,0.08029123,1237661068714508526
16.11784,17.11783,16.02025,16.03565,0.0817067,1237661068714508360
16.146,17.74414,15.85442,15.94869,0.09116469,1237661068714442879
16.47526,18.37578,16.50618,16.39706,0.07521377,1237661064956280858
15.42992,16.71431,15.37346,15.37345,0.0736977,1237661064956280854
13.56818,15.88874,13.46773,13.46772,0.07370038,1237661064956280853
16.30046,17.9216,16.33997,16.21172,0.07324857,1237661064956215526
15.3776,17.13774,15.20656,15.24756,0.06228536,1237661064955822094
15.74881,18.27596,15.78573,15.78421,0.08552811,1237661064952545443
16.4398,19.33757,16.43319,16.27403,0.0852081,1237661064952545415
15.05518,16.65342,14.97444,14.97443,0.0870235,1237661064952480026
13.89763,16.39934,13.67778,13.69541,0.08666243,1237661064952480025
15.65554,18.57514,15.625,15.60093,0.08659513,1237661064952479995
15.51853,18.18098,15.16371,15.32328,0.04043429,1237660961866776723
15.82052,18.32352,15.79147,15.79147,0.03567101,1237660961866580160
15.32204,17.21606,15.17131,15.1713,0.03814727,1237660960792379568
14.46936,16.10674,14.31953,14.31954,0.07681213,1237660936090681416
16.09617,17.84604,16.04887,16.04885,0.03652111,1237660764842164280
13.49906,16.71679,13.12386,13.2573,0.03655799,1237660764842164279
15.4669,17.48815,15.18758,15.32893,0.0784361,1237660671429968008
15.41868,16.74459,15.27901,15.27901,0.07754581,1237660671429967979
14.19286,16.14219,14.05095,14.05094,0.07716405,1237660671429967884
14.36737,16.71374,14.14726,14.24444,0.07530651,1237660671429902353
15.57194,17.11892,15.50683,15.5068,0.0669262,1237660670888902789
15.81173,18.35126,15.7718,15.71075,0.06722111,1237660670888902772
15.01855,16.31425,14.90923,14.91684,0.06552833,1237660670888902710
13.88431,16.48874,13.8034,13.80341,0.06718004,1237660670888837190
14.44127,16.10787,14.30648,14.30643,0.07581984,1237660670355636291
13.91982,16.4737,13.84136,13.84133,0.07243175,1237660670355570882
14.3568,16.29216,14.24071,14.31699,0.0689375,1237660670355570718
17.7378,18.9997,17.72945,17.71479,0.05812467,1237660669818306648
14.98761,16.71227,14.91127,14.91118,0.05628508,1237660669818241082
14.77939,16.45712,14.62706,14.62706,0.05683672,1237660669818241081
15.16462,16.74523,15.02464,15.03188,0.05698068,1237660669818241070
15.89148,17.5367,15.71738,15.73874,0.08698127,1237660669814964240
15.47516,18.44828,15.51252,15.39925,0.04149303,1237660636533031076
13.10273,16.11304,13.06025,13.06025,0.04492141,1237660636533030975
15.06092,16.56775,14.93741,14.93942,0.04509281,1237660636001075218
13.81501,16.13947,13.60351,13.64278,0.04538784,1237660636001075217
14.7798,16.72256,14.69216,14.69217,0.04495264,1237660635996160210
14.18626,15.92533,14.0745,14.07452,0.04169231,1237660635996160045
14.13855,16.17412,14.1195,14.11952,0.04071218,1237660635996094498
16.65512,18.76337,16.72927,16.59566,0.03930169,1237660635995308152
14.42605,16.50674,14.31525,14.31524,0.03494346,1237660635995308051
16.23539,17.17741,16.13299,16.133,0.0393303,1237660635995242604
14.95985,16.34248,14.89699,14.90837,0.03320353,1237660635989737560
15.94591,17.51056,15.7489,15.84098,0.02587049,1237660635461779634
14.11673,16.41743,13.88039,13.92584,0.02733073,1237660635461779518
13.45414,15.68123,13.34721,13.34721,0.02558228,1237660635461779469
15.79859,18.9387,15.70588,15.70588,0.02203964,1237660635461124137
15.85074,18.54983,15.7873,15.7873,0.02313486,1237660635461058688
15.6235,17.41816,15.6364,15.51223,0.02759447,1237660635458437230
15.51168,16.85255,15.44027,15.44027,0.02776605,1237660635458371703
15.73826,18.56958,15.71114,15.69929,0.02934802,1237660635452801172
15.09742,17.74136,15.06735,15.06735,0.01781204,1237660634924646525
13.38324,15.91003,13.25172,13.28298,0.0377337,1237660634921107512
13.34436,16.54393,12.95915,13.08277,0.040339,1237660634921041978
14.39473,17.94952,14.6424,14.52863,0.03802324,1237660634920976629
14.8437,17.45399,14.86969,14.71803,0.04868878,1237660634917765291
14.92222,17.75425,14.93617,14.85776,0.04063324,1237660634386137189
16.33584,18.31552,16.07295,16.13616,0.04015116,1237660634386137172
13.36274,15.93879,13.2631,13.26309,0.03427203,1237660634386071585
16.23556,17.35353,16.10599,16.16004,0.03249374,1237660634386006121
14.927,17.75963,14.6514,14.72473,0.03842316,1237660634380828803
14.76618,16.83907,14.55481,14.60354,0.08305219,1237660561894801791
16.42426,18.68414,16.4252,16.4243,0.08204929,1237660561894801766
17.69105,19.5392,17.65174,17.65173,0.08207021,1237660561894801475
14.83241,16.77988,14.7848,14.78472,0.08182984,1237660561894801429
14.9852,18.27126,14.98128,14.9813,0.04247584,1237660345008717949
14.68702,16.66126,14.58609,14.58605,0.03132019,1237660343935041725
13.43093,15.79471,13.30603,13.30866,0.03232001,1237660343935041576
15.78317,18.21832,15.82604,15.69345,0.03491644,1237660343934976007
15.90491,18.17433,15.91399,15.77782,0.03664575,1237660342862938375
16.36554,18.14961,16.26951,16.46926,0.03679748,1237660342862938125
13.44024,16.27623,13.3962,13.3962,0.03701955,1237660342862872626
15.15594,16.26149,14.95369,14.95369,0.03695188,1237660342862872624
16.76406,18.55984,16.74557,16.74558,0.04283269,1237659330312011871
12.87145,15.03044,12.7379,12.7379,0.0484716,1237659329780121695
14.10252,17.09936,13.86343,13.96097,0.04557575,1237659329780121629
15.29673,17.02768,15.22484,15.23289,0.04845209,1237659329775140940
16.17586,17.37743,16.0982,16.0982,0.03344133,1237659329773699247
13.64974,16.10615,13.52901,13.529,0.03605512,1237659329773633700
16.19487,17.91587,16.2136,16.16388,0.03508271,1237659329773633620
15.89379,17.48429,15.76946,15.77604,0.02867598,1237659329239974138
14.13844,15.656,14.05261,14.05262,0.03738863,1237659329239777432
16.2532,18.25845,16.26011,16.23619,0.03683469,1237659327099896158
14.47034,16.78911,14.39746,14.42888,0.03634128,1237659327099896118
15.97108,17.99687,16.09252,15.90064,0.03680699,1237659327099896083
16.9194,18.08013,16.92513,16.87935,0.03692643,1237659327091835101
16.52425,18.64543,16.51832,16.37945,0.0420023,1237659326567678032
13.61868,15.80827,13.57686,13.57686,0.03610492,1237659326567612655
15.07193,16.68044,14.97544,14.97546,0.0273483,1237659326019600545
14.18033,16.32762,14.05106,14.05101,0.03778854,1237659326018420756
16.39565,18.50651,16.40707,16.30136,0.03750441,1237659326018355471
14.769,17.38186,14.63199,14.74729,0.03683205,1237659326018355451
16.22044,17.49981,16.08496,16.11343,0.02706779,1237659325492560241
15.87587,17.10224,15.72482,15.75521,0.02995742,1237659325492560003
13.71757,16.62268,13.63009,13.68386,0.03192415,1237659325492559961
15.66074,17.33062,15.7476,15.74772,0.02353337,1237659325491904764
15.10048,16.91037,15.02333,15.03451,0.02244419,1237659325491904550
14.46246,16.8773,14.32224,14.36542,0.0205457,1237659325491839305
14.53972,16.49581,14.42894,14.42892,0.03967293,1237659325489217903
16.86845,19.00481,16.79487,16.79104,0.04883552,1237659325489217804
16.96032,17.97171,16.83433,16.86149,0.04424233,1237659325489217798
14.42792,16.1164,14.3022,14.3203,0.04990112,1237659325489152123
15.68222,18.05181,15.7085,15.67535,0.0388895,1237659325487644730
16.44225,17.48907,16.30108,16.34057,0.03472329,1237659324953854326
16.31599,17.40233,16.22229,16.25961,0.03496517,1237659324953854292
13.5043,15.68803,13.41451,13.41448,0.03465405,1237659324953854088
14.30579,17.64999,14.33982,14.19523,0.03621925,1237659324953657528
15.27072,17.41742,15.31427,15.23438,0.03830786,1237659324950708386
16.8197,18.112,16.73292,16.73295,0.02096451,1237659324943237245
17.17387,19.36573,17.17172,17.07421,0.01948728,1237659324943237240
14.18227,16.18023,14.12815,14.12815,0.02186028,1237659324943237142
14.48827,16.22303,14.47635,14.47634,0.03626696,1237659324412526747
13.55237,15.96102,13.43442,13.4344,0.03745134,1237659324412526601
16.47705,18.41189,16.59264,16.39565,0.03740264,1237659324412461258
16.64095,19.73965,16.62895,16.44802,0.03213159,1237659163882029415
16.88078,19.2976,16.91509,16.69956,0.03676551,1237659163880915192
15.8593,16.95908,15.72126,15.72126,0.03706799,1237659163880915172
14.61853,16.43842,14.52332,14.52332,0.03661872,1237659163880914976
14.15698,16.04194,14.13167,14.14977,0.03897402,1237659163880849535
16.73606,18.86795,16.79964,16.71679,0.07927447,1237659162817855979
13.74024,16.34003,13.58484,13.65224,0.06225915,1237659162816020815
15.78588,17.08409,15.67168,15.72184,0.03831558,1237659162813858137
14.60871,17.39429,14.37667,14.43944,0.03045587,1237659162813530234
13.26895,15.81309,13.13242,13.13242,0.03049816,1237659162813530232
14.84162,16.4865,14.89556,14.89556,0.03038542,1237659162813464715
15.00479,18.16797,14.96804,14.96806,0.03687873,1237661382771474612
15.83755,17.04461,15.70534,15.76005,0.01887438,1237661387602919620
15.42909,17.52038,15.22915,15.34368,0.04809997,1237661385998401730
14.25185,16.68483,14.11781,14.14786,0.03489454,1237661382774161505
16.40373,18.2776,16.31189,16.43961,0.03540153,1237661382771409253
13.65294,16.16383,13.56973,13.56969,0.03546733,1237661382771409041
14.83282,17.64958,14.88591,14.75651,0.05041219,1237661381704548428
15.66599,17.83975,15.36373,15.52229,0.04743431,1237661381704548427
15.37517,16.99313,15.26757,15.26757,0.04555298,1237661381704548426
13.30591,15.43461,13.12874,13.12873,0.04909536,1237661381704548424
14.57067,16.05476,14.49497,14.5269,0.0372043,1237661381704548396
17.04682,19.51671,17.01562,16.99119,0.03093892,1237661381701861576
16.46474,17.57864,16.38073,16.38309,0.03280388,1237661381701861554
16.01524,18.99898,15.95818,15.95817,0.02703834,1237661357547389137
13.64167,16.06008,13.50235,13.50235,0.02820396,1237661357547388937
15.88831,17.95077,15.92297,15.86149,0.03466803,1237661356998262822
16.25764,19.08811,16.21791,16.21792,0.01815087,1237661387602985091
17.03042,19.2312,17.03411,16.91962,0.02733182,1237661387069194392
14.09764,15.74593,14.03505,14.05595,0.0404166,1237661386540253193
14.67503,17.2538,14.72018,14.58026,0.0405459,1237661386540187877
16.82353,19.44011,16.28114,16.56099,0.02976575,1237661386530881736
16.82379,18.95924,16.83421,16.72794,0.0301884,1237661386530750680
16.54906,17.55682,16.37246,16.42446,0.1109678,1237661386013147356
13.79591,15.98892,13.67211,13.67211,0.1116025,1237661386013147354
15.84741,17.53131,15.63358,15.72954,0.1089275,1237661386013147302
16.44774,18.87739,16.38709,16.3871,0.04680525,1237661386002268342
13.70916,16.40554,13.75429,13.82151,0.028444,1237661384383201308
15.83278,18.15923,15.893,15.72579,0.02911677,1237661383311098033
15.01822,17.11041,15.06262,14.99925,0.03815819,1237661382240829504
14.21994,16.93833,14.24994,14.23626,0.03792883,1237661382240829503
15.83549,17.36132,15.85387,15.82837,0.03791782,1237661382240829459
14.2546,15.87217,14.23412,14.23408,0.04028554,1237661382234472533
14.40012,17.30834,14.26811,14.38256,0.05049017,1237661381704482927
15.98506,17.24559,15.87849,15.87849,0.03039567,1237661381704089681
16.00669,17.0739,15.90424,15.91575,0.04896737,1237661381703958722
13.83769,16.90866,13.64734,13.72359,0.0508047,1237661381703893047
15.99824,19.34272,15.92143,15.89949,0.04722687,1237661381703827579
13.03024,15.6523,13.00585,13.00585,0.02926821,1237661381699174422
14.97305,16.55001,14.80471,14.82144,0.02704168,1237661381699108952
15.79383,17.02059,15.71027,15.71028,0.03057458,1237661381699108924
15.02749,16.19521,14.94629,14.94629,0.03055559,1237661381699108923
14.40468,16.55254,14.41186,14.44132,0.02667696,1237661357547454497
14.77732,17.06444,14.8611,14.78168,0.02133436,1237661357538869384
14.40007,17.49784,14.17232,14.35721,0.02579543,1237661357538738227
15.85069,17.88319,15.90795,15.73232,0.02508442,1237661357538148520
16.26108,17.58358,16.10184,16.17503,0.02479094,1237661357538148509
14.4581,16.36905,14.34833,14.34833,0.0253041,1237661357538148407
16.45634,18.57648,16.49448,16.47459,0.03202272,1237661357535461544
13.95021,15.99674,13.79958,13.79959,0.03322998,1237661357535461419
15.56469,17.08219,15.38812,15.4058,0.02994332,1237661353244557433
16.97756,19.20445,16.92632,16.92632,0.02861652,1237661353244557397
14.30456,16.69309,14.22961,14.28373,0.02999989,1237661212581625874
13.63311,16.94673,13.70123,13.684,0.03090826,1237661139033784476
15.82466,17.48049,15.87967,15.74448,0.03560786,1237661138492522549
14.83049,17.22281,14.62235,14.66729,0.03692072,1237661138492457139
15.30066,16.75479,15.18436,15.18436,0.03210123,1237661137958863006
14.72954,16.92438,14.60434,14.6043,0.03428927,1237661137958862898
13.82064,16.52562,13.64794,13.66139,0.02473448,1237661137958666357
15.64657,17.13115,15.52618,15.53016,0.02697271,1237661137958666322
13.5788,15.94693,13.53672,13.53673,0.03769254,1237661137425334280
15.31612,17.64863,15.33277,15.26635,0.03177835,1237661137421336722
17.01637,17.82346,16.99339,17.00101,0.02987516,1237661137421271240
16.8574,17.78773,16.78934,16.79492,0.02609462,1237661137421271216
14.01755,16.37606,13.96124,13.96125,0.02518283,1237661137421271080
14.18108,16.05097,14.0356,14.04097,0.02484758,1237661136888922162
15.60111,17.12502,15.46805,15.52657,0.03327265,1237661136887939145
16.04978,17.86974,16.06822,16.00084,0.03434046,1237661136886366310
15.40828,16.99286,15.39678,15.38399,0.07901847,1237661125612273738
14.78213,16.33777,14.68325,14.68324,0.07405498,1237661069789823024
15.97127,18.9695,15.9318,15.9318,0.08071151,1237661069789561112
15.96115,18.23577,15.95951,15.8829,0.08079882,1237661069789561066
14.84883,17.7095,14.90411,14.79761,0.1202696,1237661069787660439
16.19785,17.26719,16.11544,16.11977,0.02098066,1237661388140642314
15.67642,17.54122,15.4495,15.58843,0.02354715,1237661388140576978
15.4467,16.73026,15.39241,15.39241,0.02242544,1237661388140511326
16.44568,18.03602,16.24369,16.34361,0.08827399,1237661387620876699
14.85051,16.79687,14.81164,14.81164,0.07709944,1237661387620876411
14.19752,16.217,14.01961,14.01961,0.07742311,1237661387620876410
16.25849,17.92716,16.02873,16.11464,0.0559843,1237661387619238463
16.33455,19.43682,16.30295,16.30295,0.05238121,1237661387619172794
13.7384,16.10206,13.69802,13.72847,0.05975115,1237661387619172464
14.30177,16.78492,14.1122,14.19107,0.03667438,1237661387616747577
16.17747,17.86523,15.97461,16.03637,0.03645771,1237661387616682025
14.16186,16.3832,14.0362,14.09636,0.03869934,1237661387079745734
14.44038,16.50993,14.41206,14.41206,0.02626526,1237661387069194275
17.09995,17.91115,17.10609,17.05796,0.02441707,1237661387069128794
16.004,17.84946,15.83826,15.93512,0.03613032,1237661386532978835
16.63875,18.28395,16.71943,16.54738,0.03117554,1237661386532913377
16.82715,17.79552,16.71567,16.74767,0.02962925,1237661386530816154
14.29731,16.36026,14.22925,14.22925,0.02994345,1237661386530816015
15.28412,16.8324,15.18117,15.18117,0.1246799,1237661386013213023
16.62862,17.58112,16.57194,16.57194,0.1064693,1237661386013147569
16.76961,19.32822,16.72346,16.72348,0.134986,1237661386012951043
16.90909,18.79171,16.97174,16.8271,0.1372488,1237661386012951041
15.90041,18.24468,15.9145,15.89749,0.1443209,1237661386012950941
14.58753,16.89193,14.60272,14.52946,0.03310709,1237661386004824207
15.04445,16.72645,14.92579,14.96559,0.04059165,1237661386003382586
15.88194,17.83598,15.71085,15.72315,0.04225074,1237661386003382392
13.16585,15.95111,13.03542,13.03542,0.04263888,1237661386003382291
15.47327,17.93971,15.47907,15.47907,0.043871,1237661386003317042
13.37425,15.53555,13.23251,13.23254,0.02854016,1237661383849214078
13.69495,15.94715,13.82337,13.84329,0.02905467,1237661383849214020
16.88,17.894,16.90696,16.82428,0.0415628,1237661383314768033
14.99902,17.77908,15.12146,14.97326,0.0423327,1237661383314702534
15.95059,18.71455,15.54642,15.81936,0.0452244,1237661383314702493
16.68234,18.74981,16.64974,16.64973,0.028075,1237661383311032451
15.85677,17.81936,15.96167,15.79649,0.03487271,1237661383308083258
14.41918,16.28306,14.33983,14.33985,0.03476037,1237661383308083205
15.86797,17.59466,15.8987,15.82808,0.03767447,1237661383308017837
15.27169,16.43612,15.17576,15.18601,0.03569933,1237661382240370700
15.92881,17.99354,15.68497,15.81372,0.03324758,1237661382240305326
16.42092,18.39723,16.39148,16.34263,0.02590598,1237661382236766371
16.70225,17.74056,16.62725,16.65976,0.02902026,1237661382235652236
16.3432,17.69015,16.26146,16.26147,0.02880403,1237661382235652235
16.59466,17.60921,16.48967,16.51401,0.02888231,1237661382235652234
14.55124,16.70012,14.48592,14.56186,0.02824672,1237661382235652124
14.946,16.65462,15.03086,14.96503,0.04203657,1237661381704024169
13.25212,16.33282,13.22249,13.29659,0.04298203,1237661381704024168
15.26156,17.54596,15.27211,15.26336,0.03906356,1237661362906398756
14.84797,17.33879,14.64433,14.68409,0.02590672,1237661361833574526
13.19173,15.81531,13.07133,13.07133,0.03829998,1237661358610186319
16.49593,18.74978,16.46321,16.43023,0.04563457,1237661358078165201
14.85598,16.23149,14.64371,14.66137,0.04490238,1237661358078165070
14.23762,15.86416,14.08013,14.08013,0.04487934,1237661358078165069
16.20016,17.39913,16.08408,16.0897,0.02946141,1237661357008355381
13.12092,16.5655,13.11043,13.147,0.04172892,1237661356998197278
12.79426,16.00573,12.70088,12.73742,0.01773776,1237661356464865320
14.44302,15.9847,14.3703,14.37029,0.01777633,1237661356464865319
15.56668,18.18244,15.57165,15.48037,0.02382898,1237661356464799824
13.86913,16.04205,13.95501,13.95501,0.02221527,1237661356464799823
15.35525,18.68528,15.29218,15.27922,0.03397606,1237661355926487130
16.20332,18.66243,16.15416,16.14298,0.03270124,1237661355926356096
14.27192,16.53213,14.16031,14.25467,0.03709825,1237661210975010820
16.46904,18.21085,16.54856,16.40593,0.03654378,1237661210974945542
15.28476,17.81832,14.98993,15.09478,0.03641434,1237661210974945541
13.55958,15.93662,13.44238,13.4424,0.03690519,1237661210974945409
13.72021,15.86747,13.5671,13.56814,0.03500193,1237661210974945290
16.66895,18.47829,16.35695,16.53542,0.03323706,1237661152450248875
14.69359,16.75417,14.64502,14.64502,0.03383456,1237661152450248784
16.14889,17.89676,15.91881,16.04853,0.03465842,1237661152450248713
13.71085,16.24611,13.55482,13.55485,0.03486426,1237661152450183230
14.12683,16.30361,14.00949,14.01993,0.03979241,1237661149767467017
15.31524,18.05766,15.31658,15.2581,0.04197897,1237661149767401532
12.00922,15.223,11.89328,11.90501,0.02991695,1237661139033784336
14.77813,17.38374,14.55509,14.65857,0.02883904,1237661139033718922
14.93016,16.17738,14.82433,14.82433,0.02941171,1237661139033718842
13.71227,16.95081,13.75247,13.77914,0.02853925,1237661139030900979
15.17311,17.75739,15.17148,15.11022,0.0289938,1237661139030900758
15.73081,17.22368,15.55208,15.62247,0.02800089,1237661139030900756
12.93687,16.01871,12.87703,12.87703,0.02816974,1237661139030900754
14.39799,16.16968,14.2918,14.2918,0.02461519,1237661139030835274
15.27532,16.76767,15.17802,15.17802,0.03607655,1237661137424875593
16.07781,18.37439,15.73543,15.92541,0.02882979,1237661137421205581
14.49941,16.6185,14.53839,14.53834,0.03240688,1237661137421205549
14.87369,17.72403,14.89863,14.84756,0.04264723,1237661137419108491
13.5771,15.87204,13.41696,13.42741,0.04059154,1237661137419108367
14.19494,16.24421,14.10732,14.10732,0.0336057,1237661136887939142
15.0812,16.66691,15.00748,15.00748,0.06769063,1237661125612142601
13.61323,16.68913,13.49018,13.49018,0.06889845,1237661125612077126
15.55794,19.02949,15.53028,15.41229,0.1060628,1237661124541087880
13.95667,16.3329,13.95556,13.95555,0.1207657,1237661124540956928
12.80019,15.40078,12.69337,12.69339,0.1214014,1237661124540956698
14.02349,16.35665,13.75067,13.78832,0.07212679,1237661087494045845
16.10093,18.28951,16.08656,16.05866,0.08283601,1237661070858059829
14.61099,16.65012,14.4375,14.44523,0.0657244,1237661070327087242
15.00987,17.34131,14.78505,14.91903,0.06153642,1237661070326890677
14.61731,16.53685,14.52919,14.59389,0.06180216,1237661070326890555
15.24899,18.48505,15.22842,15.18683,0.0974851,1237661070324858902
15.59569,17.66167,15.3388,15.42558,0.09766559,1237661070324858899
13.59246,16.27237,13.65701,13.6707,0.09623837,1237661070324858896
14.23665,16.32254,14.11495,14.11497,0.09667557,1237661070324858895
15.65432,17.25452,15.58085,15.58085,0.09913936,1237661069250789598
15.3335,16.56193,15.23086,15.23086,0.09489757,1237661069250789503
15.73938,17.36056,15.56496,15.59368,0.08979607,1237661069250789417
13.58112,15.90066,13.44119,13.46904,0.09210501,1237661069250789414
15.77955,18.15613,15.74262,15.74257,0.0900513,1237661069243580623
16.06555,18.60256,16.0715,15.96761,0.1211541,1237661069243515028
14.43346,16.0583,14.41652,14.41653,0.0902338,1237661069243514969
16.74595,18.61875,16.74174,16.72524,0.1326575,1237661069243449619
13.91909,16.52473,13.80585,13.81371,0.1278746,1237661069243449478
15.92347,17.93577,15.94483,15.87974,0.06059156,1237661812809859114
14.00839,16.04057,13.88023,13.88022,0.0651762,1237661949715808296
16.28953,18.3551,16.33962,16.26984,0.06745087,1237661949715808398
16.51637,17.82554,16.40242,16.41496,0.06859547,1237661949715808406
16.59518,19.53466,16.51656,16.51654,0.06065984,1237661949715808537
15.65127,16.97238,15.48139,15.48139,0.09221614,1237661949719412849
16.96145,18.55819,17.05189,16.86767,0.07987361,1237661949737828733
15.35352,16.89064,15.33008,15.33009,0.05125688,1237661950260347049
15.41926,18.35853,15.44269,15.39435,0.08955818,1237661950254448669
13.16264,15.63453,13.05803,13.05801,0.08976848,1237661950254448667
15.49863,17.84353,15.26152,15.37029,0.1367599,1237661949739597973
14.15639,16.07776,14.07999,14.08,0.08683575,1237661949737828379
14.42805,16.25142,14.38664,14.3866,0.07763891,1237661949737435408
13.3331,16.75792,13.09484,13.16451,0.07882874,1237661949737435267
14.69647,16.62638,14.59789,14.59789,0.07859287,1237661949737435263
14.30221,16.67529,15.13011,15.13011,0.078857,1237661949737435262
14.66725,16.52471,14.57458,14.57459,0.07834079,1237661949737435261
16.13209,17.16666,16.04253,16.0608,0.1031996,1237661949719478306
16.03768,18.92319,15.48405,15.84054,0.04780889,1237661949711286485
14.25894,16.55937,14.18211,14.1821,0.04478766,1237661949711220906
16.86485,17.65285,16.81811,16.81812,0.04530541,1237661949711220893
16.6147,18.14982,16.40518,16.46516,0.04559728,1237661949711220877
17.19075,18.18159,17.16338,17.16338,0.04517625,1237661949711220837
16.2512,17.74437,16.05029,16.15537,0.06095998,1237661949186474090
13.52474,16.04848,13.39048,13.39048,0.06060696,1237661949186474088
14.81822,18.23208,14.83127,14.6846,0.08197802,1237661948651438269
15.78728,17.37122,15.60659,15.7011,0.02958696,1237661874027102311
13.27023,15.40821,13.13179,13.13179,0.02929994,1237661874027102309
15.56022,18.13487,15.59676,15.52124,0.04340942,1237661873482956896
15.1177,17.24653,15.12766,15.11947,0.04149892,1237661873482891502
14.20886,16.13017,14.09935,14.09935,0.04094223,1237661873482891334
16.02435,17.57716,15.86327,15.90738,0.0400296,1237661873482891322
16.56722,18.41878,16.31242,16.41548,0.03914901,1237661873481384179
14.86753,17.52774,14.6781,14.71212,0.0485823,1237661873481318536
14.93311,18.69775,14.90094,14.90094,0.04541988,1237661873481318442
14.77998,16.19188,14.66366,14.67606,0.03386454,1237661852006678622
14.86779,16.78187,14.68841,14.74891,0.04662867,1237661850936541214
13.44742,15.85595,13.31588,13.33402,0.06968015,1237661816027742248
15.02883,16.8396,14.84768,14.96277,0.09133174,1237661813348434037
15.44175,18.18005,15.47995,15.36386,0.08563054,1237661812811563096
14.45898,17.56991,14.48966,14.48823,0.02645478,1237661434312196318
13.6499,15.9519,13.57428,13.57428,0.03026152,1237661434309247075
14.56113,16.18724,14.44575,14.44575,0.07233235,1237661949737500795
14.82123,16.65,14.67926,14.70729,0.07336675,1237661949737435196
14.59398,16.41545,14.49804,14.49804,0.07424121,1237661949737435170
14.25831,16.48168,14.14939,14.14942,0.1026663,1237661949719478406
16.74438,17.9642,16.62913,16.63211,0.1026382,1237661949719478403
16.4873,18.50202,16.47577,16.4636,0.1033306,1237661949719478394
15.31296,16.64733,15.21238,15.21239,0.07543697,1237661949200433494
13.98285,16.90053,14.00356,13.94786,0.08331516,1237661949197811931
13.93839,16.6436,13.81302,13.84856,0.08406645,1237661949197746205
15.69806,18.11084,15.67593,15.6461,0.06373516,1237661949186408636
15.39275,16.49832,15.29893,15.29893,0.06978969,1237661949186408622
17.35453,18.58632,17.4074,17.24709,0.05665344,1237661949178740942
16.2513,17.7418,16.25321,16.20384,0.05668584,1237661949178740908
16.34109,17.4305,16.24224,16.24224,0.0572438,1237661949178740904
14.37477,16.07701,14.3076,14.3076,0.0566297,1237661949178740758
14.80385,16.7935,14.67553,14.6943,0.05209652,1237661949178216474
14.81198,16.59274,14.7448,14.74478,0.05155972,1237661949178216473
12.08072,15.63346,12.18677,12.19167,0.05181313,1237661949178216472
16.53826,18.86976,16.4744,16.47441,0.07370407,1237661948639445082
15.79276,17.48149,16.26457,16.26457,0.03019122,1237661948636954655
14.26193,16.29548,14.10172,14.10172,0.03000274,1237661948636954654
15.02969,16.31069,14.90238,14.90378,0.03141186,1237661948636954627
15.89743,18.47335,15.86113,15.82776,0.03627232,1237661948636889161
13.77173,16.60099,13.71121,13.7112,0.06113572,1237661948635447420
14.47404,17.02559,14.47749,14.43273,0.03474716,1237661873490034916
16.80815,17.74857,16.71184,16.75006,0.05328241,1237661872407576592
14.2282,16.3306,14.21724,14.23388,0.05310411,1237661872407576591
16.28679,17.87327,16.11044,16.13026,0.02903858,1237661872403448003
13.71981,15.69248,13.5865,13.58649,0.02847677,1237661872403447862
14.79641,16.44422,14.73447,14.73447,0.04595411,1237661871870574660
15.56888,16.95928,15.4714,15.47654,0.05091272,1237661871870509192
13.5425,16.05248,13.4607,13.48518,0.0334439,1237661852535750727
14.67117,16.24442,14.54584,14.57025,0.02678473,1237661852019261469
16.22736,18.31276,16.17635,16.17636,0.02849269,1237661852019196066
13.84253,16.23379,13.75001,13.75006,0.03143911,1237661852018999354
15.1427,16.87587,15.01367,15.0534,0.03195134,1237661851473412195
15.10072,18.13878,15.07648,15.06377,0.04207386,1237661850936606846
13.74806,16.1946,13.53158,13.53158,0.02955175,1237661850395541514
15.63755,18.47677,15.6049,15.5544,0.03040023,1237661850395476104
14.94617,16.63451,14.79864,14.81931,0.04356613,1237661849862733947
14.16069,15.96851,14.01683,14.01683,0.0457011,1237661849862733840
14.83473,16.44715,14.70121,14.70122,0.04542245,1237661849862406185
15.86904,17.99549,15.51727,15.62723,0.03805083,1237661849862340742
15.1278,16.85344,15.00277,15.01836,0.03885455,1237661849862340736
15.84349,16.93227,15.7372,15.74638,0.03804576,1237661849862340735
14.58904,16.80369,14.77195,14.77196,0.03833438,1237661849862340734
14.44839,16.42928,14.29599,14.34832,0.03903624,1237661849862340733
13.29752,15.51226,13.32936,13.32936,0.05309343,1237661817636651052
14.87776,16.94036,14.71469,14.71469,0.05202664,1237661817636520071
16.00668,17.56596,15.82934,15.85487,0.102761,1237661817095651547
15.79468,17.93757,15.8753,15.73673,0.1005307,1237661817095651459
15.70855,16.78803,15.59304,15.59305,0.07264753,1237661813884846230
16.08429,17.92674,16.07825,15.97745,0.04451552,1237661812805271608
15.00936,16.71578,14.90968,14.90964,0.04732348,1237661812805206097
13.13344,15.89505,13.19417,13.19421,0.1250055,1237661465457590279
14.97836,16.55327,14.83832,14.84312,0.1221744,1237661465457524828
15.6691,17.23532,15.44088,15.44088,0.08118754,1237661463308075295
13.84165,16.35839,13.72679,13.75499,0.02969139,1237661435386003537
16.49177,18.67801,16.4563,16.43956,0.02795297,1237661434848215231
15.58141,17.84014,15.24869,15.48162,0.03084209,1237661433772310697
14.8279,16.07697,14.6633,14.71884,0.0344734,1237661433772310605
15.72721,17.24348,15.64865,15.6847,0.02889033,1237661433772245175
13.28984,16.27763,13.30695,13.30693,0.02934645,1237661433772245009
14.88551,17.16072,14.90292,14.85479,0.03080032,1237661433772179544
16.64108,17.59153,16.55206,16.55315,0.02188392,1237661418750476491
15.73979,17.48108,15.8336,15.83367,0.02198577,1237661418750476312
13.69436,16.30581,13.69027,13.69026,0.02059196,1237661418750476311
13.90218,17.26783,13.63295,13.79808,0.04422787,1237661418749165664
14.2804,16.45466,14.17204,14.17202,0.03600701,1237661418749165591
15.83197,18.13936,15.84479,15.84482,0.01588424,1237661418747527234
15.87412,17.17038,15.76272,15.76271,0.01605955,1237661418747461854
15.91462,18.42131,15.9395,15.85353,0.01518996,1237661418747461776
13.37921,15.74169,13.32704,13.36341,0.01650584,1237661418747461670
15.16752,17.01451,14.99149,15.07307,0.03194947,1237661388148244663
14.03658,16.17418,13.90425,13.90425,0.03294244,1237661388148244492
14.67047,16.31083,14.51102,14.51103,0.0354801,1237661388148178986
13.94662,17.1214,13.81993,13.90024,0.0347351,1237661388141166646
16.54317,18.10097,16.56501,16.43135,0.07755134,1237661950272471287
14.2986,16.60186,14.15489,14.16667,0.07778371,1237661950272471286
16.95343,18.67069,16.93023,16.90257,0.07664618,1237661950272471275
14.96295,16.66273,14.84345,14.84339,0.07563224,1237661950272471191
14.85145,18.23912,14.84548,14.83143,0.03275552,1237661874014650484
14.63489,18.48275,14.61917,14.61919,0.03298074,1237661874014650453
13.05458,15.43953,12.97307,12.97312,0.03412227,1237661874014584882
15.20252,18.07767,14.87123,15.10947,0.03291504,1237661874014584855
13.97136,16.47863,14.01325,14.01326,0.0446526,1237661851473477744
13.41529,16.29606,13.29979,13.29974,0.05032097,1237661850399539298
16.40411,17.71926,16.84437,16.84432,0.05088036,1237661850399473802
14.9597,16.54911,14.8661,14.8737,0.05066506,1237661850399473791
16.33775,19.2684,16.30282,16.15904,0.05764649,1237661812272791651
14.96753,16.9017,14.88438,14.94664,0.05375505,1237661811198459942
15.69833,17.74239,15.70056,15.67338,0.07498979,1237661811196625002
14.18038,16.73015,14.21335,14.19141,0.07597443,1237661811196624933
16.07802,17.53082,15.89996,15.94695,0.07207529,1237661811196559464
15.75828,16.9611,15.65368,15.67557,0.1260651,1237661465457590733
12.95042,15.86022,12.91015,12.91015,0.09890164,1237661463842521123
14.83204,17.19128,14.63016,14.73371,0.09027631,1237661463842455568
15.23133,17.32769,14.98462,15.08948,0.08712163,1237661463842390293
15.43449,16.9598,15.41628,15.41628,0.1056911,1237661463307878890
14.03074,16.40061,13.92802,13.92799,0.1010258,1237661463307878522
15.82209,18.64522,15.77964,15.77964,0.03276842,1237661435921891590
13.54304,16.13463,13.53367,13.57365,0.03443151,1237661435921891397
15.13172,16.18588,15.03757,15.04021,0.03258513,1237661435921891368
14.02035,15.96032,13.88281,13.88279,0.0336539,1237661435921825846
15.71147,18.06094,15.75892,15.68057,0.03297514,1237661435921629323
13.78715,16.35857,13.92377,13.98166,0.03160992,1237661435921629212
14.81429,17.38943,14.58788,14.77345,0.03807597,1237661435921563811
14.54744,17.7279,14.55199,14.46486,0.02571712,1237661435920646302
16.25294,17.54058,16.23428,16.23431,0.02764166,1237661435920646283
14.44481,16.03498,14.40773,14.40772,0.02476375,1237661435920646147
16.66532,18.39258,16.64377,16.60443,0.03306263,1237661435920580738
16.28749,18.43878,16.27414,16.25145,0.03736743,1237661435920187631
14.09002,16.30681,13.92896,13.94062,0.03723131,1237661435920187583
16.33181,17.65068,16.2083,16.22534,0.03712752,1237661435920187571
15.12827,16.99024,14.95434,14.95848,0.03601434,1237661435920056391
14.38636,17.25471,14.26831,14.29703,0.02720243,1237661435385872563
15.64901,18.49271,15.62673,15.59332,0.02440256,1237661434849198303
15.22441,16.4888,15.11844,15.12338,0.0237195,1237661434849132772
12.69576,15.72565,12.60206,12.60735,0.02123806,1237661434849132659
16.49638,18.00988,16.29913,16.3861,0.0224078,1237661418750476514
16.35692,18.76599,16.29305,16.29305,0.0238316,1237661418750279849
15.60519,16.96375,15.58467,15.58467,0.02298378,1237661418750279810
14.32597,16.28147,14.22222,14.22223,0.02518063,1237661418750279689
16.13547,17.4298,16.00281,16.00282,0.0239724,1237661418750214292
15.18535,16.79533,15.0382,15.0382,0.03744907,1237661418212294942
16.28285,17.27604,16.18762,16.18762,0.03398576,1237661418212294806
13.35502,15.80345,13.2494,13.25193,0.03466806,1237661418212294705
16.26421,17.11038,16.21103,16.21598,0.0372297,1237661418212294689
14.58333,16.46744,14.48262,14.48262,0.01937961,1237661418211508275
14.16164,17.51864,13.77464,13.97473,0.02309627,1237661417673916574
14.72206,16.3912,14.59749,14.59749,0.02026428,1237661417673851010
15.54469,17.1862,15.48723,15.48723,0.02659404,1237661417140125866
17.35044,18.89019,17.4,17.29494,0.02775859,1237661417140125853
17.58068,18.86517,17.61982,17.55474,0.03262563,1237661416603910488
16.63672,18.68611,16.64632,16.56826,0.03581802,1237661416603910440
14.62584,16.76152,14.53639,14.53639,0.03474908,1237661416603910214
16.32271,17.42068,16.20563,16.20591,0.03640367,1237661388684067032
17.19892,18.02073,17.11623,17.12217,0.0283477,1237661388679348337
16.56417,18.09482,16.57954,16.50467,0.05547182,1237661959910195401
14.39197,16.64797,14.36016,14.36016,0.06416286,1237661966356381766
12.97338,15.8883,12.86339,12.8634,0.08217356,1237661971730333720
15.39061,16.57501,15.27199,15.28073,0.08014848,1237661971730333900
12.862,15.64133,12.7122,12.7122,0.02879672,1237662195056640025
15.57594,17.88341,15.22232,15.44891,0.02897418,1237662195056640151
16.16899,17.6855,15.95344,16.11897,0.06986337,1237662198284484650
14.68408,16.38309,14.56726,14.56729,0.0284179,1237662223535374354
14.92504,16.83208,14.82193,14.82193,0.06188289,1237662236405530754
15.37961,17.12256,15.4813,15.36264,0.02883381,1237662225133076616
16.37524,18.59866,16.39157,16.28372,0.02921458,1237662224617439529
16.38257,17.37299,16.26809,16.28464,0.03197728,1237662224080633907
14.68619,17.19952,14.43768,14.57727,0.04964309,1237662224060448839
14.66206,17.69078,14.68569,14.56623,0.03122465,1237662223535374440
15.74885,17.65858,15.50003,15.58752,0.08381244,1237662199359013245
15.09935,17.04221,14.92684,14.9604,0.08156292,1237662198821748956
15.76214,16.78589,15.71216,15.71215,0.07961937,1237662198821683697
15.64073,17.04404,15.49836,15.50515,0.07738239,1237662198284157251
16.68421,18.34698,16.35232,16.52032,0.07583424,1237662198284157109
13.92496,15.64067,13.7474,13.7474,0.06942826,1237662198284025951
16.06041,19.28911,16.07614,15.92514,0.07937118,1237662197745320335
16.6283,19.09106,16.64904,16.49183,0.0300002,1237661966358741190
15.74533,17.67303,15.77332,15.71686,0.03661674,1237661965821477083
13.91307,15.80369,13.83812,13.85996,0.03619853,1237661965821477009
15.77867,17.42475,15.57465,15.65237,0.05160916,1237661950802657501
15.07577,17.16733,14.86169,15.02215,0.06127087,1237661950802591974
15.34178,18.56083,15.42648,15.3264,0.05610724,1237661950802591907
15.56055,17.89569,15.55897,15.53248,0.05748714,1237661950802133206
13.93042,16.54984,13.79445,13.83048,0.05475382,1237661950802133052
15.22165,17.93103,15.21115,15.17383,0.1173469,1237661950276600204
15.75086,17.05197,15.72071,15.72071,0.1086737,1237661950276469037
15.47025,17.3791,15.26579,15.36258,0.1064269,1237661950276469020
13.77511,16.64991,13.83582,13.84074,0.06044839,1237662237478551702
14.80245,16.50804,14.68816,14.74416,0.0624755,1237662237478158404
13.08612,15.59292,12.98376,12.98422,0.05605391,1237662237477437668
15.83664,17.05254,15.73733,15.74341,0.09879718,1237662236412674066
16.17583,18.5221,16.16671,16.16671,0.05955011,1237662236393406671
16.21268,19.35687,16.16287,16.07586,0.1031457,1237662225165517232
15.17847,17.01205,15.0589,15.07873,0.1663929,1237662225163420013
14.65384,16.06658,14.65125,14.65125,0.1500854,1237662225163354211
15.92646,18.45166,15.88316,15.82574,0.05160597,1237662225140088946
13.70471,15.9827,13.56988,13.56988,0.05283253,1237662225140088842
15.77467,18.02094,15.77367,15.77367,0.0378555,1237662225133666453
15.41718,17.50757,15.53585,15.37414,0.03517359,1237662225132748827
14.92617,18.75924,14.88606,14.83944,0.0342144,1237662225132683436
16.36049,18.01242,16.40189,16.27417,0.0836687,1237662224623141115
16.1329,18.79889,16.11433,16.10393,0.04766899,1237662224615342283
13.80241,17.03839,13.65051,13.76106,0.05386961,1237662224615342095
14.4174,15.91995,14.31895,14.31895,0.03337388,1237662224612392982
14.7784,16.5804,14.683,14.71604,0.03284235,1237662224597319823
16.4173,18.19797,16.25241,16.25241,0.03497704,1237662224596926575
13.88987,16.44317,13.79591,13.80957,0.03497801,1237662224596926539
16.85171,19.5452,16.82508,16.7761,0.03471216,1237662224596926532
16.84655,18.63188,16.52106,16.70332,0.1380764,1237662224092168567
13.46694,16.05696,13.31647,13.31649,0.04319869,1237662224077422595
14.08859,16.1099,14.07353,14.07357,0.02701684,1237662224077226146
12.899,15.97398,12.75734,12.78454,0.03789864,1237662224077160482
15.91223,17.31796,15.73801,15.75738,0.03532807,1237662224070869225
15.00043,16.73413,14.87623,14.87621,0.03432015,1237662224070869216
16.85508,19.3685,16.8097,16.80971,0.03684969,1237662224070869196
14.48517,16.36337,14.33929,14.33928,0.03472325,1237662224070869100
14.1184,16.02486,13.98735,13.98735,0.0348107,1237662224070869099
14.76419,16.41426,14.69929,14.69929,0.03534771,1237662224070869086
14.10978,16.07139,13.97669,13.98398,0.03691445,1237662224070868999
15.54814,16.86339,15.45051,15.45051,0.06948702,1237662224066347142
13.70217,16.15047,13.66007,13.71798,0.06914917,1237662224066347141
13.06097,15.07659,12.97655,12.97655,0.03102966,1237662223543828509
15.58792,16.7681,15.5295,15.53706,0.04587782,1237662223525871715
14.12868,16.24844,14.05447,14.05445,0.04736169,1237662223525871655
16.13769,18.51421,16.13935,16.06241,0.04723062,1237662223525806268
16.37549,18.15195,16.39336,16.33775,0.04772678,1237662223525806252
16.16153,17.53621,15.99092,16.03243,0.07698543,1237662199895687423
16.0164,17.88597,15.72705,15.90006,0.07437713,1237662199895687252
14.91352,18.01658,14.95747,14.85217,0.07546125,1237662199895556320
13.67498,15.86144,13.56196,13.56195,0.07439051,1237662199895556189
15.6757,18.43412,15.66763,15.60993,0.05473724,1237662199887102065
12.89795,15.79057,12.73919,12.75332,0.05324544,1237662199887036439
16.07847,17.97665,16.07274,15.97658,0.1197231,1237662199360848014
16.14132,17.8435,15.88074,16.00766,0.07907695,1237662199359078814
17.06358,18.90676,16.80391,17.03292,0.08035379,1237662199359078682
17.06148,19.03174,17.09982,16.96492,0.1439974,1237662198823911735
16.22363,18.65071,16.27414,16.1919,0.1341379,1237662198823911677
14.45358,16.18634,14.34726,14.34723,0.1346057,1237662198823911469
16.96605,18.37965,17.07337,16.91861,0.1329008,1237662198823846384
13.32086,15.95005,13.1939,13.19389,0.07924731,1237662198821683357
13.71349,17.26329,13.64381,13.72248,0.09276665,1237662198818930727
12.98176,16.05363,12.9668,12.96678,0.09226345,1237662198818930724
15.59884,17.0857,15.42601,15.47453,0.0864905,1237662198818865386
13.98648,16.36973,14.08626,14.08624,0.1083704,1237662198286909631
14.13499,17.86126,14.18028,14.12897,0.0790954,1237662198284157184
16.0732,18.62647,16.0505,16.05049,0.08019191,1237662198284157166
14.74957,16.32781,14.66006,14.66006,0.08570637,1237662197748072534
13.70062,16.77229,13.60803,13.60804,0.08148257,1237662197748006965
14.84584,16.94288,14.69369,14.72083,0.08058507,1237662197748006964
15.02484,16.60317,14.92988,14.92988,0.07910632,1237662197748006963
14.36937,16.77112,14.30363,14.30363,0.07784731,1237662197747941523
16.75559,17.73087,16.67721,16.69535,0.07843973,1237662197747876094
15.76404,17.40247,15.57578,15.66668,0.0770001,1237662197747875912
15.96922,18.09891,15.96671,15.96671,0.01858929,1237662195072827520
15.36477,17.07287,15.1736,15.19228,0.01947924,1237662195072762046
16.01439,17.80266,15.76273,15.84545,0.01732091,1237662195072762009
15.80163,18.5218,15.81393,15.81395,0.01661521,1237662195072761977
16.08997,17.87712,15.66994,15.88406,0.01870143,1237662195072761907
13.24942,15.64922,13.11551,13.14013,0.01873227,1237662195072761905
14.02154,16.35082,13.9241,13.9241,0.05005098,1237662195055263782
15.65531,18.05576,15.63574,15.62866,0.04401066,1237662195055198357
16.409,17.42274,16.26506,16.32858,0.03665074,1237662194536874012
15.52669,16.85373,15.51306,15.51306,0.02427762,1237662194000461972
13.26781,15.68738,13.1536,13.1536,0.03052286,1237662193998102638
15.72413,17.55255,15.77248,15.64336,0.03507233,1237662193992007840
14.39806,16.68631,14.2266,14.24718,0.03122001,1237662193992007793
17.28141,18.16599,17.30976,17.2922,0.03249446,1237662193992007785
15.60214,18.15474,15.6787,15.52589,0.0346717,1237662193992007768
16.5061,18.68196,16.45097,16.45097,0.03994563,1237662193991942225
15.76296,16.78241,15.66092,15.66091,0.06570247,1237662193989714026
17.39129,19.64453,17.32612,17.29962,0.06164445,1237662193989582996
16.91392,18.65614,16.92355,16.81834,0.06286927,1237662193989582993
13.78846,16.8828,13.69494,13.75814,0.02537134,1237662193461231736
14.94898,18.37814,14.98278,14.92509,0.03941659,1237662193461166177
14.00244,16.49461,13.89706,13.96879,0.08569087,1237661974406037572
14.58225,16.15993,14.47503,14.47503,0.08241546,1237661974405906560
13.48599,16.28035,13.45383,13.45388,0.08285234,1237661974405906489
17.2826,18.77148,17.34029,17.21041,0.07542857,1237661974404268187
15.66558,18.07016,15.70338,15.54065,0.08138428,1237661974404268151
15.44445,17.6508,15.47164,15.35501,0.07555117,1237661974404268102
15.10711,16.98337,15.00952,15.0095,0.08671668,1237661970654888086
17.20912,19.17655,17.24092,17.24092,0.08645404,1237661970116378780
14.57626,16.58991,14.42406,14.43998,0.08554526,1237661970116378721
15.4891,17.28304,15.27162,15.40999,0.03748791,1237661970110218384
16.74637,17.65044,16.68671,16.68672,0.03696225,1237661970110152878
16.77015,17.5501,16.72444,16.73213,0.03615493,1237661970110152833
14.00551,16.34818,13.89582,13.89584,0.03648523,1237661970110152760
14.40634,16.16232,14.2533,14.29163,0.02779587,1237661967423373381
14.91791,17.42436,15.07291,15.07291,0.02917969,1237661967423111358
14.35649,16.40652,14.31379,14.34693,0.0678493,1237661959373455458
14.09226,16.00027,13.98358,13.98353,0.0739382,1237661959373455366
16.74482,19.06531,16.76731,16.75067,0.06201775,1237661959373390003
16.90397,18.17446,16.93143,16.85954,0.03229269,1237661958300238168
15.5384,16.80965,15.42263,15.43471,0.03437819,1237661958300238043
14.12078,15.97082,13.97915,13.97919,0.03406848,1237661958300238042
15.37172,16.59131,15.17065,15.19733,0.03477024,1237661958300238036
16.86518,18.72815,16.68362,17.10233,0.07505596,1237661951327666295
16.1226,17.04843,16.002,16.00302,0.07564434,1237661951327666292
14.44153,16.53147,14.22902,14.25852,0.07504738,1237661951327666291
16.97523,19.30927,16.93638,16.86281,0.07348467,1237661951327666286
15.74295,17.62349,15.96002,15.96006,0.06792498,1237661951327666259
16.30576,18.00873,16.35477,16.18678,0.03612471,1237661951320588310
13.64479,16.35073,13.46147,13.53485,0.03586088,1237661951320588304
15.88889,17.6028,15.95698,15.82155,0.055907,1237661950802722870
16.76641,17.91398,16.63647,16.69139,0.05128216,1237661950802198690
15.17278,17.1071,14.96065,15.02689,0.05051599,1237661950802198689
16.08702,17.46332,15.95156,15.97323,0.07999329,1237661950780047494
15.25065,18.17777,15.23411,15.18255,0.08499742,1237661950780047489
13.65545,16.38902,13.51444,13.53937,0.1056398,1237661950276468745
14.80953,16.54461,14.78533,14.78527,0.07973977,1237661950274371815
15.06257,17.74881,15.13859,15.13859,0.08305165,1237662236947775658
13.54894,16.00589,13.47445,13.47445,0.06971207,1237662236942139467
13.81786,17.18801,13.55331,13.69049,0.07624199,1237662236934340746
15.53301,17.16106,15.47777,15.47776,0.06572753,1237662236397535434
15.69982,17.96462,15.73872,15.66596,0.07225008,1237662236397469828
15.90488,17.55052,15.93373,15.87389,0.06343076,1237662236396814569
15.0365,17.55243,15.03928,14.95043,0.06498138,1237662236396683371
14.20951,15.83239,14.07797,14.07798,0.05803352,1237662236393472022
14.52905,16.16253,14.44256,14.44256,0.05037092,1237662236393406568
16.08096,16.90197,16.11561,16.08513,0.05892803,1237662236393406483
13.2017,16.2809,13.21819,13.23882,0.05701323,1237662236393406482
13.81964,15.94961,13.68411,13.72279,0.05886247,1237662236393406478
15.14039,16.52464,15.05769,15.06007,0.1251579,1237662226236702812
15.81154,18.36107,15.80489,15.80489,0.04576178,1237662225671520433
14.08313,16.55535,13.88132,13.93467,0.04475443,1237662225671520364
15.43048,16.85923,15.39515,15.39515,0.04483052,1237662225671454772
16.77568,18.20139,16.52582,16.64401,0.09874512,1237662225165517146
13.91759,15.8187,13.84795,13.86221,0.1007714,1237662225165516860
15.73306,19.18188,15.72303,15.64066,0.09807788,1237662225165451914
15.20951,18.03747,14.87127,15.09817,0.07623207,1237662225160011970
14.24292,17.83442,14.26463,14.19117,0.0768448,1237662225159946473
14.99638,18.17336,15.00347,14.97936,0.03548852,1237662224596336711
15.37726,18.19943,15.01382,15.22039,0.03982556,1237662224596271276
13.26311,16.69549,13.07736,13.1397,0.04225489,1237662224596271124
14.19347,16.07515,14.02215,14.06803,0.03851839,1237662224596205572
15.31294,16.63007,15.2162,15.22843,0.08500261,1237662237485564390
13.1785,16.84826,12.76648,12.94094,0.0852683,1237662237485564392
14.44324,16.93946,14.16184,14.27765,0.0857766,1237662237485629618
14.93587,18.14188,16.05928,15.98156,0.08498593,1237662237485629623
15.34846,16.79612,15.25762,15.25767,0.1032443,1237662264862376025
15.22805,16.70519,15.08991,15.10365,0.1066393,1237662264862376390
14.06188,16.2493,13.9413,13.9413,0.117772,1237662267539980352
17.07102,18.94627,17.13391,16.9996,0.117276,1237662267539980522
15.78968,18.09028,15.28291,15.58631,0.1210934,1237662267539980622
15.94396,17.33047,15.83725,15.89009,0.1165206,1237662267539980658
16.60397,19.26818,16.59206,16.59204,0.1815597,1237662301376872719
15.26871,17.32129,14.9818,15.18521,0.08626413,1237662269147316282
14.23988,16.51649,14.16738,14.18249,0.07305204,1237662264860147778
15.68319,19.12771,15.66347,15.55553,0.09097473,1237662247130300506
15.59186,16.78342,15.46765,15.51554,0.0937656,1237662247130300456
17.09087,17.93222,17.02265,17.02265,0.07607771,1237662238559764652
13.6021,16.21535,13.5991,13.62008,0.02846213,1237662305114128517
13.06414,16.23918,12.94487,12.94489,0.05265222,1237662303519899658
15.7625,17.09364,15.59698,15.64698,0.05171243,1237662303519834621
13.55708,16.17928,13.43424,13.43577,0.05056919,1237662303519834327
15.08875,16.59558,14.97993,15.00757,0.05183557,1237662303519834305
13.66122,16.57632,13.59963,13.60758,0.05094812,1237662303519834150
13.36507,16.13674,13.40977,13.41784,0.07446182,1237662303514656781
12.85025,15.84206,12.72955,12.75541,0.06197856,1237662303514591245
12.76023,15.81422,12.78893,12.78891,0.0819405,1237662303514525759
13.28498,16.49923,13.2743,13.15598,0.06715188,1237662303514394754
15.79641,17.18648,15.71785,15.7226,0.1441089,1237662302453039694
14.02184,16.83269,13.85371,13.8572,0.1436769,1237662302453039177
15.32379,18.49026,15.32791,15.30215,0.1435214,1237662302452974098
14.87554,17.68341,14.90027,14.85363,0.1421752,1237662302452974056
15.15975,17.0635,14.98514,15.02549,0.1734889,1237662301913546775
16.66234,18.28728,16.39793,16.51188,0.120263,1237662300841443759
16.38058,17.88914,16.30154,16.30154,0.1283368,1237662300841378074
14.23366,16.27607,14.10541,14.10542,0.1255269,1237662300841377924
14.96001,16.65409,14.88248,14.8825,0.1280548,1237662300841377866
15.90639,17.09968,15.78339,15.81134,0.05031937,1237662300835807439
15.654,17.61532,15.38204,15.54554,0.05030897,1237662300835807413
16.35129,18.35158,16.09273,16.26482,0.1285952,1237662268077900134
16.59152,19.25961,16.6691,16.6691,0.1379421,1237662268076523936
17.07548,18.81691,17.10161,17.04996,0.1356535,1237662268076523721
14.36628,16.63139,14.45215,14.45215,0.1469799,1237662268076523582
14.21226,16.25357,14.1451,14.1451,0.1445755,1237662268076458141
16.54292,18.381,16.58134,16.43687,0.1111805,1237662268074492193
16.892,19.27131,16.9576,16.94646,0.09952303,1237662268074426602
16.52631,18.15009,16.60704,16.46327,0.1037018,1237662268074295517
15.59063,18.0083,15.42882,15.49317,0.1039006,1237662268074230114
15.46084,17.81188,15.53949,15.38615,0.1034707,1237662268074230050
15.00395,17.58273,15.04226,14.89997,0.1268485,1237662268073378023
14.54848,16.22343,14.58782,14.58782,0.1338153,1237662268073312371
15.84123,18.11535,15.89797,15.82944,0.1386974,1237662267540766902
15.6853,17.54249,15.72665,15.59962,0.1352823,1237662267540766897
14.575,16.46763,14.48736,14.4874,0.1210609,1237662267539783693
15.40278,17.81569,15.41786,15.38395,0.1003984,1237662267539193951
14.18216,17.08599,14.06052,14.08592,0.102253,1237662267539128718
16.55658,18.97687,16.55207,16.54247,0.1011775,1237662267539128563
14.13154,15.89984,14.04844,14.04846,0.1016095,1237662267539128450
15.07275,17.0117,14.94539,15.02446,0.1059807,1237662267538931835
17.60506,18.2995,17.63717,17.56242,0.09053172,1237662267538276481
14.90801,17.70492,14.93075,14.87495,0.1143589,1237662267538080034
14.21721,16.05705,14.11496,14.11497,0.1066068,1237662267538014312
15.73778,16.95845,15.6274,15.62744,0.1109124,1237662267537949098
14.70482,16.93735,14.67711,14.67711,0.1098132,1237662267537949046
13.93954,16.86375,13.83351,13.91465,0.1109014,1237662267537948677
14.40331,16.97594,14.18773,14.23976,0.1017038,1237662267537228017
15.19963,17.14935,15.23771,15.23793,0.09545731,1237662267536244747
15.89112,17.83104,15.9151,15.89543,0.09535117,1237662267536179598
13.09134,15.413,12.9834,12.98339,0.09470488,1237662267536179306
15.98395,17.41477,15.88349,15.90962,0.1055779,1237662266464338197
14.65717,17.08692,14.52809,14.62266,0.1164108,1237662266463748306
14.11562,16.41181,14.05159,14.05159,0.1173654,1237662266463682686
14.32468,16.14735,14.24995,14.25315,0.116198,1237662266463682621
14.00961,15.57918,13.87238,13.87238,0.1153974,1237662266463617118
16.71289,18.58774,16.70086,16.70087,0.1119345,1237662266463551701
13.91231,16.62391,13.70756,13.77529,0.1156543,1237662266463486279
14.86753,16.36243,14.76351,14.76737,0.1175039,1237662266463486072
15.22616,16.25603,15.10052,15.10053,0.1095921,1237662266463486059
15.73585,17.08537,15.66852,15.66852,0.0757459,1237662266461585767
13.8899,16.05619,13.80472,13.80468,0.08047019,1237662266461585585
16.09223,17.86696,16.20699,16.00861,0.08192504,1237662266461585515
13.29838,15.74631,13.20924,13.20925,0.08019906,1237662266459619414
13.86035,17.34308,13.55047,13.73967,0.08425348,1237662266459488385
15.29832,16.54938,15.19088,15.19089,0.1134439,1237662264862441759
14.92982,17.99321,14.9344,14.82581,0.1104226,1237662264862441723
16.27457,17.48444,16.17386,16.17387,0.07201751,1237662264860213622
14.80869,17.74845,14.52871,14.66389,0.0774071,1237662264860213600
14.06625,16.62153,13.90836,13.9231,0.07162514,1237662264860082397
16.66713,17.84669,16.46488,16.57093,0.07785947,1237662264859689260
16.45784,18.99073,16.40609,16.40609,0.07085777,1237662264859623727
14.53698,16.49296,14.53216,14.53222,0.07039966,1237662264859557988
14.74022,16.76803,14.5659,14.64544,0.07299326,1237662264857723140
14.7396,16.89171,14.61456,14.62764,0.07298516,1237662264855625834
14.57219,16.87684,14.57067,14.57067,0.08066489,1237662264323473751
13.89763,16.64734,13.77635,13.83383,0.08161455,1237662263786209634
16.3937,18.31593,16.39703,16.3489,0.07189256,1237662263784112396
15.63621,17.15694,15.66489,15.66486,0.05373976,1237662263783522538
14.48843,17.1368,14.57047,14.432,0.05450588,1237662263783522502
13.58977,15.94789,13.5401,13.54013,0.05462442,1237662263783522317
13.46459,15.6703,13.50058,13.5006,0.05809914,1237662263779197043
13.6819,16.70281,13.45885,13.56964,0.06701326,1237662263778934813
14.30185,17.35675,14.05046,14.08945,0.06516171,1237662263778803812
14.52519,15.98609,14.43432,14.4343,0.06673532,1237662263778672812
12.68556,15.50907,12.56247,12.58536,0.06162027,1237662263778672703
15.26323,18.03771,14.90293,15.12868,0.1217928,1237662263252681154
13.81856,15.91826,13.70405,13.70409,0.08070292,1237662263248224347
16.78421,18.97568,16.74236,16.74231,0.07187523,1237662263248158975
12.30381,15.31267,12.22143,12.22141,0.06843764,1237662262169174083
14.22255,15.74052,14.0245,14.0245,0.06514952,1237662262169174037
13.69812,15.81063,13.56538,13.56586,0.07200079,1237662262169108543
13.03812,16.97253,13.06181,13.1016,0.09012546,1237662246593429648
16.09765,17.50308,16.0021,16.02309,0.1138565,1237662238560682390
13.251,16.74872,13.05321,13.08673,0.1149852,1237662238560682244
15.90688,17.14757,15.87151,15.87149,0.11717,1237662238560682220
14.54338,17.07972,14.3874,14.40759,0.1152614,1237662238560682037
16.80896,17.90881,16.66447,16.70384,0.0787494,1237662238559633679
14.91853,16.33446,14.84739,14.87039,0.08231501,1237662238021714395
16.74109,18.54313,16.7869,16.70225,0.08120659,1237662238021714380
13.91265,16.54421,13.75364,13.79717,0.08178324,1237662238021714264
14.91202,17.71832,14.56995,14.72579,0.07771869,1237662238021714231
13.92914,17.18915,13.75022,13.87705,0.07351106,1237662238014439648
14.84003,17.35827,14.93615,14.82305,0.07270333,1237662238014439591
12.78726,15.16791,12.68902,12.68901,0.07031171,1237662238014373973
13.13188,16.5784,13.16753,13.09305,0.0706531,1237662238014308394
14.65311,16.17643,14.57109,14.57109,0.05892228,1237662237483008305
14.75864,16.689,14.5873,14.6666,0.05376683,1237662237482942664
15.39106,16.77385,15.34839,15.34842,0.05322558,1237662237482942641
15.00873,17.2517,15.0319,15.0158,0.06798309,1237662237478682689
15.23393,18.26996,15.28976,15.16471,0.0681598,1237662237478682633
15.722,17.72525,15.41582,15.57299,0.05938077,1237662237478617282
13.73973,15.92576,13.60813,13.60812,0.0605492,1237662237478617109
14.98335,17.00088,14.80453,14.86422,0.1679334,1237662303526060427
14.8985,17.55844,14.96574,14.88907,0.1732422,1237662303524880897
15.23909,17.71534,15.27452,15.16941,0.03911792,1237662303503974501
15.87008,18.18359,15.87698,15.74257,0.04855802,1237662303503909059
14.90697,17.05157,14.66308,14.77242,0.09515467,1237662302989451434
13.18201,15.75005,13.1194,13.1194,0.09596726,1237662302989451426
15.24504,16.72006,15.12022,15.1443,0.03762216,1237662301899718756
15.83333,18.28187,15.82506,15.82506,0.1412884,1237662268614705491
16.59858,18.65865,16.57955,16.57955,0.1777486,1237662268613656968
13.80917,16.06123,13.70977,13.72279,0.1641629,1237662268613591175
15.41214,17.89796,15.448,15.29921,0.1083937,1237662268612280782
15.95917,17.26305,15.76872,15.86263,0.1052355,1237662268612215204
14.28943,17.74378,14.29521,14.27792,0.113399,1237662267001143373
15.42782,16.81956,15.3005,15.32751,0.08366724,1237662264323539208
14.1886,16.96192,14.08067,14.08064,0.07816803,1237662264322949370
16.14759,17.45912,15.99782,16.04214,0.07827177,1237662264322949365
15.38306,16.78593,15.28839,15.28841,0.07565606,1237662264322883777
15.31704,16.75613,15.1612,15.1612,0.06769416,1237662264322228473
16.44198,17.32388,16.36178,16.38601,0.0748302,1237662264320917765
13.57793,16.62558,13.42519,13.51385,0.08603907,1237662264320852078
14.12984,15.91476,13.97249,14.00124,0.08278868,1237662264320852039
15.69478,17.74174,15.70238,15.6996,0.07071876,1237662264319279400
16.45497,18.73895,16.43924,16.43924,0.0727049,1237662264319279389
14.4163,16.64366,14.28465,14.29588,0.07610814,1237662264319279213
14.23496,16.34855,14.07675,14.12595,0.07224866,1237662264319279158
14.47336,17.01875,14.28885,14.37955,0.06364888,1237662264319213804
15.21186,17.12481,15.09309,15.09303,0.06457542,1237662264319213674
13.44255,15.91012,13.49757,13.49761,0.07529749,1237662264314822691
15.4422,17.08721,15.40038,15.40035,0.1285313,1237662263252615522
14.31119,16.00626,14.24679,14.24679,0.129534,1237662263252615290
13.77894,16.00977,13.68769,13.68984,0.1275457,1237662263252549810
14.0968,16.43875,13.96815,14.00308,0.08217235,1237662263249272990
14.04838,16.18105,13.90828,13.95221,0.08461977,1237662263249272909
15.16673,18.23715,15.19293,15.19289,0.08552203,1237662263248290058
15.59384,17.12075,15.5287,15.52868,0.08167558,1237662263248289975
13.94607,16.3086,13.8665,13.8728,0.06342719,1237662263242260516
15.58669,16.90778,15.44801,15.45625,0.1646211,1237662262714695999
15.30207,18.00168,15.29199,15.25538,0.1341695,1237662262714564822
16.94855,18.03285,16.90073,16.90073,0.1308272,1237662262178807908
14.19811,16.94834,14.02072,14.07659,0.1302384,1237662262178807906
16.49192,18.19044,16.50273,16.42256,0.1103571,1237662262176317780
14.07161,16.24109,13.93413,13.9434,0.1126494,1237662262176317568
16.10715,18.95752,16.07388,15.93807,0.0780993,1237662239091982527
15.93448,18.79567,15.88427,15.88427,0.08679496,1237662239091917063
13.61697,16.0874,13.49507,13.49507,0.07906252,1237662239091916881
15.4628,16.55667,15.3451,15.34772,0.08582861,1237662239091916865
16.39276,18.40228,16.34638,16.34637,0.07418095,1237662238022369493
15.87387,17.59828,15.67078,15.71066,0.07978722,1237662238021714001
16.27423,17.68022,16.38089,16.23089,0.07451271,1237662238020469063
13.74924,16.64141,13.5664,13.64247,0.07209417,1237662238020468925
15.96503,16.88744,15.86268,15.86268,0.07368076,1237662238020468888
15.98736,18.88168,15.94876,15.94873,0.1389306,1237662306739290404
16.44387,18.50578,16.43355,16.41126,0.1015698,1237662306740601080
13.84922,15.80991,13.79672,13.83056,0.07767863,1237662636367413337
13.94783,16.07962,13.82297,13.82295,0.07387098,1237662636367478822
14.0272,15.85575,13.87892,13.87892,0.07539047,1237662636367478869
13.26764,15.37493,13.18607,13.18607,0.07407115,1237662636367478910
13.22177,16.08366,13.19491,13.20877,0.07533361,1237662636367478911
16.2143,16.97484,16.15869,16.15869,0.0733307,1237662636367478914
14.33733,17.56028,14.36204,14.19194,0.05121425,1237662636901138665
14.58795,16.74038,14.44769,14.47083,0.0805582,1237662642271027374
16.3229,17.13379,16.25606,16.25605,0.1409624,1237662664291582317
14.56607,17.28414,14.35415,14.4419,0.04368168,1237662698640441555
15.75042,17.40942,15.58316,15.62105,0.1803397,1237662696504230022
15.9747,17.87589,15.7032,15.84828,0.140262,1237662696501543051
16.87171,18.85167,16.90376,16.81451,0.1491756,1237662664291582248
13.90058,16.92189,13.8387,13.89478,0.1468409,1237662664291582035
15.33803,17.14547,15.35278,15.35278,0.0974401,1237662642270896477
16.11653,18.52593,16.08088,16.08088,0.09263759,1237662642270896472
16.31768,17.39374,16.24296,16.25097,0.08938494,1237662642270896262
15.53514,17.17947,15.34805,15.45358,0.05092387,1237662636901269762
15.86799,19.63111,15.82766,15.82766,0.05102074,1237662636901204084
16.06985,17.71404,16.11587,15.98475,0.05067072,1237662530600370324
14.05528,16.04248,13.94447,13.95702,0.05312902,1237662530600370249
13.06466,16.61049,12.87807,12.94319,0.05396566,1237662529529511944
15.2889,17.07907,15.09526,15.16879,0.05296398,1237662501081776441
15.16751,17.12608,15.0376,15.10645,0.09533802,1237662336256835778
14.6887,16.40774,14.78855,14.78858,0.08582348,1237662335719964836
14.83162,17.57534,14.86973,14.83332,0.1745158,1237662307274457227
16.64712,18.61238,16.68747,16.58457,0.1036256,1237662306199667123
16.3388,17.51647,16.18815,16.18814,0.0790909,1237663529186623648
14.73985,16.79987,14.57845,14.64281,0.04083844,1237662698640506996
16.07474,18.84344,16.05336,16.00084,0.1486671,1237662698115105077
14.14654,16.08196,14.07944,14.0794,0.14312,1237662698115104812
14.86478,17.7841,14.88835,14.78758,0.1543145,1237662698115039245
15.12954,16.93307,14.897,14.957,0.1370941,1237662697573515596
14.07745,15.82862,14.00443,14.00435,0.1299968,1237662697573515303
15.26575,16.82192,15.15433,15.15434,0.1288943,1237662697573449901
16.79452,19.46985,16.84298,16.59949,0.153219,1237662697040183695
14.4779,16.32763,14.3784,14.42334,0.1591803,1237662697040183439
14.89936,17.69667,14.93961,14.91832,0.1037104,1237662697037168786
16.42238,19.18164,16.39015,16.39015,0.09715015,1237662697037103314
15.04025,17.49577,14.79624,14.96681,0.09488814,1237662697037103254
16.12445,17.29074,15.97746,16.0185,0.1016186,1237662697036251506
15.26923,17.55932,15.05541,15.1022,0.09681428,1237662697036251461
16.34005,18.1781,16.0708,16.17685,0.09745508,1237662697036251443
13.14123,15.59089,13.08414,13.08407,0.0970808,1237662697036251250
14.83987,17.3384,14.9056,14.71027,0.1880173,1237662696504164651
13.6235,16.32833,13.51802,13.52742,0.1816907,1237662696504164508
14.62792,17.16714,14.58915,14.58919,0.1439894,1237662696501936400
14.32493,17.05806,14.35396,14.35398,0.1399012,1237662696501870746
16.37914,18.35711,16.38561,16.35121,0.1081856,1237662696499380384
15.44024,17.54259,15.50967,15.40948,0.1095898,1237662696499380362
13.57782,15.80383,13.48091,13.4809,0.1016282,1237662696499314794
14.92523,17.4739,14.93673,14.84818,0.1013929,1237662696499183930
15.56578,17.29673,15.66176,15.52347,0.1003904,1237662696499183909
13.94424,16.0411,13.80909,13.81006,0.1215028,1237662695961854020
15.11524,17.35973,15.11384,15.06903,0.1281477,1237662695961788698
14.15625,16.06385,13.95165,13.95161,0.1279614,1237662695961788461
16.29475,18.42129,16.27818,16.26187,0.08131314,1237662695960609039
15.01045,17.47034,14.86027,14.92584,0.08136243,1237662695960608988
14.06499,16.18988,13.93951,13.94413,0.0809961,1237662695960608987
13.53936,16.41999,13.39765,13.40265,0.1092423,1237662665890005019
15.40305,17.77534,15.47214,15.30923,0.1065406,1237662665889939764
14.19001,15.872,14.04882,14.04881,0.09890752,1237662665889611790
14.73001,17.33423,14.81749,14.67581,0.1041715,1237662665889546707
17.15253,19.45438,17.11628,17.10286,0.1059129,1237662665889546613
14.14608,16.61295,14.0148,14.0176,0.1354543,1237662664291647813
16.79481,18.82094,16.87047,16.66273,0.1340164,1237662664291647718
15.20209,17.10483,15.04814,15.11259,0.1343223,1237662664291647614
14.79481,18.06784,14.88811,14.78667,0.1311836,1237662663754645941
15.28147,16.90279,15.19361,15.19363,0.1276985,1237662663754645873
16.58357,17.75207,16.40714,16.42106,0.1232296,1237662663754645845
15.65731,18.16933,15.71837,15.52986,0.1275821,1237662663754645815
14.69904,16.55599,14.72308,14.72308,0.1345521,1237662663754645539
15.03318,16.71894,14.92669,14.9267,0.2019028,1237662662681690152
15.95729,19.3969,15.88384,15.88384,0.2031615,1237662662681624832
14.07678,17.31929,14.20603,14.05649,0.2032339,1237662662681624611
16.29212,18.77897,15.87015,16.09825,0.1881332,1237662662681559448
13.60142,15.81169,13.50143,13.5014,0.1804268,1237662662681559181
14.40674,17.44762,14.43161,14.31779,0.1774415,1237662662680838318
15.79764,17.10172,15.65291,15.67871,0.161787,1237662662680838298
16.39655,18.97487,16.34754,16.34547,0.1543295,1237662662680707319
13.57963,16.36804,13.57016,13.62775,0.1512315,1237662662680707125
15.42795,17.74016,15.206,15.25406,0.08006119,1237662662678151239
13.99698,15.77379,13.89706,13.89707,0.08148278,1237662662678151230
15.03283,17.68521,15.14946,15.04308,0.08063529,1237662662678151198
14.44627,17.27615,14.24666,14.37024,0.142221,1237662662147244064
14.70306,16.48315,14.64698,14.64698,0.03118614,1237662662135578692
13.39749,16.04455,13.31291,13.31292,0.0305701,1237662662135578691
14.62452,17.18437,14.70967,14.60742,0.05663039,1237662662133416147
15.19526,16.66354,15.06162,15.06248,0.05266298,1237662662133416006
14.53903,16.28253,14.48134,14.48129,0.04902598,1237662662133415970
14.51743,16.31047,14.41133,14.41138,0.07883589,1237662642268471448
15.79984,17.476,15.65301,15.65301,0.09681986,1237662641734025672
15.5192,16.65818,15.41962,15.42941,0.09777921,1237662641734025606
14.29091,16.39775,14.22979,14.22979,0.09670959,1237662641734025605
15.12791,17.6063,15.18352,15.03495,0.1055157,1237662641733960172
15.4063,17.93651,15.39019,15.38681,0.113502,1237662640124658013
14.89367,16.91442,14.80743,14.82331,0.1097638,1237662640124067867
13.34385,15.64317,13.29996,13.29996,0.09824385,1237662640121643136
16.02439,18.91614,16.15597,16.0781,0.125245,1237662640121577756
13.49171,16.18314,14.23004,14.23015,0.1444339,1237662640121512017
14.30369,18.12327,14.40639,14.38542,0.07890925,1237662638516994206
15.0328,16.33374,14.91223,14.91529,0.07832295,1237662637442269203
14.60683,16.82321,14.55123,14.55554,0.08087602,1237662636905529393
14.00121,15.74863,13.9479,13.94787,0.07446816,1237662636905201755
14.57975,16.95561,14.48238,14.54314,0.08289638,1237662530070511863
16.06698,16.96711,15.99585,16.00993,0.07272891,1237662530070446243
13.26676,15.49998,13.13119,13.13122,0.07505155,1237662530070380591
15.02746,16.77531,14.91939,14.9877,0.07063666,1237662530070315251
15.15778,17.51307,15.19975,15.0762,0.05481013,1237662530063564997
14.75099,17.29847,14.54246,14.66455,0.05789789,1237662530063499615
15.12101,17.50297,15.13215,15.10887,0.05880236,1237662529524596965
12.75222,16.40442,12.64979,12.70111,0.06259461,1237662529524531258
14.7605,17.84686,14.81082,14.64199,0.06222917,1237662529523744971
14.66774,17.2499,14.42152,14.563,0.05437719,1237662528988053670
17.17144,19.21658,17.13943,17.07051,0.05518897,1237662528988053660
13.86603,16.92266,13.76552,13.83565,0.06935176,1237662528456818734
15.003,17.37962,14.89118,14.90233,0.06311378,1237662528451051627
14.48852,17.44318,14.54538,14.47141,0.06898287,1237662501076467812
14.07192,16.59163,14.13012,14.1302,0.2363444,1237662499475554415
14.73217,16.60911,14.59816,14.59816,0.1924946,1237662499475489129
15.23273,16.51879,15.10547,15.10546,0.1115503,1237662341090312387
14.60953,19.17201,14.64059,14.64047,0.1207551,1237662341087428679
14.50758,17.15348,14.25443,14.38379,0.1117186,1237662340553441875
13.73624,16.59318,13.70267,13.70263,0.1386874,1237662337335033958
15.88422,16.92855,15.82267,15.82716,0.1048829,1237662336261292485
17.21803,18.44749,17.27828,17.1563,0.1095873,1237662336261226927
16.74178,18.13371,16.53519,16.65966,0.1115232,1237662336261226880
16.14125,17.99642,17.33546,17.33954,0.1139221,1237662336261161190
14.35354,16.46638,14.23526,14.23526,0.1138733,1237662336261161188
14.15165,15.8365,14.0345,14.0345,0.08683804,1237662336256704816
15.16739,17.062,15.10894,15.10896,0.1337119,1237662307274653752
16.088,18.00521,15.83473,15.90622,0.1299309,1237662306740142535
15.01753,16.25635,14.89782,14.89783,0.09939787,1237662306199666875
13.90191,15.94049,13.81293,13.81295,0.100615,1237662306199666786
15.80592,17.50974,15.60264,15.68265,0.0934441,1237662306199666769
16.28748,17.69194,16.32861,16.24621,0.02269691,1237662306190295221
16.32424,18.37628,16.35012,16.279,0.02266997,1237662306190295191
15.72234,16.91693,15.56106,15.56769,0.02211044,1237662306190295162
14.9537,16.55683,14.83119,14.83903,0.02175201,1237662306190295143
13.69672,15.70446,13.64492,13.64492,0.02363219,1237662306190229574
16.08624,19.2616,16.03643,15.92945,0.04733082,1237662306189836510
15.13943,17.3247,15.22296,15.21209,0.03686176,1237662306189770850
13.55054,16.27232,13.47624,13.50427,0.03695124,1237662306189770849
15.76254,17.6112,15.81813,15.68063,0.09519785,1237663530260299843
14.74522,17.10489,14.57915,14.70466,0.107037,1237663530255056944
13.33689,15.90691,13.24351,13.25328,0.1068667,1237663530255056942
15.56368,16.80828,15.4573,15.46581,0.1041175,1237663529724084390
15.95005,18.41785,15.95084,15.8578,0.08582584,1237662698108879110
13.99729,16.01185,13.87255,13.87255,0.08840346,1237662698108878945
14.94523,16.62885,14.86407,14.87307,0.08627048,1237662698108878900
15.2401,17.41751,15.28008,15.19544,0.07776968,1237662698108813692
15.4667,16.52151,15.30455,15.30455,0.02877774,1237662685216636964
16.74123,18.53653,17.26311,17.31564,0.09901574,1237662665889611792
17.07661,19.43485,16.99377,16.99377,0.1299067,1237662665888760313
16.84957,18.22478,16.65797,16.69792,0.1281404,1237662665888759972
14.34234,16.58003,14.18183,14.18708,0.1285259,1237662665888759971
14.32934,17.00831,14.397,14.36384,0.1038512,1237662661605064715
14.74457,17.66246,14.79265,14.64473,0.06497914,1237662635828773071
15.75231,16.92857,15.649,15.67024,0.09254222,1237662619189575826
16.82736,19.07104,16.77516,16.77514,0.05188802,1237662531137634375
15.35157,16.76101,15.31488,15.31491,0.04885035,1237662531137568924
17.2399,19.22976,17.24263,17.23263,0.05003588,1237662531137568918
15.1655,16.81357,15.02815,15.02815,0.05007977,1237662531137568906
14.45755,16.2817,14.33573,14.33575,0.04984857,1237662531137568810
15.20322,16.41535,15.09367,15.09913,0.06304445,1237662528994017307
15.02084,16.56476,14.8551,14.87088,0.06158953,1237662528993951972
12.5069,15.12775,12.41087,12.41213,0.06921384,1237662528993951761
13.36028,15.81234,13.15894,13.15894,0.06152108,1237662528986873936
14.3602,17.77124,14.39649,14.38007,0.06172518,1237662528986808444
13.98975,16.75167,14.45122,14.45122,0.05003417,1237662504832270396
13.67904,16.14844,13.55758,13.56445,0.0498968,1237662504832270395
15.85491,18.84617,15.76205,15.76205,0.09511331,1237662501088395735
15.79252,17.87899,15.81662,15.75671,0.09116373,1237662501088199136
16.94055,18.42413,16.69606,16.80515,0.1528582,1237662501086888279
15.33172,16.91651,15.26038,15.26035,0.1520693,1237662501086888079
13.82337,16.17232,13.66845,13.66845,0.1245029,1237662337872167195
13.40916,16.31998,13.30972,13.32652,0.1295645,1237662337872101711
12.14281,15.48196,12.22143,12.22745,0.02682696,1237662305650999364
15.76541,18.2323,15.8,15.7034,0.08881748,1237664668424405146
13.73093,16.16043,13.67599,13.67595,0.08810406,1237664668424470655
13.78451,15.94121,13.72528,13.72526,0.08956809,1237664668424536083
14.62874,16.51745,14.54654,14.54656,0.09083638,1237664668424536173
15.4769,16.87159,15.33412,15.33409,0.0496097,1237664291549085756
15.51623,17.4038,15.41158,15.44006,0.05693982,1237664291548889274
14.2062,16.51344,14.06669,14.18407,0.0543365,1237664291548889126
14.11882,16.89629,13.92268,14.09287,0.06044416,1237664291548823600
15.44728,16.77521,15.17485,15.19729,0.06023899,1237664291548823599
15.64477,16.58791,15.5287,15.52867,0.05966402,1237664291548823571
16.26615,17.98357,16.33291,16.23473,0.09225121,1237664289391968478
14.8975,16.57336,14.7922,14.7922,0.06582392,1237664132091871251
14.20872,16.47126,14.02595,14.0503,0.1103391,1237664105781133467
14.91239,18.1192,14.87883,14.8052,0.1035317,1237664105781133373
14.05961,16.3665,13.93058,13.93057,0.09196537,1237664105779560493
14.48934,16.82366,14.48243,14.48239,0.1800124,1237663786883940513
13.73518,16.17918,13.57337,13.57988,0.09552106,1237663530260299864
16.05683,17.22581,15.93414,15.95016,0.07203461,1237664667907588102
14.6806,16.67572,14.7418,14.74183,0.06919084,1237664667907457165
16.39228,17.60776,16.27457,16.2864,0.04094905,1237664667901689961
14.41113,16.5896,14.26159,14.26168,0.04919433,1237664667901689871
16.1931,18.52472,15.96634,16.13701,0.04133001,1237664667901624645
15.46665,17.57558,15.52804,15.40633,0.03669993,1237664667901624624
13.57382,16.15282,13.49679,13.49679,0.03779452,1237664667901624475
15.20977,17.72826,15.21525,15.21526,0.03956253,1237664667900444798
15.60126,17.00641,15.52395,15.52398,0.09649576,1237664667887534208
15.67904,18.27731,16.43139,16.43139,0.04289965,1237664338253119520
15.01463,16.53292,14.91759,14.97033,0.04266338,1237664338253119518
13.90826,16.12251,13.79604,13.79602,0.04293758,1237664338253119517
14.14825,15.88664,14.10109,14.10109,0.02234619,1237664294761594986
14.516,16.25519,14.47687,14.47687,0.02258766,1237664294761594907
13.19032,15.62288,13.03608,13.03607,0.0261264,1237664294761529400
14.61875,16.91406,14.45094,14.5131,0.06072088,1237664290472919102
14.83077,16.5297,14.70218,14.70808,0.05988005,1237664290472919101
16.12895,18.38458,16.11734,16.11733,0.05649944,1237664289936507011
12.68241,15.72978,12.65703,12.65703,0.06649103,1237664132091871249
14.83597,17.17314,14.82171,14.82161,0.09248299,1237664105779626180
14.70617,16.83656,14.57662,14.57756,0.09383,1237664105779560653
14.7325,16.64433,14.64729,14.64729,0.08762889,1237664105779495085
15.02335,18.38545,14.99472,14.95933,0.1085016,1237664094510907472
15.13033,16.73756,15.12155,15.12153,0.04699223,1237664093977182234
14.57003,15.91339,14.43107,14.43106,0.04782788,1237664093977182233
12.91849,15.4071,12.81685,12.81682,0.04751382,1237664093977182232
14.3526,16.14782,14.27961,14.27961,0.04675686,1237664093977116737
13.03106,15.79378,12.8696,12.911,0.05903724,1237664093439983708
13.84265,17.22029,14.46876,14.46876,0.06885986,1237664093439852639
12.44965,15.40152,12.3396,12.34276,0.06798925,1237664093439852636
14.82531,16.5025,14.94192,14.94192,0.115951,1237663918416199874
15.22433,18.33586,15.21935,15.10656,0.09892524,1237663918414889326
15.21955,16.51506,15.13475,15.14967,0.09731084,1237663918414889018
15.57914,17.28443,15.39079,15.411,0.097142,1237663918414823576
16.65298,19.56669,16.60377,16.56723,0.0937501,1237663918414758364
14.01334,16.53555,13.8676,13.86759,0.09059326,1237663918414758193
13.65462,16.13434,13.73211,13.73211,0.09480912,1237663918414758008
15.26394,16.7606,15.13384,15.14707,0.1035066,1237663915730272677
16.23562,17.30575,16.12038,16.12413,0.1040413,1237663915730272609
15.23316,16.90578,15.14239,15.14242,0.1046289,1237663915730272594
14.65547,16.76533,14.6042,14.60421,0.09282663,1237663915730272527
15.02064,16.86819,14.91609,14.91609,0.1045715,1237663915730272391
17.00414,18.60803,17.03716,17.00588,0.105185,1237663915730272304
15.4853,16.76701,15.37849,15.38387,0.08924937,1237663915730272292
16.3993,18.8088,16.36228,16.35628,0.1178423,1237663788493635962
15.06006,17.32969,15.15685,15.01312,0.1179748,1237663788493635946
15.39603,17.14609,15.23959,15.26792,0.0933769,1237663787955585290
15.82274,17.3378,15.72116,15.72116,0.09239156,1237663787955519676
15.01242,16.55167,14.96694,14.96694,0.161005,1237663787954470946
14.92636,16.41706,14.85646,14.85646,0.1029706,1237663786883416100
15.27991,17.3772,15.20777,15.20777,0.09862196,1237663786883350690
16.33137,17.84609,16.21695,16.21696,0.09667697,1237663546367148079
16.70637,18.38159,16.42167,16.5404,0.09872407,1237663546367082821
16.17214,18.11157,16.24306,16.02906,0.09976622,1237663546367082767
14.62406,16.59279,14.43417,14.48154,0.09588674,1237663546367082689
16.42823,18.78076,16.04965,16.15181,0.08794105,1237663546366558454
13.73023,16.67926,13.60574,13.6938,0.09977311,1237663530801365104
15.78448,18.6546,15.80477,15.68543,0.09350999,1237663530801168520
13.88587,15.77856,13.79611,13.79612,0.09619389,1237663530801168416
15.58775,17.65099,15.58466,15.51784,0.1071864,1237663530791796929
14.94675,18.25042,14.96626,14.96625,0.06247498,1237664668428599470
14.90138,17.76071,14.98708,14.87741,0.05696135,1237664667370651768
16.14146,17.39277,15.98263,16.04836,0.05849796,1237664337177542775
15.55584,18.20817,15.52319,15.50095,0.05830599,1237664337177542740
13.83025,16.5965,13.64885,13.77768,0.05901409,1237664337177477186
14.38454,16.2861,14.41808,14.41808,0.05855067,1237664337177477185
13.786,16.23616,13.69166,13.69166,0.0481386,1237664337175773190
14.73043,17.13367,14.7972,14.71976,0.04585569,1237664337175707794
12.51589,15.33834,12.4924,12.4924,0.05468386,1237664336632741928
14.85899,16.32345,14.75962,14.78958,0.04757631,1237664336632741895
15.29991,18.29078,15.29963,15.28624,0.03495874,1237664296366047574
13.36323,15.87133,13.2488,13.26115,0.03608862,1237664296366047350
16.34758,17.6824,16.13591,16.22703,0.03636635,1237664296366047287
16.14838,18.44322,16.11052,16.11052,0.02835275,1237664293684445268
13.71035,15.89025,13.6329,13.63291,0.0554723,1237664292076519438
15.06103,17.46409,14.79746,14.94185,0.05779633,1237664292076454119
15.30272,17.753,15.32644,15.24444,0.05764399,1237664292076454111
15.76855,17.17657,15.79177,15.7127,0.05760324,1237664292076388510
12.99073,15.14163,12.88708,12.88704,0.05589374,1237664291011952787
13.18896,15.48347,13.05609,13.06772,0.05621205,1237664291011952667
13.02489,16.20433,12.86825,12.9839,0.05571194,1237664291011887113
14.49863,16.96285,14.30652,14.41215,0.06571948,1237664289935261842
12.06845,15.28646,11.9607,11.96069,0.06486193,1237664289935261729
14.75319,18.40043,14.73926,14.69599,0.06570257,1237664289935196255
13.88882,17.63384,13.94591,13.87077,0.06792244,1237664289935130687
16.5253,18.62798,16.49247,16.49247,0.08886062,1237664289928773832
14.55617,17.52489,14.60885,14.47757,0.09578615,1237664289928773726
15.0922,17.64497,15.11492,15.04556,0.05361217,1237664289399636221
14.3414,16.99154,14.17496,14.29898,0.05422511,1237664289399636012
15.36975,17.85673,15.0725,15.25248,0.06097427,1237664289399439496
17.01997,18.52454,17.02228,16.97448,0.05796304,1237664289399439485
14.49154,16.3886,14.31726,14.33131,0.06563691,1237664289399439413
16.59106,18.25137,16.64623,16.51322,0.05398343,1237664289399374060
14.39155,16.40416,14.29578,14.2958,0.05677023,1237664289399373970
15.12461,17.20723,15.07563,15.07563,0.08355454,1237664131554541775
13.91863,16.32244,13.8139,13.8139,0.08389005,1237664131554541630
13.38675,16.5772,13.42587,13.42587,0.09411687,1237664131016360006
14.5241,16.70675,14.42931,14.45656,0.07106942,1237664130481717277
16.63566,18.01886,16.544,16.57502,0.06760504,1237664130481651900
13.88694,16.31704,13.75425,13.75425,0.07275365,1237664130481651748
14.23399,16.93277,14.10459,14.16567,0.0756913,1237664130479554590
12.72879,15.14679,12.64163,12.64163,0.05921105,1237664092903047228
15.6516,17.41588,15.5208,15.54739,0.09405454,1237664092898918748
16.24608,18.04022,15.97953,16.11619,0.09046983,1237664092898918570
16.05477,17.38263,15.92507,15.9293,0.09113595,1237664092898853172
14.12548,16.04957,14.11162,14.11162,0.09448399,1237664092898853038
13.24219,16.4876,13.3868,13.42064,0.09323917,1237664092898852896
14.19368,16.88544,14.09401,14.16781,0.1101543,1237663917341016282
17.16054,18.39727,16.9486,17.03389,0.1103081,1237663917340950801
16.44558,17.49039,16.34157,16.36535,0.08905076,1237663917339836570
16.91292,18.74565,16.95056,16.84591,0.08853178,1237663917339836556
13.99279,16.60844,13.84228,13.84228,0.09128944,1237663917339771127
16.37704,17.83768,16.31588,16.31588,0.09148228,1237663917339771108
15.374,17.46581,15.14046,15.29781,0.09534687,1237663917339771027
16.71472,18.44074,16.41401,16.5477,0.312998,1237663916810109132
14.75713,16.64417,14.61586,14.66024,0.3120188,1237663916810109034
14.8831,17.65937,14.92594,14.81852,0.1695698,1237663916801851543
15.76553,17.11323,15.63447,15.64258,0.1675104,1237663916801786266
13.40619,15.89123,13.31293,13.31293,0.1690411,1237663916801786001
13.92531,15.84104,13.86711,13.86711,0.1712141,1237663916801785874
13.15637,15.37365,13.00174,13.00174,0.1724048,1237663916801785873
15.51906,17.04883,15.33521,15.37329,0.1520181,1237663916801720625
14.33927,16.9473,14.17923,14.26796,0.1510203,1237663916801654936
16.90258,18.45236,16.91518,16.90772,0.1464847,1237663916275269775
16.70058,18.08089,16.73103,16.55928,0.1492696,1237663916275269716
16.0998,17.63302,15.97635,15.97851,0.1035286,1237663916270158057
16.00082,17.24883,15.89573,15.89572,0.1942387,1237663916268257468
15.36205,16.80139,15.36099,15.36099,0.2013225,1237663916268257450
13.54206,15.83011,13.38424,13.38616,0.1875642,1237663916268257306
15.28351,16.77275,15.07115,15.15931,0.1720887,1237663916268126422
16.19394,17.44392,16.11573,16.11573,0.09812544,1237663916267536572
13.41905,16.68356,13.14704,13.14701,0.09899473,1237663916267536477
16.05605,17.1214,15.9808,15.99458,0.09825616,1237663916267536476
15.60215,17.22007,15.41086,15.48144,0.1482935,1237663789031948495
13.72212,16.34343,13.63603,13.65164,0.1323489,1237663789031948360
12.88002,16.18185,12.67656,12.69236,0.1376865,1237663789031948359
13.31593,15.87061,13.20538,13.21593,0.1224557,1237663789031882835
13.55155,16.76064,13.46464,13.46464,0.1273432,1237663789031686258
14.16645,16.58173,14.05332,14.05335,0.1566593,1237663787427889321
16.54225,18.74336,16.49824,16.309,0.1746319,1237663787427823775
16.40118,17.66748,16.26262,16.26523,0.1993328,1237663787427823763
15.05846,16.48355,14.91197,14.91197,0.2534571,1237663787425857577
16.47625,18.76485,16.37339,16.37339,0.2469256,1237663787425792289
15.69443,18.74933,15.6186,15.6186,0.2414856,1237663787425792287
16.20083,17.54236,16.11562,16.11562,0.1974952,1237663787420811660
15.51403,17.27374,15.44704,15.44703,0.1924866,1237663787420811490
14.62783,16.75856,14.5061,14.50609,0.191453,1237663787420811489
16.26161,17.56543,16.12366,16.12367,0.154338,1237663787420745954
15.39837,18.24247,15.38356,15.38356,0.148115,1237663787417600310
14.54297,17.72323,14.51892,14.45896,0.1697261,1237663787417600254
15.2652,16.37051,15.14179,15.15039,0.144363,1237663787417469125
15.43496,16.90212,15.34243,15.34243,0.1344038,1237663786885906868
14.60053,16.79635,14.57132,14.57132,0.1159214,1237663786885906495
13.81903,16.25394,13.85067,13.85063,0.1159092,1237663786885906494
15.33748,18.41404,15.29773,15.29772,0.101466,1237663786885775559
14.9258,17.50587,14.68501,14.76913,0.1007437,1237663786883416329
12.94552,16.35028,12.81001,12.8557,0.1088733,1237663547981103226
15.72,17.05319,15.58858,15.61643,0.10751,1237663547981103123
15.7273,18.06811,15.81471,15.63491,0.09699903,1237663547434991794
16.4643,18.75927,16.47329,16.40737,0.09202743,1237663546903363801
16.03739,18.03124,16.16542,15.95367,0.09515291,1237663546903363741
15.53867,17.1341,15.38731,15.40131,0.09263594,1237663546903363732
14.78139,17.25647,14.78453,14.7231,0.09230702,1237663531337973846
14.50892,17.25809,14.26726,14.44148,0.03286582,1237664668437250202
14.72911,17.48653,14.77975,14.68419,0.03498289,1237664668438102203
14.39516,16.38492,14.30555,14.30553,0.03610488,1237664818753896461
16.49062,17.90796,16.53016,16.38787,0.03687194,1237664818753896557
16.19881,18.59047,16.15493,16.15492,0.03744344,1237664818753896585
16.97006,18.6057,17.02647,16.89188,0.03635892,1237664818753896597
16.46753,18.14119,16.49366,16.44169,0.04081137,1237664835934748855
14.29121,16.78306,14.23076,14.24812,0.1138961,1237664836462248406
15.69698,17.12141,15.66389,15.66387,0.08189645,1237664836997677434
14.98008,17.17962,14.80991,14.92643,0.02995939,1237664853105377330
13.41198,15.94618,13.30549,13.30548,0.03289401,1237664853105442825
16.00158,19.05796,15.93805,15.92364,0.03865448,1237664853105508500
16.93651,17.66583,16.93144,16.90849,0.1053833,1237664853116715184
13.92833,17.37147,13.99627,13.8894,0.1078208,1237664853116780599
15.89724,18.30745,15.89862,15.84411,0.03726472,1237664854183313713
16.45382,18.70403,16.45938,16.45937,0.112693,1237664854189539553
14.15937,16.95106,14.02827,14.1086,0.04076654,1237664871361019935
16.52942,19.09148,16.48954,16.47304,0.03570393,1237664878341062790
14.04802,16.11239,13.9704,13.97033,0.05997819,1237665016314462213
13.46185,16.24478,13.32945,13.32945,0.05064485,1237665016314593291
14.53665,17.1164,14.58146,14.59495,0.050699,1237665016314593292
16.23311,17.53052,16.09685,16.13783,0.04987215,1237665016314593453
15.89287,16.84328,15.77843,15.77845,0.0490843,1237665016314593480
14.32054,17.05852,14.18369,14.19552,0.04969174,1237665016314658947
14.17415,16.68106,14.10001,14.13882,0.02961083,1237665024909312194
13.90852,15.96527,13.84509,13.84509,0.02781446,1237665024910229511
13.49543,15.60654,13.3672,13.36721,0.02964177,1237665024911998985
13.16729,15.71012,13.21103,13.22232,0.03169426,1237665024911999057
14.31273,16.44503,14.11273,14.16527,0.03167873,1237665024911999138
15.42573,17.95457,15.51033,15.35541,0.05903614,1237665025436811331
16.61707,18.7368,16.66274,16.58787,0.05777927,1237665025436811410
14.19008,16.46277,14.10801,14.10801,0.0223795,1237665025446510622
15.2481,17.13939,15.07116,15.1208,0.02283978,1237665025446510739
17.27576,18.78937,17.00517,17.12011,0.02308832,1237665025446510745
15.45225,16.83566,15.36155,15.37753,0.02399452,1237665025446510775
16.97193,19.29371,17.06449,16.81573,0.02412784,1237665025446903972
16.66633,19.10991,16.66611,16.57377,0.02553357,1237665025446904003
16.9128,19.09398,16.86661,16.84609,0.02431885,1237665025446969348
15.27789,17.11742,15.28076,15.23862,0.0530869,1237665026510815411
15.97807,17.0682,15.87274,15.87274,0.05151195,1237665026510880997
15.34308,17.43088,15.06792,15.23122,0.0541215,1237665026510881018
15.09096,16.40322,14.90281,14.90283,0.05347353,1237665026510946313
13.65213,16.30105,13.98949,13.98951,0.05261358,1237665026510946314
14.14734,16.95224,14.01379,14.06212,0.0531272,1237665026510946431
14.14338,16.08703,14.01821,14.01821,0.1065219,1237665101680541765
13.7023,15.92652,13.63788,13.63789,0.1142884,1237665101680607314
15.66454,18.10059,15.80759,15.58423,0.1156117,1237665101680607541
15.87131,16.93909,15.74226,15.74226,0.1147656,1237665101680672773
14.8925,17.57388,15.27217,15.27233,0.1146598,1237665101680672774
14.24267,16.45469,14.12633,14.14835,0.1172017,1237665101680673013
14.47733,16.58282,14.35128,14.37479,0.1306342,1237665102219837516
14.01766,16.41675,13.88613,13.90388,0.1332296,1237665102219903152
14.80823,17.53261,14.83077,14.79107,0.03377352,1237665126939295886
14.15816,15.90041,14.02194,14.02195,0.03357969,1237665127475773484
13.78358,16.27709,13.73691,13.76473,0.03622358,1237665127475708006
16.80907,17.70443,16.71192,16.74466,0.04018513,1237665126938771573
16.08353,18.70599,16.05901,15.91292,0.1117753,1237665102756249888
14.11365,16.92204,13.98957,14.06446,0.1149978,1237665102223835397
14.29183,16.60491,14.12328,14.21024,0.1324296,1237665102219903237
14.3138,16.63942,14.18804,14.19126,0.1156405,1237665101680673069
15.7584,17.52638,15.872,15.87199,0.1089969,1237665101149176029
15.35567,17.94733,15.34899,15.31791,0.04486966,1237665099004051581
16.18125,18.15738,16.18249,16.16246,0.0450207,1237665098464952456
15.73707,17.30614,15.55884,15.65787,0.04487254,1237665097390162107
13.02368,15.54554,12.9169,12.91691,0.03510436,1237665026522415130
13.4037,15.81288,13.29645,13.29643,0.02624257,1237665026522021948
14.79888,18.14798,14.85656,14.82927,0.0295117,1237665024911933591
16.65382,18.92121,16.66782,16.50667,0.02606983,1237665024910164061
16.93312,17.69865,16.94902,16.91339,0.06507585,1237665015240589418
16.58061,17.49098,16.48258,16.50943,0.08462253,1237665015240589399
16.26273,18.1222,16.30739,16.19978,0.05795386,1237665015240523906
14.11717,15.89741,14.0628,14.06281,0.07123028,1237665015240458268
15.55614,17.77067,15.2806,15.40503,0.05749087,1237664879949906004
12.98748,16.36538,12.62578,12.6436,0.0554379,1237664879949906003
14.49071,16.17029,14.36367,14.36367,0.05667629,1237664879949906001
13.93059,16.56232,13.78857,13.78857,0.03012196,1237664854716514359
14.04443,16.36148,13.89381,13.91466,0.1095097,1237664854189473891
15.03375,16.95249,14.9101,14.91877,0.09703457,1237664853651619889
17.38313,19.99865,17.41401,17.27918,0.03493604,1237664853641462227
14.54416,16.24075,14.43421,14.43421,0.03153789,1237664853641461771
16.21895,17.63519,16.04265,16.12079,0.03142142,1237664853105377484
14.36161,16.89106,14.24419,14.30115,0.1250115,1237664852041466139
17.33244,18.86915,17.05814,17.16798,0.03418322,1237664846121730104
12.65772,15.16242,12.6372,12.65924,0.09995928,1237664836462248240
12.96531,15.48129,12.99111,13.02195,0.1159527,1237664836462182453
12.86517,15.54527,12.90881,12.90881,0.1133849,1237664835925180449
16.58146,18.77477,16.16138,16.38204,0.03734735,1237664818753831142
13.9183,16.66725,13.69119,13.71236,0.04221935,1237664817674059896
15.53996,17.07105,15.37234,15.37234,0.04271695,1237664817673994368
13.90328,16.02635,13.83889,13.84459,0.01878105,1237664671645368370
15.25894,18.10807,15.33409,15.218,0.05095207,1237664668981395534
16.50338,17.90215,16.52583,16.44795,0.03596957,1237665127475708179
14.37754,15.81969,14.22181,14.22181,0.02957158,1237665126940082198
14.4705,16.54699,14.37742,14.40691,0.02646505,1237665126939885705
14.92375,16.83453,14.80762,14.80762,0.04553737,1237665126930055448
15.4356,17.35148,15.51543,15.39189,0.04595944,1237665126930055406
14.78177,16.54112,14.60289,14.65222,0.04599101,1237665126930055405
12.97405,15.42663,12.84048,12.84046,0.04543371,1237665126930055238
16.2054,18.35666,16.20844,16.16163,0.2007889,1237665107578782173
16.21107,18.72194,16.17525,16.17525,0.1161084,1237665103295611145
13.30025,16.11308,13.13987,13.13987,0.1093146,1237665103295610891
14.80064,16.48601,14.71618,14.74314,0.1035936,1237665102756446380
15.2792,16.67704,15.18566,15.2031,0.1094534,1237665102756380973
15.96017,18.14148,15.97195,15.92295,0.04577008,1237665097926967479
16.36975,18.26251,16.33714,16.33715,0.05711167,1237665097389441200
13.96223,16.51678,13.82121,13.83521,0.05176162,1237665025436680514
13.86186,16.56587,13.44366,13.78071,0.05806831,1237665025436680199
13.79514,16.04217,13.70656,13.7066,0.02976634,1237665024375062540
13.27428,16.06532,13.2257,13.26663,0.04301574,1237665024374931478
14.50768,17.79946,14.52502,14.44521,0.03862027,1237665024374866095
14.77388,17.33039,14.64287,14.72402,0.04265421,1237665024374865968
15.97431,17.65562,15.89474,15.89474,0.02863772,1237665024372572310
15.86087,17.10542,15.73463,15.76474,0.02659805,1237665023837995164
14.70693,16.52729,14.57281,14.57731,0.03136852,1237665023837995013
16.2987,18.83678,16.25062,16.24125,0.1894012,1237664887463411913
14.23273,16.64177,13.97392,14.08281,0.1999909,1237664887463346414
14.34455,16.61556,14.33251,14.33251,0.1353845,1237664886388293744
14.57733,16.50383,14.5164,14.51642,0.0388336,1237664870822772966
15.20054,16.59551,15.08701,15.08703,0.03767221,1237664870822772925
17.01621,18.8256,16.66943,16.88171,0.03670173,1237664870822772913
15.43448,18.63286,15.3717,15.3717,0.04646717,1237664869753487485
16.80374,18.24772,16.82847,16.74147,0.1114599,1237664854189474090
16.58665,17.72006,16.44038,16.51899,0.1360866,1237664853653127598
14.94807,16.37209,14.89199,14.89198,0.09153813,1237664853651685435
15.78065,17.55365,15.81977,15.7181,0.03845386,1237664853641461874
15.31814,18.47473,15.33069,15.18191,0.1235568,1237664852044415211
12.76017,15.55171,12.746,12.7567,0.0978946,1237664836999118965
15.96098,18.20205,16.14544,16.36156,0.04091797,1237664835934814435
14.01873,17.24328,14.0171,13.9696,0.0463833,1237664835934814390
15.09309,16.74397,14.94905,14.9644,0.04330526,1237664818208047228
13.18354,15.8049,13.04775,13.04919,0.06599169,1237664814988328970
13.90003,16.56716,13.75313,13.84526,0.02343667,1237664671645171858
12.97471,15.78216,12.87695,12.90237,0.03231218,1237664671645171756
16.0388,18.28364,15.71184,15.89331,0.03072625,1237664671644844043
15.76063,17.02947,15.66643,15.66643,0.05357045,1237664668981330034
15.53836,16.78213,15.50188,15.50187,0.0513382,1237664668981264486
13.64808,15.93336,13.53651,13.54285,0.04692873,1237664668975890441
12.5643,15.5132,12.46457,12.46458,0.04016548,1237664668437119003
16.02264,18.45626,15.52727,15.85903,0.05062584,1237664668436398267
15.37012,17.13796,15.26184,15.27137,0.04977327,1237664668436398224
17.56021,18.48221,17.51516,17.51516,0.05209154,1237664668436398189
14.66903,16.43633,14.64092,14.64098,0.05109674,1237664668436398093
16.44095,18.15915,16.507,16.37083,0.05687642,1237665127453753512
14.74915,16.27541,14.65144,14.65144,0.05692484,1237665127453753414
16.48934,17.55062,16.39718,16.40687,0.05717123,1237665127453753406
14.49676,16.39822,14.40564,14.40561,0.0575601,1237665127453753361
15.29017,16.79496,15.29937,15.2963,0.04387188,1237665025978073097
14.8019,16.31836,14.64429,14.64841,0.03074204,1237665024367722528
15.16255,16.49863,15.06627,15.06622,0.03107005,1237665024367722513
15.70664,16.67107,15.62319,15.63605,0.02474193,1237665023838060759
16.82108,18.38783,16.92541,16.73509,0.02514064,1237665023838060740
13.89508,16.12421,13.76321,13.76321,0.02429852,1237665023838060553
15.39918,16.61464,15.27538,15.29051,0.03598093,1237665023836881158
14.64111,16.25122,14.47959,14.47959,0.03678254,1237665023836881057
14.74907,16.66923,14.65166,14.7205,0.03747796,1237665023836881029
15.47896,16.74717,15.35904,15.36289,0.0393983,1237665023836880982
16.51227,18.103,16.27715,16.36884,0.03303005,1237665023836815661
13.51053,16.43532,13.46172,13.46172,0.03815692,1237665023836815551
14.79687,16.56145,14.67639,14.71843,0.04408916,1237665023836815486
14.11209,15.92909,14.05106,14.05106,0.04405956,1237665023836815484
17.03848,18.71431,16.7321,16.86801,0.1326492,1237664853653127479
14.81835,17.28892,14.83631,14.78162,0.05648687,1237664837006852244
14.58524,17.17188,14.60289,14.50035,0.02656573,1237664819818987690
14.24742,16.27283,14.29038,14.29038,0.02672959,1237664819818987566
14.19426,15.9878,14.20017,14.2002,0.02672367,1237664819818987565
13.92773,16.65394,13.87959,13.92404,0.0265503,1237664819818987529
14.80256,16.96511,14.80362,14.80368,0.04307869,1237664819285393504
15.68365,18.50863,15.72012,15.59022,0.04651002,1237664818207981738
16.69342,19.33332,16.65321,16.54067,0.04151892,1237664817674256458
15.76847,18.62818,15.71889,15.71889,0.04134152,1237664817674256453
15.24756,16.7733,15.17502,15.17505,0.0410024,1237664817674190926
14.38207,17.0838,14.29216,14.29224,0.07291465,1237664814988263512
14.39569,16.56434,14.32559,14.38092,0.06799222,1237664814988263474
15.96332,18.11439,16.00586,15.92586,0.07029515,1237664814988263447
15.90849,18.4396,15.88183,15.88183,0.05488974,1237664814452244710
15.86285,17.44343,15.65741,15.73718,0.02947555,1237664671645237313
14.55186,16.92373,14.41702,14.43971,0.02287433,1237664671645171915
14.5565,17.5765,14.61637,14.53176,0.03091756,1237664671645171895
14.23595,15.79631,14.10593,14.10594,0.03435947,1237664670045765663
15.5214,17.36632,15.37168,15.37168,0.03185256,1237664668973990023
14.02001,16.23054,13.95886,13.99085,0.02885293,1237665128011399223
14.26097,15.65598,14.16417,14.16417,0.02888985,1237665128011399283
13.28943,15.87334,13.22384,13.22386,0.1207544,1237665128026800224
14.12767,15.89361,13.99114,13.99113,0.1045647,1237665128563212505
15.54202,17.55518,15.32121,15.39054,0.1043981,1237665128563343628
13.16309,16.54885,13.20697,13.20276,0.02613665,1237665129087565860
15.00429,17.69142,15.02269,15.00584,0.02614239,1237665129087565862
15.78847,17.39453,15.60852,15.70623,0.02620791,1237665129087565950
15.37355,16.94507,15.18684,15.22288,0.02417947,1237665129087631503
14.06726,16.32326,14.1053,14.1053,0.02885771,1237665129624043636
14.48149,16.6218,14.41896,14.42509,0.02886815,1237665129624043700
14.20375,16.55392,14.08403,14.08404,0.04509399,1237665225702637600
15.62978,17.10909,15.48904,15.48904,0.04438773,1237665225702637601
16.08879,17.64721,16.6737,16.68056,0.04452826,1237665225702637605
16.89965,17.8291,16.82518,16.83925,0.04324397,1237665225702637606
15.03477,16.99906,15.00274,15.00273,0.040047,1237665225702637928
15.73387,17.37948,15.57351,15.64207,0.03476432,1237665227313315992
15.52171,16.83535,15.44081,15.44895,0.02523184,1237665227848744967
15.16002,16.62835,15.15063,15.15077,0.0529257,1237665328771563541
14.18748,17.45809,14.25235,14.14814,0.05688249,1237665328771563577
13.93063,16.68631,13.82837,13.82837,0.04682725,1237665328771563631
14.541,16.30516,14.46573,14.46579,0.04731628,1237665328777461782
15.58737,18.13384,15.25606,15.42364,0.03338649,1237665328787357712
16.50531,19.43462,16.43181,16.43181,0.05440266,1237665329311514810
16.21019,18.83219,16.21273,16.20023,0.05038926,1237665329311580293
17.04415,18.73115,17.05792,16.96954,0.05017183,1237665329311580311
13.84268,15.90268,13.66564,13.66563,0.03701665,1237665329323376654
15.17241,16.57431,15.04612,15.04612,0.03706172,1237665329323376833
14.96274,16.96569,14.92643,14.92643,0.03596663,1237665329323442227
14.69278,18.31336,14.68718,14.62261,0.03418482,1237665329854021699
14.32243,16.93847,14.17547,14.17547,0.03747364,1237665329854152782
14.09354,16.32452,14.05594,14.05594,0.03418972,1237665329860313105
16.55494,18.60908,16.66778,16.48762,0.03382844,1237665329860313106
15.81853,17.39929,15.782,15.782,0.03424384,1237665329860313136
14.74779,18.0757,14.74938,14.71274,0.0337566,1237665330933596220
15.24729,16.92232,15.17656,15.17658,0.03490622,1237665330933989474
15.75646,18.1643,15.37993,15.67201,0.03912255,1237665330937266334
15.79064,18.89391,15.69798,15.69798,0.02794318,1237665331462602904
15.43261,18.83906,15.34283,15.34284,0.03200063,1237665331462668473
15.12185,18.19669,15.14506,15.00587,0.04414259,1237665355083940130
13.41917,16.37868,13.49851,13.50474,0.04522827,1237665355084005428
16.42291,17.34526,16.3518,16.37388,0.04362407,1237665355084005737
16.43667,18.88623,16.44,16.43999,0.01998325,1237665355622187254
13.9926,16.29741,13.85839,13.85839,0.05795185,1237665367967989858
15.81953,17.63937,15.88224,15.88224,0.05766774,1237665367967989859
15.98176,17.93126,16.03345,15.86739,0.05732096,1237665367967989860
13.34858,16.93014,13.27243,13.40441,0.12108,1237665372795502619
15.95948,19.60991,15.86466,15.85163,0.1206221,1237665372795502891
15.27455,16.82361,15.1774,15.17741,0.1351777,1237665427567673463
13.94533,16.44968,13.81517,13.81518,0.1339612,1237665427567673462
15.01297,16.97307,14.8894,14.92876,0.1488468,1237665427567542394
15.98478,18.44754,15.96021,15.96021,0.1294679,1237665372258959704
16.40434,18.57075,16.05173,16.25988,0.1208335,1237665372258894093
14.3044,16.14279,14.24607,14.24614,0.1226383,1237665372258894034
14.19486,16.36091,14.21904,14.21912,0.1204506,1237665372258828375
15.52262,17.89917,15.51947,15.50218,0.1272508,1237665372258762795
15.11808,17.50788,15.16308,15.06367,0.1268531,1237665372258762788
16.58828,18.6904,16.17217,16.47908,0.05524911,1237665367968055323
15.29278,17.49673,15.05651,15.22138,0.05920879,1237665367967990027
13.72213,16.66725,13.59034,13.64247,0.0481615,1237665356156829886
13.50263,16.0198,13.58376,13.59767,0.02221486,1237665355622121532
15.96329,17.50039,15.8068,15.8385,0.0319851,1237665355086757968
16.41268,17.7231,16.29558,16.30843,0.03533874,1237665330933989419
14.67604,16.73369,14.54988,14.56504,0.03395784,1237665330933989398
15.54522,17.30021,15.47231,15.47233,0.03381651,1237665330933465219
15.89464,18.3377,15.91,15.76394,0.03248372,1237665330933465156
14.15556,16.02382,14.01809,14.01809,0.04106091,1237665330400395323
14.06628,17.29719,14.11881,14.08546,0.05461358,1237665329311514762
15.66513,17.53225,15.71268,15.6232,0.04363443,1237665328777592916
16.12216,18.95794,16.07696,16.07696,0.0270924,1237665228378931266
13.11758,15.3809,13.21807,13.21807,0.02732595,1237665228378865701
15.49594,16.83267,15.37898,15.3927,0.02461395,1237665227848745076
12.78611,16.4886,12.57144,12.58744,0.03217737,1237665227848548397
13.9941,16.49334,14.02178,14.02178,0.04335856,1237665227312857217
13.20168,16.01635,13.03078,13.11039,0.03049636,1237665227312005135
15.22753,16.57751,15.11579,15.1158,0.04104361,1237665226239639720
16.6057,19.56323,16.56772,16.40557,0.03463062,1237665226239508661
14.55098,16.8806,14.39151,14.42371,0.04060098,1237665225702572098
14.33853,17.50107,14.16073,14.22403,0.03823123,1237665179521187909
16.63179,18.01259,16.40917,16.52322,0.03843347,1237665179521187864
14.17519,16.66667,14.07105,14.11661,0.03843321,1237665179521187863
16.58245,19.11164,16.51804,16.51804,0.03731997,1237665179521056969
13.25265,16.04991,13.22219,13.25631,0.04391185,1237665129616900136
12.9614,15.68279,12.94397,12.94399,0.04592418,1237665129616834566
15.26285,17.0593,15.18371,15.18372,0.125989,1237665129099624698
13.23652,15.71414,13.10444,13.10441,0.1230655,1237665129099624455
16.01469,17.3003,15.96689,15.96693,0.1162993,1237665129099559164
15.91739,18.79675,16.00768,15.91895,0.03008061,1237665128011464838
13.57901,16.16742,13.57229,13.61542,0.02864132,1237665128011464753
16.69324,17.69263,16.56041,16.58321,0.1394008,1237665427567673643
15.89085,18.91031,15.8214,15.8214,0.1207575,1237665372258828656
15.54573,16.53751,15.44255,15.44253,0.1208034,1237665372258828633
16.55301,17.38593,16.47746,16.48226,0.1202283,1237665372258828586
15.21969,18.19626,15.41369,15.17838,0.1214243,1237665372258828479
16.34589,18.26813,16.33834,16.318,0.1254119,1237665372258697307
14.12413,16.95657,13.96397,14.02877,0.1431246,1237665372257583417
14.3275,16.60809,14.2362,14.2362,0.1328052,1237665372257255598
15.58134,16.90396,15.45831,15.45833,0.04374656,1237665370120847519
13.49707,16.48925,13.42205,13.4229,0.0440193,1237665370120847454
14.50346,16.59971,14.50752,14.50767,0.04327151,1237665370120847399
15.12904,17.91074,15.11598,15.10665,0.04453481,1237665370120782013
15.26711,16.5934,15.20374,15.2264,0.05663616,1237665370118291482
13.94652,16.16829,13.84988,13.84989,0.05720377,1237665370118291481
16.32018,17.96918,16.40223,16.26764,0.05460632,1237665370118226042
15.23705,17.7156,15.01685,15.17269,0.04528875,1237665369043959951
15.34472,18.23149,15.33143,15.31269,0.04510272,1237665369043959893
14.79018,16.02388,14.72033,14.72299,0.04486608,1237665369043894382
13.79068,16.1053,13.66382,13.66524,0.04416712,1237665369043894294
14.37399,16.26218,14.33356,14.33358,0.05298182,1237665331457163342
15.23929,17.08135,15.1295,15.1327,0.05564792,1237665331457163322
15.26267,18.04673,15.32236,15.12256,0.05954866,1237665330921078958
15.20541,17.59997,14.9305,15.02806,0.06441038,1237665330921078933
16.12283,18.53365,16.15017,15.98703,0.06560776,1237665330921078921
14.78789,16.20747,14.63164,14.63163,0.06180305,1237665330921078839
16.66982,18.87069,16.21555,16.21555,0.06407653,1237665330921013326
14.45087,17.0049,14.36852,14.37464,0.06413408,1237665330921013325
13.87477,15.86663,13.8737,13.8737,0.03034445,1237665330395349055
14.46842,17.94981,14.50693,14.36384,0.03689329,1237665330395152577
14.74636,16.36736,14.59346,14.59347,0.02852382,1237665330395152533
12.2929,15.72451,12.12132,12.13891,0.03087484,1237665330395152439
15.94626,17.22339,15.89692,15.89688,0.03356471,1237665329323311234
15.46818,17.15666,15.32972,15.41006,0.03339162,1237665329323311205
14.29944,16.91383,14.11874,14.22085,0.04131616,1237665329314660360
15.87896,18.77931,15.81772,15.81729,0.04485447,1237665329314398323
14.60721,16.4067,14.48087,14.48086,0.04057697,1237665328786440241
15.93074,17.9868,15.95527,15.92416,0.1181831,1237665231058960779
16.21823,17.53624,16.06471,16.13625,0.1160702,1237665231058895145
13.24684,15.90612,13.27262,13.27262,0.1180314,1237665231058895036
13.61792,15.77958,13.51944,13.51944,0.1184801,1237665231058895034
15.80814,16.95615,15.7507,15.75073,0.03055757,1237665226239574107
13.59982,16.6375,13.53747,13.57273,0.0312829,1237665226239508564
15.30383,18.12789,15.3367,15.2217,0.03695263,1237665226233479315
13.34913,15.66175,13.25047,13.25045,0.03806536,1237665226233479173
17.10475,18.8226,17.08125,17.07989,0.03242014,1237665225703555198
14.12541,16.14946,14.02562,14.02564,0.03584521,1237665225703555117
16.43385,18.0395,16.4526,16.3811,0.03292588,1237665225703489844
15.0856,16.3448,14.98094,14.98094,0.0355325,1237665225703424149
14.84924,16.44408,14.76039,14.7604,0.04113814,1237665225693921343
12.89983,15.45352,12.85637,12.85637,0.04007711,1237665225693855754
15.29832,16.833,15.17051,15.19223,0.04130883,1237665129617031224
15.91736,16.876,15.83043,15.83043,0.1351682,1237665129102901279
16.63157,19.81719,16.60236,16.58397,0.08076415,1237665129098510627
16.3624,18.95034,16.35503,16.31002,0.08183166,1237665129098510471
13.22655,17.03039,13.18652,13.32717,0.04478047,1237665129066070264
16.2138,18.05288,16.19225,16.18417,0.04484197,1237665129066070261
14.41308,16.24261,14.27173,14.29248,0.0438032,1237665129066070035
14.32184,16.60125,14.16492,14.17008,0.02763769,1237665128550760684
15.03844,16.73564,15.00937,15.00937,0.02910206,1237665128550695053
16.04531,17.10252,15.94453,15.97301,0.02303598,1237665128548990982
14.21314,15.98711,14.05803,14.05803,0.02533414,1237665128548925484
15.8814,17.80504,15.58807,15.70273,0.05805416,1237665128538833047
13.63032,16.1276,13.57203,13.59932,0.05959914,1237665128538832901
14.05323,16.08017,13.98167,13.98168,0.05810319,1237665128538701950
15.05111,17.05256,14.86126,14.9388,0.03329925,1237665128012316876
16.11181,18.61018,16.12475,16.1078,0.036548,1237665128012316791
15.13948,16.57656,15.01838,15.02896,0.03533828,1237665128012316718
16.14099,18.03017,16.20857,16.127,0.02985179,1237665128012251184
16.21808,17.20147,16.09594,16.09594,0.02714253,1237665128012185846
14.4543,16.15349,14.41676,14.41678,0.02492364,1237665128011989012
15.295,18.40713,15.33947,15.21691,0.0288503,1237665128011923659
16.73564,19.21676,16.7147,16.70103,0.0323296,1237665128011923585
13.83621,17.25081,13.65208,13.7603,0.03271648,1237665128011923466
16.57359,18.70295,16.21009,16.36896,0.03247111,1237665128006680670
13.67672,15.95162,13.57385,13.58164,0.0341338,1237665128006615097
13.98737,16.01913,13.90851,13.90851,0.02855942,1237665128006549524
16.16757,17.35909,16.03037,16.05598,0.04362189,1237665127991279874
15.06823,17.28326,15.32116,15.41972,0.04756202,1237665127991279712
17.11062,17.31521,17.05505,17.05505,0.04716792,1237665127991279710
14.39809,16.268,14.24177,14.24176,0.04639674,1237665127991279701
15.46636,16.83231,15.3696,15.38298,0.03818783,1237665427560005800
14.92218,17.98165,14.97001,14.79255,0.1288191,1237665230521958457
13.40817,16.02814,13.48663,13.53067,0.02351619,1237665228385615910
14.82448,16.08439,14.73638,14.74385,0.03420332,1237665228385157229
15.89244,16.87252,15.78568,15.79819,0.03484645,1237665228385157138
14.27184,16.25564,14.16527,14.16527,0.03476319,1237665228385157137
14.15735,16.24801,14.21969,14.21969,0.03512046,1237665228385157136
13.64075,16.28288,13.55997,13.62222,0.02557867,1237665226775068788
13.82864,17.65566,13.81963,13.75162,0.03058739,1237665226774347799
16.69421,18.86391,16.63848,16.63848,0.03661523,1237665180058058906
15.44114,18.16172,15.50996,15.37322,0.0403683,1237665180057993364
15.01166,18.67233,14.99322,14.99322,0.1520299,1237665427567804598
13.1363,15.66774,13.13908,13.14555,0.02519639,1237665428090454023
16.00902,19.18231,15.97666,15.97666,0.02422022,1237665428627324992
14.82198,16.20185,14.732,14.732,0.04261934,1237665428633747529
16.15209,19.01983,16.16712,16.11651,0.04103152,1237665428633747596
16.22966,17.99003,15.97488,16.12011,0.0431048,1237665428633747667
16.05877,18.26487,15.7687,15.92938,0.04326564,1237665428633812997
14.55872,16.91977,14.39334,14.52157,0.05401332,1237665428634402842
14.82632,16.77137,14.87772,14.87772,0.04846773,1237665429171732700
14.55362,17.15571,14.44701,14.45987,0.04894238,1237665429171798149
15.73135,17.05719,15.68398,15.68394,0.04812913,1237665429171798182
13.8367,16.55989,13.79771,13.79778,0.04314707,1237665429171798247
16.6846,18.13406,16.47045,16.57185,0.0436442,1237665429171798248
14.66106,16.69426,14.50687,14.50837,0.04366041,1237665442060501049
14.93217,16.61776,14.86082,14.8608,0.03738021,1237665442061025295
14.91143,16.90796,14.87951,14.8795,0.09567154,1237665442072035687
14.33788,16.26902,14.20483,14.24883,0.08846829,1237665531180679181
16.27174,17.75885,16.30947,16.21901,0.08516836,1237665531181138095
15.19601,16.61714,15.11124,15.11126,0.06939197,1237665531713814551
14.38814,16.22366,14.49295,14.49301,0.06843106,1237665531713814595
16.37962,18.6615,16.35794,16.35795,0.07406362,1237665531713814706
16.81382,18.63787,16.83022,16.77935,0.06890903,1237665531713814804
15.56627,16.64483,15.48778,15.48777,0.07936891,1237665531723317728
15.35375,16.64915,15.27306,15.27305,0.08995134,1237665531723710531
14.64233,16.88647,14.49712,14.50289,0.08689477,1237665531723710540
14.78019,16.44608,14.66942,14.70307,0.08724581,1237665532260057112
14.98749,18.13528,14.9876,14.92825,0.1067603,1237665532262351178
16.6218,17.6106,16.52696,16.55468,0.1193229,1237665534931894614
16.16846,16.9916,16.08183,16.08178,0.1204711,1237665534931894706
15.55083,17.61132,15.59199,15.59201,0.1204941,1237665534931894707
17.11466,18.99673,17.14057,17.10996,0.1179259,1237665534931894732
14.32209,16.48123,14.14906,14.19959,0.1401603,1237665535465619491
15.58735,17.04354,15.4521,15.46162,0.1399301,1237665535465619617
14.94401,16.96749,14.91602,14.91602,0.08947898,1237665548363432038
16.79174,18.61941,16.47686,16.6083,0.08445134,1237665548363956543
14.30969,16.99729,14.13508,14.17721,0.08597996,1237665548900958660
16.12863,17.05858,16.02707,16.03294,0.09459007,1237665548901286143
13.69703,15.86226,13.5452,13.56997,0.09966512,1237665549974306996
15.29977,17.17766,15.11586,15.21055,0.08567534,1237665549974306948
15.90381,17.20532,15.76626,15.82228,0.09429622,1237665549974241648
16.63156,18.58262,16.59225,16.59225,0.09777178,1237665549974241374
15.39916,17.08754,15.2744,15.28108,0.2196689,1237665549969653903
14.88946,17.0604,15.77005,15.76999,0.2172001,1237665549969588379
13.37388,16.32123,13.23571,13.24785,0.2193321,1237665549969588378
14.34743,16.36324,14.51725,14.51721,0.2221314,1237665549969588377
16.71282,18.47293,16.72923,16.6131,0.1351393,1237665549964214388
16.18722,17.29078,16.09928,16.09931,0.136878,1237665549964214368
14.55615,16.47822,14.52571,14.52571,0.1337856,1237665549964214340
16.78823,19.29175,16.76837,16.69893,0.1345649,1237665549964214335
14.62264,16.7344,14.5938,14.59384,0.0809011,1237665549437632547
14.48108,16.53014,14.52033,14.52028,0.08246557,1237665548363956318
13.92776,16.09217,13.85596,13.85596,0.08260588,1237665548363956317
15.53579,18.07547,15.56112,15.44969,0.08483546,1237665548363956244
13.90446,17.35469,13.97861,13.93843,0.1196206,1237665536542179835
15.53496,18.09128,15.54759,15.45141,0.1194101,1237665536542179811
15.67016,16.89925,15.54313,15.54313,0.1315282,1237665535465619850
15.76011,17.05795,15.7681,15.76808,0.1286632,1237665535465619750
13.04514,16.64498,12.80373,12.93133,0.1355996,1237665535465619524
17.13986,19.05746,17.15172,17.15172,0.1181581,1237665534931894453
15.87154,17.0939,15.7871,15.78713,0.1175256,1237665534931894452
14.36006,15.98805,14.35528,14.35523,0.1183781,1237665534931894451
13.62571,15.94626,13.49576,13.5004,0.1201513,1237665534931894336
14.92793,17.49532,14.94274,14.92634,0.1081122,1237665532262285668
16.75463,18.92201,16.71069,16.71069,0.09189922,1237665532260581636
14.91265,16.26511,14.81759,14.81759,0.08776142,1237665532259991737
16.44272,18.82495,16.48657,16.34667,0.07805128,1237665531723514265
16.22837,18.60476,16.3017,16.07215,0.0786598,1237665531723514229
14.54504,16.61295,14.37774,14.41212,0.08087695,1237665531723317440
13.21615,16.03867,13.11285,13.11284,0.08091201,1237665531723317438
16.28505,18.50707,16.30657,16.2234,0.08856446,1237665531180482789
15.08781,17.55675,15.10239,15.05461,0.02865452,1237665530635682059
13.88703,16.05662,13.75307,13.76327,0.1047913,1237665442071904291
13.94922,16.31497,13.85157,13.85159,0.04356092,1237665441522778142
15.33453,17.81425,15.31296,15.31297,0.03478581,1237665440981581946
16.10612,18.08511,15.82974,15.93888,0.03142907,1237665429705785563
13.9993,16.07303,13.86408,13.87377,0.03724997,1237665429705785489
16.641,17.86267,16.52942,16.52942,0.03585389,1237665429705785479
15.13266,17.16716,15.17173,15.07332,0.03613308,1237665429705720018
15.02108,16.40211,14.88926,14.88926,0.03219363,1237665429705719871
15.06535,16.41438,15.11559,15.11559,0.08743542,1237665429181497364
16.75227,17.81102,16.61348,16.67262,0.04277346,1237665429171863665
15.24037,18.3374,15.20939,15.20939,0.1079296,1237665428110639527
16.80665,18.17858,16.64456,16.65775,0.1380404,1237665427567673685
15.58424,17.67155,15.59543,15.53592,0.1004351,1237665549976142073
15.08085,17.45379,14.91555,15.02428,0.09041367,1237665549437960610
14.79903,16.74876,14.73303,14.733,0.0918486,1237665549437960520
17.59802,19.23733,17.58574,17.58575,0.08899156,1237665549437960502
13.97932,16.11074,13.94675,13.94677,0.08172032,1237665549437698092
15.78081,17.38428,15.78545,15.72755,0.03407402,1237665548887326900
15.52363,17.31137,15.40072,15.40072,0.03418535,1237665548887326898
14.03224,16.68727,13.94863,13.97092,0.04697042,1237665548887261391
13.94914,16.44758,13.90419,13.90421,0.04701264,1237665548887261266
16.07139,17.28751,15.9619,15.9619,0.04113772,1237665548887261199
15.57622,16.82513,15.43215,15.43335,0.04056331,1237665548887195946
15.89966,17.33697,15.77766,15.77766,0.04238635,1237665548887195936
13.10436,15.61609,12.9733,12.9733,0.03840397,1237665548887195714
13.88642,16.06495,13.75713,13.75717,0.04005178,1237665548887195662
15.76795,17.75602,15.57238,15.59252,0.09584738,1237665548357140651
14.80732,16.90623,14.80931,14.80933,0.1003011,1237665548357075217
17.48279,18.85961,17.2264,17.38592,0.09818225,1237665548357075200
17.08306,17.8407,17.01365,17.01875,0.09875015,1237665548357075183
15.66945,17.08028,15.49516,15.53953,0.09228871,1237665548357075115
16.87666,18.02614,16.73948,16.7613,0.09019284,1237665548357075087
14.06488,15.99105,13.92288,13.92287,0.0378032,1237665548350193740
13.28179,15.7016,13.18355,13.18355,0.03190117,1237665548350128144
15.97261,17.46185,15.88885,15.88885,0.1161351,1237665536542245055
15.31732,16.79512,15.22411,15.22411,0.1012433,1237665536003539140
16.10655,17.68307,15.90051,15.96996,0.1452058,1237665535471518151
15.26689,16.67244,15.18781,15.18783,0.09216835,1237665535468765571
16.10647,17.35563,15.94629,16.00741,0.08929681,1237665535468765536
15.30203,17.08808,15.57076,15.59038,0.08952385,1237665535468765464
14.06837,16.79289,13.91222,13.94605,0.09030418,1237665535468765463
15.4263,16.87618,15.3728,15.3728,0.113033,1237665534934450552
15.88997,17.58366,15.8727,15.85781,0.07258141,1237665533324492861
14.68307,16.49486,14.61318,14.61318,0.0961593,1237665532796993637
14.40367,16.35612,14.24841,14.24995,0.1030151,1237665532796862550
15.28829,16.70808,15.19417,15.19417,0.08851793,1237665532260581889
15.07971,17.31641,14.97845,14.97845,0.08848687,1237665532260581838
16.2324,18.37385,16.21509,16.21509,0.08467214,1237665531723579578
16.26884,17.95002,16.15889,16.15889,0.04416383,1237665531709817003
15.27825,17.87216,15.35157,15.34065,0.04347432,1237665531709816970
17.14946,19.80757,17.11307,17.02668,0.08279279,1237665531181203620
17.05638,17.97536,16.93484,16.96488,0.0983159,1237665531179761770
13.68322,16.44876,13.57047,13.598,0.03704169,1237665531172946006
15.38266,16.77518,15.26362,15.27676,0.02849113,1237665531172683959
14.96761,17.7958,15.00127,14.94771,0.1102824,1237665530651083244
13.03291,16.11268,13.03155,13.03155,0.1227636,1237665530651082852
15.31314,17.88841,15.31882,15.2521,0.103125,1237665530650952005
15.33309,17.83161,15.43321,15.36751,0.1035019,1237665530650165636
15.05354,16.35848,15.02621,15.02621,0.03226124,1237665443131752459
14.28979,16.44652,14.18072,14.18073,0.1031862,1237665442071970090
15.94754,17.18304,15.88771,15.88771,0.1112634,1237665442071970062
14.84355,17.71165,14.92087,14.83282,0.1099039,1237665442071969837
14.05793,15.80803,13.92278,13.92278,0.107562,1237665442071969832
15.40148,18.17385,15.40143,15.35343,0.08309522,1237665442070659313
14.3154,15.75503,14.2208,14.23318,0.08678251,1237665442070659095
15.65919,17.78391,15.63785,15.63785,0.08530127,1237665442070593666
16.67984,19.0298,16.63839,16.62731,0.08505762,1237665442070593542
17.142,19.08646,17.13645,17.13645,0.088838,1237665442070528252
14.23783,16.67648,14.09793,14.16801,0.09040071,1237665442070528055
13.37863,15.83719,13.27041,13.27039,0.03663677,1237665442059714582
14.372,17.22286,14.19417,14.22265,0.04503239,1237665441523499143
13.71029,15.99141,13.61539,13.61538,0.03065971,1237665441518518285
15.92076,17.7985,15.70307,15.82911,0.07178396,1237665440988528752
15.68843,17.35623,15.58715,15.58715,0.1386862,1237665429185495125
13.7821,16.61011,14.58836,14.58836,0.09989222,1237665428645871715
15.68932,17.0452,15.58346,15.58652,0.09680387,1237665428645806454
14.01093,16.51291,13.94531,14.05272,0.1061155,1237665428645806219
14.05505,16.54947,13.85684,13.86392,0.09729035,1237665428645740687
13.43629,16.26217,13.41585,13.41584,0.09791245,1237665428645740684
15.80226,16.93838,16.47101,16.47729,0.09754616,1237665428645740683
15.02529,16.58726,14.9962,15.05431,0.03691981,1237665428629422165
14.71035,16.49428,14.60084,14.60685,0.09904216,1237665428108935669
14.40252,16.31209,14.30611,14.30609,0.09281876,1237665428108935458
15.4596,16.9575,15.30928,15.30924,0.09225418,1237665428108935403
15.54039,17.27807,15.40409,15.44537,0.1492763,1237665549439795565
15.44613,18.52613,15.44747,15.34299,0.1487881,1237665549439795506
16.41244,18.3817,16.11012,16.28993,0.1360349,1237665549439795426
13.90391,15.7357,13.77087,13.77086,0.1441161,1237665549439795241
15.20758,17.62291,15.27674,15.15545,0.09466201,1237665532798763625
13.20547,15.94751,13.13969,13.13969,0.09408045,1237665532798763287
15.15307,17.0171,15.07858,15.07858,0.1114839,1237665532786835481
15.59219,18.54283,15.57926,15.53953,0.04857767,1237665532785066181
14.70583,16.41839,14.80034,14.79618,0.04797189,1237665532785066003
13.87002,16.59392,13.86646,13.88229,0.04757038,1237665532785066002
16.14318,16.93415,16.06281,16.06481,0.09564998,1237665530649706709
14.74695,17.2983,14.55382,14.6138,0.09178916,1237665530649641205
14.00465,16.15534,13.89224,13.89224,0.09229894,1237665530649641061
14.1567,16.62339,14.13848,14.17722,0.09143043,1237665530643742759
15.12091,17.56057,14.94934,14.99179,0.04033387,1237665441523630105
13.72523,16.29881,13.56969,13.61654,0.03998373,1237665441523630104
15.5392,16.98977,15.45179,15.45179,0.03847912,1237665441522909366
15.12709,17.67671,15.16786,15.05361,0.03636714,1237665441518518400
15.36644,17.20643,15.19633,15.23238,0.02320812,1237665441516421312
14.22382,16.03672,14.15741,14.15742,0.02437602,1237665441516355626
16.08962,17.36637,15.95196,15.99507,0.09167626,1237665440998031805
13.46993,15.71666,13.43159,13.43159,0.09168138,1237665440998031492
16.16642,17.67115,16.18471,16.10984,0.07181399,1237665440988528754
14.72314,16.86455,14.63691,14.63693,0.07244983,1237665440988463230
13.44329,16.32108,13.35523,13.39747,0.07248528,1237665440988463229
13.16827,15.62205,13.1175,13.12245,0.04480685,1237665550499315738
16.23889,18.23147,16.31895,16.17473,0.09631327,1237665566618616105
14.8509,17.01475,14.84957,14.84962,0.09501956,1237665566618616242
17.004,18.92113,17.19964,16.97621,0.09530791,1237665566619206089
14.05182,15.96101,13.96902,13.96903,0.09888382,1237665566619271198
16.81344,18.68647,16.86456,16.80774,0.09878058,1237665566619271478
15.09932,16.12646,14.88603,14.88603,0.1050424,1237665566619336862
15.9844,17.1264,15.90257,15.91638,0.1065305,1237665566619337116
16.39596,18.54174,16.41524,16.37269,0.1111966,1237665566619337214
14.04827,16.58716,13.97182,13.99711,0.1079282,1237665566619468087
15.65554,17.37485,15.53016,15.61223,0.1037255,1237665567145263202
16.49833,18.75485,16.44879,16.4488,0.1034234,1237665567145263330
16.50546,18.61889,16.57546,16.42616,0.08304577,1237665567685738559
15.73513,17.60403,15.73828,15.73829,0.08045074,1237665567686525302
15.01357,16.48128,14.85431,14.85432,0.09217998,1237665567692226797
14.77685,16.60717,14.68287,14.6882,0.09183304,1237665567692227164
14.17062,16.2407,14.00999,14.04558,0.09807511,1237665567692292189
14.12629,16.29505,14.13119,14.13118,0.1312966,1237667112257650760
14.81546,17.18614,14.56259,14.59134,0.1316611,1237667112257650761
14.14439,16.16144,14.12046,14.12045,0.06736633,1237667112793800780
14.78611,16.60593,14.73847,14.73849,0.06852738,1237667112793800838
16.70821,18.06799,16.55183,16.67674,0.06705111,1237667112793800968
16.58347,18.02749,16.33651,16.46847,0.06858512,1237667112793801028
13.26388,15.50553,13.1312,13.13119,0.04036158,1237667209986113541
14.80925,16.30571,14.71783,14.71783,0.07532967,1237667210504896599
16.58528,18.35929,16.59016,16.57416,0.07393558,1237667210504897126
14.50551,16.93838,14.37255,14.37259,0.07468774,1237667211596071031
16.50875,18.83652,16.49101,16.43712,0.06349162,1237667211596136520
16.80526,19.19426,16.75132,16.73905,0.0530904,1237667212130254868
17.01348,18.67073,17.09379,16.96975,0.05029124,1237667212130254979
14.55653,16.82486,14.4093,14.48333,0.0550099,1237667212130255022
16.01838,17.5522,15.80736,15.8974,0.04043294,1237667212134055972
14.80797,16.31798,14.68452,14.68451,0.04211393,1237667212140085266
13.33417,16.33349,13.54371,13.55778,0.08241003,1237667253461254252
15.62757,17.73915,15.66504,15.58889,0.07159179,1237667253462892551
15.44997,18.28411,15.45162,15.45163,0.07537898,1237667253462892711
13.70921,16.2604,13.5287,13.55208,0.06944156,1237667253995503631
15.32625,17.82125,14.91383,15.13522,0.06913471,1237667253995503633
14.8126,16.53142,14.79646,14.79646,0.06658313,1237667253995569192
14.55678,16.69884,14.49913,14.49904,0.06196615,1237667254526607541
13.82852,15.81821,13.7399,13.73983,0.06280059,1237667254526607590
15.82851,17.01064,15.7151,15.71508,0.06162928,1237667254526608028
16.72613,17.80782,16.6054,16.64102,0.04146119,1237667254546661738
15.5596,17.41493,15.37743,15.4095,0.04281728,1237667254546661638
13.86186,16.00747,13.73973,13.73972,0.04249071,1237667254546595932
15.09608,17.43759,14.82434,14.97403,0.08955284,1237667254535127145
15.8597,17.56904,15.82369,15.82369,0.06497289,1237667254526608010
16.95854,19.10519,17.00994,16.86149,0.04511745,1237667254016278711
16.9398,18.51974,16.89906,16.89909,0.04551358,1237667254016278705
16.90874,18.85576,16.89289,16.83267,0.04244688,1237667254016278686
14.64708,16.40217,14.53031,14.53031,0.04487832,1237667254016278565
13.43756,16.55555,13.26114,13.28603,0.06650678,1237667254009266185
16.13908,17.93362,15.94091,16.04806,0.06160862,1237667254009200956
15.91159,17.63391,15.75094,15.78935,0.06631944,1237667254009200743
13.84025,16.30252,13.70995,13.70996,0.06556929,1237667254009200738
14.48413,16.44964,14.4088,14.45216,0.06726555,1237667254009200667
13.33912,16.30531,13.26103,13.29124,0.06469783,1237667254009200666
14.32862,17.07396,14.14463,14.21324,0.05869881,1237667254008873043
16.38905,18.72774,16.34066,16.34049,0.06576582,1237667254008807579
13.57493,15.90522,13.48561,13.50311,0.06213815,1237667254008807454
15.50755,16.77201,15.39752,15.3975,0.04711355,1237667254005923866
14.15767,16.41323,14.1546,14.15456,0.04670659,1237667254005923865
16.34817,18.26406,16.00632,16.17912,0.06777176,1237667253995503858
16.03621,18.32855,15.99313,15.96434,0.04437349,1237667252935655564
15.3968,16.54366,15.28128,15.28127,0.07457633,1237667252917633097
15.6517,17.03797,15.51258,15.57093,0.07142156,1237667252917567846
17.37299,19.51643,17.31812,17.31811,0.05512682,1237667212130320477
14.75132,17.67192,14.82165,14.73845,0.09231314,1237667211585650886
14.65443,16.50653,14.60404,14.60399,0.08395635,1237667211585585288
14.59614,16.57624,14.41764,14.41764,0.03736532,1237667210523115598
16.40264,17.30907,16.24362,16.27341,0.07455073,1237667210504896684
14.00239,16.43761,13.90489,13.90489,0.07442789,1237667210504896683
14.62634,17.4207,14.63008,14.624,0.05279072,1237667209987883063
15.27396,18.23129,15.23988,15.15392,0.0381549,1237667209986179154
14.65737,17.09801,14.46376,14.5642,0.04133665,1237667209986113724
16.32922,17.55165,16.36297,16.27105,0.1007338,1237667141792432266
16.1291,18.82983,16.0583,16.0583,0.1314524,1237667141792170057
14.26249,16.07299,14.13123,14.13123,0.07199046,1237667112259092550
15.85307,17.59893,15.81382,15.81376,0.119316,1237667112257716415
15.38921,17.03721,15.29009,15.29009,0.07712228,1237667106885993079
14.99045,16.98103,14.89286,14.89292,0.09415047,1237665567692292584
15.91924,19.21017,15.84842,15.84843,0.08004256,1237665567686525218
14.53371,16.34016,14.57724,14.57724,0.08138014,1237665567686525012
14.25062,16.51732,14.089,14.11097,0.08059297,1237665567685738679
16.2282,17.49234,16.14667,16.14666,0.1102969,1237665567145328741
16.3324,19.13738,16.28732,16.19387,0.09108163,1237665566618681710
16.09281,17.45034,15.92815,15.97685,0.08867755,1237665566082072859
14.32797,16.54889,14.25862,14.30075,0.09106066,1237665566081089760
14.93699,17.09598,14.77659,14.80684,0.09037563,1237665565545202013
14.25428,16.90524,14.03718,14.1595,0.05397326,1237665564998762503
15.72314,17.30459,15.53164,15.61587,0.04195035,1237667254552690963
12.87238,15.80187,12.76406,12.76406,0.04337543,1237667254552690706
14.71152,16.95187,14.59348,14.62826,0.04500146,1237667254552625190
15.73044,17.87299,15.80137,15.71233,0.06790707,1237667254532112625
13.64403,16.29383,13.48339,13.48347,0.06733673,1237667254532047008
14.62826,16.19016,14.47961,14.47961,0.06288834,1237667254532046894
14.91157,16.81306,14.75783,14.76414,0.07722974,1237667253998321822
15.01406,18.2238,15.05714,15.0571,0.09180066,1237667253998321769
17.09369,18.77577,17.13226,17.01634,0.09352731,1237667253998256266
16.54918,18.83513,16.20858,16.30526,0.09379517,1237667253998256264
15.26423,17.8323,15.27838,15.24535,0.09483593,1237667253998256261
14.70157,17.07421,14.65384,14.65386,0.09278212,1237667253998256258
13.86968,16.35619,13.73893,13.73893,0.09469284,1237667253998256252
14.12848,15.79165,14.86025,14.87072,0.09464849,1237667253998256248
16.77509,18.64569,16.77407,16.73027,0.07260668,1237667253988295201
15.11931,17.72607,15.14721,15.01942,0.07130295,1237667253988295147
16.51418,19.05072,16.46727,16.46729,0.06934376,1237667253988229410
15.23483,16.82878,15.19768,15.19768,0.06727494,1237667253988229252
16.42658,18.1987,16.42198,16.37264,0.03963575,1237667253472591986
16.01002,17.44321,15.79197,15.86839,0.04116892,1237667253472591937
14.47622,16.36352,14.34412,14.37888,0.05153102,1237667253472329902
16.22719,18.57819,15.8651,16.09446,0.05159646,1237667253472329842
16.51475,18.2298,16.56639,16.40978,0.05070685,1237667253472329735
14.02804,16.15833,14.00246,14.00246,0.05078184,1237667253472329733
15.48444,17.1319,15.29693,15.37686,0.05031735,1237667253472264395
13.64768,15.80147,13.5098,13.5098,0.04907661,1237667253472264286
16.35833,18.88294,16.34208,16.28632,0.04305968,1237667253472198798
15.37103,17.44374,15.17669,15.29486,0.04713376,1237667253472133218
16.28913,18.73673,16.26363,16.26362,0.04737817,1237667253472067776
15.80552,16.86326,15.69055,15.69053,0.08948702,1237667211585650986
14.13329,16.43565,14.10945,14.10947,0.08603663,1237667211585650917
15.72121,18.1106,15.54817,15.66107,0.06783381,1237667211582767354
15.57956,18.17348,15.55615,15.55616,0.06391215,1237667211582570791
14.10447,15.79109,13.98411,13.98412,0.03818991,1237667211059986461
13.3392,15.71832,13.27505,13.27506,0.06874886,1237667211059658867
16.7616,18.49999,16.77295,16.77308,0.04923886,1237667211056447529
15.92341,16.96612,15.83781,15.83781,0.04608438,1237667211056382122
13.90091,17.14398,13.94853,13.90521,0.07873407,1237667211050221621
16.5281,18.89413,16.65463,16.43212,0.08606202,1237667211048583275
15.86467,18.20517,15.89218,15.80108,0.08630982,1237667211048583252
15.466,16.91458,15.34673,15.39928,0.08548196,1237667211048583184
14.02303,16.0278,13.94891,13.94894,0.07312795,1237667211038753056
13.69998,16.06538,13.60019,13.6609,0.05412309,1237667209987948561
17.26908,18.9134,16.93009,17.1327,0.1117559,1237667143396753438
14.38683,16.06269,14.24877,14.24878,0.1125582,1237667143396753437
16.47762,17.93058,16.33882,16.34906,0.1123109,1237667143396688329
16.66026,17.6768,16.58183,16.58183,0.116754,1237667143396688238
16.92637,18.50336,16.97711,16.88037,0.07732682,1237667142330548469
15.50876,16.91638,15.39678,15.42775,0.07820915,1237667142330548459
14.01368,17.14753,13.6471,13.83418,0.07978988,1237667142330548371
15.10331,17.05826,14.8895,14.95728,0.08025984,1237667142330548370
15.76352,18.67959,15.74208,15.63324,0.06274234,1237667142328320199
15.4578,17.65084,15.5459,15.36348,0.1123954,1237667141792497802
15.06594,17.43789,14.85328,14.96665,0.1110354,1237667141792497724
14.19012,16.29431,14.08289,14.08288,0.110149,1237667141792497682
15.50884,17.75831,15.40854,15.40861,0.1185055,1237667141792170001
15.80954,17.24865,15.65637,15.70281,0.1534007,1237667141792039082
15.31303,18.44143,15.36804,15.23151,0.05833282,1237665569297596730
16.19492,18.61632,16.183,16.11904,0.08256963,1237665567692095954
16.77815,17.97031,16.63765,16.73096,0.08578245,1237665567691965133
13.18487,16.78863,12.88734,13.01736,0.07177465,1237665567691833453
13.91916,16.47064,13.73474,13.82006,0.07566191,1237665567691833447
15.43863,16.73555,15.31404,15.31404,0.07531973,1237665567691833444
14.59363,17.8368,14.63615,14.50612,0.08547471,1237665567691374897
15.87121,18.14236,15.94135,15.78679,0.0875048,1237665567691374851
15.22921,17.0615,15.18443,15.18445,0.08004728,1237665567691374763
13.05388,15.80084,12.9361,12.9361,0.08772947,1237665567691374612
15.47305,17.59347,15.48027,15.444,0.08656548,1237665567691309503
13.82642,16.16459,13.64293,13.64294,0.08496057,1237665567685804219
15.74607,16.95748,15.79246,15.72325,0.096129,1237665567155028247
15.96664,17.28783,15.85342,15.87502,0.08949452,1237665567154962520
15.29045,17.65802,15.12534,15.2462,0.09835216,1237665567154897244
14.10541,16.57956,14.17507,14.18611,0.1051142,1237665567154831489
15.13881,17.04329,15.08182,15.08182,0.05641,1237665567146115211
15.39189,17.0169,15.23015,15.24836,0.05662541,1237665567146115095
15.04451,16.91741,14.92076,14.93395,0.1048058,1237665566082400802
14.85889,17.75443,14.8876,14.788,0.09179758,1237665566081941922
17.45178,19.21095,17.49237,17.46262,0.05953827,1237665566073749695
14.73792,16.55408,14.68244,14.68244,0.05900392,1237665566073749555
16.3796,17.58914,16.26191,16.28573,0.1135863,1237665565541859681
16.02727,17.21627,15.92443,15.92873,0.05433616,1237665564998697191
15.33611,18.39858,15.39018,15.36505,0.05438268,1237665564998697111
13.10813,15.58598,13.01857,13.01858,0.05420278,1237665564998697041
14.70851,16.21774,14.64001,14.64516,0.04946585,1237665564998696981
12.95439,16.2162,12.87282,12.89673,0.07820907,1237667253999763470
15.22621,16.80131,15.19709,15.19709,0.03816082,1237667211060051979
13.79274,16.18791,13.78194,13.78186,0.05861769,1237667211059462180
13.59374,16.47882,13.4952,13.49521,0.04942819,1237667211059331171
17.1595,19.10946,17.17841,17.09607,0.1010308,1237665565541925108
14.62796,17.43945,14.37666,14.51842,0.1092845,1237665565541924998
16.34406,18.68809,16.29575,16.28167,0.04511841,1237667255619354715
14.72971,17.30946,14.73493,14.69563,0.04582671,1237667255619354751
13.95711,17.46202,14.08451,13.90279,0.06694108,1237667255619420207
14.74084,16.7402,14.62136,14.64996,0.09150106,1237667292655648842
15.18812,18.12915,15.20978,15.10253,0.05375317,1237667292655910960
15.00739,16.95979,14.81159,14.89288,0.08764876,1237667293188653097
14.03649,16.38464,13.94415,13.9564,0.08888482,1237667293188653149
13.89159,15.986,13.776,13.77601,0.0964998,1237667293188718632
15.02461,17.011,14.87243,14.92239,0.09685088,1237667293188718744
15.95298,17.11367,15.89009,15.91281,0.09428087,1237667293188718767
15.50835,16.79711,15.42362,15.47227,0.08945109,1237667293189505124
12.88551,15.47188,12.81734,12.81734,0.08674865,1237667293189505239
15.25559,17.15577,15.13483,15.14405,0.08839466,1237667293189505241
14.78007,17.5789,14.79317,14.79317,0.08194505,1237667293189570761
14.69829,16.54356,14.64216,14.64216,0.04452068,1237667322184794216
14.28797,15.84313,14.26274,14.26273,0.03587556,1237667322185121876
15.53835,17.86,15.20759,15.43491,0.04955843,1237667322713407696
14.45341,17.44693,14.53583,14.45083,0.03806624,1237667322713931949
14.17739,16.51196,14.08643,14.09915,0.03952106,1237667324335882318
15.25629,18.11015,15.29333,15.19013,0.02537525,1237667324335882422
15.2377,18.10916,15.31038,15.15352,0.09794239,1237667429555437686
15.763,18.34144,15.76319,15.74932,0.09390241,1237667429555437726
14.4907,16.61143,14.35851,14.41652,0.06034989,1237667429559566380
15.08798,16.66265,15.00001,15.00001,0.05294465,1237667429563039946
13.08318,16.29145,12.89869,12.89864,0.05062779,1237667429563105338
13.69089,15.72447,13.63242,13.63239,0.0850703,1237667430093291527
12.69641,15.74483,12.59538,12.59536,0.0858492,1237667430630096945
15.74427,18.0375,15.71727,15.71729,0.04138171,1237667430642090054
13.76137,15.72571,13.66173,13.66173,0.04829632,1237667431181713461
15.10001,18.40974,14.49751,14.82449,0.04860659,1237667431181713523
16.46925,17.61594,16.55708,16.44201,0.04812229,1237667431181713603
14.66475,17.21604,14.39838,14.54775,0.04100319,1237667442972688529
15.03393,17.67034,15.05083,14.97304,0.05012485,1237667444042891394
14.44077,15.86188,14.34617,14.36658,0.02498369,1237667444048593040
14.20237,16.22658,14.04072,14.0643,0.01997264,1237667444048658523
15.25596,17.099,15.07733,15.14599,0.02178566,1237667444048789811
15.01503,17.5559,15.08236,14.97065,0.02239467,1237667444585791491
15.39969,17.25313,15.15523,15.26517,0.02791102,1237667444586971212
16.31692,18.01372,16.39364,16.23039,0.04903273,1237667446728097923
16.28982,18.65313,16.30989,16.19755,0.0494033,1237667446728097995
13.81426,15.97654,13.65784,13.68101,0.03569789,1237667446737862740
15.30073,18.10455,15.30935,15.24941,0.04286344,1237667446737862801
15.05213,17.30985,14.86468,14.93428,0.04055231,1237667447275257905
15.92531,17.32192,15.77058,15.8618,0.05202539,1237667447802364057
13.08692,15.52688,13.00785,13.00786,0.05696284,1237667447802429573
14.77265,16.54754,14.66887,14.68463,0.05209833,1237667447802429720
15.275,17.0981,15.09798,15.16379,0.05048717,1237667447802429774
13.71768,17.10131,13.77681,13.65284,0.06051029,1237667536920707358
14.57564,16.80397,14.60412,14.55548,0.05277988,1237667536935846082
15.10606,17.56024,14.85626,15.00618,0.05056816,1237667536938139658
13.04741,15.89095,13.01929,13.03062,0.069166,1237667537465704588
15.48721,16.72041,15.41612,15.42913,0.07514887,1237667537465704591
15.08563,17.9589,15.08652,15.07927,0.07342728,1237667537465704789
14.48137,17.27192,14.49331,14.49135,0.07125138,1237667537475010658
16.50979,18.65768,16.55359,16.47709,0.05031918,1237667538009850042
16.49481,18.61607,16.47161,16.47161,0.04789709,1237667538009850089
15.49366,17.5549,15.50375,15.48446,0.05439123,1237667549267362092
13.70491,16.33155,13.56516,13.57241,0.05392195,1237667549267492876
13.74964,17.11484,13.83138,13.71391,0.07006107,1237667539085557931
15.59664,17.07602,15.42861,15.5021,0.06246506,1237667539085557915
15.76382,17.02035,15.67798,15.67797,0.06224978,1237667539085557903
15.11614,16.66118,15.01838,15.01839,0.04948243,1237667539085492369
14.94346,17.07728,14.95079,14.93415,0.0532385,1237667538009849988
12.7428,16.30905,12.53168,12.60614,0.07375171,1237667537465704593
12.32222,15.34443,12.26246,12.26245,0.04865484,1237667536938139700
13.79642,15.92447,13.67324,13.67324,0.05379523,1237667485382737964
13.14565,15.67515,12.99433,13.02532,0.06140048,1237667448340480021
13.72093,15.76414,13.63112,13.63112,0.05937936,1237667447265689619
13.77393,15.74891,13.77758,13.77758,0.05761405,1237667447265624147
13.17119,15.6443,13.00063,13.08561,0.02745308,1237667444585594903
14.78307,16.65158,14.70831,14.70841,0.02355197,1237667444048724176
13.82978,17.41391,14.16533,14.1867,0.0215309,1237667444048723989
11.70865,15.4035,11.5143,11.59573,0.02190446,1237667444048723983
13.72377,15.66911,13.59952,13.59951,0.04970756,1237667444044922941
16.73896,18.45595,16.70988,16.70988,0.04796702,1237667431181779025
17.20996,18.59904,17.28308,17.17605,0.0467372,1237667430105022648
14.25649,16.76199,14.05876,14.18194,0.04419945,1237667430105022514
15.38197,16.65942,15.31326,15.31324,0.04408006,1237667430105022513
15.05185,16.0737,14.87092,14.87092,0.04695993,1237667430105022483
13.77715,16.64055,13.70497,13.73439,0.06633598,1237667429571493896
16.67541,19.1141,16.67526,16.67524,0.04551358,1237667429026955516
17.08673,18.39984,17.14676,17.07315,0.04531331,1237667429026955404
14.32477,16.7653,14.32592,14.33356,0.04546899,1237667429026955403
12.57615,16.24402,12.45892,12.49798,0.03975568,1237667324335882319
16.29231,17.85595,16.06089,16.16477,0.0487591,1237667323793965194
15.04838,16.3475,14.93832,14.9521,0.04578714,1237667323793965152
14.99035,17.69245,15.06303,14.94772,0.06750735,1237667323786952837
14.92354,17.08353,14.77108,14.78094,0.03713021,1237667323250933967
15.282,17.66565,15.27978,15.2601,0.04486619,1237667323250213040
14.3238,16.16475,14.22763,14.2276,0.0556308,1237667322179616901
14.1632,17.60419,14.15673,14.09901,0.03823036,1237667321647923349
13.95334,16.27847,13.83301,13.87046,0.07773434,1237667293189767184
14.67746,16.43406,14.53969,14.53969,0.04988831,1237667292659384425
15.78121,17.53527,15.59306,15.6423,0.04193654,1237667254552690986
14.89086,17.15385,14.72229,14.82999,0.07354144,1237667539085623427
15.09839,16.86169,15.00028,15.0166,0.05995737,1237667537473568925
15.66769,17.30459,15.48623,15.56758,0.04887471,1237667536399761571
13.93675,16.35787,13.8838,13.88383,0.04968788,1237667536399761464
16.37564,18.73373,16.34998,16.34998,0.05205904,1237667536398975190
16.51827,19.06083,16.47284,16.43736,0.05630315,1237667536398909593
14.89641,16.67673,14.71899,14.74773,0.0538007,1237667536398909508
16.06756,17.26464,15.95475,15.97845,0.09414569,1237667486455300164
14.96387,17.11146,14.82694,14.82696,0.09503598,1237667486455300163
13.30828,15.86461,13.21754,13.21754,0.09771808,1237667486455300162
14.3103,17.2007,14.06367,14.16565,0.08389607,1237667486455234693
13.75725,15.86931,13.61014,13.64219,0.07406494,1237667485919543360
15.81587,18.5854,15.78112,15.68876,0.03090486,1237667448886526055
14.40793,17.29932,14.12738,14.29847,0.07554603,1237667446192537823
15.39561,17.06277,15.28185,15.28186,0.08456516,1237667446192537681
12.9268,15.44576,12.81583,12.81583,0.08527442,1237667446192537678
14.16709,15.71789,13.98621,13.98886,0.09521857,1237667446192537633
13.96381,15.8325,13.84453,13.84451,0.07418902,1237667446192406574
13.48211,15.91615,13.41329,13.41328,0.04279875,1237667442435817550
14.60926,17.09922,14.38042,14.56729,0.04280002,1237667442435752193
14.47927,16.24544,14.32797,14.37392,0.03964153,1237667442435752133
13.75099,16.10073,13.70117,13.70117,0.04352697,1237667442435752104
15.24257,17.38468,15.60283,15.60283,0.040825,1237667442435751975
13.06921,15.67158,12.94722,12.94725,0.04092866,1237667442435751974
12.13791,15.02808,11.9831,11.9831,0.036949,1237667441898881043
15.08699,16.67431,14.96012,14.97383,0.06202202,1237667431715766293
15.05626,16.36757,14.94634,14.94963,0.06395606,1237667431715766292
13.22132,15.90981,13.19156,13.19156,0.06329098,1237667431715766291
14.49281,17.30136,14.48187,14.43584,0.04585136,1237667431178764407
15.7894,17.98247,15.88793,15.80756,0.04619357,1237667430641697079
16.89099,18.04614,16.81659,16.81665,0.04673677,1237667430641697017
14.02979,16.41489,13.87797,13.92839,0.04688551,1237667430641696902
14.78897,17.25091,14.60933,14.69237,0.04603403,1237667430641696794
14.10767,16.54104,14.05722,14.06217,0.04798938,1237667430636978234
14.36429,16.19387,14.22785,14.22778,0.05434507,1237667430636585008
14.57107,16.04246,14.43994,14.43994,0.05451998,1237667429571231828
16.49403,17.49747,16.41703,16.41703,0.05414288,1237667429568086156
17.38313,19.44135,17.43865,17.30475,0.05800112,1237667429568086121
16.51877,18.73383,16.47542,16.45193,0.0585809,1237667429568086113
14.40894,16.27674,14.27142,14.278,0.05370193,1237667429568086038
16.22984,18.37471,16.23743,16.05323,0.06248941,1237667429568020621
13.80042,16.61972,13.77938,13.78679,0.05761713,1237667429548228801
14.61953,17.67524,14.26607,14.47582,0.06220439,1237667429548163637
15.19137,16.97181,15.14305,15.1431,0.06025997,1237667429548163563
15.00912,16.54453,14.91743,14.91743,0.05856214,1237667429548098253
13.21433,16.25812,13.04475,13.09279,0.02305299,1237667324334702748
14.46842,16.512,14.36483,14.36515,0.02419422,1237667324334637189
14.14687,16.12327,13.93849,13.93851,0.02125707,1237667324334637085
14.13125,16.24632,14.0069,14.04769,0.0207584,1237667324334571728
13.57496,15.42237,13.45579,13.49159,0.02342771,1237667324334571534
15.89489,17.83747,15.69623,15.72696,0.05010989,1237667324328739003
16.44311,17.64582,16.34992,16.34993,0.05080083,1237667324328738997
13.69474,16.17553,13.61069,13.6107,0.05079018,1237667324328738825
13.93512,16.23314,14.01962,14.01962,0.04920681,1237667324328673395
15.28977,16.75647,15.12062,15.1206,0.05777152,1237667324328673314
13.61565,16.71997,13.52153,13.52151,0.05367432,1237667323793899533
16.00705,17.69436,16.08579,15.93748,0.05127191,1237667323787215123
14.00193,16.08602,13.89456,13.89457,0.05489516,1237667322179682330
13.00946,15.41606,12.91325,12.91321,0.05073133,1237667322179616791
15.0947,16.27952,14.99176,14.99173,0.05056866,1237667292659384413
13.61711,16.1494,13.45523,13.4888,0.08801836,1237667292114976785
14.1704,17.00376,14.18946,14.15403,0.09117427,1237667292114845769
16.0563,17.39834,15.97109,15.97109,0.03370618,1237667538550456490
16.53681,17.92788,16.34964,16.41793,0.03385459,1237667538550456486
16.95354,18.22268,16.74945,16.85504,0.03497476,1237667538550456457
16.86457,19.52118,17.45149,17.23779,0.03522896,1237667538550456390
14.43144,16.97531,14.2821,14.28205,0.03506135,1237667538550456387
16.86867,18.64429,16.91964,16.87664,0.04179939,1237667538546655418
14.91493,16.52363,14.81076,14.81076,0.09640651,1237667486455300339
14.37196,16.53704,14.28817,14.28816,0.08466227,1237667486455169243
13.76285,15.60481,13.67964,13.67963,0.05134833,1237667431717732380
12.89847,15.67162,12.79105,12.82356,0.05241619,1237667431717666856
16.15826,17.50722,15.98203,16.03165,0.06196808,1237667431715766294
14.01146,17.68827,14.01731,13.91055,0.03646199,1237667430105677981
12.8641,16.32414,12.76823,12.81628,0.03712724,1237667430105677867
13.87717,16.35558,13.72932,13.79679,0.04655636,1237667430099976293
12.90598,16.36868,12.90136,12.91432,0.07672284,1237667430096437433
15.8892,17.02949,15.74903,15.75439,0.07029057,1237667430096371947
14.08758,17.50487,13.98608,14.20648,0.07404149,1237667430096371778
14.62663,16.30564,14.48198,14.48198,0.0520894,1237667323787214944
13.42356,16.10406,13.27324,13.28789,0.05219653,1237667323787214943
16.30817,17.83863,16.08388,16.21585,0.04740196,1237667323787149512
15.74874,17.84108,15.88503,15.71842,0.05391105,1237667322176471252
16.90138,18.94028,16.86629,16.776,0.03827207,1237667322172211267
17.41089,19.88015,17.40898,17.29538,0.05133542,1237667255079797055
17.23026,19.09422,17.25859,17.07559,0.05039534,1237667255079796923
13.75056,15.93493,13.61998,13.65804,0.03076069,1237667549272539209
14.59694,16.23725,14.48991,14.48991,0.03658272,1237667550881841220
14.78467,16.5793,14.63103,14.70068,0.0342637,1237667550881841314
17.18505,18.10394,17.04883,17.09671,0.03496066,1237667550881841346
16.35647,17.68286,16.19235,16.2184,0.03731328,1237667550882103302
13.6391,16.7206,13.58948,13.58947,0.08033451,1237667734491955248
12.41248,16.03074,12.23581,12.23581,0.07387643,1237667734492086324
13.95878,16.96864,13.82469,13.91604,0.06659513,1237667734492151849
13.71218,16.57365,13.68036,13.69683,0.07074449,1237667735041474584
13.96969,16.39965,13.77165,13.83637,0.06925469,1237667735041474586
13.20726,16.83002,13.13428,13.30481,0.07053275,1237667735041474587
14.75299,16.9938,14.62824,14.66893,0.0712399,1237667735041474588
15.84103,17.80045,15.65201,15.65211,0.071252,1237667735041474590
15.34252,17.01967,15.39354,15.39352,0.06290404,1237667782314754241
15.63903,17.35806,15.53246,15.5325,0.1084928,1237667782320259258
16.65078,18.03661,16.57267,16.57267,0.1364496,1237667782322028954
13.08875,15.45302,12.94916,12.94914,0.06194195,1237667782815842365
17.20675,18.09929,17.08268,17.12773,0.045708,1237667783359856810
14.41223,16.22012,14.34036,14.34036,0.03994584,1237667783364509764
14.88832,17.62336,14.87477,14.75641,0.04150623,1237667783367000072
15.20406,18.28032,15.16135,15.16135,0.08942481,1237667783382991002
16.19782,18.04877,16.18603,16.16891,0.06826385,1237667783383187598
15.64132,17.26132,15.46907,15.5023,0.0625108,1237667783383253177
16.05649,18.01912,15.82556,15.95918,0.08735761,1237667783386398973
16.9324,17.98438,17.01408,16.88715,0.07906438,1237667783386398985
14.11784,16.40903,13.94702,14.00714,0.08336826,1237667783386399001
14.89313,16.4186,14.81598,14.81601,0.08146998,1237667783387185162
15.58773,16.8245,15.44004,15.43998,0.0885099,1237667783387185208
14.05618,16.49086,13.95158,13.95153,0.08844437,1237667783387185210
15.92324,17.50105,16.44391,16.48148,0.08899057,1237667783387185212
16.36342,18.35523,17.1434,16.99785,0.08941396,1237667783387185223
14.54131,16.94611,14.45924,14.48736,0.08655668,1237667783387185326
15.7233,17.08421,15.62259,15.6226,0.04923663,1237667783388627089
16.53638,18.84584,16.46177,16.45908,0.05312736,1237667783896662157
13.39204,16.9363,13.38958,13.39898,0.06618848,1237667783905837142
13.69302,15.58487,13.61117,13.61117,0.03506742,1237667783916847167
15.03505,17.06812,14.84852,14.88333,0.03728339,1237667783903346858
14.77061,16.49063,14.75513,14.75513,0.03842741,1237667783903346812
13.7687,15.79624,13.66553,13.66556,0.03799997,1237667783903346738
14.94007,16.56506,14.87607,14.87607,0.03770969,1237667783903281233
16.49641,18.21675,16.27805,16.32693,0.04968549,1237667783897383104
16.82148,18.32306,16.8082,16.80818,0.04853654,1237667783897383027
13.77909,16.14053,13.69107,13.70494,0.06529772,1237667783889190972
17.05281,18.78322,17.11604,16.95218,0.08329011,1237667783386464368
14.70699,16.85251,14.74791,14.63361,0.05627105,1237667783344586992
14.53681,17.10481,14.47306,14.47307,0.1015685,1237667782850052124
16.74611,17.52154,16.68643,16.68644,0.1001517,1237667782850052123
15.6765,17.3796,16.49744,16.51104,0.1023358,1237667782850052122
14.58597,16.90612,14.67654,14.67655,0.1015644,1237667782850052121
17.14458,19.14829,17.10751,17.04672,0.05112516,1237667782824231001
15.81725,18.35239,15.9032,15.88208,0.05741481,1237667782824099992
15.87551,17.94692,15.90406,15.81908,0.06177665,1237667782815842653
16.15326,17.24974,16.05632,16.07001,0.1265885,1237667782322094501
15.19902,17.79901,15.26107,15.10626,0.06842992,1237667782314819813
15.02441,16.50053,14.95311,14.95312,0.06789866,1237667782314819739
14.86421,16.87279,14.72579,14.74858,0.05773428,1237667782285787299
15.39879,17.35741,15.494,15.32503,0.0739672,1237667782281134188
14.50861,16.82649,14.37657,14.4442,0.08439175,1237667782281068626
15.28734,17.68782,15.29809,15.12945,0.08564643,1237667782281068583
15.75961,18.01381,15.3821,15.60575,0.06079544,1237667781760319656
15.62584,17.30269,15.41843,15.48848,0.05672366,1237667781760319651
15.24992,16.59503,15.12728,15.14017,0.06154959,1237667781760319536
15.35534,18.11044,15.50827,15.37234,0.04950372,1237667781755535478
14.59595,16.34464,14.49664,14.49664,0.04627941,1237667781752324107
15.95885,17.28281,15.84102,15.85543,0.04718678,1237667781239701680
14.46519,16.76584,14.37758,14.39954,0.04944665,1237667781239701580
13.60291,15.90658,13.59242,13.59237,0.04477499,1237667781239636022
15.16016,18.1042,15.15548,15.14072,0.07325152,1237667781222727796
15.72501,17.38251,15.61663,15.61664,0.04540281,1237667736107680056
16.55805,18.83652,16.54687,16.4927,0.04661858,1237667736107680053
14.33611,16.89451,14.34156,14.3415,0.04746338,1237667736107679789
15.70004,17.05375,15.58214,15.58215,0.04687555,1237667731267715534
14.71701,17.57317,14.72562,14.59342,0.05056572,1237667731267715317
14.58186,16.94462,14.47675,14.48134,0.03373754,1237667551956435111
17.04899,18.80662,17.06256,17.04402,0.03728688,1237667550881841390
15.61972,16.74338,15.52356,15.53244,0.0369581,1237667550881841386
14.12657,17.19703,13.95619,14.07041,0.05013159,1237667550878302344
14.85895,17.38043,14.96861,14.84159,0.05005717,1237667549272145983
14.81018,18.22345,14.92532,14.69963,0.04662307,1237667549272080652
13.0992,15.74275,13.03365,13.04847,0.04549139,1237667549272080451
14.6949,17.69349,14.73785,14.73785,0.043853,1237667549272014990
13.15449,16.52091,12.98733,13.065,0.0636787,1237667549269852207
14.97187,18.30766,14.94746,14.9112,0.05460299,1237667549269721194
13.35429,15.27852,13.29924,13.29922,0.05633242,1237667783898824725
14.92029,18.13634,14.91701,14.86688,0.1023576,1237667782850052432
15.22749,16.51584,15.09813,15.1024,0.04079738,1237667782827638816
13.09424,16.02813,12.89226,12.89226,0.04072209,1237667782827638815
13.9002,16.05159,14.5477,14.5477,0.04076826,1237667782827638813
13.45549,16.10462,13.30619,13.33202,0.04680482,1237667782826065948
14.31702,16.89218,14.2434,14.33423,0.0441298,1237667782826000453
15.31939,16.69415,15.25629,15.27964,0.05571602,1237667782822723793
13.85595,16.29366,13.73509,13.73511,0.05898396,1237667782293585943
14.00696,16.51709,14.00131,14.00131,0.07096923,1237667782286901390
16.45492,17.77041,16.31951,16.32835,0.06169403,1237667782286704806
16.13048,17.51186,16.17831,16.08231,0.07612692,1237667782272876616
16.06582,17.98486,15.80035,15.96235,0.04359091,1237667781239636222
16.22809,17.9975,15.98917,16.12286,0.07722037,1237667781222662266
14.3206,17.69469,14.33389,14.21397,0.073726,1237667781222596633
13.94514,16.14544,13.87955,13.87957,0.06905428,1237667736653594755
15.71727,17.6358,15.54363,15.54919,0.0690285,1237667736653594738
14.5094,18.22303,14.54558,14.41603,0.04007062,1237667736650252348
15.13112,18.5113,15.12316,15.02204,0.05682211,1237667735599579345
17.20465,18.07086,17.06922,17.1422,0.05754593,1237667735599579276
14.81875,16.65314,14.66083,14.75145,0.05868902,1237667735599579274
14.36133,16.70787,14.24272,14.24269,0.05864735,1237667735599579273
13.63901,15.74651,13.48863,13.48861,0.07486392,1237667735594074280
16.26259,17.92546,16.33358,16.23019,0.05561423,1237667735577886985
16.46263,18.70003,16.48374,16.32254,0.05214604,1237667735577886962
13.58406,16.35862,13.39958,13.47109,0.05613783,1237667735577886774
15.76906,17.32709,15.64253,15.6567,0.04568986,1237667735577821313
14.48677,16.03181,14.36719,14.40687,0.04051935,1237667735575462006
16.33307,18.59192,16.32123,16.23897,0.05335024,1237667735035248893
16.78054,17.21852,16.72725,16.72725,0.05408499,1237667735035248725
14.17017,16.39612,14.01162,14.01163,0.05407509,1237667735035248723
17.11606,18.70538,17.1127,17.02856,0.05335012,1237667735035183229
16.25625,17.50883,16.16183,16.16183,0.05235042,1237667735035183172
14.13693,16.23148,14.42997,14.42998,0.05387298,1237667735033741365
16.55113,17.37913,16.4929,16.4929,0.05380183,1237667735033741333
15.46182,16.94492,15.33905,15.36969,0.07913525,1237667734497722567
14.63443,16.83268,14.49242,14.51529,0.06823394,1237667734497722543
13.95224,16.20986,13.95501,13.95501,0.07435475,1237667734497722428
15.00738,16.88572,14.86861,14.86864,0.05312401,1237667734497198271
15.49449,16.94403,15.36989,15.42666,0.0541373,1237667734497198213
13.58675,16.0804,13.43732,13.44448,0.05878289,1237667734496804876
15.72348,17.27321,15.64943,15.64946,0.07709684,1237667733988638844
15.54994,18.5801,15.51814,15.45332,0.07082403,1237667733988573424
14.8422,16.4168,14.66999,14.66995,0.07755736,1237667733988573355
12.98204,15.65787,12.91413,12.91411,0.07647097,1237667733988573256
14.83537,16.39241,14.79748,14.79745,0.05456161,1237667733987524662
13.23892,15.76423,13.10236,13.10236,0.0623017,1237667733971337221
15.00197,16.92526,14.83201,14.91175,0.05171665,1237667730730647698
15.23022,18.03978,15.29139,15.16323,0.0590356,1237667730730582135
14.61838,16.14723,14.71386,14.71386,0.05060172,1237667551422316593
17.59044,18.50495,17.50689,17.52237,0.06074818,1237667550342217758
16.75589,18.03643,16.60731,16.60861,0.06071873,1237667550342217757
14.72506,16.90966,14.56467,14.57068,0.06071083,1237667550342217756
17.13787,19.26059,17.12731,17.10396,0.06287988,1237667550342152307
15.71001,17.93933,15.38172,15.59447,0.06186215,1237667550342152288
14.96027,16.45703,14.85268,14.85262,0.06731711,1237667550342152197
16.19549,18.64088,16.31205,16.07714,0.06354018,1237667550342086930
16.26409,17.76636,16.03615,16.14131,0.06015928,1237667550342086875
14.8454,16.613,14.68834,14.69378,0.06658378,1237667550342086823
16.66111,18.50576,17.23739,17.23739,0.06427953,1237667550342086697
13.68549,16.2162,13.51501,13.53525,0.06376448,1237667550342086696
15.06721,17.62805,15.12912,15.10159,0.04091793,1237667549810720966
13.45029,16.45758,13.29254,13.3058,0.03949321,1237667782289260577
15.60831,17.86636,15.34729,15.51865,0.07733518,1237667782278906137
16.85217,18.04127,16.94854,16.83602,0.05661545,1237667782270648848
15.85643,17.61065,16.37919,16.37918,0.0551668,1237667782270583073
14.81522,17.34087,15.31459,15.29676,0.05544795,1237667782270583070
15.15296,17.85354,15.15096,15.11243,0.04599026,1237667781755601101
17.05873,17.9402,16.99269,16.9929,0.04348853,1237667781755601077
16.50046,18.27995,16.46951,16.44488,0.05524229,1237667781749309646
14.41126,16.62312,14.38006,14.39608,0.05816708,1237667781749309604
15.01392,16.8396,14.95728,14.95725,0.05660403,1237667781749309505
15.28965,16.87405,15.29479,15.27846,0.04443787,1237667781218664523
16.66278,19.03721,16.64308,16.62378,0.09169803,1237667736134484127
14.67582,16.5545,14.56615,14.56615,0.06032316,1237667736128913415
15.72518,17.61644,15.78447,15.63444,0.06779607,1237667736128847908
13.09996,15.91421,13.11964,13.12643,0.06845009,1237667736128847901
15.29725,17.92239,15.28721,15.28724,0.06354739,1237667736128782492
15.82995,17.21386,15.67941,15.74509,0.056608,1237667736128782467
14.42579,16.90773,14.17994,14.30265,0.06151363,1237667736128716897
16.69768,19.33468,16.717,16.60616,0.05567635,1237667735062577326
16.48912,18.2715,16.50326,16.43766,0.06245852,1237667735062577234
13.68757,16.02044,13.57127,13.57125,0.06250536,1237667735062577233
15.46217,16.91619,15.35465,15.36223,0.0721628,1237667735026729213
15.69051,18.40288,15.73171,15.56584,0.04575342,1237667733966487717
14.12533,16.6281,14.0182,14.0182,0.04845282,1237667733966487677
16.40392,17.59123,16.28997,16.31023,0.08498652,1237667730196005305
15.03782,17.07403,14.91509,14.95313,0.07970511,1237667730195939677
16.33659,17.4364,16.37145,16.29062,0.07265199,1237667730195939631
14.062,16.39748,14.02372,14.02372,0.07243501,1237667730195939406
14.13377,17.18384,13.96938,14.05192,0.05402694,1237667730193711133
15.87962,17.72645,15.71426,15.76159,0.04274212,1237667550348574796
13.2271,15.44649,13.09833,13.09834,0.05324998,1237667550348509249
15.54904,17.17913,15.45915,15.45915,0.04142586,1237667550347591793
14.99925,17.31387,14.82053,14.95885,0.04208415,1237667550347526220
14.84584,16.76836,14.68885,14.71105,0.03976998,1237667550347460634
13.30856,15.86355,13.18939,13.20663,0.03943969,1237667550347460633
16.12645,17.11152,16.11698,16.11697,0.03498456,1237667783916847168
15.01116,16.77789,14.90813,14.90816,0.0349099,1237667783916912820
16.60262,19.25385,16.67366,16.48054,0.03614719,1237667783916912862
16.18541,19.42791,16.13541,16.13542,0.03509991,1237667783916912892
13.83917,17.38295,13.56582,13.78916,0.05879038,1237667783918026937
14.23439,16.01794,14.22867,14.22871,0.06030186,1237667783918092311
15.3683,17.14622,15.18585,15.2443,0.06062684,1237667783918092359
16.02765,18.21229,16.0258,15.8931,0.05721388,1237667783918092392
15.77675,18.97435,15.73394,15.66167,0.08689918,1237667783923466450
14.86433,16.21622,14.82018,14.82017,0.08480036,1237667783923531789
15.38091,16.69315,15.26976,15.26976,0.08059349,1237667783923531928
14.78047,16.90139,14.62875,14.65032,0.09023929,1237667910055886957
16.61227,19.09453,16.56292,16.53872,0.03392814,1237667910586335349
14.85136,16.17292,14.72122,14.74776,0.04106404,1237667910587056281
13.36935,16.41622,13.30443,13.34258,0.04089132,1237667910587056318
14.58209,16.7896,14.47771,14.4872,0.04040881,1237667910587056452
14.14676,16.36214,14.08677,14.08675,0.04969443,1237667910591447150
14.55581,17.276,14.5444,14.49448,0.04283706,1237667911138148471
14.38976,16.30389,14.29136,14.30124,0.04477056,1237667911138279446
14.5601,17.94487,14.54121,14.54121,0.04994601,1237667911138279642
14.82535,17.0869,14.8179,14.80623,0.05064234,1237667911662370970
14.96353,16.5692,14.85141,14.8514,0.05556494,1237667912203829259
15.66111,16.76235,15.51967,15.52355,0.05716051,1237667912203894825
13.45964,15.60326,13.34923,13.34929,0.05927929,1237667912203894836
14.17525,16.12347,14.06942,14.08407,0.04914622,1237668331491819552
13.70006,15.7088,13.58555,13.58554,0.04988015,1237667912202649671
15.97262,18.60192,15.95735,15.83994,0.04695874,1237667911662305462
14.20947,16.06581,14.11903,14.12107,0.03658486,1237667911138803747
14.65822,16.399,14.57171,14.5717,0.03617988,1237667911138672823
13.07949,15.83555,13.01951,13.01954,0.03574258,1237667911138672682
14.62115,16.45754,14.51852,14.5626,0.03719762,1237667911138672660
15.06813,18.16755,15.03081,14.98811,0.04148339,1237667911124516982
15.02602,18.34831,15.10515,14.87304,0.05796269,1237667910607306918
16.99939,19.41284,16.97201,16.97201,0.04753127,1237667910591578195
12.43782,15.03786,12.28587,12.28587,0.04109543,1237667910587056147
16.13834,17.46958,15.97068,16.00214,0.03119797,1237667910049529919
14.25111,16.15737,14.11976,14.11973,0.04518588,1237668331491754078
16.87073,18.06762,16.71609,16.7613,0.1186522,1237668311094853830
13.97875,16.30936,13.85337,13.89321,0.127457,1237668311094788501
15.37081,16.47891,15.29721,15.29742,0.1283327,1237668311094788500
12.38318,15.47763,12.23614,12.30809,0.05368691,1237668294449233937
15.46776,17.88715,15.54201,15.51419,0.07255486,1237668288549355656
15.66759,18.33056,15.6875,15.65456,0.06780282,1237668288546406520
15.49388,17.35872,15.52273,15.43423,0.06576017,1237668288546406511
16.26563,18.44691,16.33218,16.29739,0.06652731,1237668288546275407
15.06389,16.59448,15.00266,15.01576,0.1301747,1237668272453582997
14.169,15.89181,14.07135,14.07135,0.09725385,1237667914345742360
12.93781,15.5782,12.86535,12.86535,0.07205682,1237667914345676902
15.63454,18.2331,15.21563,15.46277,0.06907643,1237667914345611509
16.46761,17.85386,16.45272,16.43217,0.0748525,1237667914343186661
14.40381,16.20206,14.28295,14.31524,0.06807638,1237667914343186500
17.17572,18.80068,17.17378,17.10183,0.06388093,1237667914343121026
14.10016,16.73973,14.17683,14.1045,0.0657695,1237667912740896940
15.53655,18.5647,15.49975,15.48792,0.06500321,1237667912740634801
15.74912,17.63928,15.55533,15.58105,0.03408299,1237667912733294684
14.48512,16.82814,14.34649,14.34648,0.0341031,1237667912733294683
15.47354,17.79534,15.44656,15.40478,0.03394383,1237667912733294659
14.49899,16.44498,14.373,14.37951,0.05621063,1237667912217985078
17.16747,18.87529,17.21511,17.098,0.05508891,1237667912217919745
17.28253,18.66999,17.35904,17.35907,0.1094844,1237667912217133190
14.88364,17.14689,14.71971,14.74792,0.1093766,1237667912217133187
16.45759,18.73495,16.53454,16.43248,0.1092449,1237667912217133167
16.71387,19.73293,16.64051,16.64051,0.04905655,1237667912199242042
15.67483,18.41339,15.68735,15.5585,0.04957838,1237667912199241881
14.37148,17.31699,14.40402,14.35392,0.04966885,1237667912199241833
14.10265,17.12263,14.10294,14.07356,0.04921437,1237667912199176251
16.26347,18.08139,15.9615,16.11383,0.0366522,1237667911661191278
13.96208,17.80336,13.95833,13.90905,0.04237017,1237667911124713496
14.77943,16.41132,14.62875,14.63654,0.0436277,1237667911124582565
13.00176,15.58696,12.85167,12.85167,0.04515319,1237667911124582472
16.12073,18.41487,16.14239,16.10732,0.06204521,1237667910053658868
16.71666,18.93369,16.71006,16.68761,0.03121066,1237667910049464459
15.10122,17.71302,15.15312,15.0563,0.05847833,1237668331490050131
12.80236,15.31101,12.66753,12.66753,0.05828191,1237668315919876168
14.66822,16.52386,14.53954,14.59231,0.05876079,1237668315919876132
14.89328,16.2916,14.7628,14.77039,0.05329309,1237668315383070773
14.39157,17.43523,14.39488,14.38782,0.04738813,1237668314847051864
14.53165,18.15092,14.55755,14.47771,0.1116853,1237668312165449811
14.74843,16.55577,14.66257,14.66258,0.1062284,1237668311091839348
14.81482,17.30725,14.52473,14.73614,0.1528698,1237668310558572939
14.07564,16.37473,13.98268,13.98268,0.125749,1237668310558441537
14.72815,16.48587,14.63001,14.6539,0.126289,1237668310558441523
14.47893,16.47046,14.46579,14.46575,0.1275092,1237668310558441504
14.81109,16.67323,14.70159,14.70158,0.1245982,1237668310558376403
16.11675,18.02048,16.18437,16.00045,0.1008976,1237668310555033870
15.98994,18.65957,15.98355,15.93694,0.09838925,1237668310555033802
13.47638,16.75149,13.35851,13.41254,0.09734043,1237668310555033613
14.50987,16.5522,14.39387,14.43334,0.09251182,1237668310554968131
13.98243,16.36505,13.89125,13.89742,0.151607,1237668310021964289
16.11817,17.98724,16.10402,16.10402,0.1344487,1237668310021898820
14.47366,17.36705,14.52292,14.42374,0.06887577,1237668298756587701
16.20349,18.68047,16.17563,16.15268,0.06046635,1237668298756587640
15.24842,17.44443,15.30066,15.21568,0.06285334,1237668298756522275
14.45971,16.3822,14.56903,14.56903,0.06415368,1237668298756456539
13.16504,15.32389,13.07219,13.07218,0.07621424,1237668298739548284
13.78997,16.04249,13.6936,13.69359,0.07232333,1237668298739548227
13.62522,16.58424,13.62258,13.68068,0.07750291,1237668298739482675
13.42724,15.90622,13.30827,13.3219,0.07762275,1237668298739482674
12.62476,15.49796,12.55847,12.55847,0.06593399,1237668298739351591
16.66792,17.71496,16.63595,16.63596,0.04435581,1237668297142370419
14.39677,16.3822,14.27588,14.27587,0.04478955,1237668297142370342
16.18407,17.47217,16.01408,16.07174,0.04478123,1237668297142304960
16.5655,17.75988,16.44776,16.44774,0.04216926,1237668297142304954
14.59988,16.25772,14.54431,14.54432,0.0717915,1237668297129328675
15.32763,17.85585,15.33149,15.32045,0.07718312,1237668297129263206
14.681,16.46558,14.59995,14.63081,0.04778589,1237668296601239639
15.5777,18.37721,15.56198,15.49714,0.04802487,1237668296601174268
12.81148,15.72081,12.70025,12.70026,0.04772206,1237668296601174132
12.98186,16.00252,13.23494,13.23494,0.06134126,1237668294986760211
16.98859,18.42514,16.69287,16.89573,0.05123104,1237668294985449611
12.55693,15.64853,12.59092,12.59721,0.05644963,1237668294449823785
13.50716,15.47132,13.38285,13.39378,0.05358549,1237668294449758225
14.34861,17.43059,14.64784,14.62923,0.04967418,1237668293912690796
12.12068,15.45171,11.9559,11.96222,0.04892772,1237668293912690766
13.85752,15.77998,13.692,13.69202,0.04894533,1237668293912690764
15.42875,17.00426,15.45877,15.4389,0.08003902,1237668293906530412
13.7865,16.72811,13.64188,13.72278,0.07982281,1237668293906530358
16.00505,17.88744,16.12202,16.0332,0.07311078,1237668293906464988
15.44758,16.4615,15.35595,15.35595,0.0701438,1237668293906464929
14.43792,16.22075,14.47123,14.47125,0.07276095,1237668293906268167
15.3842,18.19083,15.38686,15.29447,0.0726909,1237668293906202788
15.16366,17.34899,15.02728,15.0273,0.05761119,1237668293376016459
14.28695,17.35496,14.31694,14.18824,0.05396287,1237668293375951157
13.77217,16.09777,13.68143,13.75437,0.05629615,1237668293375951070
12.96015,16.04458,12.94264,12.96465,0.056603,1237668293375950973
17.44421,18.60548,17.19923,17.30162,0.062619,1237668292832854137
14.74183,17.09786,14.54442,14.62948,0.0634043,1237668292832854092
15.84574,17.20057,15.70976,15.72414,0.06343941,1237668292832854039
15.56487,17.6737,15.27311,15.42839,0.07104395,1237668292302471281
15.19174,16.79732,15.20913,15.20915,0.0724393,1237668292302405647
14.85432,17.31455,14.64336,14.76115,0.06705489,1237668289622966353
16.11174,17.92833,16.13355,16.07871,0.0568179,1237668289621197082
17.05502,18.85758,17.0563,17.0183,0.05579226,1237668289621197071
14.28853,16.1218,14.21903,14.21903,0.05564126,1237668289621196919
15.24615,17.96191,14.86309,15.04924,0.0644647,1237668289086160914
15.06186,18.25292,15.07965,14.88142,0.06743816,1237668289086095483
13.84377,15.89095,13.7251,13.73995,0.07012232,1237668289085898782
16.08428,17.53475,16.15154,16.03243,0.06688037,1237668289085833234
15.21507,16.87164,15.08452,15.09167,0.1127031,1237668272988750083
14.38027,16.49615,14.33193,14.33193,0.1015225,1237668272988749955
14.6531,16.8676,14.52235,14.57599,0.08513559,1237668272988487820
13.42853,15.35353,13.34223,13.36453,0.1033985,1237668272988422262
14.1409,16.26146,14.12266,14.12266,0.1012381,1237668272987308094
14.27622,17.63154,14.31418,14.29143,0.07124583,1237668272980688997
15.08389,17.1453,14.91934,14.97474,0.05362855,1237668272980558058
16.63207,18.26631,16.79054,16.60135,0.04905033,1237668272980426893
16.41131,18.49007,16.46743,16.46744,0.1368692,1237668272452862569
14.77281,16.80599,14.80469,14.80472,0.1403616,1237668272452862530
15.60981,17.45975,15.55239,15.55239,0.1306877,1237668272452862219
13.85083,16.18067,13.74368,13.7575,0.1489697,1237668272452862078
16.01109,17.55542,15.96915,15.96912,0.09360875,1237668272450503042
14.99801,16.82048,15.03562,15.06036,0.1141849,1237668271913959569
15.51505,17.49348,15.39139,15.40252,0.08444289,1237668271372042459
15.40196,17.24057,15.47044,15.33851,0.09142637,1237668271372042420
15.50993,16.93025,15.40576,15.40572,0.093414,1237668271372042279
15.91458,17.00871,15.80632,15.80629,0.09353836,1237668271372042278
14.78675,16.34939,14.65996,14.72665,0.0945846,1237668271372042277
15.39757,17.67047,15.42273,15.31714,0.1327302,1237668270843953463
15.60941,17.05953,15.50415,15.5474,0.06342443,1237667966957584513
15.04105,17.00807,14.9583,14.9583,0.06430323,1237667966957519065
15.64893,18.72167,15.6755,15.61364,0.06669432,1237667917029441696
13.32568,15.55909,13.22349,13.22351,0.07378838,1237667917029441552
13.44648,16.76731,13.45648,13.46597,0.05093468,1237667917027475563
13.38763,15.65908,13.27508,13.27508,0.07551567,1237667916492636293
14.40516,16.36964,14.276,14.28983,0.05581355,1237667916490604603
14.41972,17.37755,14.46104,14.36915,0.04707451,1237667916490604564
13.43801,16.79309,13.22434,13.39331,0.05168994,1237667916490539153
14.82206,17.39391,14.85242,14.76031,0.06838109,1237667916489490658
16.9073,17.69717,16.83009,16.84348,0.06438843,1237667916489490634
15.14647,16.48319,15.06471,15.06471,0.05538924,1237667916489490458
14.13992,15.81951,13.99307,13.99307,0.05368065,1237667916489425042
13.12863,16.46316,13.0804,13.1098,0.09853406,1237667915955634275
12.72719,15.61788,12.64781,12.64782,0.07181811,1237667915955568770
14.48108,16.388,14.29063,14.32951,0.0875452,1237667915955568665
13.98167,16.52104,15.38839,15.38838,0.08011415,1237667915955568664
12.72924,15.6493,12.63215,12.63213,0.07892521,1237667915955568663
12.56192,15.40267,12.47915,12.47913,0.08167011,1237667915955568662
14.24288,16.04161,14.16093,14.17072,0.04919516,1237667915953537163
12.40414,15.22953,12.36688,12.36688,0.04342908,1237667915953274946
12.49903,15.43093,12.45432,12.4543,0.05363277,1237667915416731797
13.6803,16.14845,13.56803,13.56803,0.04862735,1237668331491819553
14.66398,16.01501,15.23711,15.24501,0.04888126,1237668331491819554
14.99713,16.36829,14.94636,14.94637,0.04911323,1237668331491819640
16.01115,17.40805,15.83101,15.90176,0.04717417,1237668331491819768
13.98097,16.08858,13.8498,13.84977,0.05546757,1237668331491885109
15.94787,18.30553,15.9699,15.91247,0.05030385,1237668331491885233
14.24956,15.70693,14.23188,14.23187,0.08437349,1237668331493851180
13.32757,15.82661,13.19462,13.21241,0.1087961,1237668367999565875
15.48983,16.91567,15.35514,15.36476,0.118788,1237668494699528300
16.23022,17.71803,15.97415,16.09842,0.05520621,1237668586504847567
15.01127,18.83133,15.01506,14.96838,0.08841155,1237668624621961294
14.11735,16.40842,14.07649,14.0843,0.1016283,1237668624622092360
14.25479,17.04881,14.29264,14.23207,0.09500729,1237668624622157845
12.69146,15.18449,12.58847,12.58844,0.09710419,1237668624622223408
16.35996,19.20526,16.376,16.29654,0.05152465,1237668624629891243
13.96212,16.20149,13.88146,13.88146,0.04715174,1237668625167613974
13.62592,15.69225,13.52019,13.52018,0.05636629,1237670449986535606
15.71679,17.09099,15.56814,15.62459,0.05855946,1237670449986535607
15.6961,16.88895,15.57356,15.59603,0.06940321,1237670450523078792
14.89663,17.69865,14.65741,14.78894,0.06165479,1237671123220103629
14.70586,16.92176,14.57366,14.58661,0.06003337,1237671123220168862
16.26893,17.53908,16.18629,16.19893,0.06103681,1237671123220168924
14.68114,17.9939,14.67553,14.56852,0.1105906,1237671123229212676
13.95925,16.23089,13.85824,13.85824,0.1003764,1237671123231768624
13.37426,15.34883,13.29021,13.29022,0.1021992,1237671124305051659
15.07523,17.14201,14.89735,14.9799,0.1026298,1237671124305051901
16.76689,17.80688,16.6585,16.66985,0.02957071,1237671128591761530
13.87984,16.45845,13.75901,13.75901,0.02925259,1237671128591761538
15.52341,17.18686,15.40763,15.40762,0.03003042,1237671128591761639
14.13207,18.10725,14.14774,14.08501,0.09443118,1237671261206806638
16.18909,19.05484,16.16718,16.16718,0.09886254,1237671261206937699
16.00294,19.12468,15.91199,15.91199,0.09399631,1237671261207003251
13.40216,15.52225,13.29747,13.29778,0.06247948,1237671931746058262
15.86783,17.26042,15.77516,15.77522,0.06276701,1237671931745992750
13.49076,15.98443,13.49973,13.51012,0.06274804,1237671931745992749
14.98505,17.3064,15.07062,14.94305,0.062373,1237671931745927367
15.91377,18.67378,15.90175,15.82241,0.06281827,1237671931745927249
15.37103,17.15377,15.21446,15.24789,0.06199321,1237671931209318606
15.32732,17.07957,15.19744,15.21062,0.06412853,1237671931209318579
14.60529,16.32876,14.41334,14.43669,0.06758681,1237671931209318493
13.73717,15.9433,13.6553,13.6553,0.06598087,1237671931209318418
13.07683,15.60701,12.95271,12.96483,0.05341895,1237671930134790189
13.46514,15.48069,13.4175,13.41847,0.1179964,1237671690155786376
16.21658,18.54522,16.2191,16.17909,0.123671,1237671260671443273
15.39555,17.24241,15.18391,15.29832,0.1257591,1237671260671443267
15.66992,17.50033,15.48057,15.50774,0.1268402,1237671260671443213
14.13734,16.43277,13.98841,13.98841,0.1216107,1237671260671443039
14.50635,16.18382,14.53473,14.53473,0.09855793,1237671260670525479
14.97653,16.22185,14.88132,14.88132,0.09817786,1237671260670525478
13.48543,15.84137,13.48675,13.48675,0.09797332,1237671260670525453
15.18572,17.25799,14.9602,15.06569,0.1166243,1237671260669739246
15.96685,17.46415,15.78582,15.84866,0.1103144,1237671260669739186
14.28882,15.87961,14.15508,14.15508,0.1154834,1237671260669739088
16.96019,18.06409,16.82447,16.85815,0.06595923,1237671260122055017
13.76154,16.09665,13.70763,13.70763,0.05166425,1237671129667666121
16.3238,18.21445,16.34949,16.249,0.04638287,1237671129130205403
14.2076,16.15926,14.01184,14.04378,0.04460552,1237671129130205319
15.38008,17.70146,15.06173,15.24518,0.04617248,1237671129130074248
15.59016,18.36526,15.68787,15.51296,0.1064897,1237671123767787682
13.83609,16.54388,13.79375,13.79375,0.09531657,1237671123767722047
13.45907,16.11989,13.35523,13.35524,0.06596874,1237671122692472846
15.27743,17.14102,15.19206,15.20847,0.06943153,1237671122692407542
14.04141,17.79784,14.14194,14.123,0.07037578,1237670964854784136
15.09299,17.17304,15.1011,15.06734,0.06540128,1237670964846919713
13.53841,15.91136,13.45908,13.45908,0.06657764,1237670596016537626
13.35244,16.44309,13.45491,13.4556,0.0727684,1237670450523144332
15.54507,17.7148,15.28287,15.47023,0.07063901,1237670450523144290
13.21022,15.78052,13.13294,13.13294,0.01869923,1237668670253105171
15.01338,17.78988,15.03146,14.99917,0.05144377,1237668624629891241
15.00613,17.49653,14.79141,14.91111,0.03722077,1237668590266876172
13.40629,15.83651,13.30256,13.30256,0.04380184,1237668590266876053
15.62271,18.75094,15.63256,15.63256,0.05625028,1237668586504782055
13.76932,15.80576,13.71601,13.71601,0.05518337,1237668586504781975
14.1295,16.88631,14.1929,14.09033,0.04481259,1237668496867000461
16.94658,19.72097,16.86852,16.86854,0.04538874,1237668496314663169
16.47783,19.15269,16.4136,16.38988,0.04577658,1237668496314663045
14.65767,17.37875,14.37005,14.47683,0.04605887,1237668496314662949
16.14682,17.96706,16.15545,16.09791,0.04561081,1237668496314597534
14.82803,17.13155,14.62258,14.69394,0.05411841,1237668496313942121
13.91224,15.97587,13.89659,13.89658,0.07369895,1237668496310730776
16.24103,17.49262,16.16582,16.16582,0.07522473,1237668496310665432
14.3452,16.80396,14.30577,14.30577,0.07269482,1237668496310665412
14.91629,16.3697,14.85241,14.85241,0.07467538,1237668496310665312
13.74141,16.09837,13.61804,13.61806,0.07560147,1237668496310665265
13.62481,16.12524,13.49513,13.49513,0.09062665,1237668367999172911
13.69779,15.69898,13.57602,13.57602,0.08977399,1237668367999172836
16.70701,18.56066,16.66874,16.66875,0.1420157,1237668349760372834
15.12506,17.3791,15.02018,15.07173,0.104394,1237668349755719744
15.71884,18.61046,15.82094,15.74598,0.04709517,1237668349744316558
13.84071,16.83743,13.88572,13.87938,0.08640014,1237668349214785655
16.80977,18.63162,16.84484,16.79909,0.0671126,1237668349213933749
13.72342,16.56175,13.6442,13.69571,0.0491749,1237668348675817507
15.15969,16.68857,14.89195,14.89195,0.04921278,1237668348675817506
17.78564,18.80737,17.8491,17.76695,0.09443257,1237668332034392412
13.74515,15.87666,13.58539,13.58538,0.065754,1237671932820193349
14.08761,16.27056,13.98801,13.98801,0.06789722,1237671932283519102
14.44775,16.40167,14.32381,14.34979,0.06934187,1237671932283388104
15.15219,16.89211,15.01079,15.08113,0.0302534,1237671767461396524
13.50304,16.78536,13.37789,13.43429,0.04314834,1237671767461331011
15.87857,17.40609,15.74336,15.79607,0.02559354,1237671767461265556
14.40953,16.28575,14.48757,14.48757,0.02554518,1237671767461265554
15.00432,17.09117,15.01217,14.98578,0.03657773,1237671767461265510
15.82616,18.63259,15.88241,15.84547,0.1205447,1237671690692591743
16.85835,17.85264,16.8089,16.80892,0.03118798,1237671141483937928
15.44291,17.2649,15.31771,15.38252,0.05411842,1237671129667731700
15.67286,18.58009,15.6251,15.60848,0.05336127,1237671129667731636
14.86824,16.16801,14.80376,14.80377,0.05041234,1237671129130336263
15.53361,17.29917,15.4659,15.46592,0.04732862,1237671129130270882
14.71658,17.95089,14.75425,14.69878,0.08559273,1237671125379907676
16.13436,18.03701,16.12585,16.11583,0.08484335,1237671125379842214
13.69598,16.48284,13.58289,13.63078,0.08438601,1237671125379842213
16.2302,19.23078,16.16589,16.16589,0.08199362,1237671125379842189
15.09874,17.32953,14.88696,15.0235,0.09873205,1237671124304855182
14.69116,18.04807,14.68869,14.59172,0.106179,1237671123767853073
16.67015,19.1673,16.6693,16.645,0.1094872,1237671123767787710
15.74635,17.33834,15.59568,15.62256,0.06085947,1237671122692473127
16.41767,18.09708,16.46431,16.41628,0.05427027,1237670965392703635
16.12233,18.52972,16.11821,16.02815,0.1054045,1237670965383921837
13.44215,15.78812,13.33902,13.33903,0.08390749,1237670965383856174
16.04187,18.94064,15.99658,15.99658,0.07937634,1237670965383790831
13.7405,16.00046,13.65751,13.68834,0.08399009,1237670965383790750
13.44147,15.95734,13.24891,13.26994,0.0671202,1237670964854718472
15.98029,16.96152,15.8844,15.8844,0.01958244,1237668670253170836
13.50102,15.89089,13.46404,13.46405,0.01964689,1237668670253170717
13.48777,16.92027,13.55087,13.48584,0.05594289,1237668586504781905
15.16895,16.65727,15.13047,15.13046,0.06411871,1237668586504716299
15.45133,17.18122,15.32325,15.36759,0.1148073,1237668367461515743
16.38195,17.8275,16.17007,16.23302,0.1152278,1237668367461449908
13.8777,16.35825,13.83638,13.83638,0.1074551,1237668367461384355
14.81775,17.05074,14.73599,14.73614,0.102505,1237668367461384250
15.99549,18.48635,16.05814,16.01147,0.1034943,1237668367461319004
16.8797,18.89872,16.87476,16.81693,0.08438066,1237668365851689395
15.81937,19.08746,15.72944,15.67908,0.07672885,1237668365851623732
14.92153,18.30184,14.97695,14.97695,0.08639318,1237668349214785881
13.06559,15.97062,12.94662,12.98277,0.08623429,1237668349214785653
14.57444,17.51595,14.59676,14.36898,0.06283167,1237668349210853684
15.67583,18.30571,15.70562,15.70562,0.08772991,1237668336324706372
15.64967,17.73585,15.66301,15.58837,0.06802039,1237668332029935885
14.22742,16.97791,14.05238,14.20921,0.06708942,1237668332029935843
15.82018,17.07616,15.83039,15.83041,0.06661904,1237668332029935842
17.00792,18.95796,16.63424,16.80384,0.05867134,1237668332029935785
17.32124,18.65881,17.32818,17.32815,0.05557329,1237668332027183316
14.65711,16.69115,14.54701,14.54701,0.05289773,1237668332027117606
15.38291,16.18966,15.28376,15.28376,0.05272457,1237668332027117605
14.55541,18.03436,14.58394,14.48333,0.08871067,1237668331493916905
16.73682,18.47083,16.69602,16.69602,0.0653238,1237671932820193442
15.33852,18.19447,14.88607,15.14062,0.1190019,1237668495236464802
16.89432,18.58584,16.67054,16.72928,0.1188586,1237668365852148088
14.04728,16.46782,13.93883,13.93882,0.1179673,1237668365852147751
16.63486,17.7023,16.50555,16.53808,0.1273037,1237668365852082663
16.77001,17.99311,16.60376,16.64143,0.1328614,1237668365852082564
14.83808,16.39336,14.67105,14.67106,0.08358441,1237668365851426886
14.75719,17.23877,14.80453,14.69432,0.09186848,1237668365851230239
17.09473,19.6184,17.01102,17.01101,0.1179767,1237668365314687448
15.64073,17.27864,15.76473,15.76471,0.1059748,1237668365314556218
16.40734,18.4998,16.06288,16.31293,0.1155877,1237668365314490759
13.37234,16.40096,13.17658,13.20141,0.09805833,1237668365313441805
16.16295,17.04999,16.04414,16.06865,0.09967698,1237668365313376588
15.30933,17.27242,15.3866,15.28287,0.05833238,1237668350817468531
17.12119,18.879,17.28105,17.07435,0.1069482,1237668349218390261
16.14874,18.31169,16.11099,16.11099,0.1003426,1237668349218390247
14.83382,17.03601,14.68013,14.69632,0.1056097,1237668349218390048
17.02706,19.24266,17.04309,16.92711,0.05440105,1237668349211050186
17.42708,19.60892,16.97825,17.27304,0.05394416,1237668349210984599
15.50717,17.28334,15.51239,15.44028,0.06342375,1237668349210919183
15.97921,18.63964,15.9972,15.97366,0.05027036,1237668349207511108
12.99883,15.79747,12.9775,12.98554,0.05082503,1237668349207511099
14.37198,17.22321,14.10176,14.28952,0.05313766,1237668349207445599
15.79954,18.36768,15.80062,15.80059,0.1077396,1237668336861577338
15.62252,19.71887,16.27384,16.27384,0.1045487,1237668336861511907
13.62335,16.22111,13.53613,13.53615,0.09168335,1237668336860856428
16.01078,18.68621,16.08908,15.86874,0.08883696,1237668336860201271
17.17062,18.05202,17.08161,17.0998,0.08739469,1237668336860201261
14.15839,15.96424,14.06986,14.06986,0.08733529,1237668336860200991
16.17034,17.00437,16.08241,16.08242,0.08721446,1237668336860200977
15.49034,17.30822,15.29709,15.31987,0.09975567,1237668336321036598
16.34595,18.58626,16.35787,16.32084,0.1145304,1237668332571787671
14.36922,16.3554,14.34952,14.34952,0.1042705,1237668332571787353
14.13534,17.11914,14.07398,14.17344,0.1047192,1237668332571721814
16.83003,19.33273,16.82767,16.82768,0.1022624,1237668332571656316
14.29963,16.1032,14.25591,14.25591,0.06664758,1237671932820258894
13.82699,15.99624,13.78213,13.78213,0.04024065,1237671934428381309
15.08667,18.57523,15.04552,15.00999,0.06420111,1237671956981088440
13.27346,15.80595,13.15876,13.15874,0.05415466,1237671956981153874
15.48303,18.87613,15.46979,15.46979,0.05910429,1237671956981219542
15.31557,16.54226,15.20337,15.20772,0.06665826,1237671957518876723
16.42684,18.27554,16.46618,16.46556,0.06670477,1237671957518876726
13.05278,17.28839,13.56995,13.56995,0.09169454,1237671958588424370
14.19664,17.61216,14.02181,14.11802,0.05957926,1237671991338532959
14.93156,17.27301,14.99747,14.86938,0.05988788,1237671991340433429
14.95992,17.97388,14.96771,14.88415,0.05673722,1237671991340433626
14.86652,17.9961,14.9112,14.73139,0.0509957,1237671991340499075
15.50645,16.62294,15.41717,15.42259,0.06312988,1237671991878156520
13.55379,16.38261,13.39765,13.44524,0.06518967,1237671991878221902
13.72227,16.2916,13.70414,13.70415,0.07702755,1237671992947572790
14.29299,16.19921,14.29908,14.29908,0.07349608,1237671992947638320
12.50104,16.2163,12.60349,12.61492,0.1013227,1237671992947703853
15.22334,16.84669,15.07025,15.14888,0.07606284,1237671992949407904
14.4291,17.27188,14.61041,14.58499,0.1069669,1237671992953929929
15.84995,18.19005,15.93458,15.77851,0.1005837,1237673705041691045
14.29734,16.62321,14.17371,14.17371,0.1017166,1237673705041756259
17.13155,18.95598,16.78408,17.0172,0.1006552,1237673705041756411
13.39073,15.79737,13.2705,13.27048,0.1088449,1237673705043198070
13.98188,16.40988,13.81941,13.83135,0.08546301,1237673809192157408
16.56279,17.53308,16.51383,16.51384,0.08535946,1237673809192157411
14.61729,16.51103,14.63439,14.63442,0.0828374,1237673809192223014
14.9847,17.5388,15.01668,14.93904,0.08701782,1237674371289907217
14.28274,16.32253,14.14211,14.14212,0.04491848,1237674599462207503
15.25926,17.15486,15.05767,15.18245,0.04762973,1237674599462273168
17.10824,19.29689,17.06443,17.06447,0.0446071,1237674599462273202
15.43216,18.55154,15.39155,15.33853,0.04755988,1237674599462994088
13.09219,15.70425,13.0256,13.0256,0.05700499,1237674602676289621
14.43062,16.74725,14.38389,14.39949,0.05835196,1237674602676289706
14.86112,17.97991,14.85721,14.79995,0.05432434,1237674602676289826
14.18524,15.99663,14.03434,14.03434,0.1005825,1237674603216633993
16.76972,18.66421,16.7354,16.7354,0.09896322,1237674603216634080
15.9416,18.86719,15.3625,15.57585,0.1017081,1237674603216699610
13.58424,16.21968,13.46267,13.46447,0.09490669,1237674649384124427
16.37505,17.68161,16.21775,16.28163,0.1045556,1237674649384124576
15.39553,17.09868,15.4314,15.31727,0.1359649,1237674649384255499
15.63087,18.02843,15.61789,15.60357,0.1446439,1237674649384255563
17.04393,19.63471,16.93842,16.93842,0.1325514,1237674649384386795
15.80043,16.97099,15.74839,15.75204,0.07656269,1237674649387991118
13.08156,15.37688,12.99014,12.99014,0.0668024,1237674649388056620
15.84651,18.84722,15.82873,15.75818,0.06607623,1237674649388056846
13.80507,16.16106,13.7435,13.7435,0.1020545,1237674650460422277
14.98718,17.49092,14.78746,14.83311,0.09688918,1237674650460422427
14.8588,16.96098,14.75333,14.76623,0.1019928,1237674650460422494
16.4253,18.90991,16.38393,16.34769,0.1024003,1237674650460487907
15.94135,18.09192,15.92214,15.92215,0.06823154,1237674602140139550
15.64029,16.93724,15.5696,15.56959,0.05724527,1237674598925664446
16.99011,18.8739,16.94941,16.89916,0.05259602,1237674598925664381
16.0087,17.04955,15.92001,15.92,0.03868046,1237674479735013541
17.1559,19.37238,17.107,17.10699,0.0407613,1237674479735013527
16.87411,18.35659,16.71849,16.71847,0.04147839,1237674479735013407
11.68446,15.16608,11.80424,11.80421,0.0989186,1237674371291414552
14.20729,16.44785,14.09395,14.09478,0.1018037,1237674368067829775
15.31923,18.56734,15.2566,15.24275,0.1029717,1237674290756583895
16.79412,18.98549,16.7417,16.71906,0.1039386,1237674290756583884
14.77145,16.66898,14.63302,14.66618,0.1087296,1237674290756583782
16.29895,18.58392,16.33426,16.19469,0.09283163,1237673705578758555
15.19851,17.57965,14.89663,15.04375,0.09445746,1237673705578758184
13.68472,16.00423,13.59417,13.59414,0.09366075,1237673705578758181
13.84572,15.70139,13.84442,13.84442,0.06840622,1237671992950587444
12.72522,15.83169,12.66641,12.67614,0.08316842,1237671991875665965
14.8273,17.00911,14.6617,14.8059,0.08256221,1237671991875600389
15.16755,17.66473,15.21319,15.09523,0.05590775,1237671990803562762
14.8677,17.69232,14.9337,14.79449,0.05088223,1237671955902693480
15.81766,17.66961,15.8483,15.73897,0.05160274,1237671955902693479
16.86226,18.49364,16.90998,16.87211,0.05637786,1237671936578093285
14.28219,16.07965,14.15737,14.15737,0.05457779,1237671936578093073
14.20637,15.86975,14.15016,14.15016,0.1260395,1237674648847450200
13.77861,16.32925,13.55781,13.64679,0.07557781,1237671992949342322
12.69463,15.29113,12.56229,12.56943,0.08078492,1237671991875600387
15.41981,17.78613,15.44735,15.3596,0.0580974,1237671936578093441
17.14903,19.59371,17.17514,17.01358,0.06117317,1237671935505138058
15.15219,17.57022,15.22525,15.13263,0.1238493,1237674648847450346
