product,control,degree,control_cv_rmse_linear,control_cv_rmse_quadratic,objid,sample,group_uid,role,lgm,z,ff_miles_lw_logz,predicted_control_logz,delta_logz,gallazzi_logz_solar
FIREFLY MILES light-weighted,Control4C,1,0.09457519007965189,0.09482349728872029,1237655108898979844,CG4,HMCG:25,BGG,11.13696,0.038103145,-0.07594282963262874,0.18515146456170442,-0.26109429419433317,
FIREFLY MILES light-weighted,Control4C,1,0.09457519007965189,0.09482349728872029,1237651533872496853,CG4,HMCG:27,BGG,10.94254,0.044700583,0.24319337424724807,0.16225808609656586,0.08093528815068221,
FIREFLY MILES light-weighted,Control4C,1,0.09457519007965189,0.09482349728872029,1237651192431902873,CG4,HMCG:28,BGG,11.56605,0.045092908,0.12003830018504674,0.23567774666028624,-0.1156394464752395,
FIREFLY MILES light-weighted,Control4C,1,0.09457519007965189,0.09482349728872029,1237653664714391702,CG4,HMCG:33,BGG,10.91266,0.043605956,-0.00036000557862243517,0.15873965101510149,-0.1590996565937239,
FIREFLY MILES light-weighted,Control4C,1,0.09457519007965189,0.09482349728872029,1237664093977182232,CG4,HMCG:42,BGG,11.30246,0.024032534,0.17741355266189243,0.20463945003634904,-0.027225897374456604,
FIREFLY MILES light-weighted,Control4C,1,0.09457519007965189,0.09482349728872029,1237664879949906003,CG4,HMCG:52,BGG,11.26873,0.027544551,0.21946008747208545,0.20066766906922054,0.018792418402864913,
FIREFLY MILES light-weighted,Control4C,1,0.09457519007965189,0.09482349728872029,1237661382235652124,CG4,HMCG:61,BGG,11.04974,0.04172448,-0.17608941330805536,0.1748811195882995,-0.3509705328963548,
FIREFLY MILES light-weighted,Control4C,1,0.09457519007965189,0.09482349728872029,1237661381699174422,CG4,HMCG:63,BGG,11.46481,0.039612044,0.17548977917257252,0.22375651614999595,-0.048266736977423425,
FIREFLY MILES light-weighted,Control4C,1,0.09457519007965189,0.09482349728872029,1237664336632741928,CG4,HMCG:73,BGG,11.06783,0.021581224,0.21243398995807833,0.17701125649002963,0.035422733468048695,
FIREFLY MILES light-weighted,Control4C,1,0.09457519007965189,0.09482349728872029,1237671260670525453,CG4,HMCG:80,BGG,11.12167,0.03098687,0.24319337424724807,0.18335103375863904,0.059842340488609036,
FIREFLY MILES light-weighted,Control4C,1,0.09457519007965189,0.09482349728872029,1237664670045765663,CG4,HMCG:82,BGG,11.14766,0.045040485,0.2365435592168414,0.18641141286731588,0.05013214634952551,
FIREFLY MILES light-weighted,Control4C,1,0.09457519007965189,0.09482349728872029,1237671125379842213,CG4,HMCG:84,BGG,11.08672,0.029707897,0.16966679416987027,0.1792355951342352,-0.009568800964364937,
FIREFLY MILES light-weighted,Control4C,1,0.09457519007965189,0.09482349728872029,1237667536399761464,CG4,HMCG:99,BGG,11.236,0.04339918,0.24319337424724807,0.1968136402801867,0.04637973396706138,
FIREFLY MILES light-weighted,Control4C,1,0.09457519007965189,0.09482349728872029,1237654398613913710,CG4,HMCG:101,BGG,11.07611,0.031583981,0.23318020207101983,0.17798624452465225,0.05519395754636758,
FIREFLY MILES light-weighted,Control4C,1,0.09457519007965189,0.09482349728872029,1237648721221910580,CG4,HMCG:106,BGG,10.88227,0.019912633,0.23148870508405484,0.15516116232280866,0.07632754276124618,
FIREFLY MILES light-weighted,Control4C,1,0.09457519007965189,0.09482349728872029,1237648721759961111,CG4,HMCG:112,BGG,11.34712,0.040214827,0.09756027280667182,0.2098982623100508,-0.11233798950337898,
FIREFLY MILES light-weighted,Control4C,1,0.09457519007965189,0.09482349728872029,1237654602106732592,CG4,HMCG:117,BGG,11.07583,0.036521896,0.12003830018504674,0.17795327391478577,-0.05791497372973903,
FIREFLY MILES light-weighted,Control4C,1,0.09457519007965189,0.09482349728872029,1237654604791545887,CG4,HMCG:121,BGG,10.94604,0.026316276,0.09524713375865783,0.1626702187198968,-0.06742308496123896,
FIREFLY MILES light-weighted,Control4C,1,0.09457519007965189,0.09482349728872029,1237664819818987529,CG4,HMCG:128,BGG,10.76637,0.031113712,0.12656094167438622,0.14151368488165267,-0.014952743207266445,
FIREFLY MILES light-weighted,Control4C,1,0.09457519007965189,0.09482349728872029,1237667431715766291,CG4,HMCG:131,BGG,11.29346,0.036009084,0.29154133501529506,0.20357968043349825,0.0879616545817968,
FIREFLY MILES light-weighted,Control4C,1,0.09457519007965189,0.09482349728872029,1237662223525871655,CG4,HMCG:142,BGG,11.0522,0.036453983,0.29885896880742735,0.17517078994641194,0.12368817886101541,
FIREFLY MILES light-weighted,Control4C,1,0.09457519007965189,0.09482349728872029,1237657628452388926,CG4,HMCG:154,BGG,11.10226,0.027616057,0.21420119955862366,0.18106546398182416,0.0331357355767995,
FIREFLY MILES light-weighted,Control4C,1,0.09457519007965189,0.09482349728872029,1237661811196624933,CG4,HMCG:158,BGG,10.55154,0.036883403,-0.08287775240623109,0.11621698446160475,-0.19909473686783585,
FIREFLY MILES light-weighted,Control4C,1,0.09457519007965189,0.09482349728872029,1237665126930055238,CG4,HMCG:165,BGG,11.34673,0.032671117,0.27037041250145794,0.209852338960594,0.06051807354086394,
FIREFLY MILES light-weighted,Control4C,1,0.09457519007965189,0.09482349728872029,1237665370120847454,CG4,HMCG:167,BGG,11.12404,0.031989543,0.19619691789081167,0.18363010642072317,0.012566811470088507,
FIREFLY MILES light-weighted,Control4C,1,0.09457519007965189,0.09482349728872029,1237658312939798567,CG4,HMCG:173,BGG,11.21403,0.033635215,0.12003830018504674,0.19422662492744971,-0.07418832474240297,
FIREFLY MILES light-weighted,Control4C,1,0.09457519007965189,0.09482349728872029,1237648722841043066,CG4,HMCG:175,BGG,11.07703,0.040743867,-0.033379164418814146,0.1780945765284993,-0.21147374094731344,
FIREFLY MILES light-weighted,Control4C,1,0.09457519007965189,0.09482349728872029,1237667733971337221,CG4,HMCG:188,BGG,11.0393,0.025393122,0.18878060169439917,0.17365178684899274,0.01512881484540643,
FIREFLY MILES light-weighted,Control4C,1,0.09457519007965189,0.09482349728872029,1237657591934025821,CG4,HMCG:197,BGG,10.92494,0.034438523,0.2365435592168414,0.16018564776210215,0.07635791145473925,
FIREFLY MILES light-weighted,Control4C,1,0.09457519007965189,0.09482349728872029,1237657627919319142,CG4,HMCG:206,BGG,11.02117,0.044652618,-0.00036000557862243517,0.17151693986013877,-0.1718769454387612,
FIREFLY MILES light-weighted,Control4C,1,0.09457519007965189,0.09482349728872029,1237661435920646147,CG4,HMCG:214,BGG,10.9049,0.040021474,0.2672599868533754,0.15782589411308778,0.10943409274028759,
FIREFLY MILES light-weighted,Control4C,1,0.09457519007965189,0.09482349728872029,1237665025446510622,CG4,HMCG:229,BGG,10.96543,0.037612666,0.1393198083248698,0.16495343345314967,-0.02563362512827988,
FIREFLY MILES light-weighted,Control4C,1,0.09457519007965189,0.09482349728872029,1237661949186474088,CG4,HMCG:231,BGG,11.16475,0.032070752,0.3003078152646575,0.18842379759095135,0.11188401767370615,
FIREFLY MILES light-weighted,Control4C,1,0.09457519007965189,0.09482349728872029,1237661873482891334,CG4,HMCG:239,BGG,10.83799,0.035050865,0.06895429106965624,0.14994709587678282,-0.08099280480712658,
FIREFLY MILES light-weighted,Control4C,1,0.09457519007965189,0.09482349728872029,1237661418747461670,CG4,HMCG:259,BGG,11.19601,0.035352979,0.210659559924703,0.1921047306781863,0.01855482924651672,
FIREFLY MILES light-weighted,Control4C,1,0.09457519007965189,0.09482349728872029,1237667783918026937,CG4,HMCG:265,BGG,11.04929,0.028536017,0.005382592656735859,0.17482813110815687,-0.16944553845142102,
FIREFLY MILES light-weighted,Control4C,1,0.09457519007965189,0.09482349728872029,1237655463774191677,CG4,HMCG:271,BGG,11.23055,0.036278649,0.3003078152646575,0.19617189090957132,0.10413592435508617,
FIREFLY MILES light-weighted,Control4C,1,0.09457519007965189,0.09482349728872029,1237651273515794444,CG4,HMCG:276,BGG,11.14224,0.032089326,0.24319337424724807,0.18577319606204343,0.057420178185204646,
FIREFLY MILES light-weighted,Control4C,1,0.09457519007965189,0.09482349728872029,1237661418750476311,CG4,HMCG:293,BGG,11.24418,0.043485321,0.210659559924703,0.19777685309699988,0.012882706827703122,
FIREFLY MILES light-weighted,Control4C,1,0.09457519007965189,0.09482349728872029,1237667912217985078,CG4,HMCG:303,BGG,10.97365,0.040462716,0.2855971362609545,0.16592135635708666,0.11967577990386785,
FIREFLY MILES light-weighted,Control4C,1,0.09457519007965189,0.09482349728872029,1237648704057573661,CG4,HMCG:309,BGG,11.09869,0.043902061,0.21946008747208545,0.1806450887060267,0.03881499876605876,
FIREFLY MILES light-weighted,Control4C,1,0.09457519007965189,0.09482349728872029,1237651735776460868,CG4,HMCG:315,BGG,11.11865,0.043599096,0.17548977917257252,0.18299542218079362,-0.007505643008221097,
FIREFLY MILES light-weighted,Control4C,1,0.09457519007965189,0.09482349728872029,1237667733988573256,CG4,HMCG:316,BGG,11.38284,0.034009232,0.2855971362609545,0.21410437011158734,0.07149276614936717,
FIREFLY MILES light-weighted,Control4C,1,0.09457519007965189,0.09482349728872029,1237659131675213861,CG4,HMCG:322,BGG,11.00734,0.036727564,0.3003078152646575,0.16988842723709138,0.1304193880275661,
FIREFLY MILES light-weighted,Control4C,1,0.09457519007965189,0.09482349728872029,1237661950272471286,CG4,HMCG:323,BGG,11.15991,0.044722761,0.18878060169439917,0.18785387704897386,0.0009267246454253142,
FIREFLY MILES light-weighted,Control4C,1,0.09457519007965189,0.09482349728872029,1237662198284157184,CG4,HMCG:330,BGG,11.17926,0.03449395,0.1496728826525962,0.19013238169510294,-0.04045949904250673,
FIREFLY MILES light-weighted,Control4C,1,0.09457519007965189,0.09482349728872029,1237659163880849535,CG4,HMCG:337,BGG,11.11333,0.039399044,0.18878060169439917,0.18236898059333062,0.006411621101068549,
FIREFLY MILES light-weighted,Control4C,1,0.09457519007965189,0.09482349728872029,1237662238560682244,CG4,HMCG:341,BGG,11.57429,0.044165814,0.210659559924703,0.236648024607785,-0.025988464683081997,
FIREFLY MILES light-weighted,Control4C,1,0.09457519007965189,0.09482349728872029,1237662697036251250,CG4,HMCG:354,BGG,11.38314,0.032320264,0.22293096484590827,0.21413969576501563,0.008791269080892644,
FIREFLY MILES light-weighted,Control4C,1,0.09457519007965189,0.09482349728872029,1237662306199666786,CG4,HMCG:360,BGG,11.07238,0.031499504,0.3003078152646575,0.17754702890035978,0.12276078636429771,
FIREFLY MILES light-weighted,Control4C,1,0.09457519007965189,0.09482349728872029,1237665534931894451,CG4,HMCG:368,BGG,10.82897,0.039669834,-0.1269876415173383,0.1488849712303702,-0.27587261274770847,
FIREFLY MILES light-weighted,Control4C,1,0.09457519007965189,0.09482349728872029,1237665535468765463,CG4,HMCG:369,BGG,10.71805,0.039044937,0.005382592656735859,0.13582389963612496,-0.1304413069793891,
FIREFLY MILES light-weighted,Control4C,1,0.09457519007965189,0.09482349728872029,1237662504832270395,CG4,HMCG:373,BGG,11.12121,0.032196869,0.17741355266189243,0.1832968677567155,-0.005883315094823066,
FIREFLY MILES light-weighted,Control4C,1,0.09457519007965189,0.09482349728872029,1237668272452862078,CG4,HMCG:374,BGG,11.33134,0.042733449,0.20529235111097974,0.20804013293971918,-0.002747781828739443,
FIREFLY MILES light-weighted,Control4C,1,0.09457519007965189,0.09482349728872029,1237662225165516860,CG4,HMCG:386,BGG,11.14546,0.036634865,0.24319337424724807,0.1861523580755079,0.05704101617174018,
FIREFLY MILES light-weighted,Control4C,1,0.09457519007965189,0.09482349728872029,1237659329780121695,CG4,HMCG:393,BGG,11.45621,0.031402269,0.3003078152646575,0.22274384741838305,0.07756396784627445,
FIREFLY MILES light-weighted,Control4C,1,0.09457519007965189,0.09482349728872029,1237662302453039177,CG4,HMCG:405,BGG,11.1572,0.031034558,0.09986115685840526,0.1875347686463376,-0.08767361178793236,
FIREFLY MILES light-weighted,Control4C,1,0.09457519007965189,0.09482349728872029,1237667444048723983,Control4C,Lim:1,BGG,11.49787,0.022387201,0.3003078152646575,0.2276494031578012,0.07265841210685631,
FIREFLY MILES light-weighted,Control4C,1,0.09457519007965189,0.09482349728872029,1237665531723317438,Control4C,Lim:3,BGG,11.52926,0.03863988,0.24319337424724807,0.23134564402818847,0.011847730219059605,
FIREFLY MILES light-weighted,Control4C,1,0.09457519007965189,0.09482349728872029,1237668293912690766,Control4C,Lim:5,BGG,11.31682,0.021880621,0.3003078152646575,0.2063303713137865,0.09397744395087099,
FIREFLY MILES light-weighted,Control4C,1,0.09457519007965189,0.09482349728872029,1237654879665586207,Control4C,Lim:13,BGG,7.774354,0.028099228,0.21243398995807833,-0.21080271601202966,0.423236705970108,
FIREFLY MILES light-weighted,Control4C,1,0.09457519007965189,0.09482349728872029,1237667915955568662,Control4C,Lim:33,BGG,11.12697,0.022124599,0.3003078152646575,0.18397512030254004,0.11633269496211746,
FIREFLY MILES light-weighted,Control4C,1,0.09457519007965189,0.09482349728872029,1237658612519141389,Control4C,Lim:37,BGG,11.35576,0.034017625,0.3003078152646575,0.2109156411287875,0.08939217413587,
FIREFLY MILES light-weighted,Control4C,1,0.09457519007965189,0.09482349728872029,1237663789031948359,Control4C,Lim:39,BGG,11.27267,0.027392906,0.210659559924703,0.201131612650913,0.00952794727379,
FIREFLY MILES light-weighted,Control4C,1,0.09457519007965189,0.09482349728872029,1237655742947262470,Control4C,Lim:40,BGG,11.50922,0.03705749,0.2855971362609545,0.2289858903791739,0.0566112458817806,
FIREFLY MILES light-weighted,Control4C,1,0.09457519007965189,0.09482349728872029,1237667429563105338,Control4C,Lim:46,BGG,11.54672,0.040223869,0.3003078152646575,0.23340159705771896,0.06690621820693854,
FIREFLY MILES light-weighted,Control4C,1,0.09457519007965189,0.09482349728872029,1237655743485575197,Control4C,Lim:50,BGG,11.4026,0.039362618,0.17548977917257252,0.21643115315073522,-0.04094137397816269,
FIREFLY MILES light-weighted,Control4C,1,0.09457519007965189,0.09482349728872029,1237665534931894336,Control4C,Lim:51,BGG,11.29295,0.037169654,0.13721892725478624,0.20351962682267,-0.06630069956788376,
FIREFLY MILES light-weighted,Control4C,1,0.09457519007965189,0.09482349728872029,1237665428645740684,Control4C,Lim:61,BGG,11.32563,0.035367166,0.3003078152646575,0.20736776800279935,0.09294004726185814,
FIREFLY MILES light-weighted,Control4C,1,0.09457519007965189,0.09482349728872029,1237661418212294705,Control4C,Lim:70,BGG,11.56045,0.042431399,0.3003078152646575,0.23501833446295672,0.06528948080170077,
FIREFLY MILES light-weighted,Control4C,1,0.09457519007965189,0.09482349728872029,1237667537465704593,Control4C,Lim:71,BGG,11.4221,0.029603502,0.25779277210434204,0.21872732062357864,0.0390654514807634,
FIREFLY MILES light-weighted,Control4C,1,0.09457519007965189,0.09482349728872029,1237667430630096945,Control4C,Lim:78,BGG,11.31101,0.028624486,0.3003078152646575,0.20564623115905722,0.09466158410560027,
FIREFLY MILES light-weighted,Control4C,1,0.09457519007965189,0.09482349728872029,1237662197748006965,Control4C,Lim:79,BGG,11.36224,0.044723463,0.27037041250145794,0.21167867524284004,0.0586917372586179,
FIREFLY MILES light-weighted,Control4C,1,0.09457519007965189,0.09482349728872029,1237662303519899658,Control4C,Lim:85,BGG,11.23959,0.029953325,0.23148870508405484,0.19723637059954596,0.03425233448450887,
FIREFLY MILES light-weighted,Control4C,1,0.09457519007965189,0.09482349728872029,1237662262169174083,Control4C,Lim:94,BGG,11.45737,0.025410456,0.3003078152646575,0.22288043994497256,0.07742737531968494,
FIREFLY MILES light-weighted,Control4C,1,0.09457519007965189,0.09482349728872029,1237664289935261729,Control4C,Lim:95,BGG,11.34219,0.023918224,0.18878060169439917,0.2093177440720448,-0.020537142377645617,
FIREFLY MILES light-weighted,Control4C,1,0.09457519007965189,0.09482349728872029,1237661465457590279,Control4C,Lim:96,BGG,11.47355,0.036095416,0.210659559924703,0.22478567018654208,-0.014126110261839075,
FIREFLY MILES light-weighted,Control4C,1,0.09457519007965189,0.09482349728872029,1237665016314593291,Control4C,Lim:99,BGG,11.51515,0.043584674,0.17548977917257252,0.2296841607952746,-0.05419438162270207,
FIREFLY MILES light-weighted,Control4C,1,0.09457519007965189,0.09482349728872029,1237654654171938965,Control4C,Lim:102,BGG,11.61971,0.041382305,0.17548977917257252,0.24199632853683856,-0.06650654936426603,
FIREFLY MILES light-weighted,Control4C,1,0.09457519007965189,0.09482349728872029,1237674371291414552,Control4C,Lim:106,BGG,11.09763,0.015831291,0.3003078152646575,0.1805202713972466,0.11978754386741089,
FIREFLY MILES light-weighted,Control4C,1,0.09457519007965189,0.09482349728872029,1237661139033784336,Control4C,Lim:112,BGG,11.46054,0.023917658,0.3003078152646575,0.2232537143495323,0.07705410091512518,
FIREFLY MILES light-weighted,Control4C,1,0.09457519007965189,0.09482349728872029,1237667734492086324,Control4C,Lim:120,BGG,11.51206,0.029075583,0.21946008747208545,0.2293203065649625,-0.009860219092877043,
FIREFLY MILES light-weighted,Control4C,1,0.09457519007965189,0.09482349728872029,1237661386003382291,Control4C,Lim:125,BGG,11.33993,0.033755466,0.24319337424724807,0.20905162414955117,0.034141750097696905,
FIREFLY MILES light-weighted,Control4C,1,0.09457519007965189,0.09482349728872029,1237658300056666239,Control4C,Lim:129,BGG,11.35128,0.031963093,0.05898447772959352,0.2103881113709239,-0.15140363364133036,
FIREFLY MILES light-weighted,Control4C,1,0.09457519007965189,0.09482349728872029,1237665128538832901,Control4C,Lim:131,BGG,11.10472,0.036433037,0.12003830018504674,0.1813551343399368,-0.06131683415489006,
FIREFLY MILES light-weighted,Control4C,1,0.09457519007965189,0.09482349728872029,1237664132091871249,Control4C,Lim:143,BGG,11.41464,0.033732815,0.17741355266189243,0.21784888937499344,-0.04043533671310101,
FIREFLY MILES light-weighted,Control4C,1,0.09457519007965189,0.09482349728872029,1237661434849132659,Control4C,Lim:146,BGG,11.35297,0.029605784,0.3003078152646575,0.21058711255190365,0.08972070271275384,
FIREFLY MILES light-weighted,Control4C,1,0.09457519007965189,0.09482349728872029,1237665129099624455,Control4C,Lim:152,BGG,11.4028,0.035004658,0.24319337424724807,0.21645470358635407,0.026738670660894,
FIREFLY MILES light-weighted,Control4C,1,0.09457519007965189,0.09482349728872029,1237667441898881043,Control4C,Lim:153,BGG,11.38099,0.023158411,0.3003078152646575,0.21388652858211255,0.08642128668254495,
FIREFLY MILES light-weighted,Control4C,1,0.09457519007965189,0.09482349728872029,1237664093439852636,Control4C,Lim:154,BGG,11.21112,0.023365937,0.22979059425991835,0.19388396608919464,0.03590662817072371,
FIREFLY MILES light-weighted,Control4C,1,0.09457519007965189,0.09482349728872029,1237665567691374612,Control4C,Lim:157,BGG,11.5771,0.037333237,0.25779277210434204,0.23697890822823064,0.020813863876111394,
FIREFLY MILES light-weighted,Control4C,1,0.09457519007965189,0.09482349728872029,1237661381704548424,Control4C,Lim:174,BGG,11.37591,0.036311171,0.20887785021412927,0.21328834751739217,-0.0044104973032629,
FIREFLY MILES light-weighted,Control4C,1,0.09457519007965189,0.09482349728872029,1237661463842521123,Control4C,Lim:180,BGG,11.46346,0.034287175,0.3003078152646575,0.22359755070956827,0.07671026455508922,
FIREFLY MILES light-weighted,Control4C,1,0.09457519007965189,0.09482349728872029,1237667782827638815,Control4C,Lim:189,BGG,11.36214,0.032908084,0.3003078152646575,0.2116669000250306,0.08864091523962689,
FIREFLY MILES light-weighted,Control4C,1,0.09457519007965189,0.09482349728872029,1237658800967188670,Control4C,Lim:191,BGG,11.22635,0.029951176,0.3003078152646575,0.19567733176157442,0.10463048350308307,
FIREFLY MILES light-weighted,Control4C,1,0.09457519007965189,0.09482349728872029,1237665023836815551,Control4C,Lim:200,BGG,11.20931,0.036836166,0.17548977917257252,0.19367083464684365,-0.018181055474271124,
FIREFLY MILES light-weighted,Control4C,1,0.09457519007965189,0.09482349728872029,1237665427567673462,Control4C,Lim:202,BGG,11.20673,0.03963577,0.210659559924703,0.19336703402735977,0.01729252589734323,
FIREFLY MILES light-weighted,Control4C,1,0.09457519007965189,0.09482349728872029,1237668298739351591,Control4C,Lim:213,BGG,11.20034,0.024976961,0.18878060169439917,0.19261459760933575,-0.0038339959149365777,
FIREFLY MILES light-weighted,Control4C,1,0.09457519007965189,0.09482349728872029,1237655348895416343,Control4C,Lim:214,BGG,11.28859,0.031446957,0.24319337424724807,0.20300622732617785,0.04018714692107023,
FIREFLY MILES light-weighted,Control4C,1,0.09457519007965189,0.09482349728872029,1237667322179616791,Control4C,Lim:224,BGG,11.381,0.031339034,0.29740527268129757,0.21388770610389346,0.08351756657740411,
FIREFLY MILES light-weighted,Control4C,1,0.09457519007965189,0.09482349728872029,1237661850399539298,Control4C,Lim:226,BGG,11.38594,0.036475203,0.12003830018504674,0.21446940186368035,-0.09443110167863361,
FIREFLY MILES light-weighted,Control4C,1,0.09457519007965189,0.09482349728872029,1237661064956280853,Control4C,Lim:227,BGG,11.18863,0.033486417,0.3003078152646575,0.19123571960384872,0.10907209566080878,
FIREFLY MILES light-weighted,Control4C,1,0.09457519007965189,0.09482349728872029,1237671991875600387,Control4C,Lim:242,BGG,11.25106,0.023650214,0.3003078152646575,0.1985869880822903,0.10172082718236719,
FIREFLY MILES light-weighted,Control4C,1,0.09457519007965189,0.09482349728872029,1237665440998031492,Control4C,Lim:243,BGG,11.2686,0.034306492,0.3003078152646575,0.2006523612860682,0.0996554539785893,
FIREFLY MILES light-weighted,Control4C,1,0.09457519007965189,0.09482349728872029,1237667447802429573,Control4C,Lim:244,BGG,11.02581,0.023532871,0.3003078152646575,0.1720633099664974,0.1282445052981601,
FIREFLY MILES light-weighted,Control4C,1,0.09457519007965189,0.09482349728872029,1237664671645171756,Control4C,Lim:273,BGG,11.23639,0.02648693,0.2855971362609545,0.1968595636296435,0.08873757263131102,
FIREFLY MILES light-weighted,Control4C,1,0.09457519007965189,0.09482349728872029,1237651822716584014,Control4C,Lim:286,BGG,11.43347,0.037376382,0.27037041250145794,0.22006616288851338,0.05030424961294455,
FIREFLY MILES light-weighted,Control4C,1,0.09457519007965189,0.09482349728872029,1237662198821683357,Control4C,Lim:288,BGG,11.40974,0.039574937,0.12003830018504674,0.21727190370233013,-0.09723360351728338,
FIREFLY MILES light-weighted,Control4C,1,0.09457519007965189,0.09482349728872029,1237662266463486279,Control4C,Lim:291,BGG,11.26915,0.038389701,0.09756027280667182,0.20071712498402025,-0.10315685217734843,
FIREFLY MILES light-weighted,Control4C,1,0.09457519007965189,0.09482349728872029,1237668331491819553,Control4C,Lim:292,BGG,11.07018,0.031044866,0.09986115685840526,0.1772879741085518,-0.07742681725014654,
FIREFLY MILES light-weighted,Control4C,1,0.09457519007965189,0.09482349728872029,1237662238014373973,Control4C,Lim:293,BGG,11.0616,0.020568739,0.24319337424724807,0.1762776604205007,0.06691571382674738,
FIREFLY MILES light-weighted,Control4C,1,0.09457519007965189,0.09482349728872029,1237661950276468745,Control4C,Lim:307,BGG,11.45913,0.041543317,0.210659559924703,0.22308768377841903,-0.012428123853716028,
FIREFLY MILES light-weighted,Control4C,1,0.09457519007965189,0.09482349728872029,1237654879130222725,Control4C,Lim:308,BGG,11.21834,0.027906063,0.27037041250145794,0.19473413681503715,0.07563627568642078,
FIREFLY MILES light-weighted,Control4C,1,0.09457519007965189,0.09482349728872029,1237667911138672682,Control4C,Lim:312,BGG,11.34827,0.031403747,0.17548977917257252,0.2100336773148594,-0.034543898142286866,
FIREFLY MILES light-weighted,Control4C,1,0.09457519007965189,0.09482349728872029,1237668294449823785,Control4C,Lim:313,BGG,11.17396,0.024203681,0.3003078152646575,0.1895082951512019,0.11079952011345559,
FIREFLY MILES light-weighted,Control4C,1,0.09457519007965189,0.09482349728872029,1237661433772245009,Control4C,Lim:329,BGG,11.33384,0.039771718,0.09524713375865783,0.20833451338495546,-0.11308737962629763,
FIREFLY MILES light-weighted,Control4C,1,0.09457519007965189,0.09482349728872029,1237665231058895036,Control4C,Lim:335,BGG,10.5609,0.031764758,0.3003078152646575,0.11731914484856966,0.18298867041608785,
FIREFLY MILES light-weighted,Control4C,1,0.09457519007965189,0.09482349728872029,1237661069250789414,Control4C,Lim:336,BGG,11.29953,0.033590722,0.3003078152646575,0.2042944361545322,0.09601337911012531,
FIREFLY MILES light-weighted,Control4C,1,0.09457519007965189,0.09482349728872029,1237659324412526601,Control4C,Lim:348,BGG,11.2559,0.038275532,0.17741355266189243,0.19915690862426783,-0.021743355962375394,
FIREFLY MILES light-weighted,Control4C,1,0.09457519007965189,0.09482349728872029,1237665442071969832,Control4C,Lim:350,BGG,11.23723,0.039296977,0.25779277210434204,0.19695847545924292,0.06083429664509912,
FIREFLY MILES light-weighted,Control4C,1,0.09457519007965189,0.09482349728872029,1237655348355203084,Control4C,Lim:351,BGG,11.11448,0.019802654,0.17741355266189243,0.1825043955981394,-0.005090842936246981,
FIREFLY MILES light-weighted,Control4C,1,0.09457519007965189,0.09482349728872029,1237654654179737747,Control4C,Lim:387,BGG,11.33946,0.03804803,0.18878060169439917,0.20899628062584674,-0.020215678931447573,
FIREFLY MILES light-weighted,Control4C,1,0.09457519007965189,0.09482349728872029,1237665567685804219,Control4C,Lim:402,BGG,11.386,0.042675681,0.0714113894018661,0.21447646699436598,-0.14306507759249987,
FIREFLY MILES light-weighted,Control4C,1,0.09457519007965189,0.09482349728872029,1237665548887195714,Control4C,Lim:403,BGG,11.33792,0.031832946,0.24319337424724807,0.20881494227158115,0.03437843197566692,
FIREFLY MILES light-weighted,Control4C,1,0.09457519007965189,0.09482349728872029,1237662198818930724,Control4C,Lim:407,BGG,11.21267,0.029713106,0.3003078152646575,0.19406648196524115,0.10624133329941635,
FIREFLY MILES light-weighted,Control4C,1,0.09457519007965189,0.09482349728872029,1237658493355557008,Control4C,Lim:412,BGG,11.16293,0.02660044,0.09986115685840526,0.18820948862681924,-0.08834833176841399,
FIREFLY MILES light-weighted,Control4C,1,0.09457519007965189,0.09482349728872029,1237651272424226981,Control4C,Lim:428,BGG,11.39764,0.04480081,0.061498469643979516,0.2158471023473865,-0.15434863270340698,
FIREFLY MILES light-weighted,Control4C,1,0.09457519007965189,0.09482349728872029,1237665442059714582,Control4C,Lim:436,BGG,11.29785,0.035596061,0.3003078152646575,0.20409661249533334,0.09621120276932416,
FIREFLY MILES light-weighted,Control4C,1,0.09457519007965189,0.09482349728872029,1237671992947703853,Control4C,Lim:443,BGG,11.28958,0.023674215,0.09986115685840526,0.2031228019824916,-0.10326164512408635,
FIREFLY MILES light-weighted,Control4C,1,0.09457519007965189,0.09482349728872029,1237664667901624475,Control4C,Lim:444,BGG,11.14469,0.035967773,0.22979059425991835,0.1860616888983752,0.04372890536154314,
FIREFLY MILES light-weighted,Control4C,1,0.09457519007965189,0.09482349728872029,1237667442435751974,Control4C,Lim:446,BGG,11.17889,0.025711649,0.3003078152646575,0.19008881338920813,0.11021900187544936,
FIREFLY MILES light-weighted,Control4C,1,0.09457519007965189,0.09482349728872029,1237662528993951761,Control4C,Lim:470,BGG,11.32658,0.026250241,0.16376467280347848,0.2074796325719891,-0.043714959768510614,
FIREFLY MILES light-weighted,Control4C,1,0.09457519007965189,0.09482349728872029,1237668272988422262,Control4C,Lim:477,BGG,11.4202,0.035713625,0.3003078152646575,0.21850359148519893,0.08180422377945856,
FIREFLY MILES light-weighted,Control4C,1,0.09457519007965189,0.09482349728872029,1237665564998697041,Control4C,Lim:479,BGG,11.28211,0.030736021,0.22979059425991835,0.2022431932121253,0.027547401047793046,
FIREFLY MILES light-weighted,Control4C,1,0.09457519007965189,0.09482349728872029,1237651252053475553,Control4C,Lim:480,BGG,11.15717,0.032301813,0.20708880084982487,0.18753123608099492,0.019557564768829944,
FIREFLY MILES light-weighted,Control4C,1,0.09457519007965189,0.09482349728872029,1237665549974306996,Control4C,Lim:481,BGG,11.25015,0.037144778,0.3003078152646575,0.19847983360022417,0.10182798166443333,
FIREFLY MILES light-weighted,Control4C,1,0.09457519007965189,0.09482349728872029,1237665225702637600,Control4C,Lim:482,BGG,11.18094,0.045034398,0.210659559924703,0.19033020535430178,0.02032935457040122,
FIREFLY MILES light-weighted,Control4C,1,0.09457519007965189,0.09482349728872029,1237665101680607314,Control4C,Lim:483,BGG,11.19968,0.033956149,0.3003078152646575,0.1925368811717934,0.10777093409286409,
FIREFLY MILES light-weighted,Control4C,1,0.09457519007965189,0.09482349728872029,1237662224070868999,Control4C,Lim:484,BGG,11.10566,0.035198096,0.3003078152646575,0.18146582138734565,0.11884199387731184,
FIREFLY MILES light-weighted,Control4C,1,0.09457519007965189,0.09482349728872029,1237651823246639198,Control4C,Lim:510,BGG,11.49338,0.028658006,0.3003078152646575,0.2271206958781567,0.0731871193865008,
FIREFLY MILES light-weighted,Control4C,1,0.09457519007965189,0.09482349728872029,1237662636367478911,Control4C,Lim:521,BGG,11.2211,0.031834991,0.20887785021412927,0.1950591328265781,0.013818717387551166,
FIREFLY MILES light-weighted,Control4C,1,0.09457519007965189,0.09482349728872029,1237665023838060553,Control4C,Lim:526,BGG,11.11979,0.036515153,0.24319337424724807,0.18312965966382133,0.06006371458342674,
FIREFLY MILES light-weighted,Control4C,1,0.09457519007965189,0.09482349728872029,1237662267536179306,Control4C,Lim:555,BGG,11.41121,0.037076032,0.1496728826525962,0.21744499940412923,-0.06777211675153302,
FIREFLY MILES light-weighted,Control4C,1,0.09457519007965189,0.09482349728872029,1237658310794412097,Control4C,Lim:567,BGG,11.32565,0.043194917,0.24319337424724807,0.20737012304636115,0.03582325120088692,
FIREFLY MILES light-weighted,Control4C,1,0.09457519007965189,0.09482349728872029,1237667782815842365,Control4C,Lim:568,BGG,11.39276,0.031007013,0.3003078152646575,0.21527247171828517,0.08503534354637232,
FIREFLY MILES light-weighted,Control4C,1,0.09457519007965189,0.09482349728872029,1237662530070380591,Control4C,Lim:574,BGG,11.30377,0.03230455,0.3003078152646575,0.2047937053896529,0.09551410987500458,
FIREFLY MILES light-weighted,Control4C,1,0.09457519007965189,0.09482349728872029,1237654879668338812,Control4C,Lim:576,BGG,11.30895,0.043083457,0.09756027280667182,0.2054036616721825,-0.10784338886551068,
FIREFLY MILES light-weighted,Control4C,1,0.09457519007965189,0.09482349728872029,1237659119877554250,Control4C,Lim:578,BGG,11.35056,0.039242064,0.24319337424724807,0.2103033298026959,0.03289004444455218,
FIREFLY MILES light-weighted,Control4C,1,0.09457519007965189,0.09482349728872029,1237667323787214943,Control4C,Lim:581,BGG,11.47065,0.034536789,0.12003830018504674,0.2244441888700679,-0.10440588868502115,
FIREFLY MILES light-weighted,Control4C,1,0.09457519007965189,0.09482349728872029,1237667783387185210,Control4C,Lim:583,BGG,11.34144,0.044186603,0.210659559924703,0.20922942993847388,0.0014301299862291283,
FIREFLY MILES light-weighted,Control4C,1,0.09457519007965189,0.09482349728872029,1237651821097779392,Control4C,Lim:587,BGG,11.14635,0.026111104,0.18878060169439917,0.18625715751401203,0.0025234441803871355,
FIREFLY MILES light-weighted,Control4C,1,0.09457519007965189,0.09482349728872029,1237667444585594903,Control4C,Lim:590,BGG,11.20995,0.029326947,0.210659559924703,0.19374619604082402,0.016913363883878985,
FIREFLY MILES light-weighted,Control4C,1,0.09457519007965189,0.09482349728872029,1237653614794178648,Control4C,Lim:609,BGG,11.4407,0.030628501,0.18878060169439917,0.2209175111361368,-0.03213690944173764,
FIREFLY MILES light-weighted,Control4C,1,0.09457519007965189,0.09482349728872029,1237668365313441805,Control4C,Lim:623,BGG,11.32487,0.034754744,0.210659559924703,0.20727827634744755,0.0033812835772554506,
FIREFLY MILES light-weighted,Control4C,1,0.09457519007965189,0.09482349728872029,1237667910587056147,Control4C,Lim:624,BGG,11.28545,0.023116964,0.25779277210434204,0.20263648548696123,0.05515628661738081,
FIREFLY MILES light-weighted,Control4C,1,0.09457519007965189,0.09482349728872029,1237662238021714264,Control4C,Lim:626,BGG,11.26967,0.042968559,-0.021079757759797816,0.2007783561166294,-0.2218581138764272,
FIREFLY MILES light-weighted,Control4C,1,0.09457519007965189,0.09482349728872029,1237664668437119003,Control4C,Lim:629,BGG,11.22914,0.024911408,0.3003078152646575,0.19600586033845807,0.10430195492619942,
FIREFLY MILES light-weighted,Control4C,1,0.09457519007965189,0.09482349728872029,1237658612519272452,Control4C,Lim:631,BGG,11.14175,0.037776282,0.09986115685840526,0.1857154974947772,-0.08585434063637194,
FIREFLY MILES light-weighted,Control4C,1,0.09457519007965189,0.09482349728872029,1237671932820193349,Control4C,Lim:634,BGG,11.31646,0.035013132,0.2625521760248259,0.2062879805296724,0.05626419549515349,
FIREFLY MILES light-weighted,Control4C,1,0.09457519007965189,0.09482349728872029,1237667446192537678,Control4C,Lim:640,BGG,11.10541,0.023361394,0.3003078152646575,0.1814363833428219,0.11887143192183561,
FIREFLY MILES light-weighted,Control4C,1,0.09457519007965189,0.09482349728872029,1237662662678151230,Control4C,Lim:642,BGG,10.62055,0.032270486,0.24319337424724807,0.12434306227190829,0.11885031197533978,
FIREFLY MILES light-weighted,Control4C,1,0.09457519007965189,0.09482349728872029,1237658205573808201,Control4C,Lim:643,BGG,10.59084,0.016629993,-0.00036000557862243517,0.12084464506071986,-0.1212046506393423,
FIREFLY MILES light-weighted,Control4C,1,0.09457519007965189,0.09482349728872029,1237655495981793339,Control4C,Lim:689,BGG,11.20953,0.025118206,0.210659559924703,0.1936967401260245,0.016962819798678502,
FIREFLY MILES light-weighted,Control4C,1,0.09457519007965189,0.09482349728872029,1237657873254907914,Control4C,Lim:691,BGG,11.29513,0.028490059,0.3003078152646575,0.2037763265709162,0.09653148869374129,
FIREFLY MILES light-weighted,Control4C,1,0.09457519007965189,0.09482349728872029,1237661137958666357,Control4C,Lim:693,BGG,11.28956,0.04251492,0.12003830018504674,0.2031204469389296,-0.08308214675388287,
FIREFLY MILES light-weighted,Control4C,1,0.09457519007965189,0.09482349728872029,1237665227848548397,Control4C,Lim:697,BGG,11.14472,0.025153676,0.0714113894018661,0.1860652214637179,-0.1146538320618518,
FIREFLY MILES light-weighted,Control4C,1,0.09457519007965189,0.09482349728872029,1237668670253105171,Control4C,Lim:699,BGG,11.27911,0.031814283,0.210659559924703,0.20188993667784172,0.008769623246861286,
FIREFLY MILES light-weighted,Control4C,1,0.09457519007965189,0.09482349728872029,1237671931746058262,Control4C,Lim:704,BGG,10.89185,0.032645304,0.24319337424724807,0.15628922818895422,0.08690414605829386,
FIREFLY MILES light-weighted,Control4C,1,0.09457519007965189,0.09482349728872029,1237668310555033613,Control4C,Lim:705,BGG,11.28377,0.035481331,0.13085557337224013,0.20243866182776238,-0.07158308845552225,
FIREFLY MILES light-weighted,Control4C,1,0.09457519007965189,0.09482349728872029,1237664338253119517,Control4C,Lim:708,BGG,11.31627,0.042624506,0.24319337424724807,0.20626560761583446,0.03692776663141362,
FIREFLY MILES light-weighted,Control4C,1,0.09457519007965189,0.09482349728872029,1237659133289627743,Control4C,Lim:711,BGG,11.26954,0.033322616,0.24319337424724807,0.20076304833347705,0.04243032591377102,
FIREFLY MILES light-weighted,Control4C,1,0.09457519007965189,0.09482349728872029,1237668367999172911,Control4C,Lim:712,BGG,11.23287,0.034604512,0.09986115685840526,0.19644507596275074,-0.09658391910434548,
FIREFLY MILES light-weighted,Control4C,1,0.09457519007965189,0.09482349728872029,1237661463307878522,Control4C,Lim:713,BGG,11.33054,0.042440491,0.2625521760248259,0.20794593119724336,0.05460624482758253,
FIREFLY MILES light-weighted,Control4C,1,0.09457519007965189,0.09482349728872029,1237654030863892549,Control4C,Lim:714,BGG,11.17597,0.031016802,0.3003078152646575,0.18974497702917195,0.11056283823548554,
FIREFLY MILES light-weighted,Control4C,1,0.09457519007965189,0.09482349728872029,1237667253461254252,Control4C,Lim:715,BGG,11.12223,0.034841959,0.09756027280667182,0.183416974978372,-0.08585670217170019,
FIREFLY MILES light-weighted,Control4C,1,0.09457519007965189,0.09482349728872029,1237663917339771127,Control4C,Lim:716,BGG,11.20321,0.041391613,0.210659559924703,0.19295254636046705,0.017707013564235957,
FIREFLY MILES light-weighted,Control4C,1,0.09457519007965189,0.09482349728872029,1237667486455300162,Control4C,Lim:717,BGG,11.15364,0.02994403,0.24319337424724807,0.18711557089232106,0.056077803354927014,
FIREFLY MILES light-weighted,Control4C,1,0.09457519007965189,0.09482349728872029,1237651496830501001,Control4C,Lim:718,BGG,11.20775,0.032183204,0.17548977917257252,0.19348714124901623,-0.0179973620764437,
FIREFLY MILES light-weighted,Control4C,1,0.09457519007965189,0.09482349728872029,1237665225693855754,Control4C,Lim:724,BGG,11.01576,0.023499468,0.3003078152646575,0.17087990057664743,0.12942791468801007,
FIREFLY MILES light-weighted,Control4C,1,0.09457519007965189,0.09482349728872029,1237664814988328970,Control4C,Lim:725,BGG,10.95874,0.024269862,0.1393198083248698,0.16416567138169738,-0.024845863056827594,
FIREFLY MILES light-weighted,Control4C,1,0.09457519007965189,0.09482349728872029,1237654601571106901,Control4C,Lim:726,BGG,10.77422,0.031570703,0.01941624484406951,0.14243803947969466,-0.12302179463562515,
FIREFLY MILES light-weighted,Control4C,1,0.09457519007965189,0.09482349728872029,1237662264319279158,Control4C,Lim:727,BGG,10.92415,0.034819176,0.061498469643979516,0.16009262354140744,-0.09859415389742793,
FIREFLY MILES light-weighted,Control4C,1,0.09457519007965189,0.09482349728872029,1237674649384124427,Control4C,Lim:774,BGG,11.32287,0.039915316,0.234865136540417,0.20704277199125842,0.027822364549158568,
FIREFLY MILES light-weighted,Control4C,1,0.09457519007965189,0.09482349728872029,1237667210504896683,Control4C,Lim:780,BGG,11.28804,0.044968123,0.210659559924703,0.20294146362822602,0.0077180962964769895,
FIREFLY MILES light-weighted,Control4C,1,0.09457519007965189,0.09482349728872029,1237665329323376654,Control4C,Lim:784,BGG,11.26417,0.041153636,0.24319337424724807,0.2001307191371095,0.04306265511013857,
FIREFLY MILES light-weighted,Control4C,1,0.09457519007965189,0.09482349728872029,1237667781239636022,Control4C,Lim:786,BGG,11.21133,0.038088342,0.09756027280667182,0.1939086940465946,-0.0963484212399228,
FIREFLY MILES light-weighted,Control4C,1,0.09457519007965189,0.09482349728872029,1237667254008807454,Control4C,Lim:788,BGG,11.07938,0.032542681,0.20167700383058246,0.17837129414702144,0.02330570968356102,
FIREFLY MILES light-weighted,Control4C,1,0.09457519007965189,0.09482349728872029,1237662263783522317,Control4C,Lim:789,BGG,11.19316,0.036180275,0.24319337424724807,0.19176913697061704,0.051424237276631035,
FIREFLY MILES light-weighted,Control4C,1,0.09457519007965189,0.09482349728872029,1237660670888837190,Control4C,Lim:790,BGG,11.23907,0.040952444,0.2734587195397252,0.19717513946693682,0.0762835800727884,
FIREFLY MILES light-weighted,Control4C,1,0.09457519007965189,0.09482349728872029,1237662662681559181,Control4C,Lim:793,BGG,10.84426,0.032288223,0.09986115685840526,0.15068540203343558,-0.05082424517503033,
FIREFLY MILES light-weighted,Control4C,1,0.09457519007965189,0.09482349728872029,1237655501884293289,Control4C,Lim:795,BGG,11.20605,0.033653355,0.25779277210434204,0.19328696254625538,0.06450580955808666,
FIREFLY MILES light-weighted,Control4C,1,0.09457519007965189,0.09482349728872029,1237670965383856174,Control4C,Lim:796,BGG,11.20251,0.029280921,0.17548977917257252,0.19287011983580082,-0.0173803406632283,
FIREFLY MILES light-weighted,Control4C,1,0.09457519007965189,0.09482349728872029,1237665024911999057,Control4C,Lim:801,BGG,11.0082,0.025732368,0.3003078152646575,0.1699896941102528,0.1303181211544047,
FIREFLY MILES light-weighted,Control4C,1,0.09457519007965189,0.09482349728872029,1237667550347460633,Control4C,Lim:802,BGG,11.09057,0.026199381,0.25779277210434204,0.17968894101989913,0.07810383108444291,
FIREFLY MILES light-weighted,Control4C,1,0.09457519007965189,0.09482349728872029,1237671930134790189,Control4C,Lim:804,BGG,10.60775,0.022472706,-0.1983087080057814,0.12283583439229827,-0.32114454239807966,
FIREFLY MILES light-weighted,Control4C,1,0.09457519007965189,0.09482349728872029,1237651822173552694,Control4C,Lim:805,BGG,10.53046,0.030310039,0.06648321213101471,0.11373476854737212,-0.04725155641635741,
FIREFLY MILES light-weighted,Control4C,1,0.09457519007965189,0.09482349728872029,1237667734496804876,Control4C,Lim:841,BGG,11.45108,0.04044353,0.18878060169439917,0.222139778744758,-0.03335917705035882,
FIREFLY MILES light-weighted,Control4C,1,0.09457519007965189,0.09482349728872029,1237667550342086696,Control4C,Lim:844,BGG,11.35125,0.042138977,0.18878060169439917,0.2103845788055812,-0.021603977111182032,
FIREFLY MILES light-weighted,Control4C,1,0.09457519007965189,0.09482349728872029,1237654880211107970,Control4C,Lim:847,BGG,12.45344,0.032867045,0.17741355266189243,0.3401698519795909,-0.16275629931769844,
FIREFLY MILES light-weighted,Control4C,1,0.09457519007965189,0.09482349728872029,1237667735577886774,Control4C,Lim:859,BGG,11.2691,0.038554482,0.12003830018504674,0.20071123737511554,-0.0806729371900688,
FIREFLY MILES light-weighted,Control4C,1,0.09457519007965189,0.09482349728872029,1237674650460422277,Control4C,Lim:864,BGG,11.23772,0.04085727,0.210659559924703,0.19701617402650914,0.01364338589819386,
FIREFLY MILES light-weighted,Control4C,1,0.09457519007965189,0.09482349728872029,1237667735062577233,Control4C,Lim:867,BGG,11.27175,0.038614675,0.22119899355214404,0.20102328064706615,0.020175712905077886,
FIREFLY MILES light-weighted,Control4C,1,0.09457519007965189,0.09482349728872029,1237667253472264286,Control4C,Lim:871,BGG,11.20764,0.035370985,0.27037041250145794,0.19347418850942572,0.07689622399203222,
FIREFLY MILES light-weighted,Control4C,1,0.09457519007965189,0.09482349728872029,1237655124465484020,Control4C,Lim:883,BGG,11.15086,0.040664835,0.24319337424724807,0.18678821983721833,0.056405154410029745,
FIREFLY MILES light-weighted,Control4C,1,0.09457519007965189,0.09482349728872029,1237665370118291481,Control4C,Lim:885,BGG,11.04315,0.03573003,0.09756027280667182,0.17410513273465666,-0.07654485992798485,
FIREFLY MILES light-weighted,Control4C,1,0.09457519007965189,0.09482349728872029,1237660634386071585,Control4C,Lim:886,BGG,10.94519,0.025809236,0.09292160846959709,0.16257012936851647,-0.06964852089891939,
FIREFLY MILES light-weighted,Control4C,1,0.09457519007965189,0.09482349728872029,1237671123767722047,Control4C,Lim:887,BGG,11.02258,0.031959874,0.3003078152646575,0.17168297043125205,0.12862484483340544,
FIREFLY MILES light-weighted,Control4C,1,0.09457519007965189,0.09482349728872029,1237663916801785873,Control4C,Lim:888,BGG,11.08905,0.021253257,0.3003078152646575,0.17950995770919553,0.12079785755546196,
FIREFLY MILES light-weighted,Control4C,1,0.09457519007965189,0.09482349728872029,1237651735234478128,Control4C,Lim:889,BGG,10.98186,0.025787788,0.3003078152646575,0.16688810173924276,0.13341971352541473,
FIREFLY MILES light-weighted,Control4C,1,0.09457519007965189,0.09482349728872029,1237662224077160482,Control4C,Lim:962,BGG,11.28625,0.028712469,0.17741355266189243,0.20273068722943682,-0.02531713456754439,
FIREFLY MILES light-weighted,Control4C,1,0.09457519007965189,0.09482349728872029,1237667430105677867,Control4C,Lim:974,BGG,11.29294,0.028040911,0.17741355266189243,0.2035184493008891,-0.026104896638996677,
FIREFLY MILES light-weighted,Control4C,1,0.09457519007965189,0.09482349728872029,1237662664291582035,Control4C,Lim:975,BGG,11.31987,0.041386869,0.12003830018504674,0.2066895154569748,-0.08665121527192807,
FIREFLY MILES light-weighted,Control4C,1,0.09457519007965189,0.09482349728872029,1237657878614638619,Control4C,Lim:984,BGG,11.22941,0.022848603,0.3003078152646575,0.1960376534265436,0.10427016183811388,
FIREFLY MILES light-weighted,Control4C,1,0.09457519007965189,0.09482349728872029,1237665567692292189,Control4C,Lim:985,BGG,11.22783,0.044425512,0.27037041250145794,0.19585160498515441,0.07451880751630352,
FIREFLY MILES light-weighted,Control4C,1,0.09457519007965189,0.09482349728872029,1237671124305051659,Control4C,Lim:988,BGG,11.20591,0.031711681,0.24319337424724807,0.19327047724132215,0.04992289700592592,
FIREFLY MILES light-weighted,Control4C,1,0.09457519007965189,0.09482349728872029,1237651274035363888,Control4C,Lim:993,BGG,11.20951,0.031885176,0.24319337424724807,0.1936943850824625,0.04949898916478557,
FIREFLY MILES light-weighted,Control4C,1,0.09457519007965189,0.09482349728872029,1237667430096437433,Control4C,Lim:996,BGG,11.1585,0.025745809,0.09756027280667182,0.18768784647786058,-0.09012757367118876,
FIREFLY MILES light-weighted,Control4C,1,0.09457519007965189,0.09482349728872029,1237664291548823600,Control4C,Lim:998,BGG,11.23688,0.041484566,0.1496728826525962,0.19691726219690972,-0.047244379544313514,
FIREFLY MILES light-weighted,Control4C,1,0.09457519007965189,0.09482349728872029,1237664291011952787,Control4C,Lim:1001,BGG,11.1359,0.023851361,0.29885896880742735,0.18502664725292411,0.11383232155450324,
FIREFLY MILES light-weighted,Control4C,1,0.09457519007965189,0.09482349728872029,1237659330848751701,Control4C,Lim:1004,BGG,11.13443,0.042643899,0.09756027280667182,0.18485355155112526,-0.08729327874445345,
FIREFLY MILES light-weighted,Control4C,1,0.09457519007965189,0.09482349728872029,1237665127991279701,Control4C,Lim:1005,BGG,11.19219,0.044079609,0.210659559924703,0.19165491735786527,0.01900464256683773,
FIREFLY MILES light-weighted,Control4C,1,0.09457519007965189,0.09482349728872029,1237661137419108367,Control4C,Lim:1006,BGG,10.98776,0.028298681,0.09756027280667182,0.16758283959000053,-0.07002256678332872,
FIREFLY MILES light-weighted,Control4C,1,0.09457519007965189,0.09482349728872029,1237664668424470655,Control4C,Lim:1007,BGG,10.95312,0.03050507,0.210659559924703,0.1635039041408061,0.04715565578389691,
FIREFLY MILES light-weighted,Control4C,1,0.09457519007965189,0.09482349728872029,1237658919069614163,Control4C,Lim:1088,BGG,11.17758,0.028187309,0.09756027280667182,0.18993455803590428,-0.09237428522923247,
FIREFLY MILES light-weighted,Control4C,1,0.09457519007965189,0.09482349728872029,1237665550499315738,Control4C,Lim:1090,BGG,11.28895,0.032767929,0.24319337424724807,0.20304861811029196,0.04014475613695612,
FIREFLY MILES light-weighted,Control4C,1,0.09457519007965189,0.09482349728872029,1237667254552690706,Control4C,Lim:1093,BGG,11.26461,0.029104288,0.24319337424724807,0.20018253009547105,0.04301084415177703,
FIREFLY MILES light-weighted,Control4C,1,0.09457519007965189,0.09482349728872029,1237663547981103226,Control4C,Lim:1104,BGG,11.26954,0.026603897,0.027623555056661857,0.20076304833347705,-0.1731394932768152,
FIREFLY MILES light-weighted,Control4C,1,0.09457519007965189,0.09482349728872029,1237667536938139700,Control4C,Lim:1109,BGG,11.09945,0.020457409,0.18878060169439917,0.1807345803613785,0.008046021333020681,
FIREFLY MILES light-weighted,Control4C,1,0.09457519007965189,0.09482349728872029,1237662640121643136,Control4C,Lim:1110,BGG,11.24171,0.032133004,0.24319337424724807,0.1974860052171063,0.045707369030141776,
FIREFLY MILES light-weighted,Control4C,1,0.09457519007965189,0.09482349728872029,1237651538169823297,Control4C,Lim:1118,BGG,11.29808,0.041487077,0.3003078152646575,0.20412369549629508,0.09618411976836241,
FIREFLY MILES light-weighted,Control4C,1,0.09457519007965189,0.09482349728872029,1237651736314773623,Control4C,Lim:1122,BGG,11.254,0.040248336,0.09986115685840526,0.1989331794858881,-0.09907202262748284,
FIREFLY MILES light-weighted,Control4C,1,0.09457519007965189,0.09482349728872029,1237654880740769908,Control4C,Lim:1124,BGG,11.20488,0.029450294,0.3003078152646575,0.19314919249788476,0.10715862276677274,
FIREFLY MILES light-weighted,Control4C,1,0.09457519007965189,0.09482349728872029,1237671931209318418,Control4C,Lim:1131,BGG,11.16538,0.035581196,0.3003078152646575,0.18849798146315103,0.11180983380150647,
FIREFLY MILES light-weighted,Control4C,1,0.09457519007965189,0.09482349728872029,1237663916268257306,Control4C,Lim:1134,BGG,11.26237,0.02959991,0.27037041250145794,0.19991876521653945,0.07045164728491848,
FIREFLY MILES light-weighted,Control4C,1,0.09457519007965189,0.09482349728872029,1237665548363956317,Control4C,Lim:1142,BGG,11.06118,0.034467571,0.27499467645034026,0.17622820450570098,0.09876647194463928,
FIREFLY MILES light-weighted,Control4C,1,0.09457519007965189,0.09482349728872029,1237657608573943931,Control4C,Lim:1143,BGG,11.05748,0.025326129,0.25136466260322154,0.17579252144675117,0.07557214115647037,
FIREFLY MILES light-weighted,Control4C,1,0.09457519007965189,0.09482349728872029,1237651274036871335,Control4C,Lim:1145,BGG,11.04696,0.041366506,0.09524713375865783,0.17455376853319676,-0.07930663477453893,
FIREFLY MILES light-weighted,Control4C,1,0.09457519007965189,0.09482349728872029,1237658917459918871,Control4C,Lim:1259,BGG,11.26435,0.03348742,0.24319337424724807,0.20015191452916659,0.04304145971808149,
FIREFLY MILES light-weighted,Control4C,1,0.09457519007965189,0.09482349728872029,1237661951320588304,Control4C,Lim:1264,BGG,11.2579,0.036142312,0.21243398995807833,0.19939241298045673,0.013041576977621594,
FIREFLY MILES light-weighted,Control4C,1,0.09457519007965189,0.09482349728872029,1237661137421271080,Control4C,Lim:1270,BGG,11.16936,0.042554594,0.2672599868533754,0.1889666351319671,0.07829335172140828,
FIREFLY MILES light-weighted,Control4C,1,0.09457519007965189,0.09482349728872029,1237667914345676902,Control4C,Lim:1272,BGG,11.15215,0.025960967,0.3003078152646575,0.18694012014696038,0.11336769511769712,
FIREFLY MILES light-weighted,Control4C,1,0.09457519007965189,0.09482349728872029,1237668496310665265,Control4C,Lim:1274,BGG,11.13548,0.034684752,0.210659559924703,0.1849771913381244,0.025682368586578602,
FIREFLY MILES light-weighted,Control4C,1,0.09457519007965189,0.09482349728872029,1237662224066347141,Control4C,Lim:1275,BGG,11.20993,0.037421016,0.09756027280667182,0.19374384099726222,-0.0961835681905904,
FIREFLY MILES light-weighted,Control4C,1,0.09457519007965189,0.09482349728872029,1237665128011464753,Control4C,Lim:1278,BGG,11.326,0.034661652,0.09986115685840526,0.20741133630869435,-0.1075501794502891,
FIREFLY MILES light-weighted,Control4C,1,0.09457519007965189,0.09482349728872029,1237660636533030975,Control4C,Lim:1282,BGG,11.0163,0.025796454,0.210659559924703,0.17094348675281837,0.039716073171884636,
FIREFLY MILES light-weighted,Control4C,1,0.09457519007965189,0.09482349728872029,1237667431717666856,Control4C,Lim:1283,BGG,11.0718,0.024012382,0.24319337424724807,0.17747873263706482,0.06571464161018326,
FIREFLY MILES light-weighted,Control4C,1,0.09457519007965189,0.09482349728872029,1237664289399373970,Control4C,Lim:1286,BGG,11.15578,0.044118809,0.18878060169439917,0.18736756055344345,0.001413041140955723,
FIREFLY MILES light-weighted,Control4C,1,0.09457519007965189,0.09482349728872029,1237662198284025951,Control4C,Lim:1289,BGG,11.03279,0.033975992,0.27037041250145794,0.1728852201695973,0.09748519233186065,
FIREFLY MILES light-weighted,Control4C,1,0.09457519007965189,0.09482349728872029,1237661356464865320,Control4C,Lim:1295,BGG,10.79469,0.022391752,-0.009119148331831268,0.14484842656528962,-0.1539675748971209,
FIREFLY MILES light-weighted,Control4C,1,0.09457519007965189,0.09482349728872029,1237661139030900754,Control4C,Lim:1296,BGG,10.96291,0.023164646,0.06895429106965624,0.16465669796435162,-0.09570240689469538,
FIREFLY MILES light-weighted,Control4C,1,0.09457519007965189,0.09482349728872029,1237659325492559961,Control4C,Lim:1297,BGG,10.96657,0.033109677,0.08110344385726691,0.1650876709361776,-0.08398422707891069,
FIREFLY MILES light-weighted,Control4C,1,0.09457519007965189,0.09482349728872029,1237662698108878945,Control4C,Lim:1298,BGG,11.08843,0.033161981,0.3003078152646575,0.17943695135877696,0.12087086390588053,
FIREFLY MILES light-weighted,Control4C,1,0.09457519007965189,0.09482349728872029,1237648705115848765,Control4C,Lim:1300,BGG,10.93675,0.024226106,0.3003078152646575,0.1615763009853986,0.1387315142792589,
FIREFLY MILES light-weighted,Control4C,1,0.09457519007965189,0.09482349728872029,1237659132751642708,Control4C,Lim:1302,BGG,10.61965,0.019378738,0.1287135660717291,0.12423708531162325,0.004476480760105844,
FIREFLY MILES light-weighted,Control4C,1,0.09457519007965189,0.09482349728872029,1237668336860856428,Control4C,Lim:1404,BGG,11.32592,0.041074896,0.29885896880742735,0.20740191613444672,0.09145705267298063,
FIREFLY MILES light-weighted,Control4C,1,0.09457519007965189,0.09482349728872029,1237662224596926539,Control4C,Lim:1436,BGG,11.11279,0.043047839,0.28108475193178795,0.18230539441715965,0.0987793575146283,
FIREFLY MILES light-weighted,Control4C,1,0.09457519007965189,0.09482349728872029,1237662263778672703,Control4C,Lim:1437,BGG,11.22923,0.024543591,0.18878060169439917,0.19601645803448658,-0.007235856340087415,
FIREFLY MILES light-weighted,Control4C,1,0.09457519007965189,0.09482349728872029,1237661386013147354,Control4C,Lim:1443,BGG,11.28001,0.038697714,0.3003078152646575,0.20199591363812697,0.09831190162653053,
FIREFLY MILES light-weighted,Control4C,1,0.09457519007965189,0.09482349728872029,1237665548350128144,Control4C,Lim:1447,BGG,11.26667,0.031056672,0.09524713375865783,0.20042509958234578,-0.10517796582368795,
FIREFLY MILES light-weighted,Control4C,1,0.09457519007965189,0.09482349728872029,1237662195056640025,Control4C,Lim:1451,BGG,11.24999,0.025911751,0.3003078152646575,0.19846099325172914,0.10184682201292836,
FIREFLY MILES light-weighted,Control4C,1,0.09457519007965189,0.09482349728872029,1237664817674059896,Control4C,Lim:1455,BGG,11.19794,0.039787608,0.12439759440607599,0.19233199238190873,-0.06793439797583274,
FIREFLY MILES light-weighted,Control4C,1,0.09457519007965189,0.09482349728872029,1237658800968761369,Control4C,Lim:1459,BGG,11.20826,0.029568672,0.2734587195397252,0.19354719485984428,0.07991152467988094,
FIREFLY MILES light-weighted,Control4C,1,0.09457519007965189,0.09482349728872029,1237651272425734156,Control4C,Lim:1464,BGG,11.21834,0.031202492,0.17548977917257252,0.19473413681503715,-0.019244357642464627,
FIREFLY MILES light-weighted,Control4C,1,0.09457519007965189,0.09482349728872029,1237655742946672691,Control4C,Lim:1466,BGG,11.16993,0.042267647,0.03567863566659506,0.18903375387348115,-0.15335511820688608,
FIREFLY MILES light-weighted,Control4C,1,0.09457519007965189,0.09482349728872029,1237667911124582472,Control4C,Lim:1472,BGG,11.04241,0.024677344,0.23148870508405484,0.17401799612286667,0.057470708961188166,
FIREFLY MILES light-weighted,Control4C,1,0.09457519007965189,0.09482349728872029,1237655469135692130,Control4C,Lim:1475,BGG,10.69678,0.038736281,0.05135398835050857,0.13331931080805437,-0.0819653224575458,
FIREFLY MILES light-weighted,Control4C,1,0.09457519007965189,0.09482349728872029,1237665127453753361,Control4C,Lim:1480,BGG,11.09848,0.044376338,0.3003078152646575,0.18062036074862692,0.11968745451603058,
FIREFLY MILES light-weighted,Control4C,1,0.09457519007965189,0.09482349728872029,1237667448340480021,Control4C,Lim:1482,BGG,11.04236,0.023504648,0.3003078152646575,0.17401210851396193,0.12629570675069557,
FIREFLY MILES light-weighted,Control4C,1,0.09457519007965189,0.09482349728872029,1237661874014584882,Control4C,Lim:1483,BGG,11.05524,0.02496148,0.210659559924703,0.17552875656781938,0.03513080335688362,
FIREFLY MILES light-weighted,Control4C,1,0.09457519007965189,0.09482349728872029,1237658205595107386,Control4C,Lim:1484,BGG,11.0971,0.036633645,0.24319337424724807,0.18045786274285636,0.06273551150439172,
FIREFLY MILES light-weighted,Control4C,1,0.09457519007965189,0.09482349728872029,1237662306190229574,Control4C,Lim:1485,BGG,11.15739,0.032892879,0.29885896880742735,0.18755714156017558,0.11130182724725177,
FIREFLY MILES light-weighted,Control4C,1,0.09457519007965189,0.09482349728872029,1237674602676289621,Control4C,Lim:1486,BGG,11.02004,0.024431627,0.24319337424724807,0.17138387989889198,0.0718094943483561,
FIREFLY MILES light-weighted,Control4C,1,0.09457519007965189,0.09482349728872029,1237654670812774584,Control4C,Lim:1488,BGG,10.96487,0.029871742,0.04358703111597816,0.16488749223341673,-0.12130046111743856,
FIREFLY MILES light-weighted,Control4C,1,0.09457519007965189,0.09482349728872029,1237657606426722319,Control4C,Lim:1490,BGG,11.0163,0.031444141,0.18878060169439917,0.17094348675281837,0.0178371149415808,
FIREFLY MILES light-weighted,Control4C,1,0.09457519007965189,0.09482349728872029,1237665372258828375,Control4C,Lim:1492,BGG,11.04306,0.037826579,-0.0691168562521512,0.17409453503862812,-0.24321139129077932,
FIREFLY MILES light-weighted,Control4C,1,0.09457519007965189,0.09482349728872029,1237655123940606085,Control4C,Lim:1494,BGG,10.80571,0.042053709,0.030325216163527402,0.1461460555678914,-0.115820839404364,
FIREFLY MILES light-weighted,Control4C,1,0.09457519007965189,0.09482349728872029,1237663916801786001,Control4C,Lim:1496,BGG,11.08385,0.024163746,0.17548977917257252,0.17889764638310393,-0.0034078672105314067,
FIREFLY MILES light-weighted,Control4C,1,0.09457519007965189,0.09482349728872029,1237660671429967884,Control4C,Lim:1497,BGG,10.9591,0.033743967,0.23148870508405484,0.1642080621658113,0.06728064291824354,
FIREFLY MILES light-weighted,Control4C,1,0.09457519007965189,0.09482349728872029,1237665129087565860,Control4C,Lim:1498,BGG,10.56369,0.024379711,-0.00036000557862243517,0.11764767342545329,-0.11800767900407573,
FIREFLY MILES light-weighted,Control4C,1,0.09457519007965189,0.09482349728872029,1237667730193711133,Control4C,Lim:1499,BGG,10.88381,0.034922286,-0.062396561398671085,0.15534250067707428,-0.21773906207574537,
FIREFLY MILES light-weighted,Control4C,1,0.09457519007965189,0.09482349728872029,1237654391639376175,Control4C,Lim:1599,BGG,11.28539,0.041340298,0.0383308008134032,0.2026294203562754,-0.1642986195428722,
FIREFLY MILES light-weighted,Control4C,1,0.09457519007965189,0.09482349728872029,1237661381704024168,Control4C,Lim:1600,BGG,11.47509,0.036801784,0.2855971362609545,0.2249670085408077,0.06063012772014681,
FIREFLY MILES light-weighted,Control4C,1,0.09457519007965189,0.09482349728872029,1237654383585394819,Control4C,Lim:1616,BGG,11.2807,0.043463555,0.3003078152646575,0.20207716264101205,0.09823065262364544,
FIREFLY MILES light-weighted,Control4C,1,0.09457519007965189,0.09482349728872029,1237659326026547328,Control4C,Lim:1619,BGG,11.34008,0.044638038,0.16966679416987027,0.2090692869762653,-0.039402492806395045,
FIREFLY MILES light-weighted,Control4C,1,0.09457519007965189,0.09482349728872029,1237668624622223408,Control4C,Lim:1659,BGG,11.04103,0.02441101,0.22979059425991835,0.17385549811709608,0.05593509614282227,
FIREFLY MILES light-weighted,Control4C,1,0.09457519007965189,0.09482349728872029,1237655370904764519,Control4C,Lim:1664,BGG,11.26308,0.036842627,0.15576829454635008,0.20000236926298653,-0.04423407471663646,
FIREFLY MILES light-weighted,Control4C,1,0.09457519007965189,0.09482349728872029,1237662223543828509,Control4C,Lim:1670,BGG,11.24444,0.029588707,0.29740527268129757,0.19780746866330456,0.09959780401799301,
FIREFLY MILES light-weighted,Control4C,1,0.09457519007965189,0.09482349728872029,1237668367999565875,Control4C,Lim:1678,BGG,11.17749,0.031325508,0.27037041250145794,0.18992396033987574,0.0804464521615822,
FIREFLY MILES light-weighted,Control4C,1,0.09457519007965189,0.09482349728872029,1237663786885906494,Control4C,Lim:1698,BGG,11.20225,0.038179229,0.09756027280667182,0.19283950426949617,-0.09527923146282435,
FIREFLY MILES light-weighted,Control4C,1,0.09457519007965189,0.09482349728872029,1237661070324858896,Control4C,Lim:1714,BGG,11.05568,0.033268926,0.22979059425991835,0.17558056752618112,0.05421002673373723,
FIREFLY MILES light-weighted,Control4C,1,0.09457519007965189,0.09482349728872029,1237667430641696902,Control4C,Lim:1716,BGG,11.07681,0.038627798,-0.05250706908668513,0.17806867104931845,-0.23057574013600357,
FIREFLY MILES light-weighted,Control4C,1,0.09457519007965189,0.09482349728872029,1237661950254448667,Control4C,Lim:1718,BGG,11.09958,0.026890568,0.2855971362609545,0.18074988814453083,0.10484724811642368,
FIREFLY MILES light-weighted,Control4C,1,0.09457519007965189,0.09482349728872029,1237648704600735996,Control4C,Lim:1719,BGG,11.11632,0.032754618,0.24319337424724807,0.1827210596058333,0.06047231464141478,
FIREFLY MILES light-weighted,Control4C,1,0.09457519007965189,0.09482349728872029,1237665530649641061,Control4C,Lim:1722,BGG,11.06634,0.035600697,0.22979059425991835,0.17683580574466873,0.05295478851524962,
FIREFLY MILES light-weighted,Control4C,1,0.09457519007965189,0.09482349728872029,1237662239091916881,Control4C,Lim:1729,BGG,11.00939,0.031009622,0.210659559924703,0.17012981920218523,0.040529740722517776,
FIREFLY MILES light-weighted,Control4C,1,0.09457519007965189,0.09482349728872029,1237667783903346738,Control4C,Lim:1731,BGG,11.11342,0.033749411,0.24319337424724807,0.18237957828935913,0.06081379595788894,
FIREFLY MILES light-weighted,Control4C,1,0.09457519007965189,0.09482349728872029,1237667736128847901,Control4C,Lim:1732,BGG,11.02827,0.026055678,0.27037041250145794,0.17235298032460988,0.09801743217684805,
FIREFLY MILES light-weighted,Control4C,1,0.09457519007965189,0.09482349728872029,1237661418750279689,Control4C,Lim:1733,BGG,11.08983,0.04407745,0.24319337424724807,0.17960180440810913,0.06359156983913894,
FIREFLY MILES light-weighted,Control4C,1,0.09457519007965189,0.09482349728872029,1237661949711220906,Control4C,Lim:1737,BGG,11.10325,0.040925999,0.09524713375865783,0.1811820386381377,-0.08593490487947987,
FIREFLY MILES light-weighted,Control4C,1,0.09457519007965189,0.09482349728872029,1237655473429741692,Control4C,Lim:1739,BGG,11.15607,0.032076974,0.3003078152646575,0.18740170868509082,0.11290610657956668,
FIREFLY MILES light-weighted,Control4C,1,0.09457519007965189,0.09482349728872029,1237667430105022514,Control4C,Lim:1740,BGG,11.16872,0.040566001,0.18878060169439917,0.1888912737379867,-0.00011067204358752858,
FIREFLY MILES light-weighted,Control4C,1,0.09457519007965189,0.09482349728872029,1237659326567612655,Control4C,Lim:1744,BGG,11.06179,0.030351589,0.3003078152646575,0.17630003333433863,0.12400778193031886,
FIREFLY MILES light-weighted,Control4C,1,0.09457519007965189,0.09482349728872029,1237668349214785653,Control4C,Lim:1746,BGG,11.06379,0.022847794,0.3003078152646575,0.17653553769052754,0.12377227757412995,
FIREFLY MILES light-weighted,Control4C,1,0.09457519007965189,0.09482349728872029,1237655743482757156,Control4C,Lim:1747,BGG,11.03875,0.037559556,0.3003078152646575,0.1735870231510407,0.1267207921136168,
FIREFLY MILES light-weighted,Control4C,1,0.09457519007965189,0.09482349728872029,1237662531137568810,Control4C,Lim:1749,BGG,11.07097,0.041652071,0.20887785021412927,0.17738099832924648,0.0314968518848828,
FIREFLY MILES light-weighted,Control4C,1,0.09457519007965189,0.09482349728872029,1237662303514525759,Control4C,Lim:1750,BGG,11.05078,0.018598343,0.29885896880742735,0.17500358185351778,0.12385538695390957,
FIREFLY MILES light-weighted,Control4C,1,0.09457519007965189,0.09482349728872029,1237661851473477744,Control4C,Lim:1751,BGG,10.98599,0.035932082,0.22979059425991835,0.16737441823477317,0.06241617602514518,
FIREFLY MILES light-weighted,Control4C,1,0.09457519007965189,0.09482349728872029,1237658802572099605,Control4C,Lim:1753,BGG,10.92778,0.019863413,0.3003078152646575,0.1605200639478907,0.1397877513167668,
FIREFLY MILES light-weighted,Control4C,1,0.09457519007965189,0.09482349728872029,1237667293188718632,Control4C,Lim:1757,BGG,10.96111,0.028790901,0.21243398995807833,0.16444474404378132,0.04798924591429701,
FIREFLY MILES light-weighted,Control4C,1,0.09457519007965189,0.09482349728872029,1237663915730272527,Control4C,Lim:1758,BGG,10.90003,0.041674305,0.0383308008134032,0.1572524410057674,-0.1189216401923642,
FIREFLY MILES light-weighted,Control4C,1,0.09457519007965189,0.09482349728872029,1237665549437960520,Control4C,Lim:1759,BGG,10.86931,0.043842981,0.24319337424724807,0.15363509409470358,0.0895582801525445,
FIREFLY MILES light-weighted,Control4C,1,0.09457519007965189,0.09482349728872029,1237657220414308527,Control4C,Lim:1939,BGG,11.32032,0.033695424,0.24319337424724807,0.20674250393711743,0.03645087031013064,
FIREFLY MILES light-weighted,Control4C,1,0.09457519007965189,0.09482349728872029,1237662665890005019,Control4C,Lim:1948,BGG,11.30329,0.036445937,0.09986115685840526,0.2047371843441676,-0.10487602748576234,
FIREFLY MILES light-weighted,Control4C,1,0.09457519007965189,0.09482349728872029,1237661357535461419,Control4C,Lim:1949,BGG,11.25626,0.04393858,0.210659559924703,0.1991992994083817,0.011460260516321291,
FIREFLY MILES light-weighted,Control4C,1,0.09457519007965189,0.09482349728872029,1237667549267492876,Control4C,Lim:1953,BGG,11.32985,0.040216081,0.2855971362609545,0.20786468219435827,0.07773245406659623,
FIREFLY MILES light-weighted,Control4C,1,0.09457519007965189,0.09482349728872029,1237667734497722428,Control4C,Lim:1954,BGG,11.25876,0.044956212,0.210659559924703,0.19949367985361818,0.011165880071084822,
FIREFLY MILES light-weighted,Control4C,1,0.09457519007965189,0.09482349728872029,1237673705043198070,Control4C,Lim:1977,BGG,11.30896,0.032736403,0.210659559924703,0.2054048391939636,0.005254720730739404,
FIREFLY MILES light-weighted,Control4C,1,0.09457519007965189,0.09482349728872029,1237655369826697298,Control4C,Lim:1996,BGG,11.29345,0.038219862,0.17548977917257252,0.20357850291171736,-0.02808872373914484,
FIREFLY MILES light-weighted,Control4C,1,0.09457519007965189,0.09482349728872029,1237662225140088842,Control4C,Lim:2009,BGG,11.24787,0.038208505,0.24319337424724807,0.19821135863416878,0.044982015613079296,
FIREFLY MILES light-weighted,Control4C,1,0.09457519007965189,0.09482349728872029,1237654391103619080,Control4C,Lim:2018,BGG,11.21529,0.042713554,0.21946008747208545,0.19437499267184885,0.0250850948002366,
FIREFLY MILES light-weighted,Control4C,1,0.09457519007965189,0.09482349728872029,1237661874027102309,Control4C,Lim:2021,BGG,11.14395,0.029331391,0.3003078152646575,0.1859745522865852,0.11433326297807231,
FIREFLY MILES light-weighted,Control4C,1,0.09457519007965189,0.09482349728872029,1237671260671443039,Control4C,Lim:2025,BGG,11.08339,0.04177148,0.15576829454635008,0.17884348038118042,-0.023075185834830342,
FIREFLY MILES light-weighted,Control4C,1,0.09457519007965189,0.09482349728872029,1237659326018420756,Control4C,Lim:2038,BGG,11.12232,0.041563777,0.210659559924703,0.18342757267440052,0.027231987250302486,
FIREFLY MILES light-weighted,Control4C,1,0.09457519007965189,0.09482349728872029,1237668293375950973,Control4C,Lim:2041,BGG,11.09771,0.026034851,0.2855971362609545,0.180529691571494,0.1050674446894605,
FIREFLY MILES light-weighted,Control4C,1,0.09457519007965189,0.09482349728872029,1237655374647853180,Control4C,Lim:2051,BGG,11.10067,0.030104063,0.210659559924703,0.18087823801865383,0.02978132190604918,
FIREFLY MILES light-weighted,Control4C,1,0.09457519007965189,0.09482349728872029,1237667142330548371,Control4C,Lim:2052,BGG,11.54541,0.035449507,0.1597848874207296,0.23324734170441508,-0.07346245428368547,
FIREFLY MILES light-weighted,Control4C,1,0.09457519007965189,0.09482349728872029,1237651272962211930,Control4C,Lim:2055,BGG,11.09967,0.025798999,0.29740527268129757,0.18076048584055937,0.1166447868407382,
FIREFLY MILES light-weighted,Control4C,1,0.09457519007965189,0.09482349728872029,1237662198286909631,Control4C,Lim:2064,BGG,11.10952,0.038558166,0.23148870508405484,0.18192034479479047,0.04956836028926437,
FIREFLY MILES light-weighted,Control4C,1,0.09457519007965189,0.09482349728872029,1237658491204665406,Control4C,Lim:2065,BGG,11.1178,0.036387926,0.17741355266189243,0.1828953328294133,-0.005481780167520878,
FIREFLY MILES light-weighted,Control4C,1,0.09457519007965189,0.09482349728872029,1237659161195249685,Control4C,Lim:2067,BGG,11.15442,0.026276035,0.2855971362609545,0.18720741759123488,0.09838971866971963,
FIREFLY MILES light-weighted,Control4C,1,0.09457519007965189,0.09482349728872029,1237660343935041576,Control4C,Lim:2068,BGG,11.08276,0.028512098,0.2625521760248259,0.17876929650898093,0.08378287951584495,
FIREFLY MILES light-weighted,Control4C,1,0.09457519007965189,0.09482349728872029,1237658800431104015,Control4C,Lim:2072,BGG,11.04993,0.033202128,0.09986115685840526,0.17490349250213746,-0.07504233564373221,
FIREFLY MILES light-weighted,Control4C,1,0.09457519007965189,0.09482349728872029,1237668293906530358,Control4C,Lim:2073,BGG,10.92852,0.032541493,0.09986115685840526,0.16060720055968072,-0.06074604370127547,
FIREFLY MILES light-weighted,Control4C,1,0.09457519007965189,0.09482349728872029,1237655128762744915,Control4C,Lim:2074,BGG,11.04549,0.043524137,0.210659559924703,0.1743806728313977,0.03627888709330532,
FIREFLY MILES light-weighted,Control4C,1,0.09457519007965189,0.09482349728872029,1237665442070528055,Control4C,Lim:2077,BGG,10.92226,0.036636711,0.29740527268129757,0.15987007192480884,0.13753520075648873,
FIREFLY MILES light-weighted,Control4C,1,0.09457519007965189,0.09482349728872029,1237667429568086038,Control4C,Lim:2078,BGG,11.06702,0.041753545,0.12003830018504674,0.17691587722577293,-0.056877577040726185,
FIREFLY MILES light-weighted,Control4C,1,0.09457519007965189,0.09482349728872029,1237651752919105558,Control4C,Lim:2079,BGG,10.96925,0.018108335,0.210659559924703,0.1654032467734709,0.0452563131512321,
FIREFLY MILES light-weighted,Control4C,1,0.09457519007965189,0.09482349728872029,1237661958300238042,Control4C,Lim:2080,BGG,10.96713,0.036265947,0.18878060169439917,0.16515361215591032,0.023626989538488852,
FIREFLY MILES light-weighted,Control4C,1,0.09457519007965189,0.09482349728872029,1237665024374931478,Control4C,Lim:2081,BGG,11.01259,0.025209679,0.12003830018504674,0.17050662617208767,-0.05046832598704093,
FIREFLY MILES light-weighted,Control4C,1,0.09457519007965189,0.09482349728872029,1237664131554541630,Control4C,Lim:2083,BGG,10.99175,0.032853486,0.17741355266189243,0.1680526707805977,0.00936088188129472,
FIREFLY MILES light-weighted,Control4C,1,0.09457519007965189,0.09482349728872029,1237654604776407246,Control4C,Lim:2084,BGG,11.06732,0.029060842,0.2625521760248259,0.1769512028792014,0.08560097314562448,
FIREFLY MILES light-weighted,Control4C,1,0.09457519007965189,0.09482349728872029,1237673705578758181,Control4C,Lim:2086,BGG,11.09334,0.029084511,0.23148870508405484,0.18001511455322095,0.05147359053083389,
FIREFLY MILES light-weighted,Control4C,1,0.09457519007965189,0.09482349728872029,1237657117875372073,Control4C,Lim:2088,BGG,10.90979,0.029662965,0.18878060169439917,0.15840170226397,0.03037889943042918,
FIREFLY MILES light-weighted,Control4C,1,0.09457519007965189,0.09482349728872029,1237660635461779469,Control4C,Lim:2089,BGG,10.93703,0.025639812,0.3003078152646575,0.16160927159526509,0.1386985436693924,
FIREFLY MILES light-weighted,Control4C,1,0.09457519007965189,0.09482349728872029,1237667255619420207,Control4C,Lim:2090,BGG,10.68942,0.030680256,0.056455848346987726,0.1324526547772786,-0.07599680643029089,
FIREFLY MILES light-weighted,Control4C,1,0.09457519007965189,0.09482349728872029,1237654879669452830,Control4C,Lim:2091,BGG,11.07672,0.03849746,0.21243398995807833,0.17805807335328994,0.03437591660478839,
FIREFLY MILES light-weighted,Control4C,1,0.09457519007965189,0.09482349728872029,1237665549439795241,Control4C,Lim:2093,BGG,11.06496,0.029729409,0.2855971362609545,0.17667330773889817,0.10892382852205634,
FIREFLY MILES light-weighted,Control4C,1,0.09457519007965189,0.09482349728872029,1237662263779197043,Control4C,Lim:2095,BGG,10.88029,0.024734544,0.3003078152646575,0.15492801301018153,0.14537980225447597,
FIREFLY MILES light-weighted,Control4C,1,0.09457519007965189,0.09482349728872029,1237651538179850261,Control4C,Lim:2252,BGG,11.37721,0.032254616,0.210659559924703,0.21344142534891514,-0.002781865424212132,
FIREFLY MILES light-weighted,Control4C,1,0.09457519007965189,0.09482349728872029,1237659324953854088,Control4C,Lim:2283,BGG,11.28551,0.038383687,0.24319337424724807,0.20264355061764683,0.040549823629601245,
FIREFLY MILES light-weighted,Control4C,1,0.09457519007965189,0.09482349728872029,1237668296601174132,Control4C,Lim:2306,BGG,11.24391,0.027739543,0.24319337424724807,0.1977450600089143,0.04544831423833379,
FIREFLY MILES light-weighted,Control4C,1,0.09457519007965189,0.09482349728872029,1237651191895752745,Control4C,Lim:2318,BGG,11.35979,0.031511985,0.18878060169439917,0.21139018240650848,-0.022609580712109306,
FIREFLY MILES light-weighted,Control4C,1,0.09457519007965189,0.09482349728872029,1237661949178216472,Control4C,Lim:2345,BGG,11.17039,0.022356521,0.2855971362609545,0.18908791987540446,0.09650921638555005,
FIREFLY MILES light-weighted,Control4C,1,0.09457519007965189,0.09482349728872029,1237648705135771804,Control4C,Lim:2355,BGG,11.19496,0.037062529,0.17548977917257252,0.19198109089118712,-0.016491311718614593,
FIREFLY MILES light-weighted,Control4C,1,0.09457519007965189,0.09482349728872029,1237659329773633700,Control4C,Lim:2376,BGG,11.294,0.03809311,0.3003078152646575,0.20364326660966942,0.09666454865498808,
FIREFLY MILES light-weighted,Control4C,1,0.09457519007965189,0.09482349728872029,1237662696499314794,Control4C,Lim:2417,BGG,11.18717,0.033922607,0.09756027280667182,0.19106380142383073,-0.09350352861715891,
FIREFLY MILES light-weighted,Control4C,1,0.09457519007965189,0.09482349728872029,1237662267537948677,Control4C,Lim:2423,BGG,10.91405,0.038464113,-0.0899253200661028,0.15890332654265274,-0.24882864660875553,
FIREFLY MILES light-weighted,Control4C,1,0.09457519007965189,0.09482349728872029,1237648721249435820,Control4C,Lim:2454,BGG,11.35226,0.043557509,0.21420119955862366,0.21050350850545657,0.003697691053167085,
FIREFLY MILES light-weighted,Control4C,1,0.09457519007965189,0.09482349728872029,1237668349207511099,Control4C,Lim:2456,BGG,11.15768,0.026418867,0.21946008747208545,0.18759128969182295,0.0318687977802625,
FIREFLY MILES light-weighted,Control4C,1,0.09457519007965189,0.09482349728872029,1237654609606148156,Control4C,Lim:2457,BGG,11.24583,0.04287809,0.2855971362609545,0.19797114419085582,0.08762599207009869,
FIREFLY MILES light-weighted,Control4C,1,0.09457519007965189,0.09482349728872029,1237665355622121532,Control4C,Lim:2462,BGG,11.23132,0.033950262,0.210659559924703,0.19626256008670423,0.014396999837998775,
FIREFLY MILES light-weighted,Control4C,1,0.09457519007965189,0.09482349728872029,1237661124540956698,Control4C,Lim:2471,BGG,11.092,0.021809217,0.21946008747208545,0.1798573266345744,0.03960276083751105,
FIREFLY MILES light-weighted,Control4C,1,0.09457519007965189,0.09482349728872029,1237655744023691333,Control4C,Lim:2477,BGG,11.12093,0.042004332,-0.08287775240623109,0.18326389714684904,-0.2661416495530801,
FIREFLY MILES light-weighted,Control4C,1,0.09457519007965189,0.09482349728872029,1237665129066070264,Control4C,Lim:2482,BGG,11.14531,0.029311316,0.12003830018504674,0.18613469524879375,-0.06609639506374701,
FIREFLY MILES light-weighted,Control4C,1,0.09457519007965189,0.09482349728872029,1237667254005923865,Control4C,Lim:2485,BGG,11.10824,0.043105578,0.210659559924703,0.18176962200682956,0.02888993791787345,
FIREFLY MILES light-weighted,Control4C,1,0.09457519007965189,0.09482349728872029,1237657606427246665,Control4C,Lim:2489,BGG,11.05915,0.03100677,0.12003830018504674,0.17598916758416913,-0.05595086739912239,
FIREFLY MILES light-weighted,Control4C,1,0.09457519007965189,0.09482349728872029,1237648721754587439,Control4C,Lim:2491,BGG,11.07523,0.033810897,0.17741355266189243,0.17788262260792903,-0.0004690699460365988,
FIREFLY MILES light-weighted,Control4C,1,0.09457519007965189,0.09482349728872029,1237665228385157136,Control4C,Lim:2494,BGG,10.84026,0.040559868,-0.17177874325082548,0.15021439332105752,-0.321993136571883,
FIREFLY MILES light-weighted,Control4C,1,0.09457519007965189,0.09482349728872029,1237664294761529400,Control4C,Lim:2497,BGG,11.11291,0.025552419,0.210659559924703,0.1823195246785309,0.028340035246172096,
FIREFLY MILES light-weighted,Control4C,1,0.09457519007965189,0.09482349728872029,1237671932283519102,Control4C,Lim:2498,BGG,11.01851,0.036911489,0.17741355266189243,0.17120371906640725,0.006209833595485187,
FIREFLY MILES light-weighted,Control4C,1,0.09457519007965189,0.09482349728872029,1237667253995503631,Control4C,Lim:2499,BGG,11.11896,0.031794365,0.16966679416987027,0.18303192535600282,-0.013365131186132556,
FIREFLY MILES light-weighted,Control4C,1,0.09457519007965189,0.09482349728872029,1237671129667666121,Control4C,Lim:2500,BGG,11.13554,0.034582596,0.2855971362609545,0.18498425646881023,0.10061287979214428,
FIREFLY MILES light-weighted,Control4C,1,0.09457519007965189,0.09482349728872029,1237665548887261266,Control4C,Lim:2501,BGG,11.10709,0.037547928,0.17548977917257252,0.18163420700202074,-0.006144427829448212,
FIREFLY MILES light-weighted,Control4C,1,0.09457519007965189,0.09482349728872029,1237667292114976785,Control4C,Lim:2503,BGG,11.19246,0.029336714,0.1393198083248698,0.19168671044595087,-0.05236690212108108,
FIREFLY MILES light-weighted,Control4C,1,0.09457519007965189,0.09482349728872029,1237662665889611790,Control4C,Lim:2504,BGG,11.12726,0.037515211,0.17741355266189243,0.1840092684341874,-0.00659571577229498,
FIREFLY MILES light-weighted,Control4C,1,0.09457519007965189,0.09482349728872029,1237665330395152439,Control4C,Lim:2510,BGG,11.00629,0.016973542,0.3003078152646575,0.16976478745009219,0.1305430278145653,
FIREFLY MILES light-weighted,Control4C,1,0.09457519007965189,0.09482349728872029,1237662641734025605,Control4C,Lim:2519,BGG,11.11351,0.040204293,0.210659559924703,0.18239017598538765,0.028269383939315357,
FIREFLY MILES light-weighted,Control4C,1,0.09457519007965189,0.09482349728872029,1237655743485051017,Control4C,Lim:2524,BGG,10.98935,0.042512432,0.26097149630715105,0.16777006555317087,0.09320143075398019,
FIREFLY MILES light-weighted,Control4C,1,0.09457519007965189,0.09482349728872029,1237667781749309604,Control4C,Lim:2526,BGG,11.0266,0.043006281,0.1455612218657134,0.17215633418719212,-0.02659511232147871,
FIREFLY MILES light-weighted,Control4C,1,0.09457519007965189,0.09482349728872029,1237657856065994762,Control4C,Lim:2530,BGG,11.1388,0.042328689,0.09986115685840526,0.18536812856939833,-0.08550697171099307,
FIREFLY MILES light-weighted,Control4C,1,0.09457519007965189,0.09482349728872029,1237667324328738825,Control4C,Lim:2538,BGG,10.9268,0.02917142,0.14141026178025823,0.16040466681335805,-0.01899440503309982,
FIREFLY MILES light-weighted,Control4C,1,0.09457519007965189,0.09482349728872029,1237651250968199288,Control4C,Lim:2539,BGG,10.9962,0.036760053,0.12003830018504674,0.1685766679731184,-0.04853836778807166,
FIREFLY MILES light-weighted,Control4C,1,0.09457519007965189,0.09482349728872029,1237665428090454023,Control4C,Lim:2540,BGG,10.90084,0.024240516,0.1393198083248698,0.1573478202700241,-0.018028011945154326,
FIREFLY MILES light-weighted,Control4C,1,0.09457519007965189,0.09482349728872029,1237658204514746432,Control4C,Lim:2543,BGG,10.9809,0.034758387,0.24319337424724807,0.1667750596482721,0.07641831459897597,
FIREFLY MILES light-weighted,Control4C,1,0.09457519007965189,0.09482349728872029,1237671956981153874,Control4C,Lim:2547,BGG,10.96649,0.023847885,0.24319337424724807,0.16507825076192995,0.07811512348531813,
FIREFLY MILES light-weighted,Control4C,1,0.09457519007965189,0.09482349728872029,1237661416603910214,Control4C,Lim:2548,BGG,11.00397,0.044019755,0.25619464247177454,0.16949160239691297,0.08670304007486157,
FIREFLY MILES light-weighted,Control4C,1,0.09457519007965189,0.09482349728872029,1237667549272080451,Control4C,Lim:2549,BGG,10.9474,0.022274394,0.2855971362609545,0.16283036168210535,0.12276677457884916,
FIREFLY MILES light-weighted,Control4C,1,0.09457519007965189,0.09482349728872029,1237667211585650917,Control4C,Lim:2550,BGG,10.86703,0.033497718,0.12003830018504674,0.15336661912864796,-0.03332831894360122,
FIREFLY MILES light-weighted,Control4C,1,0.09457519007965189,0.09482349728872029,1237654653642997820,Control4C,Lim:2554,BGG,11.05377,0.016629392,0.210659559924703,0.1753556608660205,0.0353038990586825,
FIREFLY MILES light-weighted,Control4C,1,0.09457519007965189,0.09482349728872029,1237671122692472846,Control4C,Lim:2689,BGG,11.35248,0.042493585,0.29885896880742735,0.21052941398463743,0.08832955482278992,
FIREFLY MILES light-weighted,Control4C,1,0.09457519007965189,0.09482349728872029,1237665530651082852,Control4C,Lim:2832,BGG,11.23856,0.030523379,0.29740527268129757,0.19711508585610857,0.100290186825189,
FIREFLY MILES light-weighted,Control4C,1,0.09457519007965189,0.09482349728872029,1237662264320852078,Control4C,Lim:2838,BGG,11.35801,0.037577727,0.17741355266189243,0.2111805835295002,-0.03376703086760777,
FIREFLY MILES light-weighted,Control4C,1,0.09457519007965189,0.09482349728872029,1237665440988463229,Control4C,Lim:2857,BGG,11.20517,0.036666296,0.10442667462051756,0.19318334062953235,-0.08875666600901479,
FIREFLY MILES light-weighted,Control4C,1,0.09457519007965189,0.09482349728872029,1237651735235919946,Control4C,Lim:2892,BGG,11.12835,0.039580321,0.210659559924703,0.18413761830831044,0.02652194161639257,
FIREFLY MILES light-weighted,Control4C,1,0.09457519007965189,0.09482349728872029,1237665372795502619,Control4C,Lim:2904,BGG,10.77733,0.035465542,0.1496728826525962,0.1428042487535686,0.006868633899027615,
FIREFLY MILES light-weighted,Control4C,1,0.09457519007965189,0.09482349728872029,1237662302989451426,Control4C,Lim:2917,BGG,11.31032,0.030959913,0.3003078152646575,0.20556498215617217,0.09474283310848533,
FIREFLY MILES light-weighted,Control4C,1,0.09457519007965189,0.09482349728872029,1237662199895556189,Control4C,Lim:2959,BGG,11.21689,0.036215676,0.16376467280347848,0.19456339615680007,-0.030798723353321594,
FIREFLY MILES light-weighted,Control4C,1,0.09457519007965189,0.09482349728872029,1237651496830238876,Control4C,Lim:2975,BGG,11.27564,0.042120868,0.28108475193178795,0.20148133661985368,0.07960341531193427,
FIREFLY MILES light-weighted,Control4C,1,0.09457519007965189,0.09482349728872029,1237661210974945409,Control4C,Lim:2995,BGG,11.08855,0.031592665,0.09986115685840526,0.17945108162014817,-0.07958992476174291,
FIREFLY MILES light-weighted,Control4C,1,0.09457519007965189,0.09482349728872029,1237661949715808296,Control4C,Lim:2999,BGG,11.22226,0.041651706,0.24319337424724807,0.19519572535316781,0.04799764889408026,
FIREFLY MILES light-weighted,Control4C,1,0.09457519007965189,0.09482349728872029,1237667324335882319,Control4C,Lim:3000,BGG,11.1427,0.02217331,0.03567863566659506,0.18582736206396694,-0.15014872639737187,
FIREFLY MILES light-weighted,Control4C,1,0.09457519007965189,0.09482349728872029,1237667536920707358,Control4C,Lim:3008,BGG,10.82055,0.035547699,0.17932884207153257,0.14789349789081435,0.03143534418071822,
FIREFLY MILES light-weighted,Control4C,1,0.09457519007965189,0.09482349728872029,1237654605856309257,Control4C,Lim:3017,BGG,11.16521,0.029997184,0.3003078152646575,0.1884779635928749,0.11182985167178261,
FIREFLY MILES light-weighted,Control4C,1,0.09457519007965189,0.09482349728872029,1237648722834686048,Control4C,Lim:3025,BGG,11.00532,0.040702657,0.20348843952013962,0.16965056783734045,0.03383787168279917,
FIREFLY MILES light-weighted,Control4C,1,0.09457519007965189,0.09482349728872029,1237660636001075217,Control4C,Lim:3027,BGG,11.0139,0.034128757,0.1597848874207296,0.17066088152539152,-0.010875994104661918,
FIREFLY MILES light-weighted,Control4C,1,0.09457519007965189,0.09482349728872029,1237662199887036439,Control4C,Lim:3030,BGG,11.00008,0.024600961,0.17161647695175766,0.16903354642412524,0.002582930527632421,
FIREFLY MILES light-weighted,Control4C,1,0.09457519007965189,0.09482349728872029,1237668315919876168,Control4C,Lim:3034,BGG,11.12014,0.023240758,0.2855971362609545,0.1831708729261543,0.1024262633348002,
FIREFLY MILES light-weighted,Control4C,1,0.09457519007965189,0.09482349728872029,1237654390566748171,Control4C,Lim:3035,BGG,10.72243,0.040805915,-0.28368883398995764,0.13633965417617894,-0.4200284881661366,
FIREFLY MILES light-weighted,Control4C,1,0.09457519007965189,0.09482349728872029,1237665536542179835,Control4C,Lim:3040,BGG,10.80764,0.039375731,0.0409668678813979,0.1463733172716138,-0.10540644939021589,
FIREFLY MILES light-weighted,Control4C,1,0.09457519007965189,0.09482349728872029,1237665128006615097,Control4C,Lim:3046,BGG,11.03854,0.032594704,0.12003830018504674,0.1735622951936407,-0.05352399500859395,
FIREFLY MILES light-weighted,Control4C,1,0.09457519007965189,0.09482349728872029,1237670964854718472,Control4C,Lim:3050,BGG,11.12451,0.028460202,0.210659559924703,0.1836854499444276,0.026974109980275413,
FIREFLY MILES light-weighted,Control4C,1,0.09457519007965189,0.09482349728872029,1237655501889994832,Control4C,Lim:3053,BGG,11.0304,0.044988519,0.12003830018504674,0.17260379246395136,-0.05256549227890461,
FIREFLY MILES light-weighted,Control4C,1,0.09457519007965189,0.09482349728872029,1237667550878302344,Control4C,Lim:3059,BGG,11.07526,0.040857009,0.16966679416987027,0.17788615517327194,-0.008219361003401676,
FIREFLY MILES light-weighted,Control4C,1,0.09457519007965189,0.09482349728872029,1237665330921013325,Control4C,Lim:3062,BGG,10.94599,0.045015481,0.1287135660717291,0.16266433111099207,-0.033950765039262976,
FIREFLY MILES light-weighted,Control4C,1,0.09457519007965189,0.09482349728872029,1237664668975890441,Control4C,Lim:3067,BGG,11.11664,0.031228716,0.3003078152646575,0.18275874030282357,0.11754907496183392,
FIREFLY MILES light-weighted,Control4C,1,0.09457519007965189,0.09482349728872029,1237655368760098952,Control4C,Lim:3072,BGG,11.06325,0.038615189,0.19619691789081167,0.17647195151435663,0.019724966376455044,
FIREFLY MILES light-weighted,Control4C,1,0.09457519007965189,0.09482349728872029,1237670450523144332,Control4C,Lim:3085,BGG,11.05712,0.028836499,0.17741355266189243,0.17575013066263706,0.0016634219992553712,
FIREFLY MILES light-weighted,Control4C,1,0.09457519007965189,0.09482349728872029,1237671767461331011,Control4C,Lim:3092,BGG,10.95669,0.029771613,0.13085557337224013,0.16392427941660354,-0.033068706044363405,
FIREFLY MILES light-weighted,Control4C,1,0.09457519007965189,0.09482349728872029,1237662246593429648,Control4C,Lim:3094,BGG,10.9632,0.024413319,-0.05250706908668513,0.164690846095999,-0.2171979151826841,
FIREFLY MILES light-weighted,Control4C,1,0.09457519007965189,0.09482349728872029,1237661383308083205,Control4C,Lim:3097,BGG,11.12932,0.042910693,0.210659559924703,0.18425183792106217,0.026407722003640832,
FIREFLY MILES light-weighted,Control4C,1,0.09457519007965189,0.09482349728872029,1237657591393157289,Control4C,Lim:3103,BGG,11.10089,0.04091362,0.3003078152646575,0.18090414349783468,0.11940367176682282,
FIREFLY MILES light-weighted,Control4C,1,0.09457519007965189,0.09482349728872029,1237665429705785489,Control4C,Lim:3110,BGG,11.1361,0.035393543,0.210659559924703,0.1850501976885432,0.02560936223615981,
FIREFLY MILES light-weighted,Control4C,1,0.09457519007965189,0.09482349728872029,1237667550881841220,Control4C,Lim:3113,BGG,10.9428,0.04468115,0.21946008747208545,0.16228870166287052,0.057171385809214936,
FIREFLY MILES light-weighted,Control4C,1,0.09457519007965189,0.09482349728872029,1237663546367082689,Control4C,Lim:3116,BGG,11.20022,0.044892507,0.17548977917257252,0.19260046734796432,-0.017110688175391797,
FIREFLY MILES light-weighted,Control4C,1,0.09457519007965189,0.09482349728872029,1237662224596271124,Control4C,Lim:3119,BGG,10.93395,0.024846514,0.09986115685840526,0.16124659488673387,-0.06138543802832862,
FIREFLY MILES light-weighted,Control4C,1,0.09457519007965189,0.09482349728872029,1237667112793800780,Control4C,Lim:3125,BGG,11.02909,0.03720089,0.210659559924703,0.17244953711064748,0.03821002281405553,
FIREFLY MILES light-weighted,Control4C,1,0.09457519007965189,0.09482349728872029,1237648721771888672,Control4C,Lim:3126,BGG,11.03809,0.024143606,0.24319337424724807,0.1735093067134983,0.06968406753374978,
FIREFLY MILES light-weighted,Control4C,1,0.09457519007965189,0.09482349728872029,1237668289085898782,Control4C,Lim:3127,BGG,11.07976,0.031185514,0.2855971362609545,0.17841603997469735,0.10718109628625716,
FIREFLY MILES light-weighted,Control4C,1,0.09457519007965189,0.09482349728872029,1237662263248224347,Control4C,Lim:3130,BGG,11.07161,0.031513082,0.24319337424724807,0.17745635972322685,0.06573701452402123,
FIREFLY MILES light-weighted,Control4C,1,0.09457519007965189,0.09482349728872029,1237658312943665169,Control4C,Lim:3133,BGG,10.99619,0.028129658,0.3003078152646575,0.1685754904513375,0.13173232481332,
FIREFLY MILES light-weighted,Control4C,1,0.09457519007965189,0.09482349728872029,1237665225703555117,Control4C,Lim:3135,BGG,11.07452,0.035675744,0.18878060169439917,0.17779901856148195,0.010981583132917222,
FIREFLY MILES light-weighted,Control4C,1,0.09457519007965189,0.09482349728872029,1237667550348509249,Control4C,Lim:3136,BGG,10.92664,0.024128663,0.3003078152646575,0.16038582646486302,0.13992198879979448,
FIREFLY MILES light-weighted,Control4C,1,0.09457519007965189,0.09482349728872029,1237657775534702644,Control4C,Lim:3140,BGG,10.99073,0.027442048,0.17548977917257252,0.16793256355894123,0.007557215613631291,
FIREFLY MILES light-weighted,Control4C,1,0.09457519007965189,0.09482349728872029,1237665128026800224,Control4C,Lim:3142,BGG,10.89457,0.02283995,0.210659559924703,0.15660951411337135,0.05405004581133166,
FIREFLY MILES light-weighted,Control4C,1,0.09457519007965189,0.09482349728872029,1237658298999832594,Control4C,Lim:3143,BGG,10.87568,0.036295784,0.09524713375865783,0.15438517546916558,-0.05913804171050775,
FIREFLY MILES light-weighted,Control4C,1,0.09457519007965189,0.09482349728872029,1237665026522021948,Control4C,Lim:3147,BGG,10.943,0.024429768,0.210659559924703,0.16231225209848937,0.04834730782621363,
FIREFLY MILES light-weighted,Control4C,1,0.09457519007965189,0.09482349728872029,1237662663754645539,Control4C,Lim:3156,BGG,10.92889,0.041644813,0.1393198083248698,0.16065076886557572,-0.021330960540705934,
FIREFLY MILES light-weighted,Control4C,1,0.09457519007965189,0.09482349728872029,1237667539085557931,Control4C,Lim:3476,BGG,11.21524,0.044642182,0.1393198083248698,0.19436910506294414,-0.05504929673807435,
FIREFLY MILES light-weighted,Control4C,1,0.09457519007965189,0.09482349728872029,1237667782826065948,Control4C,Lim:3602,BGG,11.09183,0.032593755,0.18878060169439917,0.17983730876429826,0.008943292930100905,
FIREFLY MILES light-weighted,Control4C,1,0.09457519007965189,0.09482349728872029,1237665103295610891,Control4C,Lim:3607,BGG,11.35253,0.032714375,0.29740527268129757,0.21053530159354214,0.08686997108775543,
FIREFLY MILES light-weighted,Control4C,1,0.09457519007965189,0.09482349728872029,1237667209986113541,Control4C,Lim:3623,BGG,11.29751,0.032257888,0.25779277210434204,0.20405657675478123,0.05373619534956081,
FIREFLY MILES light-weighted,Control4C,1,0.09457519007965189,0.09482349728872029,1237655465930653734,Control4C,Lim:3664,BGG,11.19774,0.043469611,0.1943547474969782,0.19230844194628988,0.0020463055506883265,
FIREFLY MILES light-weighted,Control4C,1,0.09457519007965189,0.09482349728872029,1237659161735921721,Control4C,Lim:3684,BGG,11.16682,0.036860169,0.17548977917257252,0.188667544599607,-0.013177765427034471,
FIREFLY MILES light-weighted,Control4C,1,0.09457519007965189,0.09482349728872029,1237665226239508564,Control4C,Lim:3718,BGG,11.07438,0.035491034,0.005382592656735859,0.1777825332565487,-0.17239994059981284,
FIREFLY MILES light-weighted,Control4C,1,0.09457519007965189,0.09482349728872029,1237667253999763470,Control4C,Lim:3730,BGG,11.15434,0.026118988,0.20167700383058246,0.18719799741698728,0.014479006413595175,
FIREFLY MILES light-weighted,Control4C,1,0.09457519007965189,0.09482349728872029,1237667733966487677,Control4C,Lim:3739,BGG,11.15124,0.043909568,0.1393198083248698,0.18683296566489424,-0.04751315734002445,
FIREFLY MILES light-weighted,Control4C,1,0.09457519007965189,0.09482349728872029,1237661950802133052,Control4C,Lim:3743,BGG,11.13886,0.040402377,0.09756027280667182,0.18537519370008393,-0.08781492089341211,
FIREFLY MILES light-weighted,Control4C,1,0.09457519007965189,0.09482349728872029,1237651539782271105,Control4C,Lim:3745,BGG,11.57854,0.042374868,0.09986115685840526,0.23714847136468686,-0.13728731450628162,
FIREFLY MILES light-weighted,Control4C,1,0.09457519007965189,0.09482349728872029,1237662238020468925,Control4C,Lim:3754,BGG,11.25308,0.038262484,0.0383308008134032,0.19882484748204127,-0.16049404666863806,
FIREFLY MILES light-weighted,Control4C,1,0.09457519007965189,0.09482349728872029,1237655465383428181,Control4C,Lim:3762,BGG,11.15581,0.031400073,0.210659559924703,0.18737109311878636,0.023288466805916647,
FIREFLY MILES light-weighted,Control4C,1,0.09457519007965189,0.09482349728872029,1237648705129349140,Control4C,Lim:3770,BGG,11.1686,0.031165708,0.24319337424724807,0.18887714347661527,0.0543162307706328,
FIREFLY MILES light-weighted,Control4C,1,0.09457519007965189,0.09482349728872029,1237654954275373295,Control4C,Lim:3772,BGG,10.85019,0.042973375,0.0409668678813979,0.15138367244953607,-0.11041680456813817,
FIREFLY MILES light-weighted,Control4C,1,0.09457519007965189,0.09482349728872029,1237654653635985662,Control4C,Lim:3776,BGG,11.04883,0.042096308,-0.00036000557862243517,0.17477396510623355,-0.17513397068485598,
FIREFLY MILES light-weighted,Control4C,1,0.09457519007965189,0.09482349728872029,1237655370364354565,Control4C,Lim:3777,BGG,11.08753,0.028215497,0.210659559924703,0.17933097439849172,0.03132858552621129,
FIREFLY MILES light-weighted,Control4C,1,0.09457519007965189,0.09482349728872029,1237662236934340746,Control4C,Lim:3779,BGG,10.95101,0.036035641,-0.00036000557862243517,0.16325544704502662,-0.16361545262364904,
FIREFLY MILES light-weighted,Control4C,1,0.09457519007965189,0.09482349728872029,1237674649388056620,Control4C,Lim:3789,BGG,11.14839,0.026518365,0.27037041250145794,0.18649737195732477,0.08387304054413317,
FIREFLY MILES light-weighted,Control4C,1,0.09457519007965189,0.09482349728872029,1237662662135578691,Control4C,Lim:3826,BGG,11.10516,0.030966138,0.09524713375865783,0.18140694529829832,-0.08615981153964049,
FIREFLY MILES light-weighted,Control4C,1,0.09457519007965189,0.09482349728872029,1237659327103696926,Control4C,Lim:3829,BGG,11.1706,0.030027984,0.16966679416987027,0.1891126478328044,-0.019445853662934137,
FIREFLY MILES light-weighted,Control4C,1,0.09457519007965189,0.09482349728872029,1237665128011923466,Control4C,Lim:3849,BGG,10.96117,0.035914039,0.005382592656735859,0.16445180917446695,-0.1590692165177311,
FIREFLY MILES light-weighted,Control4C,1,0.09457519007965189,0.09482349728872029,1237667211059462180,Control4C,Lim:3853,BGG,11.12504,0.037310204,0.3003078152646575,0.18374785859881765,0.11655995666583985,
FIREFLY MILES light-weighted,Control4C,1,0.09457519007965189,0.09482349728872029,1237665024910229511,Control4C,Lim:3857,BGG,11.14034,0.037935651,0.210659559924703,0.18554946692366392,0.025110093001039085,
FIREFLY MILES light-weighted,Control4C,1,0.09457519007965189,0.09482349728872029,1237668332029935843,Control4C,Lim:3867,BGG,11.58129,0.044267193,0.210659559924703,0.23747228985444668,-0.02681272992974368,
FIREFLY MILES light-weighted,Control4C,1,0.09457519007965189,0.09482349728872029,1237664289399636012,Control4C,Lim:3873,BGG,11.07372,0.043702902,0.09524713375865783,0.17770481681900632,-0.0824576830603485,
FIREFLY MILES light-weighted,Control4C,1,0.09457519007965189,0.09482349728872029,1237655692479037666,Control4C,Lim:3879,BGG,11.10931,0.037448197,0.210659559924703,0.18189561683739075,0.028763943087312255,
FIREFLY MILES light-weighted,Control4C,1,0.09457519007965189,0.09482349728872029,1237668311094788501,Control4C,Lim:3895,BGG,11.11503,0.036204502,0.16966679416987027,0.18256915929609147,-0.012902365126221199,
FIREFLY MILES light-weighted,Control4C,1,0.09457519007965189,0.09482349728872029,1237665129616834566,Control4C,Lim:3899,BGG,11.01836,0.023358311,0.09756027280667182,0.17118605623969313,-0.07362578343302131,
FIREFLY MILES light-weighted,Control4C,1,0.09457519007965189,0.09482349728872029,1237667141792497682,Control4C,Lim:3906,BGG,11.00405,0.038990966,0.09524713375865783,0.1695010225711604,-0.07425388881250257,
FIREFLY MILES light-weighted,Control4C,1,0.09457519007965189,0.09482349728872029,1237668367461384355,Control4C,Lim:3917,BGG,10.97214,0.034720621,0.09756027280667182,0.16574355056816398,-0.06818327776149216,
FIREFLY MILES light-weighted,Control4C,1,0.09457519007965189,0.09482349728872029,1237661356998197278,Control4C,Lim:3935,BGG,10.95587,0.022945392,0.12003830018504674,0.1638277226305661,-0.043789422445519366,
FIREFLY MILES light-weighted,Control4C,1,0.09457519007965189,0.09482349728872029,1237668297142370342,Control4C,Lim:3939,BGG,11.07607,0.044659806,0.210659559924703,0.17798153443752845,0.03267802548717455,
FIREFLY MILES light-weighted,Control4C,1,0.09457519007965189,0.09482349728872029,1237668590266876053,Control4C,Lim:3943,BGG,10.99753,0.028404827,0.20167700383058246,0.16873327836998406,0.0329437254605984,
FIREFLY MILES light-weighted,Control4C,1,0.09457519007965189,0.09482349728872029,1237668310558441537,Control4C,Lim:3951,BGG,11.07254,0.034645426,0.19250472977107758,0.1775658692488548,0.014938860522222763,
FIREFLY MILES light-weighted,Control4C,1,0.09457519007965189,0.09482349728872029,1237654601026175091,Control4C,Lim:3959,BGG,10.96525,0.035658105,0.22979059425991835,0.16493223806109264,0.06485835619882571,
FIREFLY MILES light-weighted,Control4C,1,0.09457519007965189,0.09482349728872029,1237663530260299864,Control4C,Lim:3964,BGG,11.1277,0.030937022,0.210659559924703,0.18406107939254915,0.026598480532153856,
FIREFLY MILES light-weighted,Control4C,1,0.09457519007965189,0.09482349728872029,1237657628446097522,Control4C,Lim:3966,BGG,11.23107,0.02535977,0.21243398995807833,0.19623312204218069,0.016200867915897643,
FIREFLY MILES light-weighted,Control4C,1,0.09457519007965189,0.09482349728872029,1237664853105442825,Control4C,Lim:3977,BGG,11.02127,0.02754049,0.18878060169439917,0.1715287150779482,0.017251886616450968,
FIREFLY MILES light-weighted,Control4C,1,0.09457519007965189,0.09482349728872029,1237665128563212505,Control4C,Lim:3978,BGG,11.05737,0.034773689,0.05391241004701966,0.17577956870716085,-0.1218671586601412,
FIREFLY MILES light-weighted,Control4C,1,0.09457519007965189,0.09482349728872029,1237667735594074280,Control4C,Lim:3980,BGG,11.05051,0.029344156,0.27037041250145794,0.1749717887654322,0.09539862373602573,
FIREFLY MILES light-weighted,Control4C,1,0.09457519007965189,0.09482349728872029,1237671129130205319,Control4C,Lim:3993,BGG,11.05534,0.035928322,0.210659559924703,0.17554053178562878,0.03511902813907422,
FIREFLY MILES light-weighted,Control4C,1,0.09457519007965189,0.09482349728872029,1237664854189473891,Control4C,Lim:3994,BGG,10.91911,0.032386438,0.12003830018504674,0.1594991525638111,-0.039460852378764344,
FIREFLY MILES light-weighted,Control4C,1,0.09457519007965189,0.09482349728872029,1237665128548925484,Control4C,Lim:3995,BGG,11.52736,0.038744048,0.17548977917257252,0.23112191488980877,-0.05563213571723624,
FIREFLY MILES light-weighted,Control4C,1,0.09457519007965189,0.09482349728872029,1237657873793482757,Control4C,Lim:3997,BGG,11.08774,0.041499448,0.210659559924703,0.17935570235589166,0.03130385756881135,
FIREFLY MILES light-weighted,Control4C,1,0.09457519007965189,0.09482349728872029,1237648704595492963,Control4C,Lim:4000,BGG,11.09604,0.041584416,0.24319337424724807,0.1803330454340763,0.06286032881317177,
FIREFLY MILES light-weighted,Control4C,1,0.09457519007965189,0.09482349728872029,1237661817636651052,Control4C,Lim:4005,BGG,10.98316,0.026341375,0.24319337424724807,0.1670411795707657,0.07615219467648238,
FIREFLY MILES light-weighted,Control4C,1,0.09457519007965189,0.09482349728872029,1237654879667552297,Control4C,Lim:4007,BGG,10.97401,0.044266015,0.210659559924703,0.16596374714120077,0.04469581278350224,
FIREFLY MILES light-weighted,Control4C,1,0.09457519007965189,0.09482349728872029,1237655691940266371,Control4C,Lim:4008,BGG,11.07,0.043370811,0.21243398995807833,0.1772667787164947,0.03516721124158362,
FIREFLY MILES light-weighted,Control4C,1,0.09457519007965189,0.09482349728872029,1237651250945589326,Control4C,Lim:4010,BGG,10.96404,0.040749441,0.17548977917257252,0.1647897579255984,0.010700021246974112,
FIREFLY MILES light-weighted,Control4C,1,0.09457519007965189,0.09482349728872029,1237658802577080326,Control4C,Lim:4011,BGG,10.89045,0.031920356,0.10894469627808792,0.15612437513962182,-0.0471796788615339,
FIREFLY MILES light-weighted,Control4C,1,0.09457519007965189,0.09482349728872029,1237667254526607590,Control4C,Lim:4013,BGG,10.99193,0.030266465,0.22979059425991835,0.16807386617265477,0.061716728087263584,
FIREFLY MILES light-weighted,Control4C,1,0.09457519007965189,0.09482349728872029,1237657591386079240,Control4C,Lim:4016,BGG,11.20991,0.025248776,0.12222341690406424,0.19374148595370044,-0.0715180690496362,
FIREFLY MILES light-weighted,Control4C,1,0.09457519007965189,0.09482349728872029,1237662697573515303,Control4C,Lim:4023,BGG,11.04699,0.032835155,0.3003078152646575,0.17455730109853945,0.12575051416611804,
FIREFLY MILES light-weighted,Control4C,1,0.09457519007965189,0.09482349728872029,1237658491211808865,Control4C,Lim:4026,BGG,10.94116,0.029010588,0.22637432279043365,0.1620955880907955,0.06427873469963816,
FIREFLY MILES light-weighted,Control4C,1,0.09457519007965189,0.09482349728872029,1237667783916847167,Control4C,Lim:4032,BGG,11.02556,0.028387433,0.29885896880742735,0.17203387192197384,0.12682509688545351,
FIREFLY MILES light-weighted,Control4C,1,0.09457519007965189,0.09482349728872029,1237665566619271198,Control4C,Lim:4036,BGG,10.99196,0.033141416,0.210659559924703,0.16807739873799768,0.042582161186705325,
FIREFLY MILES light-weighted,Control4C,1,0.09457519007965189,0.09482349728872029,1237665548357075217,Control4C,Lim:4040,BGG,10.94235,0.045175855,0.1617793388380763,0.1622357131827279,-0.00045637434465159443,
FIREFLY MILES light-weighted,Control4C,1,0.09457519007965189,0.09482349728872029,1237659161197019316,Control4C,Lim:4045,BGG,10.95581,0.037315588,-0.00036000557862243517,0.1638206574998803,-0.16418066307850274,
FIREFLY MILES light-weighted,Control4C,1,0.09457519007965189,0.09482349728872029,1237662336261161188,Control4C,Lim:4047,BGG,10.96653,0.035699,0.09756027280667182,0.16508296084905377,-0.06752268804238196,
FIREFLY MILES light-weighted,Control4C,1,0.09457519007965189,0.09482349728872029,1237657595152302205,Control4C,Lim:4060,BGG,10.94869,0.024924342,0.3003078152646575,0.1629822619918472,0.1373255532728103,
FIREFLY MILES light-weighted,Control4C,1,0.09457519007965189,0.09482349728872029,1237667324334702748,Control4C,Lim:4101,BGG,10.70847,0.017505933,0.3003078152646575,0.1346958337699794,0.1656119814946781,
FIREFLY MILES light-weighted,Control4C,1,0.09457519007965189,0.09482349728872029,1237662263252549810,Control4C,Lim:4437,BGG,11.25471,0.042304616,0.1156348048624115,0.1990167835323352,-0.08338197866992371,
FIREFLY MILES light-weighted,Control4C,1,0.09457519007965189,0.09482349728872029,1237661872403447862,Control4C,Lim:4499,BGG,11.13071,0.039064039,0.1393198083248698,0.18441551344861365,-0.04509570512374386,
FIREFLY MILES light-weighted,Control4C,1,0.09457519007965189,0.09482349728872029,1237667211038753056,Control4C,Lim:4653,BGG,11.2721,0.045225868,0.17741355266189243,0.20106449390939912,-0.02365094124750669,
FIREFLY MILES light-weighted,Control4C,1,0.09457519007965189,0.09482349728872029,1237662268613591175,Control4C,Lim:4659,BGG,11.004,0.040085979,-0.0899253200661028,0.16949513496225568,-0.2594204550283585,
FIREFLY MILES light-weighted,Control4C,1,0.09457519007965189,0.09482349728872029,1237662696504164508,Control4C,Lim:4690,BGG,11.25511,0.035144378,0.20708880084982487,0.1990638844035731,0.008024916446251779,
FIREFLY MILES light-weighted,Control4C,1,0.09457519007965189,0.09482349728872029,1237662195055263782,Control4C,Lim:4742,BGG,11.11507,0.043714412,0.05391241004701966,0.18257386938321507,-0.1286614593361954,
FIREFLY MILES light-weighted,Control4C,1,0.09457519007965189,0.09482349728872029,1237650371552346155,Control4C,Lim:4776,BGG,11.15656,0.0442197,0.210659559924703,0.18745940725235727,0.023200152672345736,
FIREFLY MILES light-weighted,Control4C,1,0.09457519007965189,0.09482349728872029,1237655124465483920,Control4C,Lim:4779,BGG,11.21129,0.042879914,0.23988131914767535,0.19390398395947078,0.04597733518820457,
FIREFLY MILES light-weighted,Control4C,1,0.09457519007965189,0.09482349728872029,1237654605863452834,Control4C,Lim:4797,BGG,11.20176,0.035491083,0.09986115685840526,0.19278180570222994,-0.09292064884382469,
FIREFLY MILES light-weighted,Control4C,1,0.09457519007965189,0.09482349728872029,1237662266459619414,Control4C,Lim:4805,BGG,11.17095,0.029726052,0.17548977917257252,0.1891538610951374,-0.01366408192256488,
FIREFLY MILES light-weighted,Control4C,1,0.09457519007965189,0.09482349728872029,1237668336860200991,Control4C,Lim:4816,BGG,11.12207,0.04285104,0.09524713375865783,0.18339813462987695,-0.08815100087121912,
FIREFLY MILES light-weighted,Control4C,1,0.09457519007965189,0.09482349728872029,1237671128591761538,Control4C,Lim:4850,BGG,11.20328,0.04058477,0.210659559924703,0.19296078901293356,0.01769877091176944,
FIREFLY MILES light-weighted,Control4C,1,0.09457519007965189,0.09482349728872029,1237667783386399001,Control4C,Lim:4855,BGG,11.35344,0.04490044,0.3003078152646575,0.21064245607560828,0.08966535918904922,
FIREFLY MILES light-weighted,Control4C,1,0.09457519007965189,0.09482349728872029,1237665532798763287,Control4C,Lim:4871,BGG,11.3109,0.029941431,0.18878060169439917,0.2056332784194669,-0.01685267672506774,
FIREFLY MILES light-weighted,Control4C,1,0.09457519007965189,0.09482349728872029,1237657401347407877,Control4C,Lim:4905,BGG,11.1873,0.027425466,0.21946008747208545,0.19107910920698307,0.028380978265102386,
FIREFLY MILES light-weighted,Control4C,1,0.09457519007965189,0.09482349728872029,1237664130481651748,Control4C,Lim:4912,BGG,11.19802,0.037007963,0.12003830018504674,0.19234141255615633,-0.07230311237110959,
FIREFLY MILES light-weighted,Control4C,1,0.09457519007965189,0.09482349728872029,1237657770705289289,Control4C,Lim:4953,BGG,11.10837,0.040954171,0.09292160846959709,0.1817849297899819,-0.08886332132038481,
FIREFLY MILES light-weighted,Control4C,1,0.09457519007965189,0.09482349728872029,1237667429548228801,Control4C,Lim:4956,BGG,11.10715,0.037000836,0.18313426568763896,0.18164127213270656,0.0014929935549324036,
FIREFLY MILES light-weighted,Control4C,1,0.09457519007965189,0.09482349728872029,1237654399152750671,Control4C,Lim:4961,BGG,11.00744,0.033181644,0.18878060169439917,0.169900202454901,0.018880399239498163,
FIREFLY MILES light-weighted,Control4C,1,0.09457519007965189,0.09482349728872029,1237661136887939142,Control4C,Lim:4967,BGG,11.13398,0.043877517,0.19619691789081167,0.18480056307098264,0.011396354819829035,
FIREFLY MILES light-weighted,Control4C,1,0.09457519007965189,0.09482349728872029,1237662262178807906,Control4C,Lim:4977,BGG,11.18784,0.042610848,0.05135398835050857,0.19114269538315404,-0.13978870703264545,
FIREFLY MILES light-weighted,Control4C,1,0.09457519007965189,0.09482349728872029,1237662267539128450,Control4C,Lim:5025,BGG,11.07921,0.038081608,0.17741355266189243,0.1783512762767453,-0.0009377236148528645,
FIREFLY MILES light-weighted,Control4C,1,0.09457519007965189,0.09482349728872029,1237665023836815484,Control4C,Lim:5050,BGG,11.2948,0.040028206,0.17741355266189243,0.203737468352145,-0.02632391569025258,
FIREFLY MILES light-weighted,Control4C,1,0.09457519007965189,0.09482349728872029,1237661388148244492,Control4C,Lim:5055,BGG,11.07534,0.037475137,0.20167700383058246,0.17789557534751954,0.023781428483062916,
FIREFLY MILES light-weighted,Control4C,1,0.09457519007965189,0.09482349728872029,1237667431181713461,Control4C,Lim:5064,BGG,11.01335,0.034145305,0.210659559924703,0.1705961178274397,0.04006344209726331,
FIREFLY MILES light-weighted,Control4C,1,0.09457519007965189,0.09482349728872029,1237661970110152760,Control4C,Lim:5070,BGG,10.73777,0.038606773,0.005382592656735859,0.13814597258814904,-0.13276337993141318,
FIREFLY MILES light-weighted,Control4C,1,0.09457519007965189,0.09482349728872029,1237661068724207645,Control4C,Lim:5074,BGG,11.11837,0.044743872,0.25779277210434204,0.18296245157092716,0.07483032053341487,
FIREFLY MILES light-weighted,Control4C,1,0.09457519007965189,0.09482349728872029,1237661959373455366,Control4C,Lim:5098,BGG,11.07513,0.036797118,0.21243398995807833,0.1778708473901196,0.03456314256795873,
FIREFLY MILES light-weighted,Control4C,1,0.09457519007965189,0.09482349728872029,1237651272424685655,Control4C,Lim:5101,BGG,10.89995,0.032519393,0.07385466443403327,0.15724302083151998,-0.08338835639748671,
FIREFLY MILES light-weighted,Control4C,1,0.09457519007965189,0.09482349728872029,1237667446737862740,Control4C,Lim:5117,BGG,10.92722,0.032507969,0.05135398835050857,0.16045412272815776,-0.10910013437764919,
FIREFLY MILES light-weighted,Control4C,1,0.09457519007965189,0.09482349728872029,1237659325489152123,Control4C,Lim:5118,BGG,11.13378,0.041993102,0.3003078152646575,0.18477701263536378,0.11553080262929372,
FIREFLY MILES light-weighted,Control4C,1,0.09457519007965189,0.09482349728872029,1237657878077702182,Control4C,Lim:5143,BGG,10.93388,0.027412003,0.0383308008134032,0.16123835223426736,-0.12290755142086415,
FIREFLY MILES light-weighted,Control4C,1,0.09457519007965189,0.09482349728872029,1237662266461585585,Control4C,Lim:5146,BGG,11.05469,0.035379562,0.210659559924703,0.17546399286986752,0.03519556705483548,
FIREFLY MILES light-weighted,Control4C,1,0.09457519007965189,0.09482349728872029,1237661949178740758,Control4C,Lim:5151,BGG,10.96177,0.044760975,0.12656094167438622,0.16452246048132368,-0.03796151880693746,
FIREFLY MILES light-weighted,Control4C,1,0.09457519007965189,0.09482349728872029,1237662698115104812,Control4C,Lim:5153,BGG,11.0019,0.035851397,0.12003830018504674,0.16924785538825712,-0.04920955520321038,
FIREFLY MILES light-weighted,Control4C,1,0.09457519007965189,0.09482349728872029,1237659324943237142,Control4C,Lim:5161,BGG,11.07908,0.042017342,0.210659559924703,0.17833596849359296,0.03232359143111005,
FIREFLY MILES light-weighted,Control4C,1,0.09457519007965189,0.09482349728872029,1237664289928773726,Control4C,Lim:5169,BGG,10.49437,0.043568448,-0.00036000557862243517,0.10948509243994058,-0.10984509801856301,
FIREFLY MILES light-weighted,Control4C,1,0.09457519007965189,0.09482349728872029,1237664292076519438,Control4C,Lim:5170,BGG,11.14498,0.031854037,0.18878060169439917,0.18609583703002258,0.0026847646643765877,
FIREFLY MILES light-weighted,Control4C,1,0.09457519007965189,0.09482349728872029,1237661069243449478,Control4C,Lim:5174,BGG,10.84422,0.032284406,0.1393198083248698,0.15068069194631178,-0.011360883621441997,
FIREFLY MILES light-weighted,Control4C,1,0.09457519007965189,0.09482349728872029,1237661357547388937,Control4C,Lim:5191,BGG,10.99419,0.029460773,0.12003830018504674,0.16833998609514836,-0.048301685910101616,
FIREFLY MILES light-weighted,Control4C,1,0.09457519007965189,0.09482349728872029,1237659133287923957,Control4C,Lim:5195,BGG,10.88784,0.036970624,0.09292160846959709,0.15581704195479523,-0.06289543348519815,
FIREFLY MILES light-weighted,Control4C,1,0.09457519007965189,0.09482349728872029,1237648722284314869,Control4C,Lim:5200,BGG,10.95607,0.042493262,-0.00036000557862243517,0.16385127306618497,-0.1642112786448074,
FIREFLY MILES light-weighted,Control4C,1,0.09457519007965189,0.09482349728872029,1237662195072761905,Control4C,Lim:5206,BGG,11.05218,0.026394354,0.0714113894018661,0.17516843490285017,-0.10375704550098407,
FIREFLY MILES light-weighted,Control4C,1,0.09457519007965189,0.09482349728872029,1237663787427889321,Control4C,Lim:5208,BGG,11.14244,0.037685245,0.16966679416987027,0.18579674649766248,-0.016129952327792213,
FIREFLY MILES light-weighted,Control4C,1,0.09457519007965189,0.09482349728872029,1237650797288226901,Control4C,Lim:5210,BGG,10.96947,0.041820464,0.234865136540417,0.16542915225265156,0.06943598428776543,
FIREFLY MILES light-weighted,Control4C,1,0.09457519007965189,0.09482349728872029,1237654604253233185,Control4C,Lim:5217,BGG,11.00259,0.043133411,0.2365435592168414,0.1693291043911424,0.06721445482569899,
FIREFLY MILES light-weighted,Control4C,1,0.09457519007965189,0.09482349728872029,1237667736107679789,Control4C,Lim:5222,BGG,10.95979,0.04262283,0.21946008747208545,0.16428931116869658,0.055170776303388874,
FIREFLY MILES light-weighted,Control4C,1,0.09457519007965189,0.09482349728872029,1237648705131053137,Control4C,Lim:5232,BGG,10.88253,0.040531152,0.24319337424724807,0.15519177788911312,0.08800159635813495,
FIREFLY MILES light-weighted,Control4C,1,0.09457519007965189,0.09482349728872029,1237654874824245265,Control4C,Lim:5238,BGG,10.94281,0.036468682,0.0409668678813979,0.16228987918465143,-0.12132301130325353,
FIREFLY MILES light-weighted,Control4C,1,0.09457519007965189,0.09482349728872029,1237659153685479679,Control4C,Lim:5249,BGG,11.05393,0.033572436,0.09986115685840526,0.17537450121451553,-0.07551334435611028,
FIREFLY MILES light-weighted,Control4C,1,0.09457519007965189,0.09482349728872029,1237660561894801791,Control4C,Lim:5253,BGG,11.04457,0.043621129,0.10669156061825541,0.17427234082755083,-0.06758078020929542,
FIREFLY MILES light-weighted,Control4C,1,0.09457519007965189,0.09482349728872029,1237664296366047350,Control4C,Lim:5260,BGG,10.97644,0.024671166,0.3003078152646575,0.16624988493397053,0.13405793033068697,
FIREFLY MILES light-weighted,Control4C,1,0.09457519007965189,0.09482349728872029,1237654600497365149,Control4C,Lim:5261,BGG,10.98458,0.030316969,0.09986115685840526,0.1672083876636599,-0.06734723080525463,
FIREFLY MILES light-weighted,Control4C,1,0.09457519007965189,0.09482349728872029,1237662193992007793,Control4C,Lim:5265,BGG,11.15481,0.039774392,0.17741355266189243,0.18725334094069168,-0.00983978827879925,
FIREFLY MILES light-weighted,Control4C,1,0.09457519007965189,0.09482349728872029,1237667912199176251,Control4C,Lim:5285,BGG,10.67563,0.034341539,0.10442667462051756,0.13082885224135501,-0.02640217762083745,
FIREFLY MILES light-weighted,Control4C,1,0.09457519007965189,0.09482349728872029,1237654879656542226,Control4C,Lim:5291,BGG,10.84966,0.021763398,0.09986115685840526,0.15132126379514604,-0.05146010693674079,
FIREFLY MILES light-weighted,Control4C,1,0.09457519007965189,0.09482349728872029,1237665372258894034,Control4C,Lim:5301,BGG,10.98546,0.036610865,0.2855971362609545,0.16731200958038311,0.1182851266805714,
FIREFLY MILES light-weighted,Control4C,1,0.09457519007965189,0.09482349728872029,1237667917029441552,Control4C,Lim:5303,BGG,10.97818,0.023614208,0.3003078152646575,0.16645477372385498,0.13385304154080252,
FIREFLY MILES light-weighted,Control4C,1,0.09457519007965189,0.09482349728872029,1237664092898852896,Control4C,Lim:5304,BGG,11.17102,0.026903005,0.12003830018504674,0.18916210374760412,-0.06912380356255737,
FIREFLY MILES light-weighted,Control4C,1,0.09457519007965189,0.09482349728872029,1237664105779560493,Control4C,Lim:5305,BGG,10.94322,0.031668647,0.09986115685840526,0.16233815757767023,-0.06247700071926497,
FIREFLY MILES light-weighted,Control4C,1,0.09457519007965189,0.09482349728872029,1237667914343186500,Control4C,Lim:5307,BGG,11.07919,0.038373836,0.210659559924703,0.17834892123318347,0.03231063869151954,
FIREFLY MILES light-weighted,Control4C,1,0.09457519007965189,0.09482349728872029,1237663787420811489,Control4C,Lim:5308,BGG,11.10951,0.039681559,0.09524713375865783,0.18191916727300958,-0.08667203351435175,
FIREFLY MILES light-weighted,Control4C,1,0.09457519007965189,0.09482349728872029,1237665226233479173,Control4C,Lim:5309,BGG,10.90242,0.024043494,0.2855971362609545,0.15753386871141334,0.12806326754954117,
FIREFLY MILES light-weighted,Control4C,1,0.09457519007965189,0.09482349728872029,1237662268076458141,Control4C,Lim:5310,BGG,10.96078,0.03322006,0.3003078152646575,0.16440588582501015,0.13590192943964735,
FIREFLY MILES light-weighted,Control4C,1,0.09457519007965189,0.09482349728872029,1237665369043894294,Control4C,Lim:5322,BGG,10.91285,0.028800314,0.234865136540417,0.15876202392893943,0.07610311261147756,
FIREFLY MILES light-weighted,Control4C,1,0.09457519007965189,0.09482349728872029,1237667912217133187,Control4C,Lim:5323,BGG,10.79171,0.044945167,-0.14677660869441173,0.14449752507456803,-0.29127413376897976,
FIREFLY MILES light-weighted,Control4C,1,0.09457519007965189,0.09482349728872029,1237663916810109034,Control4C,Lim:5324,BGG,11.06252,0.038214448,0.06895429106965624,0.17638599242434752,-0.10743170135469128,
FIREFLY MILES light-weighted,Control4C,1,0.09457519007965189,0.09482349728872029,1237654398616076318,Control4C,Lim:5326,BGG,11.00144,0.033247886,0.05135398835050857,0.1691936893863338,-0.11783970103582524,
FIREFLY MILES light-weighted,Control4C,1,0.09457519007965189,0.09482349728872029,1237655473968840814,Control4C,Lim:5328,BGG,10.96077,0.030513803,0.25779277210434204,0.16440470830322923,0.09338806380111281,
FIREFLY MILES light-weighted,Control4C,1,0.09457519007965189,0.09482349728872029,1237661418211508275,Control4C,Lim:5329,BGG,11.03359,0.041458038,0.3003078152646575,0.17297942191207288,0.1273283933525846,
FIREFLY MILES light-weighted,Control4C,1,0.09457519007965189,0.09482349728872029,1237665549964214340,Control4C,Lim:5332,BGG,10.87861,0.039352792,0.09524713375865783,0.15473018935098268,-0.05948305559232485,
FIREFLY MILES light-weighted,Control4C,1,0.09457519007965189,0.09482349728872029,1237651755078582359,Control4C,Lim:5334,BGG,10.70034,0.041701013,0.09986115685840526,0.13373850856207092,-0.03387735170366567,
FIREFLY MILES light-weighted,Control4C,1,0.09457519007965189,0.09482349728872029,1237662264860213600,Control4C,Lim:5336,BGG,10.82013,0.043913399,-0.055778624700305444,0.14784404197601464,-0.2036226666763201,
FIREFLY MILES light-weighted,Control4C,1,0.09457519007965189,0.09482349728872029,1237662224615342095,Control4C,Lim:5337,BGG,10.85575,0.029095383,-0.09708903351335806,0.15203837455974176,-0.2491274080730998,
FIREFLY MILES light-weighted,Control4C,1,0.09457519007965189,0.09482349728872029,1237667730195939406,Control4C,Lim:5341,BGG,10.92308,0.03271385,-0.062396561398671085,0.15996662871084646,-0.22236319010951755,
FIREFLY MILES light-weighted,Control4C,1,0.09457519007965189,0.09482349728872029,1237653665796390983,Control4C,Lim:5344,BGG,10.89073,0.023770052,0.26097149630715105,0.1561573457494883,0.10481415055766274,
FIREFLY MILES light-weighted,Control4C,1,0.09457519007965189,0.09482349728872029,1237667212130255022,Control4C,Lim:5352,BGG,10.98391,0.042564534,0.1617793388380763,0.1671294937043366,-0.005350154866260309,
FIREFLY MILES light-weighted,Control4C,1,0.09457519007965189,0.09482349728872029,1237667783923531789,Control4C,Lim:5361,BGG,11.10154,0.04425611,0.1943547474969782,0.18098068241359616,0.013374065083382042,
FIREFLY MILES light-weighted,Control4C,1,0.09457519007965189,0.09482349728872029,1237655691404902756,Control4C,Lim:5374,BGG,10.37702,0.040759275,0.024904982184311565,0.0956668743405475,-0.07076189215623593,
FIREFLY MILES light-weighted,Control4C,1,0.09457519007965189,0.09482349728872029,1237665567686525012,Control4C,Lim:5383,BGG,10.9385,0.040250087,0.12003830018504674,0.16178236729706397,-0.041744067112017225,
FIREFLY MILES light-weighted,Control4C,1,0.09457519007965189,0.09482349728872029,1237654601034235941,Control4C,Lim:5413,BGG,10.71093,0.030071599,0.17741355266189243,0.13498550412809185,0.04242804853380058,
FIREFLY MILES light-weighted,Control4C,1,0.09457519007965189,0.09482349728872029,1237667253998256248,Control4C,Lim:5500,BGG,10.61254,0.031152703,0.0383308008134032,0.12339986732537106,-0.08506906651196786,
FIREFLY MILES light-weighted,Control4C,1,0.09457519007965189,0.09482349728872029,1237659150459142239,Control4C,Lim:6134,BGG,11.30054,0.037842034,0.210659559924703,0.20441336585440756,0.006246194070295447,
FIREFLY MILES light-weighted,Control4C,1,0.09457519007965189,0.09482349728872029,1237662262176317568,Control4C,Lim:6411,BGG,11.25699,0.042888643,0.17741355266189243,0.1992852584983908,-0.021871705836498362,
FIREFLY MILES light-weighted,Control4C,1,0.09457519007965189,0.09482349728872029,1237663530255056942,Control4C,Lim:6449,BGG,11.1562,0.031248995,0.27037041250145794,0.18741701646824316,0.08295339603321478,
FIREFLY MILES light-weighted,Control4C,1,0.09457519007965189,0.09482349728872029,1237671690155786376,Control4C,Lim:6457,BGG,11.32325,0.034325686,0.3003078152646575,0.2070875178189343,0.09322029744572319,
FIREFLY MILES light-weighted,Control4C,1,0.09457519007965189,0.09482349728872029,1237658311329906861,Control4C,Lim:6466,BGG,11.45236,0.044781808,0.0383308008134032,0.22229050153271912,-0.18395970071931592,
FIREFLY MILES light-weighted,Control4C,1,0.09457519007965189,0.09482349728872029,1237665441518518285,Control4C,Lim:6488,BGG,11.19488,0.037806585,0.24319337424724807,0.1919716707169395,0.05122170353030858,
FIREFLY MILES light-weighted,Control4C,1,0.09457519007965189,0.09482349728872029,1237662264322949370,Control4C,Lim:6516,BGG,11.26517,0.044885662,0.09524713375865783,0.20024847131520399,-0.10500133755654616,
FIREFLY MILES light-weighted,Control4C,1,0.09457519007965189,0.09482349728872029,1237662662680707125,Control4C,Lim:6618,BGG,10.795,0.033399325,0.18878060169439917,0.14488492974049902,0.04389567195390015,
FIREFLY MILES light-weighted,Control4C,1,0.09457519007965189,0.09482349728872029,1237667910591447150,Control4C,Lim:6726,BGG,11.22666,0.044918733,0.16966679416987027,0.1957138349367838,-0.026047040766913526,
FIREFLY MILES light-weighted,Control4C,1,0.09457519007965189,0.09482349728872029,1237661435920187583,Control4C,Lim:6728,BGG,11.23103,0.040034263,0.3003078152646575,0.19622841195505686,0.10407940330960064,
FIREFLY MILES light-weighted,Control4C,1,0.09457519007965189,0.09482349728872029,1237654381977731176,Control4C,Lim:6736,BGG,11.14239,0.038819946,0.09524713375865783,0.1857908588887578,-0.09054372513009996,
FIREFLY MILES light-weighted,Control4C,1,0.09457519007965189,0.09482349728872029,1237659146705764387,Control4C,Lim:6816,BGG,11.13365,0.039973753,0.24319337424724807,0.18476170485221144,0.058431669395036634,
FIREFLY MILES light-weighted,Control4C,1,0.09457519007965189,0.09482349728872029,1237667143396753437,Control4C,Lim:6852,BGG,11.10485,0.045175662,0.17741355266189243,0.18137044212308914,-0.003956889461196711,
FIREFLY MILES light-weighted,Control4C,1,0.09457519007965189,0.09482349728872029,1237661137425334280,Control4C,Lim:6858,BGG,10.85643,0.031705872,0.20167700383058246,0.15211844604084596,0.0495585577897365,
FIREFLY MILES light-weighted,Control4C,1,0.09457519007965189,0.09482349728872029,1237662267537228017,Control4C,Lim:6888,BGG,11.36348,0.040719563,0.21243398995807833,0.21182468794367715,0.0006093020144011807,
FIREFLY MILES light-weighted,Control4C,1,0.09457519007965189,0.09482349728872029,1237659120399613971,Control4C,Lim:6945,BGG,11.10378,0.036188255,0.09986115685840526,0.18124444729252795,-0.0813832904341227,
FIREFLY MILES light-weighted,Control4C,1,0.09457519007965189,0.09482349728872029,1237660613973049348,Control4C,Lim:6950,BGG,10.85039,0.03043002,0.1287135660717291,0.15140722288515512,-0.022693656813426027,
FIREFLY MILES light-weighted,Control4C,1,0.09457519007965189,0.09482349728872029,1237673705041756259,Control4C,Lim:6954,BGG,11.09286,0.040538667,0.18313426568763896,0.17995859350773563,0.0031756721799033327,
FIREFLY MILES light-weighted,Control4C,1,0.09457519007965189,0.09482349728872029,1237671936578093073,Control4C,Lim:6978,BGG,11.04916,0.040595781,0.2529806317285678,0.17481282332500475,0.07816780840356302,
FIREFLY MILES light-weighted,Control4C,1,0.09457519007965189,0.09482349728872029,1237661125612077126,Control4C,Lim:6989,BGG,10.89954,0.028555912,0.005382592656735859,0.15719474243850118,-0.15181214978176533,
FIREFLY MILES light-weighted,Control4C,1,0.09457519007965189,0.09482349728872029,1237662696501870746,Control4C,Lim:7000,BGG,11.08435,0.040044531,0.12003830018504674,0.17895652247215127,-0.05891822228710453,
FIREFLY MILES light-weighted,Control4C,1,0.09457519007965189,0.09482349728872029,1237667323793899533,Control4C,Lim:7007,BGG,10.80971,0.028653099,0.12003830018504674,0.14661706428026966,-0.026578764095222918,
FIREFLY MILES light-weighted,Control4C,1,0.09457519007965189,0.09482349728872029,1237661970116378721,Control4C,Lim:7009,BGG,11.04158,0.044839617,0.09756027280667182,0.17392026181504813,-0.07635998900837632,
FIREFLY MILES light-weighted,Control4C,1,0.09457519007965189,0.09482349728872029,1237667916489425042,Control4C,Lim:7010,BGG,11.05686,0.03697548,0.24319337424724807,0.1757195150963326,0.06747385915091547,
FIREFLY MILES light-weighted,Control4C,1,0.09457519007965189,0.09482349728872029,1237655743484330087,Control4C,Lim:7021,BGG,11.14465,0.044793575,0.28108475193178795,0.18605697881125138,0.09502777312053656,
FIREFLY MILES light-weighted,Control4C,1,0.09457519007965189,0.09482349728872029,1237662264860082397,Control4C,Lim:7023,BGG,11.12346,0.034318308,0.210659559924703,0.18356181015742823,0.027097749767274776,
FIREFLY MILES light-weighted,Control4C,1,0.09457519007965189,0.09482349728872029,1237668272988749955,Control4C,Lim:7035,BGG,11.04726,0.041601363,0.1496728826525962,0.17458909418662505,-0.024916211534028843,
FIREFLY MILES light-weighted,Control4C,1,0.09457519007965189,0.09482349728872029,1237661435921891397,Control4C,Lim:7044,BGG,11.17706,0.029588818,0.17548977917257252,0.18987332690329514,-0.014383547730722618,
FIREFLY MILES light-weighted,Control4C,1,0.09457519007965189,0.09482349728872029,1237661387620876410,Control4C,Lim:7051,BGG,11.02716,0.036415141,0.1617793388380763,0.17222227540692508,-0.010442936568848787,
FIREFLY MILES light-weighted,Control4C,1,0.09457519007965189,0.09482349728872029,1237661387069194275,Control4C,Lim:7052,BGG,11.06168,0.045150454,0.12003830018504674,0.1762870805947483,-0.05624878040970155,
FIREFLY MILES light-weighted,Control4C,1,0.09457519007965189,0.09482349728872029,1237671991878221902,Control4C,Lim:7058,BGG,11.08065,0.029527836,0.21946008747208545,0.17852083941320146,0.04093924805888399,
FIREFLY MILES light-weighted,Control4C,1,0.09457519007965189,0.09482349728872029,1237665531723710540,Control4C,Lim:7059,BGG,11.18272,0.044974864,0.03567863566659506,0.19053980423131006,-0.154861168564715,
FIREFLY MILES light-weighted,Control4C,1,0.09457519007965189,0.09482349728872029,1237657772321472671,Control4C,Lim:7067,BGG,11.06514,0.044410931,0.2625521760248259,0.17669450313095522,0.08585767289387067,
FIREFLY MILES light-weighted,Control4C,1,0.09457519007965189,0.09482349728872029,1237651192433344532,Control4C,Lim:7069,BGG,11.10474,0.03873937,0.24319337424724807,0.1813574893834986,0.06183588486374947,
FIREFLY MILES light-weighted,Control4C,1,0.09457519007965189,0.09482349728872029,1237665227312857217,Control4C,Lim:7090,BGG,11.06338,0.036361321,0.21243398995807833,0.17648725929750897,0.03594673066056936,
FIREFLY MILES light-weighted,Control4C,1,0.09457519007965189,0.09482349728872029,1237661357538148407,Control4C,Lim:7114,BGG,11.05428,0.043429102,0.24319337424724807,0.17541571447684873,0.06777765977039935,
FIREFLY MILES light-weighted,Control4C,1,0.09457519007965189,0.09482349728872029,1237662695960608987,Control4C,Lim:7121,BGG,11.06373,0.034655056,0.1496728826525962,0.17652847255984194,-0.026855589907245736,
FIREFLY MILES light-weighted,Control4C,1,0.09457519007965189,0.09482349728872029,1237659120414490818,Control4C,Lim:7123,BGG,11.19298,0.037495172,0.3003078152646575,0.19174794157856,0.10855987368609749,
FIREFLY MILES light-weighted,Control4C,1,0.09457519007965189,0.09482349728872029,1237658492278669408,Control4C,Lim:7128,BGG,10.89433,0.037290673,0.17355744610585364,0.1565812535906287,0.016976192515224947,
FIREFLY MILES light-weighted,Control4C,1,0.09457519007965189,0.09482349728872029,1237662665888759971,Control4C,Lim:7146,BGG,11.07545,0.038833969,0.13721892725478624,0.17790852808710989,-0.04068960083232365,
FIREFLY MILES light-weighted,Control4C,1,0.09457519007965189,0.09482349728872029,1237660669818241081,Control4C,Lim:7158,BGG,10.84569,0.044935931,0.20167700383058246,0.15085378764811067,0.05082321618247179,
FIREFLY MILES light-weighted,Control4C,1,0.09457519007965189,0.09482349728872029,1237662300841377924,Control4C,Lim:7162,BGG,11.00634,0.035428072,0.18878060169439917,0.1697706750589969,0.01900992663540227,
FIREFLY MILES light-weighted,Control4C,1,0.09457519007965189,0.09482349728872029,1237661386530816015,Control4C,Lim:7183,BGG,11.05246,0.041915869,0.09524713375865783,0.17520140551271662,-0.0799542717540588,
FIREFLY MILES light-weighted,Control4C,1,0.09457519007965189,0.09482349728872029,1237651737375015076,Control4C,Lim:7184,BGG,11.11864,0.039591275,0.1393198083248698,0.18299424465901254,-0.04367443633414275,
FIREFLY MILES light-weighted,Control4C,1,0.09457519007965189,0.09482349728872029,1237657630590238967,Control4C,Lim:7186,BGG,10.90527,0.026387656,0.17741355266189243,0.1578694624189828,0.019544090242909623,
FIREFLY MILES light-weighted,Control4C,1,0.09457519007965189,0.09482349728872029,1237657628439347341,Control4C,Lim:7197,BGG,11.12856,0.029046418,0.3003078152646575,0.18416234626571037,0.11614546899894712,
FIREFLY MILES light-weighted,Control4C,1,0.09457519007965189,0.09482349728872029,1237664853116780599,Control4C,Lim:7213,BGG,10.64018,0.032328795,-0.00036000557862243517,0.12665453752790404,-0.12701454310652646,
FIREFLY MILES light-weighted,Control4C,1,0.09457519007965189,0.09482349728872029,1237659327099896118,Control4C,Lim:7219,BGG,10.96433,0.043473572,0.06895429106965624,0.16482390605724578,-0.09586961498758954,
FIREFLY MILES light-weighted,Control4C,1,0.09457519007965189,0.09482349728872029,1237657775006286005,Control4C,Lim:7224,BGG,10.84204,0.042236956,-0.1983087080057814,0.1504239921980658,-0.34873270020384717,
FIREFLY MILES light-weighted,Control4C,1,0.09457519007965189,0.09482349728872029,1237665330400395323,Control4C,Lim:7233,BGG,11.02899,0.035545719,0.1597848874207296,0.17243776189283805,-0.012652874472108444,
FIREFLY MILES light-weighted,Control4C,1,0.09457519007965189,0.09482349728872029,1237664818753896461,Control4C,Lim:7240,BGG,11.04237,0.041402555,0.25779277210434204,0.17401328603574284,0.0837794860685992,
FIREFLY MILES light-weighted,Control4C,1,0.09457519007965189,0.09482349728872029,1237668332571721814,Control4C,Lim:7241,BGG,11.2979,0.034708533,0.18313426568763896,0.20410250010423803,-0.020968234416599063,
FIREFLY MILES light-weighted,Control4C,1,0.09457519007965189,0.09482349728872029,1237665330933989398,Control4C,Lim:7256,BGG,11.05892,0.043431397,0.12003830018504674,0.17596208458320736,-0.05592378439816062,
FIREFLY MILES light-weighted,Control4C,1,0.09457519007965189,0.09482349728872029,1237660764842164279,Control4C,Lim:7264,BGG,10.35304,0.025747583,0.09292160846959709,0.09284317710984069,7.843135975639515e-05,
FIREFLY MILES light-weighted,Control4C,1,0.09457519007965189,0.09482349728872029,1237657629511712956,Control4C,Lim:7269,BGG,10.67591,0.042405144,0.04619148126786086,0.1308618228512215,-0.08467034158336065,
FIREFLY MILES light-weighted,Control4C,1,0.09457519007965189,0.09482349728872029,1237664337175773190,Control4C,Lim:7274,BGG,10.84178,0.02963459,0.210659559924703,0.1503933766317611,0.060266183292941894,
FIREFLY MILES light-weighted,Control4C,1,0.09457519007965189,0.09482349728872029,1237668332027117606,Control4C,Lim:7297,BGG,10.94688,0.042187575,0.1455612218657134,0.1627691305494962,-0.017207908683782802,
FIREFLY MILES light-weighted,Control4C,1,0.09457519007965189,0.09482349728872029,1237661949737828379,Control4C,Lim:7300,BGG,10.9714,0.035027769,0.11784213361236873,0.16565641395637398,-0.047814280344005256,
FIREFLY MILES light-weighted,Control4C,1,0.09457519007965189,0.09482349728872029,1237648722289623054,Control4C,Lim:7327,BGG,11.10819,0.037313006,0.09756027280667182,0.18176373439792481,-0.084203461591253,
FIREFLY MILES light-weighted,Control4C,1,0.09457519007965189,0.09482349728872029,1237668292832854092,Control4C,Lim:7336,BGG,10.81296,0.043144851,-0.00036000557862243517,0.14699975885907682,-0.14735976443769924,
FIREFLY MILES light-weighted,Control4C,1,0.09457519007965189,0.09482349728872029,1237661974405906489,Control4C,Lim:7339,BGG,10.8122,0.024625712,0.09986115685840526,0.14691026720372502,-0.047049110345319764,
FIREFLY MILES light-weighted,Control4C,1,0.09457519007965189,0.09482349728872029,1237667254546595932,Control4C,Lim:7340,BGG,10.99931,0.03028429,0.21946008747208545,0.16894287724699233,0.05051721022509312,
FIREFLY MILES light-weighted,Control4C,1,0.09457519007965189,0.09482349728872029,1237655744020545540,Control4C,Lim:7359,BGG,10.99319,0.033358291,0.210659559924703,0.1682222339170539,0.0424373260076491,
FIREFLY MILES light-weighted,Control4C,1,0.09457519007965189,0.09482349728872029,1237662198823911469,Control4C,Lim:7367,BGG,11.01036,0.038015853,0.20167700383058246,0.170244038814937,0.031432965015645464,
FIREFLY MILES light-weighted,Control4C,1,0.09457519007965189,0.09482349728872029,1237668298756456539,Control4C,Lim:7372,BGG,10.91426,0.040266046,0.12222341690406424,0.1589280545000527,-0.036704637595988465,
FIREFLY MILES light-weighted,Control4C,1,0.09457519007965189,0.09482349728872029,1237658918530056305,Control4C,Lim:7386,BGG,10.97177,0.034812276,0.01941624484406951,0.16569998226226895,-0.14628373741819944,
FIREFLY MILES light-weighted,Control4C,1,0.09457519007965189,0.09482349728872029,1237655473436360831,Control4C,Lim:7407,BGG,10.80094,0.031077292,0.17161647695175766,0.14558437767838062,0.026032099273377046,
FIREFLY MILES light-weighted,Control4C,1,0.09457519007965189,0.09482349728872029,1237654399689556171,Control4C,Lim:7422,BGG,10.95067,0.044249893,0.07385466443403327,0.16321541130447453,-0.08936074687044127,
FIREFLY MILES light-weighted,Control4C,1,0.09457519007965189,0.09482349728872029,1237665228378865701,Control4C,Lim:7425,BGG,10.84146,0.023471373,0.3003078152646575,0.15035569593477083,0.14995211932988667,
FIREFLY MILES light-weighted,Control4C,1,0.09457519007965189,0.09482349728872029,1237654953207332988,Control4C,Lim:7436,BGG,10.81054,0.03552314,-0.0691168562521512,0.14671479858808797,-0.21583165484023917,
FIREFLY MILES light-weighted,Control4C,1,0.09457519007965189,0.09482349728872029,1237667783905837142,Control4C,Lim:7455,BGG,10.69224,0.022575968,-0.024122131359567863,0.13278471591950516,-0.15690684727907303,
FIREFLY MILES light-weighted,Control4C,1,0.09457519007965189,0.09482349728872029,1237654605329137794,Control4C,Lim:9394,BGG,11.23892,0.042362321,0.210659559924703,0.19715747664022268,0.013502083284480326,
FIREFLY MILES light-weighted,Control4C,1,0.09457519007965189,0.09482349728872029,1237674603216633993,Control4C,Lim:9765,BGG,11.13641,0.039316906,0.15778123442292644,0.18508670086375237,-0.027305466440825932,
FIREFLY MILES light-weighted,Control4C,1,0.09457519007965189,0.09482349728872029,1237665355084005428,Control4C,Lim:9774,BGG,11.19512,0.033947347,0.09756027280667182,0.19199993123968218,-0.09443965843301036,
FIREFLY MILES light-weighted,Control4C,1,0.09457519007965189,0.09482349728872029,1237661417673916574,Control4C,Lim:9790,BGG,11.0988,0.040394942,-0.1983087080057814,0.18065804144561723,-0.37896674945139863,
FIREFLY MILES light-weighted,Control4C,1,0.09457519007965189,0.09482349728872029,1237658205578657826,Control4C,Lim:9833,BGG,10.82147,0.042081502,0.12439759440607599,0.1480018298946612,-0.023604235488585215,
FIREFLY MILES light-weighted,Control4C,1,0.09457519007965189,0.09482349728872029,1237665015240458268,Control4C,Lim:9869,BGG,9.250072,0.043695276,0.12656094167438622,-0.03703370725872658,0.16359464893311282,
FIREFLY MILES light-weighted,Control4C,1,0.09457519007965189,0.09482349728872029,1237651752415854747,Control4C,Lim:9995,BGG,11.08024,0.026447369,0.0714113894018661,0.17847256102018266,-0.10706117161831656,
FIREFLY MILES light-weighted,Control4C,1,0.09457519007965189,0.09482349728872029,1237665329311514762,Control4C,Lim:10027,BGG,10.65414,0.043330574,0.11341619989012074,0.12829835793410357,-0.014882158043982838,
FIREFLY MILES light-weighted,Control4C,1,0.09457519007965189,0.09482349728872029,1237667912733294683,Control4C,Lim:10074,BGG,11.03912,0.044210744,0.16966679416987027,0.17363059145693566,-0.00396379728706539,
FIREFLY MILES light-weighted,Control4C,1,0.09457519007965189,0.09482349728872029,1237654880741228570,Control4C,Lim:10120,BGG,11.06011,0.045057866,0.18878060169439917,0.1761022096751398,0.012678392019259382,
FIREFLY MILES light-weighted,Control4C,1,0.09457519007965189,0.09482349728872029,1237648705667137705,Control4C,Lim:10121,BGG,11.05283,0.033946782,0.005382592656735859,0.17524497381861165,-0.1698623811618758,
FIREFLY MILES light-weighted,Control4C,1,0.09457519007965189,0.09482349728872029,1237657629512826964,Control4C,Lim:10163,BGG,11.21109,0.02961326,0.27037041250145794,0.19388043352385192,0.07648997897760601,
FIREFLY MILES light-weighted,Control4C,1,0.09457519007965189,0.09482349728872029,1237659326562304075,Control4C,Lim:10218,BGG,11.15274,0.040260102,0.3003078152646575,0.18700959393203603,0.11329822133262146,
FIREFLY MILES light-weighted,Control4C,1,0.09457519007965189,0.09482349728872029,1237659162816020815,Control4C,Lim:10236,BGG,11.02857,0.030907197,0.210659559924703,0.17238830597803834,0.03827125394666467,
FIREFLY MILES light-weighted,Control4C,1,0.09457519007965189,0.09482349728872029,1237674648847450200,Control4C,Lim:10247,BGG,10.953,0.039515349,0.12003830018504674,0.16348977387943464,-0.0434514736943879,
FIREFLY MILES light-weighted,Control4C,1,0.09457519007965189,0.09482349728872029,1237657612341543037,Control4C,Lim:10423,BGG,11.22813,0.043968626,-0.00036000557862243517,0.1958869306385827,-0.19624693621720513,
FIREFLY MILES light-weighted,Control4C,1,0.09457519007965189,0.09482349728872029,1237668289621196919,Control4C,Lim:10427,BGG,11.05825,0.042782293,0.18878060169439917,0.17588319062388388,0.012897411070515286,
FIREFLY MILES light-weighted,Control4C,1,0.09457519007965189,0.09482349728872029,1237658608219848819,Control4C,Lim:10458,BGG,10.95547,0.044338433,0.09756027280667182,0.16378062175932823,-0.06622034895265641,
FIREFLY MILES light-weighted,Control4C,1,0.09457519007965189,0.09482349728872029,1237668310021964289,Control4C,Lim:10485,BGG,11.20129,0.034305185,0.25779277210434204,0.19272646217852551,0.06506630992581652,
FIREFLY MILES light-weighted,Control4C,1,0.09457519007965189,0.09482349728872029,1237662223535374440,Control4C,Lim:10497,BGG,10.77687,0.045121657,0.011050416782760416,0.14275008275164527,-0.13169966596888485,
FIREFLY MILES light-weighted,Control4C,1,0.09457519007965189,0.09482349728872029,1237654948913283207,Control4C,Lim:10506,BGG,11.02911,0.043911226,0.20167700383058246,0.1724518921542093,0.02922511167637315,
FIREFLY MILES light-weighted,Control4C,1,0.09457519007965189,0.09482349728872029,1237671123220168862,Control4C,Lim:10574,BGG,10.9834,0.045072988,0.04358703111597816,0.16706944009350838,-0.12348240897753021,
FIREFLY MILES light-weighted,Control4C,1,0.09457519007965189,0.09482349728872029,1237667549272539209,Control4C,Lim:10581,BGG,11.19507,0.033326046,0.3003078152646575,0.19199404363077743,0.10831377163388006,
FIREFLY MILES light-weighted,Control4C,1,0.09457519007965189,0.09482349728872029,1237658425163776048,Control4C,Lim:10610,BGG,10.89841,0.037120132,0.005382592656735859,0.15706168247725436,-0.1516790898205185,
FIREFLY MILES light-weighted,Control4C,1,0.09457519007965189,0.09482349728872029,1237655123929333774,Control4C,Lim:10657,BGG,11.03878,0.040564631,0.24319337424724807,0.17359055571638338,0.0696028185308647,
FIREFLY MILES light-weighted,Control4C,1,0.09457519007965189,0.09482349728872029,1237668349210853684,Control4C,Lim:10673,BGG,10.58785,0.041278068,-0.00036000557862243517,0.12049256604821715,-0.12085257162683959,
FIREFLY MILES light-weighted,Control4C,1,0.09457519007965189,0.09482349728872029,1237665565541924998,Control4C,Lim:10693,BGG,10.88094,0.043324472,0.024904982184311565,0.155004551925943,-0.13009956974163145,
FIREFLY MILES light-weighted,Control4C,1,0.09457519007965189,0.09482349728872029,1237664870822772966,Control4C,Lim:10757,BGG,11.04547,0.043643885,0.18878060169439917,0.17437831778783586,0.014402283906563312,
FIREFLY MILES light-weighted,Control4C,1,0.09457519007965189,0.09482349728872029,1237667211059986461,Control4C,Lim:10767,BGG,10.97582,0.035380029,0.17741355266189243,0.16617687858355196,0.011236674078340475,
FIREFLY MILES light-weighted,Control4C,1,0.09457519007965189,0.09482349728872029,1237668496314662949,Control4C,Lim:10806,BGG,10.8259,0.044582765,-0.1983087080057814,0.1485234720436201,-0.34683218004940153,
FIREFLY MILES light-weighted,Control4C,1,0.09457519007965189,0.09482349728872029,1237664668436398093,Control4C,Lim:10843,BGG,10.98999,0.045146712,0.3003078152646575,0.16784542694715143,0.13246238831750606,
FIREFLY MILES light-weighted,Control4C,1,0.09457519007965189,0.09482349728872029,1237674368067829775,Control4C,Lim:10883,BGG,10.87086,0.034170963,0.12003830018504674,0.1538176099707501,-0.03377930978570337,
FIREFLY MILES light-weighted,Control4C,1,0.09457519007965189,0.09482349728872029,1237658493891903500,Control4C,Lim:10900,BGG,10.84702,0.025459832,0.17741355266189243,0.15101039804497654,0.02640315461691589,
FIREFLY MILES light-weighted,Control4C,1,0.09457519007965189,0.09482349728872029,1237651539793215634,Control4C,Lim:10908,BGG,11.03314,0.042743812,0.17741355266189243,0.17292643343193026,0.004487119229962172,
FIREFLY MILES light-weighted,Control4C,1,0.09457519007965189,0.09482349728872029,1237664887463346414,Control4C,Lim:10913,BGG,11.12958,0.031900297,0.08586937063632526,0.18428245348736685,-0.0984130828510416,
FIREFLY MILES light-weighted,Control4C,1,0.09457519007965189,0.09482349728872029,1237661872407576591,Control4C,Lim:10914,BGG,10.96986,0.036925222,0.12003830018504674,0.16547507560210856,-0.045436775417061814,
FIREFLY MILES light-weighted,Control4C,1,0.09457519007965189,0.09482349728872029,1237665566073749555,Control4C,Lim:10929,BGG,10.90457,0.044281022,0.24319337424724807,0.1577870358943166,0.08540633835293146,
FIREFLY MILES light-weighted,Control4C,1,0.09457519007965189,0.09482349728872029,1237662306189770849,Control4C,Lim:10955,BGG,10.95878,0.028059412,0.210659559924703,0.1641703814688212,0.0464891784558818,
FIREFLY MILES light-weighted,Control4C,1,0.09457519007965189,0.09482349728872029,1237658304886079663,Control4C,Lim:10964,BGG,10.92094,0.044589041,0.07870072299485384,0.15971463904972408,-0.08101391605487024,
FIREFLY MILES light-weighted,Control4C,1,0.09457519007965189,0.09482349728872029,1237674599462207503,Control4C,Lim:10990,BGG,10.9255,0.035789226,0.12003830018504674,0.1602515889818351,-0.04021328879678837,
FIREFLY MILES light-weighted,Control4C,1,0.09457519007965189,0.09482349728872029,1237664853641461771,Control4C,Lim:11021,BGG,10.76402,0.040410912,0.20887785021412927,0.14123696726313054,0.06764088295099874,
FIREFLY MILES light-weighted,Control4C,1,0.09457519007965189,0.09482349728872029,1237654610141249556,Control4C,Lim:11071,BGG,10.9879,0.03978192,0.210659559924703,0.1675993248949338,0.04306023502976922,
FIREFLY MILES light-weighted,Control4C,1,0.09457519007965189,0.09482349728872029,1237668349218390048,Control4C,Lim:11076,BGG,11.0996,0.044896354,0.0714113894018661,0.18075224318809285,-0.10934085378622675,
FIREFLY MILES light-weighted,Control4C,1,0.09457519007965189,0.09482349728872029,1237651753485729911,Control4C,Lim:11078,BGG,10.8724,0.033440657,0.09986115685840526,0.1539989483250157,-0.05413779146661045,
FIREFLY MILES light-weighted,Control4C,1,0.09457519007965189,0.09482349728872029,1237665531713814595,Control4C,Lim:11108,BGG,10.97575,0.03958649,0.210659559924703,0.16616863593108522,0.04449092399361779,
FIREFLY MILES light-weighted,Control4C,1,0.09457519007965189,0.09482349728872029,1237661966356381766,Control4C,Lim:11129,BGG,10.90541,0.038546525,0.210659559924703,0.15788594772391604,0.05277361220078697,
FIREFLY MILES light-weighted,Control4C,1,0.09457519007965189,0.09482349728872029,1237664835934814390,Control4C,Lim:11153,BGG,10.65665,0.034068735,-0.05250706908668513,0.12859391590112096,-0.18110098498780608,
FIREFLY MILES light-weighted,Control4C,1,0.09457519007965189,0.09482349728872029,1237663917341016282,Control4C,Lim:11198,BGG,10.99287,0.033233694,0.10442667462051756,0.1681845532200636,-0.06375787859954603,
FIREFLY MILES light-weighted,Control4C,1,0.09457519007965189,0.09482349728872029,1237651272961490958,Control4C,Lim:11252,BGG,10.91903,0.031914619,0.23988131914767535,0.1594897323895635,0.08039158675811187,
FIREFLY MILES light-weighted,Control4C,1,0.09457519007965189,0.09482349728872029,1237658297923797032,Control4C,Lim:11265,BGG,10.85108,0.029789632,0.17741355266189243,0.1514884718880402,0.02592508077385222,
FIREFLY MILES light-weighted,Control4C,1,0.09457519007965189,0.09482349728872029,1237667254016278565,Control4C,Lim:11305,BGG,11.0197,0.04242825,0.09524713375865783,0.1713438441583399,-0.07609671039968206,
FIREFLY MILES light-weighted,Control4C,1,0.09457519007965189,0.09482349728872029,1237659327091900425,Control4C,Lim:11370,BGG,10.82187,0.043303635,0.1156348048624115,0.14804893076589912,-0.03241412590348762,
FIREFLY MILES light-weighted,Control4C,1,0.09457519007965189,0.09482349728872029,1237665548900958660,Control4C,Lim:11562,BGG,10.81618,0.032299138,0.0383308008134032,0.14737892087254106,-0.10904812005913786,
FIREFLY MILES light-weighted,Control4C,1,0.14856477773764276,0.14790912868245462,1237655108898914500,CG4,HMCG:25,Satellite,10.40786,0.037864507,0.0383308008134032,0.03713614045252699,0.001194660360876204,
FIREFLY MILES light-weighted,Control4C,1,0.14856477773764276,0.14790912868245462,1237655108898914492,CG4,HMCG:25,Satellite,9.313793,0.038568193,-0.13087399102014557,-0.2110723137844235,0.08019832276427794,
FIREFLY MILES light-weighted,Control4C,1,0.14856477773764276,0.14790912868245462,1237655108898980064,CG4,HMCG:25,Satellite,9.284696,0.037563678,-0.2892746251283065,-0.21767348299337744,-0.07160114213492905,
FIREFLY MILES light-weighted,Control4C,1,0.14856477773764276,0.14790912868245462,1237651271887618101,CG4,HMCG:27,Satellite,10.82927,0.046428481,0.09756027280667182,0.13274045417370986,-0.035180181367038044,
FIREFLY MILES light-weighted,Control4C,1,0.14856477773764276,0.14790912868245462,1237651271887618204,CG4,HMCG:27,Satellite,9.714207,0.045765926,-0.027185968217908463,-0.1202313141063103,0.09304534588840184,
FIREFLY MILES light-weighted,Control4C,1,0.14856477773764276,0.14790912868245462,1237651533872496832,CG4,HMCG:27,Satellite,9.640424,0.046666261,0.06648321213101471,-0.13697029296132107,0.20345350509233578,
FIREFLY MILES light-weighted,Control4C,1,0.14856477773764276,0.14790912868245462,1237651192431902934,CG4,HMCG:28,Satellite,10.74845,0.045297238,0.09524713375865783,0.11440500737618267,-0.019157873617524843,
FIREFLY MILES light-weighted,Control4C,1,0.14856477773764276,0.14790912868245462,1237651192431902942,CG4,HMCG:28,Satellite,10.45439,0.045825495,0.210659559924703,0.04769229412103676,0.16296726580366624,
FIREFLY MILES light-weighted,Control4C,1,0.14856477773764276,0.14790912868245462,1237651192431902951,CG4,HMCG:28,Satellite,9.72223,0.045729996,-0.3692994289203334,-0.11841115462033461,-0.2508882742999988,
FIREFLY MILES light-weighted,Control4C,1,0.14856477773764276,0.14790912868245462,1237653664714391735,CG4,HMCG:33,Satellite,10.67758,0.043203973,0.27037041250145794,0.09832689410544831,0.17204351839600962,
FIREFLY MILES light-weighted,Control4C,1,0.14856477773764276,0.14790912868245462,1237651753452765233,CG4,HMCG:33,Satellite,10.73482,0.043100813,0.20529235111097974,0.11131280074601299,0.09397955036496675,
FIREFLY MILES light-weighted,Control4C,1,0.14856477773764276,0.14790912868245462,1237651753452765443,CG4,HMCG:33,Satellite,10.11648,0.043182957,-0.1983087080057814,-0.028968567390377287,-0.16934014061540412,
FIREFLY MILES light-weighted,Control4C,1,0.14856477773764276,0.14790912868245462,1237664093977116737,CG4,HMCG:42,Satellite,10.44188,0.023569981,0.1943547474969782,0.04485417930493827,0.14950056819203994,
FIREFLY MILES light-weighted,Control4C,1,0.14856477773764276,0.14790912868245462,1237664093977182233,CG4,HMCG:42,Satellite,10.44385,0.024061855,0.09756027280667182,0.045301108656474146,0.05225916415019767,
FIREFLY MILES light-weighted,Control4C,1,0.14856477773764276,0.14790912868245462,1237664093977182234,CG4,HMCG:42,Satellite,10.1118,0.024110809,0.24319337424724807,-0.030030308184888596,0.2732236824321367,
FIREFLY MILES light-weighted,Control4C,1,0.14856477773764276,0.14790912868245462,1237664879949906001,CG4,HMCG:52,Satellite,10.52723,0.02754628,0.12003830018504674,0.064217336743307,0.05582096344173974,
FIREFLY MILES light-weighted,Control4C,1,0.14856477773764276,0.14790912868245462,1237664837006852244,CG4,HMCG:52,Satellite,10.09972,0.028559419,-0.062396561398671085,-0.03277086989379911,-0.029625691504871973,
FIREFLY MILES light-weighted,Control4C,1,0.14856477773764276,0.14790912868245462,1237664879949906004,CG4,HMCG:52,Satellite,10.06748,0.025651397,-0.1231358190374761,-0.04008508425599014,-0.08305073478148596,
FIREFLY MILES light-weighted,Control4C,1,0.14856477773764276,0.14790912868245462,1237661382235652235,CG4,HMCG:61,Satellite,10.28243,0.041756884,-0.2892746251283065,0.008680125953469203,-0.2979547510817757,
FIREFLY MILES light-weighted,Control4C,1,0.14856477773764276,0.14790912868245462,1237661382235652234,CG4,HMCG:61,Satellite,10.09958,0.0409836,0.0714113894018661,-0.032802631370558014,0.10421402077242412,
FIREFLY MILES light-weighted,Control4C,1,0.14856477773764276,0.14790912868245462,1237661382235652236,CG4,HMCG:61,Satellite,10.02217,0.041354118,-0.07594282963262874,-0.050364459341315254,-0.02557837029131349,
FIREFLY MILES light-weighted,Control4C,1,0.14856477773764276,0.14790912868245462,1237661381699108952,CG4,HMCG:63,Satellite,10.8073,0.039922336,0.17741355266189243,0.1277561709994749,0.04965738166241754,
FIREFLY MILES light-weighted,Control4C,1,0.14856477773764276,0.14790912868245462,1237661381699108924,CG4,HMCG:63,Satellite,10.21994,0.039664127,-0.1549517826247632,-0.005496836065554442,-0.14945494655920877,
FIREFLY MILES light-weighted,Control4C,1,0.14856477773764276,0.14790912868245462,1237664336632741895,CG4,HMCG:73,Satellite,10.20023,0.021819562,0.01385725040186069,-0.009968398257824446,0.023825648659685138,
FIREFLY MILES light-weighted,Control4C,1,0.14856477773764276,0.14790912868245462,1237665099004051581,CG4,HMCG:73,Satellite,9.80046,0.02265177,-0.08638724073305099,-0.10066329514284689,0.014276054409795902,
FIREFLY MILES light-weighted,Control4C,1,0.14856477773764276,0.14790912868245462,1237664869753487485,CG4,HMCG:73,Satellite,9.497967,0.023139618,0.0383308008134032,-0.16928918363733395,0.20761998445073715,
FIREFLY MILES light-weighted,Control4C,1,0.14856477773764276,0.14790912868245462,1237671123231768624,CG4,HMCG:80,Satellite,10.94013,0.03088647,0.210659559924703,0.15789100641293152,0.05276855351177148,
FIREFLY MILES light-weighted,Control4C,1,0.14856477773764276,0.14790912868245462,1237671260670525479,CG4,HMCG:80,Satellite,10.6821,0.030003054,0.24319337424724807,0.0993523360693782,0.14384103817786986,
FIREFLY MILES light-weighted,Control4C,1,0.14856477773764276,0.14790912868245462,1237661136886366310,CG4,HMCG:82,Satellite,10.06689,0.045599583,-0.27817389220561206,-0.04021893619375953,-0.23795495601185251,
FIREFLY MILES light-weighted,Control4C,1,0.14856477773764276,0.14790912868245462,1237661381701861554,CG4,HMCG:82,Satellite,10.16911,0.046224363,0.0383308008134032,-0.017028520805944275,0.05535932161934747,
FIREFLY MILES light-weighted,Control4C,1,0.14856477773764276,0.14790912868245462,1237661381701861576,CG4,HMCG:82,Satellite,9.576148,0.045028617,-0.1549517826247632,-0.1515524406767116,-0.0033993419480516096,
FIREFLY MILES light-weighted,Control4C,1,0.14856477773764276,0.14790912868245462,1237671125379907676,CG4,HMCG:84,Satellite,10.5799,0.030036813,-0.021079757759797816,0.07616645803538546,-0.09724621579518328,
FIREFLY MILES light-weighted,Control4C,1,0.14856477773764276,0.14790912868245462,1237671125379842214,CG4,HMCG:84,Satellite,9.934071,0.029465989,-0.2949332821142268,-0.0703512760626139,-0.2245820060516129,
FIREFLY MILES light-weighted,Control4C,1,0.14856477773764276,0.14790912868245462,1237671125379842189,CG4,HMCG:84,Satellite,9.890475,0.030579443,-0.07594282963262874,-0.08024179992533334,0.004298970292704596,
FIREFLY MILES light-weighted,Control4C,1,0.14856477773764276,0.14790912868245462,1237667536399761571,CG4,HMCG:99,Satellite,10.69086,0.043760583,-0.00036000557862243517,0.10133969704372056,-0.101699702622343,
FIREFLY MILES light-weighted,Control4C,1,0.14856477773764276,0.14790912868245462,1237667783897383104,CG4,HMCG:99,Satellite,10.09201,0.043752223,0.0025206987823348363,-0.03452001979244951,0.037040718574784345,
FIREFLY MILES light-weighted,Control4C,1,0.14856477773764276,0.14790912868245462,1237667783897383027,CG4,HMCG:99,Satellite,9.598251,0.042515835,-0.11553311404874676,-0.1465379840995557,0.031004870050808944,
FIREFLY MILES light-weighted,Control4C,1,0.14856477773764276,0.14790912868245462,1237654398613913657,CG4,HMCG:101,Satellite,10.66817,0.030266671,0.09986115685840526,0.09619206913186817,0.003669087726537082,
FIREFLY MILES light-weighted,Control4C,1,0.14856477773764276,0.14790912868245462,1237654398613913661,CG4,HMCG:101,Satellite,10.09317,0.031054983,-0.07939644884409477,-0.03425685327073286,-0.04513959557336192,
FIREFLY MILES light-weighted,Control4C,1,0.14856477773764276,0.14790912868245462,1237654669739884742,CG4,HMCG:106,Satellite,10.40413,0.01997593,-0.062396561398671085,0.036289923964593795,-0.09868648536326488,
FIREFLY MILES light-weighted,Control4C,1,0.14856477773764276,0.14790912868245462,1237654669739950159,CG4,HMCG:106,Satellite,9.123651,0.020029227,0.01941624484406951,-0.2542093903122068,0.2736256351562763,
FIREFLY MILES light-weighted,Control4C,1,0.14856477773764276,0.14790912868245462,1237648721759961363,CG4,HMCG:112,Satellite,10.81194,0.038863702,0.005382592656735859,0.12880883708634117,-0.12342624442960531,
FIREFLY MILES light-weighted,Control4C,1,0.14856477773764276,0.14790912868245462,1237648721759961197,CG4,HMCG:112,Satellite,10.52482,0.041545466,0.17548977917257252,0.06367058560767189,0.11181919356490064,
FIREFLY MILES light-weighted,Control4C,1,0.14856477773764276,0.14790912868245462,1237648721759961421,CG4,HMCG:112,Satellite,10.23428,0.041709789,0.06895429106965624,-0.0022435533746789776,0.07119784444433522,
FIREFLY MILES light-weighted,Control4C,1,0.14856477773764276,0.14790912868245462,1237654602106732681,CG4,HMCG:117,Satellite,10.26464,0.037451036,0.04619148126786086,0.004644149728178351,0.04154733153968251,
FIREFLY MILES light-weighted,Control4C,1,0.14856477773764276,0.14790912868245462,1237654602106732699,CG4,HMCG:117,Satellite,10.22885,0.035749413,0.0714113894018661,-0.0034754449375419202,0.07488683433940801,
FIREFLY MILES light-weighted,Control4C,1,0.14856477773764276,0.14790912868245462,1237654602106732720,CG4,HMCG:117,Satellite,9.889784,0.038287138,-0.15909778063256153,-0.08039856549990756,-0.07869921513265396,
FIREFLY MILES light-weighted,Control4C,1,0.14856477773764276,0.14790912868245462,1237654604791545959,CG4,HMCG:121,Satellite,10.47624,0.026628218,-0.11553311404874676,0.05264935317233574,-0.1681824672210825,
FIREFLY MILES light-weighted,Control4C,1,0.14856477773764276,0.14790912868245462,1237654604791545888,CG4,HMCG:121,Satellite,10.36794,0.02643546,-0.07594282963262874,0.02807958222241976,-0.1040224118550485,
FIREFLY MILES light-weighted,Control4C,1,0.14856477773764276,0.14790912868245462,1237654604791546018,CG4,HMCG:121,Satellite,9.893738,0.026100317,-0.07594282963262874,-0.07950153064915988,0.003558701016531135,
FIREFLY MILES light-weighted,Control4C,1,0.14856477773764276,0.14790912868245462,1237664819818987565,CG4,HMCG:128,Satellite,10.73842,0.029669378,0.234865136540417,0.11212952443409895,0.12273561210631805,
FIREFLY MILES light-weighted,Control4C,1,0.14856477773764276,0.14790912868245462,1237664819818987690,CG4,HMCG:128,Satellite,10.39088,0.030690424,-0.00036000557862243517,0.03328392705705535,-0.03364393263567779,
FIREFLY MILES light-weighted,Control4C,1,0.14856477773764276,0.14790912868245462,1237667431715766292,CG4,HMCG:131,Satellite,10.68693,0.037412289,0.16966679416987027,0.10044810701756007,0.0692186871523102,
FIREFLY MILES light-weighted,Control4C,1,0.14856477773764276,0.14790912868245462,1237667431715766293,CG4,HMCG:131,Satellite,10.67525,0.034275225,0.16966679416987027,0.09779829238510372,0.07186850178476654,
FIREFLY MILES light-weighted,Control4C,1,0.14856477773764276,0.14790912868245462,1237667431715766294,CG4,HMCG:131,Satellite,10.15139,0.035641912,0.03567863566659506,-0.021048616292855885,0.05672725195945094,
FIREFLY MILES light-weighted,Control4C,1,0.14856477773764276,0.14790912868245462,1237662223525871715,CG4,HMCG:142,Satellite,10.49055,0.036408326,0.17355744610585364,0.055895829832477005,0.11766161627337662,
FIREFLY MILES light-weighted,Control4C,1,0.14856477773764276,0.14790912868245462,1237662223525806268,CG4,HMCG:142,Satellite,9.781722,0.036237967,-0.1231358190374761,-0.10491434193933352,-0.018221477098142577,
FIREFLY MILES light-weighted,Control4C,1,0.14856477773764276,0.14790912868245462,1237662223525806252,CG4,HMCG:142,Satellite,10.06968,0.036872435,0.09756027280667182,-0.039585975335493184,0.137146248142165,
FIREFLY MILES light-weighted,Control4C,1,0.14856477773764276,0.14790912868245462,1237664337177477185,CG4,HMCG:147,Satellite,10.73972,0.035327794,0.22979059425991835,0.11242445243257451,0.11736614182734384,
FIREFLY MILES light-weighted,Control4C,1,0.14856477773764276,0.14790912868245462,1237664337177542740,CG4,HMCG:147,Satellite,10.03356,0.035172691,-0.1117810674162761,-0.04778043633928797,-0.06400063107698813,
FIREFLY MILES light-weighted,Control4C,1,0.14856477773764276,0.14790912868245462,1237664337177542775,CG4,HMCG:147,Satellite,10.14146,0.035621676,-0.00036000557862243517,-0.02330141246582576,0.022941406887203326,
FIREFLY MILES light-weighted,Control4C,1,0.14856477773764276,0.14790912868245462,1237657628452389042,CG4,HMCG:154,Satellite,10.55819,0.027166149,0.15576829454635008,0.07124116046084539,0.08452713408550469,
FIREFLY MILES light-weighted,Control4C,1,0.14856477773764276,0.14790912868245462,1237657628452389069,CG4,HMCG:154,Satellite,10.35082,0.025304727,0.210659559924703,0.024195607350189212,0.18646395257451379,
FIREFLY MILES light-weighted,Control4C,1,0.14856477773764276,0.14790912868245462,1237657628452389021,CG4,HMCG:154,Satellite,9.952991,0.027567081,-0.2727281867109631,-0.06605893934634018,-0.20666924736462294,
FIREFLY MILES light-weighted,Control4C,1,0.14856477773764276,0.14790912868245462,1237661811196625002,CG4,HMCG:158,Satellite,10.12929,0.036676527,-0.16328380351680608,-0.02606239226693846,-0.13722141124986761,
FIREFLY MILES light-weighted,Control4C,1,0.14856477773764276,0.14790912868245462,1237661811196559464,CG4,HMCG:158,Satellite,10.11798,0.036709879,-0.021079757759797816,-0.028628265853674825,0.007548508093877009,
FIREFLY MILES light-weighted,Control4C,1,0.14856477773764276,0.14790912868245462,1237661948639445082,CG4,HMCG:158,Satellite,9.965645,0.036848355,0.09756027280667182,-0.06318815558271852,0.16074842838939035,
FIREFLY MILES light-weighted,Control4C,1,0.14856477773764276,0.14790912868245462,1237665126930055405,CG4,HMCG:165,Satellite,10.72958,0.032030528,0.210659559924703,0.11012401404446606,0.10053554588023694,
FIREFLY MILES light-weighted,Control4C,1,0.14856477773764276,0.14790912868245462,1237665126930055448,CG4,HMCG:165,Satellite,10.52691,0.032400578,0.0383308008134032,0.06414473908214414,-0.025813938268740948,
FIREFLY MILES light-weighted,Control4C,1,0.14856477773764276,0.14790912868245462,1237665370120847399,CG4,HMCG:167,Satellite,10.48595,0.031991918,0.05391241004701966,0.05485223845325621,-0.0009398284062365481,
FIREFLY MILES light-weighted,Control4C,1,0.14856477773764276,0.14790912868245462,1237665370120782013,CG4,HMCG:167,Satellite,10.1497,0.033145,-0.03650924669124571,-0.02143202269087395,-0.015077224000371758,
FIREFLY MILES light-weighted,Control4C,1,0.14856477773764276,0.14790912868245462,1237665370120847519,CG4,HMCG:167,Satellite,10.24132,0.033401318,0.005382592656735859,-0.0006464048290888841,0.006028997485824743,
FIREFLY MILES light-weighted,Control4C,1,0.14856477773764276,0.14790912868245462,1237655108913594378,CG4,HMCG:173,Satellite,10.93887,0.03298466,0.2855971362609545,0.15760515312210138,0.12799198313885313,
FIREFLY MILES light-weighted,Control4C,1,0.14856477773764276,0.14790912868245462,1237658312939798811,CG4,HMCG:173,Satellite,10.3846,0.033375824,-0.062396561398671085,0.03185919795672815,-0.09425575935539923,
FIREFLY MILES light-weighted,Control4C,1,0.14856477773764276,0.14790912868245462,1237655108913594468,CG4,HMCG:173,Satellite,10.26546,0.032708787,-0.021079757759797816,0.004830181234908824,-0.02590993899470664,
FIREFLY MILES light-weighted,Control4C,1,0.14856477773764276,0.14790912868245462,1237648722841042953,CG4,HMCG:175,Satellite,10.41704,0.040517472,-0.1231358190374761,0.039218785857146055,-0.16235460489462217,
FIREFLY MILES light-weighted,Control4C,1,0.14856477773764276,0.14790912868245462,1237648722840977489,CG4,HMCG:175,Satellite,9.788215,0.040634543,-0.00036000557862243517,-0.10344129002079447,0.10308128444217203,
FIREFLY MILES light-weighted,Control4C,1,0.14856477773764276,0.14790912868245462,1237648722841043030,CG4,HMCG:175,Satellite,9.325481,0.040271532,-0.2217262958376311,-0.20842068421043822,-0.013305611627192876,
FIREFLY MILES light-weighted,Control4C,1,0.14856477773764276,0.14790912868245462,1237667781760319536,CG4,HMCG:188,Satellite,10.28206,0.026455573,0.12003830018504674,0.008596184907749223,0.11144211527729753,
FIREFLY MILES light-weighted,Control4C,1,0.14856477773764276,0.14790912868245462,1237667781760319656,CG4,HMCG:188,Satellite,9.626383,0.024941282,-0.04283781747327553,-0.14015574221254679,0.09731792473927126,
FIREFLY MILES light-weighted,Control4C,1,0.14856477773764276,0.14790912868245462,1237667781760319651,CG4,HMCG:188,Satellite,9.936863,0.0261736,-0.05250706908668513,-0.0697178614689648,0.017210792382279676,
FIREFLY MILES light-weighted,Control4C,1,0.14856477773764276,0.14790912868245462,1237657591934025805,CG4,HMCG:197,Satellite,10.20167,0.034697482,0.07385466443403327,-0.009641708782589992,0.08349637321662326,
FIREFLY MILES light-weighted,Control4C,1,0.14856477773764276,0.14790912868245462,1237657591934025877,CG4,HMCG:197,Satellite,9.790443,0.034696108,-0.1549517826247632,-0.10293582880494564,-0.05201595381981755,
FIREFLY MILES light-weighted,Control4C,1,0.14856477773764276,0.14790912868245462,1237657591934025822,CG4,HMCG:197,Satellite,9.866722,0.034030274,0.09756027280667182,-0.08563058819286226,0.18319086099953408,
FIREFLY MILES light-weighted,Control4C,1,0.14856477773764276,0.14790912868245462,1237657858222456920,CG4,HMCG:204,Satellite,10.37391,0.037683249,0.09756027280667182,0.029433982338495368,0.06812629046817645,
FIREFLY MILES light-weighted,Control4C,1,0.14856477773764276,0.14790912868245462,1237657858222456990,CG4,HMCG:204,Satellite,9.941386,0.036981081,-0.23640805378214774,-0.06869173890196165,-0.1677163148801861,
FIREFLY MILES light-weighted,Control4C,1,0.14856477773764276,0.14790912868245462,1237657858222391531,CG4,HMCG:204,Satellite,9.54019,0.035911751,-0.16328380351680608,-0.1597101491145422,-0.0035736544022638705,
FIREFLY MILES light-weighted,Control4C,1,0.14856477773764276,0.14790912868245462,1237657627919319141,CG4,HMCG:206,Satellite,10.77621,0.044653091,0.05135398835050857,0.12070285448208928,-0.06934886613158071,
FIREFLY MILES light-weighted,Control4C,1,0.14856477773764276,0.14790912868245462,1237657627919384583,CG4,HMCG:206,Satellite,10.52393,0.043070434,-0.1983087080057814,0.06346867336256176,-0.26177738136834316,
FIREFLY MILES light-weighted,Control4C,1,0.14856477773764276,0.14790912868245462,1237657627919319144,CG4,HMCG:206,Satellite,9.692472,0.04574445,-0.07594282963262874,-0.12516228337312854,0.0492194537404998,
FIREFLY MILES light-weighted,Control4C,1,0.14856477773764276,0.14790912868245462,1237661152450248713,CG4,HMCG:207,Satellite,10.09862,0.040844712,-0.1983087080057814,-0.03302042435404738,-0.16528828365173404,
FIREFLY MILES light-weighted,Control4C,1,0.14856477773764276,0.14790912868245462,1237661152450248875,CG4,HMCG:207,Satellite,10.02309,0.040684315,-0.1983087080057814,-0.05015574106547094,-0.14815296694031047,
FIREFLY MILES light-weighted,Control4C,1,0.14856477773764276,0.14790912868245462,1237661435920646302,CG4,HMCG:214,Satellite,10.60806,0.040371084,0.12003830018504674,0.08255505221774584,0.0374832479673009,
FIREFLY MILES light-weighted,Control4C,1,0.14856477773764276,0.14790912868245462,1237661435920646283,CG4,HMCG:214,Satellite,10.15932,0.039822626,0.0383308008134032,-0.019249555502155652,0.05758035631555885,
FIREFLY MILES light-weighted,Control4C,1,0.14856477773764276,0.14790912868245462,1237661435920580738,CG4,HMCG:214,Satellite,9.824382,0.040523412,-0.055778624700305444,-0.09523616623551626,0.03945754153521081,
FIREFLY MILES light-weighted,Control4C,1,0.14856477773764276,0.14790912868245462,1237665025446510739,CG4,HMCG:229,Satellite,10.62726,0.037860529,0.20167700383058246,0.08691091188753697,0.11476609194304549,
FIREFLY MILES light-weighted,Control4C,1,0.14856477773764276,0.14790912868245462,1237665025446510775,CG4,HMCG:229,Satellite,10.46136,0.036949344,-0.062396561398671085,0.049273561928247604,-0.1116701233269187,
FIREFLY MILES light-weighted,Control4C,1,0.14856477773764276,0.14790912868245462,1237665025446510745,CG4,HMCG:229,Satellite,9.702918,0.038178241,-0.021079757759797816,-0.12279242347153277,0.10171266571173496,
FIREFLY MILES light-weighted,Control4C,1,0.14856477773764276,0.14790912868245462,1237661949186408622,CG4,HMCG:231,Satellite,10.28359,0.031106989,0.1496728826525962,0.008943292475185868,0.14072959017741032,
FIREFLY MILES light-weighted,Control4C,1,0.14856477773764276,0.14790912868245462,1237661949186408636,CG4,HMCG:231,Satellite,10.11996,0.03296177,-0.059074962477950764,-0.02817906782522729,-0.030895894652723473,
FIREFLY MILES light-weighted,Control4C,1,0.14856477773764276,0.14790912868245462,1237661949186474090,CG4,HMCG:231,Satellite,9.885147,0.031880888,-0.07939644884409477,-0.08145055098370049,0.002054102139605718,
FIREFLY MILES light-weighted,Control4C,1,0.14856477773764276,0.14790912868245462,1237661873482891502,CG4,HMCG:239,Satellite,10.53413,0.034138858,0.0714113894018661,0.06578272381213819,0.00562866558972791,
FIREFLY MILES light-weighted,Control4C,1,0.14856477773764276,0.14790912868245462,1237661873482956896,CG4,HMCG:239,Satellite,9.939357,0.03518227,-0.1549517826247632,-0.06915205344727454,-0.08579972917748865,
FIREFLY MILES light-weighted,Control4C,1,0.14856477773764276,0.14790912868245462,1237661873482891322,CG4,HMCG:239,Satellite,9.557428,0.035365357,-0.6553778665466884,-0.15579940385475802,-0.4995784626919304,
FIREFLY MILES light-weighted,Control4C,1,0.14856477773764276,0.14790912868245462,1237661418747461854,CG4,HMCG:259,Satellite,10.18736,0.03516477,-0.1983087080057814,-0.012888185442731251,-0.18542052256305014,
FIREFLY MILES light-weighted,Control4C,1,0.14856477773764276,0.14790912868245462,1237661418747527234,CG4,HMCG:259,Satellite,9.993683,0.035529209,-0.00036000557862243517,-0.05682723925867644,0.056467233680054005,
FIREFLY MILES light-weighted,Control4C,1,0.14856477773764276,0.14790912868245462,1237661418747461776,CG4,HMCG:259,Satellite,9.836478,0.036049126,-0.09708903351335806,-0.09249197464354789,-0.004597058869810169,
FIREFLY MILES light-weighted,Control4C,1,0.14856477773764276,0.14790912868245462,1237667783918092311,CG4,HMCG:265,Satellite,10.70653,0.028654471,0.25779277210434204,0.10489471376380538,0.15289805834053666,
FIREFLY MILES light-weighted,Control4C,1,0.14856477773764276,0.14790912868245462,1237667783918092359,CG4,HMCG:265,Satellite,10.07185,0.028556928,-0.16328380351680608,-0.03909367244573042,-0.12419013107107565,
FIREFLY MILES light-weighted,Control4C,1,0.14856477773764276,0.14790912868245462,1237667783918092392,CG4,HMCG:265,Satellite,9.538691,0.028359654,-0.055778624700305444,-0.16005022378355369,0.10427159908324823,
FIREFLY MILES light-weighted,Control4C,1,0.14856477773764276,0.14790912868245462,1237655368756625588,CG4,HMCG:271,Satellite,10.46189,0.036427232,-0.1983087080057814,0.04939380180454901,-0.24770250981033043,
FIREFLY MILES light-weighted,Control4C,1,0.14856477773764276,0.14790912868245462,1237655463774126344,CG4,HMCG:271,Satellite,10.56311,0.037375284,0.09756027280667182,0.07235734950122943,0.025202923305442382,
FIREFLY MILES light-weighted,Control4C,1,0.14856477773764276,0.14790912868245462,1237655463774126308,CG4,HMCG:271,Satellite,9.29801,0.035947135,-0.27817389220561206,-0.21465296655360674,-0.06352092565200532,
FIREFLY MILES light-weighted,Control4C,1,0.14856477773764276,0.14790912868245462,1237651273515794443,CG4,HMCG:276,Satellite,10.58702,0.031341658,0.0383308008134032,0.07778175599626647,-0.03945095518286327,
FIREFLY MILES light-weighted,Control4C,1,0.14856477773764276,0.14790912868245462,1237651273515794622,CG4,HMCG:276,Satellite,10.54362,0.031391579,0.20887785021412927,0.06793569820100925,0.14094215201312002,
FIREFLY MILES light-weighted,Control4C,1,0.14856477773764276,0.14790912868245462,1237661418750476312,CG4,HMCG:293,Satellite,10.37387,0.042938608,0.09756027280667182,0.02942490763084991,0.0681353651758219,
FIREFLY MILES light-weighted,Control4C,1,0.14856477773764276,0.14790912868245462,1237661418750476514,CG4,HMCG:293,Satellite,10.17349,0.04335545,0.09756027280667182,-0.016034840318773294,0.11359511312544511,
FIREFLY MILES light-weighted,Control4C,1,0.14856477773764276,0.14790912868245462,1237661418750476491,CG4,HMCG:293,Satellite,10.06265,0.041218562,-0.1983087080057814,-0.041180855204172015,-0.1571278528016094,
FIREFLY MILES light-weighted,Control4C,1,0.14856477773764276,0.14790912868245462,1237665567146115211,CG4,HMCG:303,Satellite,10.97938,0.040641983,0.15171420698334523,0.16679556328997883,-0.015081356306633598,
FIREFLY MILES light-weighted,Control4C,1,0.14856477773764276,0.14790912868245462,1237665567146115095,CG4,HMCG:303,Satellite,10.6238,0.040967928,0.09756027280667182,0.0861259496762099,0.011434323130461915,
FIREFLY MILES light-weighted,Control4C,1,0.14856477773764276,0.14790912868245462,1237667912217919745,CG4,HMCG:303,Satellite,9.44488,0.040508376,-0.23640805378214774,-0.1813329087566154,-0.055075145025532346,
FIREFLY MILES light-weighted,Control4C,1,0.14856477773764276,0.14790912868245462,1237648704057573499,CG4,HMCG:309,Satellite,10.94819,0.044070931,0.2365435592168414,0.15971956000347937,0.07682399921336203,
FIREFLY MILES light-weighted,Control4C,1,0.14856477773764276,0.14790912868245462,1237648704057573747,CG4,HMCG:309,Satellite,10.1377,0.044202509,-0.03966200463502764,-0.024154434984493156,-0.015507569650534486,
FIREFLY MILES light-weighted,Control4C,1,0.14856477773764276,0.14790912868245462,1237648704057573731,CG4,HMCG:309,Satellite,9.65169,0.045151508,-0.16328380351680608,-0.13441440155299444,-0.02886940196381163,
FIREFLY MILES light-weighted,Control4C,1,0.14856477773764276,0.14790912868245462,1237655468597182863,CG4,HMCG:315,Satellite,10.81956,0.045066291,0.17548977917257252,0.1305375688927894,0.044952210279783134,
FIREFLY MILES light-weighted,Control4C,1,0.14856477773764276,0.14790912868245462,1237655468597182871,CG4,HMCG:315,Satellite,10.15596,0.042962366,0.07385466443403327,-0.02001183094436887,0.09386649537840214,
FIREFLY MILES light-weighted,Control4C,1,0.14856477773764276,0.14790912868245462,1237651735776461018,CG4,HMCG:315,Satellite,10.10781,0.044704003,-0.00036000557862243517,-0.030935510272517064,0.03057550469389463,
FIREFLY MILES light-weighted,Control4C,1,0.14856477773764276,0.14790912868245462,1237667733988573355,CG4,HMCG:316,Satellite,10.73503,0.034142129,0.09524713375865783,0.11136044296115154,-0.01611330920249371,
FIREFLY MILES light-weighted,Control4C,1,0.14856477773764276,0.14790912868245462,1237667733988573424,CG4,HMCG:316,Satellite,9.97814,0.033926967,-0.11931785883562805,-0.06035344378198733,-0.05896441505364072,
FIREFLY MILES light-weighted,Control4C,1,0.14856477773764276,0.14790912868245462,1237667733988638844,CG4,HMCG:316,Satellite,10.19986,0.034613348,0.005382592656735859,-0.010052339303544433,0.015434931960280292,
FIREFLY MILES light-weighted,Control4C,1,0.14856477773764276,0.14790912868245462,1237659131675148382,CG4,HMCG:322,Satellite,10.49287,0.037369636,0.09524713375865783,0.05642216287590993,0.038824970882747896,
FIREFLY MILES light-weighted,Control4C,1,0.14856477773764276,0.14790912868245462,1237659131675148445,CG4,HMCG:322,Satellite,9.665421,0.036760692,-0.3494804335956705,-0.13129928128602034,-0.21818115230965016,
FIREFLY MILES light-weighted,Control4C,1,0.14856477773764276,0.14790912868245462,1237659131675148384,CG4,HMCG:322,Satellite,9.720794,0.037324736,-0.003260164289578826,-0.11873693662480439,0.11547677233522556,
FIREFLY MILES light-weighted,Control4C,1,0.14856477773764276,0.14790912868245462,1237661950272471191,CG4,HMCG:323,Satellite,10.85098,0.044823877,0.21946008747208545,0.13766575174824994,0.08179433572383552,
FIREFLY MILES light-weighted,Control4C,1,0.14856477773764276,0.14790912868245462,1237661950272471287,CG4,HMCG:323,Satellite,10.123,0.046002131,0.056455848346987726,-0.02748939004417733,0.08394523839116505,
FIREFLY MILES light-weighted,Control4C,1,0.14856477773764276,0.14790912868245462,1237661950272471275,CG4,HMCG:323,Satellite,10.00999,0.045112785,0.13510815202267923,-0.053127707819338815,0.18823585984201804,
FIREFLY MILES light-weighted,Control4C,1,0.14856477773764276,0.14790912868245462,1237662198284157251,CG4,HMCG:330,Satellite,10.21111,0.035030819,-0.16328380351680608,-0.007500077778276049,-0.15578372573853003,
FIREFLY MILES light-weighted,Control4C,1,0.14856477773764276,0.14790912868245462,1237662198284157166,CG4,HMCG:330,Satellite,10.05386,0.035279354,-0.28368883398995764,-0.04317502220924817,-0.24051381178070946,
FIREFLY MILES light-weighted,Control4C,1,0.14856477773764276,0.14790912868245462,1237662264859689260,CG4,HMCG:330,Satellite,9.846138,0.034608491,-0.16328380351680608,-0.09030043274718413,-0.07298337076962194,
FIREFLY MILES light-weighted,Control4C,1,0.14856477773764276,0.14790912868245462,1237665549969588377,CG4,HMCG:333,Satellite,11.00099,0.040383368,0.12003830018504674,0.17169817409540505,-0.05165987391035831,
FIREFLY MILES light-weighted,Control4C,1,0.14856477773764276,0.14790912868245462,1237665549969653903,CG4,HMCG:333,Satellite,10.71608,0.039499961,0.20887785021412927,0.107061300214144,0.10181654999998527,
FIREFLY MILES light-weighted,Control4C,1,0.14856477773764276,0.14790912868245462,1237659163880914976,CG4,HMCG:337,Satellite,10.84051,0.037435089,0.12003830018504674,0.13529044702206697,-0.015252146837020225,
FIREFLY MILES light-weighted,Control4C,1,0.14856477773764276,0.14790912868245462,1237659163880915172,CG4,HMCG:337,Satellite,10.41213,0.03704811,0.1455612218657134,0.03810486549367327,0.10745635637204014,
FIREFLY MILES light-weighted,Control4C,1,0.14856477773764276,0.14790912868245462,1237659163880915192,CG4,HMCG:337,Satellite,9.389134,0.037461025,-0.3305265412590219,-0.19397987506662465,-0.13654666619239728,
FIREFLY MILES light-weighted,Control4C,1,0.14856477773764276,0.14790912868245462,1237662238560682220,CG4,HMCG:341,Satellite,10.46116,0.044457504,0.09986115685840526,0.049228188390020314,0.05063296846838494,
FIREFLY MILES light-weighted,Control4C,1,0.14856477773764276,0.14790912868245462,1237662238560682390,CG4,HMCG:341,Satellite,10.38773,0.043133026,0.0383308008134032,0.03256929382998028,0.005761506983422919,
FIREFLY MILES light-weighted,Control4C,1,0.14856477773764276,0.14790912868245462,1237662697036251461,CG4,HMCG:354,Satellite,10.38694,0.032771708,-0.26203736643140163,0.0323900683539836,-0.29442743478538524,
FIREFLY MILES light-weighted,Control4C,1,0.14856477773764276,0.14790912868245462,1237662697036251506,CG4,HMCG:354,Satellite,10.0752,0.03256581,-0.2949332821142268,-0.038333665680428064,-0.25659961643379875,
FIREFLY MILES light-weighted,Control4C,1,0.14856477773764276,0.14790912868245462,1237662697036251443,CG4,HMCG:354,Satellite,9.942271,0.032340632,-0.26203736643140163,-0.06849096099530713,-0.1935464054360945,
FIREFLY MILES light-weighted,Control4C,1,0.14856477773764276,0.14790912868245462,1237662306199666875,CG4,HMCG:360,Satellite,10.61419,0.031389482,0.12003830018504674,0.08394575116440328,0.03609254902064346,
FIREFLY MILES light-weighted,Control4C,1,0.14856477773764276,0.14790912868245462,1237662306199666769,CG4,HMCG:360,Satellite,10.17981,0.031936674,-0.059074962477950764,-0.014601036510800233,-0.04447392596715053,
FIREFLY MILES light-weighted,Control4C,1,0.14856477773764276,0.14790912868245462,1237662306199667123,CG4,HMCG:360,Satellite,9.700494,0.030482318,-0.04283781747327553,-0.12334235075484382,0.08050453328156829,
FIREFLY MILES light-weighted,Control4C,1,0.14856477773764276,0.14790912868245462,1237665534931894452,CG4,HMCG:368,Satellite,10.4544,0.039748795,0.09986115685840526,0.04769456279794802,0.05216659406045723,
FIREFLY MILES light-weighted,Control4C,1,0.14856477773764276,0.14790912868245462,1237665534931894732,CG4,HMCG:368,Satellite,9.559221,0.039579797,0.03567863566659506,-0.1553926300845528,0.19107126575114786,
FIREFLY MILES light-weighted,Control4C,1,0.14856477773764276,0.14790912868245462,1237665534931894453,CG4,HMCG:368,Satellite,9.0988,0.038621459,-0.07939644884409477,-0.2598472793046016,0.18045083046050683,
FIREFLY MILES light-weighted,Control4C,1,0.14856477773764276,0.14790912868245462,1237665535468765571,CG4,HMCG:369,Satellite,10.33094,0.038238707,0.1943547474969782,0.01968547765042611,0.1746692698465521,
FIREFLY MILES light-weighted,Control4C,1,0.14856477773764276,0.14790912868245462,1237665535468765464,CG4,HMCG:369,Satellite,10.13071,0.038334232,0.09524713375865783,-0.025740240145526533,0.12098737390418436,
FIREFLY MILES light-weighted,Control4C,1,0.14856477773764276,0.14790912868245462,1237665535468765536,CG4,HMCG:369,Satellite,10.02802,0.03872658,0.0383308008134032,-0.049037283348175614,0.08736808416157882,
FIREFLY MILES light-weighted,Control4C,1,0.14856477773764276,0.14790912868245462,1237662504832270396,CG4,HMCG:373,Satellite,10.72501,0.031679013,0.24319337424724807,0.10908722869597906,0.134106145551269,
FIREFLY MILES light-weighted,Control4C,1,0.14856477773764276,0.14790912868245462,1237662300835807413,CG4,HMCG:373,Satellite,9.997313,0.031563206,-0.1983087080057814,-0.0560037095398567,-0.1423049984659247,
FIREFLY MILES light-weighted,Control4C,1,0.14856477773764276,0.14790912868245462,1237662300835807439,CG4,HMCG:373,Satellite,10.15571,0.031420599,0.12003830018504674,-0.020068547867152883,0.14010684805219964,
FIREFLY MILES light-weighted,Control4C,1,0.14856477773764276,0.14790912868245462,1237668272452862530,CG4,HMCG:374,Satellite,11.02459,0.040781514,0.17741355266189243,0.1770522516061901,0.00036130105570233995,
FIREFLY MILES light-weighted,Control4C,1,0.14856477773764276,0.14790912868245462,1237668272452862219,CG4,HMCG:374,Satellite,10.51,0.041151697,0.09756027280667182,0.06030840642505174,0.03725186638162008,
FIREFLY MILES light-weighted,Control4C,1,0.14856477773764276,0.14790912868245462,1237668272452862569,CG4,HMCG:374,Satellite,10.27495,0.043289451,0.12439759440607599,0.00698315562377988,0.11741443878229611,
FIREFLY MILES light-weighted,Control4C,1,0.14856477773764276,0.14790912868245462,1237662225165451914,CG4,HMCG:386,Satellite,9.771627,0.037617252,-0.1549517826247632,-0.10720457128134087,-0.04774721134342233,
FIREFLY MILES light-weighted,Control4C,1,0.14856477773764276,0.14790912868245462,1237662225165517232,CG4,HMCG:386,Satellite,9.334122,0.03590971,-0.1117810674162761,-0.20646032049134086,0.09467925307506476,
FIREFLY MILES light-weighted,Control4C,1,0.14856477773764276,0.14790912868245462,1237662225165517146,CG4,HMCG:386,Satellite,9.904181,0.037288725,0.08586937063632526,-0.07713235135063781,0.16300172198696306,
FIREFLY MILES light-weighted,Control4C,1,0.14856477773764276,0.14790912868245462,1237659329780121629,CG4,HMCG:393,Satellite,10.79478,0.032930425,0.03567863566659506,0.12491578750646515,-0.08923715183987009,
FIREFLY MILES light-weighted,Control4C,1,0.14856477773764276,0.14790912868245462,1237659324957327415,CG4,HMCG:393,Satellite,10.94994,0.032132605,0.210659559924703,0.16011657846296543,0.05054298146173758,
FIREFLY MILES light-weighted,Control4C,1,0.14856477773764276,0.14790912868245462,1237659324957262004,CG4,HMCG:393,Satellite,10.42246,0.032102064,0.1393198083248698,0.040448408743097325,0.09887139958177246,
FIREFLY MILES light-weighted,Control4C,1,0.14856477773764276,0.14790912868245462,1237655473969299673,CG4,HMCG:394,Satellite,10.59221,0.037437283,-0.1983087080057814,0.07895919931325666,-0.27726790731903805,
FIREFLY MILES light-weighted,Control4C,1,0.14856477773764276,0.14790912868245462,1237655473969299957,CG4,HMCG:394,Satellite,10.10081,0.038210211,0.030325216163527402,-0.03252358411046209,0.0628488002739895,
FIREFLY MILES light-weighted,Control4C,1,0.14856477773764276,0.14790912868245462,1237655375185117425,CG4,HMCG:394,Satellite,9.950853,0.038522573,-0.1983087080057814,-0.0665439824699868,-0.1317647255357946,
FIREFLY MILES light-weighted,Control4C,1,0.14856477773764276,0.14790912868245462,1237662302452974056,CG4,HMCG:405,Satellite,10.18556,0.030044206,-0.07594282963262874,-0.013296547286774027,-0.06264628234585472,
FIREFLY MILES light-weighted,Control4C,1,0.14856477773764276,0.14790912868245462,1237662302452974098,CG4,HMCG:405,Satellite,9.70164,0.03075243,-0.35598675464406754,-0.12308236038080347,-0.23290439426326406,
FIREFLY MILES light-weighted,Control4C,1,0.14856477773764276,0.14790912868245462,1237662302453039694,CG4,HMCG:405,Satellite,10.16291,0.031032235,0.16966679416987027,-0.01843510049098096,0.18810189466085123,
FIREFLY MILES light-weighted,Control4C,1,0.14856477773764276,0.14790912868245462,1237667444048723989,Control4C,Lim:1,Satellite,10.10531,0.026345716,-0.1387524855065975,-0.03150267950035475,-0.10724980600624275,
FIREFLY MILES light-weighted,Control4C,1,0.14856477773764276,0.14790912868245462,1237667324334571728,Control4C,Lim:1,Satellite,10.77007,0.028073472,0.24319337424724807,0.11930988685852058,0.1238834873887275,
FIREFLY MILES light-weighted,Control4C,1,0.14856477773764276,0.14790912868245462,1237667324334637085,Control4C,Lim:1,Satellite,10.56681,0.022138045,0.09756027280667182,0.07319675995842885,0.024363512848242966,
FIREFLY MILES light-weighted,Control4C,1,0.14856477773764276,0.14790912868245462,1237665531723317440,Control4C,Lim:3,Satellite,10.36998,0.039873551,0.09756027280667182,0.028542392312334883,0.06901788049433694,
FIREFLY MILES light-weighted,Control4C,1,0.14856477773764276,0.14790912868245462,1237665549437632547,Control4C,Lim:3,Satellite,10.85425,0.038623973,0.18878060169439917,0.13840760909826139,0.05037299259613778,
FIREFLY MILES light-weighted,Control4C,1,0.14856477773764276,0.14790912868245462,1237665531723317728,Control4C,Lim:3,Satellite,10.55924,0.039880689,0.0714113894018661,0.07147937153653734,-6.798213467124059e-05,
FIREFLY MILES light-weighted,Control4C,1,0.14856477773764276,0.14790912868245462,1237668293912690764,Control4C,Lim:5,Satellite,10.65805,0.022176794,0.210659559924703,0.09389616809758226,0.11676339182712074,
FIREFLY MILES light-weighted,Control4C,1,0.14856477773764276,0.14790912868245462,1237667915953537163,Control4C,Lim:5,Satellite,10.42409,0.019927185,0.19985798101343002,0.04081820307964741,0.1590397779337826,
FIREFLY MILES light-weighted,Control4C,1,0.14856477773764276,0.14790912868245462,1237665535465619617,Control4C,Lim:6,Satellite,10.67853,0.04197471,0.12003830018504674,0.09854241841202643,0.02149588177302031,
FIREFLY MILES light-weighted,Control4C,1,0.14856477773764276,0.14790912868245462,1237665535465619750,Control4C,Lim:6,Satellite,10.51975,0.044168681,-0.009119148331831268,0.06252036641361768,-0.07163951474544894,
FIREFLY MILES light-weighted,Control4C,1,0.14856477773764276,0.14790912868245462,1237654879665586216,Control4C,Lim:13,Satellite,11.09042,0.027379103,0.16376467280347848,0.19198695171360444,-0.028222278910125964,
FIREFLY MILES light-weighted,Control4C,1,0.14856477773764276,0.14790912868245462,1237651821637533715,Control4C,Lim:13,Satellite,10.72383,0.028283246,0.210659559924703,0.10881952482043988,0.10184003510426312,
FIREFLY MILES light-weighted,Control4C,1,0.14856477773764276,0.14790912868245462,1237654879665586208,Control4C,Lim:13,Satellite,10.31337,0.028092878,0.09986115685840526,0.015699412317185066,0.08416174454122019,
FIREFLY MILES light-weighted,Control4C,1,0.14856477773764276,0.14790912868245462,1237667254009200667,Control4C,Lim:27,Satellite,10.79766,0.031796087,0.20167700383058246,0.12556916645693408,0.07610783737364837,
FIREFLY MILES light-weighted,Control4C,1,0.14856477773764276,0.14790912868245462,1237667254009200743,Control4C,Lim:27,Satellite,10.00818,0.029779591,-0.07939644884409477,-0.05353833834029326,-0.025858110503801518,
FIREFLY MILES light-weighted,Control4C,1,0.14856477773764276,0.14790912868245462,1237667254009200956,Control4C,Lim:27,Satellite,10.09159,0.034727943,0.09524713375865783,-0.03461530422272621,0.12986243798138403,
FIREFLY MILES light-weighted,Control4C,1,0.14856477773764276,0.14790912868245462,1237662237485629618,Control4C,Lim:32,Satellite,10.93999,0.031619706,0.09986115685840526,0.1578592449361726,-0.05799808807776734,
FIREFLY MILES light-weighted,Control4C,1,0.14856477773764276,0.14790912868245462,1237662237485564390,Control4C,Lim:32,Satellite,10.48343,0.031703154,0.09756027280667182,0.054280531871596,0.04327974093507582,
FIREFLY MILES light-weighted,Control4C,1,0.14856477773764276,0.14790912868245462,1237662237485629623,Control4C,Lim:32,Satellite,10.30766,0.039272907,-0.17608941330805536,0.014403997800804327,-0.1904934111088597,
FIREFLY MILES light-weighted,Control4C,1,0.14856477773764276,0.14790912868245462,1237667915955568663,Control4C,Lim:33,Satellite,11.15814,0.025515097,0.2855971362609545,0.20735043175726373,0.07824670450369078,
FIREFLY MILES light-weighted,Control4C,1,0.14856477773764276,0.14790912868245462,1237667915955568665,Control4C,Lim:33,Satellite,10.56122,0.022858302,0.17741355266189243,0.07192856956498447,0.10548498309690796,
FIREFLY MILES light-weighted,Control4C,1,0.14856477773764276,0.14790912868245462,1237667915955568664,Control4C,Lim:33,Satellite,9.977231,0.023391063,-0.059074962477950764,-0.06055966651322901,0.001484704035278249,
FIREFLY MILES light-weighted,Control4C,1,0.14856477773764276,0.14790912868245462,1237658612519141394,Control4C,Lim:37,Satellite,9.655659,0.032304183,-0.0899253200661028,-0.13351396368687987,0.043588643620777065,
FIREFLY MILES light-weighted,Control4C,1,0.14856477773764276,0.14790912868245462,1237658612519141391,Control4C,Lim:37,Satellite,10.32373,0.032193274,0.0714113894018661,0.018049761597342923,0.05336162780452318,
FIREFLY MILES light-weighted,Control4C,1,0.14856477773764276,0.14790912868245462,1237658612519141393,Control4C,Lim:37,Satellite,10.32656,0.033437396,0.0714113894018661,0.018691797163255128,0.052719592238610974,
FIREFLY MILES light-weighted,Control4C,1,0.14856477773764276,0.14790912868245462,1237663789031948360,Control4C,Lim:39,Satellite,11.00035,0.026912129,0.21946008747208545,0.17155297877307854,0.04790710869900691,
FIREFLY MILES light-weighted,Control4C,1,0.14856477773764276,0.14790912868245462,1237663918416199874,Control4C,Lim:39,Satellite,10.43363,0.027838199,0.0383308008134032,0.0429825208530752,-0.004651720039672,
FIREFLY MILES light-weighted,Control4C,1,0.14856477773764276,0.14790912868245462,1237663789031948495,Control4C,Lim:39,Satellite,10.30883,0.027739614,0.12003830018504674,0.014669432999432255,0.10536886718561449,
FIREFLY MILES light-weighted,Control4C,1,0.14856477773764276,0.14790912868245462,1237662266464338197,Control4C,Lim:40,Satellite,10.33237,0.037397426,0.0383308008134032,0.020009898448748904,0.018320902364654293,
FIREFLY MILES light-weighted,Control4C,1,0.14856477773764276,0.14790912868245462,1237667292659384425,Control4C,Lim:46,Satellite,10.95581,0.042492906,0.27037041250145794,0.1614482918099276,0.10892212069153034,
FIREFLY MILES light-weighted,Control4C,1,0.14856477773764276,0.14790912868245462,1237667429563039946,Control4C,Lim:46,Satellite,10.77347,0.040998059,0.20167700383058246,0.12008123700837925,0.08159576682220321,
FIREFLY MILES light-weighted,Control4C,1,0.14856477773764276,0.14790912868245462,1237667292659384413,Control4C,Lim:46,Satellite,10.74403,0.039365343,0.09986115685840526,0.11340225218136624,-0.01354109532296098,
FIREFLY MILES light-weighted,Control4C,1,0.14856477773764276,0.14790912868245462,1237655743485575194,Control4C,Lim:50,Satellite,10.6796,0.037235484,0.17548977917257252,0.09878516684154091,0.07670461233103161,
FIREFLY MILES light-weighted,Control4C,1,0.14856477773764276,0.14790912868245462,1237655743485575567,Control4C,Lim:50,Satellite,10.70261,0.039192434,0.12003830018504674,0.10400539241455616,0.016032907770490587,
FIREFLY MILES light-weighted,Control4C,1,0.14856477773764276,0.14790912868245462,1237665534931894707,Control4C,Lim:51,Satellite,10.71151,0.039089759,0.05898447772959352,0.10602451486565742,-0.0470400371360639,
FIREFLY MILES light-weighted,Control4C,1,0.14856477773764276,0.14790912868245462,1237665534931894706,Control4C,Lim:51,Satellite,10.07825,0.039790449,0.19985798101343002,-0.03764171922246644,0.23749970023589645,
FIREFLY MILES light-weighted,Control4C,1,0.14856477773764276,0.14790912868245462,1237665534931894614,Control4C,Lim:51,Satellite,10.03511,0.036601573,-0.1983087080057814,-0.047428791418028804,-0.1508799165877526,
FIREFLY MILES light-weighted,Control4C,1,0.14856477773764276,0.14790912868245462,1237665428645740687,Control4C,Lim:61,Satellite,11.13935,0.035892438,0.210659559924703,0.20308758784083805,0.007571972083864953,
FIREFLY MILES light-weighted,Control4C,1,0.14856477773764276,0.14790912868245462,1237665428645806454,Control4C,Lim:61,Satellite,10.25857,0.032712162,0.005382592656735859,0.0032670628429892976,0.002115529813746561,
FIREFLY MILES light-weighted,Control4C,1,0.14856477773764276,0.14790912868245462,1237665428645740683,Control4C,Lim:61,Satellite,10.13674,0.033870438,0.24319337424724807,-0.024372227967982926,0.267565602215231,
FIREFLY MILES light-weighted,Control4C,1,0.14856477773764276,0.14790912868245462,1237661418212294942,Control4C,Lim:70,Satellite,10.82749,0.039913484,0.15778123442292644,0.13233662968348958,0.025444604739436855,
FIREFLY MILES light-weighted,Control4C,1,0.14856477773764276,0.14790912868245462,1237661418212294689,Control4C,Lim:70,Satellite,10.32451,0.04194942,0.210659559924703,0.018226718396428337,0.19243284152827467,
FIREFLY MILES light-weighted,Control4C,1,0.14856477773764276,0.14790912868245462,1237661418212294806,Control4C,Lim:70,Satellite,10.35795,0.042394712,0.18502454598632273,0.025813173987981483,0.15921137199834123,
FIREFLY MILES light-weighted,Control4C,1,0.14856477773764276,0.14790912868245462,1237667537465704588,Control4C,Lim:71,Satellite,11.26259,0.030400616,0.09524713375865783,0.23104676209631014,-0.1357996283376523,
FIREFLY MILES light-weighted,Control4C,1,0.14856477773764276,0.14790912868245462,1237667537465704789,Control4C,Lim:71,Satellite,10.2658,0.032822667,0.12439759440607599,0.004907316249895016,0.11949027815618098,
FIREFLY MILES light-weighted,Control4C,1,0.14856477773764276,0.14790912868245462,1237667537465704591,Control4C,Lim:71,Satellite,10.35007,0.032104315,0.0383308008134032,0.024025456581837988,0.014305344231565209,
FIREFLY MILES light-weighted,Control4C,1,0.14856477773764276,0.14790912868245462,1237667293189570761,Control4C,Lim:78,Satellite,10.29916,0.031441978,-0.1231358190374761,0.012475622426157247,-0.13561144146363335,
FIREFLY MILES light-weighted,Control4C,1,0.14856477773764276,0.14790912868245462,1237667293189505241,Control4C,Lim:78,Satellite,10.38578,0.029892251,0.09756027280667182,0.03212690183226734,0.06543337097440448,
FIREFLY MILES light-weighted,Control4C,1,0.14856477773764276,0.14790912868245462,1237667293189505124,Control4C,Lim:78,Satellite,10.13903,0.029343312,0.05135398835050857,-0.0238527009552838,0.07520668930579237,
FIREFLY MILES light-weighted,Control4C,1,0.14856477773764276,0.14790912868245462,1237662264323539208,Control4C,Lim:79,Satellite,10.80895,0.046631916,0.17548977917257252,0.12813050268984752,0.047359276482725005,
FIREFLY MILES light-weighted,Control4C,1,0.14856477773764276,0.14790912868245462,1237662303519834621,Control4C,Lim:85,Satellite,10.16176,0.029780845,-0.1983087080057814,-0.018695998335786362,-0.17961270966999504,
FIREFLY MILES light-weighted,Control4C,1,0.14856477773764276,0.14790912868245462,1237662262169108543,Control4C,Lim:94,Satellite,10.90813,0.026592412,0.27037041250145794,0.15063124029661282,0.11973917220484512,
FIREFLY MILES light-weighted,Control4C,1,0.14856477773764276,0.14790912868245462,1237662262169174037,Control4C,Lim:94,Satellite,10.66302,0.024694434,0.24319337424724807,0.09502370052252304,0.14816967372472503,
FIREFLY MILES light-weighted,Control4C,1,0.14856477773764276,0.14790912868245462,1237662236405530754,Control4C,Lim:94,Satellite,10.29197,0.025395071,0.0714113894018661,0.01084444372689658,0.06056694567496952,
FIREFLY MILES light-weighted,Control4C,1,0.14856477773764276,0.14790912868245462,1237664289935261842,Control4C,Lim:95,Satellite,10.58066,0.023723414,0.15374598130109055,0.07633887748064795,0.0774071038204426,
FIREFLY MILES light-weighted,Control4C,1,0.14856477773764276,0.14790912868245462,1237662529523744971,Control4C,Lim:95,Satellite,10.1766,0.025260747,0.2497426581440827,-0.015329281799343286,0.265071939943426,
FIREFLY MILES light-weighted,Control4C,1,0.14856477773764276,0.14790912868245462,1237664289935196255,Control4C,Lim:95,Satellite,9.749861,0.022537718,-0.059074962477950764,-0.11214257344658468,0.05306761096863392,
FIREFLY MILES light-weighted,Control4C,1,0.14856477773764276,0.14790912868245462,1237662337335033958,Control4C,Lim:96,Satellite,11.07628,0.033769466,0.0383308008134032,0.18877904256095626,-0.15044824174755306,
FIREFLY MILES light-weighted,Control4C,1,0.14856477773764276,0.14790912868245462,1237661465457524828,Control4C,Lim:96,Satellite,10.74545,0.036827836,0.0383308008134032,0.11372440430277778,-0.07539360348937457,
FIREFLY MILES light-weighted,Control4C,1,0.14856477773764276,0.14790912868245462,1237661465457590733,Control4C,Lim:96,Satellite,10.37836,0.035656689,0.1393198083248698,0.030443543564046,0.1088762647608238,
FIREFLY MILES light-weighted,Control4C,1,0.14856477773764276,0.14790912868245462,1237665016314593292,Control4C,Lim:99,Satellite,11.14927,0.044570684,0.09756027280667182,0.20533811533689666,-0.10777784253022485,
FIREFLY MILES light-weighted,Control4C,1,0.14856477773764276,0.14790912868245462,1237665016314593480,Control4C,Lim:99,Satellite,10.52246,0.046144938,0.15778123442292644,0.0631351778565935,0.09464605656633293,
FIREFLY MILES light-weighted,Control4C,1,0.14856477773764276,0.14790912868245462,1237665016314593453,Control4C,Lim:99,Satellite,10.21694,0.04184055,0.0383308008134032,-0.006177439138959337,0.044508239952362534,
FIREFLY MILES light-weighted,Control4C,1,0.14856477773764276,0.14790912868245462,1237661949737435262,Control4C,Lim:100,Satellite,10.64009,0.037498264,0.09756027280667182,0.08982162436479871,0.007738648441873108,
FIREFLY MILES light-weighted,Control4C,1,0.14856477773764276,0.14790912868245462,1237661949737435261,Control4C,Lim:100,Satellite,10.84218,0.03562865,0.1617793388380763,0.13566931606626254,0.026110022771813762,
FIREFLY MILES light-weighted,Control4C,1,0.14856477773764276,0.14790912868245462,1237653587406684481,Control4C,Lim:102,Satellite,10.4023,0.04353087,-0.00036000557862243517,0.03587475608981683,-0.036234761668439266,
FIREFLY MILES light-weighted,Control4C,1,0.14856477773764276,0.14790912868245462,1237653587406684570,Control4C,Lim:102,Satellite,10.42575,0.041128143,0.10442667462051756,0.0411948034469317,0.06323187117358586,
FIREFLY MILES light-weighted,Control4C,1,0.14856477773764276,0.14790912868245462,1237654654172070143,Control4C,Lim:102,Satellite,10.45582,0.041332051,-0.059074962477950764,0.048016714919359556,-0.10709167739731032,
FIREFLY MILES light-weighted,Control4C,1,0.14856477773764276,0.14790912868245462,1237664836462248240,Control4C,Lim:106,Satellite,10.9556,0.017675331,0.3003078152646575,0.16140064959478945,0.13890716566986805,
FIREFLY MILES light-weighted,Control4C,1,0.14856477773764276,0.14790912868245462,1237664836462182453,Control4C,Lim:106,Satellite,10.77991,0.01707702,0.210659559924703,0.12154226493928828,0.08911729498541472,
FIREFLY MILES light-weighted,Control4C,1,0.14856477773764276,0.14790912868245462,1237664836462248406,Control4C,Lim:106,Satellite,10.2449,0.018141573,0.09986115685840526,0.00016578150517414236,0.09969537535323111,
FIREFLY MILES light-weighted,Control4C,1,0.14856477773764276,0.14790912868245462,1237661139033784476,Control4C,Lim:112,Satellite,10.8829,0.023716402,0.15171420698334523,0.1449073684492777,0.006806838534067522,
FIREFLY MILES light-weighted,Control4C,1,0.14856477773764276,0.14790912868245462,1237661139033718922,Control4C,Lim:112,Satellite,10.25096,0.021506168,-0.14274598525968069,0.001540599713451933,-0.14428658497313263,
FIREFLY MILES light-weighted,Control4C,1,0.14856477773764276,0.14790912868245462,1237661139033718842,Control4C,Lim:112,Satellite,10.23854,0.022104655,0.17548977917257252,-0.00127709701044397,0.1767668761830165,
FIREFLY MILES light-weighted,Control4C,1,0.14856477773764276,0.14790912868245462,1237667782281134188,Control4C,Lim:120,Satellite,10.30175,0.029877846,-0.05250706908668513,0.013063209746196708,-0.06557027883288183,
FIREFLY MILES light-weighted,Control4C,1,0.14856477773764276,0.14790912868245462,1237661386003382586,Control4C,Lim:125,Satellite,10.58334,0.033272194,0.27037041250145794,0.07694688289288959,0.19342352960856835,
FIREFLY MILES light-weighted,Control4C,1,0.14856477773764276,0.14790912868245462,1237661386003317042,Control4C,Lim:125,Satellite,10.20257,0.029891264,0.03301017461500066,-0.00943752786056859,0.04244770247556925,
FIREFLY MILES light-weighted,Control4C,1,0.14856477773764276,0.14790912868245462,1237661386003382392,Control4C,Lim:125,Satellite,9.722244,0.030655297,-0.17608941330805536,-0.11840797847265866,-0.0576814348353967,
FIREFLY MILES light-weighted,Control4C,1,0.14856477773764276,0.14790912868245462,1237658300056666563,Control4C,Lim:129,Satellite,10.33882,0.031723619,-0.059074962477950764,0.02147319505656961,-0.08054815753452038,
FIREFLY MILES light-weighted,Control4C,1,0.14856477773764276,0.14790912868245462,1237658300056601430,Control4C,Lim:129,Satellite,10.0274,0.02756159,-0.055778624700305444,-0.0491779413166792,-0.006600683383626245,
FIREFLY MILES light-weighted,Control4C,1,0.14856477773764276,0.14790912868245462,1237658300056666431,Control4C,Lim:129,Satellite,10.24264,0.031416249,0.09756027280667182,-0.00034693947679079185,0.09790721228346261,
FIREFLY MILES light-weighted,Control4C,1,0.14856477773764276,0.14790912868245462,1237665025436811331,Control4C,Lim:131,Satellite,10.26061,0.035687611,-0.07939644884409477,0.0037298729329044225,-0.08312632177699919,
FIREFLY MILES light-weighted,Control4C,1,0.14856477773764276,0.14790912868245462,1237665128538833047,Control4C,Lim:131,Satellite,10.40073,0.036391121,0.04358703111597816,0.03551857381473472,0.008068457301243441,
FIREFLY MILES light-weighted,Control4C,1,0.14856477773764276,0.14790912868245462,1237665025436811410,Control4C,Lim:131,Satellite,10.16609,0.037048559,-0.0691168562521512,-0.017713661233171696,-0.0514031950189795,
FIREFLY MILES light-weighted,Control4C,1,0.14856477773764276,0.14790912868245462,1237661070326890555,Control4C,Lim:143,Satellite,10.76078,0.033781945,0.210659559924703,0.1172022860078768,0.0934572739168262,
FIREFLY MILES light-weighted,Control4C,1,0.14856477773764276,0.14790912868245462,1237664132091871251,Control4C,Lim:143,Satellite,10.68836,0.03581341,0.1455612218657134,0.10077252781588286,0.044788694049830546,
FIREFLY MILES light-weighted,Control4C,1,0.14856477773764276,0.14790912868245462,1237661070326890677,Control4C,Lim:143,Satellite,10.6484,0.033921035,0.11341619989012074,0.09170689487813018,0.02170930501199056,
FIREFLY MILES light-weighted,Control4C,1,0.14856477773764276,0.14790912868245462,1237661361833574526,Control4C,Lim:146,Satellite,10.46379,0.028287912,-0.16751050324578506,0.049824850417705235,-0.2173353536634903,
FIREFLY MILES light-weighted,Control4C,1,0.14856477773764276,0.14790912868245462,1237661434849132772,Control4C,Lim:146,Satellite,10.3408,0.029178465,0.09756027280667182,0.02192239308501675,0.07563787972165506,
FIREFLY MILES light-weighted,Control4C,1,0.14856477773764276,0.14790912868245462,1237661434849198303,Control4C,Lim:146,Satellite,9.901207,0.027275053,-0.10437295273032035,-0.07780705586407319,-0.026565896866247163,
FIREFLY MILES light-weighted,Control4C,1,0.14856477773764276,0.14790912868245462,1237662695961788698,Control4C,Lim:152,Satellite,10.4814,0.034126402,0.09756027280667182,0.053819990458592135,0.04374028234807968,
FIREFLY MILES light-weighted,Control4C,1,0.14856477773764276,0.14790912868245462,1237665129099559164,Control4C,Lim:152,Satellite,10.16135,0.035167086,-0.1983087080057814,-0.0187890140891514,-0.17951969391663,
FIREFLY MILES light-weighted,Control4C,1,0.14856477773764276,0.14790912868245462,1237667321647923349,Control4C,Lim:153,Satellite,10.18,0.022317384,0.04619148126786086,-0.014557931649484601,0.06074941291734546,
FIREFLY MILES light-weighted,Control4C,1,0.14856477773764276,0.14790912868245462,1237667442972688529,Control4C,Lim:153,Satellite,10.60498,0.022972178,0.0714113894018661,0.08185629972905002,-0.01044491032718392,
FIREFLY MILES light-weighted,Control4C,1,0.14856477773764276,0.14790912868245462,1237667322184794216,Control4C,Lim:153,Satellite,10.26661,0.020949215,0.27037041250145794,0.005091079079714227,0.2652793334217437,
FIREFLY MILES light-weighted,Control4C,1,0.14856477773764276,0.14790912868245462,1237664093439983708,Control4C,Lim:154,Satellite,11.16746,0.023709241,0.25619464247177454,0.2094648386386417,0.04672980383313283,
FIREFLY MILES light-weighted,Control4C,1,0.14856477773764276,0.14790912868245462,1237664668428599470,Control4C,Lim:154,Satellite,10.01048,0.022186783,-0.16328380351680608,-0.05301654265068287,-0.1102672608661232,
FIREFLY MILES light-weighted,Control4C,1,0.14856477773764276,0.14790912868245462,1237665567691374897,Control4C,Lim:157,Satellite,10.61432,0.036483557,0.09986115685840526,0.08397524396425052,0.01588591289415474,
FIREFLY MILES light-weighted,Control4C,1,0.14856477773764276,0.14790912868245462,1237665567691309503,Control4C,Lim:157,Satellite,10.43824,0.036513838,-0.07594282963262874,0.04402838090920726,-0.119971210541836,
FIREFLY MILES light-weighted,Control4C,1,0.14856477773764276,0.14790912868245462,1237665567691374851,Control4C,Lim:157,Satellite,10.56892,0.03859228,0.09524713375865783,0.07367545078672362,0.02157168297193421,
FIREFLY MILES light-weighted,Control4C,1,0.14856477773764276,0.14790912868245462,1237661381704548428,Control4C,Lim:174,Satellite,10.55274,0.036525767,0.12439759440607599,0.07000473154415993,0.054392862861916066,
FIREFLY MILES light-weighted,Control4C,1,0.14856477773764276,0.14790912868245462,1237661381704548426,Control4C,Lim:174,Satellite,10.44333,0.036325244,0.1393198083248698,0.045183137457084,0.0941366708677858,
FIREFLY MILES light-weighted,Control4C,1,0.14856477773764276,0.14790912868245462,1237661381704548427,Control4C,Lim:174,Satellite,10.25158,0.038258128,-0.1231358190374761,0.0016812576819559277,-0.12481707671943203,
FIREFLY MILES light-weighted,Control4C,1,0.14856477773764276,0.14790912868245462,1237661463842455568,Control4C,Lim:180,Satellite,10.74369,0.031894349,0.08586937063632526,0.11332511716638045,-0.027455746530055197,
FIREFLY MILES light-weighted,Control4C,1,0.14856477773764276,0.14790912868245462,1237662336256835778,Control4C,Lim:180,Satellite,10.48937,0.03130852,-0.10437295273032035,0.05562812595693741,-0.16000107868725777,
FIREFLY MILES light-weighted,Control4C,1,0.14856477773764276,0.14790912868245462,1237661463842390293,Control4C,Lim:180,Satellite,10.54508,0.032565796,-0.003260164289578826,0.06826692503006623,-0.07152708931964506,
FIREFLY MILES light-weighted,Control4C,1,0.14856477773764276,0.14790912868245462,1237667782827638813,Control4C,Lim:189,Satellite,10.71754,0.033299681,0.210659559924703,0.10739252704320101,0.10326703288150199,
FIREFLY MILES light-weighted,Control4C,1,0.14856477773764276,0.14790912868245462,1237667735575462006,Control4C,Lim:189,Satellite,10.7998,0.03254503,0.210659559924703,0.12605466331596266,0.08460489660874035,
FIREFLY MILES light-weighted,Control4C,1,0.14856477773764276,0.14790912868245462,1237658800967188592,Control4C,Lim:191,Satellite,11.0379,0.030210343,0.0383308008134032,0.18007186057519653,-0.14174105976179333,
FIREFLY MILES light-weighted,Control4C,1,0.14856477773764276,0.14790912868245462,1237658800967254132,Control4C,Lim:191,Satellite,10.68996,0.030762082,-0.0691168562521512,0.10113551612169877,-0.17025237237384996,
FIREFLY MILES light-weighted,Control4C,1,0.14856477773764276,0.14790912868245462,1237658800967254171,Control4C,Lim:191,Satellite,10.40467,0.030532891,0.0383308008134032,0.03641243251780647,0.0019183682955967243,
FIREFLY MILES light-weighted,Control4C,1,0.14856477773764276,0.14790912868245462,1237665023836881029,Control4C,Lim:200,Satellite,10.67207,0.036836955,0.18313426568763896,0.09707685312729447,0.08605741256034449,
FIREFLY MILES light-weighted,Control4C,1,0.14856477773764276,0.14790912868245462,1237665023836881158,Control4C,Lim:200,Satellite,10.51043,0.035279423,0.12003830018504674,0.060405959532239706,0.05963234065280704,
FIREFLY MILES light-weighted,Control4C,1,0.14856477773764276,0.14790912868245462,1237665023836880982,Control4C,Lim:200,Satellite,10.533,0.03801701,0.2855971362609545,0.06552636332115572,0.2200707729397988,
FIREFLY MILES light-weighted,Control4C,1,0.14856477773764276,0.14790912868245462,1237665427567673643,Control4C,Lim:202,Satellite,10.14837,0.041979199,0.0409668678813979,-0.021733756720083305,0.06270062460148121,
FIREFLY MILES light-weighted,Control4C,1,0.14856477773764276,0.14790912868245462,1237665427567673685,Control4C,Lim:202,Satellite,9.867218,0.038828889,0.0025206987823348363,-0.0855180618180593,0.08803876060039413,
FIREFLY MILES light-weighted,Control4C,1,0.14856477773764276,0.14790912868245462,1237668298739482674,Control4C,Lim:213,Satellite,10.94277,0.025159186,0.24319337424724807,0.15848993711752768,0.0847034371297204,
FIREFLY MILES light-weighted,Control4C,1,0.14856477773764276,0.14790912868245462,1237668298739482675,Control4C,Lim:213,Satellite,10.84823,0.026611289,0.01941624484406951,0.13704186559762865,-0.11762562075355915,
FIREFLY MILES light-weighted,Control4C,1,0.14856477773764276,0.14790912868245462,1237668298739548227,Control4C,Lim:213,Satellite,10.82279,0.024845811,0.09986115685840526,0.13127035153515537,-0.031409194676750116,
FIREFLY MILES light-weighted,Control4C,1,0.14856477773764276,0.14790912868245462,1237655348895416475,Control4C,Lim:214,Satellite,10.82224,0.031108379,0.18313426568763896,0.13114557430503143,0.05198869138260753,
FIREFLY MILES light-weighted,Control4C,1,0.14856477773764276,0.14790912868245462,1237655348895416498,Control4C,Lim:214,Satellite,10.20067,0.03285937,0.09986115685840526,-0.009868576473724813,0.10972973333213007,
FIREFLY MILES light-weighted,Control4C,1,0.14856477773764276,0.14790912868245462,1237655348895351215,Control4C,Lim:214,Satellite,10.19991,0.031462091,-0.009119148331831268,-0.010040995918987716,0.0009218475871564484,
FIREFLY MILES light-weighted,Control4C,1,0.14856477773764276,0.14790912868245462,1237667322179682330,Control4C,Lim:224,Satellite,11.00679,0.031092284,0.27037041250145794,0.17301400670398798,0.09735640579746996,
FIREFLY MILES light-weighted,Control4C,1,0.14856477773764276,0.14790912868245462,1237667322179616901,Control4C,Lim:224,Satellite,10.96804,0.029512256,0.15778123442292644,0.16422288367250826,-0.006441649249581821,
FIREFLY MILES light-weighted,Control4C,1,0.14856477773764276,0.14790912868245462,1237667429571231828,Control4C,Lim:224,Satellite,10.73344,0.032104418,0.210659559924703,0.1109997233322469,0.0996598365924561,
FIREFLY MILES light-weighted,Control4C,1,0.14856477773764276,0.14790912868245462,1237661850399473791,Control4C,Lim:226,Satellite,10.90483,0.03917879,0.04619148126786086,0.1498825769158676,-0.10369109564800674,
FIREFLY MILES light-weighted,Control4C,1,0.14856477773764276,0.14790912868245462,1237661871870509192,Control4C,Lim:226,Satellite,10.41802,0.036630272,0.21243398995807833,0.039441116194458364,0.17299287376361996,
FIREFLY MILES light-weighted,Control4C,1,0.14856477773764276,0.14790912868245462,1237661850399473802,Control4C,Lim:226,Satellite,9.836607,0.036937172,0.210659559924703,-0.0924627087113912,0.3031222686360942,
FIREFLY MILES light-weighted,Control4C,1,0.14856477773764276,0.14790912868245462,1237661064956280854,Control4C,Lim:227,Satellite,10.42155,0.033787328,0.1597848874207296,0.040241959144164674,0.11954292827656493,
FIREFLY MILES light-weighted,Control4C,1,0.14856477773764276,0.14790912868245462,1237661064956215526,Control4C,Lim:227,Satellite,10.11074,0.033122162,0.08110344385726691,-0.030270787937491814,0.11137423179475872,
FIREFLY MILES light-weighted,Control4C,1,0.14856477773764276,0.14790912868245462,1237661064956280858,Control4C,Lim:227,Satellite,9.848163,0.034528299,-0.11931785883562805,-0.08984102567263588,-0.02947683316299217,
FIREFLY MILES light-weighted,Control4C,1,0.14856477773764276,0.14790912868245462,1237651752929853497,Control4C,Lim:229,Satellite,10.9757,0.040541726,0.17741355266189243,0.16596069018660195,0.011452862475290482,
FIREFLY MILES light-weighted,Control4C,1,0.14856477773764276,0.14790912868245462,1237651752929788028,Control4C,Lim:229,Satellite,9.852804,0.040090732,-0.20752475187661884,-0.08878813271807828,-0.11873661915854056,
FIREFLY MILES light-weighted,Control4C,1,0.14856477773764276,0.14790912868245462,1237651752929853592,Control4C,Lim:229,Satellite,10.04733,0.040075797,-0.00036000557862243517,-0.04465646823235937,0.044296462653736934,
FIREFLY MILES light-weighted,Control4C,1,0.14856477773764276,0.14790912868245462,1237661971730333720,Control4C,Lim:242,Satellite,11.11341,0.024340655,0.3003078152646575,0.19720263993279716,0.10310517533186034,
FIREFLY MILES light-weighted,Control4C,1,0.14856477773764276,0.14790912868245462,1237671991875600389,Control4C,Lim:242,Satellite,10.54213,0.023471422,0.0383308008134032,0.06759766534121806,-0.029266864527814858,
FIREFLY MILES light-weighted,Control4C,1,0.14856477773764276,0.14790912868245462,1237661971730333900,Control4C,Lim:242,Satellite,10.11683,0.024711699,0.09524713375865783,-0.028889163698479825,0.12413629745713765,
FIREFLY MILES light-weighted,Control4C,1,0.14856477773764276,0.14790912868245462,1237665428108935458,Control4C,Lim:243,Satellite,10.91553,0.033483842,0.18878060169439917,0.15231006121101165,0.03647054048338752,
FIREFLY MILES light-weighted,Control4C,1,0.14856477773764276,0.14790912868245462,1237665428108935403,Control4C,Lim:243,Satellite,10.41888,0.033801083,0.17741355266189243,0.0396362224088343,0.13777733025305813,
FIREFLY MILES light-weighted,Control4C,1,0.14856477773764276,0.14790912868245462,1237665440998031805,Control4C,Lim:243,Satellite,10.26012,0.034374629,0.18878060169439917,0.003618707764248469,0.1851618939301507,
FIREFLY MILES light-weighted,Control4C,1,0.14856477773764276,0.14790912868245462,1237667447802429720,Control4C,Lim:244,Satellite,10.30935,0.022903051,0.24319337424724807,0.014787404198822407,0.22840597004842567,
FIREFLY MILES light-weighted,Control4C,1,0.14856477773764276,0.14790912868245462,1237667447802429774,Control4C,Lim:244,Satellite,10.08111,0.022887283,0.0383308008134032,-0.036992877625820444,0.07532367843922363,
FIREFLY MILES light-weighted,Control4C,1,0.14856477773764276,0.14790912868245462,1237667447802364057,Control4C,Lim:244,Satellite,9.72243,0.0224913,0.0025206987823348363,-0.11836578108210771,0.12088647986444255,
FIREFLY MILES light-weighted,Control4C,1,0.14856477773764276,0.14790912868245462,1237660342862872624,Control4C,Lim:260,Satellite,10.84296,0.041518139,0.3003078152646575,0.13584627286534753,0.16446154239930996,
FIREFLY MILES light-weighted,Control4C,1,0.14856477773764276,0.14790912868245462,1237660342862938375,Control4C,Lim:260,Satellite,10.39114,0.043763433,0.0882328635448647,0.03334291265675062,0.05488995088811408,
FIREFLY MILES light-weighted,Control4C,1,0.14856477773764276,0.14790912868245462,1237660342862938125,Control4C,Lim:260,Satellite,9.850019,0.042518235,-0.0899253200661028,-0.0894199592378894,-0.0005053608282134109,
FIREFLY MILES light-weighted,Control4C,1,0.14856477773764276,0.14790912868245462,1237664671645171895,Control4C,Lim:273,Satellite,10.62962,0.025918575,-0.00036000557862243517,0.08744631963861535,-0.08780632521723779,
FIREFLY MILES light-weighted,Control4C,1,0.14856477773764276,0.14790912868245462,1237664671645171915,Control4C,Lim:273,Satellite,10.42706,0.024341023,0.18878060169439917,0.041492000122318524,0.14728860157208065,
FIREFLY MILES light-weighted,Control4C,1,0.14856477773764276,0.14790912868245462,1237664671645237313,Control4C,Lim:273,Satellite,9.91104,0.026195603,-0.00036000557862243517,-0.07557626585714303,0.07521626027852059,
FIREFLY MILES light-weighted,Control4C,1,0.14856477773764276,0.14790912868245462,1237651822716518782,Control4C,Lim:286,Satellite,11.3475,0.03888261,0.3003078152646575,0.25031009775057966,0.04999771751407783,
FIREFLY MILES light-weighted,Control4C,1,0.14856477773764276,0.14790912868245462,1237651822716518783,Control4C,Lim:286,Satellite,10.6023,0.03708286,0.210659559924703,0.08124829431680838,0.12941126560789462,
FIREFLY MILES light-weighted,Control4C,1,0.14856477773764276,0.14790912868245462,1237654880207765798,Control4C,Lim:286,Satellite,10.69266,0.040584962,0.210659559924703,0.10174805888776334,0.10891150103693967,
FIREFLY MILES light-weighted,Control4C,1,0.14856477773764276,0.14790912868245462,1237662198821748956,Control4C,Lim:288,Satellite,10.6406,0.036476463,-0.1983087080057814,0.0899373268872772,-0.2882460348930586,
FIREFLY MILES light-weighted,Control4C,1,0.14856477773764276,0.14790912868245462,1237661949200433494,Control4C,Lim:288,Satellite,10.6462,0.038900822,0.1455612218657134,0.09120778595763322,0.054353435908080186,
FIREFLY MILES light-weighted,Control4C,1,0.14856477773764276,0.14790912868245462,1237662198821683697,Control4C,Lim:288,Satellite,10.45095,0.039206502,0.0383308008134032,0.04691186926353263,-0.008581068450129431,
FIREFLY MILES light-weighted,Control4C,1,0.14856477773764276,0.14790912868245462,1237663786883350690,Control4C,Lim:290,Satellite,10.49636,0.033785931,0.18878060169439917,0.05721393111797078,0.1315666705764284,
FIREFLY MILES light-weighted,Control4C,1,0.14856477773764276,0.14790912868245462,1237663916267536476,Control4C,Lim:290,Satellite,10.26113,0.034891183,0.09756027280667182,0.0038478441322945672,0.09371242867437725,
FIREFLY MILES light-weighted,Control4C,1,0.14856477773764276,0.14790912868245462,1237663916267536572,Control4C,Lim:290,Satellite,10.15468,0.034136571,0.03301017461500066,-0.020302221589021507,0.053312396204022165,
FIREFLY MILES light-weighted,Control4C,1,0.14856477773764276,0.14790912868245462,1237662266463486072,Control4C,Lim:291,Satellite,10.87034,0.035715649,0.17741355266189243,0.1420579102486229,0.03535564241326952,
FIREFLY MILES light-weighted,Control4C,1,0.14856477773764276,0.14790912868245462,1237662266463551701,Control4C,Lim:291,Satellite,9.941469,0.039217465,-0.00036000557862243517,-0.06867290888359742,0.06831290330497498,
FIREFLY MILES light-weighted,Control4C,1,0.14856477773764276,0.14790912868245462,1237668331491819552,Control4C,Lim:292,Satellite,10.97164,0.029132831,0.210659559924703,0.16503960736059425,0.04561995256410875,
FIREFLY MILES light-weighted,Control4C,1,0.14856477773764276,0.14790912868245462,1237668331491819554,Control4C,Lim:292,Satellite,10.51422,0.03131668,-0.10806121448408725,0.06126578808164129,-0.16932700256572852,
FIREFLY MILES light-weighted,Control4C,1,0.14856477773764276,0.14790912868245462,1237668331491819768,Control4C,Lim:292,Satellite,10.05564,0.030552913,-0.2892746251283065,-0.04277119771902792,-0.24650342740927855,
FIREFLY MILES light-weighted,Control4C,1,0.14856477773764276,0.14790912868245462,1237662238014308394,Control4C,Lim:293,Satellite,10.65349,0.021725027,0.07628427083243272,0.09286165142600693,-0.016577380593574206,
FIREFLY MILES light-weighted,Control4C,1,0.14856477773764276,0.14790912868245462,1237662238014439648,Control4C,Lim:293,Satellite,10.45781,0.020859279,0.09058356357502098,0.04846818162471836,0.04211538195030262,
FIREFLY MILES light-weighted,Control4C,1,0.14856477773764276,0.14790912868245462,1237661950276469020,Control4C,Lim:307,Satellite,10.60017,0.040703364,0.0383308008134032,0.08076506613469107,-0.04243426532128788,
FIREFLY MILES light-weighted,Control4C,1,0.14856477773764276,0.14790912868245462,1237662199360848014,Control4C,Lim:307,Satellite,9.293637,0.041670155,0.1287135660717291,-0.21564505896693978,0.3443586250386689,
FIREFLY MILES light-weighted,Control4C,1,0.14856477773764276,0.14790912868245462,1237654879130157152,Control4C,Lim:308,Satellite,10.54772,0.030094971,0.09986115685840526,0.06886585573466242,0.03099530112374284,
FIREFLY MILES light-weighted,Control4C,1,0.14856477773764276,0.14790912868245462,1237651821638975664,Control4C,Lim:308,Satellite,10.47545,0.028705914,0.12003830018504674,0.052470127696339054,0.0675681724887077,
FIREFLY MILES light-weighted,Control4C,1,0.14856477773764276,0.14790912868245462,1237654879130157270,Control4C,Lim:308,Satellite,10.4129,0.028016798,0.1496728826525962,0.03827955361584742,0.11139332903674878,
FIREFLY MILES light-weighted,Control4C,1,0.14856477773764276,0.14790912868245462,1237667911138672660,Control4C,Lim:312,Satellite,10.71048,0.031312712,0.09756027280667182,0.1057908411437884,-0.008230568337116578,
FIREFLY MILES light-weighted,Control4C,1,0.14856477773764276,0.14790912868245462,1237667911138672823,Control4C,Lim:312,Satellite,10.51164,0.028989575,0.04619148126786086,0.060680469438513095,-0.014488988170652237,
FIREFLY MILES light-weighted,Control4C,1,0.14856477773764276,0.14790912868245462,1237667447275257905,Control4C,Lim:312,Satellite,10.11859,0.030506902,-0.2727281867109631,-0.028489876562082503,-0.2442383101488806,
FIREFLY MILES light-weighted,Control4C,1,0.14856477773764276,0.14790912868245462,1237668294449758225,Control4C,Lim:313,Satellite,10.90092,0.024390482,0.24319337424724807,0.14899552424352963,0.09419785000371844,
FIREFLY MILES light-weighted,Control4C,1,0.14856477773764276,0.14790912868245462,1237667916490604564,Control4C,Lim:313,Satellite,10.22468,0.024493061,-0.47603553047401376,-0.004421483209574743,-0.471614047264439,
FIREFLY MILES light-weighted,Control4C,1,0.14856477773764276,0.14790912868245462,1237661433772310697,Control4C,Lim:329,Satellite,10.1433,0.042627874,-0.07594282963262874,-0.02288397591413753,-0.053058853718491214,
FIREFLY MILES light-weighted,Control4C,1,0.14856477773764276,0.14790912868245462,1237661433772245175,Control4C,Lim:329,Satellite,10.44704,0.041120386,0.09756027280667182,0.04602481659119467,0.05153545621547714,
FIREFLY MILES light-weighted,Control4C,1,0.14856477773764276,0.14790912868245462,1237661357008355381,Control4C,Lim:329,Satellite,10.20301,0.039649417,-0.1983087080057814,-0.009337706076468957,-0.18897100192931243,
FIREFLY MILES light-weighted,Control4C,1,0.14856477773764276,0.14790912868245462,1237665231058895034,Control4C,Lim:335,Satellite,10.78435,0.030648403,0.3003078152646575,0.12254955748792765,0.17775825777672985,
FIREFLY MILES light-weighted,Control4C,1,0.14856477773764276,0.14790912868245462,1237665231058960779,Control4C,Lim:335,Satellite,10.31901,0.032499096,-0.26203736643140163,0.016978946095186152,-0.27901631252658776,
FIREFLY MILES light-weighted,Control4C,1,0.14856477773764276,0.14790912868245462,1237665231058895145,Control4C,Lim:335,Satellite,10.04999,0.030729674,-0.055778624700305444,-0.04405300017394066,-0.011725624526364782,
FIREFLY MILES light-weighted,Control4C,1,0.14856477773764276,0.14790912868245462,1237661069250789503,Control4C,Lim:336,Satellite,10.44552,0.0340613,0.1287135660717291,0.04567997770066969,0.0830335883710594,
FIREFLY MILES light-weighted,Control4C,1,0.14856477773764276,0.14790912868245462,1237661069250789417,Control4C,Lim:336,Satellite,10.30373,0.03324323,0.16376467280347848,0.013512407774643846,0.15025226502883463,
FIREFLY MILES light-weighted,Control4C,1,0.14856477773764276,0.14790912868245462,1237659324412526747,Control4C,Lim:348,Satellite,10.84252,0.036466796,0.17548977917257252,0.1357464510812483,0.03974332809132422,
FIREFLY MILES light-weighted,Control4C,1,0.14856477773764276,0.14790912868245462,1237661388684067032,Control4C,Lim:348,Satellite,9.992289,0.036043278,0.12439759440607599,-0.05714349282011885,0.18154108722619483,
FIREFLY MILES light-weighted,Control4C,1,0.14856477773764276,0.14790912868245462,1237659324412461258,Control4C,Lim:348,Satellite,9.959712,0.038327589,0.11341619989012074,-0.06453416159422237,0.17795036148434312,
FIREFLY MILES light-weighted,Control4C,1,0.14856477773764276,0.14790912868245462,1237665442071970090,Control4C,Lim:350,Satellite,11.51988,0.040615817,0.27037041250145794,0.28941755034842387,-0.019047137846965934,
FIREFLY MILES light-weighted,Control4C,1,0.14856477773764276,0.14790912868245462,1237665442071969837,Control4C,Lim:350,Satellite,11.07163,0.038193769,-0.1983087080057814,0.18772410779717874,-0.3860328158029601,
FIREFLY MILES light-weighted,Control4C,1,0.14856477773764276,0.14790912868245462,1237665442071970062,Control4C,Lim:350,Satellite,10.28344,0.039434561,0.1287135660717291,0.008909262321515704,0.11980430375021339,
FIREFLY MILES light-weighted,Control4C,1,0.14856477773764276,0.14790912868245462,1237655348355203181,Control4C,Lim:351,Satellite,10.99695,0.019764432,0.3003078152646575,0.17078162862321988,0.1295261866414376,
FIREFLY MILES light-weighted,Control4C,1,0.14856477773764276,0.14790912868245462,1237655464856780879,Control4C,Lim:351,Satellite,10.27319,0.020562299,0.024904982184311565,0.006583868487382155,0.01832111369692941,
FIREFLY MILES light-weighted,Control4C,1,0.14856477773764276,0.14790912868245462,1237655348355203169,Control4C,Lim:351,Satellite,10.21323,0.019684368,0.24319337424724807,-0.007019118273070016,0.2502124925203181,
FIREFLY MILES light-weighted,Control4C,1,0.14856477773764276,0.14790912868245462,1237653612646432836,Control4C,Lim:387,Satellite,10.07872,0.036485974,-0.16328380351680608,-0.03753509140763302,-0.12574871210917304,
FIREFLY MILES light-weighted,Control4C,1,0.14856477773764276,0.14790912868245462,1237654654179803317,Control4C,Lim:387,Satellite,10.26558,0.03771172,0.1393198083248698,0.0048574053578452,0.13446240296702458,
FIREFLY MILES light-weighted,Control4C,1,0.14856477773764276,0.14790912868245462,1237665567685738679,Control4C,Lim:402,Satellite,11.11708,0.040772408,-0.009119148331831268,0.19803524435926237,-0.20715439269109365,
FIREFLY MILES light-weighted,Control4C,1,0.14856477773764276,0.14790912868245462,1237665531180482789,Control4C,Lim:402,Satellite,10.40575,0.041751635,0.15374598130109055,0.036657449624232216,0.11708853167685833,
FIREFLY MILES light-weighted,Control4C,1,0.14856477773764276,0.14790912868245462,1237665567685738559,Control4C,Lim:402,Satellite,9.918439,0.04305245,-0.03650924669124571,-0.0738976718104356,0.0373884251191899,
FIREFLY MILES light-weighted,Control4C,1,0.14856477773764276,0.14790912868245462,1237665531172946006,Control4C,Lim:403,Satellite,11.00358,0.031794686,0.03567863566659506,0.17228576141544452,-0.13660712574884948,
FIREFLY MILES light-weighted,Control4C,1,0.14856477773764276,0.14790912868245462,1237665548887195946,Control4C,Lim:403,Satellite,10.297,0.031560766,0.008226176896798528,0.011985588213305746,-0.0037594113165072187,
FIREFLY MILES light-weighted,Control4C,1,0.14856477773764276,0.14790912868245462,1237665548887261199,Control4C,Lim:403,Satellite,9.801862,0.030307133,0.09986115685840526,-0.10034522663987555,0.2002063834982808,
FIREFLY MILES light-weighted,Control4C,1,0.14856477773764276,0.14790912868245462,1237662198818930727,Control4C,Lim:407,Satellite,10.87656,0.029288477,0.18878060169439917,0.14346902728748212,0.04531157440691705,
FIREFLY MILES light-weighted,Control4C,1,0.14856477773764276,0.14790912868245462,1237661949197746205,Control4C,Lim:407,Satellite,10.71405,0.028804455,0.13085557337224013,0.10660075880114016,0.024254814571099972,
FIREFLY MILES light-weighted,Control4C,1,0.14856477773764276,0.14790912868245462,1237662198818865386,Control4C,Lim:407,Satellite,10.20439,0.030206459,-0.1983087080057814,-0.009024628662702885,-0.1892840793430785,
FIREFLY MILES light-weighted,Control4C,1,0.14856477773764276,0.14790912868245462,1237655348355793107,Control4C,Lim:410,Satellite,10.22322,0.042935702,0.011050416782760416,-0.004752710038631744,0.01580312682139216,
FIREFLY MILES light-weighted,Control4C,1,0.14856477773764276,0.14790912868245462,1237655348355727570,Control4C,Lim:410,Satellite,9.84856,0.04077649,-0.3830331239219682,-0.08975095919925502,-0.2932821647227132,
FIREFLY MILES light-weighted,Control4C,1,0.14856477773764276,0.14790912868245462,1237658493355556919,Control4C,Lim:412,Satellite,10.59744,0.027001862,0.210659559924703,0.08014571733789272,0.13051384258681029,
FIREFLY MILES light-weighted,Control4C,1,0.14856477773764276,0.14790912868245462,1237658493355622464,Control4C,Lim:412,Satellite,9.90114,0.025719476,0.01664564199347177,-0.07782225599937914,0.09446789799285091,
FIREFLY MILES light-weighted,Control4C,1,0.14856477773764276,0.14790912868245462,1237651272424226960,Control4C,Lim:428,Satellite,11.05348,0.044992942,0.17161647695175766,0.18360645920307916,-0.011989982251321502,
FIREFLY MILES light-weighted,Control4C,1,0.14856477773764276,0.14790912868245462,1237651272424226940,Control4C,Lim:428,Satellite,10.82945,0.045671025,0.13298706779264383,0.1327812903581142,0.00020577743452962483,
FIREFLY MILES light-weighted,Control4C,1,0.14856477773764276,0.14790912868245462,1237665428633812997,Control4C,Lim:436,Satellite,10.33458,0.036194868,0.26097149630715105,0.02051127604615753,0.2404602202609935,
FIREFLY MILES light-weighted,Control4C,1,0.14856477773764276,0.14790912868245462,1237665428633747596,Control4C,Lim:436,Satellite,9.995032,0.036979583,-0.20289228400804113,-0.05652119474333553,-0.1463710892647056,
FIREFLY MILES light-weighted,Control4C,1,0.14856477773764276,0.14790912868245462,1237665428633747667,Control4C,Lim:436,Satellite,10.10135,0.036610144,0.04878040567641195,-0.032401075557249026,0.08118148123366098,
FIREFLY MILES light-weighted,Control4C,1,0.14856477773764276,0.14790912868245462,1237671958588424370,Control4C,Lim:443,Satellite,10.41783,0.024137664,0.13510815202267923,0.03939801133314274,0.09571014068953648,
FIREFLY MILES light-weighted,Control4C,1,0.14856477773764276,0.14790912868245462,1237671992947638320,Control4C,Lim:443,Satellite,10.53755,0.024314185,0.12003830018504674,0.06655861131581979,0.05347968886922695,
FIREFLY MILES light-weighted,Control4C,1,0.14856477773764276,0.14790912868245462,1237661948651438269,Control4C,Lim:443,Satellite,9.925576,0.023504422,-0.1231358190374761,-0.07227851709880537,-0.05085730193867073,
FIREFLY MILES light-weighted,Control4C,1,0.14856477773764276,0.14790912868245462,1237664667901624624,Control4C,Lim:444,Satellite,10.41143,0.034490132,0.21243398995807833,0.037946058109878764,0.17448793184819955,
FIREFLY MILES light-weighted,Control4C,1,0.14856477773764276,0.14790912868245462,1237664667901624645,Control4C,Lim:444,Satellite,10.05981,0.03771169,-0.059074962477950764,-0.04182515944699508,-0.017249803030955684,
FIREFLY MILES light-weighted,Control4C,1,0.14856477773764276,0.14790912868245462,1237664667901689961,Control4C,Lim:444,Satellite,9.998482,0.035555878,-0.3367530128963952,-0.05573850120892014,-0.28101451168747504,
FIREFLY MILES light-weighted,Control4C,1,0.14856477773764276,0.14790912868245462,1237667442435752133,Control4C,Lim:446,Satellite,10.56872,0.027053788,0.09756027280667182,0.07363007724849674,0.023930195558175077,
FIREFLY MILES light-weighted,Control4C,1,0.14856477773764276,0.14790912868245462,1237667442435752193,Control4C,Lim:446,Satellite,10.42864,0.025564711,0.0714113894018661,0.041850451074311484,0.029560938327554617,
FIREFLY MILES light-weighted,Control4C,1,0.14856477773764276,0.14790912868245462,1237667442435751975,Control4C,Lim:446,Satellite,10.02308,0.027296208,-0.033379164418814146,-0.0501580097423822,0.016778845323568055,
FIREFLY MILES light-weighted,Control4C,1,0.14856477773764276,0.14790912868245462,1237662635828773071,Control4C,Lim:470,Satellite,10.2754,0.025555158,-0.00036000557862243517,0.0070852460847903725,-0.007445251663412807,
FIREFLY MILES light-weighted,Control4C,1,0.14856477773764276,0.14790912868245462,1237662528993951972,Control4C,Lim:470,Satellite,10.38517,0.027800211,0.210659559924703,0.031988512540675015,0.178671047384028,
FIREFLY MILES light-weighted,Control4C,1,0.14856477773764276,0.14790912868245462,1237662528994017307,Control4C,Lim:470,Satellite,9.919233,0.027379183,-1.0233458920722236,-0.07371753886367424,-0.9496283532085493,
FIREFLY MILES light-weighted,Control4C,1,0.14856477773764276,0.14790912868245462,1237668272988487820,Control4C,Lim:477,Satellite,10.8435,0.03514257,-0.05250706908668513,0.1359687814185606,-0.18847585050524573,
FIREFLY MILES light-weighted,Control4C,1,0.14856477773764276,0.14790912868245462,1237668365314556218,Control4C,Lim:477,Satellite,10.30284,0.035476696,-0.16751050324578506,0.013310495529533721,-0.1808209987753188,
FIREFLY MILES light-weighted,Control4C,1,0.14856477773764276,0.14790912868245462,1237668365314490759,Control4C,Lim:477,Satellite,9.720324,0.035962581,-0.11553311404874676,-0.11884356443963781,0.003310450390891048,
FIREFLY MILES light-weighted,Control4C,1,0.14856477773764276,0.14790912868245462,1237665564998762503,Control4C,Lim:479,Satellite,11.01946,0.030856265,-0.00036000557862243517,0.1758884203506679,-0.17624842592929033,
FIREFLY MILES light-weighted,Control4C,1,0.14856477773764276,0.14790912868245462,1237665564998697111,Control4C,Lim:479,Satellite,10.46103,0.031747395,-0.1983087080057814,0.049198695590172675,-0.24750740359595408,
FIREFLY MILES light-weighted,Control4C,1,0.14856477773764276,0.14790912868245462,1237665564998697191,Control4C,Lim:479,Satellite,10.03018,0.031380688,-0.021079757759797816,-0.048547249135324114,0.027467491375526298,
FIREFLY MILES light-weighted,Control4C,1,0.14856477773764276,0.14790912868245462,1237651252053475743,Control4C,Lim:480,Satellite,9.865819,0.030970002,0.011050416782760416,-0.08583544971795695,0.09688586650071737,
FIREFLY MILES light-weighted,Control4C,1,0.14856477773764276,0.14790912868245462,1237651252053475654,Control4C,Lim:480,Satellite,10.11808,0.032671645,-0.04603702487435677,-0.02860557908456099,-0.01743144578979578,
FIREFLY MILES light-weighted,Control4C,1,0.14856477773764276,0.14790912868245462,1237651252053475670,Control4C,Lim:480,Satellite,10.04895,0.032914359,-0.17608941330805536,-0.04428894257272095,-0.1318004707353344,
FIREFLY MILES light-weighted,Control4C,1,0.14856477773764276,0.14790912868245462,1237665549974306948,Control4C,Lim:481,Satellite,10.53299,0.03607921,0.0383308008134032,0.06552409464424445,-0.027193293830841257,
FIREFLY MILES light-weighted,Control4C,1,0.14856477773764276,0.14790912868245462,1237665549974241648,Control4C,Lim:481,Satellite,10.18003,0.036538506,-0.07939644884409477,-0.01455112561875041,-0.06484532322534436,
FIREFLY MILES light-weighted,Control4C,1,0.14856477773764276,0.14790912868245462,1237665549974241374,Control4C,Lim:481,Satellite,10.17294,0.035484093,0.1943547474969782,-0.016159617548897234,0.21051436504587545,
FIREFLY MILES light-weighted,Control4C,1,0.14856477773764276,0.14790912868245462,1237665225702637605,Control4C,Lim:482,Satellite,10.15774,0.045389743,0.12439759440607599,-0.01960800645414862,0.14400560086022463,
FIREFLY MILES light-weighted,Control4C,1,0.14856477773764276,0.14790912868245462,1237665225702637606,Control4C,Lim:482,Satellite,10.07193,0.045303108,-0.0899253200661028,-0.0390755230304395,-0.05084979703566331,
FIREFLY MILES light-weighted,Control4C,1,0.14856477773764276,0.14790912868245462,1237665101680672774,Control4C,Lim:483,Satellite,10.42584,0.034801871,0.19619691789081167,0.04121522153913387,0.1549816963516778,
FIREFLY MILES light-weighted,Control4C,1,0.14856477773764276,0.14790912868245462,1237665101680607541,Control4C,Lim:483,Satellite,10.16233,0.0331467,0.09524713375865783,-0.01856668375183909,0.11381381751049692,
FIREFLY MILES light-weighted,Control4C,1,0.14856477773764276,0.14790912868245462,1237665101680672773,Control4C,Lim:483,Satellite,10.31622,0.033817779,0.0882328635448647,0.0163459852369194,0.0718868783079453,
FIREFLY MILES light-weighted,Control4C,1,0.14856477773764276,0.14790912868245462,1237662224070869216,Control4C,Lim:484,Satellite,10.59599,0.035846901,0.09756027280667182,0.07981675918574699,0.017743513620924828,
FIREFLY MILES light-weighted,Control4C,1,0.14856477773764276,0.14790912868245462,1237662224070869225,Control4C,Lim:484,Satellite,10.21349,0.035777227,0.11118620289364924,-0.006960132673374739,0.11814633556702397,
FIREFLY MILES light-weighted,Control4C,1,0.14856477773764276,0.14790912868245462,1237662224070869196,Control4C,Lim:484,Satellite,9.335441,0.036814055,-0.21694068641837377,-0.20616108200673414,-0.010779604411639637,
FIREFLY MILES light-weighted,Control4C,1,0.14856477773764276,0.14790912868245462,1237651823246639324,Control4C,Lim:510,Satellite,10.90811,0.027628503,0.16376467280347848,0.1506267029427903,0.013137969860688187,
FIREFLY MILES light-weighted,Control4C,1,0.14856477773764276,0.14790912868245462,1237651823246639293,Control4C,Lim:510,Satellite,10.56001,0.028308043,0.03567863566659506,0.07165405965871109,-0.035975423992116035,
FIREFLY MILES light-weighted,Control4C,1,0.14856477773764276,0.14790912868245462,1237651823246573749,Control4C,Lim:510,Satellite,10.3613,0.02877639,-0.07939644884409477,0.026573180753283437,-0.10596962959737821,
FIREFLY MILES light-weighted,Control4C,1,0.14856477773764276,0.14790912868245462,1237662636367478910,Control4C,Lim:521,Satellite,11.20984,0.029871572,0.3003078152646575,0.21907949138894117,0.08122832387571632,
FIREFLY MILES light-weighted,Control4C,1,0.14856477773764276,0.14790912868245462,1237662636367478869,Control4C,Lim:521,Satellite,10.87615,0.030584103,0.17355744610585364,0.14337601153411705,0.03018143457173658,
FIREFLY MILES light-weighted,Control4C,1,0.14856477773764276,0.14790912868245462,1237662636367478914,Control4C,Lim:521,Satellite,10.00411,0.029255892,0.1393198083248698,-0.054461689843212244,0.19378149816808204,
FIREFLY MILES light-weighted,Control4C,1,0.14856477773764276,0.14790912868245462,1237665023838060759,Control4C,Lim:526,Satellite,10.41454,0.036160478,0.210659559924703,0.03865161662930877,0.17200794329539423,
FIREFLY MILES light-weighted,Control4C,1,0.14856477773764276,0.14790912868245462,1237665023837995164,Control4C,Lim:526,Satellite,10.25369,0.035679248,0.005382592656735859,0.0021599485102506977,0.003222644146485161,
FIREFLY MILES light-weighted,Control4C,1,0.14856477773764276,0.14790912868245462,1237665023838060740,Control4C,Lim:526,Satellite,9.641654,0.035605811,-0.17608941330805536,-0.13669124570122476,-0.0393981676068306,
FIREFLY MILES light-weighted,Control4C,1,0.14856477773764276,0.14790912868245462,1237655744019234975,Control4C,Lim:555,Satellite,10.79248,0.036699752,0.09986115685840526,0.12439399181685476,-0.024532834958449504,
FIREFLY MILES light-weighted,Control4C,1,0.14856477773764276,0.14790912868245462,1237662267536244747,Control4C,Lim:555,Satellite,10.62236,0.038195888,-0.2892746251283065,0.08579926020097584,-0.3750738853292823,
FIREFLY MILES light-weighted,Control4C,1,0.14856477773764276,0.14790912868245462,1237662267536179598,Control4C,Lim:555,Satellite,10.00722,0.03770903,-0.07594282963262874,-0.05375613132378264,-0.022186698308846106,
FIREFLY MILES light-weighted,Control4C,1,0.14856477773764276,0.14790912868245462,1237655106768207962,Control4C,Lim:567,Satellite,10.1913,0.043241894,-0.00036000557862243517,-0.0119943267396595,0.011634321161037065,
FIREFLY MILES light-weighted,Control4C,1,0.14856477773764276,0.14790912868245462,1237658310794477714,Control4C,Lim:567,Satellite,10.20231,0.042742857,0.0714113894018661,-0.009496513460263464,0.08090790286212957,
FIREFLY MILES light-weighted,Control4C,1,0.14856477773764276,0.14790912868245462,1237667735026729213,Control4C,Lim:568,Satellite,10.37492,0.031524385,0.09524713375865783,0.029663118706541466,0.06558401505211636,
FIREFLY MILES light-weighted,Control4C,1,0.14856477773764276,0.14790912868245462,1237670449986535607,Control4C,Lim:568,Satellite,10.44201,0.029145054,-0.07594282963262874,0.04488367210478591,-0.12082650173741466,
FIREFLY MILES light-weighted,Control4C,1,0.14856477773764276,0.14790912868245462,1237662530070315251,Control4C,Lim:574,Satellite,10.59563,0.032383336,0.19250472977107758,0.07973508681693826,0.11276964295413931,
FIREFLY MILES light-weighted,Control4C,1,0.14856477773764276,0.14790912868245462,1237662637442269203,Control4C,Lim:574,Satellite,10.50301,0.031390742,0.12003830018504674,0.05872260126401837,0.06131569892102837,
FIREFLY MILES light-weighted,Control4C,1,0.14856477773764276,0.14790912868245462,1237662530070446243,Control4C,Lim:574,Satellite,10.03846,0.030685448,-0.062396561398671085,-0.04666878465272645,-0.015727776745944638,
FIREFLY MILES light-weighted,Control4C,1,0.14856477773764276,0.14790912868245462,1237654879668404260,Control4C,Lim:576,Satellite,10.54404,0.042921975,0.210659559924703,0.06803098263128594,0.14262857729341705,
FIREFLY MILES light-weighted,Control4C,1,0.14856477773764276,0.14790912868245462,1237654879668338981,Control4C,Lim:576,Satellite,10.44147,0.042399919,0.210659559924703,0.04476116355157324,0.16589839637312975,
FIREFLY MILES light-weighted,Control4C,1,0.14856477773764276,0.14790912868245462,1237654879668404386,Control4C,Lim:576,Satellite,10.37016,0.044026001,0.09986115685840526,0.028583228496739242,0.07127792836166602,
FIREFLY MILES light-weighted,Control4C,1,0.14856477773764276,0.14790912868245462,1237659119877554442,Control4C,Lim:578,Satellite,11.02322,0.038866473,0.09986115685840526,0.1767414428693353,-0.07688028601093004,
FIREFLY MILES light-weighted,Control4C,1,0.14856477773764276,0.14790912868245462,1237659119877554191,Control4C,Lim:578,Satellite,10.56537,0.038195071,0.23148870508405484,0.07287007048319438,0.15861863460086045,
FIREFLY MILES light-weighted,Control4C,1,0.14856477773764276,0.14790912868245462,1237659119877554253,Control4C,Lim:578,Satellite,10.1798,0.038236797,-0.009119148331831268,-0.014603305187711496,0.005484156855880228,
FIREFLY MILES light-weighted,Control4C,1,0.14856477773764276,0.14790912868245462,1237667323787214944,Control4C,Lim:581,Satellite,10.87214,0.036886103,0.2855971362609545,0.14246627209266566,0.14313086416828885,
FIREFLY MILES light-weighted,Control4C,1,0.14856477773764276,0.14790912868245462,1237667323787215123,Control4C,Lim:581,Satellite,10.09592,0.036019904,-0.05250706908668513,-0.03363296712011196,-0.018874101966573166,
FIREFLY MILES light-weighted,Control4C,1,0.14856477773764276,0.14790912868245462,1237667323787149512,Control4C,Lim:581,Satellite,10.09555,0.03561591,0.011050416782760416,-0.033716908165831935,0.044767324948592355,
FIREFLY MILES light-weighted,Control4C,1,0.14856477773764276,0.14790912868245462,1237667783387185212,Control4C,Lim:583,Satellite,10.20469,0.044588833,0.07385466443403327,-0.008956568355362557,0.08281123278939582,
FIREFLY MILES light-weighted,Control4C,1,0.14856477773764276,0.14790912868245462,1237667783387185223,Control4C,Lim:583,Satellite,9.95531,0.044806665,0.09524713375865783,-0.06553283317059821,0.16077996692925606,
FIREFLY MILES light-weighted,Control4C,1,0.14856477773764276,0.14790912868245462,1237651821097779258,Control4C,Lim:587,Satellite,10.72747,0.027691888,0.011050416782760416,0.10964532321617129,-0.09859490643341087,
FIREFLY MILES light-weighted,Control4C,1,0.14856477773764276,0.14790912868245462,1237651755098833051,Control4C,Lim:587,Satellite,11.2189,0.02502447,0.0383308008134032,0.22113491267062385,-0.18280411185722065,
FIREFLY MILES light-weighted,Control4C,1,0.14856477773764276,0.14790912868245462,1237651755098767633,Control4C,Lim:587,Satellite,10.22732,0.026951757,-0.08287775240623109,-0.0038225525049781564,-0.07905519990125293,
FIREFLY MILES light-weighted,Control4C,1,0.14856477773764276,0.14790912868245462,1237667324334637189,Control4C,Lim:590,Satellite,10.57749,0.028155227,0.24319337424724807,0.07561970689974995,0.16757366734749812,
FIREFLY MILES light-weighted,Control4C,1,0.14856477773764276,0.14790912868245462,1237667444048724176,Control4C,Lim:590,Satellite,10.45981,0.028977625,0.2177141908488538,0.04892191700698803,0.16879227384186576,
FIREFLY MILES light-weighted,Control4C,1,0.14856477773764276,0.14790912868245462,1237667444048789811,Control4C,Lim:590,Satellite,10.30405,0.02945917,0.08110344385726691,0.013585005435807103,0.0675184384214598,
FIREFLY MILES light-weighted,Control4C,1,0.14856477773764276,0.14790912868245462,1237653614794309776,Control4C,Lim:609,Satellite,10.39386,0.030338743,0.0025206987823348363,0.03395999277663772,-0.03143929399430288,
FIREFLY MILES light-weighted,Control4C,1,0.14856477773764276,0.14790912868245462,1237653614794178781,Control4C,Lim:609,Satellite,9.695634,0.029220591,-0.16328380351680608,-0.12444492773375987,-0.038838875783046206,
FIREFLY MILES light-weighted,Control4C,1,0.14856477773764276,0.14790912868245462,1237653614794244234,Control4C,Lim:609,Satellite,10.28007,0.030632617,-0.17608941330805536,0.008144718202390822,-0.18423413151044618,
FIREFLY MILES light-weighted,Control4C,1,0.14856477773764276,0.14790912868245462,1237668272987308094,Control4C,Lim:623,Satellite,10.90436,0.035841437,-0.009119148331831268,0.14977594910103417,-0.15889509743286545,
FIREFLY MILES light-weighted,Control4C,1,0.14856477773764276,0.14790912868245462,1237668365313376588,Control4C,Lim:623,Satellite,10.14494,0.034420215,0.005382592656735859,-0.02251191290067618,0.02789450555741204,
FIREFLY MILES light-weighted,Control4C,1,0.14856477773764276,0.14790912868245462,1237667910587056318,Control4C,Lim:624,Satellite,10.72231,0.023732071,0.1597848874207296,0.1084746859299149,0.05131020149081471,
FIREFLY MILES light-weighted,Control4C,1,0.14856477773764276,0.14790912868245462,1237667910587056452,Control4C,Lim:624,Satellite,10.3091,0.022892063,-0.059074962477950764,0.014730687276038795,-0.07380564975398957,
FIREFLY MILES light-weighted,Control4C,1,0.14856477773764276,0.14790912868245462,1237667910587056281,Control4C,Lim:624,Satellite,10.29077,0.022653643,0.09756027280667182,0.010572202497534863,0.08698807030913695,
FIREFLY MILES light-weighted,Control4C,1,0.14856477773764276,0.14790912868245462,1237662238021714395,Control4C,Lim:626,Satellite,11.01059,0.044756402,0.3003078152646575,0.17387610393030084,0.12643171133435666,
FIREFLY MILES light-weighted,Control4C,1,0.14856477773764276,0.14790912868245462,1237662238021714380,Control4C,Lim:626,Satellite,10.18435,0.042845408,-0.03650924669124571,-0.013571057193047423,-0.022938189498198286,
FIREFLY MILES light-weighted,Control4C,1,0.14856477773764276,0.14790912868245462,1237662225132683436,Control4C,Lim:629,Satellite,9.838784,0.0258563,0.0409668678813979,-0.09196881774779048,0.1329356856291884,
FIREFLY MILES light-weighted,Control4C,1,0.14856477773764276,0.14790912868245462,1237664668973990023,Control4C,Lim:629,Satellite,9.953232,0.024849659,-0.1983087080057814,-0.06600426423277686,-0.13230444377300454,
FIREFLY MILES light-weighted,Control4C,1,0.14856477773764276,0.14790912868245462,1237658612519141592,Control4C,Lim:631,Satellite,11.05917,0.038704175,0.3003078152646575,0.184897336365637,0.11541047889902051,
FIREFLY MILES light-weighted,Control4C,1,0.14856477773764276,0.14790912868245462,1237658612519206931,Control4C,Lim:631,Satellite,10.58162,0.036010719,0.056455848346987726,0.07655667046413733,-0.020100822117149607,
FIREFLY MILES light-weighted,Control4C,1,0.14856477773764276,0.14790912868245462,1237658612519272647,Control4C,Lim:631,Satellite,10.09695,0.038644458,0.1393198083248698,-0.033399293398242935,0.17271910172311272,
FIREFLY MILES light-weighted,Control4C,1,0.14856477773764276,0.14790912868245462,1237658493883580478,Control4C,Lim:634,Satellite,11.08117,0.037288995,0.17741355266189243,0.18988842557060612,-0.012474872908713686,
FIREFLY MILES light-weighted,Control4C,1,0.14856477773764276,0.14790912868245462,1237671932820258894,Control4C,Lim:634,Satellite,11.20041,0.038460727,0.22979059425991835,0.21694012906153848,0.012850465198379873,
FIREFLY MILES light-weighted,Control4C,1,0.14856477773764276,0.14790912868245462,1237671932820193442,Control4C,Lim:634,Satellite,9.5328,0.034476684,-0.19377293476141427,-0.16138670135202976,-0.03238623340938451,
FIREFLY MILES light-weighted,Control4C,1,0.14856477773764276,0.14790912868245462,1237667735041474586,Control4C,Lim:637,Satellite,10.94466,0.031326317,0.24319337424724807,0.15891871705377306,0.08427465719347502,
FIREFLY MILES light-weighted,Control4C,1,0.14856477773764276,0.14790912868245462,1237667735041474588,Control4C,Lim:637,Satellite,9.818958,0.03101993,-0.055778624700305444,-0.0964666965922322,0.040688071891926754,
FIREFLY MILES light-weighted,Control4C,1,0.14856477773764276,0.14790912868245462,1237667735041474590,Control4C,Lim:637,Satellite,10.08624,0.031229091,0.0409668678813979,-0.03582904637029824,0.07679591425169614,
FIREFLY MILES light-weighted,Control4C,1,0.14856477773764276,0.14790912868245462,1237667446192537633,Control4C,Lim:640,Satellite,10.63903,0.023276866,0.210659559924703,0.08958114461219549,0.12107841531250751,
FIREFLY MILES light-weighted,Control4C,1,0.14856477773764276,0.14790912868245462,1237667910055886957,Control4C,Lim:640,Satellite,10.30097,0.023872198,0.0383308008134032,0.012886252947111286,0.02544454786629191,
FIREFLY MILES light-weighted,Control4C,1,0.14856477773764276,0.14790912868245462,1237667446192537681,Control4C,Lim:640,Satellite,9.952481,0.021916072,0.09524713375865783,-0.06617464186881905,0.1614217756274769,
FIREFLY MILES light-weighted,Control4C,1,0.14856477773764276,0.14790912868245462,1237662236393406478,Control4C,Lim:641,Satellite,10.98091,0.026008878,0.3003078152646575,0.16714267085741508,0.13316514440724242,
FIREFLY MILES light-weighted,Control4C,1,0.14856477773764276,0.14790912868245462,1237662236393406483,Control4C,Lim:641,Satellite,10.27512,0.024251647,-0.00036000557862243517,0.007021723131272577,-0.007381728709895011,
FIREFLY MILES light-weighted,Control4C,1,0.14856477773764276,0.14790912868245462,1237662236393406671,Control4C,Lim:641,Satellite,9.072971,0.02505285,-0.19377293476141427,-0.2657070448989264,0.07193411013751211,
FIREFLY MILES light-weighted,Control4C,1,0.14856477773764276,0.14790912868245462,1237662662678151198,Control4C,Lim:642,Satellite,10.21304,0.032224661,-0.04603702487435677,-0.007062223134385634,-0.038974801739971136,
FIREFLY MILES light-weighted,Control4C,1,0.14856477773764276,0.14790912868245462,1237662662678151239,Control4C,Lim:642,Satellite,10.17168,0.032358464,-0.059074962477950764,-0.016445470839727333,-0.04262949163822343,
FIREFLY MILES light-weighted,Control4C,1,0.14856477773764276,0.14790912868245462,1237662224623141115,Control4C,Lim:642,Satellite,9.833675,0.03321135,-0.11553311404874676,-0.09312788478179918,-0.022405229266947588,
FIREFLY MILES light-weighted,Control4C,1,0.14856477773764276,0.14790912868245462,1237658205573873789,Control4C,Lim:643,Satellite,10.2642,0.016509138,0.210659559924703,0.004544327944079121,0.20611523198062387,
FIREFLY MILES light-weighted,Control4C,1,0.14856477773764276,0.14790912868245462,1237657874868535323,Control4C,Lim:643,Satellite,9.441351,0.016574243,-0.1231358190374761,-0.18213352483863077,0.05899770580115467,
FIREFLY MILES light-weighted,Control4C,1,0.14856477773764276,0.14790912868245462,1237655495981990086,Control4C,Lim:689,Satellite,10.39212,0.025454397,-0.2217262958376311,0.033565242994062924,-0.25529153883169403,
FIREFLY MILES light-weighted,Control4C,1,0.14856477773764276,0.14790912868245462,1237648702977409215,Control4C,Lim:689,Satellite,10.20949,0.024655538,-0.04926002271457847,-0.00786760343791447,-0.041392419276664004,
FIREFLY MILES light-weighted,Control4C,1,0.14856477773764276,0.14790912868245462,1237657873254908052,Control4C,Lim:691,Satellite,10.21368,0.028788626,0.11341619989012074,-0.0069170278120591205,0.12033322770217986,
FIREFLY MILES light-weighted,Control4C,1,0.14856477773764276,0.14790912868245462,1237657873254907919,Control4C,Lim:691,Satellite,9.638148,0.029057972,-0.22656522730891981,-0.1374866438263443,-0.08907858348257552,
FIREFLY MILES light-weighted,Control4C,1,0.14856477773764276,0.14790912868245462,1237657873254842442,Control4C,Lim:691,Satellite,10.03162,0.027978812,-0.00036000557862243517,-0.048220559660089646,0.04786055408146721,
FIREFLY MILES light-weighted,Control4C,1,0.14856477773764276,0.14790912868245462,1237661137958666322,Control4C,Lim:693,Satellite,10.85255,0.042263479,0.005382592656735859,0.13802193402333202,-0.13263934136659616,
FIREFLY MILES light-weighted,Control4C,1,0.14856477773764276,0.14790912868245462,1237661383311098033,Control4C,Lim:693,Satellite,10.20381,0.041992971,-0.00036000557862243517,-0.009156211923561017,0.008796206344938582,
FIREFLY MILES light-weighted,Control4C,1,0.14856477773764276,0.14790912868245462,1237661383311032451,Control4C,Lim:693,Satellite,9.902691,0.042942312,0.008226176896798528,-0.0774703842104286,0.08569656110722712,
FIREFLY MILES light-weighted,Control4C,1,0.14856477773764276,0.14790912868245462,1237665330395349055,Control4C,Lim:697,Satellite,10.72766,0.024936248,0.24154050402585764,0.10968842807748691,0.13185207594837073,
FIREFLY MILES light-weighted,Control4C,1,0.14856477773764276,0.14790912868245462,1237665227848745076,Control4C,Lim:697,Satellite,10.01275,0.024449179,-0.3006665564381726,-0.052501552991806255,-0.24816500344636633,
FIREFLY MILES light-weighted,Control4C,1,0.14856477773764276,0.14790912868245462,1237665227848744967,Control4C,Lim:697,Satellite,9.921023,0.025172411,-0.25678909191546573,-0.07331144569654272,-0.183477646218923,
FIREFLY MILES light-weighted,Control4C,1,0.14856477773764276,0.14790912868245462,1237668670253170717,Control4C,Lim:699,Satellite,11.11974,0.031074015,0.210659559924703,0.19863871241768147,0.012020847507021537,
FIREFLY MILES light-weighted,Control4C,1,0.14856477773764276,0.14790912868245462,1237651249881939975,Control4C,Lim:699,Satellite,10.8007,0.032449387,0.21243398995807833,0.12625884423798445,0.08617514572009388,
FIREFLY MILES light-weighted,Control4C,1,0.14856477773764276,0.14790912868245462,1237668670253170836,Control4C,Lim:699,Satellite,10.13483,0.031653362,0.09524713375865783,-0.024805545258050815,0.12005267901670864,
FIREFLY MILES light-weighted,Control4C,1,0.14856477773764276,0.14790912868245462,1237671931745992749,Control4C,Lim:704,Satellite,10.80141,0.03418927,0.27037041250145794,0.1264199202986902,0.14395049220276773,
FIREFLY MILES light-weighted,Control4C,1,0.14856477773764276,0.14790912868245462,1237671931745992750,Control4C,Lim:704,Satellite,9.83876,0.034382341,0.12003830018504674,-0.09197426257237767,0.21201256275742442,
FIREFLY MILES light-weighted,Control4C,1,0.14856477773764276,0.14790912868245462,1237671931745927249,Control4C,Lim:704,Satellite,9.932645,0.033245328,-0.1117810674162761,-0.07067478939017202,-0.04110627802610407,
FIREFLY MILES light-weighted,Control4C,1,0.14856477773764276,0.14790912868245462,1237668310554968131,Control4C,Lim:705,Satellite,10.69379,0.035298694,0.056455848346987726,0.1020044193787458,-0.04554857103175807,
FIREFLY MILES light-weighted,Control4C,1,0.14856477773764276,0.14790912868245462,1237668310555033802,Control4C,Lim:705,Satellite,9.745239,0.036100281,-0.26734992123701173,-0.11319115591501033,-0.1541587653220014,
FIREFLY MILES light-weighted,Control4C,1,0.14856477773764276,0.14790912868245462,1237664819285393504,Control4C,Lim:708,Satellite,10.87308,0.043937532,0.09986115685840526,0.1426795277223325,-0.042818370863927244,
FIREFLY MILES light-weighted,Control4C,1,0.14856477773764276,0.14790912868245462,1237664338253119518,Control4C,Lim:708,Satellite,10.82663,0.041961339,0.17355744610585364,0.13214152346911368,0.04141592263673996,
FIREFLY MILES light-weighted,Control4C,1,0.14856477773764276,0.14790912868245462,1237664338253119520,Control4C,Lim:708,Satellite,9.929051,0.045205081,-0.3761119394752729,-0.07149015187211138,-0.3046217876031615,
FIREFLY MILES light-weighted,Control4C,1,0.14856477773764276,0.14790912868245462,1237659133289693297,Control4C,Lim:711,Satellite,10.85965,0.035428746,0.24319337424724807,0.13963269463039013,0.10356067961685794,
FIREFLY MILES light-weighted,Control4C,1,0.14856477773764276,0.14790912868245462,1237659161199771728,Control4C,Lim:711,Satellite,10.84863,0.035469124,0.09986115685840526,0.13713261267408283,-0.037271455815677576,
FIREFLY MILES light-weighted,Control4C,1,0.14856477773764276,0.14790912868245462,1237659133289693298,Control4C,Lim:711,Satellite,10.23205,0.034778742,-0.05250706908668513,-0.00274946832591013,-0.049757600760775,
FIREFLY MILES light-weighted,Control4C,1,0.14856477773764276,0.14790912868245462,1237668367999172836,Control4C,Lim:712,Satellite,11.20287,0.034011982,0.2625521760248259,0.2174982235817307,0.04505395244309518,
FIREFLY MILES light-weighted,Control4C,1,0.14856477773764276,0.14790912868245462,1237665565545202013,Control4C,Lim:712,Satellite,10.73064,0.034057204,0.17741355266189243,0.11036449379706889,0.06704905886482354,
FIREFLY MILES light-weighted,Control4C,1,0.14856477773764276,0.14790912868245462,1237665566082072859,Control4C,Lim:712,Satellite,10.16024,0.034832404,-0.05250706908668513,-0.019040837226311336,-0.03346623186037379,
FIREFLY MILES light-weighted,Control4C,1,0.14856477773764276,0.14790912868245462,1237662642270896477,Control4C,Lim:713,Satellite,10.67779,0.043091063,0.210659559924703,0.09837453632058646,0.11228502360411655,
FIREFLY MILES light-weighted,Control4C,1,0.14856477773764276,0.14790912868245462,1237662642270896472,Control4C,Lim:713,Satellite,10.20563,0.043118324,-0.05250706908668513,-0.008743312725695715,-0.04376375636098941,
FIREFLY MILES light-weighted,Control4C,1,0.14856477773764276,0.14790912868245462,1237662642270896262,Control4C,Lim:713,Satellite,10.29155,0.04250284,0.12003830018504674,0.010749159296620285,0.10928914088842645,
FIREFLY MILES light-weighted,Control4C,1,0.14856477773764276,0.14790912868245462,1237654030863826964,Control4C,Lim:714,Satellite,10.67941,0.03114252,0.12003830018504674,0.09874206198022528,0.02129623820482146,
FIREFLY MILES light-weighted,Control4C,1,0.14856477773764276,0.14790912868245462,1237654030863892655,Control4C,Lim:714,Satellite,10.53474,0.031374736,0.21946008747208545,0.06592111310373051,0.15353897436835495,
FIREFLY MILES light-weighted,Control4C,1,0.14856477773764276,0.14790912868245462,1237654030863892624,Control4C,Lim:714,Satellite,10.49689,0.030923366,0.09756027280667182,0.0573341709942726,0.04022610181239922,
FIREFLY MILES light-weighted,Control4C,1,0.14856477773764276,0.14790912868245462,1237667211048583184,Control4C,Lim:715,Satellite,10.12806,0.035991741,-0.2892746251283065,-0.026341439527034383,-0.2629331856012721,
FIREFLY MILES light-weighted,Control4C,1,0.14856477773764276,0.14790912868245462,1237667211048583252,Control4C,Lim:715,Satellite,9.942387,0.035566706,-0.2217262958376311,-0.06846464434313543,-0.15326165149449567,
FIREFLY MILES light-weighted,Control4C,1,0.14856477773764276,0.14790912868245462,1237667211048583275,Control4C,Lim:715,Satellite,9.365183,0.035514053,-0.03650924669124571,-0.19941358313699806,0.16290433644575236,
FIREFLY MILES light-weighted,Control4C,1,0.14856477773764276,0.14790912868245462,1237663917339771108,Control4C,Lim:716,Satellite,10.09639,0.041049314,-0.2892746251283065,-0.03352633930527854,-0.25574828582302794,
FIREFLY MILES light-weighted,Control4C,1,0.14856477773764276,0.14790912868245462,1237663917339836570,Control4C,Lim:716,Satellite,10.15898,0.041422297,0.03567863566659506,-0.019326690517141448,0.055005326183736505,
FIREFLY MILES light-weighted,Control4C,1,0.14856477773764276,0.14790912868245462,1237663917339836556,Control4C,Lim:716,Satellite,9.735994,0.040848617,0.04358703111597816,-0.11528854771955299,0.15887557883553116,
FIREFLY MILES light-weighted,Control4C,1,0.14856477773764276,0.14790912868245462,1237667486455300339,Control4C,Lim:717,Satellite,10.55407,0.030304173,0.1617793388380763,0.07030646557336928,0.09147287326470702,
FIREFLY MILES light-weighted,Control4C,1,0.14856477773764276,0.14790912868245462,1237667486455300164,Control4C,Lim:717,Satellite,9.986221,0.028708968,-0.1983087080057814,-0.05852012596992558,-0.1397885820358558,
FIREFLY MILES light-weighted,Control4C,1,0.14856477773764276,0.14790912868245462,1237651496830501270,Control4C,Lim:718,Satellite,10.56013,0.031905573,-0.04283781747327553,0.07168128378164706,-0.1145191012549226,
FIREFLY MILES light-weighted,Control4C,1,0.14856477773764276,0.14790912868245462,1237651496830501214,Control4C,Lim:718,Satellite,10.08997,0.031909327,-0.009119148331831268,-0.034982829882365035,0.025863681550533767,
FIREFLY MILES light-weighted,Control4C,1,0.14856477773764276,0.14790912868245462,1237651496830501304,Control4C,Lim:718,Satellite,9.959594,0.03134966,0.005382592656735859,-0.06456093198177641,0.06994352463851228,
FIREFLY MILES light-weighted,Control4C,1,0.14856477773764276,0.14790912868245462,1237663918414758193,Control4C,Lim:722,Satellite,11.11803,0.034173692,0.22979059425991835,0.19825076866584046,0.03153982559407789,
FIREFLY MILES light-weighted,Control4C,1,0.14856477773764276,0.14790912868245462,1237663918414823576,Control4C,Lim:722,Satellite,10.38448,0.034585688,-0.1117810674162761,0.03183197383379177,-0.14361304125006785,
FIREFLY MILES light-weighted,Control4C,1,0.14856477773764276,0.14790912868245462,1237663918414758364,Control4C,Lim:722,Satellite,9.460462,0.033397387,-0.2727281867109631,-0.17779785639335044,-0.09493033031761267,
FIREFLY MILES light-weighted,Control4C,1,0.14856477773764276,0.14790912868245462,1237665225693921343,Control4C,Lim:724,Satellite,10.1086,0.022875801,-0.00036000557862243517,-0.030756284796520775,0.03039627921789834,
FIREFLY MILES light-weighted,Control4C,1,0.14856477773764276,0.14790912868245462,1237665328777592916,Control4C,Lim:724,Satellite,9.547343,0.024312722,-0.04926002271457847,-0.1580873645198541,0.10882734180527565,
FIREFLY MILES light-weighted,Control4C,1,0.14856477773764276,0.14790912868245462,1237665329314398323,Control4C,Lim:724,Satellite,9.341688,0.023518679,0.011050416782760416,-0.20474383954021405,0.21579425632297447,
FIREFLY MILES light-weighted,Control4C,1,0.14856477773764276,0.14790912868245462,1237664814988263512,Control4C,Lim:725,Satellite,10.19089,0.024283252,0.0714113894018661,-0.012087342493024941,0.08349873189489104,
FIREFLY MILES light-weighted,Control4C,1,0.14856477773764276,0.14790912868245462,1237664814988263474,Control4C,Lim:725,Satellite,10.39352,0.024433053,0.1393198083248698,0.03388285776165194,0.10543695056321785,
FIREFLY MILES light-weighted,Control4C,1,0.14856477773764276,0.14790912868245462,1237664814988263447,Control4C,Lim:725,Satellite,9.408957,0.024433037,-0.11931785883562805,-0.1894826768252566,0.07016481798962855,
FIREFLY MILES light-weighted,Control4C,1,0.14856477773764276,0.14790912868245462,1237654601571041343,Control4C,Lim:726,Satellite,10.60392,0.031436357,0.09986115685840526,0.08161581997644721,0.01824533688195805,
FIREFLY MILES light-weighted,Control4C,1,0.14856477773764276,0.14790912868245462,1237654601571106889,Control4C,Lim:726,Satellite,10.17957,0.033035622,-0.0691168562521512,-0.014655484756672568,-0.054461371495478625,
FIREFLY MILES light-weighted,Control4C,1,0.14856477773764276,0.14790912868245462,1237662264319279213,Control4C,Lim:727,Satellite,10.82206,0.035840243,0.0383308008134032,0.13110473812062706,-0.09277393730722386,
FIREFLY MILES light-weighted,Control4C,1,0.14856477773764276,0.14790912868245462,1237662264319279400,Control4C,Lim:727,Satellite,9.951917,0.035826434,-0.28368883398995764,-0.06630259524661933,-0.21738623874333832,
FIREFLY MILES light-weighted,Control4C,1,0.14856477773764276,0.14790912868245462,1237662264319279389,Control4C,Lim:727,Satellite,9.781559,0.033577901,-0.17608941330805536,-0.10495132137298865,-0.0711380919350667,
FIREFLY MILES light-weighted,Control4C,1,0.14856477773764276,0.14790912868245462,1237648720686153850,Control4C,Lim:774,Satellite,10.912,0.039724371,0.21243398995807833,0.1515092182613053,0.06092477169677302,
FIREFLY MILES light-weighted,Control4C,1,0.14856477773764276,0.14790912868245462,1237648720149217569,Control4C,Lim:774,Satellite,10.35027,0.03926121,0.05135398835050857,0.024070830120064876,0.027283158230443694,
FIREFLY MILES light-weighted,Control4C,1,0.14856477773764276,0.14790912868245462,1237674649384124576,Control4C,Lim:774,Satellite,10.12821,0.039047096,-0.1983087080057814,-0.02630740937336422,-0.1720012986324172,
FIREFLY MILES light-weighted,Control4C,1,0.14856477773764276,0.14790912868245462,1237667210504896684,Control4C,Lim:780,Satellite,10.36733,0.045178047,0.24319337424724807,0.027941192930827436,0.21525218131642063,
FIREFLY MILES light-weighted,Control4C,1,0.14856477773764276,0.14790912868245462,1237667210504897126,Control4C,Lim:780,Satellite,9.419231,0.043086352,-0.07594282963262874,-0.18715183816653586,0.11120900853390711,
FIREFLY MILES light-weighted,Control4C,1,0.14856477773764276,0.14790912868245462,1237665329323376833,Control4C,Lim:784,Satellite,10.73032,0.0409113,0.210659559924703,0.11029189613590604,0.10036766378879697,
FIREFLY MILES light-weighted,Control4C,1,0.14856477773764276,0.14790912868245462,1237665329323311205,Control4C,Lim:784,Satellite,10.65623,0.041579476,0.0383308008134032,0.09348326889971695,-0.05515246808631375,
FIREFLY MILES light-weighted,Control4C,1,0.14856477773764276,0.14790912868245462,1237665329323311234,Control4C,Lim:784,Satellite,10.28174,0.041182633,0.06895429106965624,0.008523587246585966,0.060430703823070274,
FIREFLY MILES light-weighted,Control4C,1,0.14856477773764276,0.14790912868245462,1237667733987524662,Control4C,Lim:786,Satellite,10.74307,0.037852747,0.06895429106965624,0.11318445919787645,-0.04423016812822021,
FIREFLY MILES light-weighted,Control4C,1,0.14856477773764276,0.14790912868245462,1237667781239701680,Control4C,Lim:786,Satellite,10.27999,0.038655191,-0.1508449289923749,0.008126568787099907,-0.1589714977794748,
FIREFLY MILES light-weighted,Control4C,1,0.14856477773764276,0.14790912868245462,1237667781239636222,Control4C,Lim:786,Satellite,10.21756,0.037893901,-0.1983087080057814,-0.006036781170455349,-0.19227192683532607,
FIREFLY MILES light-weighted,Control4C,1,0.14856477773764276,0.14790912868245462,1237667254008873043,Control4C,Lim:788,Satellite,10.77427,0.034917397,-0.1231358190374761,0.12026273116128719,-0.24339855019876327,
FIREFLY MILES light-weighted,Control4C,1,0.14856477773764276,0.14790912868245462,1237667254008807579,Control4C,Lim:788,Satellite,9.660279,0.035393285,-0.26734992123701173,-0.13246583495383654,-0.1348840862831752,
FIREFLY MILES light-weighted,Control4C,1,0.14856477773764276,0.14790912868245462,1237667211596136520,Control4C,Lim:788,Satellite,9.399301,0.034765285,-0.1892840439319302,-0.19167331125085568,0.00238926731892547,
FIREFLY MILES light-weighted,Control4C,1,0.14856477773764276,0.14790912868245462,1237662263783522502,Control4C,Lim:789,Satellite,10.84928,0.036066492,0.0714113894018661,0.1372800766733206,-0.06586868727145449,
FIREFLY MILES light-weighted,Control4C,1,0.14856477773764276,0.14790912868245462,1237662237482942641,Control4C,Lim:789,Satellite,10.40577,0.036549738,0.23148870508405484,0.036661986978055144,0.1948267181059997,
FIREFLY MILES light-weighted,Control4C,1,0.14856477773764276,0.14790912868245462,1237662263783522538,Control4C,Lim:789,Satellite,10.34741,0.036617034,0.17548977917257252,0.023421988523418875,0.15206779064915366,
FIREFLY MILES light-weighted,Control4C,1,0.14856477773764276,0.14790912868245462,1237661065489612923,Control4C,Lim:790,Satellite,10.77757,0.042252605,0.09986115685840526,0.12101139454203283,-0.021150237683627574,
FIREFLY MILES light-weighted,Control4C,1,0.14856477773764276,0.14790912868245462,1237660670888902789,Control4C,Lim:790,Satellite,10.53863,0.041010349,0.24319337424724807,0.06680362842224555,0.17638974582500253,
FIREFLY MILES light-weighted,Control4C,1,0.14856477773764276,0.14790912868245462,1237660670888902772,Control4C,Lim:790,Satellite,10.13635,0.041526105,-0.027185968217908463,-0.02446070636752544,-0.002725261850383024,
FIREFLY MILES light-weighted,Control4C,1,0.14856477773764276,0.14790912868245462,1237662225163420013,Control4C,Lim:793,Satellite,10.46989,0.031617326,0.09524713375865783,0.05120874333362848,0.04403839042502935,
FIREFLY MILES light-weighted,Control4C,1,0.14856477773764276,0.14790912868245462,1237662662681624832,Control4C,Lim:793,Satellite,9.974934,0.032508847,0.06895429106965624,-0.06108078159976611,0.13003507266942235,
FIREFLY MILES light-weighted,Control4C,1,0.14856477773764276,0.14790912868245462,1237662662681559448,Control4C,Lim:793,Satellite,9.956621,0.033212707,0.05135398835050857,-0.06523540962752042,0.11658939797802899,
FIREFLY MILES light-weighted,Control4C,1,0.14856477773764276,0.14790912868245462,1237655474505580845,Control4C,Lim:795,Satellite,10.50353,0.032777947,0.04619148126786086,0.058840572463408514,-0.012649091195547656,
FIREFLY MILES light-weighted,Control4C,1,0.14856477773764276,0.14790912868245462,1237655501884293573,Control4C,Lim:795,Satellite,9.904016,0.034186941,0.08110344385726691,-0.07716978451967488,0.1582732283769418,
FIREFLY MILES light-weighted,Control4C,1,0.14856477773764276,0.14790912868245462,1237655501884358970,Control4C,Lim:795,Satellite,9.356142,0.031183533,-0.22656522730891981,-0.2014646939325492,-0.02510053337637061,
FIREFLY MILES light-weighted,Control4C,1,0.14856477773764276,0.14790912868245462,1237670965383790750,Control4C,Lim:796,Satellite,11.00185,0.02903725,0.1393198083248698,0.17189328030978102,-0.03257347198491123,
FIREFLY MILES light-weighted,Control4C,1,0.14856477773764276,0.14790912868245462,1237670965383790831,Control4C,Lim:796,Satellite,9.717189,0.02865798,0.01385725040186069,-0.119554794651346,0.1334120450532067,
FIREFLY MILES light-weighted,Control4C,1,0.14856477773764276,0.14790912868245462,1237670965383921837,Control4C,Lim:796,Satellite,9.486813,0.029292055,-0.26734992123701173,-0.17181966586425315,-0.09553025537275858,
FIREFLY MILES light-weighted,Control4C,1,0.14856477773764276,0.14790912868245462,1237668586504781975,Control4C,Lim:797,Satellite,10.87085,0.03135499,0.18878060169439917,0.14217361277110177,0.0466069889232974,
FIREFLY MILES light-weighted,Control4C,1,0.14856477773764276,0.14790912868245462,1237668586504782055,Control4C,Lim:797,Satellite,10.24053,0.03176735,-0.10437295273032035,-0.0008256303050855687,-0.10354732242523479,
FIREFLY MILES light-weighted,Control4C,1,0.14856477773764276,0.14790912868245462,1237668586504847567,Control4C,Lim:797,Satellite,10.05776,0.03036724,-0.1231358190374761,-0.04229023821382187,-0.08084558082365423,
FIREFLY MILES light-weighted,Control4C,1,0.14856477773764276,0.14790912868245462,1237662193461166177,Control4C,Lim:798,Satellite,9.63372,0.019013855,-0.31236537628874045,-0.13849121396268965,-0.1738741623260508,
FIREFLY MILES light-weighted,Control4C,1,0.14856477773764276,0.14790912868245462,1237665024911998985,Control4C,Lim:801,Satellite,10.91263,0.024877295,0.22979059425991835,0.1516521449067202,0.07813844935319816,
FIREFLY MILES light-weighted,Control4C,1,0.14856477773764276,0.14790912868245462,1237665024911999138,Control4C,Lim:801,Satellite,10.71216,0.025665422,0.1393198083248698,0.1061719788648952,0.03314782945997459,
FIREFLY MILES light-weighted,Control4C,1,0.14856477773764276,0.14790912868245462,1237665024911933591,Control4C,Lim:801,Satellite,10.37038,0.025644817,0.0714113894018661,0.02863313938878906,0.04277825001307704,
FIREFLY MILES light-weighted,Control4C,1,0.14856477773764276,0.14790912868245462,1237667550347460634,Control4C,Lim:802,Satellite,10.36214,0.026159256,0.04619148126786086,0.026763749613836846,0.019427731654024012,
FIREFLY MILES light-weighted,Control4C,1,0.14856477773764276,0.14790912868245462,1237667550347526220,Control4C,Lim:802,Satellite,10.56291,0.026428885,0.0714113894018661,0.07231197596300255,-0.0009005865611364516,
FIREFLY MILES light-weighted,Control4C,1,0.14856477773764276,0.14790912868245462,1237667911661191278,Control4C,Lim:802,Satellite,9.81867,0.026528773,-0.07939644884409477,-0.09653203448727932,0.017135585643184542,
FIREFLY MILES light-weighted,Control4C,1,0.14856477773764276,0.14790912868245462,1237655742409736258,Control4C,Lim:803,Satellite,10.89738,0.036941754,0.12003830018504674,0.14819241261691207,-0.02815411243186533,
FIREFLY MILES light-weighted,Control4C,1,0.14856477773764276,0.14790912868245462,1237655742409801806,Control4C,Lim:803,Satellite,10.54837,0.03828277,0.17548977917257252,0.06901331973390021,0.10647645943867232,
FIREFLY MILES light-weighted,Control4C,1,0.14856477773764276,0.14790912868245462,1237655742409736462,Control4C,Lim:803,Satellite,10.05677,0.038602296,0.09524713375865783,-0.04251483722804544,0.13776197098670329,
FIREFLY MILES light-weighted,Control4C,1,0.14856477773764276,0.14790912868245462,1237658491734982745,Control4C,Lim:804,Satellite,10.18079,0.022923752,0.03567863566659506,-0.014378706173487923,0.05005734184008298,
FIREFLY MILES light-weighted,Control4C,1,0.14856477773764276,0.14790912868245462,1237658425165742187,Control4C,Lim:804,Satellite,9.587828,0.021591868,-0.10437295273032035,-0.14890262604425522,0.04452967331393487,
FIREFLY MILES light-weighted,Control4C,1,0.14856477773764276,0.14790912868245462,1237658491735048241,Control4C,Lim:804,Satellite,9.632244,0.022148764,-0.22656522730891981,-0.1388260706748049,-0.08773915663411491,
FIREFLY MILES light-weighted,Control4C,1,0.14856477773764276,0.14790912868245462,1237651822173487316,Control4C,Lim:805,Satellite,9.961837,0.030372481,-0.07594282963262874,-0.0640520677505607,-0.011890761882068043,
FIREFLY MILES light-weighted,Control4C,1,0.14856477773764276,0.14790912868245462,1237651822173552811,Control4C,Lim:805,Satellite,9.267985,0.030788044,-0.07594282963262874,-0.22146466897993392,0.14552183934730517,
FIREFLY MILES light-weighted,Control4C,1,0.14856477773764276,0.14790912868245462,1237667735033741365,Control4C,Lim:841,Satellite,10.90804,0.040092032,0.17741355266189243,0.15061082220441063,0.0268027304574818,
FIREFLY MILES light-weighted,Control4C,1,0.14856477773764276,0.14790912868245462,1237667782285787299,Control4C,Lim:841,Satellite,10.75276,0.040166464,0.12003830018504674,0.11538280712497441,0.004655493060072333,
FIREFLY MILES light-weighted,Control4C,1,0.14856477773764276,0.14790912868245462,1237667735033741333,Control4C,Lim:841,Satellite,10.62018,0.040291821,-0.1983087080057814,0.0853046886343014,-0.2836133966400828,
FIREFLY MILES light-weighted,Control4C,1,0.14856477773764276,0.14790912868245462,1237667550342086930,Control4C,Lim:844,Satellite,9.579924,0.042996534,-0.3830331239219682,-0.15069578827498592,-0.23233733564698228,
FIREFLY MILES light-weighted,Control4C,1,0.14856477773764276,0.14790912868245462,1237667550342086875,Control4C,Lim:844,Satellite,10.18656,0.040899835,0.03567863566659506,-0.013069679595639205,0.04874831526223426,
FIREFLY MILES light-weighted,Control4C,1,0.14856477773764276,0.14790912868245462,1237667550342086697,Control4C,Lim:844,Satellite,9.678252,0.042656993,-0.062396561398671085,-0.12838834194106763,0.06599178054239654,
FIREFLY MILES light-weighted,Control4C,1,0.14856477773764276,0.14790912868245462,1237651737930694670,Control4C,Lim:847,Satellite,12.00417,0.033676146,0.210659559924703,0.39928730448817296,-0.18862774456346995,
FIREFLY MILES light-weighted,Control4C,1,0.14856477773764276,0.14790912868245462,1237654880211173600,Control4C,Lim:847,Satellite,7.770007,0.033047931,0.12003830018504674,-0.5613074792108969,0.6813457793959437,
FIREFLY MILES light-weighted,Control4C,1,0.14856477773764276,0.14790912868245462,1237651737930498465,Control4C,Lim:847,Satellite,11.46655,0.032531129,0.05135398835050857,0.27731869638019635,-0.22596470802968777,
FIREFLY MILES light-weighted,Control4C,1,0.14856477773764276,0.14790912868245462,1237667735577821313,Control4C,Lim:859,Satellite,10.2401,0.037460561,-0.00036000557862243517,-0.0009231834122735358,0.0005631778336511006,
FIREFLY MILES light-weighted,Control4C,1,0.14856477773764276,0.14790912868245462,1237667735577886985,Control4C,Lim:859,Satellite,10.21536,0.038275513,-0.03966200463502764,-0.006535890090952304,-0.03312611454407534,
FIREFLY MILES light-weighted,Control4C,1,0.14856477773764276,0.14790912868245462,1237667735577886962,Control4C,Lim:859,Satellite,10.10819,0.038838905,0.056455848346987726,-0.030849300549885814,0.08730514889687355,
FIREFLY MILES light-weighted,Control4C,1,0.14856477773764276,0.14790912868245462,1237674650460422494,Control4C,Lim:864,Satellite,10.82383,0.041171447,0.0714113894018661,0.13150629393393565,-0.060094904532069546,
FIREFLY MILES light-weighted,Control4C,1,0.14856477773764276,0.14790912868245462,1237674650460487907,Control4C,Lim:864,Satellite,9.792118,0.039111716,0.024904982184311565,-0.10255582542229447,0.12746080760660602,
FIREFLY MILES light-weighted,Control4C,1,0.14856477773764276,0.14790912868245462,1237648721225646275,Control4C,Lim:864,Satellite,10.06055,0.03848151,0.210659559924703,-0.04165727735555552,0.25231683728025855,
FIREFLY MILES light-weighted,Control4C,1,0.14856477773764276,0.14790912868245462,1237667782314754241,Control4C,Lim:867,Satellite,10.48172,0.037548414,0.09756027280667182,0.053892588119754996,0.04366768468691682,
FIREFLY MILES light-weighted,Control4C,1,0.14856477773764276,0.14790912868245462,1237667735062577234,Control4C,Lim:867,Satellite,9.930378,0.037423115,0.0383308008134032,-0.07118909844597535,0.10951989925937855,
FIREFLY MILES light-weighted,Control4C,1,0.14856477773764276,0.14790912868245462,1237667735062577326,Control4C,Lim:867,Satellite,9.402701,0.038598515,-0.00036000557862243517,-0.1909019611009966,0.19054195552237418,
FIREFLY MILES light-weighted,Control4C,1,0.14856477773764276,0.14790912868245462,1237667253472329733,Control4C,Lim:871,Satellite,11.05765,0.036923575,0.28108475193178795,0.18455249747511202,0.09653225445667593,
FIREFLY MILES light-weighted,Control4C,1,0.14856477773764276,0.14790912868245462,1237667253472329842,Control4C,Lim:871,Satellite,9.966509,0.032262904,-0.1117810674162761,-0.06299214189757792,-0.04878892551869818,
FIREFLY MILES light-weighted,Control4C,1,0.14856477773764276,0.14790912868245462,1237667253472329735,Control4C,Lim:871,Satellite,9.848176,0.034835954,-0.055778624700305444,-0.08983807639265093,0.034059451692345484,
FIREFLY MILES light-weighted,Control4C,1,0.14856477773764276,0.14790912868245462,1237655124465483999,Control4C,Lim:883,Satellite,10.53127,0.040795754,0.210659559924703,0.06513388221549218,0.14552567770921082,
FIREFLY MILES light-weighted,Control4C,1,0.14856477773764276,0.14790912868245462,1237655124465549363,Control4C,Lim:883,Satellite,10.05819,0.04045663,-0.00036000557862243517,-0.042192685106633904,0.041832679528011465,
FIREFLY MILES light-weighted,Control4C,1,0.14856477773764276,0.14790912868245462,1237665331457163322,Control4C,Lim:885,Satellite,10.37386,0.033817004,0.15778123442292644,0.029422638953938648,0.12835859546898779,
FIREFLY MILES light-weighted,Control4C,1,0.14856477773764276,0.14790912868245462,1237665370118291482,Control4C,Lim:885,Satellite,10.41657,0.034478028,0.13085557337224013,0.039112158042312634,0.0917434153299275,
FIREFLY MILES light-weighted,Control4C,1,0.14856477773764276,0.14790912868245462,1237665370118226042,Control4C,Lim:885,Satellite,9.948136,0.035972371,-0.07594282963262874,-0.0671603819868006,-0.00878244764582814,
FIREFLY MILES light-weighted,Control4C,1,0.14856477773764276,0.14790912868245462,1237661355926356096,Control4C,Lim:886,Satellite,9.753751,0.026036516,-0.11553311404874676,-0.11126005812806963,-0.00427305592067713,
FIREFLY MILES light-weighted,Control4C,1,0.14856477773764276,0.14790912868245462,1237660634386006121,Control4C,Lim:886,Satellite,9.722207,0.026122671,-0.1983087080057814,-0.11841637257723084,-0.07989233542855056,
FIREFLY MILES light-weighted,Control4C,1,0.14856477773764276,0.14790912868245462,1237660634386137172,Control4C,Lim:886,Satellite,9.807052,0.025799285,-0.00036000557862243517,-0.09916778332288495,0.09880777774426251,
FIREFLY MILES light-weighted,Control4C,1,0.14856477773764276,0.14790912868245462,1237671123767787682,Control4C,Lim:887,Satellite,9.844515,0.031969272,-0.1387524855065975,-0.09066863900989625,-0.04808384649670125,
FIREFLY MILES light-weighted,Control4C,1,0.14856477773764276,0.14790912868245462,1237671260669739186,Control4C,Lim:887,Satellite,10.07745,0.030145631,0.0383308008134032,-0.03782321337537439,0.0761540141887776,
FIREFLY MILES light-weighted,Control4C,1,0.14856477773764276,0.14790912868245462,1237671123767787710,Control4C,Lim:887,Satellite,9.552303,0.031700371,-0.09349240622197504,-0.1569621007718246,0.06346969454984956,
FIREFLY MILES light-weighted,Control4C,1,0.14856477773764276,0.14790912868245462,1237663916801785874,Control4C,Lim:888,Satellite,10.7303,0.021809811,0.17355744610585364,0.1102873587820831,0.06327008732377054,
FIREFLY MILES light-weighted,Control4C,1,0.14856477773764276,0.14790912868245462,1237663916801720625,Control4C,Lim:888,Satellite,9.994188,0.021560953,-0.1983087080057814,-0.056712671074653595,-0.14159603693112782,
FIREFLY MILES light-weighted,Control4C,1,0.14856477773764276,0.14790912868245462,1237663916801786266,Control4C,Lim:888,Satellite,9.925674,0.021290216,-0.009119148331831268,-0.07225628406507384,0.06313713573324257,
FIREFLY MILES light-weighted,Control4C,1,0.14856477773764276,0.14790912868245462,1237651735234478093,Control4C,Lim:889,Satellite,10.41503,0.025767428,0.17548977917257252,0.038762781797964725,0.1367269973746078,
FIREFLY MILES light-weighted,Control4C,1,0.14856477773764276,0.14790912868245462,1237651752414085200,Control4C,Lim:889,Satellite,10.32507,0.025940227,0.09756027280667182,0.018353764303463943,0.07920650850320787,
FIREFLY MILES light-weighted,Control4C,1,0.14856477773764276,0.14790912868245462,1237651735234478248,Control4C,Lim:889,Satellite,10.14345,0.025768754,0.12003830018504674,-0.022849945760467366,0.1428882459455141,
FIREFLY MILES light-weighted,Control4C,1,0.14856477773764276,0.14790912868245462,1237662224077422595,Control4C,Lim:962,Satellite,10.89573,0.028425099,0.18313426568763896,0.14781808092653945,0.03531618476109952,
FIREFLY MILES light-weighted,Control4C,1,0.14856477773764276,0.14790912868245462,1237664854716514359,Control4C,Lim:962,Satellite,10.97205,0.028390496,0.21243398995807833,0.16513262311395926,0.047301366844119064,
FIREFLY MILES light-weighted,Control4C,1,0.14856477773764276,0.14790912868245462,1237662224077226146,Control4C,Lim:962,Satellite,10.78444,0.027898311,0.2855971362609545,0.12256997558012983,0.16302716068082468,
FIREFLY MILES light-weighted,Control4C,1,0.14856477773764276,0.14790912868245462,1237667430105677981,Control4C,Lim:974,Satellite,10.42854,0.028856439,-0.2217262958376311,0.04182776430519805,-0.2635540601428291,
FIREFLY MILES light-weighted,Control4C,1,0.14856477773764276,0.14790912868245462,1237667322713931949,Control4C,Lim:974,Satellite,10.77016,0.028210427,0.13721892725478624,0.11933030495072275,0.01788862230406349,
FIREFLY MILES light-weighted,Control4C,1,0.14856477773764276,0.14790912868245462,1237667323250933967,Control4C,Lim:974,Satellite,10.41666,0.029482462,0.19985798101343002,0.03913257613451482,0.1607254048789152,
FIREFLY MILES light-weighted,Control4C,1,0.14856477773764276,0.14790912868245462,1237662664291647718,Control4C,Lim:975,Satellite,9.866913,0.041141876,0.005382592656735859,-0.08558725646385526,0.09096984912059111,
FIREFLY MILES light-weighted,Control4C,1,0.14856477773764276,0.14790912868245462,1237662664291582248,Control4C,Lim:975,Satellite,9.727448,0.041795418,0.005382592656735859,-0.11722735900799214,0.12260995166472799,
FIREFLY MILES light-weighted,Control4C,1,0.14856477773764276,0.14790912868245462,1237657878614638621,Control4C,Lim:984,Satellite,11.0979,0.023375227,0.09986115685840526,0.19368392204329377,-0.09382276518488851,
FIREFLY MILES light-weighted,Control4C,1,0.14856477773764276,0.14790912868245462,1237657773924352400,Control4C,Lim:984,Satellite,10.28483,0.021979577,0.09524713375865783,0.009224608412193046,0.08602252534646479,
FIREFLY MILES light-weighted,Control4C,1,0.14856477773764276,0.14790912868245462,1237657628432007196,Control4C,Lim:984,Satellite,10.07853,0.023122114,0.04878040567641195,-0.037578196268948635,0.08635860194536059,
FIREFLY MILES light-weighted,Control4C,1,0.14856477773764276,0.14790912868245462,1237665567692226797,Control4C,Lim:985,Satellite,10.86846,0.044274826,0.18878060169439917,0.1416313989892892,0.04714920270510997,
FIREFLY MILES light-weighted,Control4C,1,0.14856477773764276,0.14790912868245462,1237665548901286143,Control4C,Lim:985,Satellite,10.39103,0.042600245,0.210659559924703,0.03331795721072592,0.1773416027139771,
FIREFLY MILES light-weighted,Control4C,1,0.14856477773764276,0.14790912868245462,1237671124305051901,Control4C,Lim:988,Satellite,10.37881,0.031799842,-0.09349240622197504,0.030545634025056494,-0.12403804024703152,
FIREFLY MILES light-weighted,Control4C,1,0.14856477773764276,0.14790912868245462,1237671261207003251,Control4C,Lim:988,Satellite,9.80212,0.031566355,-0.1231358190374761,-0.1002866947755626,-0.022849124261913503,
FIREFLY MILES light-weighted,Control4C,1,0.14856477773764276,0.14790912868245462,1237671261206937699,Control4C,Lim:988,Satellite,10.01083,0.031526119,0.011050416782760416,-0.05293713895878541,0.06398755574154583,
FIREFLY MILES light-weighted,Control4C,1,0.14856477773764276,0.14790912868245462,1237651274035363852,Control4C,Lim:993,Satellite,10.65456,0.031538768,0.14141026178025823,0.09310439985552141,0.04830586192473682,
FIREFLY MILES light-weighted,Control4C,1,0.14856477773764276,0.14790912868245462,1237663529186623648,Control4C,Lim:993,Satellite,10.00629,0.032655552,-0.0691168562521512,-0.05396711827653822,-0.015149737975612976,
FIREFLY MILES light-weighted,Control4C,1,0.14856477773764276,0.14790912868245462,1237663546366558454,Control4C,Lim:993,Satellite,10.11228,0.031969915,-0.3367530128963952,-0.0299214116931439,-0.3068316012032513,
FIREFLY MILES light-weighted,Control4C,1,0.14856477773764276,0.14790912868245462,1237667430096371778,Control4C,Lim:996,Satellite,10.59807,0.026535664,0.061498469643979516,0.08028864398330757,-0.01879017433932805,
FIREFLY MILES light-weighted,Control4C,1,0.14856477773764276,0.14790912868245462,1237667292655910960,Control4C,Lim:996,Satellite,10.0109,0.025769902,0.0383308008134032,-0.052921258220406164,0.09125205903380937,
FIREFLY MILES light-weighted,Control4C,1,0.14856477773764276,0.14790912868245462,1237667430096371947,Control4C,Lim:996,Satellite,9.943012,0.026036745,-0.1983087080057814,-0.06832285203617622,-0.12998585596960519,
FIREFLY MILES light-weighted,Control4C,1,0.14856477773764276,0.14790912868245462,1237664291548823599,Control4C,Lim:998,Satellite,10.67055,0.0423108,0.12003830018504674,0.09673201423676948,0.02330628594827726,
FIREFLY MILES light-weighted,Control4C,1,0.14856477773764276,0.14790912868245462,1237664291548823571,Control4C,Lim:998,Satellite,10.47808,0.041959101,0.09756027280667182,0.053066789724023976,0.04449348308264784,
FIREFLY MILES light-weighted,Control4C,1,0.14856477773764276,0.14790912868245462,1237662530600370324,Control4C,Lim:998,Satellite,10.20419,0.041115156,0.09986115685840526,-0.009070002200929767,0.10893115905933502,
FIREFLY MILES light-weighted,Control4C,1,0.14856477773764276,0.14790912868245462,1237664291011952667,Control4C,Lim:1001,Satellite,10.93889,0.023540223,0.3003078152646575,0.15760969047592432,0.14269812478873317,
FIREFLY MILES light-weighted,Control4C,1,0.14856477773764276,0.14790912868245462,1237662530063499615,Control4C,Lim:1001,Satellite,10.41572,0.025303242,0.06895429106965624,0.03891932050484796,0.030034970564808278,
FIREFLY MILES light-weighted,Control4C,1,0.14856477773764276,0.14790912868245462,1237662530063564997,Control4C,Lim:1001,Satellite,9.956604,0.023555552,-0.10071575008869796,-0.06523926637826964,-0.035476483710428316,
FIREFLY MILES light-weighted,Control4C,1,0.14856477773764276,0.14790912868245462,1237659330848751807,Control4C,Lim:1004,Satellite,10.02981,0.043071131,-0.11931785883562805,-0.0486311901810441,-0.07068666865458395,
FIREFLY MILES light-weighted,Control4C,1,0.14856477773764276,0.14790912868245462,1237659330848751818,Control4C,Lim:1004,Satellite,9.639867,0.041719331,-0.033379164418814146,-0.13709665826528297,0.10371749384646883,
FIREFLY MILES light-weighted,Control4C,1,0.14856477773764276,0.14790912868245462,1237665127991279712,Control4C,Lim:1005,Satellite,10.67345,0.043299363,0.12439759440607599,0.09738993054106095,0.027007663865015047,
FIREFLY MILES light-weighted,Control4C,1,0.14856477773764276,0.14790912868245462,1237665127991279874,Control4C,Lim:1005,Satellite,10.34942,0.044527959,0.09524713375865783,0.023877992582600205,0.07136914117605762,
FIREFLY MILES light-weighted,Control4C,1,0.14856477773764276,0.14790912868245462,1237665127991279710,Control4C,Lim:1005,Satellite,10.74138,0.043527556,0.13510815202267923,0.11280105279985839,0.022307099222820842,
FIREFLY MILES light-weighted,Control4C,1,0.14856477773764276,0.14790912868245462,1237661137419108491,Control4C,Lim:1006,Satellite,10.36543,0.029305565,-0.03650924669124571,0.02751014431767081,-0.06401939100891652,
FIREFLY MILES light-weighted,Control4C,1,0.14856477773764276,0.14790912868245462,1237661382771474612,Control4C,Lim:1006,Satellite,10.12682,0.027317687,-0.03966200463502764,-0.026622755464041553,-0.01303924917098609,
FIREFLY MILES light-weighted,Control4C,1,0.14856477773764276,0.14790912868245462,1237661382771409253,Control4C,Lim:1006,Satellite,9.8502,0.029567221,0.02216928448468114,-0.08937889618579406,0.1115481806704752,
FIREFLY MILES light-weighted,Control4C,1,0.14856477773764276,0.14790912868245462,1237664668424536083,Control4C,Lim:1007,Satellite,10.8795,0.028988351,0.210659559924703,0.14413601829941902,0.06652354162528398,
FIREFLY MILES light-weighted,Control4C,1,0.14856477773764276,0.14790912868245462,1237664092898918748,Control4C,Lim:1007,Satellite,10.13912,0.028776099,-0.07939644884409477,-0.023832282863081616,-0.05556416598101316,
FIREFLY MILES light-weighted,Control4C,1,0.14856477773764276,0.14790912868245462,1237664092898918570,Control4C,Lim:1007,Satellite,9.928394,0.029520076,-0.00036000557862243517,-0.07163920394518675,0.07127919836656431,
FIREFLY MILES light-weighted,Control4C,1,0.14856477773764276,0.14790912868245462,1237658803114475562,Control4C,Lim:1088,Satellite,10.92507,0.029495913,0.15576829454635008,0.154474378984439,0.0012939155619110798,
FIREFLY MILES light-weighted,Control4C,1,0.14856477773764276,0.14790912868245462,1237658919069548563,Control4C,Lim:1088,Satellite,10.03933,0.028405762,0.056455848346987726,-0.04647140976143925,0.10292725810842698,
FIREFLY MILES light-weighted,Control4C,1,0.14856477773764276,0.14790912868245462,1237658803114475756,Control4C,Lim:1088,Satellite,9.738806,0.028638367,-0.2217262958376311,-0.11465059577208139,-0.1070757000655497,
FIREFLY MILES light-weighted,Control4C,1,0.14856477773764276,0.14790912868245462,1237665532785066002,Control4C,Lim:1090,Satellite,11.05465,0.031725399,0.09756027280667182,0.1838718944017071,-0.08631162159503528,
FIREFLY MILES light-weighted,Control4C,1,0.14856477773764276,0.14790912868245462,1237665532785066003,Control4C,Lim:1090,Satellite,10.59295,0.032204077,-0.009119148331831268,0.07912708140469663,-0.08824622973652789,
FIREFLY MILES light-weighted,Control4C,1,0.14856477773764276,0.14790912868245462,1237665532785066181,Control4C,Lim:1090,Satellite,9.777858,0.030153416,-0.28368883398995764,-0.10579095869787902,-0.17789787529207862,
FIREFLY MILES light-weighted,Control4C,1,0.14856477773764276,0.14790912868245462,1237667254552625190,Control4C,Lim:1093,Satellite,10.44055,0.026894129,0.12003830018504674,0.044552445275728915,0.07548585490931783,
FIREFLY MILES light-weighted,Control4C,1,0.14856477773764276,0.14790912868245462,1237667254552690963,Control4C,Lim:1093,Satellite,10.14628,0.028839687,-0.1983087080057814,-0.022207910194555147,-0.17610079781122626,
FIREFLY MILES light-weighted,Control4C,1,0.14856477773764276,0.14790912868245462,1237667254552690986,Control4C,Lim:1093,Satellite,10.10037,0.028705886,0.09524713375865783,-0.03262340589456132,0.12787053965321915,
FIREFLY MILES light-weighted,Control4C,1,0.14856477773764276,0.14790912868245462,1237663531337973846,Control4C,Lim:1104,Satellite,10.1913,0.026716655,-0.033379164418814146,-0.0119943267396595,-0.021384837679154646,
FIREFLY MILES light-weighted,Control4C,1,0.14856477773764276,0.14790912868245462,1237663547981103123,Control4C,Lim:1104,Satellite,9.958279,0.026400861,0.07870072299485384,-0.06485926299561887,0.1435599859904727,
FIREFLY MILES light-weighted,Control4C,1,0.14856477773764276,0.14790912868245462,1237663530801168520,Control4C,Lim:1104,Satellite,9.67236,0.026668124,-0.17177874325082548,-0.12972504637723506,-0.042053696873590424,
FIREFLY MILES light-weighted,Control4C,1,0.14856477773764276,0.14790912868245462,1237667549269721194,Control4C,Lim:1109,Satellite,9.771019,0.02065741,-0.11931785883562805,-0.10734250683755087,-0.011975351998077186,
FIREFLY MILES light-weighted,Control4C,1,0.14856477773764276,0.14790912868245462,1237667536938139658,Control4C,Lim:1109,Satellite,9.753099,0.020684384,-0.09349240622197504,-0.11140797586268936,0.01791556964071432,
FIREFLY MILES light-weighted,Control4C,1,0.14856477773764276,0.14790912868245462,1237662307274653752,Control4C,Lim:1110,Satellite,10.78799,0.031406307,0.12003830018504674,0.12337535588365907,-0.003337055698612326,
FIREFLY MILES light-weighted,Control4C,1,0.14856477773764276,0.14790912868245462,1237662619189575826,Control4C,Lim:1110,Satellite,10.19451,0.03213386,0.16770831917075352,-0.011266081451116447,0.17897440062186998,
FIREFLY MILES light-weighted,Control4C,1,0.14856477773764276,0.14790912868245462,1237662640121577756,Control4C,Lim:1110,Satellite,10.01848,0.032029576,-0.2217262958376311,-0.05120160112160299,-0.1705246947160281,
FIREFLY MILES light-weighted,Control4C,1,0.14856477773764276,0.14790912868245462,1237651272431829116,Control4C,Lim:1118,Satellite,10.42465,0.043040503,-0.870740104606379,0.04094524898668302,-0.911685353593062,
FIREFLY MILES light-weighted,Control4C,1,0.14856477773764276,0.14790912868245462,1237651538169823387,Control4C,Lim:1118,Satellite,10.54356,0.041175503,0.0383308008134032,0.06792208613954086,-0.02959128532613766,
FIREFLY MILES light-weighted,Control4C,1,0.14856477773764276,0.14790912868245462,1237651272431829138,Control4C,Lim:1118,Satellite,10.57071,0.042177814,0.024904982184311565,0.07408154395385513,-0.04917656176954357,
FIREFLY MILES light-weighted,Control4C,1,0.14856477773764276,0.14790912868245462,1237651736314839047,Control4C,Lim:1122,Satellite,10.22998,0.041100286,0.06648321213101471,-0.003219084446559446,0.06970229657757415,
FIREFLY MILES light-weighted,Control4C,1,0.14856477773764276,0.14790912868245462,1237651736314773859,Control4C,Lim:1122,Satellite,10.10729,0.041081674,0.10442667462051756,-0.0310534814719072,0.13548015609242475,
FIREFLY MILES light-weighted,Control4C,1,0.14856477773764276,0.14790912868245462,1237651736314773622,Control4C,Lim:1122,Satellite,10.01624,0.039302601,-0.1983087080057814,-0.0517097847497454,-0.14659892325603602,
FIREFLY MILES light-weighted,Control4C,1,0.14856477773764276,0.14790912868245462,1237651823249522870,Control4C,Lim:1124,Satellite,10.42384,0.028719805,0.02216928448468114,0.040761486156863806,-0.018592201672182666,
FIREFLY MILES light-weighted,Control4C,1,0.14856477773764276,0.14790912868245462,1237651823249457410,Control4C,Lim:1124,Satellite,10.29853,0.029257843,-0.17177874325082548,0.01233269578074199,-0.18411143903156746,
FIREFLY MILES light-weighted,Control4C,1,0.14856477773764276,0.14790912868245462,1237654880740638942,Control4C,Lim:1124,Satellite,9.927779,0.029265957,-0.00036000557862243517,-0.0717787275752351,0.07141872199661266,
FIREFLY MILES light-weighted,Control4C,1,0.14856477773764276,0.14790912868245462,1237671931209318493,Control4C,Lim:1131,Satellite,10.92274,0.035585866,0.20167700383058246,0.15394577726409442,0.04773122656648804,
FIREFLY MILES light-weighted,Control4C,1,0.14856477773764276,0.14790912868245462,1237671931209318579,Control4C,Lim:1131,Satellite,10.54631,0.035570695,0.17548977917257252,0.06854597229016215,0.10694380688241037,
FIREFLY MILES light-weighted,Control4C,1,0.14856477773764276,0.14790912868245462,1237671931209318606,Control4C,Lim:1131,Satellite,10.47415,0.035802446,0.17741355266189243,0.05217519969786349,0.12523835296402894,
FIREFLY MILES light-weighted,Control4C,1,0.14856477773764276,0.14790912868245462,1237654028715032625,Control4C,Lim:1132,Satellite,10.46452,0.041199612,0.0383308008134032,0.04999046383223393,-0.011659663018830736,
FIREFLY MILES light-weighted,Control4C,1,0.14856477773764276,0.14790912868245462,1237654028714967239,Control4C,Lim:1132,Satellite,9.801315,0.043049895,-0.2464789876079352,-0.10046932326692617,-0.14600966434100904,
FIREFLY MILES light-weighted,Control4C,1,0.14856477773764276,0.14790912868245462,1237654028714967128,Control4C,Lim:1132,Satellite,9.474714,0.041383483,-0.16751050324578506,-0.1745645380592948,0.007054034813509746,
FIREFLY MILES light-weighted,Control4C,1,0.14856477773764276,0.14790912868245462,1237663916268257450,Control4C,Lim:1134,Satellite,10.35473,0.028618172,0.18878060169439917,0.025082660022526772,0.1636979416718724,
FIREFLY MILES light-weighted,Control4C,1,0.14856477773764276,0.14790912868245462,1237663916268257468,Control4C,Lim:1134,Satellite,10.08538,0.028172031,-0.16751050324578506,-0.036024152584674174,-0.1314863506611109,
FIREFLY MILES light-weighted,Control4C,1,0.14856477773764276,0.14790912868245462,1237665548363956318,Control4C,Lim:1142,Satellite,10.87581,0.034746368,0.17741355266189243,0.14329887651913087,0.03411467614276156,
FIREFLY MILES light-weighted,Control4C,1,0.14856477773764276,0.14790912868245462,1237665548363956244,Control4C,Lim:1142,Satellite,9.861599,0.035035482,-0.4674778587037005,-0.08679283137454649,-0.380685027329154,
FIREFLY MILES light-weighted,Control4C,1,0.14856477773764276,0.14790912868245462,1237665548363956543,Control4C,Lim:1142,Satellite,9.955337,0.035009943,-0.062396561398671085,-0.06552670774293771,0.0031301463442666294,
FIREFLY MILES light-weighted,Control4C,1,0.14856477773764276,0.14790912868245462,1237657595152433227,Control4C,Lim:1143,Satellite,10.81014,0.025772407,0.16966679416987027,0.12840047524229836,0.041266318927571904,
FIREFLY MILES light-weighted,Control4C,1,0.14856477773764276,0.14790912868245462,1237657595689304281,Control4C,Lim:1143,Satellite,9.773531,0.026094829,-0.00036000557862243517,-0.10677261519741998,0.10641260961879755,
FIREFLY MILES light-weighted,Control4C,1,0.14856477773764276,0.14790912868245462,1237651274036871311,Control4C,Lim:1145,Satellite,10.53293,0.042071654,-0.04926002271457847,0.06551048258277647,-0.11477050529735494,
FIREFLY MILES light-weighted,Control4C,1,0.14856477773764276,0.14790912868245462,1237651274036871310,Control4C,Lim:1145,Satellite,10.66639,0.041331501,0.0383308008134032,0.09578824464164792,-0.05745744382824473,
FIREFLY MILES light-weighted,Control4C,1,0.14856477773764276,0.14790912868245462,1237651274036871362,Control4C,Lim:1145,Satellite,9.840331,0.040443383,-0.15909778063256153,-0.0916178534296046,-0.06747992720295692,
FIREFLY MILES light-weighted,Control4C,1,0.14856477773764276,0.14790912868245462,1237658917459918989,Control4C,Lim:1259,Satellite,11.11133,0.03315799,0.210659559924703,0.19673075513523658,0.013928804789466426,
FIREFLY MILES light-weighted,Control4C,1,0.14856477773764276,0.14790912868245462,1237658802041651318,Control4C,Lim:1259,Satellite,10.27017,0.034060714,0.04619148126786086,0.005898728060154727,0.04029275320770613,
FIREFLY MILES light-weighted,Control4C,1,0.14856477773764276,0.14790912868245462,1237658802041716895,Control4C,Lim:1259,Satellite,9.718524,0.033616869,-0.13479537313186118,-0.11925192628368061,-0.01554344684818057,
FIREFLY MILES light-weighted,Control4C,1,0.14856477773764276,0.14790912868245462,1237661068181766380,Control4C,Lim:1264,Satellite,10.72469,0.034355574,0.23148870508405484,0.1090146310348162,0.12247407404923863,
FIREFLY MILES light-weighted,Control4C,1,0.14856477773764276,0.14790912868245462,1237661068181766366,Control4C,Lim:1264,Satellite,10.61223,0.035026176,-0.08638724073305099,0.08350109048977866,-0.16988833122282965,
FIREFLY MILES light-weighted,Control4C,1,0.14856477773764276,0.14790912868245462,1237661951320588310,Control4C,Lim:1264,Satellite,9.971525,0.036605876,-0.2892746251283065,-0.061854173558845094,-0.2274204515694614,
FIREFLY MILES light-weighted,Control4C,1,0.14856477773764276,0.14790912868245462,1237665441523499143,Control4C,Lim:1265,Satellite,10.81512,0.036934391,0.0383308008134032,0.12953027634415043,-0.09119947553074723,
FIREFLY MILES light-weighted,Control4C,1,0.14856477773764276,0.14790912868245462,1237665428634402842,Control4C,Lim:1265,Satellite,10.47286,0.036196461,-0.04603702487435677,0.051882540376299593,-0.09791956525065637,
FIREFLY MILES light-weighted,Control4C,1,0.14856477773764276,0.14790912868245462,1237661068714508526,Control4C,Lim:1266,Satellite,9.367138,0.034275802,-0.36259213370622323,-0.1989700568008291,-0.16362207690539413,
FIREFLY MILES light-weighted,Control4C,1,0.14856477773764276,0.14790912868245462,1237661068714508360,Control4C,Lim:1266,Satellite,10.20129,0.034254067,-0.16328380351680608,-0.009727918505221228,-0.15355588501158485,
FIREFLY MILES light-weighted,Control4C,1,0.14856477773764276,0.14790912868245462,1237661068714442879,Control4C,Lim:1266,Satellite,10.45323,0.034953935,-0.009119148331831268,0.047429127599320095,-0.05654827593115136,
FIREFLY MILES light-weighted,Control4C,1,0.14856477773764276,0.14790912868245462,1237661382236766371,Control4C,Lim:1270,Satellite,10.00096,0.04493877,0.0025206987823348363,-0.055176323070287706,0.05769702185262254,
FIREFLY MILES light-weighted,Control4C,1,0.14856477773764276,0.14790912868245462,1237661137421271216,Control4C,Lim:1270,Satellite,10.01007,0.043352505,0.09756027280667182,-0.053109558404047894,0.1506698312107197,
FIREFLY MILES light-weighted,Control4C,1,0.14856477773764276,0.14790912868245462,1237661137421271240,Control4C,Lim:1270,Satellite,9.876853,0.044439929,-0.07594282963262874,-0.0833321916139737,0.007389361981344961,
FIREFLY MILES light-weighted,Control4C,1,0.14856477773764276,0.14790912868245462,1237667914345742360,Control4C,Lim:1272,Satellite,10.62247,0.026390935,0.19619691789081167,0.08582421564700055,0.11037270224381113,
FIREFLY MILES light-weighted,Control4C,1,0.14856477773764276,0.14790912868245462,1237668297129328675,Control4C,Lim:1272,Satellite,10.39448,0.02670856,-0.009119148331831268,0.034100650745141306,-0.04321979907697257,
FIREFLY MILES light-weighted,Control4C,1,0.14856477773764276,0.14790912868245462,1237667914345611509,Control4C,Lim:1272,Satellite,9.766333,0.027712574,-0.1848411427269139,-0.10840560883820957,-0.07643553388870433,
FIREFLY MILES light-weighted,Control4C,1,0.14856477773764276,0.14790912868245462,1237668496310730776,Control4C,Lim:1274,Satellite,11.0124,0.034916947,0.210659559924703,0.17428673445125487,0.03637282547344814,
FIREFLY MILES light-weighted,Control4C,1,0.14856477773764276,0.14790912868245462,1237668496310665312,Control4C,Lim:1274,Satellite,10.5521,0.034804368,0.1455612218657134,0.0698595362218334,0.07570168564388001,
FIREFLY MILES light-weighted,Control4C,1,0.14856477773764276,0.14790912868245462,1237668496310665432,Control4C,Lim:1274,Satellite,9.923389,0.034541702,0.15374598130109055,-0.07277467673931734,0.22652065804040789,
FIREFLY MILES light-weighted,Control4C,1,0.14856477773764276,0.14790912868245462,1237664667370651768,Control4C,Lim:1275,Satellite,10.90763,0.03853249,0.17161647695175766,0.1505178064510452,0.021098670500712458,
FIREFLY MILES light-weighted,Control4C,1,0.14856477773764276,0.14790912868245462,1237662224066347142,Control4C,Lim:1275,Satellite,10.65743,0.037623756,0.1617793388380763,0.09375551012907868,0.06802382870899762,
FIREFLY MILES light-weighted,Control4C,1,0.14856477773764276,0.14790912868245462,1237664667907588102,Control4C,Lim:1275,Satellite,10.27267,0.037782764,-0.055778624700305444,0.00646589728799201,-0.062244521988297455,
FIREFLY MILES light-weighted,Control4C,1,0.14856477773764276,0.14790912868245462,1237665128011399283,Control4C,Lim:1278,Satellite,10.86693,0.033963241,0.2855971362609545,0.14128429142185256,0.14431284483910195,
FIREFLY MILES light-weighted,Control4C,1,0.14856477773764276,0.14790912868245462,1237665128011464838,Control4C,Lim:1278,Satellite,10.45037,0.035286928,-0.22656522730891981,0.046780286002674094,-0.2733455133115939,
FIREFLY MILES light-weighted,Control4C,1,0.14856477773764276,0.14790912868245462,1237665024372572310,Control4C,Lim:1278,Satellite,10.11136,0.035150741,-0.1231358190374761,-0.03013012996898823,-0.09300568906848787,
FIREFLY MILES light-weighted,Control4C,1,0.14856477773764276,0.14790912868245462,1237661358610186319,Control4C,Lim:1282,Satellite,11.05743,0.025715958,0.2855971362609545,0.18450258658306218,0.10109454967789233,
FIREFLY MILES light-weighted,Control4C,1,0.14856477773764276,0.14790912868245462,1237660635996160210,Control4C,Lim:1282,Satellite,9.703765,0.025132465,0.23148870508405484,-0.1226002665371414,0.35408897162119624,
FIREFLY MILES light-weighted,Control4C,1,0.14856477773764276,0.14790912868245462,1237660636533031076,Control4C,Lim:1282,Satellite,9.73709,0.026073176,-0.21694068641837377,-0.115039900730069,-0.10190078568830477,
FIREFLY MILES light-weighted,Control4C,1,0.14856477773764276,0.14790912868245462,1237667209987948561,Control4C,Lim:1283,Satellite,10.81333,0.024556361,0.0409668678813979,0.1291241831770189,-0.088157315295621,
FIREFLY MILES light-weighted,Control4C,1,0.14856477773764276,0.14790912868245462,1237667431717732380,Control4C,Lim:1283,Satellite,10.78363,0.024251789,0.3003078152646575,0.12238621275031061,0.17792160251434688,
FIREFLY MILES light-weighted,Control4C,1,0.14856477773764276,0.14790912868245462,1237667209987883063,Control4C,Lim:1283,Satellite,10.24852,0.02413602,0.056455848346987726,0.0009870425470826366,0.05546880579990509,
FIREFLY MILES light-weighted,Control4C,1,0.14856477773764276,0.14790912868245462,1237664289399374060,Control4C,Lim:1286,Satellite,9.888868,0.043249685,0.0383308008134032,-0.08060637630498721,0.11893717711839041,
FIREFLY MILES light-weighted,Control4C,1,0.14856477773764276,0.14790912868245462,1237664289399439485,Control4C,Lim:1286,Satellite,9.802057,0.044051079,-0.0691168562521512,-0.1003009874401043,0.0311841311879531,
FIREFLY MILES light-weighted,Control4C,1,0.14856477773764276,0.14790912868245462,1237662264859557988,Control4C,Lim:1289,Satellite,10.84774,0.033442021,0.17548977917257252,0.1369307004289727,0.03855907874359982,
FIREFLY MILES light-weighted,Control4C,1,0.14856477773764276,0.14790912868245462,1237662264859623727,Control4C,Lim:1289,Satellite,9.539905,0.033973703,-0.20752475187661884,-0.15977480640651603,-0.047749945470102806,
FIREFLY MILES light-weighted,Control4C,1,0.14856477773764276,0.14790912868245462,1237662198284157109,Control4C,Lim:1289,Satellite,9.895721,0.034788451,0.05135398835050857,-0.07905165201763945,0.130405640368148,
FIREFLY MILES light-weighted,Control4C,1,0.14856477773764276,0.14790912868245462,1237661356464799823,Control4C,Lim:1295,Satellite,10.49059,0.021252982,0.210659559924703,0.05590490454012206,0.15475465538458094,
FIREFLY MILES light-weighted,Control4C,1,0.14856477773764276,0.14790912868245462,1237661356464865319,Control4C,Lim:1295,Satellite,10.34073,0.022764189,0.12003830018504674,0.0219065123466375,0.09813178783840924,
FIREFLY MILES light-weighted,Control4C,1,0.14856477773764276,0.14790912868245462,1237661356464799824,Control4C,Lim:1295,Satellite,9.522102,0.022519096,-0.10806121448408725,-0.16381373191179147,0.05575251742770422,
FIREFLY MILES light-weighted,Control4C,1,0.14856477773764276,0.14790912868245462,1237661139030835274,Control4C,Lim:1296,Satellite,10.48853,0.023149073,0.210659559924703,0.05543755709638441,0.1552220028283186,
FIREFLY MILES light-weighted,Control4C,1,0.14856477773764276,0.14790912868245462,1237661139030900758,Control4C,Lim:1296,Satellite,9.908285,0.022615915,0.011050416782760416,-0.07620128634621998,0.0872517031289804,
FIREFLY MILES light-weighted,Control4C,1,0.14856477773764276,0.14790912868245462,1237661139030900756,Control4C,Lim:1296,Satellite,9.896727,0.024253314,-0.1983087080057814,-0.07882342312035762,-0.11948528488542379,
FIREFLY MILES light-weighted,Control4C,1,0.14856477773764276,0.14790912868245462,1237659329778483267,Control4C,Lim:1297,Satellite,10.70275,0.032968283,0.027623555056661857,0.10403715389131506,-0.0764135988346532,
FIREFLY MILES light-weighted,Control4C,1,0.14856477773764276,0.14790912868245462,1237659325492560003,Control4C,Lim:1297,Satellite,9.673607,0.034550203,-1.0233458920722236,-0.1294421423663895,-0.8939037497058341,
FIREFLY MILES light-weighted,Control4C,1,0.14856477773764276,0.14790912868245462,1237659325492560241,Control4C,Lim:1297,Satellite,10.07402,0.033799108,-0.1983087080057814,-0.038601369555967255,-0.15970733844981416,
FIREFLY MILES light-weighted,Control4C,1,0.14856477773764276,0.14790912868245462,1237662698108878900,Control4C,Lim:1298,Satellite,10.59469,0.032632192,0.011050416782760416,0.07952183118727142,-0.068471414404511,
FIREFLY MILES light-weighted,Control4C,1,0.14856477773764276,0.14790912868245462,1237662698108813692,Control4C,Lim:1298,Satellite,10.4352,0.032561817,0.0383308008134032,0.043338703128156894,-0.005007902314753697,
FIREFLY MILES light-weighted,Control4C,1,0.14856477773764276,0.14790912868245462,1237662698108879110,Control4C,Lim:1298,Satellite,10.09068,0.032859284,0.056455848346987726,-0.03482175382165888,0.09127760216864661,
FIREFLY MILES light-weighted,Control4C,1,0.14856477773764276,0.14790912868245462,1237648705115848766,Control4C,Lim:1300,Satellite,10.38304,0.024230105,0.3003078152646575,0.0315052843585573,0.2688025309061002,
FIREFLY MILES light-weighted,Control4C,1,0.14856477773764276,0.14790912868245462,1237648722307842148,Control4C,Lim:1300,Satellite,9.86115,0.025133229,0.12003830018504674,-0.086894694967866,0.20693299515291275,
FIREFLY MILES light-weighted,Control4C,1,0.14856477773764276,0.14790912868245462,1237648705115848927,Control4C,Lim:1300,Satellite,9.747048,0.024934303,0.011050416782760416,-0.11278075226174725,0.12383116904450767,
FIREFLY MILES light-weighted,Control4C,1,0.14856477773764276,0.14790912868245462,1237661849862340734,Control4C,Lim:1301,Satellite,10.6624,0.036703444,0.16966679416987027,0.09488304255401944,0.07478375161585082,
FIREFLY MILES light-weighted,Control4C,1,0.14856477773764276,0.14790912868245462,1237661849862340735,Control4C,Lim:1301,Satellite,10.37209,0.038802124,0.210659559924703,0.02902108314062966,0.18163847678407335,
FIREFLY MILES light-weighted,Control4C,1,0.14856477773764276,0.14790912868245462,1237659132751577262,Control4C,Lim:1302,Satellite,10.85049,0.01881271,0.17355744610585364,0.13755458657959396,0.03600285952625967,
FIREFLY MILES light-weighted,Control4C,1,0.14856477773764276,0.14790912868245462,1237659132751577202,Control4C,Lim:1302,Satellite,9.795503,0.019641603,-0.13087399102014557,-0.1017878782878027,-0.029086112732342878,
FIREFLY MILES light-weighted,Control4C,1,0.14856477773764276,0.14790912868245462,1237659132751642639,Control4C,Lim:1302,Satellite,9.338893,0.019492948,-0.3305265412590219,-0.20537793473693602,-0.1251486065220859,
FIREFLY MILES light-weighted,Control4C,1,0.14856477773764276,0.14790912868245462,1237665566618616242,Control4C,Lim:1404,Satellite,10.77011,0.040844785,0.210659559924703,0.11931896156616603,0.09134059835853697,
FIREFLY MILES light-weighted,Control4C,1,0.14856477773764276,0.14790912868245462,1237665566618616105,Control4C,Lim:1404,Satellite,10.47867,0.041913771,-0.1983087080057814,0.05320064166179337,-0.25150934966757477,
FIREFLY MILES light-weighted,Control4C,1,0.14856477773764276,0.14790912868245462,1237665566618681710,Control4C,Lim:1404,Satellite,9.913556,0.04243398,0.056455848346987726,-0.0750054667462475,0.13146131509323522,
FIREFLY MILES light-weighted,Control4C,1,0.14856477773764276,0.14790912868245462,1237664668438102203,Control4C,Lim:1436,Satellite,10.57306,0.042457942,0.005382592656735859,0.07461468302802225,-0.06923209037128639,
FIREFLY MILES light-weighted,Control4C,1,0.14856477773764276,0.14790912868245462,1237662224596926575,Control4C,Lim:1436,Satellite,10.10774,0.042153071,0.0383308008134032,-0.03095139101089671,0.0692821918242999,
FIREFLY MILES light-weighted,Control4C,1,0.14856477773764276,0.14790912868245462,1237662224596926532,Control4C,Lim:1436,Satellite,9.655488,0.042477202,-0.17177874325082548,-0.13355275806206393,-0.03822598518876155,
FIREFLY MILES light-weighted,Control4C,1,0.14856477773764276,0.14790912868245462,1237662263778803812,Control4C,Lim:1437,Satellite,10.4944,0.024298647,-0.1983087080057814,0.05676927044334658,-0.255077978449128,
FIREFLY MILES light-weighted,Control4C,1,0.14856477773764276,0.14790912868245462,1237662263778672812,Control4C,Lim:1437,Satellite,10.50504,0.025321056,0.22979059425991835,0.05918314267702223,0.1706074515828961,
FIREFLY MILES light-weighted,Control4C,1,0.14856477773764276,0.14790912868245462,1237662237478158404,Control4C,Lim:1437,Satellite,10.19642,0.024587502,0.09756027280667182,-0.010832764161048558,0.10839303696772037,
FIREFLY MILES light-weighted,Control4C,1,0.14856477773764276,0.14790912868245462,1237661386013147302,Control4C,Lim:1443,Satellite,10.40627,0.037749843,0.005382592656735859,0.03677542082362237,-0.03139282816688651,
FIREFLY MILES light-weighted,Control4C,1,0.14856477773764276,0.14790912868245462,1237661386013147356,Control4C,Lim:1443,Satellite,10.20143,0.039507933,0.10894469627808792,-0.009696157028462327,0.11864085330655025,
FIREFLY MILES light-weighted,Control4C,1,0.14856477773764276,0.14790912868245462,1237661386013147569,Control4C,Lim:1443,Satellite,10.06806,0.037021504,0.07385466443403327,-0.03995350099513201,0.11380816542916528,
FIREFLY MILES light-weighted,Control4C,1,0.14856477773764276,0.14790912868245462,1237665548350193740,Control4C,Lim:1447,Satellite,10.95376,0.031125553,0.3003078152646575,0.1609832130431012,0.1393246022215563,
FIREFLY MILES light-weighted,Control4C,1,0.14856477773764276,0.14790912868245462,1237665531172683959,Control4C,Lim:1447,Satellite,10.28839,0.030234681,-0.10437295273032035,0.010032257392633553,-0.1144052101229539,
FIREFLY MILES light-weighted,Control4C,1,0.14856477773764276,0.14790912868245462,1237667448886526055,Control4C,Lim:1447,Satellite,9.650401,0.030400733,-0.1549517826247632,-0.13470683400686737,-0.02024494861789583,
FIREFLY MILES light-weighted,Control4C,1,0.14856477773764276,0.14790912868245462,1237661967423373381,Control4C,Lim:1451,Satellite,10.55181,0.024835991,0.1393198083248698,0.06979374459140433,0.06952606373346545,
FIREFLY MILES light-weighted,Control4C,1,0.14856477773764276,0.14790912868245462,1237661967423111358,Control4C,Lim:1451,Satellite,10.26895,0.025622773,-0.09708903351335806,0.005621949476970076,-0.10271098299032813,
FIREFLY MILES light-weighted,Control4C,1,0.14856477773764276,0.14790912868245462,1237662195056640151,Control4C,Lim:1451,Satellite,10.00999,0.028144692,0.0409668678813979,-0.053127707819338815,0.09409457570073672,
FIREFLY MILES light-weighted,Control4C,1,0.14856477773764276,0.14790912868245462,1237664817674190926,Control4C,Lim:1455,Satellite,10.60916,0.03940583,0.17548977917257252,0.08280460667799411,0.09268517249457842,
FIREFLY MILES light-weighted,Control4C,1,0.14856477773764276,0.14790912868245462,1237664817673994368,Control4C,Lim:1455,Satellite,10.5875,0.039620861,0.1496728826525962,0.07789065248801116,0.07178223016458504,
FIREFLY MILES light-weighted,Control4C,1,0.14856477773764276,0.14790912868245462,1237664817674256458,Control4C,Lim:1455,Satellite,9.521481,0.039517179,-0.19377293476141427,-0.16395461674798642,-0.029818318013427852,
FIREFLY MILES light-weighted,Control4C,1,0.14856477773764276,0.14790912868245462,1237658800968761371,Control4C,Lim:1459,Satellite,8.14252,0.030526416,-0.1549517826247632,-0.4767963149831401,0.32184453235837696,
FIREFLY MILES light-weighted,Control4C,1,0.14856477773764276,0.14790912868245462,1237658916923834489,Control4C,Lim:1459,Satellite,9.733941,0.029466734,-0.1549517826247632,-0.11575430708945308,-0.03919747553531011,
FIREFLY MILES light-weighted,Control4C,1,0.14856477773764276,0.14790912868245462,1237659161201803332,Control4C,Lim:1460,Satellite,10.53209,0.039168009,0.12003830018504674,0.06531991372222307,0.054718386462823676,
FIREFLY MILES light-weighted,Control4C,1,0.14856477773764276,0.14790912868245462,1237651272425668786,Control4C,Lim:1464,Satellite,10.32467,0.032054905,0.09986115685840526,0.018263017227009765,0.08159813963139549,
FIREFLY MILES light-weighted,Control4C,1,0.14856477773764276,0.14790912868245462,1237651272425668776,Control4C,Lim:1464,Satellite,10.12949,0.030484936,-0.021079757759797816,-0.026017018728711178,0.004937260968913362,
FIREFLY MILES light-weighted,Control4C,1,0.14856477773764276,0.14790912868245462,1237667911124582565,Control4C,Lim:1472,Satellite,10.26445,0.024091043,0.09524713375865783,0.004601044866862726,0.0906460888917951,
FIREFLY MILES light-weighted,Control4C,1,0.14856477773764276,0.14790912868245462,1237667549810720966,Control4C,Lim:1472,Satellite,9.997216,0.024131896,0.10442667462051756,-0.056025715705896845,0.1604523903264144,
FIREFLY MILES light-weighted,Control4C,1,0.14856477773764276,0.14790912868245462,1237667911124516982,Control4C,Lim:1472,Satellite,10.06725,0.02547257,-0.13087399102014557,-0.04013726382495121,-0.09073672719519436,
FIREFLY MILES light-weighted,Control4C,1,0.14856477773764276,0.14790912868245462,1237655469135692013,Control4C,Lim:1475,Satellite,10.68757,0.039092684,-0.003260164289578826,0.10059330233988618,-0.10385346662946501,
FIREFLY MILES light-weighted,Control4C,1,0.14856477773764276,0.14790912868245462,1237655469135626467,Control4C,Lim:1475,Satellite,10.50921,0.039557663,0.2734587195397252,0.06012918094905506,0.21332953859067016,
FIREFLY MILES light-weighted,Control4C,1,0.14856477773764276,0.14790912868245462,1237655469135692305,Control4C,Lim:1475,Satellite,9.585199,0.038130091,-0.1231358190374761,-0.1494990612042492,0.02636324216677309,
FIREFLY MILES light-weighted,Control4C,1,0.14856477773764276,0.14790912868245462,1237665127453753414,Control4C,Lim:1480,Satellite,10.83371,0.044000148,0.1943547474969782,0.13374774672234924,0.060607000774628966,
FIREFLY MILES light-weighted,Control4C,1,0.14856477773764276,0.14790912868245462,1237665127453753512,Control4C,Lim:1480,Satellite,10.32298,0.044752808,-0.015058301950004111,0.017879610828991692,-0.032937912778995805,
FIREFLY MILES light-weighted,Control4C,1,0.14856477773764276,0.14790912868245462,1237665127453753406,Control4C,Lim:1480,Satellite,10.23115,0.044595095,0.0383308008134032,-0.0029536492479315182,0.041284450061334715,
FIREFLY MILES light-weighted,Control4C,1,0.14856477773764276,0.14790912868245462,1237667912203829259,Control4C,Lim:1482,Satellite,10.1983,0.023983841,0.12003830018504674,-0.010406252901714874,0.13044455308676162,
FIREFLY MILES light-weighted,Control4C,1,0.14856477773764276,0.14790912868245462,1237667912740634801,Control4C,Lim:1482,Satellite,10.29466,0.023415268,-0.006179776081068299,0.01145471781604989,-0.01763449389711819,
FIREFLY MILES light-weighted,Control4C,1,0.14856477773764276,0.14790912868245462,1237667912203894825,Control4C,Lim:1482,Satellite,9.939545,0.023738201,0.08586937063632526,-0.06910940232134083,0.1549787729576661,
FIREFLY MILES light-weighted,Control4C,1,0.14856477773764276,0.14790912868245462,1237661874014650453,Control4C,Lim:1483,Satellite,10.08049,0.024244055,-0.16328380351680608,-0.03713353559432443,-0.12615026792248163,
FIREFLY MILES light-weighted,Control4C,1,0.14856477773764276,0.14790912868245462,1237661852006678622,Control4C,Lim:1483,Satellite,10.38556,0.024828749,0.2365435592168414,0.03207699094021752,0.20446656827662388,
FIREFLY MILES light-weighted,Control4C,1,0.14856477773764276,0.14790912868245462,1237661874014584855,Control4C,Lim:1483,Satellite,9.559867,0.023624116,-0.16328380351680608,-0.1552460735560797,-0.00803772996072638,
FIREFLY MILES light-weighted,Control4C,1,0.14856477773764276,0.14790912868245462,1237658205595107573,Control4C,Lim:1484,Satellite,10.15869,0.037436912,0.05135398835050857,-0.019392482147570514,0.07074647049807908,
FIREFLY MILES light-weighted,Control4C,1,0.14856477773764276,0.14790912868245462,1237658205595041980,Control4C,Lim:1484,Satellite,10.24946,0.035565781,0.09756027280667182,0.0012002981767494855,0.09635997462992232,
FIREFLY MILES light-weighted,Control4C,1,0.14856477773764276,0.14790912868245462,1237658205595107580,Control4C,Lim:1484,Satellite,10.12307,0.036299942,0.11118620289364924,-0.027473509305797686,0.13865971219944692,
FIREFLY MILES light-weighted,Control4C,1,0.14856477773764276,0.14790912868245462,1237662194000461972,Control4C,Lim:1485,Satellite,10.23961,0.031326856,0.12003830018504674,-0.0010343485809294894,0.12107264876597623,
FIREFLY MILES light-weighted,Control4C,1,0.14856477773764276,0.14790912868245462,1237662306190295221,Control4C,Lim:1485,Satellite,9.904114,0.033907713,0.04619148126786086,-0.07714755148594377,0.12333903275380462,
FIREFLY MILES light-weighted,Control4C,1,0.14856477773764276,0.14790912868245462,1237662306190295191,Control4C,Lim:1485,Satellite,9.920089,0.033576226,0.0383308008134032,-0.07352334012006256,0.11185414093346577,
FIREFLY MILES light-weighted,Control4C,1,0.14856477773764276,0.14790912868245462,1237674602676289706,Control4C,Lim:1486,Satellite,10.54114,0.024292031,0.0383308008134032,0.0673730663269945,-0.0290422655135913,
FIREFLY MILES light-weighted,Control4C,1,0.14856477773764276,0.14790912868245462,1237674602676289826,Control4C,Lim:1486,Satellite,10.0505,0.023084556,-0.07594282963262874,-0.04393729765146179,-0.03200553198116696,
FIREFLY MILES light-weighted,Control4C,1,0.14856477773764276,0.14790912868245462,1237664814452244710,Control4C,Lim:1486,Satellite,9.472246,0.023571183,-0.28368883398995764,-0.17512444752101597,-0.10856438646894168,
FIREFLY MILES light-weighted,Control4C,1,0.14856477773764276,0.14790912868245462,1237648721757929562,Control4C,Lim:1488,Satellite,9.794154,0.029572965,-0.40448393776297437,-0.10209392280314361,-0.30239001495983076,
FIREFLY MILES light-weighted,Control4C,1,0.14856477773764276,0.14790912868245462,1237651801774358588,Control4C,Lim:1488,Satellite,9.848377,0.03007542,0.005382592656735859,-0.08979247598673307,0.09517506864346892,
FIREFLY MILES light-weighted,Control4C,1,0.14856477773764276,0.14790912868245462,1237648721757929485,Control4C,Lim:1488,Satellite,9.698714,0.029699851,-0.1387524855065975,-0.12374617524506407,-0.015006310261533429,
FIREFLY MILES light-weighted,Control4C,1,0.14856477773764276,0.14790912868245462,1237657606426722476,Control4C,Lim:1490,Satellite,10.49283,0.030659067,0.0383308008134032,0.05641308816826447,-0.018082287354861275,
FIREFLY MILES light-weighted,Control4C,1,0.14856477773764276,0.14790912868245462,1237657606426787999,Control4C,Lim:1490,Satellite,9.829203,0.03079122,-0.1983087080057814,-0.09414243709655468,-0.10416627090922673,
FIREFLY MILES light-weighted,Control4C,1,0.14856477773764276,0.14790912868245462,1237657606426591432,Control4C,Lim:1490,Satellite,9.966885,0.031075041,-0.19377293476141427,-0.06290683964571134,-0.13086609511570294,
FIREFLY MILES light-weighted,Control4C,1,0.14856477773764276,0.14790912868245462,1237665372258828633,Control4C,Lim:1492,Satellite,10.52992,0.037801233,0.09986115685840526,0.0648276108324603,0.03503354602594495,
FIREFLY MILES light-weighted,Control4C,1,0.14856477773764276,0.14790912868245462,1237665372258828656,Control4C,Lim:1492,Satellite,10.23598,0.037963681,0.056455848346987726,-0.001857878299749642,0.05831372664673737,
FIREFLY MILES light-weighted,Control4C,1,0.14856477773764276,0.14790912868245462,1237665372258828586,Control4C,Lim:1492,Satellite,10.04991,0.03686154,-0.003260164289578826,-0.04407114958923118,0.04081098529965235,
FIREFLY MILES light-weighted,Control4C,1,0.14856477773764276,0.14790912868245462,1237654879118229530,Control4C,Lim:1494,Satellite,10.03815,0.041748277,-0.16328380351680608,-0.04673911363697844,-0.11654468987982763,
FIREFLY MILES light-weighted,Control4C,1,0.14856477773764276,0.14790912868245462,1237655123940606220,Control4C,Lim:1494,Satellite,10.5848,0.041096811,0.12003830018504674,0.07727810972194658,0.04276019046310016,
FIREFLY MILES light-weighted,Control4C,1,0.14856477773764276,0.14790912868245462,1237655123940606209,Control4C,Lim:1494,Satellite,9.730328,0.04098773,0.03567863566659506,-0.11657398005752362,0.1522526157241187,
FIREFLY MILES light-weighted,Control4C,1,0.14856477773764276,0.14790912868245462,1237663916801851543,Control4C,Lim:1496,Satellite,9.973765,0.023339416,-0.10437295273032035,-0.06134598993070267,-0.04302696279961768,
FIREFLY MILES light-weighted,Control4C,1,0.14856477773764276,0.14790912868245462,1237663787417469125,Control4C,Lim:1496,Satellite,10.26255,0.024351818,-0.1983087080057814,0.0041699962537061,-0.2024787042594875,
FIREFLY MILES light-weighted,Control4C,1,0.14856477773764276,0.14790912868245462,1237663787417600310,Control4C,Lim:1496,Satellite,10.15167,0.023960765,0.12439759440607599,-0.020985093339338082,0.14538268774541407,
FIREFLY MILES light-weighted,Control4C,1,0.14856477773764276,0.14790912868245462,1237660671429967979,Control4C,Lim:1497,Satellite,10.36056,0.03343603,0.17548977917257252,0.026405298661843477,0.14908448051072903,
FIREFLY MILES light-weighted,Control4C,1,0.14856477773764276,0.14790912868245462,1237660671429968008,Control4C,Lim:1497,Satellite,10.54078,0.033606269,0.12003830018504674,0.06729139395818577,0.05274690622686097,
FIREFLY MILES light-weighted,Control4C,1,0.14856477773764276,0.14790912868245462,1237661950780047494,Control4C,Lim:1497,Satellite,9.916123,0.03364734,0.04619148126786086,-0.07442309738310385,0.1206145786509647,
FIREFLY MILES light-weighted,Control4C,1,0.14856477773764276,0.14790912868245462,1237665129087565862,Control4C,Lim:1498,Satellite,10.36946,0.025819252,0.005382592656735859,0.02842442111294474,-0.02304182845620888,
FIREFLY MILES light-weighted,Control4C,1,0.14856477773764276,0.14790912868245462,1237665129087631503,Control4C,Lim:1498,Satellite,10.02877,0.025090224,0.056455848346987726,-0.04886713257982439,0.10532298092681211,
FIREFLY MILES light-weighted,Control4C,1,0.14856477773764276,0.14790912868245462,1237665129087565950,Control4C,Lim:1498,Satellite,9.038531,0.024622091,-0.1231358190374761,-0.2735203681816144,0.1503845491441383,
FIREFLY MILES light-weighted,Control4C,1,0.14856477773764276,0.14790912868245462,1237667782270583070,Control4C,Lim:1499,Satellite,9.637333,0.035573678,0.09986115685840526,-0.13767154099461912,0.2375326978530244,
FIREFLY MILES light-weighted,Control4C,1,0.14856477773764276,0.14790912868245462,1237667782270583073,Control4C,Lim:1499,Satellite,9.75534,0.03508181,0.04619148126786086,-0.11089956536685597,0.15709104663471682,
FIREFLY MILES light-weighted,Control4C,1,0.14856477773764276,0.14790912868245462,1237667782270648848,Control4C,Lim:1499,Satellite,9.694048,0.034688102,-0.05250706908668513,-0.12480473989189983,0.07229767080521471,
FIREFLY MILES light-weighted,Control4C,1,0.14856477773764276,0.14790912868245462,1237653589017362552,Control4C,Lim:1599,Satellite,10.95201,0.041066913,0.1287135660717291,0.16058619458361473,-0.03187262851188563,
FIREFLY MILES light-weighted,Control4C,1,0.14856477773764276,0.14790912868245462,1237654391639507212,Control4C,Lim:1599,Satellite,10.76021,0.042400434,-0.003260164289578826,0.11707297142392994,-0.12033313571350877,
FIREFLY MILES light-weighted,Control4C,1,0.14856477773764276,0.14790912868245462,1237654391639441458,Control4C,Lim:1599,Satellite,10.36816,0.041534658,0.09756027280667182,0.028129493114469172,0.06943077969220264,
FIREFLY MILES light-weighted,Control4C,1,0.14856477773764276,0.14790912868245462,1237661381704024169,Control4C,Lim:1600,Satellite,10.6562,0.038111197,0.005382592656735859,0.09347646286898276,-0.0880938702122469,
FIREFLY MILES light-weighted,Control4C,1,0.14856477773764276,0.14790912868245462,1237661381704089681,Control4C,Lim:1600,Satellite,9.868852,0.036827939,-0.3367530128963952,-0.08514736001074455,-0.2516056528856506,
FIREFLY MILES light-weighted,Control4C,1,0.14856477773764276,0.14790912868245462,1237661381703958722,Control4C,Lim:1600,Satellite,10.26157,0.036748975,-0.00036000557862243517,0.0039476659163942,-0.004307671495016634,
FIREFLY MILES light-weighted,Control4C,1,0.14856477773764276,0.14790912868245462,1237654383585329365,Control4C,Lim:1616,Satellite,10.71634,0.043491938,0.21243398995807833,0.10712028581383928,0.10531370414423905,
FIREFLY MILES light-weighted,Control4C,1,0.14856477773764276,0.14790912868245462,1237654383585394820,Control4C,Lim:1616,Satellite,10.39758,0.042845034,0.09756027280667182,0.034803940587659656,0.06275633221901217,
FIREFLY MILES light-weighted,Control4C,1,0.14856477773764276,0.14790912868245462,1237654391644618891,Control4C,Lim:1616,Satellite,10.41594,0.041790662,-0.6964434765481651,0.038969231396897785,-0.7354127079450629,
FIREFLY MILES light-weighted,Control4C,1,0.14856477773764276,0.14790912868245462,1237659330849276115,Control4C,Lim:1619,Satellite,10.87738,0.044311451,0.12003830018504674,0.14365505879421298,-0.023616758609166233,
FIREFLY MILES light-weighted,Control4C,1,0.14856477773764276,0.14790912868245462,1237659326026547606,Control4C,Lim:1619,Satellite,10.55366,0.046412412,-0.059074962477950764,0.07021344982000424,-0.129288412297955,
FIREFLY MILES light-weighted,Control4C,1,0.14856477773764276,0.14790912868245462,1237659330312536341,Control4C,Lim:1619,Satellite,10.10744,0.045047296,-0.055778624700305444,-0.031019451318237037,-0.024759173382068407,
FIREFLY MILES light-weighted,Control4C,1,0.14856477773764276,0.14790912868245462,1237668624622092360,Control4C,Lim:1659,Satellite,10.4788,0.025050163,0.09058356357502098,0.05323013446164101,0.03735342911337997,
FIREFLY MILES light-weighted,Control4C,1,0.14856477773764276,0.14790912868245462,1237668624622157845,Control4C,Lim:1659,Satellite,9.997185,0.024500046,-0.10071575008869796,-0.056032748604322,-0.044683001484375956,
FIREFLY MILES light-weighted,Control4C,1,0.14856477773764276,0.14790912868245462,1237668624621961294,Control4C,Lim:1659,Satellite,9.437902,0.024005572,0.024904982184311565,-0.18291599150535517,0.20782097368966673,
FIREFLY MILES light-weighted,Control4C,1,0.14856477773764276,0.14790912868245462,1237655465385394461,Control4C,Lim:1664,Satellite,10.72704,0.035817891,0.01664564199347177,0.10954777010898334,-0.09290212811551157,
FIREFLY MILES light-weighted,Control4C,1,0.14856477773764276,0.14790912868245462,1237655370904764505,Control4C,Lim:1664,Satellite,10.66017,0.03796471,0.12003830018504674,0.09437712760278871,0.02566117258225803,
FIREFLY MILES light-weighted,Control4C,1,0.14856477773764276,0.14790912868245462,1237655465385459816,Control4C,Lim:1664,Satellite,10.17687,0.037169284,0.09756027280667182,-0.015268027522737149,0.11282830032940896,
FIREFLY MILES light-weighted,Control4C,1,0.14856477773764276,0.14790912868245462,1237662698640441555,Control4C,Lim:1670,Satellite,10.597,0.028869665,0.01385725040186069,0.08004589555379307,-0.06618864515193239,
FIREFLY MILES light-weighted,Control4C,1,0.14856477773764276,0.14790912868245462,1237662698640506996,Control4C,Lim:1670,Satellite,10.5691,0.029475948,0.0383308008134032,0.07371628697112798,-0.03538548615772478,
FIREFLY MILES light-weighted,Control4C,1,0.14856477773764276,0.14790912868245462,1237664854183313713,Control4C,Lim:1670,Satellite,9.959099,0.030459703,-0.21220723669545014,-0.064673231488888,-0.14753400520656212,
FIREFLY MILES light-weighted,Control4C,1,0.14856477773764276,0.14790912868245462,1237665566082400802,Control4C,Lim:1678,Satellite,10.46534,0.032824231,0.12003830018504674,0.05017649533896441,0.06986180484608234,
FIREFLY MILES light-weighted,Control4C,1,0.14856477773764276,0.14790912868245462,1237668336861511907,Control4C,Lim:1678,Satellite,8.543398,0.031973519,-0.3006665564381726,-0.3858500486963401,0.08518349225816751,
FIREFLY MILES light-weighted,Control4C,1,0.14856477773764276,0.14790912868245462,1237668336324706372,Control4C,Lim:1678,Satellite,10.10874,0.030833504,-0.00036000557862243517,-0.030724523319761873,0.03036451774113944,
FIREFLY MILES light-weighted,Control4C,1,0.14856477773764276,0.14790912868245462,1237663786885906868,Control4C,Lim:1698,Satellite,10.53559,0.039398034,0.17355744610585364,0.06611395064119518,0.10744349546465845,
FIREFLY MILES light-weighted,Control4C,1,0.14856477773764276,0.14790912868245462,1237663916270158057,Control4C,Lim:1698,Satellite,10.31535,0.040347907,0.09756027280667182,0.016148610345632204,0.08141166246103962,
FIREFLY MILES light-weighted,Control4C,1,0.14856477773764276,0.14790912868245462,1237661949719478394,Control4C,Lim:1701,Satellite,10.28027,0.045390515,0.0025206987823348363,0.00819009174061771,-0.005669392958282874,
FIREFLY MILES light-weighted,Control4C,1,0.14856477773764276,0.14790912868245462,1237661949719478403,Control4C,Lim:1701,Satellite,10.04496,0.042849579,0.15576829454635008,-0.04519414466034942,0.20096243920669948,
FIREFLY MILES light-weighted,Control4C,1,0.14856477773764276,0.14790912868245462,1237661070324858895,Control4C,Lim:1714,Satellite,10.9583,0.032938389,0.17741355266189243,0.1620131923608536,0.015400360301038835,
FIREFLY MILES light-weighted,Control4C,1,0.14856477773764276,0.14790912868245462,1237661070324858902,Control4C,Lim:1714,Satellite,10.27178,0.032758053,0.005382592656735859,0.006263985042881885,-0.0008813923861460266,
FIREFLY MILES light-weighted,Control4C,1,0.14856477773764276,0.14790912868245462,1237661070324858899,Control4C,Lim:1714,Satellite,10.25661,0.033020698,0.011050416782760416,0.002822402168364685,0.008228014614395731,
FIREFLY MILES light-weighted,Control4C,1,0.14856477773764276,0.14790912868245462,1237667430641696794,Control4C,Lim:1716,Satellite,10.78507,0.038988421,-0.1231358190374761,0.12271290222554468,-0.24584872126302076,
FIREFLY MILES light-weighted,Control4C,1,0.14856477773764276,0.14790912868245462,1237667430641697079,Control4C,Lim:1716,Satellite,10.40711,0.038356995,0.03567863566659506,0.03696598968417577,-0.0012873540175807122,
FIREFLY MILES light-weighted,Control4C,1,0.14856477773764276,0.14790912868245462,1237667430641697017,Control4C,Lim:1716,Satellite,9.795736,0.038151831,-0.003260164289578826,-0.10173501811576832,0.09847485382618949,
FIREFLY MILES light-weighted,Control4C,1,0.14856477773764276,0.14790912868245462,1237661813348434037,Control4C,Lim:1718,Satellite,10.45015,0.026450845,0.0383308008134032,0.04673037511062468,-0.008399574297221483,
FIREFLY MILES light-weighted,Control4C,1,0.14856477773764276,0.14790912868245462,1237661812811563096,Control4C,Lim:1718,Satellite,10.43329,0.02641538,0.1496728826525962,0.042905385838089005,0.1067674968145072,
FIREFLY MILES light-weighted,Control4C,1,0.14856477773764276,0.14790912868245462,1237661950254448669,Control4C,Lim:1718,Satellite,9.050049,0.021402693,-0.27817389220561206,-0.27090730611512226,-0.007266586090489802,
FIREFLY MILES light-weighted,Control4C,1,0.14856477773764276,0.14790912868245462,1237648704600670761,Control4C,Lim:1719,Satellite,11.03549,0.031765264,0.12003830018504674,0.17952510943956101,-0.05948680925451427,
FIREFLY MILES light-weighted,Control4C,1,0.14856477773764276,0.14790912868245462,1237648721792729473,Control4C,Lim:1719,Satellite,9.848671,0.032528708,-0.021079757759797816,-0.08972577688553934,0.06864601912574153,
FIREFLY MILES light-weighted,Control4C,1,0.14856477773764276,0.14790912868245462,1237648721792729305,Control4C,Lim:1719,Satellite,9.901848,0.032318355,-0.021079757759797816,-0.07766163367405571,0.056581875914257895,
FIREFLY MILES light-weighted,Control4C,1,0.14856477773764276,0.14790912868245462,1237665567155028247,Control4C,Lim:1722,Satellite,10.24561,0.035856021,-0.04283781747327553,0.0003268575658799122,-0.04316467503915544,
FIREFLY MILES light-weighted,Control4C,1,0.14856477773764276,0.14790912868245462,1237665567154962520,Control4C,Lim:1722,Satellite,9.948594,0.036091035,0.03301017461500066,-0.06705647658426078,0.10006665119926145,
FIREFLY MILES light-weighted,Control4C,1,0.14856477773764276,0.14790912868245462,1237665530649706709,Control4C,Lim:1722,Satellite,10.19219,0.036265895,-0.1983087080057814,-0.011792414494549375,-0.18651629351123203,
FIREFLY MILES light-weighted,Control4C,1,0.14856477773764276,0.14790912868245462,1237662239091916865,Control4C,Lim:1729,Satellite,10.03529,0.030739918,-0.015058301950004111,-0.047387955233624435,0.03232965328362032,
FIREFLY MILES light-weighted,Control4C,1,0.14856477773764276,0.14790912868245462,1237662239091917063,Control4C,Lim:1729,Satellite,9.735239,0.031431437,-0.021079757759797816,-0.11545983282635985,0.09438007506656204,
FIREFLY MILES light-weighted,Control4C,1,0.14856477773764276,0.14790912868245462,1237662239091982527,Control4C,Lim:1729,Satellite,9.599685,0.031887496,-0.22656522730891981,-0.14621265583046822,-0.0803525714784516,
FIREFLY MILES light-weighted,Control4C,1,0.14856477773764276,0.14790912868245462,1237667783903346812,Control4C,Lim:1731,Satellite,10.5824,0.033184089,0.18878060169439917,0.07673362726322275,0.11204697443117642,
FIREFLY MILES light-weighted,Control4C,1,0.14856477773764276,0.14790912868245462,1237667783903281233,Control4C,Lim:1731,Satellite,10.37853,0.032323703,0.0383308008134032,0.03048211107153869,0.007848689741864506,
FIREFLY MILES light-weighted,Control4C,1,0.14856477773764276,0.14790912868245462,1237667783903346858,Control4C,Lim:1731,Satellite,10.55594,0.033112599,0.12003830018504674,0.07073070815579172,0.049307592029255026,
FIREFLY MILES light-weighted,Control4C,1,0.14856477773764276,0.14790912868245462,1237667736128913415,Control4C,Lim:1732,Satellite,10.42342,0.026983961,0.0882328635448647,0.04066620172658711,0.047566661818277595,
FIREFLY MILES light-weighted,Control4C,1,0.14856477773764276,0.14790912868245462,1237667736128847908,Control4C,Lim:1732,Satellite,10.08506,0.028005539,-0.003260164289578826,-0.03609675024583743,0.0328365859562586,
FIREFLY MILES light-weighted,Control4C,1,0.14856477773764276,0.14790912868245462,1237667736128782467,Control4C,Lim:1732,Satellite,9.931241,0.027540023,-0.00036000557862243517,-0.07099331162852571,0.07063330604990327,
FIREFLY MILES light-weighted,Control4C,1,0.14856477773764276,0.14790912868245462,1237661418750279810,Control4C,Lim:1733,Satellite,10.50006,0.043233747,0.16376467280347848,0.05805334157517019,0.10571133122830828,
FIREFLY MILES light-weighted,Control4C,1,0.14856477773764276,0.14790912868245462,1237661418750279849,Control4C,Lim:1733,Satellite,9.876513,0.043038333,-0.16751050324578506,-0.08340932662895989,-0.08410117661682517,
FIREFLY MILES light-weighted,Control4C,1,0.14856477773764276,0.14790912868245462,1237661388679348337,Control4C,Lim:1733,Satellite,9.904014,0.044609752,0.07385466443403327,-0.0771702382550572,0.15102490268909047,
FIREFLY MILES light-weighted,Control4C,1,0.14856477773764276,0.14790912868245462,1237661949711220877,Control4C,Lim:1737,Satellite,10.0556,0.039659784,-0.16751050324578506,-0.04278027242667337,-0.12473023081911169,
FIREFLY MILES light-weighted,Control4C,1,0.14856477773764276,0.14790912868245462,1237661949711220893,Control4C,Lim:1737,Satellite,9.961017,0.041371031,-0.021079757759797816,-0.06423809925729118,0.04315834149749337,
FIREFLY MILES light-weighted,Control4C,1,0.14856477773764276,0.14790912868245462,1237661949711220837,Control4C,Lim:1737,Satellite,9.96844,0.040351303,0.12439759440607599,-0.06255406038599653,0.18695165479207254,
FIREFLY MILES light-weighted,Control4C,1,0.14856477773764276,0.14790912868245462,1237655348358021297,Control4C,Lim:1739,Satellite,9.959058,0.031995274,0.01941624484406951,-0.06468253306422442,0.08409877790829393,
FIREFLY MILES light-weighted,Control4C,1,0.14856477773764276,0.14790912868245462,1237655473429741825,Control4C,Lim:1739,Satellite,10.07515,0.032265083,-0.1117810674162761,-0.03834500906498478,-0.07343605835129131,
FIREFLY MILES light-weighted,Control4C,1,0.14856477773764276,0.14790912868245462,1237667430105022483,Control4C,Lim:1740,Satellite,10.60872,0.039669918,0.12003830018504674,0.08270478489389488,0.037333515291151864,
FIREFLY MILES light-weighted,Control4C,1,0.14856477773764276,0.14790912868245462,1237667430105022513,Control4C,Lim:1740,Satellite,10.0515,0.03916439,0.210659559924703,-0.04371042996032655,0.25436998988502957,
FIREFLY MILES light-weighted,Control4C,1,0.14856477773764276,0.14790912868245462,1237667430105022648,Control4C,Lim:1740,Satellite,9.659697,0.039539061,-0.00036000557862243517,-0.132597871950077,0.13223786637145457,
FIREFLY MILES light-weighted,Control4C,1,0.14856477773764276,0.14790912868245462,1237654652561588590,Control4C,Lim:1743,Satellite,10.62591,0.03347985,0.04619148126786086,0.08660464050450468,-0.04041315923664383,
FIREFLY MILES light-weighted,Control4C,1,0.14856477773764276,0.14790912868245462,1237654652561653886,Control4C,Lim:1743,Satellite,9.77468,0.034320705,-0.16328380351680608,-0.10651194422030594,-0.05677185929650014,
FIREFLY MILES light-weighted,Control4C,1,0.14856477773764276,0.14790912868245462,1237654652561654051,Control4C,Lim:1743,Satellite,9.664881,0.033076565,-0.1983087080057814,-0.13142178983923342,-0.06688691816654799,
FIREFLY MILES light-weighted,Control4C,1,0.14856477773764276,0.14790912868245462,1237655471822209115,Control4C,Lim:1744,Satellite,10.86645,0.031133328,0.09986115685840526,0.14117539493010786,-0.041314238071702605,
FIREFLY MILES light-weighted,Control4C,1,0.14856477773764276,0.14790912868245462,1237655471822209218,Control4C,Lim:1744,Satellite,10.6772,0.031048813,0.0714113894018661,0.09824068438281666,-0.02682929498095056,
FIREFLY MILES light-weighted,Control4C,1,0.14856477773764276,0.14790912868245462,1237659326567678032,Control4C,Lim:1744,Satellite,9.977571,0.031188827,0.005382592656735859,-0.06048253149824323,0.06586512415497908,
FIREFLY MILES light-weighted,Control4C,1,0.14856477773764276,0.14790912868245462,1237668349214785655,Control4C,Lim:1746,Satellite,10.48122,0.022147377,-0.03650924669124571,0.05377915427418778,-0.09028840096543349,
FIREFLY MILES light-weighted,Control4C,1,0.14856477773764276,0.14790912868245462,1237668331493916905,Control4C,Lim:1746,Satellite,9.918725,0.022739318,-0.16328380351680608,-0.07383278765077078,-0.0894510158660353,
FIREFLY MILES light-weighted,Control4C,1,0.14856477773764276,0.14790912868245462,1237668349214785881,Control4C,Lim:1746,Satellite,10.17023,0.022701107,-0.10437295273032035,-0.016774428991873064,-0.08759852373844729,
FIREFLY MILES light-weighted,Control4C,1,0.14856477773764276,0.14790912868245462,1237655743482691805,Control4C,Lim:1747,Satellite,10.60319,0.037312559,0.09524713375865783,0.08145020656191851,0.01379692719673932,
FIREFLY MILES light-weighted,Control4C,1,0.14856477773764276,0.14790912868245462,1237655743482757360,Control4C,Lim:1747,Satellite,10.31273,0.038640061,0.24319337424724807,0.015554216994858552,0.22763915725238953,
FIREFLY MILES light-weighted,Control4C,1,0.14856477773764276,0.14790912868245462,1237655743482757400,Control4C,Lim:1747,Satellite,9.202137,0.038436374,-0.1387524855065975,-0.23640345270578847,0.09765096719919097,
FIREFLY MILES light-weighted,Control4C,1,0.14856477773764276,0.14790912868245462,1237662531137568924,Control4C,Lim:1749,Satellite,10.63846,0.040449475,0.3003078152646575,0.08945183002824864,0.21085598523640886,
FIREFLY MILES light-weighted,Control4C,1,0.14856477773764276,0.14790912868245462,1237662531137634375,Control4C,Lim:1749,Satellite,9.664572,0.041628862,-0.1387524855065975,-0.13149189195579403,-0.007260593550803468,
FIREFLY MILES light-weighted,Control4C,1,0.14856477773764276,0.14790912868245462,1237662531137568918,Control4C,Lim:1749,Satellite,9.527885,0.041406334,-0.26734992123701173,-0.16250175605395817,-0.10484816518305357,
FIREFLY MILES light-weighted,Control4C,1,0.14856477773764276,0.14790912868245462,1237662303514591245,Control4C,Lim:1750,Satellite,11.06022,0.019560952,0.210659559924703,0.18513554744132854,0.025524012483374464,
FIREFLY MILES light-weighted,Control4C,1,0.14856477773764276,0.14790912868245462,1237662303514656781,Control4C,Lim:1750,Satellite,10.54906,0.020069753,0.1287135660717291,0.06916985844078345,0.059543707630945644,
FIREFLY MILES light-weighted,Control4C,1,0.14856477773764276,0.14790912868245462,1237661873481318442,Control4C,Lim:1751,Satellite,10.41805,0.037358555,-0.05250706908668513,0.03944792222519215,-0.09195499131187729,
FIREFLY MILES light-weighted,Control4C,1,0.14856477773764276,0.14790912868245462,1237661873481384179,Control4C,Lim:1751,Satellite,9.82633,0.035783855,-0.1549517826247632,-0.09479422797318524,-0.06015755465157796,
FIREFLY MILES light-weighted,Control4C,1,0.14856477773764276,0.14790912868245462,1237657590857531471,Control4C,Lim:1753,Satellite,9.905485,0.019999931,0.04619148126786086,-0.07683651588139759,0.12302799714925844,
FIREFLY MILES light-weighted,Control4C,1,0.14856477773764276,0.14790912868245462,1237658802572099607,Control4C,Lim:1753,Satellite,9.997456,0.019694242,-0.00036000557862243517,-0.055971267460024496,0.05561126188140206,
FIREFLY MILES light-weighted,Control4C,1,0.14856477773764276,0.14790912868245462,1237657590857400524,Control4C,Lim:1753,Satellite,9.759063,0.019825099,-0.1387524855065975,-0.11005493695276075,-0.028697548553836744,
FIREFLY MILES light-weighted,Control4C,1,0.14856477773764276,0.14790912868245462,1237655129844416636,Control4C,Lim:1754,Satellite,10.8885,0.031227996,0.12003830018504674,0.14617782751963374,-0.026139527334586993,
FIREFLY MILES light-weighted,Control4C,1,0.14856477773764276,0.14790912868245462,1237655503498248707,Control4C,Lim:1754,Satellite,9.367236,0.031361437,-0.16328380351680608,-0.198947823767098,0.03566402025029192,
FIREFLY MILES light-weighted,Control4C,1,0.14856477773764276,0.14790912868245462,1237655503498314153,Control4C,Lim:1754,Satellite,9.786156,0.030171394,-0.1983087080057814,-0.10390841059684117,-0.09440029740894024,
FIREFLY MILES light-weighted,Control4C,1,0.14856477773764276,0.14790912868245462,1237667782850052122,Control4C,Lim:1756,Satellite,10.15845,0.039884408,0.12003830018504674,-0.01944693039344285,0.1394852305784896,
FIREFLY MILES light-weighted,Control4C,1,0.14856477773764276,0.14790912868245462,1237667782850052123,Control4C,Lim:1756,Satellite,10.0854,0.043059013,0.0383308008134032,-0.03601961523085165,0.07435041604425485,
FIREFLY MILES light-weighted,Control4C,1,0.14856477773764276,0.14790912868245462,1237667293188653149,Control4C,Lim:1757,Satellite,10.80993,0.02940922,0.09756027280667182,0.12835283302715983,-0.030792560220488013,
FIREFLY MILES light-weighted,Control4C,1,0.14856477773764276,0.14790912868245462,1237667293188718744,Control4C,Lim:1757,Satellite,10.61392,0.028747991,0.1943547474969782,0.08388449688779674,0.11047025060918146,
FIREFLY MILES light-weighted,Control4C,1,0.14856477773764276,0.14790912868245462,1237667293188718767,Control4C,Lim:1757,Satellite,9.963448,0.029422738,-0.1983087080057814,-0.06368658390014217,-0.13462212410563923,
FIREFLY MILES light-weighted,Control4C,1,0.14856477773764276,0.14790912868245462,1237663915730272292,Control4C,Lim:1758,Satellite,10.63624,0.042453869,0.24319337424724807,0.08894818375392914,0.15424519049331892,
FIREFLY MILES light-weighted,Control4C,1,0.14856477773764276,0.14790912868245462,1237663915730272609,Control4C,Lim:1758,Satellite,10.38429,0.041954463,0.09524713375865783,0.03178886897247615,0.06345826478618168,
FIREFLY MILES light-weighted,Control4C,1,0.14856477773764276,0.14790912868245462,1237663915730272304,Control4C,Lim:1758,Satellite,10.20187,0.041322954,0.1393198083248698,-0.009596335244363097,0.14891614356923288,
FIREFLY MILES light-weighted,Control4C,1,0.14856477773764276,0.14790912868245462,1237665549437960610,Control4C,Lim:1759,Satellite,11.09836,0.044272973,-0.062396561398671085,0.1937882811812159,-0.256184842579887,
FIREFLY MILES light-weighted,Control4C,1,0.14856477773764276,0.14790912868245462,1237665532260581636,Control4C,Lim:1759,Satellite,10.13052,0.043593144,-0.012078550350336925,-0.02578334500684215,0.013704794656505226,
FIREFLY MILES light-weighted,Control4C,1,0.14856477773764276,0.14790912868245462,1237665549437960502,Control4C,Lim:1759,Satellite,9.615507,0.044270517,0.04619148126786086,-0.1426231552213309,0.18881463648919175,
FIREFLY MILES light-weighted,Control4C,1,0.14856477773764276,0.14790912868245462,1237657611263475859,Control4C,Lim:1939,Satellite,10.46275,0.033604597,0.1287135660717291,0.049588908018924946,0.07912465805280415,
FIREFLY MILES light-weighted,Control4C,1,0.14856477773764276,0.14790912868245462,1237657220414308480,Control4C,Lim:1939,Satellite,10.46371,0.034537076,-0.04926002271457847,0.04980670100241472,-0.0990667237169932,
FIREFLY MILES light-weighted,Control4C,1,0.14856477773764276,0.14790912868245462,1237657220414308395,Control4C,Lim:1939,Satellite,9.392964,0.03363928,-0.6553778665466884,-0.193110971809578,-0.46226689473711036,
FIREFLY MILES light-weighted,Control4C,1,0.14856477773764276,0.14790912868245462,1237662341090312387,Control4C,Lim:1948,Satellite,10.55483,0.034545743,0.12003830018504674,0.07047888501863217,0.04955941516641457,
FIREFLY MILES light-weighted,Control4C,1,0.14856477773764276,0.14790912868245462,1237662665889939764,Control4C,Lim:1948,Satellite,10.40776,0.038265599,-0.26203736643140163,0.03711345368341355,-0.2991508201148152,
FIREFLY MILES light-weighted,Control4C,1,0.14856477773764276,0.14790912868245462,1237662306740601080,Control4C,Lim:1948,Satellite,9.891737,0.036677052,-0.07594282963262874,-0.07995549289912132,0.004012663266492578,
FIREFLY MILES light-weighted,Control4C,1,0.14856477773764276,0.14790912868245462,1237660635995242604,Control4C,Lim:1949,Satellite,10.3098,0.044447786,0.09524713375865783,0.0148894946598329,0.08035763909882493,
FIREFLY MILES light-weighted,Control4C,1,0.14856477773764276,0.14790912868245462,1237661357535461544,Control4C,Lim:1949,Satellite,10.03271,0.042719628,-0.14677660869441173,-0.04797327387675264,-0.09880333481765909,
FIREFLY MILES light-weighted,Control4C,1,0.14856477773764276,0.14790912868245462,1237660635995308152,Control4C,Lim:1949,Satellite,10.12651,0.044766761,-0.030271526760011918,-0.026693084448293547,-0.003578442311718371,
FIREFLY MILES light-weighted,Control4C,1,0.14856477773764276,0.14790912868245462,1237667536398909508,Control4C,Lim:1953,Satellite,10.83818,0.042012334,0.17741355266189243,0.13476184530172236,0.04265170736017007,
FIREFLY MILES light-weighted,Control4C,1,0.14856477773764276,0.14790912868245462,1237667536398975190,Control4C,Lim:1953,Satellite,10.21963,0.042532994,0.06895429106965624,-0.005567165049806033,0.07452145611946227,
FIREFLY MILES light-weighted,Control4C,1,0.14856477773764276,0.14790912868245462,1237667536398909593,Control4C,Lim:1953,Satellite,9.361501,0.039918193,-0.3006665564381726,-0.20024890997575687,-0.10041764646241572,
FIREFLY MILES light-weighted,Control4C,1,0.14856477773764276,0.14790912868245462,1237667734497722543,Control4C,Lim:1954,Satellite,10.91391,0.045043368,0.18878060169439917,0.15194253555137283,0.03683806614302634,
FIREFLY MILES light-weighted,Control4C,1,0.14856477773764276,0.14790912868245462,1237667734497722567,Control4C,Lim:1954,Satellite,10.63546,0.045204775,0.04358703111597816,0.08877122695484373,-0.045184195838865564,
FIREFLY MILES light-weighted,Control4C,1,0.14856477773764276,0.14790912868245462,1237667782286704806,Control4C,Lim:1954,Satellite,10.17,0.044768666,-0.059074962477950764,-0.01682660856083415,-0.042248353917116614,
FIREFLY MILES light-weighted,Control4C,1,0.14856477773764276,0.14790912868245462,1237651190815719555,Control4C,Lim:1977,Satellite,10.98494,0.032096867,0.210659559924703,0.168056947652689,0.04260261227201401,
FIREFLY MILES light-weighted,Control4C,1,0.14856477773764276,0.14790912868245462,1237651190815719612,Control4C,Lim:1977,Satellite,10.49914,0.033218385,0.25779277210434204,0.05784462329932627,0.19994814880501577,
FIREFLY MILES light-weighted,Control4C,1,0.14856477773764276,0.14790912868245462,1237651190815719626,Control4C,Lim:1977,Satellite,10.13641,0.032255648,-0.00036000557862243517,-0.02444709430605746,0.024087088727435025,
FIREFLY MILES light-weighted,Control4C,1,0.14856477773764276,0.14790912868245462,1237655464844263595,Control4C,Lim:1996,Satellite,10.28438,0.038575359,-0.0899253200661028,0.009122517951182553,-0.09904783801728537,
FIREFLY MILES light-weighted,Control4C,1,0.14856477773764276,0.14790912868245462,1237655369826697452,Control4C,Lim:1996,Satellite,10.18829,0.038065536,-0.11931785883562805,-0.012677198489975672,-0.10664066034565238,
FIREFLY MILES light-weighted,Control4C,1,0.14856477773764276,0.14790912868245462,1237655464844198086,Control4C,Lim:1996,Satellite,10.20707,0.038023742,0.12003830018504674,-0.008416623250461247,0.128454923435508,
FIREFLY MILES light-weighted,Control4C,1,0.14856477773764276,0.14790912868245462,1237664668981264486,Control4C,Lim:2009,Satellite,10.40338,0.037779774,0.0383308008134032,0.03611977319624257,0.0022110276171606255,
FIREFLY MILES light-weighted,Control4C,1,0.14856477773764276,0.14790912868245462,1237664668981330034,Control4C,Lim:2009,Satellite,10.3767,0.037925489,0.210659559924703,0.030066943196761717,0.1805926167279413,
FIREFLY MILES light-weighted,Control4C,1,0.14856477773764276,0.14790912868245462,1237662225140088946,Control4C,Lim:2009,Satellite,10.06654,0.038069239,0.06648321213101471,-0.04029833988565698,0.1067815520166717,
FIREFLY MILES light-weighted,Control4C,1,0.14856477773764276,0.14790912868245462,1237654391103553687,Control4C,Lim:2018,Satellite,10.901,0.043221014,0.030325216163527402,0.14901367365882057,-0.11868845749529316,
FIREFLY MILES light-weighted,Control4C,1,0.14856477773764276,0.14790912868245462,1237654391103619286,Control4C,Lim:2018,Satellite,10.61642,0.041063452,0.0409668678813979,0.08445166611563402,-0.04348479823423612,
FIREFLY MILES light-weighted,Control4C,1,0.14856477773764276,0.14790912868245462,1237661852019261469,Control4C,Lim:2021,Satellite,10.61803,0.029551741,0.210659559924703,0.08481692309836118,0.12584263682634184,
FIREFLY MILES light-weighted,Control4C,1,0.14856477773764276,0.14790912868245462,1237661874027102311,Control4C,Lim:2021,Satellite,9.781072,0.029198313,-0.1983087080057814,-0.10506180593857131,-0.09324690206721009,
FIREFLY MILES light-weighted,Control4C,1,0.14856477773764276,0.14790912868245462,1237661852019196066,Control4C,Lim:2021,Satellite,9.60392,0.029992191,-0.2892746251283065,-0.14525187115851138,-0.1440227539697951,
FIREFLY MILES light-weighted,Control4C,1,0.14856477773764276,0.14790912868245462,1237671260671443267,Control4C,Lim:2025,Satellite,10.59335,0.04189431,0.09524713375865783,0.0792178284811504,0.016029305277507427,
FIREFLY MILES light-weighted,Control4C,1,0.14856477773764276,0.14790912868245462,1237671260671443213,Control4C,Lim:2025,Satellite,10.50095,0.041799021,0.03567863566659506,0.058255253820280316,-0.02257661815368526,
FIREFLY MILES light-weighted,Control4C,1,0.14856477773764276,0.14790912868245462,1237671260671443273,Control4C,Lim:2025,Satellite,10.07745,0.042709116,0.09292160846959709,-0.03782321337537439,0.1307448218449715,
FIREFLY MILES light-weighted,Control4C,1,0.14856477773764276,0.14790912868245462,1237659326018355451,Control4C,Lim:2038,Satellite,10.86108,0.043010154,0.18878060169439917,0.13995711542871292,0.04882348626568625,
FIREFLY MILES light-weighted,Control4C,1,0.14856477773764276,0.14790912868245462,1237659326018355471,Control4C,Lim:2038,Satellite,10.1022,0.042977526,0.01941624484406951,-0.032208238019784355,0.05162448286385386,
FIREFLY MILES light-weighted,Control4C,1,0.14856477773764276,0.14790912868245462,1237659149921091774,Control4C,Lim:2038,Satellite,9.839446,0.042548823,0.04358703111597816,-0.09181863133625909,0.13540566245223726,
FIREFLY MILES light-weighted,Control4C,1,0.14856477773764276,0.14790912868245462,1237662267539980622,Control4C,Lim:2039,Satellite,10.31967,0.040229601,0.05898447772959352,0.0171286787713352,0.04185579895825832,
FIREFLY MILES light-weighted,Control4C,1,0.14856477773764276,0.14790912868245462,1237662267539980658,Control4C,Lim:2039,Satellite,10.44177,0.040577166,0.01941624484406951,0.04482922385891357,-0.025412979014844055,
FIREFLY MILES light-weighted,Control4C,1,0.14856477773764276,0.14790912868245462,1237662267539980522,Control4C,Lim:2039,Satellite,9.576892,0.037885897,-0.15909778063256153,-0.15138365111450694,-0.0077141295180545855,
FIREFLY MILES light-weighted,Control4C,1,0.14856477773764276,0.14790912868245462,1237668293375951070,Control4C,Lim:2041,Satellite,10.72956,0.022358072,0.19985798101343002,0.11011947669064315,0.08973850432278688,
FIREFLY MILES light-weighted,Control4C,1,0.14856477773764276,0.14790912868245462,1237668293376016459,Control4C,Lim:2041,Satellite,10.1287,0.025799074,-0.1117810674162761,-0.026196244204707855,-0.08558482321156824,
FIREFLY MILES light-weighted,Control4C,1,0.14856477773764276,0.14790912868245462,1237655473432101295,Control4C,Lim:2051,Satellite,10.61224,0.02974915,0.0383308008134032,0.08350335916668994,-0.04517255835328674,
FIREFLY MILES light-weighted,Control4C,1,0.14856477773764276,0.14790912868245462,1237655374647918701,Control4C,Lim:2051,Satellite,9.692585,0.030563998,-0.1387524855065975,-0.12513664732403054,-0.013615838182566953,
FIREFLY MILES light-weighted,Control4C,1,0.14856477773764276,0.14790912868245462,1237655374647918862,Control4C,Lim:2051,Satellite,9.339087,0.029759533,-0.17177874325082548,-0.20533392240485612,0.03355517915403064,
FIREFLY MILES light-weighted,Control4C,1,0.14856477773764276,0.14790912868245462,1237667142330548370,Control4C,Lim:2052,Satellite,10.84392,0.035406342,0.21420119955862366,0.13606406584883732,0.07813713370978634,
FIREFLY MILES light-weighted,Control4C,1,0.14856477773764276,0.14790912868245462,1237667142330548459,Control4C,Lim:2052,Satellite,10.31715,0.033899442,0.17548977917257252,0.016556972189674987,0.15893280698289752,
FIREFLY MILES light-weighted,Control4C,1,0.14856477773764276,0.14790912868245462,1237667142330548469,Control4C,Lim:2052,Satellite,9.713595,0.033582334,-0.033379164418814146,-0.12037015713328494,0.0869909927144708,
FIREFLY MILES light-weighted,Control4C,1,0.14856477773764276,0.14790912868245462,1237651272962211932,Control4C,Lim:2055,Satellite,10.55095,0.025260262,0.18878060169439917,0.0695986383770284,0.11918196331737077,
FIREFLY MILES light-weighted,Control4C,1,0.14856477773764276,0.14790912868245462,1237651272962212132,Control4C,Lim:2055,Satellite,10.48272,0.026020284,0.0383308008134032,0.05411945581089023,-0.01578865499748703,
FIREFLY MILES light-weighted,Control4C,1,0.14856477773764276,0.14790912868245462,1237651272962277451,Control4C,Lim:2055,Satellite,9.999923,0.025492479,0.09986115685840526,-0.055411584865994304,0.15527274172439956,
FIREFLY MILES light-weighted,Control4C,1,0.14856477773764276,0.14790912868245462,1237662264862441723,Control4C,Lim:2064,Satellite,10.6284,0.038064657,-0.1983087080057814,0.0871695410554307,-0.2854782490612121,
FIREFLY MILES light-weighted,Control4C,1,0.14856477773764276,0.14790912868245462,1237662264862376390,Control4C,Lim:2064,Satellite,10.65192,0.03805255,-0.1983087080057814,0.09250546915092522,-0.29081417715670665,
FIREFLY MILES light-weighted,Control4C,1,0.14856477773764276,0.14790912868245462,1237662264862376025,Control4C,Lim:2064,Satellite,10.57125,0.037882619,0.09756027280667182,0.07420405250706781,0.023356220299604005,
FIREFLY MILES light-weighted,Control4C,1,0.14856477773764276,0.14790912868245462,1237658491204665353,Control4C,Lim:2065,Satellite,10.32369,0.037039594,-0.03966200463502764,0.018040686889697462,-0.057702691524725104,
FIREFLY MILES light-weighted,Control4C,1,0.14856477773764276,0.14790912868245462,1237658491204730988,Control4C,Lim:2065,Satellite,10.20066,0.037050793,-0.04283781747327553,-0.009870845150636492,-0.03296697232263904,
FIREFLY MILES light-weighted,Control4C,1,0.14856477773764276,0.14790912868245462,1237661385998401730,Control4C,Lim:2067,Satellite,10.07869,0.02600016,0.03567863566659506,-0.03754189743836721,0.07322053310496227,
FIREFLY MILES light-weighted,Control4C,1,0.14856477773764276,0.14790912868245462,1237659161195249868,Control4C,Lim:2067,Satellite,9.836985,0.027127856,-0.1508449289923749,-0.09237695272414229,-0.05846797626823261,
FIREFLY MILES light-weighted,Control4C,1,0.14856477773764276,0.14790912868245462,1237659161195249691,Control4C,Lim:2067,Satellite,9.661281,0.025123015,-0.1549517826247632,-0.13223851352731897,-0.022713269097444228,
FIREFLY MILES light-weighted,Control4C,1,0.14856477773764276,0.14790912868245462,1237660343935041725,Control4C,Lim:2068,Satellite,10.51304,0.027817159,0.18502454598632273,0.0609980842061021,0.12402646178022063,
FIREFLY MILES light-weighted,Control4C,1,0.14856477773764276,0.14790912868245462,1237660635989737560,Control4C,Lim:2068,Satellite,10.41265,0.028384226,-0.021079757759797816,0.03822283669306341,-0.05930259445286122,
FIREFLY MILES light-weighted,Control4C,1,0.14856477773764276,0.14790912868245462,1237660343934976007,Control4C,Lim:2068,Satellite,9.821256,0.02870053,-0.08638724073305099,-0.09594535463800413,0.009558113904953147,
FIREFLY MILES light-weighted,Control4C,1,0.14856477773764276,0.14790912868245462,1237667112257650761,Control4C,Lim:2070,Satellite,10.7314,0.039370282,0.027623555056661857,0.11053691324233178,-0.08291335818566992,
FIREFLY MILES light-weighted,Control4C,1,0.14856477773764276,0.14790912868245462,1237667112257716415,Control4C,Lim:2070,Satellite,10.26954,0.0370378,0.14141026178025823,0.00575580141473947,0.13565446036551876,
FIREFLY MILES light-weighted,Control4C,1,0.14856477773764276,0.14790912868245462,1237667141792170057,Control4C,Lim:2070,Satellite,9.761284,0.038801465,-0.1549517826247632,-0.10955106381074989,-0.04540071881401331,
FIREFLY MILES light-weighted,Control4C,1,0.14856477773764276,0.14790912868245462,1237665026510946313,Control4C,Lim:2071,Satellite,10.5795,0.034914115,0.18878060169439917,0.07607571095893129,0.11270489073546788,
FIREFLY MILES light-weighted,Control4C,1,0.14856477773764276,0.14790912868245462,1237665026510881018,Control4C,Lim:2071,Satellite,10.738,0.0354122,0.05391241004701966,0.11203424000382224,-0.05812182995680258,
FIREFLY MILES light-weighted,Control4C,1,0.14856477773764276,0.14790912868245462,1237665026510880997,Control4C,Lim:2071,Satellite,10.22613,0.037217807,-0.059074962477950764,-0.0040925250574290195,-0.054982437420521744,
FIREFLY MILES light-weighted,Control4C,1,0.14856477773764276,0.14790912868245462,1237662303503974501,Control4C,Lim:2072,Satellite,10.4375,0.032715277,0.0714113894018661,0.043860498817767296,0.027550890584098806,
FIREFLY MILES light-weighted,Control4C,1,0.14856477773764276,0.14790912868245462,1237662303503909059,Control4C,Lim:2072,Satellite,10.09428,0.033352744,-0.16328380351680608,-0.03400503013357331,-0.12927877338323276,
FIREFLY MILES light-weighted,Control4C,1,0.14856477773764276,0.14790912868245462,1237658800431104162,Control4C,Lim:2072,Satellite,10.11542,0.033974564,-0.00036000557862243517,-0.029209047142980102,0.028849041564357667,
FIREFLY MILES light-weighted,Control4C,1,0.14856477773764276,0.14790912868245462,1237668293906530412,Control4C,Lim:2073,Satellite,10.2119,0.031987899,-0.10071575008869796,-0.007320852302279371,-0.09339489778641859,
FIREFLY MILES light-weighted,Control4C,1,0.14856477773764276,0.14790912868245462,1237668293906464929,Control4C,Lim:2073,Satellite,10.27241,0.03149792,0.005382592656735859,0.006406911688297143,-0.001024319031561284,
FIREFLY MILES light-weighted,Control4C,1,0.14856477773764276,0.14790912868245462,1237668293906464988,Control4C,Lim:2073,Satellite,10.1547,0.031614464,-0.10437295273032035,-0.02029768423519898,-0.08407526849512137,
FIREFLY MILES light-weighted,Control4C,1,0.14856477773764276,0.14790912868245462,1237655128762810629,Control4C,Lim:2074,Satellite,10.2014,0.044335224,-0.00036000557862243517,-0.009702963059196518,0.009342957480574083,
FIREFLY MILES light-weighted,Control4C,1,0.14856477773764276,0.14790912868245462,1237651250439979264,Control4C,Lim:2074,Satellite,10.17492,0.043958684,-0.00036000557862243517,-0.01571041952045009,0.015350413941827654,
FIREFLY MILES light-weighted,Control4C,1,0.14856477773764276,0.14790912868245462,1237665442070593666,Control4C,Lim:2077,Satellite,9.959658,0.036466436,-0.14677660869441173,-0.06454641244954376,-0.08223019624486796,
FIREFLY MILES light-weighted,Control4C,1,0.14856477773764276,0.14790912868245462,1237665442070593542,Control4C,Lim:2077,Satellite,9.36334,0.03614437,-0.36259213370622323,-0.19983170029175965,-0.16276043341446358,
FIREFLY MILES light-weighted,Control4C,1,0.14856477773764276,0.14790912868245462,1237665442070528252,Control4C,Lim:2077,Satellite,9.594501,0.036160417,-0.00036000557862243517,-0.14738873794131183,0.1470287323626894,
FIREFLY MILES light-weighted,Control4C,1,0.14856477773764276,0.14790912868245462,1237667429568086113,Control4C,Lim:2078,Satellite,10.33145,0.041115673,0.056455848346987726,0.01980118017290499,0.036654668174082736,
FIREFLY MILES light-weighted,Control4C,1,0.14856477773764276,0.14790912868245462,1237667429568086156,Control4C,Lim:2078,Satellite,10.12272,0.040622912,0.05135398835050857,-0.027552912997695134,0.0789069013482037,
FIREFLY MILES light-weighted,Control4C,1,0.14856477773764276,0.14790912868245462,1237667429568086121,Control4C,Lim:2078,Satellite,9.283918,0.041704963,-0.3692994289203334,-0.21784998605708053,-0.15144944286325288,
FIREFLY MILES light-weighted,Control4C,1,0.14856477773764276,0.14790912868245462,1237651752919040182,Control4C,Lim:2079,Satellite,10.42299,0.018723292,0.13721892725478624,0.04056864861939914,0.0966502786353871,
FIREFLY MILES light-weighted,Control4C,1,0.14856477773764276,0.14790912868245462,1237651752919040221,Control4C,Lim:2079,Satellite,10.05882,0.018370269,-0.09708903351335806,-0.04204975846121865,-0.0550392750521394,
FIREFLY MILES light-weighted,Control4C,1,0.14856477773764276,0.14790912868245462,1237653664180732221,Control4C,Lim:2079,Satellite,9.920506,0.018569108,0.17548977917257252,-0.07342873629285956,0.2489185154654321,
FIREFLY MILES light-weighted,Control4C,1,0.14856477773764276,0.14790912868245462,1237661958300238036,Control4C,Lim:2080,Satellite,10.51537,0.036765009,0.12003830018504674,0.061526685926446695,0.05851161425860005,
FIREFLY MILES light-weighted,Control4C,1,0.14856477773764276,0.14790912868245462,1237661958300238043,Control4C,Lim:2080,Satellite,10.55103,0.036676781,0.17741355266189243,0.06961678779231932,0.10779676486957311,
FIREFLY MILES light-weighted,Control4C,1,0.14856477773764276,0.14790912868245462,1237661958300238168,Control4C,Lim:2080,Satellite,9.589351,0.036507722,-0.03650924669124571,-0.14855710655065654,0.11204785985941083,
FIREFLY MILES light-weighted,Control4C,1,0.14856477773764276,0.14790912868245462,1237665024375062540,Control4C,Lim:2081,Satellite,10.77925,0.024746317,0.17741355266189243,0.12139253226313923,0.0560210203987532,
FIREFLY MILES light-weighted,Control4C,1,0.14856477773764276,0.14790912868245462,1237665024374866095,Control4C,Lim:2081,Satellite,9.958449,0.025707873,-0.14677660869441173,-0.06482069548812577,-0.08195591320628595,
FIREFLY MILES light-weighted,Control4C,1,0.14856477773764276,0.14790912868245462,1237665024374865968,Control4C,Lim:2081,Satellite,10.43867,0.025205556,-0.07594282963262874,0.044125934016395224,-0.12006876364902397,
FIREFLY MILES light-weighted,Control4C,1,0.14856477773764276,0.14790912868245462,1237664131554541775,Control4C,Lim:2083,Satellite,10.3168,0.032562019,0.0383308008134032,0.016477568497777935,0.021853232315625262,
FIREFLY MILES light-weighted,Control4C,1,0.14856477773764276,0.14790912868245462,1237661069789561066,Control4C,Lim:2083,Satellite,10.24366,0.032880474,-0.3006665564381726,-0.00011553443183302814,-0.30055102200633954,
FIREFLY MILES light-weighted,Control4C,1,0.14856477773764276,0.14790912868245462,1237661069789561112,Control4C,Lim:2083,Satellite,9.856933,0.033414499,-0.08638724073305099,-0.08785139602138228,0.001464155288331298,
FIREFLY MILES light-weighted,Control4C,1,0.14856477773764276,0.14790912868245462,1237654604776472806,Control4C,Lim:2084,Satellite,10.22042,0.029651026,0.0383308008134032,-0.0053879395738093555,0.04371874038721255,
FIREFLY MILES light-weighted,Control4C,1,0.14856477773764276,0.14790912868245462,1237654604776472790,Control4C,Lim:2084,Satellite,9.841734,0.029196728,-0.2217262958376311,-0.0912995580589423,-0.1304267377786888,
FIREFLY MILES light-weighted,Control4C,1,0.14856477773764276,0.14790912868245462,1237654604776472776,Control4C,Lim:2084,Satellite,9.222021,0.030547233,-0.11931785883562805,-0.23189241553526105,0.112574556699633,
FIREFLY MILES light-weighted,Control4C,1,0.14856477773764276,0.14790912868245462,1237651272418132006,Control4C,Lim:2086,Satellite,10.62678,0.02906833,0.09756027280667182,0.08680201539579228,0.010758257410879532,
FIREFLY MILES light-weighted,Control4C,1,0.14856477773764276,0.14790912868245462,1237673705578758555,Control4C,Lim:2086,Satellite,9.857841,0.029850107,-0.030271526760011918,-0.08764540015783154,0.057373873397819616,
FIREFLY MILES light-weighted,Control4C,1,0.14856477773764276,0.14790912868245462,1237657400806277320,Control4C,Lim:2088,Satellite,10.39822,0.029420771,-0.15909778063256153,0.034949135909986176,-0.1940469165425477,
FIREFLY MILES light-weighted,Control4C,1,0.14856477773764276,0.14790912868245462,1237657400806342833,Control4C,Lim:2088,Satellite,10.09906,0.030169854,0.04619148126786086,-0.03292060256994815,0.07911208383780902,
FIREFLY MILES light-weighted,Control4C,1,0.14856477773764276,0.14790912868245462,1237657400806277191,Control4C,Lim:2088,Satellite,9.283221,0.029095496,-0.13087399102014557,-0.21800811283780172,0.08713412181765615,
FIREFLY MILES light-weighted,Control4C,1,0.14856477773764276,0.14790912868245462,1237660635461779518,Control4C,Lim:2089,Satellite,10.81917,0.025951423,0.06895429106965624,0.13044909049324688,-0.06149479942359064,
FIREFLY MILES light-weighted,Control4C,1,0.14856477773764276,0.14790912868245462,1237661357538869384,Control4C,Lim:2089,Satellite,10.43892,0.025746039,0.056455848346987726,0.04418265093917883,0.012273197407808897,
FIREFLY MILES light-weighted,Control4C,1,0.14856477773764276,0.14790912868245462,1237660635461779634,Control4C,Lim:2089,Satellite,9.82612,0.02541461,0.011050416782760416,-0.0948418701883238,0.10589228697108422,
FIREFLY MILES light-weighted,Control4C,1,0.14856477773764276,0.14790912868245462,1237667255619354751,Control4C,Lim:2090,Satellite,10.70814,0.031295657,-0.1983087080057814,0.10525997074653254,-0.30356867875231397,
FIREFLY MILES light-weighted,Control4C,1,0.14856477773764276,0.14790912868245462,1237665328771563541,Control4C,Lim:2090,Satellite,10.08522,0.029553537,-0.08638724073305099,-0.036060451415256004,-0.05032678931779498,
FIREFLY MILES light-weighted,Control4C,1,0.14856477773764276,0.14790912868245462,1237667255619354715,Control4C,Lim:2090,Satellite,9.769403,0.030898258,-0.6425090077386855,-0.10770912502642502,-0.5347998827122604,
FIREFLY MILES light-weighted,Control4C,1,0.14856477773764276,0.14790912868245462,1237654879669453071,Control4C,Lim:2091,Satellite,10.38784,0.037206018,-0.07251640661352583,0.03259424927600539,-0.10511065588953122,
FIREFLY MILES light-weighted,Control4C,1,0.14856477773764276,0.14790912868245462,1237654879669452848,Control4C,Lim:2091,Satellite,10.19687,0.037820209,0.056455848346987726,-0.010730673700037663,0.06718652204702538,
FIREFLY MILES light-weighted,Control4C,1,0.14856477773764276,0.14790912868245462,1237654879669453281,Control4C,Lim:2091,Satellite,9.279489,0.039299,-0.3692994289203334,-0.21885478306111725,-0.15044464585921616,
FIREFLY MILES light-weighted,Control4C,1,0.14856477773764276,0.14790912868245462,1237665549439795506,Control4C,Lim:2093,Satellite,10.08331,0.03028486,0.027623555056661857,-0.03649376870532349,0.06411732376198534,
FIREFLY MILES light-weighted,Control4C,1,0.14856477773764276,0.14790912868245462,1237665549439795565,Control4C,Lim:2093,Satellite,10.21542,0.02991472,0.01941624484406951,-0.006522278029484324,0.025938522873553835,
FIREFLY MILES light-weighted,Control4C,1,0.14856477773764276,0.14790912868245462,1237665549439795426,Control4C,Lim:2093,Satellite,9.733265,0.028940462,-0.42704955844442327,-0.1159076696486604,-0.3111418887957629,
FIREFLY MILES light-weighted,Control4C,1,0.14856477773764276,0.14790912868245462,1237662237478682689,Control4C,Lim:2095,Satellite,10.24881,0.025208285,0.09058356357502098,0.0010528341775121047,0.08953072939750888,
FIREFLY MILES light-weighted,Control4C,1,0.14856477773764276,0.14790912868245462,1237662237478617282,Control4C,Lim:2095,Satellite,10.01759,0.025274822,-0.024122131359567863,-0.051403513366713116,0.027281382007145253,
FIREFLY MILES light-weighted,Control4C,1,0.14856477773764276,0.14790912868245462,1237651537642914009,Control4C,Lim:2252,Satellite,10.54657,0.031896961,0.056455848346987726,0.06860495788985703,-0.012149109542869303,
FIREFLY MILES light-weighted,Control4C,1,0.14856477773764276,0.14790912868245462,1237651538179850262,Control4C,Lim:2252,Satellite,10.47468,0.03185732,0.210659559924703,0.0522954395741649,0.1583641203505381,
FIREFLY MILES light-weighted,Control4C,1,0.14856477773764276,0.14790912868245462,1237651538179784880,Control4C,Lim:2252,Satellite,10.01986,0.032162973,-0.13479537313186118,-0.05088852370783692,-0.08390684942402427,
FIREFLY MILES light-weighted,Control4C,1,0.14856477773764276,0.14790912868245462,1237659329239777432,Control4C,Lim:2283,Satellite,10.74183,0.039678669,0.09292160846959709,0.11290314326086928,-0.019981534791272196,
FIREFLY MILES light-weighted,Control4C,1,0.14856477773764276,0.14790912868245462,1237659324953854292,Control4C,Lim:2283,Satellite,10.07977,0.037862742,0.005382592656735859,-0.037296880331941465,0.042679472988677324,
FIREFLY MILES light-weighted,Control4C,1,0.14856477773764276,0.14790912868245462,1237659324953854326,Control4C,Lim:2283,Satellite,10.10033,0.037406447,-0.059074962477950764,-0.03263248060220679,-0.026442481875743974,
FIREFLY MILES light-weighted,Control4C,1,0.14856477773764276,0.14790912868245462,1237668496867000461,Control4C,Lim:2306,Satellite,10.64308,0.027143227,0.12003830018504674,0.09049995876129195,0.02953834142375479,
FIREFLY MILES light-weighted,Control4C,1,0.14856477773764276,0.14790912868245462,1237668296601239639,Control4C,Lim:2306,Satellite,10.65933,0.028796742,0.17741355266189243,0.0941865587422353,0.08322699391965713,
FIREFLY MILES light-weighted,Control4C,1,0.14856477773764276,0.14790912868245462,1237668296601174268,Control4C,Lim:2306,Satellite,9.693898,0.026788295,-0.07594282963262874,-0.12483877004557001,0.04889594041294126,
FIREFLY MILES light-weighted,Control4C,1,0.14856477773764276,0.14790912868245462,1237651252023525473,Control4C,Lim:2318,Satellite,10.81207,0.031120156,0.20887785021412927,0.1288383298861888,0.08003952032794048,
FIREFLY MILES light-weighted,Control4C,1,0.14856477773764276,0.14790912868245462,1237651251486785701,Control4C,Lim:2318,Satellite,10.66437,0.031681096,0.18878060169439917,0.09532997190555532,0.09345062978884384,
FIREFLY MILES light-weighted,Control4C,1,0.14856477773764276,0.14790912868245462,1237651252023722212,Control4C,Lim:2318,Satellite,9.697733,0.031360211,-0.1117810674162761,-0.12396873245006773,0.012187665033791636,
FIREFLY MILES light-weighted,Control4C,1,0.14856477773764276,0.14790912868245462,1237661949178216474,Control4C,Lim:2345,Satellite,9.880844,0.021709484,0.13085557337224013,-0.08242676265865428,0.21328233603089441,
FIREFLY MILES light-weighted,Control4C,1,0.14856477773764276,0.14790912868245462,1237661949178216473,Control4C,Lim:2345,Satellite,10.18718,0.022123723,0.20167700383058246,-0.012929021627135606,0.21460602545771806,
FIREFLY MILES light-weighted,Control4C,1,0.14856477773764276,0.14790912868245462,1237661811198459942,Control4C,Lim:2345,Satellite,10.41725,0.02314568,0.210659559924703,0.03926642807228421,0.17139313185241878,
FIREFLY MILES light-weighted,Control4C,1,0.14856477773764276,0.14790912868245462,1237648705135772257,Control4C,Lim:2355,Satellite,10.66006,0.037459704,0.09756027280667182,0.09435217215676359,0.00320810064990823,
FIREFLY MILES light-weighted,Control4C,1,0.14856477773764276,0.14790912868245462,1237648705135837483,Control4C,Lim:2355,Satellite,10.25935,0.039630696,0.04619148126786086,0.003444019642074317,0.04274746162578654,
FIREFLY MILES light-weighted,Control4C,1,0.14856477773764276,0.14790912868245462,1237659325487644730,Control4C,Lim:2376,Satellite,10.4133,0.038182785,0.05135398835050857,0.0383703006923012,0.012983687658207371,
FIREFLY MILES light-weighted,Control4C,1,0.14856477773764276,0.14790912868245462,1237659329773699247,Control4C,Lim:2376,Satellite,10.22129,0.037028716,0.17355744610585364,-0.0051905646825221585,0.1787480107883758,
FIREFLY MILES light-weighted,Control4C,1,0.14856477773764276,0.14790912868245462,1237659329773633620,Control4C,Lim:2376,Satellite,10.0102,0.038227123,0.04358703111597816,-0.05308006560420066,0.09666709672017881,
FIREFLY MILES light-weighted,Control4C,1,0.14856477773764276,0.14790912868245462,1237662696499183930,Control4C,Lim:2417,Satellite,10.74732,0.034066681,-0.05250706908668513,0.11414864688520021,-0.16665571597188533,
FIREFLY MILES light-weighted,Control4C,1,0.14856477773764276,0.14790912868245462,1237662696499380362,Control4C,Lim:2417,Satellite,10.4252,0.034086667,0.056455848346987726,0.04107002621680736,0.015385822130180367,
FIREFLY MILES light-weighted,Control4C,1,0.14856477773764276,0.14790912868245462,1237662696499380384,Control4C,Lim:2417,Satellite,9.996214,0.03377779,-0.05250706908668513,-0.056253037132414,0.0037459680457288744,
FIREFLY MILES light-weighted,Control4C,1,0.14856477773764276,0.14790912868245462,1237662267538014312,Control4C,Lim:2423,Satellite,11.04586,0.038168127,0.12003830018504674,0.18187772739663055,-0.06183942721158381,
FIREFLY MILES light-weighted,Control4C,1,0.14856477773764276,0.14790912868245462,1237662267537949046,Control4C,Lim:2423,Satellite,10.73447,0.038332358,0.09524713375865783,0.11123339705411593,-0.015986263295458103,
FIREFLY MILES light-weighted,Control4C,1,0.14856477773764276,0.14790912868245462,1237662267537949098,Control4C,Lim:2423,Satellite,10.4528,0.038273614,0.0383308008134032,0.04733157449213213,-0.00900077367872893,
FIREFLY MILES light-weighted,Control4C,1,0.14856477773764276,0.14790912868245462,1237673809192223014,Control4C,Lim:2435,Satellite,10.93475,0.039493127,0.18878060169439917,0.15667045823462528,0.03211014345977389,
FIREFLY MILES light-weighted,Control4C,1,0.14856477773764276,0.14790912868245462,1237674371289907217,Control4C,Lim:2435,Satellite,10.80039,0.03821542,0.04358703111597816,0.12618851525373245,-0.08260148413775428,
FIREFLY MILES light-weighted,Control4C,1,0.14856477773764276,0.14790912868245462,1237673809192157411,Control4C,Lim:2435,Satellite,10.02903,0.039925404,-0.021079757759797816,-0.04880814698012911,0.027728389220331297,
FIREFLY MILES light-weighted,Control4C,1,0.14856477773764276,0.14790912868245462,1237648721249501332,Control4C,Lim:2454,Satellite,10.44216,0.04418809,0.1287135660717291,0.04491770225845607,0.08379586381327303,
FIREFLY MILES light-weighted,Control4C,1,0.14856477773764276,0.14790912868245462,1237648704594313302,Control4C,Lim:2454,Satellite,10.05111,0.043740498,-0.09708903351335806,-0.04379890835986945,-0.053290125153488604,
FIREFLY MILES light-weighted,Control4C,1,0.14856477773764276,0.14790912868245462,1237648721249435833,Control4C,Lim:2454,Satellite,9.855238,0.045150302,-0.055778624700305444,-0.08823593675785599,0.03245731205755054,
FIREFLY MILES light-weighted,Control4C,1,0.14856477773764276,0.14790912868245462,1237668314847051864,Control4C,Lim:2456,Satellite,10.22725,0.02694618,-0.033379164418814146,-0.0038384332433578083,-0.029540731175456338,
FIREFLY MILES light-weighted,Control4C,1,0.14856477773764276,0.14790912868245462,1237668349207445599,Control4C,Lim:2456,Satellite,10.07664,0.026296814,-0.27817389220561206,-0.038006976205194,-0.24016691600041806,
FIREFLY MILES light-weighted,Control4C,1,0.14856477773764276,0.14790912868245462,1237668349207511108,Control4C,Lim:2456,Satellite,10.1142,0.025599208,0.12003830018504674,-0.029485825726164747,0.1495241259112115,
FIREFLY MILES light-weighted,Control4C,1,0.14856477773764276,0.14790912868245462,1237654609606148138,Control4C,Lim:2457,Satellite,10.36182,0.042748394,-0.19377293476141427,0.026691151952673582,-0.22046408671408785,
FIREFLY MILES light-weighted,Control4C,1,0.14856477773764276,0.14790912868245462,1237654875361378383,Control4C,Lim:2457,Satellite,10.34381,0.043038072,-0.003260164289578826,0.022605264835332914,-0.02586542912491174,
FIREFLY MILES light-weighted,Control4C,1,0.14856477773764276,0.14790912868245462,1237654609606279302,Control4C,Lim:2457,Satellite,9.758004,0.042087209,-0.3692994289203334,-0.11029518983767259,-0.2590042390826608,
FIREFLY MILES light-weighted,Control4C,1,0.14856477773764276,0.14790912868245462,1237659325491839305,Control4C,Lim:2462,Satellite,10.82214,0.033415355,-0.00036000557862243517,0.13112288753591758,-0.13148289311454,
FIREFLY MILES light-weighted,Control4C,1,0.14856477773764276,0.14790912868245462,1237659325491904550,Control4C,Lim:2462,Satellite,10.43687,0.033323437,0.09292160846959709,0.04371757217235244,0.049204036297244645,
FIREFLY MILES light-weighted,Control4C,1,0.14856477773764276,0.14790912868245462,1237665355622187254,Control4C,Lim:2462,Satellite,9.359344,0.033208103,-0.35598675464406754,-0.20073826358553506,-0.15524849105853247,
FIREFLY MILES light-weighted,Control4C,1,0.14856477773764276,0.14790912868245462,1237661124540956928,Control4C,Lim:2471,Satellite,10.46675,0.021956383,0.15171420698334523,0.05049637878346468,0.10121782819988055,
FIREFLY MILES light-weighted,Control4C,1,0.14856477773764276,0.14790912868245462,1237664094510907472,Control4C,Lim:2471,Satellite,9.810265,0.021540256,-0.18044323321980837,-0.0984388574312686,-0.08200437578853978,
FIREFLY MILES light-weighted,Control4C,1,0.14856477773764276,0.14790912868245462,1237661124541087880,Control4C,Lim:2471,Satellite,9.383293,0.021561197,-0.23640805378214774,-0.19530500925054398,-0.041103044531603766,
FIREFLY MILES light-weighted,Control4C,1,0.14856477773764276,0.14790912868245462,1237662267540766897,Control4C,Lim:2477,Satellite,10.37203,0.04109319,0.0383308008134032,0.029007471079161674,0.009323329734241523,
FIREFLY MILES light-weighted,Control4C,1,0.14856477773764276,0.14790912868245462,1237655744023691585,Control4C,Lim:2477,Satellite,10.08682,0.040647398,-0.07594282963262874,-0.03569746310944011,-0.040245366523188636,
FIREFLY MILES light-weighted,Control4C,1,0.14856477773764276,0.14790912868245462,1237655744023626322,Control4C,Lim:2477,Satellite,9.735352,0.041671742,0.15374598130109055,-0.11543419677726147,0.26918017807835204,
FIREFLY MILES light-weighted,Control4C,1,0.14856477773764276,0.14790912868245462,1237665129066070035,Control4C,Lim:2482,Satellite,10.78765,0.030120659,0.1943547474969782,0.12329822086867288,0.07105652662830532,
FIREFLY MILES light-weighted,Control4C,1,0.14856477773764276,0.14790912868245462,1237665098464952456,Control4C,Lim:2482,Satellite,9.681924,0.02980857,-0.36259213370622323,-0.12755528377922007,-0.23503684992700316,
FIREFLY MILES light-weighted,Control4C,1,0.14856477773764276,0.14790912868245462,1237665129066070261,Control4C,Lim:2482,Satellite,9.28987,0.029915272,-0.47603553047401376,-0.21649966955944513,-0.2595358609145686,
FIREFLY MILES light-weighted,Control4C,1,0.14856477773764276,0.14790912868245462,1237667211056382122,Control4C,Lim:2485,Satellite,10.43438,0.043255651,0.18878060169439917,0.04315267162142642,0.14562793007297276,
FIREFLY MILES light-weighted,Control4C,1,0.14856477773764276,0.14790912868245462,1237667211056447529,Control4C,Lim:2485,Satellite,9.797628,0.043541265,-0.04283781747327553,-0.10130578444414101,0.05846796697086548,
FIREFLY MILES light-weighted,Control4C,1,0.14856477773764276,0.14790912868245462,1237657769628926213,Control4C,Lim:2489,Satellite,10.50787,0.030332084,0.024904982184311565,0.059825178242934436,-0.03492019605862287,
FIREFLY MILES light-weighted,Control4C,1,0.14856477773764276,0.14790912868245462,1237657606427181201,Control4C,Lim:2489,Satellite,10.39319,0.030917428,0.210659559924703,0.03380799142357741,0.1768515685011256,
FIREFLY MILES light-weighted,Control4C,1,0.14856477773764276,0.14790912868245462,1237657402416758934,Control4C,Lim:2489,Satellite,9.513554,0.031308608,-0.42704955844442327,-0.16575299693561332,-0.26129656150881,
FIREFLY MILES light-weighted,Control4C,1,0.14856477773764276,0.14790912868245462,1237648721754652794,Control4C,Lim:2491,Satellite,10.40068,0.03484289,-0.05250706908668513,0.035507230430178005,-0.08801429951686313,
FIREFLY MILES light-weighted,Control4C,1,0.14856477773764276,0.14790912868245462,1237654670272561322,Control4C,Lim:2491,Satellite,10.24053,0.033913112,-0.10071575008869796,-0.0008256303050855687,-0.0998901197836124,
FIREFLY MILES light-weighted,Control4C,1,0.14856477773764276,0.14790912868245462,1237651801234210980,Control4C,Lim:2491,Satellite,9.93179,0.033353097,-0.14677660869441173,-0.07086876126609273,-0.07590784742831899,
FIREFLY MILES light-weighted,Control4C,1,0.14856477773764276,0.14790912868245462,1237665228385157229,Control4C,Lim:2494,Satellite,10.71749,0.039281557,0.18878060169439917,0.1073811836586443,0.08139941803575487,
FIREFLY MILES light-weighted,Control4C,1,0.14856477773764276,0.14790912868245462,1237665228385157138,Control4C,Lim:2494,Satellite,9.961924,0.039399669,0.005382592656735859,-0.06403233026143182,0.06941492291816767,
FIREFLY MILES light-weighted,Control4C,1,0.14856477773764276,0.14790912868245462,1237664294761594986,Control4C,Lim:2497,Satellite,10.64182,0.025227244,0.21946008747208545,0.09021410547046184,0.12924598200162363,
FIREFLY MILES light-weighted,Control4C,1,0.14856477773764276,0.14790912868245462,1237662224612392982,Control4C,Lim:2497,Satellite,10.57776,0.024745902,0.24319337424724807,0.07568096117635649,0.1675124130708916,
FIREFLY MILES light-weighted,Control4C,1,0.14856477773764276,0.14790912868245462,1237664294761594907,Control4C,Lim:2497,Satellite,10.4442,0.024688968,0.09986115685840526,0.0453805123483716,0.054480644510033656,
FIREFLY MILES light-weighted,Control4C,1,0.14856477773764276,0.14790912868245462,1237658493883711521,Control4C,Lim:2498,Satellite,10.71851,0.036727924,0.15171420698334523,0.10761258870360205,0.04410161827974318,
FIREFLY MILES light-weighted,Control4C,1,0.14856477773764276,0.14790912868245462,1237658493883711660,Control4C,Lim:2498,Satellite,9.412642,0.037078279,-0.5724046818462873,-0.1886466693834241,-0.38375801246286323,
FIREFLY MILES light-weighted,Control4C,1,0.14856477773764276,0.14790912868245462,1237667253995503633,Control4C,Lim:2499,Satellite,10.22835,0.031651186,0.1156348048624115,-0.00358887878310913,0.11922368364552063,
FIREFLY MILES light-weighted,Control4C,1,0.14856477773764276,0.14790912868245462,1237667211582767354,Control4C,Lim:2499,Satellite,9.931507,0.03219334,-0.07939644884409477,-0.07093296482268382,-0.00846348402141095,
FIREFLY MILES light-weighted,Control4C,1,0.14856477773764276,0.14790912868245462,1237667253995503858,Control4C,Lim:2499,Satellite,10.0448,0.033344977,-0.062396561398671085,-0.04523044349093085,-0.01716611790774024,
FIREFLY MILES light-weighted,Control4C,1,0.14856477773764276,0.14790912868245462,1237671129667731700,Control4C,Lim:2500,Satellite,10.50129,0.035514373,0.005382592656735859,0.058332388835266105,-0.052949796178530247,
FIREFLY MILES light-weighted,Control4C,1,0.14856477773764276,0.14790912868245462,1237671129667731636,Control4C,Lim:2500,Satellite,9.916598,0.034539935,-0.1117810674162761,-0.07431533522981479,-0.037465732186461306,
FIREFLY MILES light-weighted,Control4C,1,0.14856477773764276,0.14790912868245462,1237658493353656373,Control4C,Lim:2500,Satellite,10.13692,0.034600543,0.16966679416987027,-0.02433139178357857,0.19399818595344884,
FIREFLY MILES light-weighted,Control4C,1,0.14856477773764276,0.14790912868245462,1237665548887195936,Control4C,Lim:2501,Satellite,10.29245,0.036773312,0.027623555056661857,0.010953340218641673,0.016670214838020184,
FIREFLY MILES light-weighted,Control4C,1,0.14856477773764276,0.14790912868245462,1237665531709817003,Control4C,Lim:2501,Satellite,10.0676,0.03795133,-0.08638724073305099,-0.04005786013305376,-0.04632938059999722,
FIREFLY MILES light-weighted,Control4C,1,0.14856477773764276,0.14790912868245462,1237667292114845769,Control4C,Lim:2503,Satellite,10.52545,0.029288729,0.09524713375865783,0.06381351225308675,0.03143362150557108,
FIREFLY MILES light-weighted,Control4C,1,0.14856477773764276,0.14790912868245462,1237667429555437686,Control4C,Lim:2503,Satellite,10.06359,0.028828063,-0.1983087080057814,-0.04096759957450516,-0.15734110843127624,
FIREFLY MILES light-weighted,Control4C,1,0.14856477773764276,0.14790912868245462,1237667429555437726,Control4C,Lim:2503,Satellite,9.896671,0.028695672,0.01941624484406951,-0.07883612771106133,0.09825237255513083,
FIREFLY MILES light-weighted,Control4C,1,0.14856477773764276,0.14790912868245462,1237662665889546707,Control4C,Lim:2504,Satellite,10.68894,0.037324051,0.011050416782760416,0.10090411107674141,-0.08985369429398099,
FIREFLY MILES light-weighted,Control4C,1,0.14856477773764276,0.14790912868245462,1237662665889611792,Control4C,Lim:2504,Satellite,9.676372,0.037052327,-0.00036000557862243517,-0.1288148532004013,0.1284548476217789,
FIREFLY MILES light-weighted,Control4C,1,0.14856477773764276,0.14790912868245462,1237662665889546613,Control4C,Lim:2504,Satellite,9.47954,0.036911821,-0.3761119394752729,-0.17346967458187762,-0.20264226489339526,
FIREFLY MILES light-weighted,Control4C,1,0.14856477773764276,0.14790912868245462,1237665226774347799,Control4C,Lim:2510,Satellite,10.09352,0.017003537,-0.055778624700305444,-0.0341774495788358,-0.021601175121469647,
FIREFLY MILES light-weighted,Control4C,1,0.14856477773764276,0.14790912868245462,1237665330395152577,Control4C,Lim:2510,Satellite,9.83899,0.017388737,-0.3006665564381726,-0.09192208300341659,-0.208744473434756,
FIREFLY MILES light-weighted,Control4C,1,0.14856477773764276,0.14790912868245462,1237665330395152533,Control4C,Lim:2510,Satellite,10.06063,0.018350207,0.12003830018504674,-0.041639127940264614,0.16167742812531136,
FIREFLY MILES light-weighted,Control4C,1,0.14856477773764276,0.14790912868245462,1237667538550456486,Control4C,Lim:2513,Satellite,10.11737,0.044726275,-0.059074962477950764,-0.02876665514526716,-0.030308307332683602,
FIREFLY MILES light-weighted,Control4C,1,0.14856477773764276,0.14790912868245462,1237667538550456390,Control4C,Lim:2513,Satellite,9.530393,0.045230614,-0.1549517826247632,-0.16193277188459157,0.006980989259828374,
FIREFLY MILES light-weighted,Control4C,1,0.14856477773764276,0.14790912868245462,1237667538550456457,Control4C,Lim:2513,Satellite,9.965424,0.043867718,-0.00036000557862243517,-0.0632382933424593,0.06287828776383686,
FIREFLY MILES light-weighted,Control4C,1,0.14856477773764276,0.14790912868245462,1237653613184286930,Control4C,Lim:2514,Satellite,10.24607,0.03985261,0.14141026178025823,0.00043121670380207033,0.14097904507645614,
FIREFLY MILES light-weighted,Control4C,1,0.14856477773764276,0.14790912868245462,1237654381978124522,Control4C,Lim:2514,Satellite,9.994289,0.039699212,0.09986115685840526,-0.05668975743784879,0.15655091429625406,
FIREFLY MILES light-weighted,Control4C,1,0.14856477773764276,0.14790912868245462,1237662641733960172,Control4C,Lim:2519,Satellite,11.02291,0.040501234,0.09986115685840526,0.17667111388508328,-0.07680995702667802,
FIREFLY MILES light-weighted,Control4C,1,0.14856477773764276,0.14790912868245462,1237662641734025606,Control4C,Lim:2519,Satellite,10.62664,0.04002322,0.210659559924703,0.08677025391903338,0.12388930600566962,
FIREFLY MILES light-weighted,Control4C,1,0.14856477773764276,0.14790912868245462,1237662641734025672,Control4C,Lim:2519,Satellite,10.50177,0.040260268,-0.009119148331831268,0.05844128532701119,-0.06756043365884246,
FIREFLY MILES light-weighted,Control4C,1,0.14856477773764276,0.14790912868245462,1237655743485050967,Control4C,Lim:2524,Satellite,11.00798,0.042270347,0.17741355266189243,0.17328397925643843,0.004129573405454001,
FIREFLY MILES light-weighted,Control4C,1,0.14856477773764276,0.14790912868245462,1237655743485051105,Control4C,Lim:2524,Satellite,10.6687,0.042186531,0.005382592656735859,0.09631230900816959,-0.09092971635143374,
FIREFLY MILES light-weighted,Control4C,1,0.14856477773764276,0.14790912868245462,1237655743485051204,Control4C,Lim:2524,Satellite,9.665943,0.042287419,0.005382592656735859,-0.13118085635124785,0.1365634490079837,
FIREFLY MILES light-weighted,Control4C,1,0.14856477773764276,0.14790912868245462,1237667781749309505,Control4C,Lim:2526,Satellite,10.67562,0.04250873,0.17548977917257252,0.0978822334308237,0.07760754574174883,
FIREFLY MILES light-weighted,Control4C,1,0.14856477773764276,0.14790912868245462,1237667734497198213,Control4C,Lim:2526,Satellite,10.6746,0.043271679,0.09756027280667182,0.09765082838586595,-9.055557919412927e-05,
FIREFLY MILES light-weighted,Control4C,1,0.14856477773764276,0.14790912868245462,1237667781749309646,Control4C,Lim:2526,Satellite,9.931991,0.043569404,-0.0691168562521512,-0.07082316086017448,0.0017063046080232902,
FIREFLY MILES light-weighted,Control4C,1,0.14856477773764276,0.14790912868245462,1237657856065929302,Control4C,Lim:2530,Satellite,10.52037,0.041609053,0.17741355266189243,0.06266102438212126,0.11475252827977117,
FIREFLY MILES light-weighted,Control4C,1,0.14856477773764276,0.14790912868245462,1237657856065994763,Control4C,Lim:2530,Satellite,10.20906,0.041953365,0.0383308008134032,-0.007965156545102839,0.046295957358506036,
FIREFLY MILES light-weighted,Control4C,1,0.14856477773764276,0.14790912868245462,1237657856065929446,Control4C,Lim:2530,Satellite,10.1252,0.041625385,-0.01805859406732937,-0.026990281123680376,0.008931687056351008,
FIREFLY MILES light-weighted,Control4C,1,0.14856477773764276,0.14790912868245462,1237667324328673395,Control4C,Lim:2538,Satellite,10.7422,0.028387929,0.17741355266189243,0.11298708430658927,0.06442646835530316,
FIREFLY MILES light-weighted,Control4C,1,0.14856477773764276,0.14790912868245462,1237667324328739003,Control4C,Lim:2538,Satellite,9.968341,0.029104457,-0.04283781747327553,-0.06257652028741861,0.019738702814143083,
FIREFLY MILES light-weighted,Control4C,1,0.14856477773764276,0.14790912868245462,1237667324328738997,Control4C,Lim:2538,Satellite,9.74928,0.028352855,-0.1983087080057814,-0.11227438357513375,-0.08603432443064765,
FIREFLY MILES light-weighted,Control4C,1,0.14856477773764276,0.14790912868245462,1237651250968199290,Control4C,Lim:2539,Satellite,10.60789,0.036397296,0.19064651758353332,0.08251648471025275,0.10813003287328057,
FIREFLY MILES light-weighted,Control4C,1,0.14856477773764276,0.14790912868245462,1237651250968199408,Control4C,Lim:2539,Satellite,9.894928,0.037568597,-0.021079757759797816,-0.07923155809670943,0.05815180033691161,
FIREFLY MILES light-weighted,Control4C,1,0.14856477773764276,0.14790912868245462,1237651250968199390,Control4C,Lim:2539,Satellite,9.579519,0.035459571,-0.1983087080057814,-0.15078766968989574,-0.047521038315885666,
FIREFLY MILES light-weighted,Control4C,1,0.14856477773764276,0.14790912868245462,1237665441516355626,Control4C,Lim:2540,Satellite,10.55399,0.024405481,0.3003078152646575,0.07028831615807876,0.23001949910657873,
FIREFLY MILES light-weighted,Control4C,1,0.14856477773764276,0.14790912868245462,1237665441516421312,Control4C,Lim:2540,Satellite,10.08865,0.025151199,0.05135398835050857,-0.03528229523466313,0.0866362835851717,
FIREFLY MILES light-weighted,Control4C,1,0.14856477773764276,0.14790912868245462,1237665428627324992,Control4C,Lim:2540,Satellite,9.199415,0.025192469,-0.1231358190374761,-0.23702098656105788,0.11388516752358178,
FIREFLY MILES light-weighted,Control4C,1,0.14856477773764276,0.14790912868245462,1237658204514811907,Control4C,Lim:2543,Satellite,10.74086,0.033750656,0.0714113894018661,0.11268308160046825,-0.04127169219860215,
FIREFLY MILES light-weighted,Control4C,1,0.14856477773764276,0.14790912868245462,1237658204514746433,Control4C,Lim:2543,Satellite,10.72596,0.034825903,0.09986115685840526,0.10930275300255758,-0.009441596144152326,
FIREFLY MILES light-weighted,Control4C,1,0.14856477773764276,0.14790912868245462,1237658204514811929,Control4C,Lim:2543,Satellite,10.21541,0.034614404,-0.10806121448408725,-0.006524546706395587,-0.10153666777769166,
FIREFLY MILES light-weighted,Control4C,1,0.14856477773764276,0.14790912868245462,1237671956981088440,Control4C,Lim:2547,Satellite,9.642216,0.024578056,-0.07939644884409477,-0.13656374605880722,0.05716729721471245,
FIREFLY MILES light-weighted,Control4C,1,0.14856477773764276,0.14790912868245462,1237671990803562762,Control4C,Lim:2547,Satellite,9.900757,0.024195178,0.008226176896798528,-0.07790914632508367,0.08613532322188219,
FIREFLY MILES light-weighted,Control4C,1,0.14856477773764276,0.14790912868245462,1237671956981219542,Control4C,Lim:2547,Satellite,10.17684,0.023743401,-0.25160348414183453,-0.015274833553470937,-0.2363286505883636,
FIREFLY MILES light-weighted,Control4C,1,0.14856477773764276,0.14790912868245462,1237661386532978835,Control4C,Lim:2548,Satellite,10.72606,0.043168138,0.12003830018504674,0.10932543977167103,0.010712860413375713,
FIREFLY MILES light-weighted,Control4C,1,0.14856477773764276,0.14790912868245462,1237661416603910440,Control4C,Lim:2548,Satellite,10.67934,0.044683272,-0.012078550350336925,0.09872618124184564,-0.11080473159218256,
FIREFLY MILES light-weighted,Control4C,1,0.14856477773764276,0.14790912868245462,1237661416603910488,Control4C,Lim:2548,Satellite,9.663465,0.04421684,0.1287135660717291,-0.13174303448988028,0.26045660056160935,
FIREFLY MILES light-weighted,Control4C,1,0.14856477773764276,0.14790912868245462,1237667549272014990,Control4C,Lim:2549,Satellite,10.34563,0.023091435,-0.030271526760011918,0.023018164033198618,-0.05328969079321054,
FIREFLY MILES light-weighted,Control4C,1,0.14856477773764276,0.14790912868245462,1237667549272080652,Control4C,Lim:2549,Satellite,9.393138,0.021872615,-0.07939644884409477,-0.19307149683132022,0.11367504798722544,
FIREFLY MILES light-weighted,Control4C,1,0.14856477773764276,0.14790912868245462,1237667549272145983,Control4C,Lim:2549,Satellite,9.745625,0.022191611,-0.16328380351680608,-0.11310358498623208,-0.050180218530574,
FIREFLY MILES light-weighted,Control4C,1,0.14856477773764276,0.14790912868245462,1237667211585585288,Control4C,Lim:2550,Satellite,10.56228,0.03234461,0.23148870508405484,0.0721690493175873,0.15931965576646753,
FIREFLY MILES light-weighted,Control4C,1,0.14856477773764276,0.14790912868245462,1237667211585650986,Control4C,Lim:2550,Satellite,10.21764,0.03316441,0.21946008747208545,-0.006018631755164844,0.2254787192272503,
FIREFLY MILES light-weighted,Control4C,1,0.14856477773764276,0.14790912868245462,1237655108902584442,Control4C,Lim:2554,Satellite,10.82493,0.017568741,0.3003078152646575,0.13175584839418433,0.16855196687047316,
FIREFLY MILES light-weighted,Control4C,1,0.14856477773764276,0.14790912868245462,1237654653642932295,Control4C,Lim:2554,Satellite,10.70877,0.016990874,0.24319337424724807,0.10540289739194739,0.1377904768553007,
FIREFLY MILES light-weighted,Control4C,1,0.14856477773764276,0.14790912868245462,1237654653642932418,Control4C,Lim:2554,Satellite,9.893956,0.016196958,-0.1983087080057814,-0.07945207349249278,-0.11885663451328862,
FIREFLY MILES light-weighted,Control4C,1,0.14856477773764276,0.14790912868245462,1237671122692407542,Control4C,Lim:2689,Satellite,10.71229,0.043784039,0.09756027280667182,0.10620147166474243,-0.008641198858070617,
FIREFLY MILES light-weighted,Control4C,1,0.14856477773764276,0.14790912868245462,1237671122692473127,Control4C,Lim:2689,Satellite,10.40841,0.042391586,-0.1983087080057814,0.03726091768265133,-0.23556962568843273,
FIREFLY MILES light-weighted,Control4C,1,0.14856477773764276,0.14790912868245462,1237661070858059829,Control4C,Lim:2689,Satellite,10.07541,0.042967901,0.056455848346987726,-0.03828602346528992,0.09474187181227764,
FIREFLY MILES light-weighted,Control4C,1,0.14856477773764276,0.14790912868245462,1237665566619468087,Control4C,Lim:2832,Satellite,10.94648,0.031263097,0.13085557337224013,0.15933161625163836,-0.028476042879398228,
FIREFLY MILES light-weighted,Control4C,1,0.14856477773764276,0.14790912868245462,1237665530651083244,Control4C,Lim:2832,Satellite,10.33504,0.031284335,-0.07594282963262874,0.020615635184079287,-0.09655846481670803,
FIREFLY MILES light-weighted,Control4C,1,0.14856477773764276,0.14790912868245462,1237665530650952005,Control4C,Lim:2832,Satellite,10.27936,0.031059302,-0.11931785883562805,0.007983642141685052,-0.1273015009773131,
FIREFLY MILES light-weighted,Control4C,1,0.14856477773764276,0.14790912868245462,1237662264320852039,Control4C,Lim:2838,Satellite,11.08445,0.037683857,0.27037041250145794,0.19063255159752882,0.07973786090392912,
FIREFLY MILES light-weighted,Control4C,1,0.14856477773764276,0.14790912868245462,1237662197745320335,Control4C,Lim:2838,Satellite,9.564481,0.035393873,0.09756027280667182,-0.15419930602918297,0.25175957883585476,
FIREFLY MILES light-weighted,Control4C,1,0.14856477773764276,0.14790912868245462,1237662264320917765,Control4C,Lim:2838,Satellite,9.895693,0.038101317,-0.00036000557862243517,-0.07905800431299129,0.07869799873436885,
FIREFLY MILES light-weighted,Control4C,1,0.14856477773764276,0.14790912868245462,1237665440988463230,Control4C,Lim:2857,Satellite,10.689,0.034975101,0.09756027280667182,0.10091772313820939,-0.003357450331537573,
FIREFLY MILES light-weighted,Control4C,1,0.14856477773764276,0.14790912868245462,1237665440988528754,Control4C,Lim:2857,Satellite,9.701484,0.035238756,-0.1892840439319302,-0.12311775174062023,-0.06616629219130998,
FIREFLY MILES light-weighted,Control4C,1,0.14856477773764276,0.14790912868245462,1237651735235919950,Control4C,Lim:2892,Satellite,10.27859,0.03885128,-0.062396561398671085,0.0078089540195109,-0.07020551541818199,
FIREFLY MILES light-weighted,Control4C,1,0.14856477773764276,0.14790912868245462,1237651735235920177,Control4C,Lim:2892,Satellite,10.37909,0.040244774,0.1393198083248698,0.030609156978574296,0.10871065134629548,
FIREFLY MILES light-weighted,Control4C,1,0.14856477773764276,0.14790912868245462,1237648722857033814,Control4C,Lim:2892,Satellite,10.35126,0.04043816,0.0383308008134032,0.024295429134288442,0.014035371679114755,
FIREFLY MILES light-weighted,Control4C,1,0.14856477773764276,0.14790912868245462,1237665536003539140,Control4C,Lim:2904,Satellite,10.47271,0.03526174,0.0882328635448647,0.05184851022262903,0.03638435332223568,
FIREFLY MILES light-weighted,Control4C,1,0.14856477773764276,0.14790912868245462,1237665372795502891,Control4C,Lim:2904,Satellite,9.733648,0.036800332,-0.08638724073305099,-0.11582077932295545,0.029433538589904468,
FIREFLY MILES light-weighted,Control4C,1,0.14856477773764276,0.14790912868245462,1237665372258697307,Control4C,Lim:2904,Satellite,10.21331,0.036302696,-0.35598675464406754,-0.007000968857779094,-0.34898578578628847,
FIREFLY MILES light-weighted,Control4C,1,0.14856477773764276,0.14790912868245462,1237662302989451434,Control4C,Lim:2917,Satellite,10.652,0.031312584,-0.2949332821142268,0.09252361856621574,-0.3874569006804426,
FIREFLY MILES light-weighted,Control4C,1,0.14856477773764276,0.14790912868245462,1237662501088199136,Control4C,Lim:2917,Satellite,10.16157,0.030771266,-0.07251640661352583,-0.01873910319710198,-0.05377730341642385,
FIREFLY MILES light-weighted,Control4C,1,0.14856477773764276,0.14790912868245462,1237662501088395735,Control4C,Lim:2917,Satellite,9.819155,0.031246717,-0.19377293476141427,-0.09642200365707859,-0.09735093110433568,
FIREFLY MILES light-weighted,Control4C,1,0.14856477773764276,0.14790912868245462,1237662199895556320,Control4C,Lim:2959,Satellite,10.3562,0.033907384,0.04619148126786086,0.02541615552849503,0.02077532573936583,
FIREFLY MILES light-weighted,Control4C,1,0.14856477773764276,0.14790912868245462,1237662199895687252,Control4C,Lim:2959,Satellite,10.32348,0.034634327,0.09058356357502098,0.01799304467455931,0.07259051890046167,
FIREFLY MILES light-weighted,Control4C,1,0.14856477773764276,0.14790912868245462,1237662199895687423,Control4C,Lim:2959,Satellite,10.05264,0.035960501,-0.027185968217908463,-0.04345180079243281,0.01626583257452435,
FIREFLY MILES light-weighted,Control4C,1,0.14856477773764276,0.14790912868245462,1237651496830239120,Control4C,Lim:2975,Satellite,11.09221,0.042024352,0.12003830018504674,0.19239304488073594,-0.0723547446956892,
FIREFLY MILES light-weighted,Control4C,1,0.14856477773764276,0.14790912868245462,1237651274029465878,Control4C,Lim:2975,Satellite,10.33883,0.041907553,-0.033379164418814146,0.021475463733480873,-0.05485462815229502,
FIREFLY MILES light-weighted,Control4C,1,0.14856477773764276,0.14790912868245462,1237651496830173526,Control4C,Lim:2975,Satellite,9.769549,0.042490948,-0.1387524855065975,-0.10767600234351951,-0.031076483163077984,
FIREFLY MILES light-weighted,Control4C,1,0.14856477773764276,0.14790912868245462,1237661210975010820,Control4C,Lim:2995,Satellite,10.72387,0.032111847,0.02216928448468114,0.10882859952808534,-0.0866593150434042,
FIREFLY MILES light-weighted,Control4C,1,0.14856477773764276,0.14790912868245462,1237661210974945542,Control4C,Lim:2995,Satellite,10.09706,0.031864939,-0.21220723669545014,-0.03337433795221782,-0.17883289874323233,
FIREFLY MILES light-weighted,Control4C,1,0.14856477773764276,0.14790912868245462,1237661949715808398,Control4C,Lim:2999,Satellite,9.808573,0.041124485,-0.06574371018214456,-0.0988227175646686,0.033079007382524034,
FIREFLY MILES light-weighted,Control4C,1,0.14856477773764276,0.14790912868245462,1237661949715808406,Control4C,Lim:2999,Satellite,10.01768,0.042622568,0.0383308008134032,-0.05138309527451093,0.08971389608791414,
FIREFLY MILES light-weighted,Control4C,1,0.14856477773764276,0.14790912868245462,1237661949715808537,Control4C,Lim:2999,Satellite,9.661783,0.042345645,0.210659559924703,-0.13212462594636942,0.3427841858710724,
FIREFLY MILES light-weighted,Control4C,1,0.14856477773764276,0.14790912868245462,1237667324335882318,Control4C,Lim:3000,Satellite,10.43343,0.021382819,0.12222341690406424,0.04293714731484791,0.07928626958921633,
FIREFLY MILES light-weighted,Control4C,1,0.14856477773764276,0.14790912868245462,1237667444586971212,Control4C,Lim:3000,Satellite,9.710072,0.022638136,-0.25160348414183453,-0.1211694120091533,-0.13043407213268124,
FIREFLY MILES light-weighted,Control4C,1,0.14856477773764276,0.14790912868245462,1237667324335882422,Control4C,Lim:3000,Satellite,9.788852,0.022303644,0.027623555056661857,-0.10329677530154124,0.1309203303582031,
FIREFLY MILES light-weighted,Control4C,1,0.14856477773764276,0.14790912868245462,1237667783344586992,Control4C,Lim:3008,Satellite,10.49796,0.035613931,0.008226176896798528,0.05757691942378708,-0.04935074252698855,
FIREFLY MILES light-weighted,Control4C,1,0.14856477773764276,0.14790912868245462,1237667731267715317,Control4C,Lim:3008,Satellite,10.41082,0.034920042,0.005382592656735859,0.03780766881828644,-0.03242507616155058,
FIREFLY MILES light-weighted,Control4C,1,0.14856477773764276,0.14790912868245462,1237667731267715534,Control4C,Lim:3008,Satellite,10.37946,0.036053394,-0.10437295273032035,0.030693098024294277,-0.13506605075461464,
FIREFLY MILES light-weighted,Control4C,1,0.14856477773764276,0.14790912868245462,1237654602098344230,Control4C,Lim:3017,Satellite,10.49059,0.028490011,0.17548977917257252,0.05590490454012206,0.11958487463245046,
FIREFLY MILES light-weighted,Control4C,1,0.14856477773764276,0.14790912868245462,1237654605856243957,Control4C,Lim:3017,Satellite,9.680129,0.029257982,-0.11931785883562805,-0.12796251128480723,0.008644652449179183,
FIREFLY MILES light-weighted,Control4C,1,0.14856477773764276,0.14790912868245462,1237667735035248725,Control4C,Lim:3018,Satellite,10.88277,0.044319709,0.12439759440607599,0.14487787564943047,-0.02048028124335448,
FIREFLY MILES light-weighted,Control4C,1,0.14856477773764276,0.14790912868245462,1237667735035183229,Control4C,Lim:3018,Satellite,9.939171,0.043511597,-0.07594282963262874,-0.06919425083782549,-0.006748578794803256,
FIREFLY MILES light-weighted,Control4C,1,0.14856477773764276,0.14790912868245462,1237667782824231001,Control4C,Lim:3018,Satellite,9.632853,0.044369538,-0.19377293476141427,-0.13868790825090355,-0.055085026510510726,
FIREFLY MILES light-weighted,Control4C,1,0.14856477773764276,0.14790912868245462,1237648722834686003,Control4C,Lim:3025,Satellite,10.6289,0.040159431,-0.00036000557862243517,0.08728297490099832,-0.08764298047962076,
FIREFLY MILES light-weighted,Control4C,1,0.14856477773764276,0.14790912868245462,1237648722834751727,Control4C,Lim:3025,Satellite,10.6867,0.040128189,0.09292160846959709,0.10039592744859899,-0.007474318979001901,
FIREFLY MILES light-weighted,Control4C,1,0.14856477773764276,0.14790912868245462,1237654028715098212,Control4C,Lim:3025,Satellite,9.978612,0.041382676,0.19619691789081167,-0.06024636223177157,0.2564432801225832,
FIREFLY MILES light-weighted,Control4C,1,0.14856477773764276,0.14790912868245462,1237668365852082663,Control4C,Lim:3026,Satellite,10.13214,0.041417187,-0.1983087080057814,-0.02541581934720373,-0.17289288865857766,
FIREFLY MILES light-weighted,Control4C,1,0.14856477773764276,0.14790912868245462,1237668365852082564,Control4C,Lim:3026,Satellite,10.04887,0.04092203,-0.1983087080057814,-0.04430709198801147,-0.15400161601776993,
FIREFLY MILES light-weighted,Control4C,1,0.14856477773764276,0.14790912868245462,1237668365852148088,Control4C,Lim:3026,Satellite,10.03241,0.040032189,-0.00036000557862243517,-0.04804133418409297,0.04768132860547053,
FIREFLY MILES light-weighted,Control4C,1,0.14856477773764276,0.14790912868245462,1237661358078165070,Control4C,Lim:3027,Satellite,10.73943,0.034341077,0.210659559924703,0.11235866080214545,0.09830089912255756,
FIREFLY MILES light-weighted,Control4C,1,0.14856477773764276,0.14790912868245462,1237660636001075218,Control4C,Lim:3027,Satellite,10.60637,0.035252296,0.09524713375865783,0.08217164581972777,0.013075487938930055,
FIREFLY MILES light-weighted,Control4C,1,0.14856477773764276,0.14790912868245462,1237661358078165201,Control4C,Lim:3027,Satellite,9.680322,0.034411519,-0.26203736643140163,-0.1279187258204183,-0.13411864061098333,
FIREFLY MILES light-weighted,Control4C,1,0.14856477773764276,0.14790912868245462,1237661950802657501,Control4C,Lim:3030,Satellite,9.836893,0.024359995,-0.00036000557862243517,-0.09239782455172679,0.09203781897310435,
FIREFLY MILES light-weighted,Control4C,1,0.14856477773764276,0.14790912868245462,1237661950802722870,Control4C,Lim:3030,Satellite,9.691191,0.02493382,0.07870072299485384,-0.12545290088547253,0.20415362388032637,
FIREFLY MILES light-weighted,Control4C,1,0.14856477773764276,0.14790912868245462,1237668315919876132,Control4C,Lim:3034,Satellite,10.36693,0.023413875,0.09524713375865783,0.02785044585437326,0.06739668790428457,
FIREFLY MILES light-weighted,Control4C,1,0.14856477773764276,0.14790912868245462,1237668315383070773,Control4C,Lim:3034,Satellite,10.30168,0.02263554,0.0383308008134032,0.013047329007817056,0.02528347180558614,
FIREFLY MILES light-weighted,Control4C,1,0.14856477773764276,0.14790912868245462,1237668350817468531,Control4C,Lim:3034,Satellite,10.02804,0.022960995,-0.027185968217908463,-0.049032745994352686,0.021846777776444223,
FIREFLY MILES light-weighted,Control4C,1,0.14856477773764276,0.14790912868245462,1237653587944669285,Control4C,Lim:3035,Satellite,10.99935,0.041398604,0.17548977917257252,0.17132611108194373,0.0041636680906287915,
FIREFLY MILES light-weighted,Control4C,1,0.14856477773764276,0.14790912868245462,1237653587944734748,Control4C,Lim:3035,Satellite,10.10821,0.041274852,-0.03650924669124571,-0.030844763196063288,-0.005664483495182421,
FIREFLY MILES light-weighted,Control4C,1,0.14856477773764276,0.14790912868245462,1237653587944735007,Control4C,Lim:3035,Satellite,9.64779,0.040639394,-0.11931785883562805,-0.13529918554842074,0.01598132671279269,
FIREFLY MILES light-weighted,Control4C,1,0.14856477773764276,0.14790912868245462,1237665536542179811,Control4C,Lim:3040,Satellite,10.26411,0.039052645,0.027623555056661857,0.004523909851876937,0.02309964520478492,
FIREFLY MILES light-weighted,Control4C,1,0.14856477773764276,0.14790912868245462,1237665101149176029,Control4C,Lim:3040,Satellite,10.11785,0.039551955,-0.1117810674162761,-0.02865775865352206,-0.08312330876275403,
FIREFLY MILES light-weighted,Control4C,1,0.14856477773764276,0.14790912868245462,1237665536542245055,Control4C,Lim:3040,Satellite,10.04874,0.039769383,0.1393198083248698,-0.04433658478785911,0.1836563931127289,
FIREFLY MILES light-weighted,Control4C,1,0.14856477773764276,0.14790912868245462,1237651714798584020,Control4C,Lim:3043,Satellite,10.03117,0.031327698,0.011050416782760416,-0.04832265012110054,0.05937306690386096,
FIREFLY MILES light-weighted,Control4C,1,0.14856477773764276,0.14790912868245462,1237654952666595635,Control4C,Lim:3043,Satellite,10.16507,0.03017169,0.01941624484406951,-0.01794506627812946,0.03736131112219897,
FIREFLY MILES light-weighted,Control4C,1,0.14856477773764276,0.14790912868245462,1237651714261582084,Control4C,Lim:3043,Satellite,9.436426,0.0305483,-0.15909778063256153,-0.18325084821747004,0.02415306758490851,
FIREFLY MILES light-weighted,Control4C,1,0.14856477773764276,0.14790912868245462,1237665024367722528,Control4C,Lim:3046,Satellite,10.6608,0.033371311,0.16376467280347848,0.09452005424820356,0.06924461855527492,
FIREFLY MILES light-weighted,Control4C,1,0.14856477773764276,0.14790912868245462,1237665024367722513,Control4C,Lim:3046,Satellite,10.47509,0.03326062,0.12003830018504674,0.05238845532753034,0.0676498448575164,
FIREFLY MILES light-weighted,Control4C,1,0.14856477773764276,0.14790912868245462,1237665128006680670,Control4C,Lim:3046,Satellite,9.838316,0.032848595,-0.1549517826247632,-0.09207499182724158,-0.06287679079752162,
FIREFLY MILES light-weighted,Control4C,1,0.14856477773764276,0.14790912868245462,1237670964854784136,Control4C,Lim:3050,Satellite,10.82294,0.028743577,0.0025206987823348363,0.13130438168882552,-0.1287836829064907,
FIREFLY MILES light-weighted,Control4C,1,0.14856477773764276,0.14790912868245462,1237668288546406511,Control4C,Lim:3050,Satellite,10.3684,0.029462473,-0.17177874325082548,0.028183941360341518,-0.199962684611167,
FIREFLY MILES light-weighted,Control4C,1,0.14856477773764276,0.14790912868245462,1237668288546275407,Control4C,Lim:3050,Satellite,9.488924,0.029086309,-0.14274598525968069,-0.171340748168267,0.028594762908586313,
FIREFLY MILES light-weighted,Control4C,1,0.14856477773764276,0.14790912868245462,1237655473974345996,Control4C,Lim:3053,Satellite,10.53587,0.044785285,-0.00036000557862243517,0.06617747359471299,-0.06653747917333543,
FIREFLY MILES light-weighted,Control4C,1,0.14856477773764276,0.14790912868245462,1237655501889994956,Control4C,Lim:3053,Satellite,10.47085,0.044791038,0.11341619989012074,0.05142653631711826,0.06198966357300248,
FIREFLY MILES light-weighted,Control4C,1,0.14856477773764276,0.14790912868245462,1237655501889929814,Control4C,Lim:3053,Satellite,10.19935,0.04500215,-0.021079757759797816,-0.010168041826022906,-0.01091171593377491,
FIREFLY MILES light-weighted,Control4C,1,0.14856477773764276,0.14790912868245462,1237667538009850042,Control4C,Lim:3059,Satellite,10.10364,0.041352118,0.14762191810824846,-0.03188154854454989,0.17950346665279834,
FIREFLY MILES light-weighted,Control4C,1,0.14856477773764276,0.14790912868245462,1237667538009850089,Control4C,Lim:3059,Satellite,9.76854,0.041631406,0.1496728826525962,-0.10790491184387466,0.2575777944964709,
FIREFLY MILES light-weighted,Control4C,1,0.14856477773764276,0.14790912868245462,1237667538546655418,Control4C,Lim:3059,Satellite,9.803891,0.040786466,-0.3305265412590219,-0.09988491209456266,-0.23064162916445927,
FIREFLY MILES light-weighted,Control4C,1,0.14856477773764276,0.14790912868245462,1237665330921078839,Control4C,Lim:3062,Satellite,10.90482,0.045080826,0.17741355266189243,0.14988030823895632,0.027533244422936115,
FIREFLY MILES light-weighted,Control4C,1,0.14856477773764276,0.14790912868245462,1237665330921078921,Control4C,Lim:3062,Satellite,9.773371,0.044883882,0.0025206987823348363,-0.1068089140280018,0.10932961281033664,
FIREFLY MILES light-weighted,Control4C,1,0.14856477773764276,0.14790912868245462,1237665330921013326,Control4C,Lim:3062,Satellite,9.617968,0.044859026,-0.11931785883562805,-0.14206483383344773,0.022746974997819677,
FIREFLY MILES light-weighted,Control4C,1,0.14856477773764276,0.14790912868245462,1237662225671520364,Control4C,Lim:3067,Satellite,11.02314,0.031139803,0.24319337424724807,0.17672329345404436,0.06647008079320371,
FIREFLY MILES light-weighted,Control4C,1,0.14856477773764276,0.14790912868245462,1237662225671454772,Control4C,Lim:3067,Satellite,10.29388,0.031029762,0.11341619989012074,0.011277761016964476,0.10213843887315627,
FIREFLY MILES light-weighted,Control4C,1,0.14856477773764276,0.14790912868245462,1237662225671520433,Control4C,Lim:3067,Satellite,9.830337,0.030012904,-0.0691168562521512,-0.09388516913480754,0.02476831288265635,
FIREFLY MILES light-weighted,Control4C,1,0.14856477773764276,0.14790912868245462,1237655368760164378,Control4C,Lim:3072,Satellite,11.05887,0.038454123,0.24319337424724807,0.18482927605829666,0.05836409818895141,
FIREFLY MILES light-weighted,Control4C,1,0.14856477773764276,0.14790912868245462,1237655368760098912,Control4C,Lim:3072,Satellite,10.09324,0.038260241,0.17548977917257252,-0.0342409725323536,0.2097307517049261,
FIREFLY MILES light-weighted,Control4C,1,0.14856477773764276,0.14790912868245462,1237655368760164476,Control4C,Lim:3072,Satellite,9.954612,0.03852811,0.01941624484406951,-0.06569118681901079,0.0851074316630803,
FIREFLY MILES light-weighted,Control4C,1,0.14856477773764276,0.14790912868245462,1237658613596618862,Control4C,Lim:3075,Satellite,10.39975,0.039446916,-0.1848411427269139,0.03529624347742241,-0.22013738620433632,
FIREFLY MILES light-weighted,Control4C,1,0.14856477773764276,0.14790912868245462,1237658613596618841,Control4C,Lim:3075,Satellite,9.919874,0.041266208,-0.027185968217908463,-0.07357211667365676,0.0463861484557483,
FIREFLY MILES light-weighted,Control4C,1,0.14856477773764276,0.14790912868245462,1237667783889190972,Control4C,Lim:3085,Satellite,10.85674,0.028187134,0.09524713375865783,0.1389725096491874,-0.043725375890529564,
FIREFLY MILES light-weighted,Control4C,1,0.14856477773764276,0.14790912868245462,1237670450523144290,Control4C,Lim:3085,Satellite,10.5264,0.029128171,0.09524713375865783,0.06402903655966526,0.031218097198992573,
FIREFLY MILES light-weighted,Control4C,1,0.14856477773764276,0.14790912868245462,1237670450523078792,Control4C,Lim:3085,Satellite,10.17541,0.028419226,-0.059074962477950764,-0.015599254351794142,-0.04347570812615662,
FIREFLY MILES light-weighted,Control4C,1,0.14856477773764276,0.14790912868245462,1237671767461265510,Control4C,Lim:3092,Satellite,10.08469,0.030363747,-0.16328380351680608,-0.036180691291557404,-0.12710311222524867,
FIREFLY MILES light-weighted,Control4C,1,0.14856477773764276,0.14790912868245462,1237671767461396524,Control4C,Lim:3092,Satellite,10.25585,0.029757903,-0.07251640661352583,0.0026499827231021983,-0.07516638933662803,
FIREFLY MILES light-weighted,Control4C,1,0.14856477773764276,0.14790912868245462,1237671767461265556,Control4C,Lim:3092,Satellite,9.62265,0.029258406,-0.05250706908668513,-0.14100263930355367,0.08849557021686855,
FIREFLY MILES light-weighted,Control4C,1,0.14856477773764276,0.14790912868245462,1237671992949342322,Control4C,Lim:3094,Satellite,10.92124,0.023603621,0.16966679416987027,0.15360547572739197,0.016061318442478295,
FIREFLY MILES light-weighted,Control4C,1,0.14856477773764276,0.14790912868245462,1237671992949407904,Control4C,Lim:3094,Satellite,10.11446,0.024855703,0.056455848346987726,-0.029426840126469872,0.08588268847345759,
FIREFLY MILES light-weighted,Control4C,1,0.14856477773764276,0.14790912868245462,1237662247130300506,Control4C,Lim:3094,Satellite,9.251437,0.024146096,-0.11553311404874676,-0.22521887553283523,0.10968576148408847,
FIREFLY MILES light-weighted,Control4C,1,0.14856477773764276,0.14790912868245462,1237661138492522549,Control4C,Lim:3097,Satellite,10.28582,0.042433654,0.12003830018504674,0.009449207426416618,0.11058909275863013,
FIREFLY MILES light-weighted,Control4C,1,0.14856477773764276,0.14790912868245462,1237661383308017837,Control4C,Lim:3097,Satellite,10.5633,0.043471818,-0.059074962477950764,0.07240045436254507,-0.13147541684049582,
FIREFLY MILES light-weighted,Control4C,1,0.14856477773764276,0.14790912868245462,1237661383308083258,Control4C,Lim:3097,Satellite,10.33516,0.042999392,0.09524713375865783,0.020642859307015662,0.07460427445164217,
FIREFLY MILES light-weighted,Control4C,1,0.14856477773764276,0.14790912868245462,1237657591393157159,Control4C,Lim:3103,Satellite,10.16345,0.042290523,-0.030271526760011918,-0.018312591937768283,-0.011958934822243635,
FIREFLY MILES light-weighted,Control4C,1,0.14856477773764276,0.14790912868245462,1237657591393157322,Control4C,Lim:3103,Satellite,10.59638,0.042499823,-0.0691168562521512,0.07990523758528949,-0.1490220938374407,
FIREFLY MILES light-weighted,Control4C,1,0.14856477773764276,0.14790912868245462,1237657591393157204,Control4C,Lim:3103,Satellite,10.16856,0.041238278,-0.00036000557862243517,-0.017153298036068604,0.01679329245744617,
FIREFLY MILES light-weighted,Control4C,1,0.14856477773764276,0.14790912868245462,1237665429705719871,Control4C,Lim:3110,Satellite,10.65916,0.035316032,0.17548977917257252,0.09414799123474221,0.08134178793783031,
FIREFLY MILES light-weighted,Control4C,1,0.14856477773764276,0.14790912868245462,1237665429705785563,Control4C,Lim:3110,Satellite,10.10192,0.035724119,-0.15909778063256153,-0.03227176097330216,-0.12682601965925938,
FIREFLY MILES light-weighted,Control4C,1,0.14856477773764276,0.14790912868245462,1237665429705785479,Control4C,Lim:3110,Satellite,9.888805,0.035869869,-0.062396561398671085,-0.08062066896952888,0.018224107570857795,
FIREFLY MILES light-weighted,Control4C,1,0.14856477773764276,0.14790912868245462,1237667550881841386,Control4C,Lim:3113,Satellite,10.62618,0.045068307,0.17548977917257252,0.08666589478111122,0.0888238843914613,
FIREFLY MILES light-weighted,Control4C,1,0.14856477773764276,0.14790912868245462,1237667550881841390,Control4C,Lim:3113,Satellite,9.527534,0.045018729,-0.44277223195708,-0.1625813866135466,-0.2801908453435334,
FIREFLY MILES light-weighted,Control4C,1,0.14856477773764276,0.14790912868245462,1237667550881841346,Control4C,Lim:3113,Satellite,9.930333,0.044847894,0.10442667462051756,-0.07119930749207642,0.175625982112594,
FIREFLY MILES light-weighted,Control4C,1,0.14856477773764276,0.14790912868245462,1237663529724084390,Control4C,Lim:3116,Satellite,10.78387,0.04576533,0.21243398995807833,0.12244066099618296,0.08999332896189537,
FIREFLY MILES light-weighted,Control4C,1,0.14856477773764276,0.14790912868245462,1237663546367082821,Control4C,Lim:3116,Satellite,10.186,0.045132736,0.10442667462051756,-0.013196725502674797,0.11762340012319236,
FIREFLY MILES light-weighted,Control4C,1,0.14856477773764276,0.14790912868245462,1237662224596205572,Control4C,Lim:3119,Satellite,10.66315,0.024140354,0.24319337424724807,0.09505319332237067,0.1481401809248774,
FIREFLY MILES light-weighted,Control4C,1,0.14856477773764276,0.14790912868245462,1237662224596336711,Control4C,Lim:3119,Satellite,10.02925,0.025564965,-0.027185968217908463,-0.04875823608807971,0.021572267870171243,
FIREFLY MILES light-weighted,Control4C,1,0.14856477773764276,0.14790912868245462,1237662224596271276,Control4C,Lim:3119,Satellite,9.73172,0.024388019,0.01941624484406951,-0.11625818023146395,0.13567442507553346,
FIREFLY MILES light-weighted,Control4C,1,0.14856477773764276,0.14790912868245462,1237667112793800838,Control4C,Lim:3125,Satellite,11.15877,0.03841463,0.24319337424724807,0.207493358402679,0.03570001584456908,
FIREFLY MILES light-weighted,Control4C,1,0.14856477773764276,0.14790912868245462,1237667112793801028,Control4C,Lim:3125,Satellite,10.01214,0.037023888,0.0714113894018661,-0.05263994228339858,0.12405133168526468,
FIREFLY MILES light-weighted,Control4C,1,0.14856477773764276,0.14790912868245462,1237667112793800968,Control4C,Lim:3125,Satellite,9.93139,0.037231733,-0.21694068641837377,-0.0709595083425465,-0.14598117807582728,
FIREFLY MILES light-weighted,Control4C,1,0.14856477773764276,0.14790912868245462,1237648705116766267,Control4C,Lim:3126,Satellite,10.3189,0.024713899,-0.1983087080057814,0.016953990649161046,-0.21526269865494246,
FIREFLY MILES light-weighted,Control4C,1,0.14856477773764276,0.14790912868245462,1237648721771823351,Control4C,Lim:3126,Satellite,10.27747,0.023938204,0.15374598130109055,0.0075548622054396955,0.14619111909565086,
FIREFLY MILES light-weighted,Control4C,1,0.14856477773764276,0.14790912868245462,1237648721771823374,Control4C,Lim:3126,Satellite,9.920454,0.023865719,0.0714113894018661,-0.07344053341279863,0.14485192281466475,
FIREFLY MILES light-weighted,Control4C,1,0.14856477773764276,0.14790912868245462,1237668293906268167,Control4C,Lim:3127,Satellite,10.72702,0.031732855,0.25779277210434204,0.1095432327551604,0.14824953934918164,
FIREFLY MILES light-weighted,Control4C,1,0.14856477773764276,0.14790912868245462,1237668293906202788,Control4C,Lim:3127,Satellite,9.941301,0.031404257,-0.10437295273032035,-0.06871102265570819,-0.03566193007461216,
FIREFLY MILES light-weighted,Control4C,1,0.14856477773764276,0.14790912868245462,1237668289085833234,Control4C,Lim:3127,Satellite,9.750896,0.031090734,-0.28368883398995764,-0.11190776538626002,-0.17178106860369763,
FIREFLY MILES light-weighted,Control4C,1,0.14856477773764276,0.14790912868245462,1237662263248289975,Control4C,Lim:3130,Satellite,10.21727,0.030629287,0.09756027280667182,-0.006102572800884817,0.10366284560755663,
FIREFLY MILES light-weighted,Control4C,1,0.14856477773764276,0.14790912868245462,1237662263248158975,Control4C,Lim:3130,Satellite,9.44473,0.03131604,-0.18044323321980837,-0.18136693891028557,0.0009237056904772001,
FIREFLY MILES light-weighted,Control4C,1,0.14856477773764276,0.14790912868245462,1237661064952480026,Control4C,Lim:3131,Satellite,10.44566,0.029541995,0.09756027280667182,0.045711739177428594,0.05184853362924322,
FIREFLY MILES light-weighted,Control4C,1,0.14856477773764276,0.14790912868245462,1237660669814964240,Control4C,Lim:3131,Satellite,10.09096,0.030849389,-0.45085224255144457,-0.034758230868141074,-0.4160940116833035,
FIREFLY MILES light-weighted,Control4C,1,0.14856477773764276,0.14790912868245462,1237661064952545415,Control4C,Lim:3131,Satellite,9.517274,0.030661992,-0.14274598525968069,-0.164909049124591,0.02216306386491032,
FIREFLY MILES light-weighted,Control4C,1,0.14856477773764276,0.14790912868245462,1237658312943599687,Control4C,Lim:3133,Satellite,10.17091,0.027727705,-0.1983087080057814,-0.016620158961901485,-0.18168854904387993,
FIREFLY MILES light-weighted,Control4C,1,0.14856477773764276,0.14790912868245462,1237658312943796369,Control4C,Lim:3133,Satellite,9.94845,0.028709881,0.07385466443403327,-0.06708914553178436,0.14094380996581762,
FIREFLY MILES light-weighted,Control4C,1,0.14856477773764276,0.14790912868245462,1237655109454266500,Control4C,Lim:3133,Satellite,9.393152,0.028160082,-0.030271526760011918,-0.1930683206836443,0.1627967939236324,
FIREFLY MILES light-weighted,Control4C,1,0.14856477773764276,0.14790912868245462,1237665328787357712,Control4C,Lim:3135,Satellite,10.15967,0.036271719,-0.1983087080057814,-0.019170151810258204,-0.1791385561955232,
FIREFLY MILES light-weighted,Control4C,1,0.14856477773764276,0.14790912868245462,1237665225703489844,Control4C,Lim:3135,Satellite,10.0061,0.035755446,0.0409668678813979,-0.054010223137853836,0.09497709101925174,
FIREFLY MILES light-weighted,Control4C,1,0.14856477773764276,0.14790912868245462,1237665225703555198,Control4C,Lim:3135,Satellite,9.480035,0.036400267,-0.2949332821142268,-0.17335737507476562,-0.1215759070394612,
FIREFLY MILES light-weighted,Control4C,1,0.14856477773764276,0.14790912868245462,1237667911662370970,Control4C,Lim:3136,Satellite,10.12161,0.023716435,0.0714113894018661,-0.02780473613485468,0.09921612553672078,
FIREFLY MILES light-weighted,Control4C,1,0.14856477773764276,0.14790912868245462,1237667550348574796,Control4C,Lim:3136,Satellite,9.518834,0.02427579,-0.3367530128963952,-0.16455513552642057,-0.17219787736997463,
FIREFLY MILES light-weighted,Control4C,1,0.14856477773764276,0.14790912868245462,1237667911662305462,Control4C,Lim:3136,Satellite,9.429671,0.024455472,-0.1117810674162761,-0.1847833394710867,0.0730022720548106,
FIREFLY MILES light-weighted,Control4C,1,0.14856477773764276,0.14790912868245462,1237657775534637474,Control4C,Lim:3140,Satellite,9.68584,0.027442927,-0.1231358190374761,-0.12666686990073553,0.00353105086325943,
FIREFLY MILES light-weighted,Control4C,1,0.14856477773764276,0.14790912868245462,1237657630042161415,Control4C,Lim:3140,Satellite,9.684565,0.027099641,-0.26734992123701173,-0.12695612620693292,-0.14039379503007882,
FIREFLY MILES light-weighted,Control4C,1,0.14856477773764276,0.14790912868245462,1237657775534637628,Control4C,Lim:3140,Satellite,9.409879,0.027403776,-0.14274598525968069,-0.18927350481402996,0.04652751955434928,
FIREFLY MILES light-weighted,Control4C,1,0.14856477773764276,0.14790912868245462,1237665102219903152,Control4C,Lim:3142,Satellite,10.71025,0.023866828,0.0714113894018661,0.10573866157482731,-0.03432727217296121,
FIREFLY MILES light-weighted,Control4C,1,0.14856477773764276,0.14790912868245462,1237665102219903237,Control4C,Lim:3142,Satellite,10.66317,0.023802209,0.18878060169439917,0.0950577306761932,0.09372287101820596,
FIREFLY MILES light-weighted,Control4C,1,0.14856477773764276,0.14790912868245462,1237665102219837516,Control4C,Lim:3142,Satellite,10.48454,0.023205536,0.18878060169439917,0.05453235500875594,0.13424824668564322,
FIREFLY MILES light-weighted,Control4C,1,0.14856477773764276,0.14790912868245462,1237658298999832729,Control4C,Lim:3143,Satellite,10.51591,0.03686653,0.09524713375865783,0.061649194479659365,0.033597939278998463,
FIREFLY MILES light-weighted,Control4C,1,0.14856477773764276,0.14790912868245462,1237658298999898164,Control4C,Lim:3143,Satellite,9.853498,0.037590828,-0.28368883398995764,-0.08863068654043077,-0.19505814744952688,
FIREFLY MILES light-weighted,Control4C,1,0.14856477773764276,0.14790912868245462,1237658298999832751,Control4C,Lim:3143,Satellite,10.24072,0.037213543,0.28108475193178795,-0.0007825254437699505,0.2818672773755579,
FIREFLY MILES light-weighted,Control4C,1,0.14856477773764276,0.14790912868245462,1237665129624043636,Control4C,Lim:3147,Satellite,10.63772,0.025710171,0.210659559924703,0.08928394793680866,0.12137561198789434,
FIREFLY MILES light-weighted,Control4C,1,0.14856477773764276,0.14790912868245462,1237665129624043700,Control4C,Lim:3147,Satellite,10.46659,0.024875894,0.1393198083248698,0.05046007995288325,0.08885972837198654,
FIREFLY MILES light-weighted,Control4C,1,0.14856477773764276,0.14790912868245462,1237664671644844043,Control4C,Lim:3147,Satellite,9.840479,0.02474165,0.03301017461500066,-0.09158427701131677,0.12459445162631744,
FIREFLY MILES light-weighted,Control4C,1,0.14856477773764276,0.14790912868245462,1237668271372042420,Control4C,Lim:3150,Satellite,10.85515,0.045044056,0.09986115685840526,0.13861179002028276,-0.038750633161877504,
FIREFLY MILES light-weighted,Control4C,1,0.14856477773764276,0.14790912868245462,1237668271372042279,Control4C,Lim:3150,Satellite,10.79521,0.045076883,0.18878060169439917,0.12501334061365352,0.06376726108074565,
FIREFLY MILES light-weighted,Control4C,1,0.14856477773764276,0.14790912868245462,1237662663754645873,Control4C,Lim:3156,Satellite,10.68785,0.041208371,0.005382592656735859,0.10065682529340399,-0.09527423263666812,
FIREFLY MILES light-weighted,Control4C,1,0.14856477773764276,0.14790912868245462,1237662663754645815,Control4C,Lim:3156,Satellite,10.16313,0.041450437,-0.11931785883562805,-0.018385189598931137,-0.10093266923669691,
FIREFLY MILES light-weighted,Control4C,1,0.14856477773764276,0.14790912868245462,1237662663754645845,Control4C,Lim:3156,Satellite,10.01533,0.040888507,-0.1983087080057814,-0.05191623434867805,-0.14639247365710334,
FIREFLY MILES light-weighted,Control4C,1,0.14856477773764276,0.14790912868245462,1237661149767467017,Control4C,Lim:3172,Satellite,10.92748,0.029062511,0.18878060169439917,0.15502113012007412,0.033759471574325045,
FIREFLY MILES light-weighted,Control4C,1,0.14856477773764276,0.14790912868245462,1237661435921563811,Control4C,Lim:3172,Satellite,10.2845,0.029983354,-0.07251640661352583,0.009149742074118526,-0.08166614868764435,
FIREFLY MILES light-weighted,Control4C,1,0.14856477773764276,0.14790912868245462,1237661435921629323,Control4C,Lim:3172,Satellite,9.567115,0.029633303,-0.08638724073305099,-0.15360173653073378,0.0672144957976828,
FIREFLY MILES light-weighted,Control4C,1,0.14856477773764276,0.14790912868245462,1237667539085623427,Control4C,Lim:3476,Satellite,10.7235,0.045404399,0.0383308008134032,0.10874465848236536,-0.07041385766896216,
FIREFLY MILES light-weighted,Control4C,1,0.14856477773764276,0.14790912868245462,1237667539085557915,Control4C,Lim:3476,Satellite,10.67664,0.045092373,-0.08638724073305099,0.09811363847578147,-0.18450087920883246,
FIREFLY MILES light-weighted,Control4C,1,0.14856477773764276,0.14790912868245462,1237667539085557903,Control4C,Lim:3476,Satellite,10.5715,0.04480485,0.17548977917257252,0.07426076942985183,0.1012290097427207,
FIREFLY MILES light-weighted,Control4C,1,0.14856477773764276,0.14790912868245462,1237667782289260577,Control4C,Lim:3602,Satellite,11.21428,0.033131456,0.12003830018504674,0.22008678393758052,-0.10004848375253378,
FIREFLY MILES light-weighted,Control4C,1,0.14856477773764276,0.14790912868245462,1237667782826000453,Control4C,Lim:3602,Satellite,11.00434,0.03366046,0.09986115685840526,0.17245818086070702,-0.07259702400230177,
FIREFLY MILES light-weighted,Control4C,1,0.14856477773764276,0.14790912868245462,1237664852044415211,Control4C,Lim:3607,Satellite,10.1124,0.032798136,-0.1549517826247632,-0.029894187570207925,-0.12505759505455527,
FIREFLY MILES light-weighted,Control4C,1,0.14856477773764276,0.14790912868245462,1237662696501543051,Control4C,Lim:3607,Satellite,9.479878,0.032972875,-0.3900662907353473,-0.17339299330227417,-0.21667329743307315,
FIREFLY MILES light-weighted,Control4C,1,0.14856477773764276,0.14790912868245462,1237665103295611145,Control4C,Lim:3607,Satellite,10.10391,0.034122325,-0.10437295273032035,-0.03182029426794335,-0.072552658462377,
FIREFLY MILES light-weighted,Control4C,1,0.14856477773764276,0.14790912868245462,1237667209986113724,Control4C,Lim:3623,Satellite,10.92576,0.032972857,0.09756027280667182,0.15463091769132226,-0.05707064488465044,
FIREFLY MILES light-weighted,Control4C,1,0.14856477773764276,0.14790912868245462,1237667209986179154,Control4C,Lim:3623,Satellite,10.23758,0.032113897,-0.1848411427269139,-0.001494889993933747,-0.18334625273298016,
FIREFLY MILES light-weighted,Control4C,1,0.14856477773764276,0.14790912868245462,1237667252935655564,Control4C,Lim:3623,Satellite,9.822002,0.032946391,-0.16751050324578506,-0.09577611134041758,-0.07173439190536748,
FIREFLY MILES light-weighted,Control4C,1,0.14856477773764276,0.14790912868245462,1237664290472919101,Control4C,Lim:3649,Satellite,10.36969,0.025388194,-0.00036000557862243517,0.028476600681905818,-0.028836606260528252,
FIREFLY MILES light-weighted,Control4C,1,0.14856477773764276,0.14790912868245462,1237662529524596965,Control4C,Lim:3649,Satellite,9.986615,0.024009424,-0.03650924669124571,-0.058430740099618406,0.021921493408372697,
FIREFLY MILES light-weighted,Control4C,1,0.14856477773764276,0.14790912868245462,1237655465930588299,Control4C,Lim:3664,Satellite,11.05967,0.042964104,0.3003078152646575,0.1850107702112046,0.1152970450534529,
FIREFLY MILES light-weighted,Control4C,1,0.14856477773764276,0.14790912868245462,1237655465930522846,Control4C,Lim:3664,Satellite,9.710165,0.043743182,-0.1848411427269139,-0.12114831331387782,-0.06369282941303608,
FIREFLY MILES light-weighted,Control4C,1,0.14856477773764276,0.14790912868245462,1237655465930522935,Control4C,Lim:3664,Satellite,9.869906,0.044565285,-0.01805859406732937,-0.08490824146428833,0.06684964739695895,
FIREFLY MILES light-weighted,Control4C,1,0.14856477773764276,0.14790912868245462,1237659161736052817,Control4C,Lim:3684,Satellite,10.7765,0.036597076,0.0714113894018661,0.12076864611251835,-0.04935725671065225,
FIREFLY MILES light-weighted,Control4C,1,0.14856477773764276,0.14790912868245462,1237659161735856432,Control4C,Lim:3684,Satellite,10.05817,0.036696324,0.03567863566659506,-0.04219722246045643,0.07787585812705149,
FIREFLY MILES light-weighted,Control4C,1,0.14856477773764276,0.14790912868245462,1237661386002268342,Control4C,Lim:3684,Satellite,9.842322,0.03644709,-0.1231358190374761,-0.09116615985655524,-0.03196965918092086,
FIREFLY MILES light-weighted,Control4C,1,0.14856477773764276,0.14790912868245462,1237665226239574107,Control4C,Lim:3718,Satellite,10.19322,0.035764195,0.03567863566659506,-0.011558740772680348,0.047237376439275405,
FIREFLY MILES light-weighted,Control4C,1,0.14856477773764276,0.14790912868245462,1237665226239508661,Control4C,Lim:3718,Satellite,9.339573,0.03540403,0.011050416782760416,-0.20522366470696443,0.21627408148972485,
FIREFLY MILES light-weighted,Control4C,1,0.14856477773764276,0.14790912868245462,1237665329860313106,Control4C,Lim:3718,Satellite,9.903361,0.03583933,0.05898447772959352,-0.07731838285736828,0.13630286058696178,
FIREFLY MILES light-weighted,Control4C,1,0.14856477773764276,0.14790912868245462,1237667211050221621,Control4C,Lim:3730,Satellite,10.49272,0.025935471,-0.033379164418814146,0.05638813272223977,-0.08976729714105391,
FIREFLY MILES light-weighted,Control4C,1,0.14856477773764276,0.14790912868245462,1237667253462892711,Control4C,Lim:3730,Satellite,9.498533,0.026194179,-0.1508449289923749,-0.16916077652415135,0.018315847531776452,
FIREFLY MILES light-weighted,Control4C,1,0.14856477773764276,0.14790912868245462,1237667253462892551,Control4C,Lim:3730,Satellite,7.424318,0.025710868,0.0882328635448647,-0.6397331444916494,0.7279660080365141,
FIREFLY MILES light-weighted,Control4C,1,0.14856477773764276,0.14790912868245462,1237667733966487717,Control4C,Lim:3739,Satellite,10.1202,0.044151641,-0.20289228400804113,-0.028124619579354943,-0.1747676644286862,
FIREFLY MILES light-weighted,Control4C,1,0.14856477773764276,0.14790912868245462,1237667781755601077,Control4C,Lim:3739,Satellite,9.728387,0.042444904,0.005382592656735859,-0.11701433024601668,0.12239692290275253,
FIREFLY MILES light-weighted,Control4C,1,0.14856477773764276,0.14790912868245462,1237661950802133206,Control4C,Lim:3743,Satellite,9.790735,0.039703654,-0.318335079846875,-0.10286958343913424,-0.21546549640774074,
FIREFLY MILES light-weighted,Control4C,1,0.14856477773764276,0.14790912868245462,1237661950802198690,Control4C,Lim:3743,Satellite,9.843162,0.039487033,-0.20289228400804113,-0.09097559099600183,-0.1119166930120393,
FIREFLY MILES light-weighted,Control4C,1,0.14856477773764276,0.14790912868245462,1237651539782336736,Control4C,Lim:3745,Satellite,10.31963,0.042369451,0.061498469643979516,0.017119604063689745,0.04437886558028977,
FIREFLY MILES light-weighted,Control4C,1,0.14856477773764276,0.14790912868245462,1237651539782205662,Control4C,Lim:3745,Satellite,10.08719,0.042110229,-0.07251640661352583,-0.03561352206372012,-0.03690288454980571,
FIREFLY MILES light-weighted,Control4C,1,0.14856477773764276,0.14790912868245462,1237651539782271165,Control4C,Lim:3745,Satellite,10.24649,0.042848085,0.03567863566659506,0.0005265011340787745,0.03515213453251628,
FIREFLY MILES light-weighted,Control4C,1,0.14856477773764276,0.14790912868245462,1237662238020468888,Control4C,Lim:3754,Satellite,10.29527,0.038485322,0.09986115685840526,0.011593107107642213,0.08826804975076305,
FIREFLY MILES light-weighted,Control4C,1,0.14856477773764276,0.14790912868245462,1237662238020469063,Control4C,Lim:3754,Satellite,10.11128,0.037534078,-0.19377293476141427,-0.030148279384278734,-0.16362465537713555,
FIREFLY MILES light-weighted,Control4C,1,0.14856477773764276,0.14790912868245462,1237662263784112396,Control4C,Lim:3754,Satellite,10.01517,0.037368993,0.05135398835050857,-0.051952533179259894,0.10330652152976846,
FIREFLY MILES light-weighted,Control4C,1,0.14856477773764276,0.14790912868245462,1237655370902732815,Control4C,Lim:3762,Satellite,10.63116,0.031138445,0.2497426581440827,0.08779569588296326,0.16194696226111943,
FIREFLY MILES light-weighted,Control4C,1,0.14856477773764276,0.14790912868245462,1237655465383428182,Control4C,Lim:3762,Satellite,9.973141,0.031037353,-0.1983087080057814,-0.06148755536997093,-0.13682115263581046,
FIREFLY MILES light-weighted,Control4C,1,0.14856477773764276,0.14790912868245462,1237655370902732937,Control4C,Lim:3762,Satellite,9.443351,0.031586712,-0.08638724073305099,-0.18167978945636068,0.0952925487233097,
FIREFLY MILES light-weighted,Control4C,1,0.14856477773764276,0.14790912868245462,1237648705129480247,Control4C,Lim:3770,Satellite,10.15588,0.030326863,-0.08638724073305099,-0.02002998035965979,-0.0663572603733912,
FIREFLY MILES light-weighted,Control4C,1,0.14856477773764276,0.14790912868245462,1237648705129349141,Control4C,Lim:3770,Satellite,10.17372,0.030686454,-0.1983087080057814,-0.015982660749812208,-0.18232604725596918,
FIREFLY MILES light-weighted,Control4C,1,0.14856477773764276,0.14790912868245462,1237648722321342726,Control4C,Lim:3770,Satellite,9.993007,0.032033731,-0.1983087080057814,-0.05698060181788375,-0.14132810618789765,
FIREFLY MILES light-weighted,Control4C,1,0.14856477773764276,0.14790912868245462,1237654954275438624,Control4C,Lim:3772,Satellite,10.67636,0.042810157,0.0383308008134032,0.09805011552226367,-0.05971931470886047,
FIREFLY MILES light-weighted,Control4C,1,0.14856477773764276,0.14790912868245462,1237654954275373373,Control4C,Lim:3772,Satellite,10.16969,0.042545512,-0.21694068641837377,-0.016896937545086144,-0.20004374887328763,
FIREFLY MILES light-weighted,Control4C,1,0.14856477773764276,0.14790912868245462,1237651715870359850,Control4C,Lim:3772,Satellite,10.01783,0.04346575,-0.05250706908668513,-0.05134906512084077,-0.0011580039658443605,
FIREFLY MILES light-weighted,Control4C,1,0.14856477773764276,0.14790912868245462,1237654653635920245,Control4C,Lim:3776,Satellite,10.89715,0.042402131,0.17932884207153257,0.148140233047951,0.031188609023581587,
FIREFLY MILES light-weighted,Control4C,1,0.14856477773764276,0.14790912868245462,1237653586333794636,Control4C,Lim:3776,Satellite,10.41513,0.042659824,0.09756027280667182,0.038785468567078166,0.05877480423959365,
FIREFLY MILES light-weighted,Control4C,1,0.14856477773764276,0.14790912868245462,1237654653635919928,Control4C,Lim:3776,Satellite,10.20955,0.042460922,0.17741355266189243,-0.00785399137644649,0.18526754403833892,
FIREFLY MILES light-weighted,Control4C,1,0.14856477773764276,0.14790912868245462,1237655370364223569,Control4C,Lim:3777,Satellite,10.90699,0.028048421,0.210659559924703,0.15037261112871908,0.060286948795983925,
FIREFLY MILES light-weighted,Control4C,1,0.14856477773764276,0.14790912868245462,1237655370364354632,Control4C,Lim:3777,Satellite,10.62903,0.027771491,0.09986115685840526,0.08731246770084596,0.0125486891575593,
FIREFLY MILES light-weighted,Control4C,1,0.14856477773764276,0.14790912868245462,1237655370364223561,Control4C,Lim:3777,Satellite,10.52125,0.027782483,0.18878060169439917,0.06286066795032012,0.12591993374407906,
FIREFLY MILES light-weighted,Control4C,1,0.14856477773764276,0.14790912868245462,1237658491749400635,Control4C,Lim:3779,Satellite,10.81208,0.036328897,0.16966679416987027,0.12884059856310004,0.04082619560677023,
FIREFLY MILES light-weighted,Control4C,1,0.14856477773764276,0.14790912868245462,1237662236397535434,Control4C,Lim:3779,Satellite,10.2965,0.036039257,0.09756027280667182,0.011872154367738127,0.08568811843893369,
FIREFLY MILES light-weighted,Control4C,1,0.14856477773764276,0.14790912868245462,1237662236397469828,Control4C,Lim:3779,Satellite,10.17358,0.036800628,-0.00036000557862243517,-0.01601442222657111,0.015654416647948675,
FIREFLY MILES light-weighted,Control4C,1,0.14856477773764276,0.14790912868245462,1237648720153149538,Control4C,Lim:3789,Satellite,10.63393,0.026806281,0.09756027280667182,0.08842411938740707,0.009136153419264742,
FIREFLY MILES light-weighted,Control4C,1,0.14856477773764276,0.14790912868245462,1237674649387991118,Control4C,Lim:3789,Satellite,9.810713,0.026927524,-0.00036000557862243517,-0.09833722070564005,0.09797721512701761,
FIREFLY MILES light-weighted,Control4C,1,0.14856477773764276,0.14790912868245462,1237674649388056846,Control4C,Lim:3789,Satellite,10.06059,0.027524581,0.11341619989012074,-0.04164820264791007,0.1550644025380308,
FIREFLY MILES light-weighted,Control4C,1,0.14856477773764276,0.14790912868245462,1237662662135578692,Control4C,Lim:3826,Satellite,10.57783,0.029941323,0.1617793388380763,0.07569684191473615,0.08608249692334015,
FIREFLY MILES light-weighted,Control4C,1,0.14856477773764276,0.14790912868245462,1237662224080633907,Control4C,Lim:3826,Satellite,9.896813,0.030644695,-0.11931785883562805,-0.0788039124989201,-0.04051394633670795,
FIREFLY MILES light-weighted,Control4C,1,0.14856477773764276,0.14790912868245462,1237662224617439529,Control4C,Lim:3826,Satellite,9.760905,0.031300398,-0.18044323321980837,-0.10963704666569019,-0.07080618655411819,
FIREFLY MILES light-weighted,Control4C,1,0.14856477773764276,0.14790912868245462,1237659327103631521,Control4C,Lim:3829,Satellite,10.58118,0.030587317,0.09756027280667182,0.0764568486800381,0.021103424126633713,
FIREFLY MILES light-weighted,Control4C,1,0.14856477773764276,0.14790912868245462,1237655472358228205,Control4C,Lim:3829,Satellite,10.61546,0.030029087,-0.04603702487435677,0.08423387313214464,-0.1302708980065014,
FIREFLY MILES light-weighted,Control4C,1,0.14856477773764276,0.14790912868245462,1237655373573980487,Control4C,Lim:3829,Satellite,8.64559,0.029960094,-0.21220723669545014,-0.3626659856038763,0.15045874890842617,
FIREFLY MILES light-weighted,Control4C,1,0.14856477773764276,0.14790912868245462,1237665128011989012,Control4C,Lim:3849,Satellite,10.84369,0.0359044,0.24319337424724807,0.13601188627987623,0.10718148796737184,
FIREFLY MILES light-weighted,Control4C,1,0.14856477773764276,0.14790912868245462,1237665128011923659,Control4C,Lim:3849,Satellite,9.754007,0.035147477,-0.1508449289923749,-0.11120197999913903,-0.039642948993235866,
FIREFLY MILES light-weighted,Control4C,1,0.14856477773764276,0.14790912868245462,1237665128011923585,Control4C,Lim:3849,Satellite,9.392172,0.036266261,-0.6823189288471327,-0.19329065102095658,-0.4890282778261762,
FIREFLY MILES light-weighted,Control4C,1,0.14856477773764276,0.14790912868245462,1237667253472133218,Control4C,Lim:3853,Satellite,10.7406,0.036944035,0.09292160846959709,0.11262409600077337,-0.019702487531176288,
FIREFLY MILES light-weighted,Control4C,1,0.14856477773764276,0.14790912868245462,1237667253472067776,Control4C,Lim:3853,Satellite,9.552094,0.036135894,-0.35598675464406754,-0.15700951611927177,-0.19897723852479576,
FIREFLY MILES light-weighted,Control4C,1,0.14856477773764276,0.14790912868245462,1237667253472198798,Control4C,Lim:3853,Satellite,9.761603,0.036643406,-0.1117810674162761,-0.109478693017278,-0.0023023743989980944,
FIREFLY MILES light-weighted,Control4C,1,0.14856477773764276,0.14790912868245462,1237665128012251184,Control4C,Lim:3857,Satellite,9.668192,0.037719915,-0.07594282963262874,-0.13067063091388556,0.054727801281256816,
FIREFLY MILES light-weighted,Control4C,1,0.14856477773764276,0.14790912868245462,1237665128012185846,Control4C,Lim:3857,Satellite,10.14018,0.038419915,0.03567863566659506,-0.0235918031104784,0.059270438777073456,
FIREFLY MILES light-weighted,Control4C,1,0.14856477773764276,0.14790912868245462,1237665024910164061,Control4C,Lim:3857,Satellite,9.630554,0.038160549,-0.27817389220561206,-0.139209477072823,-0.13896441513278907,
FIREFLY MILES light-weighted,Control4C,1,0.14856477773764276,0.14790912868245462,1237668332029935885,Control4C,Lim:3867,Satellite,10.55945,0.044702595,0.05135398835050857,0.0715270137516755,-0.02017302540116693,
FIREFLY MILES light-weighted,Control4C,1,0.14856477773764276,0.14790912868245462,1237668332029935785,Control4C,Lim:3867,Satellite,9.879955,0.043682592,-0.1117810674162761,-0.08262844803607303,-0.029152619380203068,
FIREFLY MILES light-weighted,Control4C,1,0.14856477773764276,0.14790912868245462,1237667254532046894,Control4C,Lim:3868,Satellite,10.70671,0.032062463,0.12003830018504674,0.10493554994820933,0.015102750236837409,
FIREFLY MILES light-weighted,Control4C,1,0.14856477773764276,0.14790912868245462,1237667211582570791,Control4C,Lim:3868,Satellite,9.946365,0.031684099,-0.1387524855065975,-0.06756216466780057,-0.07119032083879692,
FIREFLY MILES light-weighted,Control4C,1,0.14856477773764276,0.14790912868245462,1237667254532112625,Control4C,Lim:3868,Satellite,10.08233,0.032756525,-0.16328380351680608,-0.036716099042635786,-0.1265677044741703,
FIREFLY MILES light-weighted,Control4C,1,0.14856477773764276,0.14790912868245462,1237662528988053670,Control4C,Lim:3873,Satellite,10.86603,0.04317513,0.18878060169439917,0.14108011049983116,0.04770049119456801,
FIREFLY MILES light-weighted,Control4C,1,0.14856477773764276,0.14790912868245462,1237664289399636221,Control4C,Lim:3873,Satellite,10.70772,0.04332807,-0.07594282963262874,0.10516468631625583,-0.18110751594888458,
FIREFLY MILES light-weighted,Control4C,1,0.14856477773764276,0.14790912868245462,1237662528988053660,Control4C,Lim:3873,Satellite,9.234194,0.042607527,-0.35598675464406754,-0.2291307551310751,-0.12685599951299245,
FIREFLY MILES light-weighted,Control4C,1,0.14856477773764276,0.14790912868245462,1237655692479037882,Control4C,Lim:3879,Satellite,10.62266,0.038510756,0.210659559924703,0.08586732050831616,0.12479223941638684,
FIREFLY MILES light-weighted,Control4C,1,0.14856477773764276,0.14790912868245462,1237655692479102982,Control4C,Lim:3879,Satellite,10.59359,0.038168876,0.16966679416987027,0.07927227672702314,0.09039451744284713,
FIREFLY MILES light-weighted,Control4C,1,0.14856477773764276,0.14790912868245462,1237655692479037791,Control4C,Lim:3879,Satellite,9.976303,0.038743646,0.01941624484406951,-0.06077019973060227,0.08018644457467178,
FIREFLY MILES light-weighted,Control4C,1,0.14856477773764276,0.14790912868245462,1237668272453582997,Control4C,Lim:3895,Satellite,10.74878,0.036680707,0.29885896880742735,0.11447987371425719,0.18437909509317016,
FIREFLY MILES light-weighted,Control4C,1,0.14856477773764276,0.14790912868245462,1237668311094788500,Control4C,Lim:3895,Satellite,10.52829,0.037002574,0.23148870508405484,0.06445781649591022,0.16703088858814463,
FIREFLY MILES light-weighted,Control4C,1,0.14856477773764276,0.14790912868245462,1237668311094853830,Control4C,Lim:3895,Satellite,9.788883,0.036986553,-0.16751050324578506,-0.10328974240311609,-0.06422076084266898,
FIREFLY MILES light-weighted,Control4C,1,0.14856477773764276,0.14790912868245462,1237665129616900136,Control4C,Lim:3899,Satellite,10.8217,0.023757328,0.17741355266189243,0.13102306575181835,0.04639048691007408,
FIREFLY MILES light-weighted,Control4C,1,0.14856477773764276,0.14790912868245462,1237665129617031224,Control4C,Lim:3899,Satellite,10.11785,0.023728558,0.17548977917257252,-0.02865775865352206,0.20414753782609457,
FIREFLY MILES light-weighted,Control4C,1,0.14856477773764276,0.14790912868245462,1237665025978073097,Control4C,Lim:3899,Satellite,9.60321,0.022456186,-0.3761119394752729,-0.14541294721921716,-0.23069899225605572,
FIREFLY MILES light-weighted,Control4C,1,0.14856477773764276,0.14790912868245462,1237661951327666292,Control4C,Lim:3901,Satellite,10.32214,0.043974456,0.18502454598632273,0.01768904196843829,0.16733550401788444,
FIREFLY MILES light-weighted,Control4C,1,0.14856477773764276,0.14790912868245462,1237661951327666295,Control4C,Lim:3901,Satellite,9.852967,0.044471057,0.0882328635448647,-0.08875115328442354,0.17698401682928824,
FIREFLY MILES light-weighted,Control4C,1,0.14856477773764276,0.14790912868245462,1237661951327666286,Control4C,Lim:3901,Satellite,9.422676,0.043098515,0.09986115685840526,-0.1863702789705761,0.28623143582898136,
FIREFLY MILES light-weighted,Control4C,1,0.14856477773764276,0.14790912868245462,1237667141792497802,Control4C,Lim:3906,Satellite,10.24455,0.038254949,-0.1983087080057814,8.637781327709704e-05,-0.19839508581905851,
FIREFLY MILES light-weighted,Control4C,1,0.14856477773764276,0.14790912868245462,1237667141792432266,Control4C,Lim:3906,Satellite,9.916013,0.037246716,-0.07594282963262874,-0.07444805282912897,-0.00149477680349977,
FIREFLY MILES light-weighted,Control4C,1,0.14856477773764276,0.14790912868245462,1237668367461384250,Control4C,Lim:3917,Satellite,10.55919,0.034150429,0.09986115685840526,0.07146802815198022,0.028393128706425033,
FIREFLY MILES light-weighted,Control4C,1,0.14856477773764276,0.14790912868245462,1237668367461319004,Control4C,Lim:3917,Satellite,10.00157,0.033669284,-0.10806121448408725,-0.05503793377869538,-0.05302328070539186,
FIREFLY MILES light-weighted,Control4C,1,0.14856477773764276,0.14790912868245462,1237668367461449908,Control4C,Lim:3917,Satellite,10.28847,0.035715715,-0.062396561398671085,0.010050406807924468,-0.07244696820659555,
FIREFLY MILES light-weighted,Control4C,1,0.14856477773764276,0.14790912868245462,1237660634921041978,Control4C,Lim:3935,Satellite,11.01033,0.024061221,0.210659559924703,0.17381711833060554,0.03684244159409747,
FIREFLY MILES light-weighted,Control4C,1,0.14856477773764276,0.14790912868245462,1237660634921107512,Control4C,Lim:3935,Satellite,10.73679,0.023982591,0.15778123442292644,0.11175973009754886,0.04602150432537758,
FIREFLY MILES light-weighted,Control4C,1,0.14856477773764276,0.14790912868245462,1237661356998262822,Control4C,Lim:3935,Satellite,9.056405,0.024388954,-0.23145875648195138,-0.2694653350702684,0.03800657858831699,
FIREFLY MILES light-weighted,Control4C,1,0.14856477773764276,0.14790912868245462,1237668297142304960,Control4C,Lim:3939,Satellite,10.15513,0.044342356,-0.2217262958376311,-0.020200131128011015,-0.2015261647096201,
FIREFLY MILES light-weighted,Control4C,1,0.14856477773764276,0.14790912868245462,1237668297142304954,Control4C,Lim:3939,Satellite,10.14559,0.04534214,0.027623555056661857,-0.02236444890143839,0.04998800395810025,
FIREFLY MILES light-weighted,Control4C,1,0.14856477773764276,0.14790912868245462,1237668297142370419,Control4C,Lim:3939,Satellite,10.0961,0.045213628,-0.16751050324578506,-0.033592130935707606,-0.13391837231007747,
FIREFLY MILES light-weighted,Control4C,1,0.14856477773764276,0.14790912868245462,1237668624629891241,Control4C,Lim:3943,Satellite,9.935982,0.028424172,-0.033379164418814146,-0.06991773190485503,0.03653856748604089,
FIREFLY MILES light-weighted,Control4C,1,0.14856477773764276,0.14790912868245462,1237668590266876172,Control4C,Lim:3943,Satellite,10.37317,0.028121051,0.0383308008134032,0.029266100247055407,0.00906470056634779,
FIREFLY MILES light-weighted,Control4C,1,0.14856477773764276,0.14790912868245462,1237668624629891243,Control4C,Lim:3943,Satellite,8.982884,0.028165027,-0.22656522730891981,-0.28614487459020155,0.059579647281281733,
FIREFLY MILES light-weighted,Control4C,1,0.14856477773764276,0.14790912868245462,1237668310558441504,Control4C,Lim:3951,Satellite,10.71649,0.034633459,0.27037041250145794,0.10715431596750946,0.16321609653394847,
FIREFLY MILES light-weighted,Control4C,1,0.14856477773764276,0.14790912868245462,1237668310558441523,Control4C,Lim:3951,Satellite,10.82452,0.034063196,0.24319337424724807,0.1316628326408189,0.11153054160642917,
FIREFLY MILES light-weighted,Control4C,1,0.14856477773764276,0.14790912868245462,1237668310558376403,Control4C,Lim:3951,Satellite,10.6666,0.03364318,0.18878060169439917,0.09583588685678647,0.0929447148376127,
FIREFLY MILES light-weighted,Control4C,1,0.14856477773764276,0.14790912868245462,1237654601026175068,Control4C,Lim:3959,Satellite,10.72631,0.035106167,0.1156348048624115,0.10938215669445464,0.006252648167956856,
FIREFLY MILES light-weighted,Control4C,1,0.14856477773764276,0.14790912868245462,1237654601026175190,Control4C,Lim:3959,Satellite,10.6437,0.034498941,0.19250472977107758,0.09064061672979594,0.10186411304128164,
FIREFLY MILES light-weighted,Control4C,1,0.14856477773764276,0.14790912868245462,1237654601026175095,Control4C,Lim:3959,Satellite,9.767878,0.035834461,0.12439759440607599,-0.10805509825540602,0.232452692661482,
FIREFLY MILES light-weighted,Control4C,1,0.14856477773764276,0.14790912868245462,1237663546903363732,Control4C,Lim:3964,Satellite,10.32845,0.031093557,0.09986115685840526,0.01912057709950009,0.08074057975890517,
FIREFLY MILES light-weighted,Control4C,1,0.14856477773764276,0.14790912868245462,1237663530260299843,Control4C,Lim:3964,Satellite,9.741514,0.03122111,-0.28368883398995764,-0.1140362380644879,-0.16965259592546975,
FIREFLY MILES light-weighted,Control4C,1,0.14856477773764276,0.14790912868245462,1237663546903363801,Control4C,Lim:3964,Satellite,9.990502,0.030910892,-0.07594282963262874,-0.057548905384177076,-0.018393924248451668,
FIREFLY MILES light-weighted,Control4C,1,0.14856477773764276,0.14790912868245462,1237657628446097434,Control4C,Lim:3966,Satellite,10.48151,0.02599957,-0.1983087080057814,0.053844945904616845,-0.25215365391039823,
FIREFLY MILES light-weighted,Control4C,1,0.14856477773764276,0.14790912868245462,1237657851234156610,Control4C,Lim:3966,Satellite,9.716967,0.024852807,0.0383308008134032,-0.11960515927877774,0.15793596009218094,
FIREFLY MILES light-weighted,Control4C,1,0.14856477773764276,0.14790912868245462,1237657851234025624,Control4C,Lim:3966,Satellite,9.17615,0.025517189,0.011050416782760416,-0.24229906339531274,0.2533494801780731,
FIREFLY MILES light-weighted,Control4C,1,0.14856477773764276,0.14790912868245462,1237664853105377330,Control4C,Lim:3977,Satellite,10.30356,0.028175469,0.09756027280667182,0.013473840267150754,0.08408643253952106,
FIREFLY MILES light-weighted,Control4C,1,0.14856477773764276,0.14790912868245462,1237664853105508500,Control4C,Lim:3977,Satellite,9.724587,0.027999021,-0.1983087080057814,-0.11787642747232951,-0.08043228053345189,
FIREFLY MILES light-weighted,Control4C,1,0.14856477773764276,0.14790912868245462,1237664853105377484,Control4C,Lim:3977,Satellite,9.83156,0.026503257,-0.1983087080057814,-0.09360770994854958,-0.10470099805723182,
FIREFLY MILES light-weighted,Control4C,1,0.14856477773764276,0.14790912868245462,1237665102756446380,Control4C,Lim:3978,Satellite,10.79218,0.034761966,0.09524713375865783,0.12432593150951443,-0.029078797750856603,
FIREFLY MILES light-weighted,Control4C,1,0.14856477773764276,0.14790912868245462,1237665128563343628,Control4C,Lim:3978,Satellite,10.34861,0.034575907,-0.11553311404874676,0.023694229752780994,-0.13922734380152776,
FIREFLY MILES light-weighted,Control4C,1,0.14856477773764276,0.14790912868245462,1237665102756249888,Control4C,Lim:3978,Satellite,9.49773,0.034098651,-0.6060438375572742,-0.16934295128013258,-0.43670088627714165,
FIREFLY MILES light-weighted,Control4C,1,0.14856477773764276,0.14790912868245462,1237667783382991002,Control4C,Lim:3980,Satellite,9.985817,0.029342949,-0.13479537313186118,-0.05861178051714401,-0.07618359261471717,
FIREFLY MILES light-weighted,Control4C,1,0.14856477773764276,0.14790912868245462,1237667783383253177,Control4C,Lim:3980,Satellite,10.06836,0.029163945,-0.07939644884409477,-0.039885440687791276,-0.0395110081563035,
FIREFLY MILES light-weighted,Control4C,1,0.14856477773764276,0.14790912868245462,1237667783383187598,Control4C,Lim:3980,Satellite,9.924733,0.029441934,-0.09708903351335806,-0.07246976656243206,-0.02461926695092599,
FIREFLY MILES light-weighted,Control4C,1,0.14856477773764276,0.14790912868245462,1237671129130270882,Control4C,Lim:3993,Satellite,10.36582,0.036352418,0.12003830018504674,0.02759862271721332,0.09243967746783342,
FIREFLY MILES light-weighted,Control4C,1,0.14856477773764276,0.14790912868245462,1237671129130205403,Control4C,Lim:3993,Satellite,10.0198,0.036052529,-0.030271526760011918,-0.0509021357693049,0.02063060900929298,
FIREFLY MILES light-weighted,Control4C,1,0.14856477773764276,0.14790912868245462,1237674598925664381,Control4C,Lim:3993,Satellite,9.499898,0.035976388,-0.07594282963262874,-0.16885110212575216,0.09290827249312342,
FIREFLY MILES light-weighted,Control4C,1,0.14856477773764276,0.14790912868245462,1237662661605064715,Control4C,Lim:3994,Satellite,11.01519,0.032455255,0.17548977917257252,0.17491969530952162,0.0005700838630509075,
FIREFLY MILES light-weighted,Control4C,1,0.14856477773764276,0.14790912868245462,1237664854189539553,Control4C,Lim:3994,Satellite,9.730418,0.032897915,-0.033379164418814146,-0.11655356196532143,0.0831743975465073,
FIREFLY MILES light-weighted,Control4C,1,0.14856477773764276,0.14790912868245462,1237664854189474090,Control4C,Lim:3994,Satellite,9.503304,0.032791712,-0.07251640661352583,-0.16807839076974648,0.09556198415622065,
FIREFLY MILES light-weighted,Control4C,1,0.14856477773764276,0.14790912868245462,1237665128548990982,Control4C,Lim:3995,Satellite,10.29137,0.037892411,-0.009119148331831268,0.010708323112215923,-0.01982747144404719,
FIREFLY MILES light-weighted,Control4C,1,0.14856477773764276,0.14790912868245462,1237665025446904003,Control4C,Lim:3995,Satellite,9.238877,0.037972603,-0.6425090077386855,-0.2280683337334901,-0.41444067400519535,
FIREFLY MILES light-weighted,Control4C,1,0.14856477773764276,0.14790912868245462,1237665025446903972,Control4C,Lim:3995,Satellite,9.36902,0.03896009,-0.16328380351680608,-0.1985430918061131,0.03525928828930702,
FIREFLY MILES light-weighted,Control4C,1,0.14856477773764276,0.14790912868245462,1237657873793417354,Control4C,Lim:3997,Satellite,9.792908,0.041592409,-0.033379164418814146,-0.1023765999462978,0.06899743552748366,
FIREFLY MILES light-weighted,Control4C,1,0.14856477773764276,0.14790912868245462,1237658203961884806,Control4C,Lim:3997,Satellite,9.732166,0.041911954,0.06648321213101471,-0.11615699724121772,0.18264020937223244,
FIREFLY MILES light-weighted,Control4C,1,0.14856477773764276,0.14790912868245462,1237658203961884821,Control4C,Lim:3997,Satellite,8.783231,0.041774582,-0.2892746251283065,-0.33143968972836935,0.04216506460006286,
FIREFLY MILES light-weighted,Control4C,1,0.14856477773764276,0.14790912868245462,1237648704595493353,Control4C,Lim:4000,Satellite,9.446967,0.041300425,-0.08287775240623109,-0.18085943588521647,0.09798168347898538,
FIREFLY MILES light-weighted,Control4C,1,0.14856477773764276,0.14790912868245462,1237648673987232019,Control4C,Lim:4000,Satellite,9.564772,0.040842773,-0.3830331239219682,-0.15413328753106292,-0.22889983639090528,
FIREFLY MILES light-weighted,Control4C,1,0.14856477773764276,0.14790912868245462,1237648721250615590,Control4C,Lim:4000,Satellite,9.160706,0.041312865,-0.30647653141567716,-0.24580280801720114,-0.060673723398476015,
FIREFLY MILES light-weighted,Control4C,1,0.14856477773764276,0.14790912868245462,1237661950260347049,Control4C,Lim:4005,Satellite,10.11704,0.026463357,0.0383308008134032,-0.02884152148334168,0.06717232229674489,
FIREFLY MILES light-weighted,Control4C,1,0.14856477773764276,0.14790912868245462,1237671955902693479,Control4C,Lim:4005,Satellite,9.854807,0.025831415,0.12656094167438622,-0.0883337167327353,0.21489465840712152,
FIREFLY MILES light-weighted,Control4C,1,0.14856477773764276,0.14790912868245462,1237654879667617934,Control4C,Lim:4007,Satellite,10.10938,0.044476245,-0.2727281867109631,-0.03057932799743536,-0.24214885871352776,
FIREFLY MILES light-weighted,Control4C,1,0.14856477773764276,0.14790912868245462,1237654879667486952,Control4C,Lim:4007,Satellite,9.625319,0.04496689,-0.05250706908668513,-0.14039712943591467,0.08789006034922955,
FIREFLY MILES light-weighted,Control4C,1,0.14856477773764276,0.14790912868245462,1237654879667552298,Control4C,Lim:4007,Satellite,9.664899,0.045045356,0.1393198083248698,-0.13141770622079282,0.27073751454566264,
FIREFLY MILES light-weighted,Control4C,1,0.14856477773764276,0.14790912868245462,1237655691940266355,Control4C,Lim:4008,Satellite,10.73029,0.043311964,0.3003078152646575,0.11028509010517185,0.19002272515948565,
FIREFLY MILES light-weighted,Control4C,1,0.14856477773764276,0.14790912868245462,1237655691940331751,Control4C,Lim:4008,Satellite,10.02181,0.044574432,0.07385466443403327,-0.05044613171012356,0.12430079614415683,
FIREFLY MILES light-weighted,Control4C,1,0.14856477773764276,0.14790912868245462,1237655691940266337,Control4C,Lim:4008,Satellite,9.867603,0.043542412,0.005382592656735859,-0.08543071775697203,0.09081331041370788,
FIREFLY MILES light-weighted,Control4C,1,0.14856477773764276,0.14790912868245462,1237651250945589502,Control4C,Lim:4010,Satellite,10.04909,0.040521823,0.011050416782760416,-0.04425718109596205,0.05530759787872247,
FIREFLY MILES light-weighted,Control4C,1,0.14856477773764276,0.14790912868245462,1237651191354556696,Control4C,Lim:4010,Satellite,9.505301,0.041509826,-0.6686395231550413,-0.1676253359905501,-0.5010141871644912,
FIREFLY MILES light-weighted,Control4C,1,0.14856477773764276,0.14790912868245462,1237651250945589513,Control4C,Lim:4010,Satellite,9.865484,0.041244614,0.12003830018504674,-0.08591145039448708,0.20594975057953382,
FIREFLY MILES light-weighted,Control4C,1,0.14856477773764276,0.14790912868245462,1237658802577080463,Control4C,Lim:4011,Satellite,10.73302,0.032579208,0.1617793388380763,0.1109044389019702,0.0508748999361061,
FIREFLY MILES light-weighted,Control4C,1,0.14856477773764276,0.14790912868245462,1237658802577145864,Control4C,Lim:4011,Satellite,10.46634,0.032811209,0.1393198083248698,0.050403363030099645,0.08891644529477014,
FIREFLY MILES light-weighted,Control4C,1,0.14856477773764276,0.14790912868245462,1237658802577145925,Control4C,Lim:4011,Satellite,9.806422,0.032448423,0.056455848346987726,-0.09931070996830021,0.15576655831528793,
FIREFLY MILES light-weighted,Control4C,1,0.14856477773764276,0.14790912868245462,1237655744020349122,Control4C,Lim:4012,Satellite,10.72031,0.043431102,-0.14677660869441173,0.10802095054764482,-0.25479755924205655,
FIREFLY MILES light-weighted,Control4C,1,0.14856477773764276,0.14790912868245462,1237662268074295517,Control4C,Lim:4012,Satellite,9.931292,0.04365485,0.005382592656735859,-0.07098174137627802,0.07636433403301388,
FIREFLY MILES light-weighted,Control4C,1,0.14856477773764276,0.14790912868245462,1237655744020349114,Control4C,Lim:4012,Satellite,9.708745,0.04342485,0.0025206987823348363,-0.12147046543528936,0.1239911642176242,
FIREFLY MILES light-weighted,Control4C,1,0.14856477773764276,0.14790912868245462,1237667254526607541,Control4C,Lim:4013,Satellite,10.72226,0.029996326,0.09756027280667182,0.10846334254535818,-0.010903069738686363,
FIREFLY MILES light-weighted,Control4C,1,0.14856477773764276,0.14790912868245462,1237667254526608028,Control4C,Lim:4013,Satellite,10.03959,0.030405909,-0.07594282963262874,-0.04641242416174397,-0.02953040547088477,
FIREFLY MILES light-weighted,Control4C,1,0.14856477773764276,0.14790912868245462,1237667254526608010,Control4C,Lim:4013,Satellite,9.997963,0.030460207,-0.3006665564381726,-0.05585624554061891,-0.24481031089755367,
FIREFLY MILES light-weighted,Control4C,1,0.14856477773764276,0.14790912868245462,1237657632188727350,Control4C,Lim:4016,Satellite,9.840386,0.024982186,-0.2949332821142268,-0.09160537570659225,-0.20332790640763457,
FIREFLY MILES light-weighted,Control4C,1,0.14856477773764276,0.14790912868245462,1237657244046000150,Control4C,Lim:4016,Satellite,9.429942,0.025414364,-0.062396561398671085,-0.1847218583267892,0.12232529692811811,
FIREFLY MILES light-weighted,Control4C,1,0.14856477773764276,0.14790912868245462,1237657244045934827,Control4C,Lim:4016,Satellite,9.689755,0.025507864,0.09756027280667182,-0.12577868288994234,0.22333895569661416,
FIREFLY MILES light-weighted,Control4C,1,0.14856477773764276,0.14790912868245462,1237662697573515596,Control4C,Lim:4023,Satellite,10.83222,0.033634471,0.12003830018504674,0.13340971386255804,-0.013371413677511296,
FIREFLY MILES light-weighted,Control4C,1,0.14856477773764276,0.14790912868245462,1237664853653127598,Control4C,Lim:4023,Satellite,9.955454,0.033090205,-0.0899253200661028,-0.06550016422307504,-0.024425155843027763,
FIREFLY MILES light-weighted,Control4C,1,0.14856477773764276,0.14790912868245462,1237664853653127479,Control4C,Lim:4023,Satellite,9.679726,0.032398132,0.12003830018504674,-0.1280539389643347,0.24809223914938144,
FIREFLY MILES light-weighted,Control4C,1,0.14856477773764276,0.14790912868245462,1237658491211874420,Control4C,Lim:4026,Satellite,9.787234,0.028626237,0.027623555056661857,-0.10366384722579775,0.1312874022824596,
FIREFLY MILES light-weighted,Control4C,1,0.14856477773764276,0.14790912868245462,1237662236396814569,Control4C,Lim:4026,Satellite,10.00635,0.028553836,0.05391241004701966,-0.05395350621507024,0.1078659162620899,
FIREFLY MILES light-weighted,Control4C,1,0.14856477773764276,0.14790912868245462,1237658491211809011,Control4C,Lim:4026,Satellite,9.718451,0.029509264,-0.003260164289578826,-0.11926848762513356,0.11600832333555473,
FIREFLY MILES light-weighted,Control4C,1,0.14856477773764276,0.14790912868245462,1237667783916912820,Control4C,Lim:4032,Satellite,10.39428,0.028616185,0.17161647695175766,0.034055277206914425,0.13756119974484324,
FIREFLY MILES light-weighted,Control4C,1,0.14856477773764276,0.14790912868245462,1237667783916847168,Control4C,Lim:4032,Satellite,10.09799,0.02753806,-0.15909778063256153,-0.033163350999462646,-0.12593442963309887,
FIREFLY MILES light-weighted,Control4C,1,0.14856477773764276,0.14790912868245462,1237667783916912862,Control4C,Lim:4032,Satellite,9.224757,0.02875232,-0.0899253200661028,-0.2312717055323157,0.14134638546621292,
FIREFLY MILES light-weighted,Control4C,1,0.14856477773764276,0.14790912868245462,1237665566619337116,Control4C,Lim:4036,Satellite,10.14676,0.032390698,0.0383308008134032,-0.022099013702810463,0.06042981451621366,
FIREFLY MILES light-weighted,Control4C,1,0.14856477773764276,0.14790912868245462,1237665566619271478,Control4C,Lim:4036,Satellite,9.689776,0.032268997,-0.062396561398671085,-0.12577391866842844,0.06337735726975735,
FIREFLY MILES light-weighted,Control4C,1,0.14856477773764276,0.14790912868245462,1237665566619206089,Control4C,Lim:4036,Satellite,9.508166,0.033071828,-0.11553311404874676,-0.16697536005544847,0.051442246006701706,
FIREFLY MILES light-weighted,Control4C,1,0.14856477773764276,0.14790912868245462,1237665531179761770,Control4C,Lim:4040,Satellite,10.00125,0.044215675,-0.00036000557862243517,-0.05511053143985824,0.0547505258612358,
FIREFLY MILES light-weighted,Control4C,1,0.14856477773764276,0.14790912868245462,1237665548357075183,Control4C,Lim:4040,Satellite,10.01867,0.045572016,0.0383308008134032,-0.05115849626028737,0.08948929707369058,
FIREFLY MILES light-weighted,Control4C,1,0.14856477773764276,0.14790912868245462,1237665548357075200,Control4C,Lim:4040,Satellite,9.792435,0.045277471,0.09756027280667182,-0.10248390836420493,0.20004418117087674,
FIREFLY MILES light-weighted,Control4C,1,0.14856477773764276,0.14790912868245462,1237659120938516594,Control4C,Lim:4045,Satellite,10.51038,0.037732017,0.17548977917257252,0.06039461614768299,0.11509516302488954,
FIREFLY MILES light-weighted,Control4C,1,0.14856477773764276,0.14790912868245462,1237659161197019293,Control4C,Lim:4045,Satellite,10.30812,0.037335063,0.06648321213101471,0.014508356938726492,0.05197485519228822,
FIREFLY MILES light-weighted,Control4C,1,0.14856477773764276,0.14790912868245462,1237659161197019182,Control4C,Lim:4045,Satellite,10.37569,0.03838809,-0.00036000557862243517,0.029837806828715622,-0.030197812407338057,
FIREFLY MILES light-weighted,Control4C,1,0.14856477773764276,0.14790912868245462,1237662336261226880,Control4C,Lim:4047,Satellite,9.913578,0.035878201,-0.13087399102014557,-0.07500047565704263,-0.05587351536310295,
FIREFLY MILES light-weighted,Control4C,1,0.14856477773764276,0.14790912868245462,1237662336261226927,Control4C,Lim:4047,Satellite,9.61602,0.035030602,-0.00036000557862243517,-0.14250677209577833,0.1421467665171559,
FIREFLY MILES light-weighted,Control4C,1,0.14856477773764276,0.14790912868245462,1237662336261161190,Control4C,Lim:4047,Satellite,9.745799,0.034876193,0.210659559924703,-0.11306411000797473,0.32372366993267776,
FIREFLY MILES light-weighted,Control4C,1,0.14856477773764276,0.14790912868245462,1237654601570451465,Control4C,Lim:4051,Satellite,7.392337,0.026638016,0.01385725040186069,-0.6469886001218366,0.6608458505236973,
FIREFLY MILES light-weighted,Control4C,1,0.14856477773764276,0.14790912868245462,1237654601570386085,Control4C,Lim:4051,Satellite,10.29635,0.026677034,0.20167700383058246,0.011838124214067963,0.1898388796165145,
FIREFLY MILES light-weighted,Control4C,1,0.14856477773764276,0.14790912868245462,1237654601570451467,Control4C,Lim:4051,Satellite,9.554019,0.027033963,-0.03650924669124571,-0.15657279581383698,0.12006354912259128,
FIREFLY MILES light-weighted,Control4C,1,0.14856477773764276,0.14790912868245462,1237657595152367644,Control4C,Lim:4060,Satellite,9.959105,0.024890062,-0.021079757759797816,-0.06467187028274139,0.04359211252294358,
FIREFLY MILES light-weighted,Control4C,1,0.14856477773764276,0.14790912868245462,1237657595152367891,Control4C,Lim:4060,Satellite,9.278368,0.024971022,-0.1549517826247632,-0.21910910174287943,0.06415731911811623,
FIREFLY MILES light-weighted,Control4C,1,0.14856477773764276,0.14790912868245462,1237657595152302415,Control4C,Lim:4060,Satellite,9.613127,0.024375105,-0.11931785883562805,-0.14316310032623183,0.023845241490603783,
FIREFLY MILES light-weighted,Control4C,1,0.14856477773764276,0.14790912868245462,1237667324334571534,Control4C,Lim:4101,Satellite,10.52828,0.01616288,0.2497426581440827,0.06445554781899895,0.18528711032508374,
FIREFLY MILES light-weighted,Control4C,1,0.14856477773764276,0.14790912868245462,1237667444048658523,Control4C,Lim:4101,Satellite,10.42047,0.020314423,0.17548977917257252,0.039996942037738924,0.1354928371348336,
FIREFLY MILES light-weighted,Control4C,1,0.14856477773764276,0.14790912868245462,1237667444048593040,Control4C,Lim:4101,Satellite,10.21257,0.016970399,0.3003078152646575,-0.007168850949219055,0.30747666621387654,
FIREFLY MILES light-weighted,Control4C,1,0.14856477773764276,0.14790912868245462,1237662263252615290,Control4C,Lim:4437,Satellite,10.99106,0.042312931,0.1617793388380763,0.16944537792243478,-0.007666039084358478,
FIREFLY MILES light-weighted,Control4C,1,0.14856477773764276,0.14790912868245462,1237662263252615522,Control4C,Lim:4437,Satellite,10.65463,0.042406523,0.21243398995807833,0.09312028059390065,0.11931370936417768,
FIREFLY MILES light-weighted,Control4C,1,0.14856477773764276,0.14790912868245462,1237661850395541514,Control4C,Lim:4499,Satellite,11.1952,0.038984688,0.18313426568763896,0.21575814839072538,-0.032623882703086415,
FIREFLY MILES light-weighted,Control4C,1,0.14856477773764276,0.14790912868245462,1237661850395476104,Control4C,Lim:4499,Satellite,10.05042,0.03871132,-0.24141432925928877,-0.04395544706675229,-0.1974588821925365,
FIREFLY MILES light-weighted,Control4C,1,0.14856477773764276,0.14790912868245462,1237661872403448003,Control4C,Lim:4499,Satellite,10.12939,0.038936274,0.011050416782760416,-0.026039705497824625,0.037090122280585044,
FIREFLY MILES light-weighted,Control4C,1,0.14856477773764276,0.14790912868245462,1237667253988295147,Control4C,Lim:4653,Satellite,10.60696,0.045864747,-0.021079757759797816,0.08230549775749757,-0.10338525551729538,
FIREFLY MILES light-weighted,Control4C,1,0.14856477773764276,0.14790912868245462,1237667253988229410,Control4C,Lim:4653,Satellite,10.13063,0.045074299,-0.11553311404874676,-0.02575838956081744,-0.08977472448792932,
FIREFLY MILES light-weighted,Control4C,1,0.14856477773764276,0.14790912868245462,1237667253988295201,Control4C,Lim:4653,Satellite,10.17124,0.045944601,-0.1983087080057814,-0.016545292623826965,-0.18176341538195445,
FIREFLY MILES light-weighted,Control4C,1,0.14856477773764276,0.14790912868245462,1237662262714564822,Control4C,Lim:4659,Satellite,10.34784,0.039679395,-0.021079757759797816,0.023519541630606842,-0.04459929939040466,
FIREFLY MILES light-weighted,Control4C,1,0.14856477773764276,0.14790912868245462,1237662262714695999,Control4C,Lim:4659,Satellite,10.64335,0.040211832,0.1496728826525962,0.09056121303789849,0.059111669614697715,
FIREFLY MILES light-weighted,Control4C,1,0.14856477773764276,0.14790912868245462,1237662268613656968,Control4C,Lim:4659,Satellite,9.855787,0.039667542,-0.10437295273032035,-0.08811138639542301,-0.016261566334897337,
FIREFLY MILES light-weighted,Control4C,1,0.14856477773764276,0.14790912868245462,1237662696504164651,Control4C,Lim:4690,Satellite,9.773781,0.036171123,0.08586937063632526,-0.10671589827463637,0.19258526891096162,
FIREFLY MILES light-weighted,Control4C,1,0.14856477773764276,0.14790912868245462,1237662696504230022,Control4C,Lim:4690,Satellite,10.38766,0.036049499,0.1287135660717291,0.032553413091601036,0.09616015298012806,
FIREFLY MILES light-weighted,Control4C,1,0.14856477773764276,0.14790912868245462,1237665107578782173,Control4C,Lim:4690,Satellite,10.39225,0.035536363,0.16376467280347848,0.03359473579391056,0.13016993700956792,
FIREFLY MILES light-weighted,Control4C,1,0.14856477773764276,0.14790912868245462,1237662195055198357,Control4C,Lim:4742,Satellite,10.26928,0.04390568,-0.3972152334232147,0.005696815815044602,-0.4029120492382593,
FIREFLY MILES light-weighted,Control4C,1,0.14856477773764276,0.14790912868245462,1237661383314702493,Control4C,Lim:4742,Satellite,10.26202,0.044712457,-0.1231358190374761,0.004049756377404692,-0.1271855754148808,
FIREFLY MILES light-weighted,Control4C,1,0.14856477773764276,0.14790912868245462,1237661383314768033,Control4C,Lim:4742,Satellite,9.857689,0.044260685,0.0409668678813979,-0.08767988404688404,0.12864675192828195,
FIREFLY MILES light-weighted,Control4C,1,0.14856477773764276,0.14790912868245462,1237650371552280661,Control4C,Lim:4776,Satellite,11.0334,0.04629133,0.1455612218657134,0.1790509559650892,-0.03348973409937578,
FIREFLY MILES light-weighted,Control4C,1,0.14856477773764276,0.14790912868245462,1237650371552346120,Control4C,Lim:4776,Satellite,10.90268,0.044022353,0.011050416782760416,0.14939481137992736,-0.13834439459716694,
FIREFLY MILES light-weighted,Control4C,1,0.14856477773764276,0.14790912868245462,1237650371552280809,Control4C,Lim:4776,Satellite,9.466909,0.044454755,-0.27817389220561206,-0.17633524038860343,-0.10183865181700863,
FIREFLY MILES light-weighted,Control4C,1,0.14856477773764276,0.14790912868245462,1237655124465483921,Control4C,Lim:4779,Satellite,10.62427,0.041866599,0.21946008747208545,0.08623257749104332,0.13322750998104213,
FIREFLY MILES light-weighted,Control4C,1,0.14856477773764276,0.14790912868245462,1237655124465483965,Control4C,Lim:4779,Satellite,10.35925,0.042730194,0.22637432279043365,0.026108101986456647,0.200266220803977,
FIREFLY MILES light-weighted,Control4C,1,0.14856477773764276,0.14790912868245462,1237654601568682162,Control4C,Lim:4797,Satellite,10.81287,0.034896626,0.14141026178025823,0.12901982403909673,0.012390437741161497,
FIREFLY MILES light-weighted,Control4C,1,0.14856477773764276,0.14790912868245462,1237654605863518421,Control4C,Lim:4797,Satellite,10.11298,0.035248408,-0.10071575008869796,-0.02976260430934939,-0.07095314577934857,
FIREFLY MILES light-weighted,Control4C,1,0.14856477773764276,0.14790912868245462,1237654605863583845,Control4C,Lim:4797,Satellite,9.882591,0.035321377,-0.030271526760011918,-0.08203042480224151,0.05175889804222959,
FIREFLY MILES light-weighted,Control4C,1,0.14856477773764276,0.14790912868245462,1237662266459488385,Control4C,Lim:4805,Satellite,10.66701,0.029566586,-0.00036000557862243517,0.09592890261015151,-0.09628890818877395,
FIREFLY MILES light-weighted,Control4C,1,0.14856477773764276,0.14790912868245462,1237654881812545849,Control4C,Lim:4805,Satellite,9.877316,0.030460863,-0.1983087080057814,-0.08322715187297824,-0.11508155613280316,
FIREFLY MILES light-weighted,Control4C,1,0.14856477773764276,0.14790912868245462,1237668336860201271,Control4C,Lim:4816,Satellite,9.857761,0.043034729,-0.027185968217908463,-0.08766354957312247,0.06047758135521401,
FIREFLY MILES light-weighted,Control4C,1,0.14856477773764276,0.14790912868245462,1237668336860200977,Control4C,Lim:4816,Satellite,10.1388,0.043024531,0.04358703111597816,-0.023904880524244873,0.06749191164022303,
FIREFLY MILES light-weighted,Control4C,1,0.14856477773764276,0.14790912868245462,1237668336860201261,Control4C,Lim:4816,Satellite,9.674462,0.042852611,-0.10437295273032035,-0.12924817049046922,0.024875217760148866,
FIREFLY MILES light-weighted,Control4C,1,0.14856477773764276,0.14790912868245462,1237671128591761639,Control4C,Lim:4850,Satellite,10.48206,0.040175671,0.0383308008134032,0.05396972313474118,-0.015638922321337984,
FIREFLY MILES light-weighted,Control4C,1,0.14856477773764276,0.14790912868245462,1237671128591761530,Control4C,Lim:4850,Satellite,9.989422,0.040156633,0.0714113894018661,-0.05779392249060282,0.12920531189246892,
FIREFLY MILES light-weighted,Control4C,1,0.14856477773764276,0.14790912868245462,1237671141483937928,Control4C,Lim:4850,Satellite,9.939662,0.03986106,-0.00036000557862243517,-0.06908285880147816,0.06872285322285572,
FIREFLY MILES light-weighted,Control4C,1,0.14856477773764276,0.14790912868245462,1237667783386398973,Control4C,Lim:4855,Satellite,10.47006,0.044020307,-0.059074962477950764,0.05124731084112158,-0.11032227331907235,
FIREFLY MILES light-weighted,Control4C,1,0.14856477773764276,0.14790912868245462,1237667783386398985,Control4C,Lim:4855,Satellite,10.10355,0.045930348,0.0383308008134032,-0.03190196663675207,0.07023276745015528,
FIREFLY MILES light-weighted,Control4C,1,0.14856477773764276,0.14790912868245462,1237667783386464368,Control4C,Lim:4855,Satellite,9.877413,0.046032064,0.027623555056661857,-0.0832051457069381,0.11082870076359996,
FIREFLY MILES light-weighted,Control4C,1,0.14856477773764276,0.14790912868245462,1237665532798763625,Control4C,Lim:4871,Satellite,10.41685,0.031032034,0.06895429106965624,0.039175680995830436,0.029778610073825804,
FIREFLY MILES light-weighted,Control4C,1,0.14856477773764276,0.14790912868245462,1237665428110639527,Control4C,Lim:4871,Satellite,10.38652,0.030725311,-0.033379164418814146,0.0322947839237073,-0.06567394834252144,
FIREFLY MILES light-weighted,Control4C,1,0.14856477773764276,0.14790912868245462,1237665549976142073,Control4C,Lim:4871,Satellite,10.17573,0.030993403,0.09756027280667182,-0.015526656690630886,0.1130869294973027,
FIREFLY MILES light-weighted,Control4C,1,0.14856477773764276,0.14790912868245462,1237657590311616620,Control4C,Lim:4905,Satellite,10.1079,0.027505519,-0.055778624700305444,-0.03091509218031488,-0.024863532519990565,
FIREFLY MILES light-weighted,Control4C,1,0.14856477773764276,0.14790912868245462,1237657400810471527,Control4C,Lim:4905,Satellite,10.17335,0.02715685,0.12003830018504674,-0.016066601795532195,0.13610490198057895,
FIREFLY MILES light-weighted,Control4C,1,0.14856477773764276,0.14790912868245462,1237657242434732134,Control4C,Lim:4905,Satellite,9.538992,0.02793175,-0.16328380351680608,-0.159981936608522,-0.0033018669082840735,
FIREFLY MILES light-weighted,Control4C,1,0.14856477773764276,0.14790912868245462,1237664130481717277,Control4C,Lim:4912,Satellite,10.76002,0.037350986,0.09986115685840526,0.11702986656261433,-0.01716870970420907,
FIREFLY MILES light-weighted,Control4C,1,0.14856477773764276,0.14790912868245462,1237661068716540080,Control4C,Lim:4912,Satellite,10.18962,0.037382167,-0.2217262958376311,-0.012375464460766317,-0.20935083137686478,
FIREFLY MILES light-weighted,Control4C,1,0.14856477773764276,0.14790912868245462,1237664130481651900,Control4C,Lim:4912,Satellite,9.783127,0.036846074,-0.20289228400804113,-0.10459559283328887,-0.09829669117475226,
FIREFLY MILES light-weighted,Control4C,1,0.14856477773764276,0.14790912868245462,1237657770705289291,Control4C,Lim:4953,Satellite,10.78405,0.040876211,0.09986115685840526,0.12248149718058732,-0.02262034032218206,
FIREFLY MILES light-weighted,Control4C,1,0.14856477773764276,0.14790912868245462,1237657770705289247,Control4C,Lim:4953,Satellite,10.53413,0.040341926,-0.059074962477950764,0.06578272381213819,-0.12485768629008895,
FIREFLY MILES light-weighted,Control4C,1,0.14856477773764276,0.14790912868245462,1237667429548163637,Control4C,Lim:4956,Satellite,10.83639,0.037376719,0.05135398835050857,0.13435575213459086,-0.08300176378408229,
FIREFLY MILES light-weighted,Control4C,1,0.14856477773764276,0.14790912868245462,1237667429548098253,Control4C,Lim:4956,Satellite,10.76848,0.037737775,0.17741355266189243,0.11894916722961595,0.058464385432276486,
FIREFLY MILES light-weighted,Control4C,1,0.14856477773764276,0.14790912868245462,1237667429548163563,Control4C,Lim:4956,Satellite,10.55801,0.037538742,0.0383308008134032,0.07120032427644103,-0.032869523463037835,
FIREFLY MILES light-weighted,Control4C,1,0.14856477773764276,0.14790912868245462,1237654399152750749,Control4C,Lim:4961,Satellite,10.77624,0.033972846,0.14762191810824846,0.12070966051282307,0.026912257595425385,
FIREFLY MILES light-weighted,Control4C,1,0.14856477773764276,0.14790912868245462,1237654398615879748,Control4C,Lim:4961,Satellite,10.59486,0.033553819,0.09756027280667182,0.07956039869476451,0.017999874111907302,
FIREFLY MILES light-weighted,Control4C,1,0.14856477773764276,0.14790912868245462,1237654398615945288,Control4C,Lim:4961,Satellite,10.06296,0.033790437,-0.03966200463502764,-0.04111052621992002,0.0014485215848923788,
FIREFLY MILES light-weighted,Control4C,1,0.14856477773764276,0.14790912868245462,1237661382240370700,Control4C,Lim:4967,Satellite,10.75521,0.043629406,0.20167700383058246,0.11593863296825496,0.0857383708623275,
FIREFLY MILES light-weighted,Control4C,1,0.14856477773764276,0.14790912868245462,1237661136887939145,Control4C,Lim:4967,Satellite,10.54221,0.043501988,0.03567863566659506,0.06761581475650898,-0.03193717908991392,
FIREFLY MILES light-weighted,Control4C,1,0.14856477773764276,0.14790912868245462,1237661382240305326,Control4C,Lim:4967,Satellite,10.24972,0.043749341,-0.00036000557862243517,0.0012592837764447556,-0.0016192893550671908,
FIREFLY MILES light-weighted,Control4C,1,0.14856477773764276,0.14790912868245462,1237662268614705491,Control4C,Lim:4977,Satellite,10.26183,0.042824078,-0.1231358190374761,0.004006651516089067,-0.12714247055356517,
FIREFLY MILES light-weighted,Control4C,1,0.14856477773764276,0.14790912868245462,1237662268077900134,Control4C,Lim:4977,Satellite,9.849862,0.042894899,-0.03650924669124571,-0.08945557746539753,0.052946330774151826,
FIREFLY MILES light-weighted,Control4C,1,0.14856477773764276,0.14790912868245462,1237662262178807908,Control4C,Lim:4977,Satellite,9.659914,0.041751297,-0.10437295273032035,-0.13254864166110047,0.028175688930780124,
FIREFLY MILES light-weighted,Control4C,1,0.14856477773764276,0.14790912868245462,1237662267539128718,Control4C,Lim:5025,Satellite,11.0139,0.038222372,-0.1983087080057814,0.1746270359879573,-0.37293574399373874,
FIREFLY MILES light-weighted,Control4C,1,0.14856477773764276,0.14790912868245462,1237662267539193951,Control4C,Lim:5025,Satellite,9.918068,0.03764607,-0.28368883398995764,-0.07398183972384653,-0.2097069942661111,
FIREFLY MILES light-weighted,Control4C,1,0.14856477773764276,0.14790912868245462,1237662267539128563,Control4C,Lim:5025,Satellite,10.0448,0.039583336,0.1393198083248698,-0.04523044349093085,0.18455025181580065,
FIREFLY MILES light-weighted,Control4C,1,0.14856477773764276,0.14790912868245462,1237665023836815486,Control4C,Lim:5050,Satellite,10.86043,0.039939073,0.18313426568763896,0.13980965142947513,0.043324614258163835,
FIREFLY MILES light-weighted,Control4C,1,0.14856477773764276,0.14790912868245462,1237665023836815661,Control4C,Lim:5050,Satellite,10.05803,0.039116431,0.1393198083248698,-0.04222898393721533,0.18154879226208512,
FIREFLY MILES light-weighted,Control4C,1,0.14856477773764276,0.14790912868245462,1237665126938771573,Control4C,Lim:5050,Satellite,9.848246,0.039699065,-0.062396561398671085,-0.08982219565427169,0.0274256342556006,
FIREFLY MILES light-weighted,Control4C,1,0.14856477773764276,0.14790912868245462,1237661388148244663,Control4C,Lim:5055,Satellite,10.72187,0.038506163,0.17548977917257252,0.10837486414581526,0.06711491502675726,
FIREFLY MILES light-weighted,Control4C,1,0.14856477773764276,0.14790912868245462,1237659163882029415,Control4C,Lim:5055,Satellite,9.446896,0.038337298,0.011050416782760416,-0.18087554349128707,0.19192596027404749,
FIREFLY MILES light-weighted,Control4C,1,0.14856477773764276,0.14790912868245462,1237667431181713523,Control4C,Lim:5064,Satellite,10.38152,0.033956948,0.05391241004701966,0.03116044546803233,0.02275196457898733,
FIREFLY MILES light-weighted,Control4C,1,0.14856477773764276,0.14790912868245462,1237667431181713603,Control4C,Lim:5064,Satellite,9.982621,0.033923906,0.12003830018504674,-0.059336849658011545,0.1793751498430583,
FIREFLY MILES light-weighted,Control4C,1,0.14856477773764276,0.14790912868245462,1237667431181779025,Control4C,Lim:5064,Satellite,9.506509,0.034663736,-0.1549517826247632,-0.16735127981965905,0.012399497194895859,
FIREFLY MILES light-weighted,Control4C,1,0.14856477773764276,0.14790912868245462,1237661970110218384,Control4C,Lim:5070,Satellite,10.2437,0.038910714,-0.1983087080057814,-0.00010645972418757421,-0.19820224828159383,
FIREFLY MILES light-weighted,Control4C,1,0.14856477773764276,0.14790912868245462,1237661970110152878,Control4C,Lim:5070,Satellite,9.680965,0.039163416,-0.1983087080057814,-0.1277728498950185,-0.0705358581107629,
FIREFLY MILES light-weighted,Control4C,1,0.14856477773764276,0.14790912868245462,1237661970110152833,Control4C,Lim:5070,Satellite,9.683925,0.038851354,-0.1983087080057814,-0.12710132152925904,-0.07120738647652236,
FIREFLY MILES light-weighted,Control4C,1,0.14856477773764276,0.14790912868245462,1237661068724207699,Control4C,Lim:5074,Satellite,10.60158,0.04439601,-0.3692994289203334,0.08108494957919135,-0.45038437849952473,
FIREFLY MILES light-weighted,Control4C,1,0.14856477773764276,0.14790912868245462,1237661068724207750,Control4C,Lim:5074,Satellite,9.865894,0.044720837,-0.1549517826247632,-0.08581843464112165,-0.06913334798364154,
FIREFLY MILES light-weighted,Control4C,1,0.14856477773764276,0.14790912868245462,1237661068724273255,Control4C,Lim:5074,Satellite,9.867951,0.044821517,0.011050416782760416,-0.0853517678004573,0.09640218458321773,
FIREFLY MILES light-weighted,Control4C,1,0.14856477773764276,0.14790912868245462,1237661959373455458,Control4C,Lim:5098,Satellite,10.71994,0.03673286,0.24319337424724807,0.10793700950192485,0.1352563647453232,
FIREFLY MILES light-weighted,Control4C,1,0.14856477773764276,0.14790912868245462,1237661959910195401,Control4C,Lim:5098,Satellite,9.658537,0.036701514,-0.06574371018214456,-0.13286103847179326,0.0671173282896487,
FIREFLY MILES light-weighted,Control4C,1,0.14856477773764276,0.14790912868245462,1237661959373390003,Control4C,Lim:5098,Satellite,9.960811,0.036781604,0.030325216163527402,-0.06428483400166506,0.09461005016519246,
FIREFLY MILES light-weighted,Control4C,1,0.14856477773764276,0.14790912868245462,1237651272424751161,Control4C,Lim:5101,Satellite,10.68678,0.032046536,0.17355744610585364,0.10041407686388991,0.07314336924196373,
FIREFLY MILES light-weighted,Control4C,1,0.14856477773764276,0.14790912868245462,1237651272424882309,Control4C,Lim:5101,Satellite,10.55116,0.032059564,-0.024122131359567863,0.06964628059216656,-0.09376841195173442,
FIREFLY MILES light-weighted,Control4C,1,0.14856477773764276,0.14790912868245462,1237651272961556647,Control4C,Lim:5101,Satellite,9.841798,0.032053322,-0.28368883398995764,-0.09128503852670963,-0.192403795463248,
FIREFLY MILES light-weighted,Control4C,1,0.14856477773764276,0.14790912868245462,1237667911138148471,Control4C,Lim:5117,Satellite,10.52937,0.03275426,-0.07594282963262874,0.06470283360233596,-0.1406456632349647,
FIREFLY MILES light-weighted,Control4C,1,0.14856477773764276,0.14790912868245462,1237667446737862801,Control4C,Lim:5117,Satellite,9.867534,0.032424344,-0.1549517826247632,-0.0854463716276607,-0.0695054109971025,
FIREFLY MILES light-weighted,Control4C,1,0.14856477773764276,0.14790912868245462,1237659329775140940,Control4C,Lim:5118,Satellite,10.29975,0.041100265,-0.11931785883562805,0.012609474363926641,-0.13192733319955469,
FIREFLY MILES light-weighted,Control4C,1,0.14856477773764276,0.14790912868245462,1237659325489217804,Control4C,Lim:5118,Satellite,9.771594,0.042537201,-0.1892840439319302,-0.10721205791514837,-0.08207198601678184,
FIREFLY MILES light-weighted,Control4C,1,0.14856477773764276,0.14790912868245462,1237659325489217798,Control4C,Lim:5118,Satellite,9.902593,0.041535215,0.01941624484406951,-0.0774926172441601,0.0969088620882296,
FIREFLY MILES light-weighted,Control4C,1,0.14856477773764276,0.14790912868245462,1237657878077636811,Control4C,Lim:5143,Satellite,10.57642,0.02773972,-0.015058301950004111,0.07537695847023587,-0.09043526042023999,
FIREFLY MILES light-weighted,Control4C,1,0.14856477773764276,0.14790912868245462,1237657878077702252,Control4C,Lim:5143,Satellite,10.98487,0.028500104,0.13085557337224013,0.16804106691430976,-0.037185493542069625,
FIREFLY MILES light-weighted,Control4C,1,0.14856477773764276,0.14790912868245462,1237657878077702256,Control4C,Lim:5143,Satellite,10.32718,0.028671481,-0.00036000557862243517,0.01883245513175872,-0.019192460710381155,
FIREFLY MILES light-weighted,Control4C,1,0.14856477773764276,0.14790912868245462,1237662266461585515,Control4C,Lim:5146,Satellite,10.09133,0.035948046,-0.062396561398671085,-0.03467428982242149,-0.027722271576249596,
FIREFLY MILES light-weighted,Control4C,1,0.14856477773764276,0.14790912868245462,1237654881277509759,Control4C,Lim:5146,Satellite,9.630129,0.035600796,-0.00036000557862243517,-0.1393058958415553,0.1389458902629329,
FIREFLY MILES light-weighted,Control4C,1,0.14856477773764276,0.14790912868245462,1237661949178740908,Control4C,Lim:5151,Satellite,10.37375,0.044971765,0.12222341690406424,0.02939768350791354,0.0928257333961507,
FIREFLY MILES light-weighted,Control4C,1,0.14856477773764276,0.14790912868245462,1237661812272791651,Control4C,Lim:5151,Satellite,9.771472,0.044385952,-0.08638724073305099,-0.10723973577346707,0.020852495040416086,
FIREFLY MILES light-weighted,Control4C,1,0.14856477773764276,0.14790912868245462,1237661949178740942,Control4C,Lim:5151,Satellite,9.680775,0.044862185,-0.01805859406732937,-0.12781595475633412,0.10975736068900474,
FIREFLY MILES light-weighted,Control4C,1,0.14856477773764276,0.14790912868245462,1237662698115105077,Control4C,Lim:5153,Satellite,10.06666,0.035229811,-0.05250706908668513,-0.040271115762720605,-0.012235953323964523,
FIREFLY MILES light-weighted,Control4C,1,0.14856477773764276,0.14790912868245462,1237662224092168567,Control4C,Lim:5153,Satellite,10.01191,0.036849644,-0.30647653141567716,-0.052692121852359664,-0.2537844095633175,
FIREFLY MILES light-weighted,Control4C,1,0.14856477773764276,0.14790912868245462,1237659144558477427,Control4C,Lim:5161,Satellite,10.18042,0.041634376,-0.1983087080057814,-0.01446264721920791,-0.1838460607865735,
FIREFLY MILES light-weighted,Control4C,1,0.14856477773764276,0.14790912868245462,1237659324943237245,Control4C,Lim:5161,Satellite,9.945284,0.042404094,-0.1983087080057814,-0.06780740864191767,-0.13050129936386373,
FIREFLY MILES light-weighted,Control4C,1,0.14856477773764276,0.14790912868245462,1237659324943237240,Control4C,Lim:5161,Satellite,9.484775,0.042232318,0.008226176896798528,-0.17228202221878594,0.18050819911558447,
FIREFLY MILES light-weighted,Control4C,1,0.14856477773764276,0.14790912868245462,1237661068726698006,Control4C,Lim:5169,Satellite,10.95142,0.042894349,0.05135398835050857,0.16045234264584535,-0.10909835429533678,
FIREFLY MILES light-weighted,Control4C,1,0.14856477773764276,0.14790912868245462,1237661068726697998,Control4C,Lim:5169,Satellite,10.33299,0.044352516,0.10669156061825541,0.0201505564172529,0.08654100420100251,
FIREFLY MILES light-weighted,Control4C,1,0.14856477773764276,0.14790912868245462,1237664289928773832,Control4C,Lim:5169,Satellite,9.696408,0.04486167,-0.3692994289203334,-0.12426933214082145,-0.24503009677951196,
FIREFLY MILES light-weighted,Control4C,1,0.14856477773764276,0.14790912868245462,1237664292076454119,Control4C,Lim:5170,Satellite,10.45174,0.031688194,0.0383308008134032,0.04709109473952891,-0.008760293926125713,
FIREFLY MILES light-weighted,Control4C,1,0.14856477773764276,0.14790912868245462,1237664292076454111,Control4C,Lim:5170,Satellite,10.30944,0.031587483,0.16376467280347848,0.014807822291024585,0.1489568505124539,
FIREFLY MILES light-weighted,Control4C,1,0.14856477773764276,0.14790912868245462,1237664292076388510,Control4C,Lim:5170,Satellite,9.989859,0.03186667,0.04358703111597816,-0.05769478130957689,0.10128181242555506,
FIREFLY MILES light-weighted,Control4C,1,0.14856477773764276,0.14790912868245462,1237661069243514969,Control4C,Lim:5174,Satellite,10.68842,0.03186647,0.17355744610585364,0.10078613987735126,0.07277130622850238,
FIREFLY MILES light-weighted,Control4C,1,0.14856477773764276,0.14790912868245462,1237661069243515028,Control4C,Lim:5174,Satellite,9.732089,0.031362637,-0.1892840439319302,-0.11617446605343493,-0.07310957787849529,
FIREFLY MILES light-weighted,Control4C,1,0.14856477773764276,0.14790912868245462,1237661069243449619,Control4C,Lim:5174,Satellite,9.82472,0.031446992,-0.024122131359567863,-0.09515948495591281,0.07103735359634494,
FIREFLY MILES light-weighted,Control4C,1,0.14856477773764276,0.14790912868245462,1237661357547454497,Control4C,Lim:5191,Satellite,10.7491,0.029775656,0.17548977917257252,0.11455247137542046,0.06093730779715206,
FIREFLY MILES light-weighted,Control4C,1,0.14856477773764276,0.14790912868245462,1237661357547389137,Control4C,Lim:5191,Satellite,9.592447,0.029320545,-0.324387986477199,-0.14785472417890289,-0.17653326229829613,
FIREFLY MILES light-weighted,Control4C,1,0.14856477773764276,0.14790912868245462,1237661434848215231,Control4C,Lim:5191,Satellite,9.744498,0.028685713,-0.015058301950004111,-0.11335926487414125,0.09830096292413713,
FIREFLY MILES light-weighted,Control4C,1,0.14856477773764276,0.14790912868245462,1237659133287923757,Control4C,Lim:5195,Satellite,11.09869,0.038386895,0.09986115685840526,0.19386314751929046,-0.0940019906608852,
FIREFLY MILES light-weighted,Control4C,1,0.14856477773764276,0.14790912868245462,1237659133287923800,Control4C,Lim:5195,Satellite,10.37163,0.038234775,0.12003830018504674,0.0289167240027075,0.09112157618233924,
FIREFLY MILES light-weighted,Control4C,1,0.14856477773764276,0.14790912868245462,1237650797288358041,Control4C,Lim:5200,Satellite,10.88108,0.0422429,0.1393198083248698,0.1444944692514124,-0.005174660926542618,
FIREFLY MILES light-weighted,Control4C,1,0.14856477773764276,0.14790912868245462,1237648722284314732,Control4C,Lim:5200,Satellite,10.44744,0.042760779,-0.0691168562521512,0.046115563667648844,-0.11523241991980004,
FIREFLY MILES light-weighted,Control4C,1,0.14856477773764276,0.14790912868245462,1237650797288358106,Control4C,Lim:5200,Satellite,9.746153,0.042997284,-0.17177874325082548,-0.11298379884531301,-0.05879494440551247,
FIREFLY MILES light-weighted,Control4C,1,0.14856477773764276,0.14790912868245462,1237662195072762009,Control4C,Lim:5206,Satellite,9.649191,0.02569222,0.04358703111597816,-0.13498134391314076,0.17856837502911893,
FIREFLY MILES light-weighted,Control4C,1,0.14856477773764276,0.14790912868245462,1237663787427823775,Control4C,Lim:5208,Satellite,10.37032,0.036331114,-0.08287775240623109,0.02861952732732067,-0.11149727973355175,
FIREFLY MILES light-weighted,Control4C,1,0.14856477773764276,0.14790912868245462,1237663916275269716,Control4C,Lim:5208,Satellite,9.945723,0.036295069,-0.07594282963262874,-0.06770781372550941,-0.008235015907119336,
FIREFLY MILES light-weighted,Control4C,1,0.14856477773764276,0.14790912868245462,1237663916275269775,Control4C,Lim:5208,Satellite,9.709297,0.036514588,-0.11931785883562805,-0.1213452344697831,0.002027375634155046,
FIREFLY MILES light-weighted,Control4C,1,0.14856477773764276,0.14790912868245462,1237648722284052878,Control4C,Lim:5210,Satellite,10.75498,0.042140596,0.1943547474969782,0.11588645339929389,0.07846829409768431,
FIREFLY MILES light-weighted,Control4C,1,0.14856477773764276,0.14790912868245462,1237648722284118374,Control4C,Lim:5210,Satellite,9.202526,0.040724045,-0.11931785883562805,-0.23631520117393692,0.11699734233830887,
FIREFLY MILES light-weighted,Control4C,1,0.14856477773764276,0.14790912868245462,1237648722284052811,Control4C,Lim:5210,Satellite,9.282079,0.04188735,0.03301017461500066,-0.2182671957410778,0.25127737035607844,
FIREFLY MILES light-weighted,Control4C,1,0.14856477773764276,0.14790912868245462,1237654604253233354,Control4C,Lim:5217,Satellite,10.30075,0.0434558,0.09524713375865783,0.012836342055061872,0.08241079170359596,
FIREFLY MILES light-weighted,Control4C,1,0.14856477773764276,0.14790912868245462,1237654604253167748,Control4C,Lim:5217,Satellite,10.21857,0.042405563,-0.1848411427269139,-0.005807644802409251,-0.17903349792450465,
FIREFLY MILES light-weighted,Control4C,1,0.14856477773764276,0.14790912868245462,1237667736107680056,Control4C,Lim:5222,Satellite,10.45232,0.042577216,0.005382592656735859,0.047222678000387444,-0.041840085343651585,
FIREFLY MILES light-weighted,Control4C,1,0.14856477773764276,0.14790912868245462,1237667736107680053,Control4C,Lim:5222,Satellite,10.0781,0.04287729,0.1393198083248698,-0.037675749376137005,0.17699555770100678,
FIREFLY MILES light-weighted,Control4C,1,0.14856477773764276,0.14790912868245462,1237667783359856810,Control4C,Lim:5222,Satellite,9.865232,0.042845782,-0.07939644884409477,-0.08596862105265304,0.006572172208558269,
FIREFLY MILES light-weighted,Control4C,1,0.14856477773764276,0.14790912868245462,1237648705131053204,Control4C,Lim:5232,Satellite,10.68184,0.04111351,0.21946008747208545,0.09929335046968292,0.12016673700240253,
FIREFLY MILES light-weighted,Control4C,1,0.14856477773764276,0.14790912868245462,1237648705131118796,Control4C,Lim:5232,Satellite,10.44133,0.040197123,-0.0899253200661028,0.04472940207481434,-0.13465472214091714,
FIREFLY MILES light-weighted,Control4C,1,0.14856477773764276,0.14790912868245462,1237648705131118799,Control4C,Lim:5232,Satellite,9.116517,0.040492309,-0.062396561398671085,-0.25582786442076366,0.19343130302209258,
FIREFLY MILES light-weighted,Control4C,1,0.14856477773764276,0.14790912868245462,1237654874824179773,Control4C,Lim:5238,Satellite,10.44809,0.036635357,-0.17177874325082548,0.04626302766688663,-0.2180417709177121,
FIREFLY MILES light-weighted,Control4C,1,0.14856477773764276,0.14790912868245462,1237654874824245338,Control4C,Lim:5238,Satellite,10.19777,0.037213017,-0.07251640661352583,-0.010526492778016275,-0.06198991383550956,
FIREFLY MILES light-weighted,Control4C,1,0.14856477773764276,0.14790912868245462,1237654874824245357,Control4C,Lim:5238,Satellite,10.05396,0.036537408,-0.22656522730891981,-0.04315233544013472,-0.1834128918687851,
FIREFLY MILES light-weighted,Control4C,1,0.14856477773764276,0.14790912868245462,1237662303524880897,Control4C,Lim:5249,Satellite,10.24542,0.03384881,-0.062396561398671085,0.0002837527045642871,-0.06268031410323538,
FIREFLY MILES light-weighted,Control4C,1,0.14856477773764276,0.14790912868245462,1237659153685479964,Control4C,Lim:5249,Satellite,9.832336,0.033969015,0.0714113894018661,-0.09343166062022884,0.16484305002209493,
FIREFLY MILES light-weighted,Control4C,1,0.14856477773764276,0.14790912868245462,1237662501086888279,Control4C,Lim:5249,Satellite,10.12063,0.033523943,-0.10437295273032035,-0.028027066472166975,-0.07634588625815338,
FIREFLY MILES light-weighted,Control4C,1,0.14856477773764276,0.14790912868245462,1237660561894801429,Control4C,Lim:5253,Satellite,10.88146,0.042390057,0.210659559924703,0.14458067897404364,0.06607888095065936,
FIREFLY MILES light-weighted,Control4C,1,0.14856477773764276,0.14790912868245462,1237660561894801766,Control4C,Lim:5253,Satellite,10.12789,0.043836038,-0.2217262958376311,-0.026380007034527073,-0.195346288803104,
FIREFLY MILES light-weighted,Control4C,1,0.14856477773764276,0.14790912868245462,1237660561894801475,Control4C,Lim:5253,Satellite,9.62071,0.042365055,-0.5513440673598253,-0.14144276262435534,-0.40990130473547,
FIREFLY MILES light-weighted,Control4C,1,0.14856477773764276,0.14790912868245462,1237664296366047574,Control4C,Lim:5260,Satellite,9.768694,0.025689664,-0.00036000557862243517,-0.10786997421943981,0.10750996864081737,
FIREFLY MILES light-weighted,Control4C,1,0.14856477773764276,0.14790912868245462,1237661965821477083,Control4C,Lim:5260,Satellite,9.942958,0.024130819,-0.1983087080057814,-0.06833510289149719,-0.1299736051142842,
FIREFLY MILES light-weighted,Control4C,1,0.14856477773764276,0.14790912868245462,1237664296366047287,Control4C,Lim:5260,Satellite,9.608746,0.02402348,-0.021079757759797816,-0.14415700768109416,0.12307724992129634,
FIREFLY MILES light-weighted,Control4C,1,0.14856477773764276,0.14790912868245462,1237654600497365012,Control4C,Lim:5261,Satellite,10.28553,0.029946118,-0.26734992123701173,0.009383415795987553,-0.2767333370329993,
FIREFLY MILES light-weighted,Control4C,1,0.14856477773764276,0.14790912868245462,1237654604792135835,Control4C,Lim:5261,Satellite,9.513436,0.030161201,-0.22656522730891981,-0.16577976732316696,-0.060785459985752854,
FIREFLY MILES light-weighted,Control4C,1,0.14856477773764276,0.14790912868245462,1237654604792070364,Control4C,Lim:5261,Satellite,10.10615,0.030772797,-0.13087399102014557,-0.03131211063980134,-0.09956188038034423,
FIREFLY MILES light-weighted,Control4C,1,0.14856477773764276,0.14790912868245462,1237662193992007768,Control4C,Lim:5265,Satellite,9.939874,0.040492821,-0.10806121448408725,-0.06903476285095769,-0.03902645163312955,
FIREFLY MILES light-weighted,Control4C,1,0.14856477773764276,0.14790912868245462,1237661966358741190,Control4C,Lim:5265,Satellite,9.602703,0.039780532,-0.2892746251283065,-0.14552796913862273,-0.14374665598968375,
FIREFLY MILES light-weighted,Control4C,1,0.14856477773764276,0.14790912868245462,1237662193992007785,Control4C,Lim:5265,Satellite,9.692798,0.040141547,-0.08638724073305099,-0.12508832450581867,0.03870108377276768,
FIREFLY MILES light-weighted,Control4C,1,0.14856477773764276,0.14790912868245462,1237667912199241833,Control4C,Lim:5285,Satellite,10.46349,0.034162031,-0.03650924669124571,0.04975679011036491,-0.08626603680161062,
FIREFLY MILES light-weighted,Control4C,1,0.14856477773764276,0.14790912868245462,1237667551422316593,Control4C,Lim:5285,Satellite,10.48236,0.034879054,0.2855971362609545,0.05403778344208151,0.231559352818873,
FIREFLY MILES light-weighted,Control4C,1,0.14856477773764276,0.14790912868245462,1237667912199242042,Control4C,Lim:5285,Satellite,9.387413,0.034285146,-0.5833307070466075,-0.19437031436306787,-0.38896039268353966,
FIREFLY MILES light-weighted,Control4C,1,0.14856477773764276,0.14790912868245462,1237655125015855301,Control4C,Lim:5291,Satellite,10.46023,0.021457489,0.027623555056661857,0.049017201437264735,-0.021393646380602878,
FIREFLY MILES light-weighted,Control4C,1,0.14856477773764276,0.14790912868245462,1237655125015855124,Control4C,Lim:5291,Satellite,10.54215,0.02179103,0.17355744610585364,0.06760220269504058,0.10595524341081305,
FIREFLY MILES light-weighted,Control4C,1,0.14856477773764276,0.14790912868245462,1237655125015789657,Control4C,Lim:5291,Satellite,10.2423,0.022429218,-0.033379164418814146,-0.00042407449177658124,-0.032955089927037565,
FIREFLY MILES light-weighted,Control4C,1,0.14856477773764276,0.14790912868245462,1237665372258828479,Control4C,Lim:5301,Satellite,10.83927,0.03663529,0.05135398835050857,0.1350091310850598,-0.08365514273455123,
FIREFLY MILES light-weighted,Control4C,1,0.14856477773764276,0.14790912868245462,1237665372258959704,Control4C,Lim:5301,Satellite,10.14744,0.03633081,0.04358703111597816,-0.021944743672838884,0.06553177478881705,
FIREFLY MILES light-weighted,Control4C,1,0.14856477773764276,0.14790912868245462,1237665372258894093,Control4C,Lim:5301,Satellite,10.09681,0.035987716,-0.06574371018214456,-0.03343105487500184,-0.032312655307142724,
FIREFLY MILES light-weighted,Control4C,1,0.14856477773764276,0.14790912868245462,1237667781222596633,Control4C,Lim:5303,Satellite,10.13927,0.023505813,0.04619148126786086,-0.023798252709411452,0.06998973397727232,
FIREFLY MILES light-weighted,Control4C,1,0.14856477773764276,0.14790912868245462,1237667917029441696,Control4C,Lim:5303,Satellite,9.480202,0.024501674,-0.033379164418814146,-0.17331948817034623,0.1399403237515321,
FIREFLY MILES light-weighted,Control4C,1,0.14856477773764276,0.14790912868245462,1237667781222662266,Control4C,Lim:5303,Satellite,9.66982,0.023936721,0.13510815202267923,-0.13030129031271778,0.265409442335397,
FIREFLY MILES light-weighted,Control4C,1,0.14856477773764276,0.14790912868245462,1237664667887534208,Control4C,Lim:5304,Satellite,10.16307,0.028019681,0.13085557337224013,-0.018398801660399533,0.14925437503263966,
FIREFLY MILES light-weighted,Control4C,1,0.14856477773764276,0.14790912868245462,1237664668424405146,Control4C,Lim:5304,Satellite,9.959984,0.027761742,0.005382592656735859,-0.0644724535822335,0.06985504623896935,
FIREFLY MILES light-weighted,Control4C,1,0.14856477773764276,0.14790912868245462,1237664092898853172,Control4C,Lim:5304,Satellite,9.856819,0.027935347,0.04358703111597816,-0.08787725893817164,0.1314642900541498,
FIREFLY MILES light-weighted,Control4C,1,0.14856477773764276,0.14790912868245462,1237664105779495085,Control4C,Lim:5305,Satellite,10.5426,0.031986298,0.3003078152646575,0.06770429315605148,0.23260352210860602,
FIREFLY MILES light-weighted,Control4C,1,0.14856477773764276,0.14790912868245462,1237664105779626180,Control4C,Lim:5305,Satellite,10.49698,0.031785925,0.011050416782760416,0.057354589086474776,-0.046304172303714364,
FIREFLY MILES light-weighted,Control4C,1,0.14856477773764276,0.14790912868245462,1237668292302405647,Control4C,Lim:5307,Satellite,10.59385,0.038908644,0.09756027280667182,0.07933126232671801,0.018229010479953803,
FIREFLY MILES light-weighted,Control4C,1,0.14856477773764276,0.14790912868245462,1237667914343186661,Control4C,Lim:5307,Satellite,9.929276,0.039270524,-0.18044323321980837,-0.07143910664160594,-0.10900412657820244,
FIREFLY MILES light-weighted,Control4C,1,0.14856477773764276,0.14790912868245462,1237667914343121026,Control4C,Lim:5307,Satellite,9.558726,0.038306251,-0.17177874325082548,-0.1555049295916648,-0.016273813659160696,
FIREFLY MILES light-weighted,Control4C,1,0.14856477773764276,0.14790912868245462,1237663787420811660,Control4C,Lim:5308,Satellite,10.32318,0.040413081,0.1496728826525962,0.017924984367218982,0.13174789828537722,
FIREFLY MILES light-weighted,Control4C,1,0.14856477773764276,0.14790912868245462,1237663787420745954,Control4C,Lim:5308,Satellite,10.36187,0.03986463,0.12003830018504674,0.026702495337230306,0.09333580484781644,
FIREFLY MILES light-weighted,Control4C,1,0.14856477773764276,0.14790912868245462,1237665329854152782,Control4C,Lim:5309,Satellite,10.43898,0.024508018,0.0383308008134032,0.04419626300064722,-0.005865462187244021,
FIREFLY MILES light-weighted,Control4C,1,0.14856477773764276,0.14790912868245462,1237665329854021699,Control4C,Lim:5309,Satellite,9.789306,0.024161534,-0.03966200463502764,-0.1031937773697661,0.06353177273473845,
FIREFLY MILES light-weighted,Control4C,1,0.14856477773764276,0.14790912868245462,1237665226233479315,Control4C,Lim:5309,Satellite,9.426419,0.023302851,-0.21694068641837377,-0.18552111320265793,-0.03141957321571584,
FIREFLY MILES light-weighted,Control4C,1,0.14856477773764276,0.14790912868245462,1237662268076523582,Control4C,Lim:5310,Satellite,10.91404,0.032922202,0.1393198083248698,0.15197202835122045,-0.012652220026350663,
FIREFLY MILES light-weighted,Control4C,1,0.14856477773764276,0.14790912868245462,1237662268076523936,Control4C,Lim:5310,Satellite,9.235365,0.032486325,-0.15909778063256153,-0.2288650930647562,0.06976731243219467,
FIREFLY MILES light-weighted,Control4C,1,0.14856477773764276,0.14790912868245462,1237662268076523721,Control4C,Lim:5310,Satellite,9.216413,0.032894565,-0.35598675464406754,-0.23316468954714606,-0.12282206509692148,
FIREFLY MILES light-weighted,Control4C,1,0.14856477773764276,0.14790912868245462,1237665369043894382,Control4C,Lim:5322,Satellite,10.52411,0.028440346,0.09986115685840526,0.06350950954696612,0.03635164731143914,
FIREFLY MILES light-weighted,Control4C,1,0.14856477773764276,0.14790912868245462,1237665369043959951,Control4C,Lim:5322,Satellite,10.30939,0.02933748,0.09986115685840526,0.014796478906467861,0.0850646779519374,
FIREFLY MILES light-weighted,Control4C,1,0.14856477773764276,0.14790912868245462,1237667912217133167,Control4C,Lim:5323,Satellite,9.706758,0.044371224,-0.06574371018214456,-0.12192125153757447,0.056177541355429905,
FIREFLY MILES light-weighted,Control4C,1,0.14856477773764276,0.14790912868245462,1237665567145263330,Control4C,Lim:5323,Satellite,9.982386,0.044957273,-0.17608941330805536,-0.059390163565428256,-0.1166992497426271,
FIREFLY MILES light-weighted,Control4C,1,0.14856477773764276,0.14790912868245462,1237667912217133190,Control4C,Lim:5323,Satellite,9.885836,0.045009928,-0.07594282963262874,-0.08129423914450865,0.005351409511879901,
FIREFLY MILES light-weighted,Control4C,1,0.14856477773764276,0.14790912868245462,1237663787425857577,Control4C,Lim:5324,Satellite,10.87389,0.038191429,0.030325216163527402,0.14286329055215174,-0.11253807438862434,
FIREFLY MILES light-weighted,Control4C,1,0.14856477773764276,0.14790912868245462,1237663787425792289,Control4C,Lim:5324,Satellite,9.77303,0.037925502,-0.11553311404874676,-0.10688627591067856,-0.0086468381380682,
FIREFLY MILES light-weighted,Control4C,1,0.14856477773764276,0.14790912868245462,1237663916810109132,Control4C,Lim:5324,Satellite,10.10573,0.037854529,-0.00036000557862243517,-0.031407395070078045,0.03104738949145561,
FIREFLY MILES light-weighted,Control4C,1,0.14856477773764276,0.14790912868245462,1237654398616076434,Control4C,Lim:5326,Satellite,9.886205,0.034514013,0.024904982184311565,-0.08121052496647962,0.10611550715079118,
FIREFLY MILES light-weighted,Control4C,1,0.14856477773764276,0.14790912868245462,1237654398616076319,Control4C,Lim:5326,Satellite,9.913427,0.033527698,-0.00036000557862243517,-0.07503473267840377,0.07467472709978133,
FIREFLY MILES light-weighted,Control4C,1,0.14856477773764276,0.14790912868245462,1237654398616010921,Control4C,Lim:5326,Satellite,9.588697,0.033328498,-0.36259213370622323,-0.148705478020659,-0.21388665568556423,
FIREFLY MILES light-weighted,Control4C,1,0.14856477773764276,0.14790912868245462,1237655473968840815,Control4C,Lim:5328,Satellite,10.33735,0.030159807,-0.3367530128963952,0.021139699550601347,-0.35789271244699655,
FIREFLY MILES light-weighted,Control4C,1,0.14856477773764276,0.14790912868245462,1237655473968840945,Control4C,Lim:5328,Satellite,9.600058,0.030377964,-0.849806819998878,-0.14612803418167455,-0.7036787858172034,
FIREFLY MILES light-weighted,Control4C,1,0.14856477773764276,0.14790912868245462,1237655473968841043,Control4C,Lim:5328,Satellite,9.625986,0.029982547,-0.08638724073305099,-0.14024580868592765,0.05385856795287666,
FIREFLY MILES light-weighted,Control4C,1,0.14856477773764276,0.14790912868245462,1237661388140511326,Control4C,Lim:5329,Satellite,10.52826,0.041333321,0.210659559924703,0.06445101046517603,0.146208549459527,
FIREFLY MILES light-weighted,Control4C,1,0.14856477773764276,0.14790912868245462,1237661388140576978,Control4C,Lim:5329,Satellite,10.4909,0.041304955,-0.05250706908668513,0.05597523352437406,-0.10848230261105918,
FIREFLY MILES light-weighted,Control4C,1,0.14856477773764276,0.14790912868245462,1237661388140642314,Control4C,Lim:5329,Satellite,10.17431,0.04149667,-0.1549517826247632,-0.01584880881204241,-0.1391029738127208,
FIREFLY MILES light-weighted,Control4C,1,0.14856477773764276,0.14790912868245462,1237665549964214368,Control4C,Lim:5332,Satellite,10.26615,0.039213319,0.05135398835050857,0.004986719941792062,0.04636726840871651,
FIREFLY MILES light-weighted,Control4C,1,0.14856477773764276,0.14790912868245462,1237665549964214388,Control4C,Lim:5332,Satellite,9.823878,0.040434877,0.005382592656735859,-0.09535050755184812,0.10073310020858398,
FIREFLY MILES light-weighted,Control4C,1,0.14856477773764276,0.14790912868245462,1237665549964214335,Control4C,Lim:5332,Satellite,9.771291,0.039318551,-0.012078550350336925,-0.10728079882556238,0.09520224847522546,
FIREFLY MILES light-weighted,Control4C,1,0.14856477773764276,0.14790912868245462,1237654031400566817,Control4C,Lim:5334,Satellite,10.76208,0.040858211,0.09524713375865783,0.11749721400635196,-0.022250080247694135,
FIREFLY MILES light-weighted,Control4C,1,0.14856477773764276,0.14790912868245462,1237654031400566969,Control4C,Lim:5334,Satellite,10.56471,0.041887311,-0.14274598525968069,0.07272033780704533,-0.21546632306672603,
FIREFLY MILES light-weighted,Control4C,1,0.14856477773764276,0.14790912868245462,1237654031400566818,Control4C,Lim:5334,Satellite,10.0469,0.041251859,-0.45085224255144457,-0.04475402133954734,-0.4060982212118972,
FIREFLY MILES light-weighted,Control4C,1,0.14856477773764276,0.14790912868245462,1237662197747875912,Control4C,Lim:5336,Satellite,10.55696,0.043575676,0.09756027280667182,0.07096211320074947,0.02659815960592235,
FIREFLY MILES light-weighted,Control4C,1,0.14856477773764276,0.14790912868245462,1237662238559633679,Control4C,Lim:5336,Satellite,9.973391,0.044450067,-0.1983087080057814,-0.06143083844718733,-0.13687786955859407,
FIREFLY MILES light-weighted,Control4C,1,0.14856477773764276,0.14790912868245462,1237662238559764652,Control4C,Lim:5336,Satellite,9.939192,0.043671235,-0.05250706908668513,-0.06918948661631158,0.016682417529626452,
FIREFLY MILES light-weighted,Control4C,1,0.14856477773764276,0.14790912868245462,1237662662133415970,Control4C,Lim:5337,Satellite,10.62798,0.028836756,0.17741355266189243,0.0870742566251544,0.09033929603673803,
FIREFLY MILES light-weighted,Control4C,1,0.14856477773764276,0.14790912868245462,1237662662133416006,Control4C,Lim:5337,Satellite,10.38239,0.02922641,0.01664564199347177,0.03135782035931953,-0.014712178365847758,
FIREFLY MILES light-weighted,Control4C,1,0.14856477773764276,0.14790912868245462,1237662224615342283,Control4C,Lim:5337,Satellite,9.415359,0.029465452,-0.5513440673598253,-0.1880302698666103,-0.363313797493215,
FIREFLY MILES light-weighted,Control4C,1,0.14856477773764276,0.14790912868245462,1237667730195939677,Control4C,Lim:5341,Satellite,10.47206,0.032372677,0.09756027280667182,0.051701046223391646,0.04585922658328017,
FIREFLY MILES light-weighted,Control4C,1,0.14856477773764276,0.14790912868245462,1237667730195939631,Control4C,Lim:5341,Satellite,9.813096,0.031724987,-0.00036000557862243517,-0.09779659499766544,0.097436589419043,
FIREFLY MILES light-weighted,Control4C,1,0.14856477773764276,0.14790912868245462,1237667730196005305,Control4C,Lim:5341,Satellite,9.902859,0.032422903,-0.2949332821142268,-0.07743227043831824,-0.21750101167590857,
FIREFLY MILES light-weighted,Control4C,1,0.14856477773764276,0.14790912868245462,1237668331491819640,Control4C,Lim:5343,Satellite,10.48045,0.028128374,0.09986115685840526,0.05360446615201362,0.046256690706391636,
FIREFLY MILES light-weighted,Control4C,1,0.14856477773764276,0.14790912868245462,1237668348675817506,Control4C,Lim:5343,Satellite,10.51607,0.02887214,0.3003078152646575,0.06168549331024079,0.2386223219544167,
FIREFLY MILES light-weighted,Control4C,1,0.14856477773764276,0.14790912868245462,1237668331491885233,Control4C,Lim:5343,Satellite,9.702148,0.029628564,-0.1117810674162761,-0.12296711159370693,0.01118604417743084,
FIREFLY MILES light-weighted,Control4C,1,0.14856477773764276,0.14790912868245462,1237654599953481746,Control4C,Lim:5344,Satellite,9.660787,0.023812826,-0.1508449289923749,-0.13235058616674,-0.01849434282563489,
FIREFLY MILES light-weighted,Control4C,1,0.14856477773764276,0.14790912868245462,1237654599953416329,Control4C,Lim:5344,Satellite,9.476453,0.023310269,-0.062396561398671085,-0.17417001514441138,0.1117734537457403,
FIREFLY MILES light-weighted,Control4C,1,0.14856477773764276,0.14790912868245462,1237653665796325491,Control4C,Lim:5344,Satellite,10.10193,0.023751196,-0.00036000557862243517,-0.032269492296390895,0.03190948671776846,
FIREFLY MILES light-weighted,Control4C,1,0.14856477773764276,0.14790912868245462,1237667212130254868,Control4C,Lim:5352,Satellite,9.321749,0.042191644,-0.19377293476141427,-0.20926735443375374,0.015494419672339471,
FIREFLY MILES light-weighted,Control4C,1,0.14856477773764276,0.14790912868245462,1237667212130320477,Control4C,Lim:5352,Satellite,9.177943,0.042515388,-0.2727281867109631,-0.24189228962510753,-0.030835897085855574,
FIREFLY MILES light-weighted,Control4C,1,0.14856477773764276,0.14790912868245462,1237667255079797055,Control4C,Lim:5352,Satellite,9.169434,0.042490387,-0.05250706908668513,-0.24382270680897491,0.1913156377222898,
FIREFLY MILES light-weighted,Control4C,1,0.14856477773764276,0.14790912868245462,1237667783923531928,Control4C,Lim:5361,Satellite,10.70197,0.044969918,0.210659559924703,0.10386019709222963,0.10679936283247338,
FIREFLY MILES light-weighted,Control4C,1,0.14856477773764276,0.14790912868245462,1237667783923466450,Control4C,Lim:5361,Satellite,10.19659,0.044447046,-0.00036000557862243517,-0.010794196653555466,0.010434191074933031,
FIREFLY MILES light-weighted,Control4C,1,0.14856477773764276,0.14790912868245462,1237667736134484127,Control4C,Lim:5361,Satellite,9.787475,0.043526962,-0.1117810674162761,-0.10360917211223403,-0.008171895304042068,
FIREFLY MILES light-weighted,Control4C,1,0.14856477773764276,0.14790912868245462,1237655691404968127,Control4C,Lim:5374,Satellite,9.716541,0.040104733,-0.35598675464406754,-0.11970180491520144,-0.2362849497288661,
FIREFLY MILES light-weighted,Control4C,1,0.14856477773764276,0.14790912868245462,1237655691404902574,Control4C,Lim:5374,Satellite,9.158954,0.040401467,-1.0233458920722236,-0.24620028021206955,-0.7771456118601541,
FIREFLY MILES light-weighted,Control4C,1,0.14856477773764276,0.14790912868245462,1237655691404902745,Control4C,Lim:5374,Satellite,9.125071,0.040517916,-1.4569753907965999,-0.2538872381907953,-1.2030881526058046,
FIREFLY MILES light-weighted,Control4C,1,0.14856477773764276,0.14790912868245462,1237665567686525302,Control4C,Lim:5383,Satellite,10.27895,0.040421455,-0.00036000557862243517,0.007890626388319617,-0.008250631966942052,
FIREFLY MILES light-weighted,Control4C,1,0.14856477773764276,0.14790912868245462,1237665567686525218,Control4C,Lim:5383,Satellite,9.858394,0.039799441,-0.28368883398995764,-0.08751994232463392,-0.19616889166532372,
FIREFLY MILES light-weighted,Control4C,1,0.14856477773764276,0.14790912868245462,1237665531181203620,Control4C,Lim:5383,Satellite,9.218011,0.040293154,-0.2217262958376311,-0.23280215497671206,0.011075859139080962,
FIREFLY MILES light-weighted,Control4C,1,0.14856477773764276,0.14790912868245462,1237654605329006744,Control4C,Lim:5413,Satellite,10.66855,0.029843724,-0.10437295273032035,0.09627827885449941,-0.20065123158481976,
FIREFLY MILES light-weighted,Control4C,1,0.14856477773764276,0.14790912868245462,1237654601034170430,Control4C,Lim:5413,Satellite,10.61732,0.030467172,-0.062396561398671085,0.08465584703765541,-0.1470524084363265,
FIREFLY MILES light-weighted,Control4C,1,0.14856477773764276,0.14790912868245462,1237654601034170529,Control4C,Lim:5413,Satellite,9.831003,0.030068497,-0.021079757759797816,-0.09373407525251148,0.07265431749271367,
FIREFLY MILES light-weighted,Control4C,1,0.14856477773764276,0.14790912868245462,1237667253998256261,Control4C,Lim:5500,Satellite,10.43651,0.030051842,-0.04283781747327553,0.04363589980354372,-0.08647371727681925,
FIREFLY MILES light-weighted,Control4C,1,0.14856477773764276,0.14790912868245462,1237667253998256264,Control4C,Lim:5500,Satellite,9.84705,0.03000595,-0.1983087080057814,-0.09009352941286913,-0.10821517859291227,
FIREFLY MILES light-weighted,Control4C,1,0.14856477773764276,0.14790912868245462,1237667253998256266,Control4C,Lim:5500,Satellite,9.458669,0.029993537,-0.1848411427269139,-0.17820463016355526,-0.006636512563358649,
FIREFLY MILES light-weighted,Control4C,1,0.14856477773764276,0.14790912868245462,1237659326019600545,Control4C,Lim:6134,Satellite,10.70445,0.038951995,0.09756027280667182,0.10442282896624439,-0.006862556159572569,
FIREFLY MILES light-weighted,Control4C,1,0.14856477773764276,0.14790912868245462,1237659150459142296,Control4C,Lim:6134,Satellite,10.28221,0.038534219,0.12656094167438622,0.008630215061419387,0.11793072661296683,
FIREFLY MILES light-weighted,Control4C,1,0.14856477773764276,0.14790912868245462,1237659150459142313,Control4C,Lim:6134,Satellite,10.05722,0.037696615,-0.26203736643140163,-0.04241274676703495,-0.2196246196643667,
FIREFLY MILES light-weighted,Control4C,1,0.14856477773764276,0.14790912868245462,1237662268612280782,Control4C,Lim:6411,Satellite,10.57995,0.04371707,-0.1983087080057814,0.07617780141994218,-0.2744865094257236,
FIREFLY MILES light-weighted,Control4C,1,0.14856477773764276,0.14790912868245462,1237662268612215204,Control4C,Lim:6411,Satellite,10.40012,0.043053088,-0.009119148331831268,0.0353801845231424,-0.044499332854973664,
FIREFLY MILES light-weighted,Control4C,1,0.14856477773764276,0.14790912868245462,1237662262176317780,Control4C,Lim:6411,Satellite,10.16816,0.043207706,0.005382592656735859,-0.01724404511252238,0.02262663776925824,
FIREFLY MILES light-weighted,Control4C,1,0.14856477773764276,0.14790912868245462,1237663530791796929,Control4C,Lim:6449,Satellite,10.33836,0.031756339,-0.09349240622197504,0.021368835918647446,-0.11486124214062249,
FIREFLY MILES light-weighted,Control4C,1,0.14856477773764276,0.14790912868245462,1237663547434991794,Control4C,Lim:6449,Satellite,10.0638,0.031580198,-0.030271526760011918,-0.04091995735936661,0.010648430599354695,
FIREFLY MILES light-weighted,Control4C,1,0.14856477773764276,0.14790912868245462,1237665534934450552,Control4C,Lim:6457,Satellite,10.45122,0.035065002,0.17741355266189243,0.04697312354013876,0.1304404291217537,
FIREFLY MILES light-weighted,Control4C,1,0.14856477773764276,0.14790912868245462,1237671690692591743,Control4C,Lim:6457,Satellite,10.09338,0.03397298,-0.17177874325082548,-0.0342092110555947,-0.13756953219523077,
FIREFLY MILES light-weighted,Control4C,1,0.14856477773764276,0.14790912868245462,1237665535471518151,Control4C,Lim:6457,Satellite,10.31338,0.033560899,-0.15909778063256153,0.015701680994096336,-0.17479946162665785,
FIREFLY MILES light-weighted,Control4C,1,0.14856477773764276,0.14790912868245462,1237658311329906902,Control4C,Lim:6466,Satellite,10.50731,0.044377861,0.08586937063632526,0.05969813233589884,0.02617123830042642,
FIREFLY MILES light-weighted,Control4C,1,0.14856477773764276,0.14790912868245462,1237658311329906723,Control4C,Lim:6466,Satellite,10.188,0.045177453,-0.1231358190374761,-0.012742990120404737,-0.11039282891707136,
FIREFLY MILES light-weighted,Control4C,1,0.14856477773764276,0.14790912868245462,1237658311329906831,Control4C,Lim:6466,Satellite,9.712737,0.044909937,-0.1387524855065975,-0.12056480961227856,-0.01818767589431894,
FIREFLY MILES light-weighted,Control4C,1,0.14856477773764276,0.14790912868245462,1237665428629422165,Control4C,Lim:6488,Satellite,10.62935,0.036611739,0.09756027280667182,0.08738506536200921,0.010175207444662604,
FIREFLY MILES light-weighted,Control4C,1,0.14856477773764276,0.14790912868245462,1237665441518518400,Control4C,Lim:6488,Satellite,10.51426,0.038125941,-0.024122131359567863,0.061274862789286746,-0.08539699414885461,
FIREFLY MILES light-weighted,Control4C,1,0.14856477773764276,0.14790912868245462,1237665440981581946,Control4C,Lim:6488,Satellite,9.958364,0.037711609,-0.2727281867109631,-0.06483997924187232,-0.20788820746909079,
FIREFLY MILES light-weighted,Control4C,1,0.14856477773764276,0.14790912868245462,1237662264322883777,Control4C,Lim:6516,Satellite,10.69613,0.045607705,0.210659559924703,0.10253528977600165,0.10812427014870135,
FIREFLY MILES light-weighted,Control4C,1,0.14856477773764276,0.14790912868245462,1237662264322949365,Control4C,Lim:6516,Satellite,10.45769,0.045003598,-0.08287775240623109,0.04844095750178199,-0.1313187099080131,
FIREFLY MILES light-weighted,Control4C,1,0.14856477773764276,0.14790912868245462,1237662238022369493,Control4C,Lim:6516,Satellite,9.994009,0.045397382,-0.27817389220561206,-0.056753280391366595,-0.22142061181424547,
FIREFLY MILES light-weighted,Control4C,1,0.14856477773764276,0.14790912868245462,1237662662680838318,Control4C,Lim:6618,Satellite,10.90436,0.03402647,0.027623555056661857,0.14977594910103417,-0.12215239404437231,
FIREFLY MILES light-weighted,Control4C,1,0.14856477773764276,0.14790912868245462,1237662662680838298,Control4C,Lim:6618,Satellite,10.04423,0.033675216,0.1393198083248698,-0.045359758074877715,0.1846795663997475,
FIREFLY MILES light-weighted,Control4C,1,0.14856477773764276,0.14790912868245462,1237662662680707319,Control4C,Lim:6618,Satellite,9.817205,0.034044987,-0.5312578479388469,-0.09686439565479196,-0.4343934522840549,
FIREFLY MILES light-weighted,Control4C,1,0.14856477773764276,0.14790912868245462,1237662636901269762,Control4C,Lim:6725,Satellite,9.884056,0.025653311,-0.07939644884409477,-0.0816980636347289,0.002301614790634121,
FIREFLY MILES light-weighted,Control4C,1,0.14856477773764276,0.14790912868245462,1237662636901204084,Control4C,Lim:6725,Satellite,9.285069,0.025968531,-0.07939644884409477,-0.21758886134458413,0.13819241250048936,
FIREFLY MILES light-weighted,Control4C,1,0.14856477773764276,0.14790912868245462,1237667446728097995,Control4C,Lim:6726,Satellite,9.797547,0.044261738,-0.1117810674162761,-0.10132416072712291,-0.010456906689153181,
FIREFLY MILES light-weighted,Control4C,1,0.14856477773764276,0.14790912868245462,1237667446728097923,Control4C,Lim:6726,Satellite,10.39794,0.044315705,0.0714113894018661,0.03488561295646837,0.03652577644539773,
FIREFLY MILES light-weighted,Control4C,1,0.14856477773764276,0.14790912868245462,1237667910591578195,Control4C,Lim:6726,Satellite,9.457874,0.044618406,-0.26203736643140163,-0.17838498997800756,-0.08365237645339407,
FIREFLY MILES light-weighted,Control4C,1,0.14856477773764276,0.14790912868245462,1237661435920056391,Control4C,Lim:6728,Satellite,10.37403,0.040450436,-0.20289228400804113,0.029461206461431338,-0.23235349046947246,
FIREFLY MILES light-weighted,Control4C,1,0.14856477773764276,0.14790912868245462,1237661435920187631,Control4C,Lim:6728,Satellite,9.925309,0.041803806,-0.17177874325082548,-0.07233909077233819,-0.0994396524784873,
FIREFLY MILES light-weighted,Control4C,1,0.14856477773764276,0.14790912868245462,1237661435920187571,Control4C,Lim:6728,Satellite,10.15187,0.039401902,0.09524713375865783,-0.020939719801110784,0.11618685355976861,
FIREFLY MILES light-weighted,Control4C,1,0.14856477773764276,0.14790912868245462,1237654381977796751,Control4C,Lim:6736,Satellite,10.88749,0.038523149,0.09986115685840526,0.14594869115158723,-0.04608753429318198,
FIREFLY MILES light-weighted,Control4C,1,0.14856477773764276,0.14790912868245462,1237654381977796849,Control4C,Lim:6736,Satellite,10.04861,0.038416131,0.0383308008134032,-0.044366077587706734,0.08269687840110992,
FIREFLY MILES light-weighted,Control4C,1,0.14856477773764276,0.14790912868245462,1237654381977731138,Control4C,Lim:6736,Satellite,10.24472,0.040257982,-0.07251640661352583,0.00012494532076978704,-0.07264135193429562,
FIREFLY MILES light-weighted,Control4C,1,0.14856477773764276,0.14790912868245462,1237661948636954627,Control4C,Lim:6788,Satellite,10.73608,0.041730406,0.18878060169439917,0.11159865403684309,0.07718194765755608,
FIREFLY MILES light-weighted,Control4C,1,0.14856477773764276,0.14790912868245462,1237661948636954655,Control4C,Lim:6788,Satellite,10.137,0.040362391,0.005382592656735859,-0.024313242368287663,0.029695835025023522,
FIREFLY MILES light-weighted,Control4C,1,0.14856477773764276,0.14790912868245462,1237661948636889161,Control4C,Lim:6788,Satellite,10.1066,0.042194522,-0.00036000557862243517,-0.031210020178790446,0.03085001460016801,
FIREFLY MILES light-weighted,Control4C,1,0.14856477773764276,0.14790912868245462,1237659146705698884,Control4C,Lim:6816,Satellite,10.46904,0.039638436,0.12439759440607599,0.051015905796163816,0.07338168860991218,
FIREFLY MILES light-weighted,Control4C,1,0.14856477773764276,0.14790912868245462,1237659146705698902,Control4C,Lim:6816,Satellite,10.2382,0.040180595,-0.1983087080057814,-0.0013542320254297593,-0.19695447598035165,
FIREFLY MILES light-weighted,Control4C,1,0.14856477773764276,0.14790912868245462,1237659327090458728,Control4C,Lim:6816,Satellite,9.562809,0.039738509,0.09524713375865783,-0.15457862880876083,0.24982576256741867,
FIREFLY MILES light-weighted,Control4C,1,0.14856477773764276,0.14790912868245462,1237667143396688329,Control4C,Lim:6852,Satellite,10.13902,0.045086018,-0.00036000557862243517,-0.023854969632195064,0.02349496405357263,
FIREFLY MILES light-weighted,Control4C,1,0.14856477773764276,0.14790912868245462,1237667143396688238,Control4C,Lim:6852,Satellite,10.05176,0.045421527,-0.059074962477950764,-0.043651444360631675,-0.015423518117319089,
FIREFLY MILES light-weighted,Control4C,1,0.14856477773764276,0.14790912868245462,1237667143396753438,Control4C,Lim:6852,Satellite,9.759854,0.045716349,-0.07939644884409477,-0.1098754846090727,0.03047903576497793,
FIREFLY MILES light-weighted,Control4C,1,0.14856477773764276,0.14790912868245462,1237661382240829503,Control4C,Lim:6858,Satellite,10.34485,0.030813234,-0.17177874325082548,0.022841207234113203,-0.1946199504849387,
FIREFLY MILES light-weighted,Control4C,1,0.14856477773764276,0.14790912868245462,1237661382240829504,Control4C,Lim:6858,Satellite,10.50927,0.030949621,-0.1983087080057814,0.06014279301052344,-0.2584515010163049,
FIREFLY MILES light-weighted,Control4C,1,0.14856477773764276,0.14790912868245462,1237661382240829459,Control4C,Lim:6858,Satellite,9.753313,0.030536351,-0.13087399102014557,-0.11135942617678654,-0.019514564843359034,
FIREFLY MILES light-weighted,Control4C,1,0.14856477773764276,0.14790912868245462,1237655743483281580,Control4C,Lim:6888,Satellite,10.69239,0.040978748,-0.00036000557862243517,0.1016868046111568,-0.10204681018977924,
FIREFLY MILES light-weighted,Control4C,1,0.14856477773764276,0.14790912868245462,1237655743483281567,Control4C,Lim:6888,Satellite,10.12941,0.040011811,-0.22656522730891981,-0.026035168144002085,-0.20053005916491773,
FIREFLY MILES light-weighted,Control4C,1,0.14856477773764276,0.14790912868245462,1237659133284909256,Control4C,Lim:6945,Satellite,10.46855,0.037384676,0.13085557337224013,0.05090474062750786,0.07995083274473228,
FIREFLY MILES light-weighted,Control4C,1,0.14856477773764276,0.14790912868245462,1237659133284843828,Control4C,Lim:6945,Satellite,9.818525,0.036476806,-0.20752475187661884,-0.09656493030249386,-0.11095982157412498,
FIREFLY MILES light-weighted,Control4C,1,0.14856477773764276,0.14790912868245462,1237659133284778240,Control4C,Lim:6945,Satellite,9.906488,0.036492774,0.0383308008134032,-0.07660896758718944,0.11493976840059264,
FIREFLY MILES light-weighted,Control4C,1,0.14856477773764276,0.14790912868245462,1237660613972918418,Control4C,Lim:6950,Satellite,10.18911,0.030254372,0.0383308008134032,-0.012491166983245192,0.05082196779664839,
FIREFLY MILES light-weighted,Control4C,1,0.14856477773764276,0.14790912868245462,1237660613972983968,Control4C,Lim:6950,Satellite,10.36444,0.030484844,0.04619148126786086,0.02728554530344724,0.018905935964413617,
FIREFLY MILES light-weighted,Control4C,1,0.14856477773764276,0.14790912868245462,1237660613972918322,Control4C,Lim:6950,Satellite,9.706136,0.030480045,-0.26734992123701173,-0.12206236324146039,-0.14528755799555135,
FIREFLY MILES light-weighted,Control4C,1,0.14856477773764276,0.14790912868245462,1237651495755579693,Control4C,Lim:6954,Satellite,10.79237,0.040360036,0.1496728826525962,0.12436903637083005,0.025303846281766157,
FIREFLY MILES light-weighted,Control4C,1,0.14856477773764276,0.14790912868245462,1237673705041691045,Control4C,Lim:6954,Satellite,10.6603,0.041029821,-0.009119148331831268,0.09440662040263594,-0.1035257687344672,
FIREFLY MILES light-weighted,Control4C,1,0.14856477773764276,0.14790912868245462,1237673705041756411,Control4C,Lim:6954,Satellite,9.715945,0.040500213,-0.1549517826247632,-0.11983701805911784,-0.03511476456564536,
FIREFLY MILES light-weighted,Control4C,1,0.14856477773764276,0.14790912868245462,1237654954280157539,Control4C,Lim:6978,Satellite,10.10311,0.04060952,-0.05250706908668513,-0.032001788420851704,-0.020505280665833424,
FIREFLY MILES light-weighted,Control4C,1,0.14856477773764276,0.14790912868245462,1237671936578093285,Control4C,Lim:6978,Satellite,9.503205,0.041633756,-0.07939644884409477,-0.16810085067116895,0.08870440182707418,
FIREFLY MILES light-weighted,Control4C,1,0.14856477773764276,0.14790912868245462,1237661087494045845,Control4C,Lim:6989,Satellite,11.11918,0.028672638,0.27037041250145794,0.19851166651064586,0.07185874599081207,
FIREFLY MILES light-weighted,Control4C,1,0.14856477773764276,0.14790912868245462,1237661125612142601,Control4C,Lim:6989,Satellite,10.28244,0.028369131,0.09986115685840526,0.008682394630380466,0.09117876222802479,
FIREFLY MILES light-weighted,Control4C,1,0.14856477773764276,0.14790912868245462,1237661125612273738,Control4C,Lim:6989,Satellite,9.786526,0.028923157,-0.20752475187661884,-0.10382446955112118,-0.10370028232549766,
FIREFLY MILES light-weighted,Control4C,1,0.14856477773764276,0.14790912868245462,1237664886388293744,Control4C,Lim:7000,Satellite,11.18527,0.039785183,0.09986115685840526,0.21350535221775507,-0.11364419535934982,
FIREFLY MILES light-weighted,Control4C,1,0.14856477773764276,0.14790912868245462,1237662696501936400,Control4C,Lim:7000,Satellite,10.89832,0.040192973,0.06648321213101471,0.14840566824657891,-0.0819224561155642,
FIREFLY MILES light-weighted,Control4C,1,0.14856477773764276,0.14790912868245462,1237665129102901279,Control4C,Lim:7000,Satellite,10.41433,0.040327532,0.05391241004701966,0.038603974414170225,0.015308435632849435,
FIREFLY MILES light-weighted,Control4C,1,0.14856477773764276,0.14790912868245462,1237667444044922941,Control4C,Lim:7007,Satellite,11.01353,0.029239082,0.29740527268129757,0.17454309494223735,0.12286217773906022,
FIREFLY MILES light-weighted,Control4C,1,0.14856477773764276,0.14790912868245462,1237667323793965152,Control4C,Lim:7007,Satellite,10.35618,0.028376657,0.13510815202267923,0.025411618174672496,0.10969653384800673,
FIREFLY MILES light-weighted,Control4C,1,0.14856477773764276,0.14790912868245462,1237667323793965194,Control4C,Lim:7007,Satellite,9.800545,0.027898058,0.05135398835050857,-0.10064401138910034,0.15199799973960892,
FIREFLY MILES light-weighted,Control4C,1,0.14856477773764276,0.14790912868245462,1237661974404268151,Control4C,Lim:7009,Satellite,10.33086,0.045128893,0.09756027280667182,0.019667328235135194,0.07789294457153662,
FIREFLY MILES light-weighted,Control4C,1,0.14856477773764276,0.14790912868245462,1237661970116378780,Control4C,Lim:7009,Satellite,9.373397,0.045773895,-0.28368883398995764,-0.19755009192201542,-0.08613874206794223,
FIREFLY MILES light-weighted,Control4C,1,0.14856477773764276,0.14790912868245462,1237661974404268187,Control4C,Lim:7009,Satellite,9.304218,0.045446688,-0.11931785883562805,-0.21324457192704074,0.09392671309141269,
FIREFLY MILES light-weighted,Control4C,1,0.14856477773764276,0.14790912868245462,1237667916489490458,Control4C,Lim:7010,Satellite,10.46918,0.035954168,0.12003830018504674,0.05104766727292272,0.06899063291212403,
FIREFLY MILES light-weighted,Control4C,1,0.14856477773764276,0.14790912868245462,1237667916489490634,Control4C,Lim:7010,Satellite,9.875648,0.036129345,0.04358703111597816,-0.08360556718179146,0.12719259829776963,
FIREFLY MILES light-weighted,Control4C,1,0.14856477773764276,0.14790912868245462,1237668294985449611,Control4C,Lim:7010,Satellite,9.292867,0.036718322,-0.20289228400804113,-0.21581974708911392,0.012927463081072788,
FIREFLY MILES light-weighted,Control4C,1,0.14856477773764276,0.14790912868245462,1237655743484330109,Control4C,Lim:7021,Satellite,10.93824,0.045171589,0.18878060169439917,0.15746222647668656,0.03131837521771261,
FIREFLY MILES light-weighted,Control4C,1,0.14856477773764276,0.14790912868245462,1237655743484330046,Control4C,Lim:7021,Satellite,10.7235,0.045476307,0.09058356357502098,0.10874465848236536,-0.018161094907344383,
FIREFLY MILES light-weighted,Control4C,1,0.14856477773764276,0.14790912868245462,1237662267538276481,Control4C,Lim:7021,Satellite,9.639691,0.044390254,-0.07594282963262874,-0.1371365869789231,0.06119375734629434,
FIREFLY MILES light-weighted,Control4C,1,0.14856477773764276,0.14790912868245462,1237662264860147778,Control4C,Lim:7023,Satellite,10.97778,0.033975287,0.12003830018504674,0.16643257498416253,-0.04639427479911579,
FIREFLY MILES light-weighted,Control4C,1,0.14856477773764276,0.14790912868245462,1237662198284484650,Control4C,Lim:7023,Satellite,10.15539,0.03397595,-0.10437295273032035,-0.020141145528315738,-0.08423180720200461,
FIREFLY MILES light-weighted,Control4C,1,0.14856477773764276,0.14790912868245462,1237662264860213622,Control4C,Lim:7023,Satellite,10.08511,0.034358089,-0.1983087080057814,-0.036085406861280714,-0.16222330114450068,
FIREFLY MILES light-weighted,Control4C,1,0.14856477773764276,0.14790912868245462,1237668272988750083,Control4C,Lim:7035,Satellite,10.4303,0.041454628,-0.16751050324578506,0.042227051441595775,-0.20973755468738084,
FIREFLY MILES light-weighted,Control4C,1,0.14856477773764276,0.14790912868245462,1237668365851689395,Control4C,Lim:7035,Satellite,9.675788,0.041666803,-0.03650924669124571,-0.12894734393202412,0.09243809724077841,
FIREFLY MILES light-weighted,Control4C,1,0.14856477773764276,0.14790912868245462,1237668365314687448,Control4C,Lim:7035,Satellite,9.506061,0.041450375,-0.4348396893969556,-0.1674529165452872,-0.2673867728516684,
FIREFLY MILES light-weighted,Control4C,1,0.14856477773764276,0.14790912868245462,1237661435921825846,Control4C,Lim:7044,Satellite,10.8838,0.029821394,0.09756027280667182,0.1451115493712995,-0.04755127656462768,
FIREFLY MILES light-weighted,Control4C,1,0.14856477773764276,0.14790912868245462,1237661435921891368,Control4C,Lim:7044,Satellite,10.36364,0.029327688,-0.1983087080057814,0.027104051150539293,-0.2254127591563207,
FIREFLY MILES light-weighted,Control4C,1,0.14856477773764276,0.14790912868245462,1237661435921891590,Control4C,Lim:7044,Satellite,9.607081,0.030276733,-0.16328380351680608,-0.14453474238683367,-0.018749061129972405,
FIREFLY MILES light-weighted,Control4C,1,0.14856477773764276,0.14790912868245462,1237661387620876411,Control4C,Lim:7051,Satellite,10.69569,0.036311096,-0.027185968217908463,0.10243546799190242,-0.1296214362098109,
FIREFLY MILES light-weighted,Control4C,1,0.14856477773764276,0.14790912868245462,1237661387620876699,Control4C,Lim:7051,Satellite,10.01755,0.036554867,-0.14677660869441173,-0.05141258807435857,-0.09536402062005316,
FIREFLY MILES light-weighted,Control4C,1,0.14856477773764276,0.14790912868245462,1237659162817855979,Control4C,Lim:7051,Satellite,10.17096,0.036947448,-0.07594282963262874,-0.016608815577344768,-0.059334014055283976,
FIREFLY MILES light-weighted,Control4C,1,0.14856477773764276,0.14790912868245462,1237661417140125866,Control4C,Lim:7052,Satellite,10.61008,0.04481637,0.09986115685840526,0.08301332495383844,0.016847831904566818,
FIREFLY MILES light-weighted,Control4C,1,0.14856477773764276,0.14790912868245462,1237661387069194392,Control4C,Lim:7052,Satellite,9.277762,0.04564612,-0.22656522730891981,-0.2192465835637075,-0.007318643745212322,
FIREFLY MILES light-weighted,Control4C,1,0.14856477773764276,0.14790912868245462,1237661417140125853,Control4C,Lim:7052,Satellite,9.803498,0.045733772,0.03567863566659506,-0.09997407109717885,0.1356527067637739,
FIREFLY MILES light-weighted,Control4C,1,0.14856477773764276,0.14790912868245462,1237671957518876723,Control4C,Lim:7058,Satellite,9.788877,0.029473915,-0.21694068641837377,-0.10329110360926308,-0.1136495828091107,
FIREFLY MILES light-weighted,Control4C,1,0.14856477773764276,0.14790912868245462,1237671991878156520,Control4C,Lim:7058,Satellite,10.23708,0.029503848,0.10442667462051756,-0.0016083238395009636,0.10603499846001853,
FIREFLY MILES light-weighted,Control4C,1,0.14856477773764276,0.14790912868245462,1237671957518876726,Control4C,Lim:7058,Satellite,8.423131,0.029824342,-0.055778624700305444,-0.4131347453060682,0.3573561206057628,
FIREFLY MILES light-weighted,Control4C,1,0.14856477773764276,0.14790912868245462,1237665531723710531,Control4C,Lim:7059,Satellite,10.70818,0.043690703,0.2365435592168414,0.10526904545417799,0.13127451376266341,
FIREFLY MILES light-weighted,Control4C,1,0.14856477773764276,0.14790912868245462,1237665531723579578,Control4C,Lim:7059,Satellite,10.1465,0.044832637,-0.04926002271457847,-0.02215799930250574,-0.027102023412072733,
FIREFLY MILES light-weighted,Control4C,1,0.14856477773764276,0.14790912868245462,1237665567692095954,Control4C,Lim:7059,Satellite,10.10137,0.043700952,-0.16328380351680608,-0.0323965382034265,-0.13088726531337957,
FIREFLY MILES light-weighted,Control4C,1,0.14856477773764276,0.14790912868245462,1237657772321472648,Control4C,Lim:7067,Satellite,10.20752,0.045221077,0.11118620289364924,-0.008314532789450352,0.11950073568309959,
FIREFLY MILES light-weighted,Control4C,1,0.14856477773764276,0.14790912868245462,1237655106759426069,Control4C,Lim:7067,Satellite,9.722048,0.04410922,0.19985798101343002,-0.1184524445401213,0.3183104255535513,
FIREFLY MILES light-weighted,Control4C,1,0.14856477773764276,0.14790912868245462,1237658302202970401,Control4C,Lim:7067,Satellite,9.865941,0.044923092,0.12439759440607599,-0.08580777185963864,0.21020536626571462,
FIREFLY MILES light-weighted,Control4C,1,0.14856477773764276,0.14790912868245462,1237651192433279109,Control4C,Lim:7069,Satellite,10.43038,0.037663292,0.12003830018504674,0.04224520085688628,0.07779309932816046,
FIREFLY MILES light-weighted,Control4C,1,0.14856477773764276,0.14790912868245462,1237651252024312012,Control4C,Lim:7069,Satellite,9.919941,0.038827108,-0.10806121448408725,-0.07355691653835081,-0.03450429794573644,
FIREFLY MILES light-weighted,Control4C,1,0.14856477773764276,0.14790912868245462,1237651192433279182,Control4C,Lim:7069,Satellite,9.693874,0.038087218,-0.08638724073305099,-0.1248442148701576,0.03845697413710661,
FIREFLY MILES light-weighted,Control4C,1,0.14856477773764276,0.14790912868245462,1237665330933596220,Control4C,Lim:7090,Satellite,10.69408,0.036145772,-0.055778624700305444,0.10207021100917488,-0.15784883570948033,
FIREFLY MILES light-weighted,Control4C,1,0.14856477773764276,0.14790912868245462,1237665330933465219,Control4C,Lim:7090,Satellite,10.32956,0.036834186,0.0383308008134032,0.01937240023666003,0.018958400576743167,
FIREFLY MILES light-weighted,Control4C,1,0.14856477773764276,0.14790912868245462,1237660635461058688,Control4C,Lim:7114,Satellite,10.08218,0.043013594,0.0882328635448647,-0.036750129196306366,0.12498299274117107,
FIREFLY MILES light-weighted,Control4C,1,0.14856477773764276,0.14790912868245462,1237661357538148509,Control4C,Lim:7114,Satellite,9.893231,0.043823743,-0.1117810674162761,-0.07961655256856545,-0.03216451484771064,
FIREFLY MILES light-weighted,Control4C,1,0.14856477773764276,0.14790912868245462,1237662695960609039,Control4C,Lim:7121,Satellite,10.17846,0.034589404,-0.03650924669124571,-0.014907307893832517,-0.021601938797413192,
FIREFLY MILES light-weighted,Control4C,1,0.14856477773764276,0.14790912868245462,1237665129098510627,Control4C,Lim:7121,Satellite,9.293317,0.034542235,-0.00036000557862243517,-0.21571765662810302,0.2153576510494806,
FIREFLY MILES light-weighted,Control4C,1,0.14856477773764276,0.14790912868245462,1237661386012950941,Control4C,Lim:7123,Satellite,10.05476,0.03694962,-0.16328380351680608,-0.04297084128722678,-0.1203129622295793,
FIREFLY MILES light-weighted,Control4C,1,0.14856477773764276,0.14790912868245462,1237661386012951043,Control4C,Lim:7123,Satellite,9.468972,0.037369202,-0.21220723669545014,-0.17586721234179167,-0.03634002435365846,
FIREFLY MILES light-weighted,Control4C,1,0.14856477773764276,0.14790912868245462,1237661386012951041,Control4C,Lim:7123,Satellite,9.495053,0.036213218,-0.0691168562521512,-0.16995027608930094,0.10083341983714975,
FIREFLY MILES light-weighted,Control4C,1,0.14856477773764276,0.14790912868245462,1237658492278734920,Control4C,Lim:7128,Satellite,10.65873,0.036266668,-0.28368883398995764,0.09405043812755423,-0.3777392721175119,
FIREFLY MILES light-weighted,Control4C,1,0.14856477773764276,0.14790912868245462,1237658492278734937,Control4C,Lim:7128,Satellite,9.819897,0.036900467,-0.22656522730891981,-0.09625366783025671,-0.1303115594786631,
FIREFLY MILES light-weighted,Control4C,1,0.14856477773764276,0.14790912868245462,1237658492278735050,Control4C,Lim:7128,Satellite,9.359884,0.036140647,-0.16328380351680608,-0.2006157550323224,0.037331951515516326,
FIREFLY MILES light-weighted,Control4C,1,0.14856477773764276,0.14790912868245462,1237667735599579274,Control4C,Lim:7144,Satellite,10.66242,0.038724677,-0.006179776081068299,0.09488757990784197,-0.10106735598891027,
FIREFLY MILES light-weighted,Control4C,1,0.14856477773764276,0.14790912868245462,1237667735599579345,Control4C,Lim:7144,Satellite,10.75663,0.038783132,0.011050416782760416,0.1162607850896665,-0.10521036830690608,
FIREFLY MILES light-weighted,Control4C,1,0.14856477773764276,0.14790912868245462,1237667735599579276,Control4C,Lim:7144,Satellite,9.623108,0.038036813,-0.09708903351335806,-0.14089873390101385,0.04380970038765579,
FIREFLY MILES light-weighted,Control4C,1,0.14856477773764276,0.14790912868245462,1237662306739290404,Control4C,Lim:7146,Satellite,9.89341,0.038672987,0.0383308008134032,-0.07957594325185247,0.11790674406525567,
FIREFLY MILES light-weighted,Control4C,1,0.14856477773764276,0.14790912868245462,1237662665888759972,Control4C,Lim:7146,Satellite,9.965748,0.03876828,0.011050416782760416,-0.06316478821053177,0.07421520499329219,
FIREFLY MILES light-weighted,Control4C,1,0.14856477773764276,0.14790912868245462,1237662665888760313,Control4C,Lim:7146,Satellite,9.705305,0.039760447,0.011050416782760416,-0.1222508902927939,0.13330130707555432,
FIREFLY MILES light-weighted,Control4C,1,0.14856477773764276,0.14790912868245462,1237660669818241070,Control4C,Lim:7158,Satellite,10.71118,0.046012765,0.06895429106965624,0.1059496485275829,-0.03699535745792666,
FIREFLY MILES light-weighted,Control4C,1,0.14856477773764276,0.14790912868245462,1237660669818306648,Control4C,Lim:7158,Satellite,9.497333,0.046068906,-0.318335079846875,-0.16943301775351347,-0.14890206209336151,
FIREFLY MILES light-weighted,Control4C,1,0.14856477773764276,0.14790912868245462,1237662300841377866,Control4C,Lim:7162,Satellite,10.71367,0.035844355,0.210659559924703,0.10651454907850891,0.1041450108461941,
FIREFLY MILES light-weighted,Control4C,1,0.14856477773764276,0.14790912868245462,1237662300841378074,Control4C,Lim:7162,Satellite,10.06835,0.036125304,-0.1983087080057814,-0.03988770936470254,-0.15842099864107886,
FIREFLY MILES light-weighted,Control4C,1,0.14856477773764276,0.14790912868245462,1237662300841443759,Control4C,Lim:7162,Satellite,9.997707,0.035260137,-0.033379164418814146,-0.055914323669549515,0.02253515925073537,
FIREFLY MILES light-weighted,Control4C,1,0.14856477773764276,0.14790912868245462,1237648704594575483,Control4C,Lim:7163,Satellite,10.89773,0.044524326,0.27037041250145794,0.14827181630880912,0.12209859619264882,
FIREFLY MILES light-weighted,Control4C,1,0.14856477773764276,0.14790912868245462,1237648721249763542,Control4C,Lim:7163,Satellite,9.71757,0.043779899,-0.19377293476141427,-0.11946835806102338,-0.0743045767003909,
FIREFLY MILES light-weighted,Control4C,1,0.14856477773764276,0.14790912868245462,1237648704594575487,Control4C,Lim:7163,Satellite,9.70014,0.04546036,-0.26203736643140163,-0.12342266191750592,-0.1386147045138957,
FIREFLY MILES light-weighted,Control4C,1,0.14856477773764276,0.14790912868245462,1237661386530881736,Control4C,Lim:7183,Satellite,9.668012,0.041884801,-0.15909778063256153,-0.1307114670982899,-0.028386313534271623,
FIREFLY MILES light-weighted,Control4C,1,0.14856477773764276,0.14790912868245462,1237661386530750680,Control4C,Lim:7183,Satellite,9.787773,0.041401299,-0.06574371018214456,-0.10354156554027602,0.03779785535813146,
FIREFLY MILES light-weighted,Control4C,1,0.14856477773764276,0.14790912868245462,1237661386530816154,Control4C,Lim:7183,Satellite,9.867658,0.042020185,-0.00036000557862243517,-0.08541824003395967,0.08505823445533724,
FIREFLY MILES light-weighted,Control4C,1,0.14856477773764276,0.14790912868245462,1237651737374949472,Control4C,Lim:7184,Satellite,10.28072,0.039379105,-0.11931785883562805,0.008292182201628605,-0.12761004103725665,
FIREFLY MILES light-weighted,Control4C,1,0.14856477773764276,0.14790912868245462,1237651737374949690,Control4C,Lim:7184,Satellite,8.978126,0.039263631,-0.19377293476141427,-0.2872243110646219,0.0934513763032076,
FIREFLY MILES light-weighted,Control4C,1,0.14856477773764276,0.14790912868245462,1237651737375015062,Control4C,Lim:7184,Satellite,9.091445,0.038855181,-0.1848411427269139,-0.2615158911728993,0.0766747484459854,
FIREFLY MILES light-weighted,Control4C,1,0.14856477773764276,0.14790912868245462,1237655742946672748,Control4C,Lim:7185,Satellite,10.87846,0.039218896,0.17741355266189243,0.14390007590063875,0.033513476761253685,
FIREFLY MILES light-weighted,Control4C,1,0.14856477773764276,0.14790912868245462,1237655742946672960,Control4C,Lim:7185,Satellite,9.63916,0.039048177,-0.2217262958376311,-0.13725705372291544,-0.08446924211471565,
FIREFLY MILES light-weighted,Control4C,1,0.14856477773764276,0.14790912868245462,1237655742946673034,Control4C,Lim:7185,Satellite,9.529585,0.039579232,-0.03650924669124571,-0.16211608097902844,0.12560683428778274,
FIREFLY MILES light-weighted,Control4C,1,0.14856477773764276,0.14790912868245462,1237657630053433424,Control4C,Lim:7186,Satellite,10.55064,0.026144675,0.12222341690406424,0.0695283093927764,0.052695107511287836,
FIREFLY MILES light-weighted,Control4C,1,0.14856477773764276,0.14790912868245462,1237657776082780208,Control4C,Lim:7186,Satellite,10.27822,0.026271748,0.28108475193178795,0.007725012973790919,0.27335973895799703,
FIREFLY MILES light-weighted,Control4C,1,0.14856477773764276,0.14790912868245462,1237657630590369984,Control4C,Lim:7186,Satellite,10.09987,0.025765468,-0.1983087080057814,-0.03273683974012895,-0.16557186826565246,
FIREFLY MILES light-weighted,Control4C,1,0.14856477773764276,0.14790912868245462,1237657628439347343,Control4C,Lim:7197,Satellite,9.988159,0.030188956,-0.00036000557862243517,-0.058080456384506235,0.0577204508058838,
FIREFLY MILES light-weighted,Control4C,1,0.14856477773764276,0.14790912868245462,1237657628439347487,Control4C,Lim:7197,Satellite,9.662024,0.029561628,0.05135398835050857,-0.1320699508328057,0.1834239391833143,
FIREFLY MILES light-weighted,Control4C,1,0.14856477773764276,0.14790912868245462,1237657628439412747,Control4C,Lim:7197,Satellite,9.700765,0.029437707,-0.00036000557862243517,-0.1232808696105463,0.12292086403192386,
FIREFLY MILES light-weighted,Control4C,1,0.14856477773764276,0.14790912868245462,1237662697037103254,Control4C,Lim:7213,Satellite,10.44366,0.032332446,-0.09349240622197504,0.04525800379515853,-0.13875041001713356,
FIREFLY MILES light-weighted,Control4C,1,0.14856477773764276,0.14790912868245462,1237662697037103314,Control4C,Lim:7213,Satellite,9.497869,0.032648648,0.027623555056661857,-0.16931141667106506,0.19693497172772692,
FIREFLY MILES light-weighted,Control4C,1,0.14856477773764276,0.14790912868245462,1237664853116715184,Control4C,Lim:7213,Satellite,9.08326,0.032691526,0.056455848346987726,-0.26337280322483925,0.319828651571827,
FIREFLY MILES light-weighted,Control4C,1,0.14856477773764276,0.14790912868245462,1237659327099896083,Control4C,Lim:7219,Satellite,9.935945,0.042994393,0.09756027280667182,-0.0699261260094268,0.16748639881609861,
FIREFLY MILES light-weighted,Control4C,1,0.14856477773764276,0.14790912868245462,1237659327099896158,Control4C,Lim:7219,Satellite,10.38403,0.043671062,-0.08638724073305099,0.031729883372780876,-0.11811712410583186,
FIREFLY MILES light-weighted,Control4C,1,0.14856477773764276,0.14790912868245462,1237655463784284387,Control4C,Lim:7219,Satellite,9.9679,0.043032223,0.0383308008134032,-0.06267656893920921,0.1010073697526124,
FIREFLY MILES light-weighted,Control4C,1,0.14856477773764276,0.14790912868245462,1237667550342217757,Control4C,Lim:7220,Satellite,10.0337,0.04408003,0.027623555056661857,-0.04774867486252907,0.07537222991919093,
FIREFLY MILES light-weighted,Control4C,1,0.14856477773764276,0.14790912868245462,1237667550342152307,Control4C,Lim:7220,Satellite,9.238325,0.043841418,-0.4590854354774995,-0.22819356469899674,-0.2308918707785028,
FIREFLY MILES light-weighted,Control4C,1,0.14856477773764276,0.14790912868245462,1237667550342217758,Control4C,Lim:7220,Satellite,9.513812,0.044513254,-0.00036000557862243517,-0.1656944650713004,0.16533445949267797,
FIREFLY MILES light-weighted,Control4C,1,0.14856477773764276,0.14790912868245462,1237657629513810033,Control4C,Lim:7224,Satellite,11.15879,0.041942095,0.19619691789081167,0.20749789575650152,-0.011300977865689843,
FIREFLY MILES light-weighted,Control4C,1,0.14856477773764276,0.14790912868245462,1237657629513810174,Control4C,Lim:7224,Satellite,10.20837,0.041671914,-0.1983087080057814,-0.00812169525198568,-0.19018701275379574,
FIREFLY MILES light-weighted,Control4C,1,0.14856477773764276,0.14790912868245462,1237657775006351385,Control4C,Lim:7224,Satellite,9.402662,0.042136775,-1.0233458920722236,-0.1909108089409511,-0.8324350831312725,
FIREFLY MILES light-weighted,Control4C,1,0.14856477773764276,0.14790912868245462,1237665180057993364,Control4C,Lim:7233,Satellite,9.914527,0.035510888,-0.17608941330805536,-0.07478517821815547,-0.10130423508989989,
FIREFLY MILES light-weighted,Control4C,1,0.14856477773764276,0.14790912868245462,1237665330937266334,Control4C,Lim:7233,Satellite,9.716331,0.035498085,-0.1892840439319302,-0.11974944713033958,-0.06953459680159063,
FIREFLY MILES light-weighted,Control4C,1,0.14856477773764276,0.14790912868245462,1237665180058058906,Control4C,Lim:7233,Satellite,9.507473,0.03521735,-0.1387524855065975,-0.16713257936540502,0.02838009385880752,
FIREFLY MILES light-weighted,Control4C,1,0.14856477773764276,0.14790912868245462,1237664818753896585,Control4C,Lim:7240,Satellite,9.936934,0.041578387,0.01664564199347177,-0.0697017538628942,0.08634739585636597,
FIREFLY MILES light-weighted,Control4C,1,0.14856477773764276,0.14790912868245462,1237664818753896557,Control4C,Lim:7240,Satellite,10.12844,0.041196938,-0.00036000557862243517,-0.026255229804403132,0.025895224225780698,
FIREFLY MILES light-weighted,Control4C,1,0.14856477773764276,0.14790912868245462,1237664818753896597,Control4C,Lim:7240,Satellite,9.801664,0.041759499,-0.06574371018214456,-0.1003901464427201,0.034646436260575536,
FIREFLY MILES light-weighted,Control4C,1,0.14856477773764276,0.14790912868245462,1237668332571787353,Control4C,Lim:7241,Satellite,10.76546,0.03434886,0.13510815202267923,0.11826402680238812,0.016844125220291106,
FIREFLY MILES light-weighted,Control4C,1,0.14856477773764276,0.14790912868245462,1237668332571787671,Control4C,Lim:7241,Satellite,9.489694,0.03469859,-0.2217262958376311,-0.17116606004609325,-0.050560235791537844,
FIREFLY MILES light-weighted,Control4C,1,0.14856477773764276,0.14790912868245462,1237668332571656316,Control4C,Lim:7241,Satellite,9.44793,0.034508576,-0.2727281867109631,-0.18064096229865378,-0.09208722441230932,
FIREFLY MILES light-weighted,Control4C,1,0.14856477773764276,0.14790912868245462,1237665330933989474,Control4C,Lim:7256,Satellite,10.71691,0.044014033,0.09756027280667182,0.10724960039778617,-0.00968932759111435,
FIREFLY MILES light-weighted,Control4C,1,0.14856477773764276,0.14790912868245462,1237665227313315992,Control4C,Lim:7256,Satellite,10.44737,0.043854954,-0.17177874325082548,0.04609968292926919,-0.21787842618009468,
FIREFLY MILES light-weighted,Control4C,1,0.14856477773764276,0.14790912868245462,1237665330933989419,Control4C,Lim:7256,Satellite,9.573429,0.043363635,-1.6652260747183694,-0.15216929392890732,-1.5130567807894622,
FIREFLY MILES light-weighted,Control4C,1,0.14856477773764276,0.14790912868245462,1237660961866776723,Control4C,Lim:7264,Satellite,9.664832,0.02597673,-0.28368883398995764,-0.13143290635609878,-0.15225592763385887,
FIREFLY MILES light-weighted,Control4C,1,0.14856477773764276,0.14790912868245462,1237660961866580160,Control4C,Lim:7264,Satellite,9.313786,0.026229677,-0.2949332821142268,-0.2110739018582615,-0.08385938025596532,
FIREFLY MILES light-weighted,Control4C,1,0.14856477773764276,0.14790912868245462,1237660764842164280,Control4C,Lim:7264,Satellite,9.443384,0.025353501,-0.1892840439319302,-0.1816723028225532,-0.007611741109377013,
FIREFLY MILES light-weighted,Control4C,1,0.14856477773764276,0.14790912868245462,1237657629511712801,Control4C,Lim:7269,Satellite,10.58615,0.043202816,-0.13087399102014557,0.07758438110497887,-0.20845837212512444,
FIREFLY MILES light-weighted,Control4C,1,0.14856477773764276,0.14790912868245462,1237657629511713101,Control4C,Lim:7269,Satellite,10.56518,0.041904856,0.09986115685840526,0.07282696562187876,0.027034191236526492,
FIREFLY MILES light-weighted,Control4C,1,0.14856477773764276,0.14790912868245462,1237657775541190877,Control4C,Lim:7269,Satellite,9.550306,0.042176889,-0.20289228400804113,-0.15741515555102095,-0.04547712845702018,
FIREFLY MILES light-weighted,Control4C,1,0.14856477773764276,0.14790912868245462,1237665367967989860,Control4C,Lim:7271,Satellite,9.837792,0.032677269,0.07385466443403327,-0.09219387049739639,0.16604853493142965,
FIREFLY MILES light-weighted,Control4C,1,0.14856477773764276,0.14790912868245462,1237665367968055323,Control4C,Lim:7271,Satellite,9.495412,0.032349087,-0.08638724073305099,-0.16986883058818358,0.0834815898551326,
FIREFLY MILES light-weighted,Control4C,1,0.14856477773764276,0.14790912868245462,1237664337175707794,Control4C,Lim:7274,Satellite,10.46791,0.029311214,0.09756027280667182,0.05075954530518134,0.046800727501490474,
FIREFLY MILES light-weighted,Control4C,1,0.14856477773764276,0.14790912868245462,1237664818208047228,Control4C,Lim:7274,Satellite,10.30449,0.029362364,0.09986115685840526,0.013684827219906333,0.08617632963849892,
FIREFLY MILES light-weighted,Control4C,1,0.14856477773764276,0.14790912868245462,1237668332027117605,Control4C,Lim:7297,Satellite,10.36236,0.04208127,0.210659559924703,0.02681366050588666,0.18384589941881635,
FIREFLY MILES light-weighted,Control4C,1,0.14856477773764276,0.14790912868245462,1237668349211050186,Control4C,Lim:7297,Satellite,9.331013,0.041937418,-0.021079757759797816,-0.2071656521430795,0.18608589438328169,
FIREFLY MILES light-weighted,Control4C,1,0.14856477773764276,0.14790912868245462,1237668332027183316,Control4C,Lim:7297,Satellite,9.452198,0.042462975,-0.42704955844442327,-0.17967269099288985,-0.24737686745153342,
FIREFLY MILES light-weighted,Control4C,1,0.14856477773764276,0.14790912868245462,1237662199359013245,Control4C,Lim:7300,Satellite,10.19143,0.034736319,0.1496728826525962,-0.011964833939811861,0.16163771659240805,
FIREFLY MILES light-weighted,Control4C,1,0.14856477773764276,0.14790912868245462,1237661949737828733,Control4C,Lim:7300,Satellite,9.693367,0.035884503,-0.1983087080057814,-0.12495923678956278,-0.07334947121621863,
FIREFLY MILES light-weighted,Control4C,1,0.14856477773764276,0.14790912868245462,1237662199359078682,Control4C,Lim:7300,Satellite,9.430074,0.034874972,-0.19377293476141427,-0.18469191179155964,-0.009081022969854635,
FIREFLY MILES light-weighted,Control4C,1,0.14856477773764276,0.14790912868245462,1237648722289623248,Control4C,Lim:7327,Satellite,10.17868,0.036304703,0.1393198083248698,-0.014857397001782693,0.15417720532665247,
FIREFLY MILES light-weighted,Control4C,1,0.14856477773764276,0.14790912868245462,1237648722289557692,Control4C,Lim:7327,Satellite,10.14206,0.037491948,0.0383308008134032,-0.0231652918511447,0.0614960926645479,
FIREFLY MILES light-weighted,Control4C,1,0.14856477773764276,0.14790912868245462,1237648722289623239,Control4C,Lim:7327,Satellite,9.420765,0.038590117,-0.033379164418814146,-0.18680382312833496,0.15342465870952082,
FIREFLY MILES light-weighted,Control4C,1,0.14856477773764276,0.14790912868245462,1237668292832854039,Control4C,Lim:7336,Satellite,10.58033,0.042538391,-0.03650924669124571,0.07626401114257343,-0.11277325783381914,
FIREFLY MILES light-weighted,Control4C,1,0.14856477773764276,0.14790912868245462,1237668292832854137,Control4C,Lim:7336,Satellite,9.391256,0.042254855,-0.11931785883562805,-0.19349846182603628,0.07418060299040823,
FIREFLY MILES light-weighted,Control4C,1,0.14856477773764276,0.14790912868245462,1237661974405906560,Control4C,Lim:7339,Satellite,10.55726,0.024551621,0.210659559924703,0.0710301735080898,0.1396293864166132,
FIREFLY MILES light-weighted,Control4C,1,0.14856477773764276,0.14790912868245462,1237661970654888086,Control4C,Lim:7339,Satellite,10.28277,0.025129961,0.005382592656735859,0.008757260968454993,-0.003374668311719134,
FIREFLY MILES light-weighted,Control4C,1,0.14856477773764276,0.14790912868245462,1237667254546661638,Control4C,Lim:7340,Satellite,10.18538,0.030125762,-0.10437295273032035,-0.013337383471178396,-0.09103556925914195,
FIREFLY MILES light-weighted,Control4C,1,0.14856477773764276,0.14790912868245462,1237667212134055972,Control4C,Lim:7340,Satellite,10.17247,0.030171249,0.005382592656735859,-0.016266245363730655,0.021648838020466514,
FIREFLY MILES light-weighted,Control4C,1,0.14856477773764276,0.14790912868245462,1237667254546661738,Control4C,Lim:7340,Satellite,9.64487,0.030706725,-0.059074962477950764,-0.13596163920653512,0.07688667672858435,
FIREFLY MILES light-weighted,Control4C,1,0.14856477773764276,0.14790912868245462,1237662268074492193,Control4C,Lim:7359,Satellite,9.719339,0.032673103,0.11341619989012074,-0.11906702911540576,0.23248322900552648,
FIREFLY MILES light-weighted,Control4C,1,0.14856477773764276,0.14790912868245462,1237655744020545738,Control4C,Lim:7359,Satellite,9.36869,0.033924471,-0.21694068641837377,-0.19861795814418762,-0.018322728274186156,
FIREFLY MILES light-weighted,Control4C,1,0.14856477773764276,0.14790912868245462,1237662268074426602,Control4C,Lim:7359,Satellite,9.358059,0.033536446,-0.11553311404874676,-0.20102978856864337,0.0854966745198966,
FIREFLY MILES light-weighted,Control4C,1,0.14856477773764276,0.14790912868245462,1237662198823911677,Control4C,Lim:7367,Satellite,9.966968,0.038575841,-0.08638724073305099,-0.06288800962734713,-0.023499231105703858,
FIREFLY MILES light-weighted,Control4C,1,0.14856477773764276,0.14790912868245462,1237662198823846384,Control4C,Lim:7367,Satellite,9.713241,0.037659451,-0.2949332821142268,-0.12045046829594666,-0.17448281381828015,
FIREFLY MILES light-weighted,Control4C,1,0.14856477773764276,0.14790912868245462,1237662198823911735,Control4C,Lim:7367,Satellite,9.667496,0.038107451,-0.49367413410927985,-0.1308285308269154,-0.3628456032823645,
FIREFLY MILES light-weighted,Control4C,1,0.14856477773764276,0.14790912868245462,1237668272980558058,Control4C,Lim:7372,Satellite,10.75337,0.040167249,0.12003830018504674,0.11552119641656673,0.00451710376848001,
FIREFLY MILES light-weighted,Control4C,1,0.14856477773764276,0.14790912868245462,1237668298756522275,Control4C,Lim:7372,Satellite,10.2074,0.039756289,-0.1549517826247632,-0.008341756912386727,-0.14661002571237647,
FIREFLY MILES light-weighted,Control4C,1,0.14856477773764276,0.14790912868245462,1237668272980426893,Control4C,Lim:7372,Satellite,9.303688,0.04004017,-0.4590854354774995,-0.21336481180334252,-0.245720623674157,
FIREFLY MILES light-weighted,Control4C,1,0.14856477773764276,0.14790912868245462,1237658918530056413,Control4C,Lim:7386,Satellite,10.31571,0.035229863,0.0383308008134032,0.01623028271444052,0.022100518098962678,
FIREFLY MILES light-weighted,Control4C,1,0.14856477773764276,0.14790912868245462,1237658803111854218,Control4C,Lim:7386,Satellite,10.19962,0.034315834,-0.03650924669124571,-0.010106787549416782,-0.026402459141828927,
FIREFLY MILES light-weighted,Control4C,1,0.14856477773764276,0.14790912868245462,1237658918530056399,Control4C,Lim:7386,Satellite,9.779221,0.034664783,0.17548977917257252,-0.10548173803486216,0.2809715172074347,
FIREFLY MILES light-weighted,Control4C,1,0.14856477773764276,0.14790912868245462,1237655128235049080,Control4C,Lim:7407,Satellite,10.41593,0.031328493,-0.2892746251283065,0.03896696271998612,-0.3282415878482926,
FIREFLY MILES light-weighted,Control4C,1,0.14856477773764276,0.14790912868245462,1237655473436295765,Control4C,Lim:7407,Satellite,9.871582,0.031076734,-0.030271526760011918,-0.08452801121394618,0.05425648445393426,
FIREFLY MILES light-weighted,Control4C,1,0.14856477773764276,0.14790912868245462,1237655473436361135,Control4C,Lim:7407,Satellite,9.895964,0.030689742,-0.1231358190374761,-0.0789965231686938,-0.044139295868782305,
FIREFLY MILES light-weighted,Control4C,1,0.14856477773764276,0.14790912868245462,1237654399689621625,Control4C,Lim:7422,Satellite,10.15608,0.044976252,-0.10437295273032035,-0.01998460682143291,-0.08438834590888744,
FIREFLY MILES light-weighted,Control4C,1,0.14856477773764276,0.14790912868245462,1237654399689556113,Control4C,Lim:7422,Satellite,9.82636,0.043971521,-0.35598675464406754,-0.09478742194245146,-0.2611993327016161,
FIREFLY MILES light-weighted,Control4C,1,0.14856477773764276,0.14790912868245462,1237651250958696543,Control4C,Lim:7422,Satellite,9.881517,0.044343138,-0.07594282963262874,-0.08227408070252026,0.006331251069891519,
FIREFLY MILES light-weighted,Control4C,1,0.14856477773764276,0.14790912868245462,1237665331462668473,Control4C,Lim:7425,Satellite,9.62011,0.023154807,-0.21220723669545014,-0.14157888323903642,-0.07062835345641372,
FIREFLY MILES light-weighted,Control4C,1,0.14856477773764276,0.14790912868245462,1237665331462602904,Control4C,Lim:7425,Satellite,9.538443,0.022934143,-0.11931785883562805,-0.16010648697095536,0.04078862813532731,
FIREFLY MILES light-weighted,Control4C,1,0.14856477773764276,0.14790912868245462,1237665228378931266,Control4C,Lim:7425,Satellite,9.307146,0.023675014,-0.26734992123701173,-0.21258030332739777,-0.05476961790961396,
FIREFLY MILES light-weighted,Control4C,1,0.14856477773764276,0.14790912868245462,1237654953207267630,Control4C,Lim:7436,Satellite,9.376874,0.034858313,-0.5724046818462873,-0.1967612729599391,-0.3756434088863483,
FIREFLY MILES light-weighted,Control4C,1,0.14856477773764276,0.14790912868245462,1237654953207333212,Control4C,Lim:7436,Satellite,9.998996,0.034507718,-0.027185968217908463,-0.05562189121567658,0.028435922997768117,
FIREFLY MILES light-weighted,Control4C,1,0.14856477773764276,0.14790912868245462,1237671935505138058,Control4C,Lim:7436,Satellite,9.145617,0.035468727,-0.3367530128963952,-0.24922601460873647,-0.08752699828765872,
FIREFLY MILES light-weighted,Control4C,1,0.14856477773764276,0.14790912868245462,1237667736653594755,Control4C,Lim:7455,Satellite,10.93775,0.02300924,0.210659559924703,0.15735106130803017,0.053308498616672834,
FIREFLY MILES light-weighted,Control4C,1,0.14856477773764276,0.14790912868245462,1237667910053658868,Control4C,Lim:7455,Satellite,9.609139,0.023018821,-0.08287775240623109,-0.14406784867847797,0.06119009627224688,
FIREFLY MILES light-weighted,Control4C,1,0.14856477773764276,0.14790912868245462,1237654605329137953,Control4C,Lim:9394,Satellite,9.882125,0.041227851,-0.11931785883562805,-0.08213614514631026,-0.03718171368931779,
FIREFLY MILES light-weighted,Control4C,1,0.14856477773764276,0.14790912868245462,1237654605329137931,Control4C,Lim:9394,Satellite,10.06368,0.041617887,0.12003830018504674,-0.04094718148230299,0.16098548166734972,
FIREFLY MILES light-weighted,Control4C,1,0.14856477773764276,0.14790912868245462,1237654605329072383,Control4C,Lim:9394,Satellite,9.853103,0.042574277,0.17548977917257252,-0.08872029927842892,0.2642100784510014,
FIREFLY MILES light-weighted,Control4C,1,0.14856477773764276,0.14790912868245462,1237665179521187909,Control4C,Lim:9578,Satellite,10.90285,0.042812289,0.12003830018504674,0.14943337888742045,-0.029395078702373706,
FIREFLY MILES light-weighted,Control4C,1,0.14856477773764276,0.14790912868245462,1237665179521056969,Control4C,Lim:9578,Satellite,9.945629,0.042971623,-0.1117810674162761,-0.06772913928847585,-0.04405192812780025,
FIREFLY MILES light-weighted,Control4C,1,0.14856477773764276,0.14790912868245462,1237665179521187864,Control4C,Lim:9578,Satellite,10.08385,0.044154399,-0.16328380351680608,-0.03637126015211081,-0.12691254336469526,
FIREFLY MILES light-weighted,Control4C,1,0.14856477773764276,0.14790912868245462,1237648720171696336,Control4C,Lim:9765,Satellite,10.93987,0.038624485,0.12003830018504674,0.15783202081323663,-0.03779372062818989,
FIREFLY MILES light-weighted,Control4C,1,0.14856477773764276,0.14790912868245462,1237674603216699610,Control4C,Lim:9765,Satellite,10.21569,0.038886365,0.09756027280667182,-0.006461023752877784,0.1040212965595496,
FIREFLY MILES light-weighted,Control4C,1,0.14856477773764276,0.14790912868245462,1237674603216634080,Control4C,Lim:9765,Satellite,9.557896,0.040459039,-0.012078550350336925,-0.15569322977530692,0.14361467942497,
FIREFLY MILES light-weighted,Control4C,1,0.14856477773764276,0.14790912868245462,1237665355083940130,Control4C,Lim:9774,Satellite,9.997058,0.033167829,-0.18044323321980837,-0.056061560801095936,-0.12438167241871244,
FIREFLY MILES light-weighted,Control4C,1,0.14856477773764276,0.14790912868245462,1237659162813858137,Control4C,Lim:9774,Satellite,10.2711,0.033020233,-0.26203736643140163,0.006109715012910313,-0.26814708144431193,
FIREFLY MILES light-weighted,Control4C,1,0.14856477773764276,0.14790912868245462,1237665355084005737,Control4C,Lim:9774,Satellite,9.82069,0.033495846,0.005382592656735859,-0.09607376175118632,0.10145635440792217,
FIREFLY MILES light-weighted,Control4C,1,0.14856477773764276,0.14790912868245462,1237661417673851010,Control4C,Lim:9790,Satellite,10.82481,0.040181579,-0.00036000557862243517,0.13172862427124796,-0.13208862984987038,
FIREFLY MILES light-weighted,Control4C,1,0.14856477773764276,0.14790912868245462,1237661387602919620,Control4C,Lim:9790,Satellite,10.36785,0.040506853,-0.07594282963262874,0.02805916413021758,-0.10400199376284633,
FIREFLY MILES light-weighted,Control4C,1,0.14856477773764276,0.14790912868245462,1237661387602985091,Control4C,Lim:9790,Satellite,9.704643,0.040596135,0.0409668678813979,-0.12240107670432487,0.1633679445857228,
FIREFLY MILES light-weighted,Control4C,1,0.14856477773764276,0.14790912868245462,1237658205578723439,Control4C,Lim:9833,Satellite,10.46667,0.042163588,-0.05250706908668513,0.050478229368174164,-0.10298529845485929,
FIREFLY MILES light-weighted,Control4C,1,0.14856477773764276,0.14790912868245462,1237658205578657877,Control4C,Lim:9833,Satellite,10.44815,0.041586285,-0.05250706908668513,0.046276639728354614,-0.09878370881503974,
FIREFLY MILES light-weighted,Control4C,1,0.14856477773764276,0.14790912868245462,1237658614126346384,Control4C,Lim:9833,Satellite,9.713471,0.0419995,-0.42704955844442327,-0.1203982887269856,-0.30665126971743767,
FIREFLY MILES light-weighted,Control4C,1,0.14856477773764276,0.14790912868245462,1237665015240523906,Control4C,Lim:9869,Satellite,10.11195,0.044000781,-0.1508449289923749,-0.029996278031218418,-0.12084865096115648,
FIREFLY MILES light-weighted,Control4C,1,0.14856477773764276,0.14790912868245462,1237665015240589399,Control4C,Lim:9869,Satellite,10.08337,0.044578498,0.008226176896798528,-0.036480156643855496,0.04470633354065402,
FIREFLY MILES light-weighted,Control4C,1,0.14856477773764276,0.14790912868245462,1237665015240589418,Control4C,Lim:9869,Satellite,9.967389,0.043897967,0.09756027280667182,-0.06279249832937905,0.16035277113605087,
FIREFLY MILES light-weighted,Control4C,1,0.14856477773764276,0.14790912868245462,1237651752415920197,Control4C,Lim:9995,Satellite,10.23991,0.026457409,-0.00036000557862243517,-0.0009662882735891609,0.0006062826949667257,
FIREFLY MILES light-weighted,Control4C,1,0.14856477773764276,0.14790912868245462,1237651752415789223,Control4C,Lim:9995,Satellite,9.581052,0.026964991,-0.1387524855065975,-0.15043988151938578,0.011687396012788287,
FIREFLY MILES light-weighted,Control4C,1,0.14856477773764276,0.14790912868245462,1237651752415854874,Control4C,Lim:9995,Satellite,9.421911,0.026563053,-0.36259213370622323,-0.18654383275429423,-0.176048300951929,
FIREFLY MILES light-weighted,Control4C,1,0.14856477773764276,0.14790912868245462,1237665329311580293,Control4C,Lim:10027,Satellite,10.2354,0.043735952,-0.2949332821142268,-0.0019894615606077734,-0.29294382055361906,
FIREFLY MILES light-weighted,Control4C,1,0.14856477773764276,0.14790912868245462,1237665329311514810,Control4C,Lim:10027,Satellite,9.588666,0.043699824,-0.2217262958376311,-0.14871251091908416,-0.07301378491854693,
FIREFLY MILES light-weighted,Control4C,1,0.14856477773764276,0.14790912868245462,1237665329311580311,Control4C,Lim:10027,Satellite,9.422273,0.043848067,-0.5120595574153525,-0.18646170665010317,-0.3255978507652493,
FIREFLY MILES light-weighted,Control4C,1,0.14856477773764276,0.14790912868245462,1237667551956435111,Control4C,Lim:10074,Satellite,10.93884,0.044444358,0.1287135660717291,0.1575983470913676,-0.02888478101963851,
FIREFLY MILES light-weighted,Control4C,1,0.14856477773764276,0.14790912868245462,1237667912733294659,Control4C,Lim:10074,Satellite,10.35009,0.044980631,-0.1549517826247632,0.024029993935660514,-0.17898177656042372,
FIREFLY MILES light-weighted,Control4C,1,0.14856477773764276,0.14790912868245462,1237667912733294684,Control4C,Lim:10074,Satellite,10.44291,0.044693826,-0.05250706908668513,0.0450878530268073,-0.09759492211349242,
FIREFLY MILES light-weighted,Control4C,1,0.14856477773764276,0.14790912868245462,1237654880741294238,Control4C,Lim:10120,Satellite,10.80756,0.044559608,-0.0691168562521512,0.1278151565991702,-0.1969320128513214,
FIREFLY MILES light-weighted,Control4C,1,0.14856477773764276,0.14790912868245462,1237654880741294303,Control4C,Lim:10120,Satellite,10.60062,0.044846471,0.056455848346987726,0.08086715659570157,-0.02441130824871384,
FIREFLY MILES light-weighted,Control4C,1,0.14856477773764276,0.14790912868245462,1237654880741294218,Control4C,Lim:10120,Satellite,9.74244,0.044570669,-0.3367530128963952,-0.11382615858249698,-0.22292685431389822,
FIREFLY MILES light-weighted,Control4C,1,0.14856477773764276,0.14790912868245462,1237648705667137570,Control4C,Lim:10121,Satellite,10.70381,0.034187089,0.3003078152646575,0.10427763364391827,0.1960301816207392,
FIREFLY MILES light-weighted,Control4C,1,0.14856477773764276,0.14790912868245462,1237651735237951685,Control4C,Lim:10121,Satellite,10.29237,0.034551293,0.008226176896798528,0.010935190803350758,-0.0027090139065522306,
FIREFLY MILES light-weighted,Control4C,1,0.14856477773764276,0.14790912868245462,1237648705667072024,Control4C,Lim:10121,Satellite,9.578831,0.034102383,-0.17177874325082548,-0.15094375466139665,-0.020834988589428838,
FIREFLY MILES light-weighted,Control4C,1,0.14856477773764276,0.14790912868245462,1237657629512827188,Control4C,Lim:10163,Satellite,9.877542,0.029625753,0.008226176896798528,-0.08317587977478183,0.09140205667158036,
FIREFLY MILES light-weighted,Control4C,1,0.14856477773764276,0.14790912868245462,1237657629512892647,Control4C,Lim:10163,Satellite,10.19333,0.028623613,-0.04603702487435677,-0.011533785326655638,-0.03450323954770113,
FIREFLY MILES light-weighted,Control4C,1,0.14856477773764276,0.14790912868245462,1237657629512827171,Control4C,Lim:10163,Satellite,10.07846,0.029281226,-0.09708903351335806,-0.037594077007328294,-0.05949495650602976,
FIREFLY MILES light-weighted,Control4C,1,0.14856477773764276,0.14790912868245462,1237659330848292959,Control4C,Lim:10218,Satellite,10.70973,0.041282321,0.07385466443403327,0.10562069037543717,-0.0317660259414039,
FIREFLY MILES light-weighted,Control4C,1,0.14856477773764276,0.14790912868245462,1237659326562304351,Control4C,Lim:10218,Satellite,10.46145,0.040651323,0.1455612218657134,0.04929398002044938,0.09626724184526403,
FIREFLY MILES light-weighted,Control4C,1,0.14856477773764276,0.14790912868245462,1237659326562304335,Control4C,Lim:10218,Satellite,10.19507,0.042589883,0.03567863566659506,-0.011139035544080855,0.04681767121067591,
FIREFLY MILES light-weighted,Control4C,1,0.14856477773764276,0.14790912868245462,1237661387619172464,Control4C,Lim:10236,Satellite,11.13752,0.031222338,0.210659559924703,0.20267241996606106,0.007987139958641948,
FIREFLY MILES light-weighted,Control4C,1,0.14856477773764276,0.14790912868245462,1237661387619238463,Control4C,Lim:10236,Satellite,9.961979,0.030650534,-0.1231358190374761,-0.06401985253841946,-0.059115966499056635,
FIREFLY MILES light-weighted,Control4C,1,0.14856477773764276,0.14790912868245462,1237661387619172794,Control4C,Lim:10236,Satellite,9.542334,0.031686118,-0.41187625867480615,-0.15922374478474896,-0.25265251389005716,
FIREFLY MILES light-weighted,Control4C,1,0.14856477773764276,0.14790912868245462,1237674648847450346,Control4C,Lim:10247,Satellite,10.62606,0.039322997,0.11341619989012074,0.08663867065817525,0.026777529231945485,
FIREFLY MILES light-weighted,Control4C,1,0.14856477773764276,0.14790912868245462,1237648720149479679,Control4C,Lim:10247,Satellite,10.24305,0.03852537,-0.11553311404874676,-0.00025392372342535746,-0.11527919032532141,
FIREFLY MILES light-weighted,Control4C,1,0.14856477773764276,0.14790912868245462,1237674649384386795,Control4C,Lim:10247,Satellite,9.395709,0.039786105,-0.24141432925928877,-0.1924882199974123,-0.04892610926187646,
FIREFLY MILES light-weighted,Control4C,1,0.14856477773764276,0.14790912868245462,1237662499475489129,Control4C,Lim:10324,Satellite,10.83594,0.036001524,0.0383308008134032,0.13425366167358038,-0.09592286086017718,
FIREFLY MILES light-weighted,Control4C,1,0.14856477773764276,0.14790912868245462,1237662301913546775,Control4C,Lim:10324,Satellite,10.70464,0.035755407,0.011050416782760416,0.10446593382756,-0.09341551704479958,
FIREFLY MILES light-weighted,Control4C,1,0.14856477773764276,0.14790912868245462,1237662301376872719,Control4C,Lim:10324,Satellite,9.127062,0.035601728,-0.1848411427269139,-0.2534355446177454,0.06859440189083152,
FIREFLY MILES light-weighted,Control4C,1,0.14856477773764276,0.14790912868245462,1237661353244557433,Control4C,Lim:10423,Satellite,10.59821,0.044512519,0.17355744610585364,0.08032040546006647,0.09323704064578717,
FIREFLY MILES light-weighted,Control4C,1,0.14856477773764276,0.14790912868245462,1237657612341543027,Control4C,Lim:10423,Satellite,10.22487,0.044056716,0.056455848346987726,-0.004378378348259125,0.06083422669524685,
FIREFLY MILES light-weighted,Control4C,1,0.14856477773764276,0.14790912868245462,1237661353244557397,Control4C,Lim:10423,Satellite,9.879648,0.044126887,-0.41187625867480615,-0.08269809641725173,-0.3291781622575544,
FIREFLY MILES light-weighted,Control4C,1,0.14856477773764276,0.14790912868245462,1237668289621197082,Control4C,Lim:10427,Satellite,9.607869,0.042939706,-0.792455300926452,-0.14435597064621933,-0.6480993302802327,
FIREFLY MILES light-weighted,Control4C,1,0.14856477773764276,0.14790912868245462,1237670965392703635,Control4C,Lim:10427,Satellite,9.878436,0.042978686,0.011050416782760416,-0.08297306005890703,0.09402347684166745,
FIREFLY MILES light-weighted,Control4C,1,0.14856477773764276,0.14790912868245462,1237668289621197071,Control4C,Lim:10427,Satellite,9.316831,0.042836767,-0.3006665564381726,-0.2103830897387555,-0.09028346669941709,
FIREFLY MILES light-weighted,Control4C,1,0.14856477773764276,0.14790912868245462,1237658313478045858,Control4C,Lim:10458,Satellite,10.24989,0.044245405,0.11118620289364924,0.001297851283937855,0.10988835160971139,
FIREFLY MILES light-weighted,Control4C,1,0.14856477773764276,0.14790912868245462,1237658608219848803,Control4C,Lim:10458,Satellite,10.42566,0.043567653,0.210659559924703,0.04117438535472952,0.16948517456997347,
FIREFLY MILES light-weighted,Control4C,1,0.14856477773764276,0.14790912868245462,1237658608219848869,Control4C,Lim:10458,Satellite,10.35497,0.044199001,-0.2949332821142268,0.025137108268399114,-0.3200703903826259,
FIREFLY MILES light-weighted,Control4C,1,0.14856477773764276,0.14790912868245462,1237668310021898820,Control4C,Lim:10485,Satellite,9.670843,0.034397708,-0.1848411427269139,-0.13006920466468674,-0.05477193806222716,
FIREFLY MILES light-weighted,Control4C,1,0.14856477773764276,0.14790912868245462,1237668349760372834,Control4C,Lim:10485,Satellite,9.557149,0.034209244,-0.5312578479388469,-0.15586269994058446,-0.37539514799826246,
FIREFLY MILES light-weighted,Control4C,1,0.14856477773764276,0.14790912868245462,1237662223535374354,Control4C,Lim:10497,Satellite,10.98957,0.045384053,0.210659559924703,0.169107345062644,0.04155221486205901,
FIREFLY MILES light-weighted,Control4C,1,0.14856477773764276,0.14790912868245462,1237664293684445268,Control4C,Lim:10497,Satellite,10.17756,0.045515392,0.07870072299485384,-0.015111488815853905,0.09381221181070774,
FIREFLY MILES light-weighted,Control4C,1,0.14856477773764276,0.14790912868245462,1237664846121730104,Control4C,Lim:10497,Satellite,9.793362,0.045238933,0.15576829454635008,-0.10227360201452262,0.25804189656087273,
FIREFLY MILES light-weighted,Control4C,1,0.14856477773764276,0.14790912868245462,1237651538187452545,Control4C,Lim:10506,Satellite,10.14442,0.043709737,-0.13087399102014557,-0.02262988410006632,-0.10824410692007926,
FIREFLY MILES light-weighted,Control4C,1,0.14856477773764276,0.14790912868245462,1237651538187518173,Control4C,Lim:10506,Satellite,10.29814,0.043987044,-0.00036000557862243517,0.012244217381199483,-0.012604222959821918,
FIREFLY MILES light-weighted,Control4C,1,0.14856477773764276,0.14790912868245462,1237654948913348733,Control4C,Lim:10506,Satellite,10.28667,0.043512489,0.09756027280667182,0.009642044963881685,0.08791822784279013,
FIREFLY MILES light-weighted,Control4C,1,0.14856477773764276,0.14790912868245462,1237671123220103629,Control4C,Lim:10574,Satellite,10.88957,0.045081028,-0.059074962477950764,0.1464205759491482,-0.20549553842709897,
FIREFLY MILES light-weighted,Control4C,1,0.14856477773764276,0.14790912868245462,1237671123220168924,Control4C,Lim:10574,Satellite,10.28066,0.044867577,0.09986115685840526,0.008278570140160216,0.09158258671824504,
FIREFLY MILES light-weighted,Control4C,1,0.14856477773764276,0.14790912868245462,1237671260122055017,Control4C,Lim:10574,Satellite,9.762287,0.045259793,0.008226176896798528,-0.10932351551654135,0.11754969241333987,
FIREFLY MILES light-weighted,Control4C,1,0.14856477773764276,0.14790912868245462,1237667910049529919,Control4C,Lim:10581,Satellite,9.68699,0.033999697,-0.14677660869441173,-0.12640597205593052,-0.02037063663848121,
FIREFLY MILES light-weighted,Control4C,1,0.14856477773764276,0.14790912868245462,1237667910586335349,Control4C,Lim:10581,Satellite,9.480914,0.033694476,-0.1549517826247632,-0.17315795837425813,0.01820617574949493,
FIREFLY MILES light-weighted,Control4C,1,0.14856477773764276,0.14790912868245462,1237667910049464459,Control4C,Lim:10581,Satellite,9.501868,0.033267863,-0.1848411427269139,-0.1684041727742163,-0.01643696995269761,
FIREFLY MILES light-weighted,Control4C,1,0.14856477773764276,0.14790912868245462,1237658425163841661,Control4C,Lim:10610,Satellite,10.96078,0.037305525,0.1597848874207296,0.16257582423486838,-0.002790936814138778,
FIREFLY MILES light-weighted,Control4C,1,0.14856477773764276,0.14790912868245462,1237658425163776192,Control4C,Lim:10610,Satellite,10.375,0.036823358,-0.059074962477950764,0.02968126812183238,-0.08875623059978315,
FIREFLY MILES light-weighted,Control4C,1,0.14856477773764276,0.14790912868245462,1237658425163841691,Control4C,Lim:10610,Satellite,9.774452,0.037794409,0.056455848346987726,-0.1065636700538847,0.16301951840087242,
FIREFLY MILES light-weighted,Control4C,1,0.14856477773764276,0.14790912868245462,1237654031401812159,Control4C,Lim:10657,Satellite,10.43668,0.040251201,-0.021079757759797816,0.043674467311036816,-0.06475422507083463,
FIREFLY MILES light-weighted,Control4C,1,0.14856477773764276,0.14790912868245462,1237655123929268365,Control4C,Lim:10657,Satellite,9.932844,0.040282729,-0.07594282963262874,-0.07062964271963651,-0.005313186912992235,
FIREFLY MILES light-weighted,Control4C,1,0.14856477773764276,0.14790912868245462,1237655123929333841,Control4C,Lim:10657,Satellite,9.783316,0.040454288,-0.3972152334232147,-0.10455271483966463,-0.2926625185835501,
FIREFLY MILES light-weighted,Control4C,1,0.14856477773764276,0.14790912868245462,1237668331490050131,Control4C,Lim:10673,Satellite,10.2493,0.041188261,-0.5617466441478661,0.0011639993461680515,-0.5629106434940342,
FIREFLY MILES light-weighted,Control4C,1,0.14856477773764276,0.14790912868245462,1237668349210919183,Control4C,Lim:10673,Satellite,10.48547,0.040819016,0.05135398835050857,0.05474334196151112,-0.003389353611002552,
FIREFLY MILES light-weighted,Control4C,1,0.14856477773764276,0.14790912868245462,1237668349210984599,Control4C,Lim:10673,Satellite,9.249636,0.042176864,-0.27817389220561206,-0.225627464244569,-0.05254642796104306,
FIREFLY MILES light-weighted,Control4C,1,0.14856477773764276,0.14790912868245462,1237668336321036598,Control4C,Lim:10693,Satellite,10.63776,0.042876884,0.09756027280667182,0.08929302264445413,0.008267250162217687,
FIREFLY MILES light-weighted,Control4C,1,0.14856477773764276,0.14790912868245462,1237665565541859681,Control4C,Lim:10693,Satellite,10.18266,0.042816789,-0.021079757759797816,-0.013954463591065489,-0.0071252941687323275,
FIREFLY MILES light-weighted,Control4C,1,0.14856477773764276,0.14790912868245462,1237665565541925108,Control4C,Lim:10693,Satellite,9.565931,0.043042458,-0.1117810674162761,-0.15387034787703724,0.042089280460761144,
FIREFLY MILES light-weighted,Control4C,1,0.14856477773764276,0.14790912868245462,1237664870822772925,Control4C,Lim:10757,Satellite,10.80405,0.043329167,0.3003078152646575,0.12701885100328641,0.17328896426137108,
FIREFLY MILES light-weighted,Control4C,1,0.14856477773764276,0.14790912868245462,1237660960792379568,Control4C,Lim:10757,Satellite,10.64754,0.042754732,0.06648321213101471,0.09151178866375384,-0.025028576532739127,
FIREFLY MILES light-weighted,Control4C,1,0.14856477773764276,0.14790912868245462,1237664870822772913,Control4C,Lim:10757,Satellite,9.932925,0.043259651,0.19985798101343002,-0.07061126643665463,0.27046924745008466,
FIREFLY MILES light-weighted,Control4C,1,0.14856477773764276,0.14790912868245462,1237667211060051979,Control4C,Lim:10767,Satellite,10.40322,0.035993616,0.12003830018504674,0.03608347436566074,0.083954825819386,
FIREFLY MILES light-weighted,Control4C,1,0.14856477773764276,0.14790912868245462,1237667253472591937,Control4C,Lim:10767,Satellite,10.28356,0.035316088,-0.1983087080057814,0.008936486444451677,-0.2072451944502331,
FIREFLY MILES light-weighted,Control4C,1,0.14856477773764276,0.14790912868245462,1237667253472591986,Control4C,Lim:10767,Satellite,9.894344,0.035331155,-0.11931785883562805,-0.0793640488283322,-0.03995381000729585,
FIREFLY MILES light-weighted,Control4C,1,0.14856477773764276,0.14790912868245462,1237668496314597534,Control4C,Lim:10806,Satellite,10.03037,0.044770327,0.0383308008134032,-0.048504144274008495,0.08683494508741169,
FIREFLY MILES light-weighted,Control4C,1,0.14856477773764276,0.14790912868245462,1237668496314663045,Control4C,Lim:10806,Satellite,9.553067,0.044012605,-0.42704955844442327,-0.15678877385579743,-0.27026078458862585,
FIREFLY MILES light-weighted,Control4C,1,0.14856477773764276,0.14790912868245462,1237668496314663169,Control4C,Lim:10806,Satellite,9.254015,0.044632289,-0.6823189288471327,-0.224634010625089,-0.4576849182220437,
FIREFLY MILES light-weighted,Control4C,1,0.14856477773764276,0.14790912868245462,1237664668436398224,Control4C,Lim:10843,Satellite,10.75534,0.046036735,0.12003830018504674,0.11596812576810261,0.004070174416944128,
FIREFLY MILES light-weighted,Control4C,1,0.14856477773764276,0.14790912868245462,1237664668436398267,Control4C,Lim:10843,Satellite,10.43838,0.045423311,-0.027185968217908463,0.04406014238596616,-0.07124611060387462,
FIREFLY MILES light-weighted,Control4C,1,0.14856477773764276,0.14790912868245462,1237664668436398189,Control4C,Lim:10843,Satellite,9.630564,0.045188767,-0.2892746251283065,-0.13920720839591172,-0.15006741673239476,
FIREFLY MILES light-weighted,Control4C,1,0.14856477773764276,0.14790912868245462,1237674290756583782,Control4C,Lim:10883,Satellite,10.80568,0.034285222,0.12003830018504674,0.1273886453398365,-0.007350345154789745,
FIREFLY MILES light-weighted,Control4C,1,0.14856477773764276,0.14790912868245462,1237674290756583895,Control4C,Lim:10883,Satellite,10.20373,0.034659099,-0.15909778063256153,-0.009174361338851938,-0.1499234192937096,
FIREFLY MILES light-weighted,Control4C,1,0.14856477773764276,0.14790912868245462,1237674290756583884,Control4C,Lim:10883,Satellite,9.835494,0.034709562,-0.19377293476141427,-0.09271521245162445,-0.10105772230978982,
FIREFLY MILES light-weighted,Control4C,1,0.14856477773764276,0.14790912868245462,1237658493891903612,Control4C,Lim:10900,Satellite,10.47864,0.024788749,0.17741355266189243,0.05319383563105958,0.12421971703083284,
FIREFLY MILES light-weighted,Control4C,1,0.14856477773764276,0.14790912868245462,1237658493891706939,Control4C,Lim:10900,Satellite,10.09189,0.025570478,-0.27817389220561206,-0.03454724391538588,-0.24362664829022618,
FIREFLY MILES light-weighted,Control4C,1,0.14856477773764276,0.14790912868245462,1237658493891903616,Control4C,Lim:10900,Satellite,10.0812,0.025324659,-0.009119148331831268,-0.03697245953361826,0.027853311201786992,
FIREFLY MILES light-weighted,Control4C,1,0.14856477773764276,0.14790912868245462,1237674479735013541,Control4C,Lim:10908,Satellite,10.28765,0.042444913,0.05898447772959352,0.009864375301193593,0.049120102428399925,
FIREFLY MILES light-weighted,Control4C,1,0.14856477773764276,0.14790912868245462,1237674479735013407,Control4C,Lim:10908,Satellite,9.992251,0.042874992,-0.17177874325082548,-0.057152113792381984,-0.1146266294584435,
FIREFLY MILES light-weighted,Control4C,1,0.14856477773764276,0.14790912868245462,1237674479735013527,Control4C,Lim:10908,Satellite,9.680744,0.042560192,-0.059074962477950764,-0.12782298765475927,0.0687480251768085,
FIREFLY MILES light-weighted,Control4C,1,0.14856477773764276,0.14790912868245462,1237662697040183439,Control4C,Lim:10913,Satellite,10.89663,0.032340154,0.18878060169439917,0.14802226184856082,0.04075833984583835,
FIREFLY MILES light-weighted,Control4C,1,0.14856477773764276,0.14790912868245462,1237664887463411913,Control4C,Lim:10913,Satellite,9.573237,0.032415888,-0.1549517826247632,-0.15221285252560526,-0.0027389300991579324,
FIREFLY MILES light-weighted,Control4C,1,0.14856477773764276,0.14790912868245462,1237662697040183695,Control4C,Lim:10913,Satellite,9.442821,0.032542094,-0.07939644884409477,-0.1818000293326621,0.10240358048856732,
FIREFLY MILES light-weighted,Control4C,1,0.14856477773764276,0.14790912868245462,1237661850936541214,Control4C,Lim:10914,Satellite,10.69378,0.036344964,0.0714113894018661,0.10200215070183455,-0.030590761299968447,
FIREFLY MILES light-weighted,Control4C,1,0.14856477773764276,0.14790912868245462,1237661850936606846,Control4C,Lim:10914,Satellite,10.21668,0.036375876,0.04619148126786086,-0.0062364247386542115,0.05242790600651507,
FIREFLY MILES light-weighted,Control4C,1,0.14856477773764276,0.14790912868245462,1237661872407576592,Control4C,Lim:10914,Satellite,9.415302,0.036487926,-0.26734992123701173,-0.188043201325005,-0.07930671991200675,
FIREFLY MILES light-weighted,Control4C,1,0.14856477773764276,0.14790912868245462,1237667966957519065,Control4C,Lim:10929,Satellite,10.92973,0.044070806,0.210659559924703,0.1555315824251278,0.05512797749957521,
FIREFLY MILES light-weighted,Control4C,1,0.14856477773764276,0.14790912868245462,1237667966957584513,Control4C,Lim:10929,Satellite,10.59282,0.043464187,0.12003830018504674,0.07909758860484899,0.040940711580197756,
FIREFLY MILES light-weighted,Control4C,1,0.14856477773764276,0.14790912868245462,1237665566073749695,Control4C,Lim:10929,Satellite,9.584412,0.044131657,-0.10071575008869796,-0.14967760607717218,0.04896185598847422,
FIREFLY MILES light-weighted,Control4C,1,0.14856477773764276,0.14790912868245462,1237662306189770850,Control4C,Lim:10955,Satellite,10.49291,0.028626794,0.05135398835050857,0.05643123758355539,-0.005077249233046817,
FIREFLY MILES light-weighted,Control4C,1,0.14856477773764276,0.14790912868245462,1237662306189836510,Control4C,Lim:10955,Satellite,9.347853,0.027815728,-0.1387524855065975,-0.20334520022436678,0.06459271471776928,
FIREFLY MILES light-weighted,Control4C,1,0.14856477773764276,0.14790912868245462,1237662194536874012,Control4C,Lim:10955,Satellite,9.49991,0.028891735,-0.05250706908668513,-0.16884837971345856,0.11634131062677344,
FIREFLY MILES light-weighted,Control4C,1,0.14856477773764276,0.14790912868245462,1237655109442469957,Control4C,Lim:10964,Satellite,10.9865,0.044844094,0.12003830018504674,0.16841086125085944,-0.0483725610658127,
FIREFLY MILES light-weighted,Control4C,1,0.14856477773764276,0.14790912868245462,1237658304886014057,Control4C,Lim:10964,Satellite,10.61699,0.044676943,0.061498469643979516,0.0845809806995809,-0.023082511055601378,
FIREFLY MILES light-weighted,Control4C,1,0.14856477773764276,0.14790912868245462,1237658304886079607,Control4C,Lim:10964,Satellite,10.08701,0.048586603,-0.009119148331831268,-0.03565435824812449,0.026535209916293222,
FIREFLY MILES light-weighted,Control4C,1,0.14856477773764276,0.14790912868245462,1237674599462273168,Control4C,Lim:10990,Satellite,10.59563,0.03572787,-0.059074962477950764,0.07973508681693826,-0.13881004929488902,
FIREFLY MILES light-weighted,Control4C,1,0.14856477773764276,0.14790912868245462,1237671129130074248,Control4C,Lim:10990,Satellite,10.64115,0.035877938,0.17741355266189243,0.09006210411740154,0.0873514485444909,
FIREFLY MILES light-weighted,Control4C,1,0.14856477773764276,0.14790912868245462,1237674599462273202,Control4C,Lim:10990,Satellite,9.219453,0.035014929,-0.21220723669545014,-0.23247501176609567,0.020267775070645533,
FIREFLY MILES light-weighted,Control4C,1,0.14856477773764276,0.14790912868245462,1237662685216636964,Control4C,Lim:11021,Satellite,10.54506,0.040424424,0.20167700383058246,0.0682623876762433,0.13341461615433914,
FIREFLY MILES light-weighted,Control4C,1,0.14856477773764276,0.14790912868245462,1237664853641461874,Control4C,Lim:11021,Satellite,10.47519,0.040615484,-0.030271526760011918,0.052411142096643784,-0.0826826688566557,
FIREFLY MILES light-weighted,Control4C,1,0.14856477773764276,0.14790912868245462,1237664853641462227,Control4C,Lim:11021,Satellite,8.895717,0.040797335,-0.2464789876079352,-0.3059202506233627,0.05944126301542749,
FIREFLY MILES light-weighted,Control4C,1,0.14856477773764276,0.14790912868245462,1237651066815578330,Control4C,Lim:11071,Satellite,10.10338,0.039758855,0.0409668678813979,-0.031940534144245164,0.07290740202564307,
FIREFLY MILES light-weighted,Control4C,1,0.14856477773764276,0.14790912868245462,1237654610141249558,Control4C,Lim:11071,Satellite,10.04503,0.03915772,-0.009119148331831268,-0.045178263921969775,0.03605911559013851,
FIREFLY MILES light-weighted,Control4C,1,0.14856477773764276,0.14790912868245462,1237651066815578363,Control4C,Lim:11071,Satellite,9.958166,0.039376677,-0.07594282963262874,-0.06488489904471688,-0.011057930587911866,
FIREFLY MILES light-weighted,Control4C,1,0.14856477773764276,0.14790912868245462,1237668349218390247,Control4C,Lim:11076,Satellite,10.04902,0.044151015,-0.13479537313186118,-0.04427306183434131,-0.09052231129751988,
FIREFLY MILES light-weighted,Control4C,1,0.14856477773764276,0.14790912868245462,1237668349218390261,Control4C,Lim:11076,Satellite,9.99643,0.04469802,-0.059074962477950764,-0.05620403371112885,-0.0028709287668219133,
FIREFLY MILES light-weighted,Control4C,1,0.14856477773764276,0.14790912868245462,1237668332034392412,Control4C,Lim:11076,Satellite,9.249562,0.044920533,-0.24141432925928877,-0.2256442524537133,-0.01577007680557546,
FIREFLY MILES light-weighted,Control4C,1,0.14856477773764276,0.14790912868245462,1237674602140139550,Control4C,Lim:11078,Satellite,9.670757,0.033452384,-0.27817389220561206,-0.13008871528612426,-0.1480851769194878,
FIREFLY MILES light-weighted,Control4C,1,0.14856477773764276,0.14790912868245462,1237651753485729932,Control4C,Lim:11078,Satellite,9.275077,0.033534889,-0.849806819998878,-0.21985572331440476,-0.6299510966844732,
FIREFLY MILES light-weighted,Control4C,1,0.14856477773764276,0.14790912868245462,1237665531713814551,Control4C,Lim:11108,Satellite,10.66852,0.039460902,0.09756027280667182,0.09627147282376522,0.0012887999829065966,
FIREFLY MILES light-weighted,Control4C,1,0.14856477773764276,0.14790912868245462,1237665531713814706,Control4C,Lim:11108,Satellite,10.04277,0.039863622,0.06648321213101471,-0.04569098490393471,0.11217419703494942,
FIREFLY MILES light-weighted,Control4C,1,0.14856477773764276,0.14790912868245462,1237665531713814804,Control4C,Lim:11108,Satellite,10.37114,0.039478035,0.030325216163527402,0.02880555883405155,0.0015196573294758535,
FIREFLY MILES light-weighted,Control4C,1,0.14856477773764276,0.14790912868245462,1237662193989714026,Control4C,Lim:11129,Satellite,10.4328,0.038626013,0.09524713375865783,0.04279422066943306,0.05245291308922477,
FIREFLY MILES light-weighted,Control4C,1,0.14856477773764276,0.14790912868245462,1237662193989582993,Control4C,Lim:11129,Satellite,9.832049,0.038361159,-0.00036000557862243517,-0.0934967716475846,0.09313676606896217,
FIREFLY MILES light-weighted,Control4C,1,0.14856477773764276,0.14790912868245462,1237662193989582996,Control4C,Lim:11129,Satellite,9.060438,0.038211225,-0.3006665564381726,-0.26855037767192114,-0.032116178766251446,
FIREFLY MILES light-weighted,Control4C,1,0.14856477773764276,0.14790912868245462,1237664835934814435,Control4C,Lim:11153,Satellite,9.752666,0.03420241,-0.033379164418814146,-0.11150620957295101,0.07812704515413688,
FIREFLY MILES light-weighted,Control4C,1,0.14856477773764276,0.14790912868245462,1237664835934748855,Control4C,Lim:11153,Satellite,9.484913,0.033846076,-0.3430700533958701,-0.17225071447740936,-0.17081933891846074,
FIREFLY MILES light-weighted,Control4C,1,0.14856477773764276,0.14790912868245462,1237664878341062790,Control4C,Lim:11153,Satellite,9.697658,0.034549481,-0.2217262958376311,-0.12398574752690261,-0.09774054831072848,
FIREFLY MILES light-weighted,Control4C,1,0.14856477773764276,0.14790912868245462,1237663788493635946,Control4C,Lim:11198,Satellite,10.65368,0.033373242,0.05135398835050857,0.09290475628732255,-0.041550767936813976,
FIREFLY MILES light-weighted,Control4C,1,0.14856477773764276,0.14790912868245462,1237663788493635962,Control4C,Lim:11198,Satellite,9.675072,0.034241565,-0.26203736643140163,-0.1291097811988769,-0.13292758523252474,
FIREFLY MILES light-weighted,Control4C,1,0.14856477773764276,0.14790912868245462,1237663917340950801,Control4C,Lim:11198,Satellite,9.726141,0.033888503,-0.08638724073305099,-0.11752387508030568,0.031136634347254694,
FIREFLY MILES light-weighted,Control4C,1,0.14856477773764276,0.14790912868245462,1237651272961490952,Control4C,Lim:11252,Satellite,10.45058,0.032646131,0.0714113894018661,0.04682792821781265,0.024583461184053454,
FIREFLY MILES light-weighted,Control4C,1,0.14856477773764276,0.14790912868245462,1237651272961425646,Control4C,Lim:11252,Satellite,9.63608,0.032513024,0.04878040567641195,-0.13795580621161127,0.18673621188802322,
FIREFLY MILES light-weighted,Control4C,1,0.14856477773764276,0.14790912868245462,1237651534946304186,Control4C,Lim:11252,Satellite,9.214596,0.032170033,-0.17177874325082548,-0.23357690814193807,0.06179816489111259,
FIREFLY MILES light-weighted,Control4C,1,0.14856477773764276,0.14790912868245462,1237658297923797167,Control4C,Lim:11265,Satellite,10.25456,0.029445678,-0.07594282963262874,0.0023573234015378947,-0.07830015303416664,
FIREFLY MILES light-weighted,Control4C,1,0.14856477773764276,0.14790912868245462,1237654602641244319,Control4C,Lim:11265,Satellite,10.2986,0.030500901,0.210659559924703,0.012348576519121642,0.19831098340558137,
FIREFLY MILES light-weighted,Control4C,1,0.14856477773764276,0.14790912868245462,1237658297923731566,Control4C,Lim:11265,Satellite,10.0214,0.029769614,0.1496728826525962,-0.050539147463489004,0.2002120301160852,
FIREFLY MILES light-weighted,Control4C,1,0.14856477773764276,0.14790912868245462,1237667429026955516,Control4C,Lim:11278,Satellite,9.400273,0.037969904,-0.23145875648195138,-0.19145279585507233,-0.040005960626879056,
FIREFLY MILES light-weighted,Control4C,1,0.14856477773764276,0.14790912868245462,1237667322172211267,Control4C,Lim:11278,Satellite,9.487761,0.039063469,-0.5312578479388469,-0.17160459529305697,-0.35965325264578996,
FIREFLY MILES light-weighted,Control4C,1,0.14856477773764276,0.14790912868245462,1237667429026955404,Control4C,Lim:11278,Satellite,9.282084,0.038452786,-0.2949332821142268,-0.21826606140262214,-0.07666722071160467,
FIREFLY MILES light-weighted,Control4C,1,0.14856477773764276,0.14790912868245462,1237667254016278686,Control4C,Lim:11305,Satellite,9.306328,0.042016956,-0.6823189288471327,-0.21276588109874592,-0.4695530477483868,
FIREFLY MILES light-weighted,Control4C,1,0.14856477773764276,0.14790912868245462,1237667254016278705,Control4C,Lim:11305,Satellite,9.965709,0.041181155,-0.033379164418814146,-0.06317363605048587,0.029794471631671725,
FIREFLY MILES light-weighted,Control4C,1,0.14856477773764276,0.14790912868245462,1237667254016278711,Control4C,Lim:11305,Satellite,9.48142,0.042190578,0.06895429106965624,-0.1730431633225439,0.24199745439220016,
FIREFLY MILES light-weighted,Control4C,1,0.14856477773764276,0.14790912868245462,1237655368758788270,Control4C,Lim:11370,Satellite,10.08617,0.042934246,0.09524713375865783,-0.035844927108677885,0.1310920608673357,
FIREFLY MILES light-weighted,Control4C,1,0.14856477773764276,0.14790912868245462,1237659327091835101,Control4C,Lim:11370,Satellite,9.836951,0.043362015,-0.14274598525968069,-0.09238466622564115,-0.05036131903403954,
FIREFLY MILES light-weighted,Control4C,1,0.14856477773764276,0.14790912868245462,1237659327091900583,Control4C,Lim:11370,Satellite,9.248343,0.04349482,-0.7110426603645115,-0.2259208041692066,-0.4851218561953049,
FIREFLY MILES light-weighted,Control4C,1,0.14856477773764276,0.14790912868245462,1237665531723514229,Control4C,Lim:11562,Satellite,9.90285,0.032140634,0.005382592656735859,-0.07743431224753813,0.08281690490427399,
FIREFLY MILES light-weighted,Control4C,1,0.14856477773764276,0.14790912868245462,1237665531723514265,Control4C,Lim:11562,Satellite,9.440617,0.032628485,-0.1231358190374761,-0.18230004572392372,0.05916422668644762,
FIREFLY MILES light-weighted,Control4C,1,0.14856477773764276,0.14790912868245462,1237665567691965133,Control4C,Lim:11562,Satellite,9.807324,0.032754367,-0.1983087080057814,-0.09910607531089649,-0.09920263269488491,
Gallazzi optical light-weighted,Control4C,1,0.12888260772666388,0.1824277880661179,1237655108898979844,CG4,HMCG:25,BGG,11.13696,0.038103145,,0.17277079057236083,-0.44710078623634214,-0.2743299956639813
Gallazzi optical light-weighted,Control4C,1,0.12888260772666388,0.1824277880661179,1237651533872496853,CG4,HMCG:27,BGG,10.94254,0.044700583,,0.15376015087323436,0.04410985346278429,0.19787000433601865
Gallazzi optical light-weighted,Control4C,1,0.12888260772666388,0.1824277880661179,1237651192431902873,CG4,HMCG:28,BGG,11.56605,0.045092908,,0.21472776716169395,0.0699422371743249,0.28467000433601886
Gallazzi optical light-weighted,Control4C,1,0.12888260772666388,0.1824277880661179,1237653664714391702,CG4,HMCG:33,BGG,10.91266,0.043605956,,0.15083844572865115,-0.012468441392632396,0.13837000433601876
Gallazzi optical light-weighted,Control4C,1,0.12888260772666388,0.1824277880661179,1237661382235652124,CG4,HMCG:61,BGG,11.04974,0.04172448,,0.16424230587655891,-0.8187723015405401,-0.6545299956639812
Gallazzi optical light-weighted,Control4C,1,0.12888260772666388,0.1824277880661179,1237664670045765663,CG4,HMCG:82,BGG,11.14766,0.045040485,,0.17381705044675982,-0.052947046110741136,0.12087000433601869
Gallazzi optical light-weighted,Control4C,1,0.12888260772666388,0.1824277880661179,1237654398613913710,CG4,HMCG:101,BGG,11.07611,0.031583981,,0.16682079866982075,-0.16615079433380192,0.0006700043360188257
Gallazzi optical light-weighted,Control4C,1,0.12888260772666388,0.1824277880661179,1237648721221910580,CG4,HMCG:106,BGG,10.88227,0.019912633,,0.14786687212276461,0.03290313221325414,0.18077000433601875
Gallazzi optical light-weighted,Control4C,1,0.12888260772666388,0.1824277880661179,1237648721759961111,CG4,HMCG:112,BGG,11.34712,0.040214827,,0.19332050788111715,0.18204949645490148,0.37537000433601864
Gallazzi optical light-weighted,Control4C,1,0.12888260772666388,0.1824277880661179,1237654602106732592,CG4,HMCG:117,BGG,11.07583,0.036521896,,0.16679341990675234,-0.09532341557073354,0.0714700043360188
Gallazzi optical light-weighted,Control4C,1,0.12888260772666388,0.1824277880661179,1237654604791545887,CG4,HMCG:121,BGG,10.94604,0.026316276,,0.15410238541158927,0.024967618924429447,0.17907000433601872
Gallazzi optical light-weighted,Control4C,1,0.12888260772666388,0.1824277880661179,1237657628452388926,CG4,HMCG:154,BGG,11.10226,0.027616057,,0.1693777795778145,-0.05130777524179572,0.11807000433601877
Gallazzi optical light-weighted,Control4C,1,0.12888260772666388,0.1824277880661179,1237661811196624933,CG4,HMCG:158,BGG,10.55154,0.036883403,,0.11552766387416837,-0.2520576595381495,-0.13652999566398116
Gallazzi optical light-weighted,Control4C,1,0.12888260772666388,0.1824277880661179,1237658312939798567,CG4,HMCG:173,BGG,11.21403,0.033635215,,0.1803067951069337,0.01026320922908508,0.19057000433601878
Gallazzi optical light-weighted,Control4C,1,0.12888260772666388,0.1824277880661179,1237648722841043066,CG4,HMCG:175,BGG,11.07703,0.040743867,,0.1669107574627598,-0.26014075312674106,-0.09322999566398127
Gallazzi optical light-weighted,Control4C,1,0.12888260772666388,0.1824277880661179,1237657591934025821,CG4,HMCG:197,BGG,10.92494,0.034438523,,0.15203920005179306,-0.06966919571577435,0.08237000433601871
Gallazzi optical light-weighted,Control4C,1,0.12888260772666388,0.1824277880661179,1237657627919319142,CG4,HMCG:206,BGG,11.02117,0.044652618,,0.16144869423061692,-0.036678689894598215,0.1247700043360187
Gallazzi optical light-weighted,Control4C,1,0.12888260772666388,0.1824277880661179,1237661949186474088,CG4,HMCG:231,BGG,11.16475,0.032070752,,0.175488132806898,-0.04481812847087929,0.13067000433601872
Gallazzi optical light-weighted,Control4C,1,0.12888260772666388,0.1824277880661179,1237661873482891334,CG4,HMCG:239,BGG,10.83799,0.035050865,,0.14353711630609284,-0.11926711197007417,0.02427000433601867
Gallazzi optical light-weighted,Control4C,1,0.12888260772666388,0.1824277880661179,1237661418747461670,CG4,HMCG:259,BGG,11.19601,0.035352979,,0.17854477614088976,-0.11497477180487098,0.06357000433601878
Gallazzi optical light-weighted,Control4C,1,0.12888260772666388,0.1824277880661179,1237651273515794444,CG4,HMCG:276,BGG,11.14224,0.032089326,,0.17328707581879316,0.028482928517225503,0.20177000433601866
Gallazzi optical light-weighted,Control4C,1,0.12888260772666388,0.1824277880661179,1237661418750476311,CG4,HMCG:293,BGG,11.24418,0.043485321,,0.18325490120161878,-0.0772848968656,0.10597000433601877
Gallazzi optical light-weighted,Control4C,1,0.12888260772666388,0.1824277880661179,1237648704057573661,CG4,HMCG:309,BGG,11.09869,0.043902061,,0.1690287003486926,0.16504130398732614,0.33407000433601874
Gallazzi optical light-weighted,Control4C,1,0.12888260772666388,0.1824277880661179,1237651735776460868,CG4,HMCG:315,BGG,11.11865,0.043599096,,0.17098041503028186,0.024289589305736853,0.1952700043360187
Gallazzi optical light-weighted,Control4C,1,0.12888260772666388,0.1824277880661179,1237659131675213861,CG4,HMCG:322,BGG,11.00734,0.036727564,,0.160096378897632,0.0815736254383867,0.2416700043360187
Gallazzi optical light-weighted,Control4C,1,0.12888260772666388,0.1824277880661179,1237662306199666786,CG4,HMCG:360,BGG,11.07238,0.031499504,,0.16645607443323127,0.15241392990278738,0.31887000433601864
Gallazzi optical light-weighted,Control4C,1,0.12888260772666388,0.1824277880661179,1237659329780121695,CG4,HMCG:393,BGG,11.45621,0.031402269,,0.20398746953515323,-0.016117465199134595,0.18787000433601864
Gallazzi optical light-weighted,Control4C,1,0.12888260772666388,0.1824277880661179,1237654879665586207,Control4C,Lim:13,BGG,7.774354,0.028099228,,-0.15602918430738685,0.3419991886434057,0.18597000433601885
Gallazzi optical light-weighted,Control4C,1,0.12888260772666388,0.1824277880661179,1237658612519141389,Control4C,Lim:37,BGG,11.35576,0.034017625,,0.19416533828437016,0.05280466605164863,0.2469700043360188
Gallazzi optical light-weighted,Control4C,1,0.12888260772666388,0.1824277880661179,1237662303519899658,Control4C,Lim:85,BGG,11.23959,0.029953325,,0.18280608504989057,0.054563919286128165,0.23737000433601874
Gallazzi optical light-weighted,Control4C,1,0.12888260772666388,0.1824277880661179,1237661465457590279,Control4C,Lim:96,BGG,11.47355,0.036095416,,0.20568299721945954,-0.09491299288344085,0.11077000433601869
Gallazzi optical light-weighted,Control4C,1,0.12888260772666388,0.1824277880661179,1237654654171938965,Control4C,Lim:102,BGG,11.61971,0.041382305,,0.21997471154115647,-0.04180470720513765,0.17817000433601882
Gallazzi optical light-weighted,Control4C,1,0.12888260772666388,0.1824277880661179,1237661139033784336,Control4C,Lim:112,BGG,11.46054,0.023917658,,0.20441086254974644,-0.05864085821372761,0.14577000433601883
Gallazzi optical light-weighted,Control4C,1,0.12888260772666388,0.1824277880661179,1237661386003382291,Control4C,Lim:125,BGG,11.33993,0.033755466,,0.19261746035803973,-0.0024474560220208996,0.19017000433601883
Gallazzi optical light-weighted,Control4C,1,0.12888260772666388,0.1824277880661179,1237658300056666239,Control4C,Lim:129,BGG,11.35128,0.031963093,,0.1937272780752759,0.012542726260742931,0.20627000433601883
Gallazzi optical light-weighted,Control4C,1,0.12888260772666388,0.1824277880661179,1237661434849132659,Control4C,Lim:146,BGG,11.35297,0.029605784,,0.19389252846665295,-0.0767225241306343,0.11717000433601865
Gallazzi optical light-weighted,Control4C,1,0.12888260772666388,0.1824277880661179,1237661381704548424,Control4C,Lim:174,BGG,11.37591,0.036311171,,0.19613563141232704,-0.06296562707630837,0.13317000433601867
Gallazzi optical light-weighted,Control4C,1,0.12888260772666388,0.1824277880661179,1237661463842521123,Control4C,Lim:180,BGG,11.46346,0.034287175,,0.20469638393603098,0.06347362039998769,0.2681700043360187
Gallazzi optical light-weighted,Control4C,1,0.12888260772666388,0.1824277880661179,1237658800967188670,Control4C,Lim:191,BGG,11.22635,0.029951176,,0.18151146068194268,-0.09164145634592391,0.08987000433601877
Gallazzi optical light-weighted,Control4C,1,0.12888260772666388,0.1824277880661179,1237655348895416343,Control4C,Lim:214,BGG,11.28859,0.031446957,,0.18759736858685788,-0.04582736425083905,0.14177000433601883
Gallazzi optical light-weighted,Control4C,1,0.12888260772666388,0.1824277880661179,1237661850399539298,Control4C,Lim:226,BGG,11.38594,0.036475203,,0.19711637781795532,0.04625362651806342,0.24337000433601874
Gallazzi optical light-weighted,Control4C,1,0.12888260772666388,0.1824277880661179,1237661064956280853,Control4C,Lim:227,BGG,11.18863,0.033486417,,0.17782315017144454,-0.10185314583542579,0.07597000433601875
Gallazzi optical light-weighted,Control4C,1,0.12888260772666388,0.1824277880661179,1237651822716584014,Control4C,Lim:286,BGG,11.43347,0.037376382,,0.20176392284881364,0.06600608148720508,0.2677700043360187
Gallazzi optical light-weighted,Control4C,1,0.12888260772666388,0.1824277880661179,1237654879130222725,Control4C,Lim:308,BGG,11.21834,0.027906063,,0.1807282324955935,0.014141771840425255,0.19487000433601875
Gallazzi optical light-weighted,Control4C,1,0.12888260772666388,0.1824277880661179,1237661069250789414,Control4C,Lim:336,BGG,11.29953,0.033590722,,0.1886670959724585,0.09190290836356013,0.28057000433601864
Gallazzi optical light-weighted,Control4C,1,0.12888260772666388,0.1824277880661179,1237659324412526601,Control4C,Lim:348,BGG,11.2559,0.038275532,,0.18440089799862408,-0.010330893662605256,0.17407000433601882
Gallazzi optical light-weighted,Control4C,1,0.12888260772666388,0.1824277880661179,1237655348355203084,Control4C,Lim:351,BGG,11.11448,0.019802654,,0.17057266702315624,0.14319733731286252,0.31377000433601876
Gallazzi optical light-weighted,Control4C,1,0.12888260772666388,0.1824277880661179,1237659162813530232,Control4C,Lim:379,BGG,11.24542,0.033170032,,0.18337615000949298,-0.005506145673474128,0.17787000433601885
Gallazzi optical light-weighted,Control4C,1,0.12888260772666388,0.1824277880661179,1237654654179737747,Control4C,Lim:387,BGG,11.33946,0.03804803,,0.19257150314860352,-0.059701498812584824,0.1328700043360187
Gallazzi optical light-weighted,Control4C,1,0.12888260772666388,0.1824277880661179,1237658493355557008,Control4C,Lim:412,BGG,11.16293,0.02660044,,0.17531017084695344,0.15915983348906526,0.3344700043360187
Gallazzi optical light-weighted,Control4C,1,0.12888260772666388,0.1824277880661179,1237651272424226981,Control4C,Lim:428,BGG,11.39764,0.04480081,,0.19826041898902722,0.10730958534699156,0.3055700043360188
Gallazzi optical light-weighted,Control4C,1,0.12888260772666388,0.1824277880661179,1237671992947703853,Control4C,Lim:443,BGG,11.28958,0.023674215,,0.1876941720705641,-0.09552416773454536,0.09217000433601874
Gallazzi optical light-weighted,Control4C,1,0.12888260772666388,0.1824277880661179,1237651252053475553,Control4C,Lim:480,BGG,11.15717,0.032301813,,0.17474695057811823,-0.3891769462420995,-0.21442999566398124
Gallazzi optical light-weighted,Control4C,1,0.12888260772666388,0.1824277880661179,1237651823246639198,Control4C,Lim:510,BGG,11.49338,0.028658006,,0.2076220003324813,0.08794800400353747,0.29557000433601877
Gallazzi optical light-weighted,Control4C,1,0.12888260772666388,0.1824277880661179,1237658310794412097,Control4C,Lim:567,BGG,11.32565,0.043194917,,0.191221143441552,0.03994886089446675,0.23117000433601875
Gallazzi optical light-weighted,Control4C,1,0.12888260772666388,0.1824277880661179,1237654879668338812,Control4C,Lim:576,BGG,11.30895,0.043083457,,0.18958819578711616,-0.06641819145109751,0.12317000433601866
Gallazzi optical light-weighted,Control4C,1,0.12888260772666388,0.1824277880661179,1237651821097779392,Control4C,Lim:587,BGG,11.14635,0.026111104,,0.17368895694811842,0.047081047387900365,0.2207700043360188
Gallazzi optical light-weighted,Control4C,1,0.12888260772666388,0.1824277880661179,1237653614794178648,Control4C,Lim:609,BGG,11.4407,0.030628501,,0.20247088162375798,0.11119912271226079,0.31367000433601877
Gallazzi optical light-weighted,Control4C,1,0.12888260772666388,0.1824277880661179,1237658612519272452,Control4C,Lim:631,BGG,11.14175,0.037776282,,0.17323916298342357,-0.010669158647404808,0.16257000433601876
Gallazzi optical light-weighted,Control4C,1,0.12888260772666388,0.1824277880661179,1237671932820193349,Control4C,Lim:634,BGG,11.31646,0.035013132,,0.1903225333251289,-0.009652528989110148,0.18067000433601876
Gallazzi optical light-weighted,Control4C,1,0.12888260772666388,0.1824277880661179,1237658205573808201,Control4C,Lim:643,BGG,10.59084,0.016629993,,0.1193704688334096,-0.06180046449739082,0.057570004336018776
Gallazzi optical light-weighted,Control4C,1,0.12888260772666388,0.1824277880661179,1237655495981793339,Control4C,Lim:689,BGG,11.20953,0.025118206,,0.17986677927190622,0.04330322506411252,0.22317000433601875
Gallazzi optical light-weighted,Control4C,1,0.12888260772666388,0.1824277880661179,1237657873254907914,Control4C,Lim:691,BGG,11.29513,0.028490059,,0.18823685826709813,-0.005566853931079363,0.18267000433601877
Gallazzi optical light-weighted,Control4C,1,0.12888260772666388,0.1824277880661179,1237661137958666357,Control4C,Lim:693,BGG,11.28956,0.04251492,,0.18769221644463055,0.01647778789138829,0.20417000433601884
Gallazzi optical light-weighted,Control4C,1,0.12888260772666388,0.1824277880661179,1237668670253105171,Control4C,Lim:699,BGG,11.27911,0.031814283,,0.1866704018943997,-0.025700397558380994,0.1609700043360187
Gallazzi optical light-weighted,Control4C,1,0.12888260772666388,0.1824277880661179,1237659133289627743,Control4C,Lim:711,BGG,11.26954,0.033322616,,0.18573463488524097,0.04943536945077778,0.23517000433601876
Gallazzi optical light-weighted,Control4C,1,0.12888260772666388,0.1824277880661179,1237654030863892549,Control4C,Lim:714,BGG,11.17597,0.031016802,,0.17658523895556683,-0.021715234619548107,0.15487000433601872
Gallazzi optical light-weighted,Control4C,1,0.12888260772666388,0.1824277880661179,1237651496830501001,Control4C,Lim:718,BGG,11.20775,0.032183204,,0.17969272856382862,0.05277727577219021,0.23247000433601883
Gallazzi optical light-weighted,Control4C,1,0.12888260772666388,0.1824277880661179,1237664814988328970,Control4C,Lim:725,BGG,10.95874,0.024269862,,0.15534420787933392,-0.10877420354331527,0.046570004336018656
Gallazzi optical light-weighted,Control4C,1,0.12888260772666388,0.1824277880661179,1237654601571106901,Control4C,Lim:726,BGG,10.77422,0.031570703,,0.1373016030172682,-0.028031598681249353,0.10927000433601886
Gallazzi optical light-weighted,Control4C,1,0.12888260772666388,0.1824277880661179,1237674649384124427,Control4C,Lim:774,BGG,11.32287,0.039915316,,0.19094931143680166,-0.03217930710078293,0.15877000433601873
Gallazzi optical light-weighted,Control4C,1,0.12888260772666388,0.1824277880661179,1237660670888837190,Control4C,Lim:790,BGG,11.23907,0.040952444,,0.18275523877562072,0.13391476556039794,0.31667000433601866
Gallazzi optical light-weighted,Control4C,1,0.12888260772666388,0.1824277880661179,1237655501884293289,Control4C,Lim:795,BGG,11.20605,0.033653355,,0.17952650035948473,-0.022756496023465994,0.15677000433601873
Gallazzi optical light-weighted,Control4C,1,0.12888260772666388,0.1824277880661179,1237662305650999364,Control4C,Lim:798,BGG,11.06464,0.018576853,,0.16569924719698376,0.03247075713903508,0.19817000433601883
Gallazzi optical light-weighted,Control4C,1,0.12888260772666388,0.1824277880661179,1237651822173552694,Control4C,Lim:805,BGG,10.53046,0.030310039,,0.11346643414030573,-0.35499642980428686,-0.24152999566398115
Gallazzi optical light-weighted,Control4C,1,0.12888260772666388,0.1824277880661179,1237654880211107970,Control4C,Lim:847,BGG,12.45344,0.032867045,,0.3014979120161727,-0.04992790768015398,0.2515700043360187
Gallazzi optical light-weighted,Control4C,1,0.12888260772666388,0.1824277880661179,1237655124465484020,Control4C,Lim:883,BGG,11.15086,0.040664835,,0.17412995059611275,-0.03355994626009401,0.14057000433601874
Gallazzi optical light-weighted,Control4C,1,0.12888260772666388,0.1824277880661179,1237660634386071585,Control4C,Lim:886,BGG,10.94519,0.025809236,,0.1540192713094174,-0.022049266973398596,0.1319700043360188
Gallazzi optical light-weighted,Control4C,1,0.12888260772666388,0.1824277880661179,1237651735234478128,Control4C,Lim:889,BGG,10.98186,0.025787788,,0.157604911458409,0.06556509287760975,0.22317000433601875
Gallazzi optical light-weighted,Control4C,1,0.12888260772666388,0.1824277880661179,1237662224077160482,Control4C,Lim:962,BGG,11.28625,0.028712469,,0.18736856035264365,0.01970144398337509,0.20707000433601874
Gallazzi optical light-weighted,Control4C,1,0.12888260772666388,0.1824277880661179,1237662664291582035,Control4C,Lim:975,BGG,11.31987,0.041386869,,0.1906559675467832,0.09141403678923549,0.2820700043360187
Gallazzi optical light-weighted,Control4C,1,0.12888260772666388,0.1824277880661179,1237657878614638619,Control4C,Lim:984,BGG,11.22941,0.022848603,,0.18181067144976143,0.07405933288625727,0.2558700043360187
Gallazzi optical light-weighted,Control4C,1,0.12888260772666388,0.1824277880661179,1237651274035363888,Control4C,Lim:993,BGG,11.20951,0.031885176,,0.17986482364597267,0.0014051806900460262,0.1812700043360187
Gallazzi optical light-weighted,Control4C,1,0.12888260772666388,0.1824277880661179,1237659330848751701,Control4C,Lim:1004,BGG,11.13443,0.042643899,,0.17252340389177864,-0.010153399555759862,0.16237000433601878
Gallazzi optical light-weighted,Control4C,1,0.12888260772666388,0.1824277880661179,1237658919069614163,Control4C,Lim:1088,BGG,11.17758,0.028187309,,0.17674266684321016,-0.019572662507191474,0.1571700043360187
Gallazzi optical light-weighted,Control4C,1,0.12888260772666388,0.1824277880661179,1237662640121643136,Control4C,Lim:1110,BGG,11.24171,0.032133004,,0.18301338139883688,-0.04614337706281818,0.1368700043360187
Gallazzi optical light-weighted,Control4C,1,0.12888260772666388,0.1824277880661179,1237651538169823297,Control4C,Lim:1118,BGG,11.29808,0.041487077,,0.1885253130922829,0.047744691243735954,0.23627000433601886
Gallazzi optical light-weighted,Control4C,1,0.12888260772666388,0.1824277880661179,1237654880740769908,Control4C,Lim:1124,BGG,11.20488,0.029450294,,0.17941209624237753,0.12105790809364114,0.30047000433601867
Gallazzi optical light-weighted,Control4C,1,0.12888260772666388,0.1824277880661179,1237671931209318418,Control4C,Lim:1131,BGG,11.16538,0.035581196,,0.17554973502380194,-0.09697973068778326,0.07857000433601868
Gallazzi optical light-weighted,Control4C,1,0.12888260772666388,0.1824277880661179,1237657608573943931,Control4C,Lim:1143,BGG,11.05748,0.025326129,,0.16499913311280642,0.04657087122321227,0.2115700043360187
Gallazzi optical light-weighted,Control4C,1,0.12888260772666388,0.1824277880661179,1237651274036871335,Control4C,Lim:1145,BGG,11.04696,0.041366506,,0.16397047387180858,0.06509953046421019,0.22907000433601876
Gallazzi optical light-weighted,Control4C,1,0.12888260772666388,0.1824277880661179,1237658917459918871,Control4C,Lim:1259,BGG,11.26435,0.03348742,,0.18522714995550923,0.042842854380509415,0.22807000433601865
Gallazzi optical light-weighted,Control4C,1,0.12888260772666388,0.1824277880661179,1237661951320588304,Control4C,Lim:1264,BGG,11.2579,0.036142312,,0.18459646059196955,0.15967354374404918,0.34427000433601873
Gallazzi optical light-weighted,Control4C,1,0.12888260772666388,0.1824277880661179,1237661137421271080,Control4C,Lim:1270,BGG,11.16936,0.042554594,,0.17593890458455957,0.08113109975145921,0.2570700043360188
Gallazzi optical light-weighted,Control4C,1,0.12888260772666388,0.1824277880661179,1237660636533030975,Control4C,Lim:1282,BGG,11.0163,0.025796454,,0.16097249931582033,0.018097505020198384,0.17907000433601872
Gallazzi optical light-weighted,Control4C,1,0.12888260772666388,0.1824277880661179,1237661356464865320,Control4C,Lim:1295,BGG,10.79469,0.022391752,,0.13930318616016044,-0.22353318182414159,-0.08422999566398115
Gallazzi optical light-weighted,Control4C,1,0.12888260772666388,0.1824277880661179,1237661139030900754,Control4C,Lim:1296,BGG,10.96291,0.023164646,,0.15575195588645951,-0.04088195155044083,0.11487000433601868
Gallazzi optical light-weighted,Control4C,1,0.12888260772666388,0.1824277880661179,1237659325492559961,Control4C,Lim:1297,BGG,10.96657,0.033109677,,0.156109835432282,0.18596016890373676,0.34207000433601875
Gallazzi optical light-weighted,Control4C,1,0.12888260772666388,0.1824277880661179,1237648705115848765,Control4C,Lim:1300,BGG,10.93675,0.024226106,,0.15319399716549892,0.21217600717051993,0.36537000433601885
Gallazzi optical light-weighted,Control4C,1,0.12888260772666388,0.1824277880661179,1237659132751642708,Control4C,Lim:1302,BGG,10.61965,0.019378738,,0.12218754799055306,-0.009717543654534339,0.11247000433601873
Gallazzi optical light-weighted,Control4C,1,0.12888260772666388,0.1824277880661179,1237662195056640025,Control4C,Lim:1451,BGG,11.24999,0.025911751,,0.1838230105352878,0.08884699380073105,0.27267000433601885
Gallazzi optical light-weighted,Control4C,1,0.12888260772666388,0.1824277880661179,1237658800968761369,Control4C,Lim:1459,BGG,11.20826,0.029568672,,0.17974259702513162,0.15212740731088714,0.33187000433601876
Gallazzi optical light-weighted,Control4C,1,0.12888260772666388,0.1824277880661179,1237659161201803392,Control4C,Lim:1460,BGG,11.20485,0.038594516,,0.17940916280347746,-0.054039158467458825,0.12537000433601864
Gallazzi optical light-weighted,Control4C,1,0.12888260772666388,0.1824277880661179,1237651272425734156,Control4C,Lim:1464,BGG,11.21834,0.031202492,,0.1807282324955935,0.02664177184042521,0.2073700043360187
Gallazzi optical light-weighted,Control4C,1,0.12888260772666388,0.1824277880661179,1237655469135692130,Control4C,Lim:1475,BGG,10.69678,0.038736281,,0.1297294194029264,0.0013405849330922759,0.13107000433601868
Gallazzi optical light-weighted,Control4C,1,0.12888260772666388,0.1824277880661179,1237661874014584882,Control4C,Lim:1483,BGG,11.05524,0.02496148,,0.1647801030082593,0.05638990132775945,0.22117000433601874
Gallazzi optical light-weighted,Control4C,1,0.12888260772666388,0.1824277880661179,1237658205595107386,Control4C,Lim:1484,BGG,11.0971,0.036633645,,0.16887322808698282,0.032996776249035825,0.20187000433601865
Gallazzi optical light-weighted,Control4C,1,0.12888260772666388,0.1824277880661179,1237662306190229574,Control4C,Lim:1485,BGG,11.15739,0.032892879,,0.17476846246338612,0.10750154187263256,0.2822700043360187
Gallazzi optical light-weighted,Control4C,1,0.12888260772666388,0.1824277880661179,1237674602676289621,Control4C,Lim:1486,BGG,11.02004,0.024431627,,0.16133820136537666,0.07563180297064212,0.23697000433601878
Gallazzi optical light-weighted,Control4C,1,0.12888260772666388,0.1824277880661179,1237654670812774584,Control4C,Lim:1488,BGG,10.96487,0.029871742,,0.1559436072279381,-0.2307736028919194,-0.0748299956639813
Gallazzi optical light-weighted,Control4C,1,0.12888260772666388,0.1824277880661179,1237657606426722319,Control4C,Lim:1490,BGG,11.0163,0.031444141,,0.16097249931582033,0.042297505020198384,0.20327000433601872
Gallazzi optical light-weighted,Control4C,1,0.12888260772666388,0.1824277880661179,1237655123940606085,Control4C,Lim:1494,BGG,10.80571,0.042053709,,0.14038073604949475,-0.370610731713476,-0.23022999566398128
Gallazzi optical light-weighted,Control4C,1,0.12888260772666388,0.1824277880661179,1237660671429967884,Control4C,Lim:1497,BGG,10.9591,0.033743967,,0.15537940914613602,0.055290595189882774,0.2106700043360188
Gallazzi optical light-weighted,Control4C,1,0.12888260772666388,0.1824277880661179,1237654391639376175,Control4C,Lim:1599,BGG,11.28539,0.041340298,,0.18728446843750496,-0.06171446410148612,0.12557000433601884
Gallazzi optical light-weighted,Control4C,1,0.12888260772666388,0.1824277880661179,1237661381704024168,Control4C,Lim:1600,BGG,11.47509,0.036801784,,0.2058335804163357,0.06303642391968312,0.2688700043360188
Gallazzi optical light-weighted,Control4C,1,0.12888260772666388,0.1824277880661179,1237654383585394819,Control4C,Lim:1616,BGG,11.2807,0.043463555,,0.1868258741561095,0.1518441301799092,0.3386700043360187
Gallazzi optical light-weighted,Control4C,1,0.12888260772666388,0.1824277880661179,1237659326026547328,Control4C,Lim:1619,BGG,11.34008,0.044638038,,0.1926321275525406,-0.057162123216521754,0.13547000433601886
Gallazzi optical light-weighted,Control4C,1,0.12888260772666388,0.1824277880661179,1237655370904764519,Control4C,Lim:1664,BGG,11.26308,0.036842627,,0.1851029677087348,-0.12023296337271616,0.06487000433601864
Gallazzi optical light-weighted,Control4C,1,0.12888260772666388,0.1824277880661179,1237661070324858896,Control4C,Lim:1714,BGG,11.05568,0.033268926,,0.16482312677879546,0.014246877557223259,0.17907000433601872
Gallazzi optical light-weighted,Control4C,1,0.12888260772666388,0.1824277880661179,1237661950254448667,Control4C,Lim:1718,BGG,11.09958,0.026890568,,0.1691157257027314,0.032654278633287265,0.20177000433601866
Gallazzi optical light-weighted,Control4C,1,0.12888260772666388,0.1824277880661179,1237648704600735996,Control4C,Lim:1719,BGG,11.11632,0.032754618,,0.17075258460903417,0.023817419726984618,0.1945700043360188
Gallazzi optical light-weighted,Control4C,1,0.12888260772666388,0.1824277880661179,1237661418750279689,Control4C,Lim:1733,BGG,11.08983,0.04407745,,0.16816235806017155,0.021607646275847103,0.18977000433601865
Gallazzi optical light-weighted,Control4C,1,0.12888260772666388,0.1824277880661179,1237655473429741692,Control4C,Lim:1739,BGG,11.15607,0.032076974,,0.17463939115177807,0.05913061318424062,0.2337700043360187
Gallazzi optical light-weighted,Control4C,1,0.12888260772666388,0.1824277880661179,1237659326567612655,Control4C,Lim:1744,BGG,11.06179,0.030351589,,0.16542057050146625,-0.16015056616544748,0.005270004336018763
Gallazzi optical light-weighted,Control4C,1,0.12888260772666388,0.1824277880661179,1237661851473477744,Control4C,Lim:1751,BGG,10.98599,0.035932082,,0.15800874821366767,-0.053338743877648975,0.1046700043360187
Gallazzi optical light-weighted,Control4C,1,0.12888260772666388,0.1824277880661179,1237658802572099605,Control4C,Lim:1753,BGG,10.92778,0.019863413,,0.15231689893434391,0.07445310540167488,0.2267700043360188
Gallazzi optical light-weighted,Control4C,1,0.12888260772666388,0.1824277880661179,1237657220414308527,Control4C,Lim:1939,BGG,11.32032,0.033695424,,0.19069996913028606,0.029970035205732742,0.2206700043360188
Gallazzi optical light-weighted,Control4C,1,0.12888260772666388,0.1824277880661179,1237662665890005019,Control4C,Lim:1948,BGG,11.30329,0.036445937,,0.1890347536479482,0.026035250688070555,0.21507000433601875
Gallazzi optical light-weighted,Control4C,1,0.12888260772666388,0.1824277880661179,1237661357535461419,Control4C,Lim:1949,BGG,11.25626,0.04393858,,0.18443609926542615,-0.09196609492940744,0.09247000433601871
Gallazzi optical light-weighted,Control4C,1,0.12888260772666388,0.1824277880661179,1237673705043198070,Control4C,Lim:1977,BGG,11.30896,0.032736403,,0.18958917360008304,-0.014219169264064357,0.17537000433601868
Gallazzi optical light-weighted,Control4C,1,0.12888260772666388,0.1824277880661179,1237655369826697298,Control4C,Lim:1996,BGG,11.29345,0.038219862,,0.1880725856886878,0.09699741864733102,0.2850700043360188
Gallazzi optical light-weighted,Control4C,1,0.12888260772666388,0.1824277880661179,1237654391103619080,Control4C,Lim:2018,BGG,11.21529,0.042713554,,0.18042999954074146,0.12744000479527728,0.30787000433601874
Gallazzi optical light-weighted,Control4C,1,0.12888260772666388,0.1824277880661179,1237661874027102309,Control4C,Lim:2021,BGG,11.14395,0.029331391,,0.17345428183610373,0.05021572249991496,0.2236700043360187
Gallazzi optical light-weighted,Control4C,1,0.12888260772666388,0.1824277880661179,1237659326018420756,Control4C,Lim:2038,BGG,11.12232,0.041563777,,0.171339272389071,0.030830731946947826,0.20217000433601884
Gallazzi optical light-weighted,Control4C,1,0.12888260772666388,0.1824277880661179,1237655374647853180,Control4C,Lim:2051,BGG,11.10067,0.030104063,,0.16922230731610471,-0.08565230298008591,0.0835700043360188
Gallazzi optical light-weighted,Control4C,1,0.12888260772666388,0.1824277880661179,1237651272962211930,Control4C,Lim:2055,BGG,11.09967,0.025798999,,0.16912452601943195,-0.01705452168341315,0.1520700043360188
Gallazzi optical light-weighted,Control4C,1,0.12888260772666388,0.1824277880661179,1237657242433028141,Control4C,Lim:2057,BGG,11.01179,0.032691682,,0.160531505667826,0.1708384986681928,0.3313700043360188
Gallazzi optical light-weighted,Control4C,1,0.12888260772666388,0.1824277880661179,1237658491204665406,Control4C,Lim:2065,BGG,11.1178,0.036387926,,0.17089730092811,0.04887270340790867,0.21977000433601868
Gallazzi optical light-weighted,Control4C,1,0.12888260772666388,0.1824277880661179,1237659161195249685,Control4C,Lim:2067,BGG,11.15442,0.026276035,,0.17447805201226796,-0.004608047676249116,0.16987000433601884
Gallazzi optical light-weighted,Control4C,1,0.12888260772666388,0.1824277880661179,1237660343935041576,Control4C,Lim:2068,BGG,11.08276,0.028512098,,0.16747104429269494,-0.0056010399566761015,0.16187000433601884
Gallazzi optical light-weighted,Control4C,1,0.12888260772666388,0.1824277880661179,1237655128762744915,Control4C,Lim:2074,BGG,11.04549,0.043524137,,0.16382673536569944,-0.00735673102968068,0.15647000433601876
Gallazzi optical light-weighted,Control4C,1,0.12888260772666388,0.1824277880661179,1237651752919105558,Control4C,Lim:2079,BGG,10.96925,0.018108335,,0.15637188930736506,0.053098115028653636,0.2094700043360187
Gallazzi optical light-weighted,Control4C,1,0.12888260772666388,0.1824277880661179,1237664131554541630,Control4C,Lim:2083,BGG,10.99175,0.032853486,,0.15857196848250305,-0.02640196414648427,0.13217000433601878
Gallazzi optical light-weighted,Control4C,1,0.12888260772666388,0.1824277880661179,1237654604776407246,Control4C,Lim:2084,BGG,11.06732,0.029060842,,0.16596130107206686,-0.008991296736048149,0.1569700043360187
Gallazzi optical light-weighted,Control4C,1,0.12888260772666388,0.1824277880661179,1237673705578758181,Control4C,Lim:2086,BGG,11.09334,0.029084511,,0.1685055704114931,0.04566443392452574,0.21417000433601885
Gallazzi optical light-weighted,Control4C,1,0.12888260772666388,0.1824277880661179,1237657117875372073,Control4C,Lim:2088,BGG,10.90979,0.029662965,,0.15055781340720006,0.16691219092881873,0.3174700043360188
Gallazzi optical light-weighted,Control4C,1,0.12888260772666388,0.1824277880661179,1237660635461779469,Control4C,Lim:2089,BGG,10.93703,0.025639812,,0.1532213759285673,0.18544862840745138,0.3386700043360187
Gallazzi optical light-weighted,Control4C,1,0.12888260772666388,0.1824277880661179,1237654879669452830,Control4C,Lim:2091,BGG,11.07672,0.03849746,,0.16688044526079115,0.02568955907522763,0.19257000433601879
Gallazzi optical light-weighted,Control4C,1,0.12888260772666388,0.1824277880661179,1237651538179850261,Control4C,Lim:2252,BGG,11.37721,0.032254616,,0.19626274709800173,-0.08429274276198295,0.11197000433601878
Gallazzi optical light-weighted,Control4C,1,0.12888260772666388,0.1824277880661179,1237659324953854088,Control4C,Lim:2283,BGG,11.28551,0.038383687,,0.18729620219310575,-0.06732619785708696,0.11997000433601879
Gallazzi optical light-weighted,Control4C,1,0.12888260772666388,0.1824277880661179,1237651191895752745,Control4C,Lim:2318,BGG,11.35979,0.031511985,,0.19455939690996155,0.009010607426057138,0.20357000433601868
Gallazzi optical light-weighted,Control4C,1,0.12888260772666388,0.1824277880661179,1237661949178216472,Control4C,Lim:2345,BGG,11.17039,0.022356521,,0.17603961932013257,0.07103038501588621,0.24707000433601878
Gallazzi optical light-weighted,Control4C,1,0.12888260772666388,0.1824277880661179,1237648705135771804,Control4C,Lim:2355,BGG,11.19496,0.037062529,,0.1784421057793834,0.07002789855663544,0.24847000433601885
Gallazzi optical light-weighted,Control4C,1,0.12888260772666388,0.1824277880661179,1237659329773633700,Control4C,Lim:2376,BGG,11.294,0.03809311,,0.18812636540185787,0.1457436389341609,0.33387000433601877
Gallazzi optical light-weighted,Control4C,1,0.12888260772666388,0.1824277880661179,1237648721249435820,Control4C,Lim:2454,BGG,11.35226,0.043557509,,0.19382310374601525,0.14874690059000345,0.3425700043360187
Gallazzi optical light-weighted,Control4C,1,0.12888260772666388,0.1824277880661179,1237654609606148156,Control4C,Lim:2457,BGG,11.24583,0.04287809,,0.18341624034112886,-0.019846236005110207,0.16357000433601865
Gallazzi optical light-weighted,Control4C,1,0.12888260772666388,0.1824277880661179,1237665355622121532,Control4C,Lim:2462,BGG,11.23132,0.033950262,,0.18199743372640653,0.032372570609612294,0.21437000433601883
Gallazzi optical light-weighted,Control4C,1,0.12888260772666388,0.1824277880661179,1237661124540956698,Control4C,Lim:2471,BGG,11.092,0.021809217,,0.16837454347395164,0.05219546086206717,0.2205700043360188
Gallazzi optical light-weighted,Control4C,1,0.12888260772666388,0.1824277880661179,1237657606427246665,Control4C,Lim:2489,BGG,11.05915,0.03100677,,0.16516242787825008,-0.1570924235422314,0.008070004336018677
Gallazzi optical light-weighted,Control4C,1,0.12888260772666388,0.1824277880661179,1237648721754587439,Control4C,Lim:2491,BGG,11.07523,0.033810897,,0.16673475112874864,-0.12746474679272984,0.03927000433601879
Gallazzi optical light-weighted,Control4C,1,0.12888260772666388,0.1824277880661179,1237671932283519102,Control4C,Lim:2498,BGG,11.01851,0.036911489,,0.1611885959814672,-0.026018591645448536,0.13517000433601867
Gallazzi optical light-weighted,Control4C,1,0.12888260772666388,0.1824277880661179,1237671129667666121,Control4C,Lim:2500,BGG,11.13554,0.034582596,,0.17263194113108551,0.11063806320493327,0.2832700043360188
Gallazzi optical light-weighted,Control4C,1,0.12888260772666388,0.1824277880661179,1237657856065994762,Control4C,Lim:2530,BGG,11.1388,0.042328689,,0.17295070815823876,0.07561929617778007,0.24857000433601883
Gallazzi optical light-weighted,Control4C,1,0.12888260772666388,0.1824277880661179,1237651250968199288,Control4C,Lim:2539,BGG,10.9962,0.036760053,,0.15900709525269707,0.06036290908332165,0.21937000433601872
Gallazzi optical light-weighted,Control4C,1,0.12888260772666388,0.1824277880661179,1237658204514746432,Control4C,Lim:2543,BGG,10.9809,0.034758387,,0.15751104141360317,0.09465896292241549,0.25217000433601866
Gallazzi optical light-weighted,Control4C,1,0.12888260772666388,0.1824277880661179,1237671956981153874,Control4C,Lim:2547,BGG,10.96649,0.023847885,,0.1561020129285481,0.05256799140747068,0.2086700043360188
Gallazzi optical light-weighted,Control4C,1,0.12888260772666388,0.1824277880661179,1237661416603910214,Control4C,Lim:2548,BGG,11.00397,0.044019755,,0.15976685592784481,0.15920314840817404,0.31897000433601885
Gallazzi optical light-weighted,Control4C,1,0.12888260772666388,0.1824277880661179,1237654653642997820,Control4C,Lim:2554,BGG,11.05377,0.016629392,,0.16463636450215036,0.09833363983386845,0.2629700043360188
Gallazzi optical light-weighted,Control4C,1,0.12888260772666388,0.1824277880661179,1237651496830238876,Control4C,Lim:2975,BGG,11.27564,0.042120868,,0.18633110079494508,0.09983890354107361,0.2861700043360187
Gallazzi optical light-weighted,Control4C,1,0.12888260772666388,0.1824277880661179,1237661210974945409,Control4C,Lim:2995,BGG,11.08855,0.031592665,,0.16803719800043038,0.13123280633558843,0.2992700043360188
Gallazzi optical light-weighted,Control4C,1,0.12888260772666388,0.1824277880661179,1237661949715808296,Control4C,Lim:2999,BGG,11.22226,0.041651706,,0.18111153517855094,0.0409584691574677,0.22207000433601864
Gallazzi optical light-weighted,Control4C,1,0.12888260772666388,0.1824277880661179,1237654605856309257,Control4C,Lim:3017,BGG,11.16521,0.029997184,,0.17553311220336754,0.00483689213265126,0.1803700043360188
Gallazzi optical light-weighted,Control4C,1,0.12888260772666388,0.1824277880661179,1237648722834686048,Control4C,Lim:3025,BGG,11.00532,0.040702657,,0.15989886067835296,-0.07142885634233426,0.0884700043360187
Gallazzi optical light-weighted,Control4C,1,0.12888260772666388,0.1824277880661179,1237660636001075217,Control4C,Lim:3027,BGG,11.0139,0.034128757,,0.16073782420380564,-0.07496781986778686,0.08577000433601878
Gallazzi optical light-weighted,Control4C,1,0.12888260772666388,0.1824277880661179,1237655501889994832,Control4C,Lim:3053,BGG,11.0304,0.044988519,,0.16235121559890694,-0.21818121126288811,-0.05582999566398117
Gallazzi optical light-weighted,Control4C,1,0.12888260772666388,0.1824277880661179,1237655368760098952,Control4C,Lim:3072,BGG,11.06325,0.038615189,,0.1655633311946085,-0.07079332685858983,0.09477000433601868
Gallazzi optical light-weighted,Control4C,1,0.12888260772666388,0.1824277880661179,1237671767461331011,Control4C,Lim:3092,BGG,10.95669,0.029771613,,0.15514375622115462,-0.18727375188513595,-0.03212999566398134
Gallazzi optical light-weighted,Control4C,1,0.12888260772666388,0.1824277880661179,1237661383308083205,Control4C,Lim:3097,BGG,11.12932,0.042910693,,0.1720237414657806,0.16814626287023815,0.34017000433601874
Gallazzi optical light-weighted,Control4C,1,0.12888260772666388,0.1824277880661179,1237657591393157289,Control4C,Lim:3103,BGG,11.10089,0.04091362,,0.16924381920137277,0.12592618513464604,0.2951700043360188
Gallazzi optical light-weighted,Control4C,1,0.12888260772666388,0.1824277880661179,1237648721771888672,Control4C,Lim:3126,BGG,11.03809,0.024143606,,0.1631031537703208,0.07006685056569795,0.23317000433601875
Gallazzi optical light-weighted,Control4C,1,0.12888260772666388,0.1824277880661179,1237658312943665169,Control4C,Lim:3133,BGG,10.99619,0.028129658,,0.15900611743973037,0.00016388689628832331,0.1591700043360187
Gallazzi optical light-weighted,Control4C,1,0.12888260772666388,0.1824277880661179,1237657775534702644,Control4C,Lim:3140,BGG,10.99073,0.027442048,,0.15847223155989676,-0.03520222722387811,0.12327000433601865
Gallazzi optical light-weighted,Control4C,1,0.12888260772666388,0.1824277880661179,1237658298999832594,Control4C,Lim:3143,BGG,10.87568,0.036295784,,0.14722249337769075,0.06104751095832808,0.20827000433601883
Gallazzi optical light-weighted,Control4C,1,0.12888260772666388,0.1824277880661179,1237655465930653734,Control4C,Lim:3664,BGG,11.19774,0.043469611,,0.17871393778413375,-0.0030439334481150992,0.17567000433601865
Gallazzi optical light-weighted,Control4C,1,0.12888260772666388,0.1824277880661179,1237659161735921721,Control4C,Lim:3684,BGG,11.16682,0.036860169,,0.17569054009101068,-0.13472053575499185,0.04097000433601883
Gallazzi optical light-weighted,Control4C,1,0.12888260772666388,0.1824277880661179,1237651539782271105,Control4C,Lim:3745,BGG,11.57854,0.042374868,,0.21594905555713723,0.07652094877888144,0.29247000433601866
Gallazzi optical light-weighted,Control4C,1,0.12888260772666388,0.1824277880661179,1237655465383428181,Control4C,Lim:3762,BGG,11.15581,0.031400073,,0.17461396801464324,-0.010543963678624424,0.16407000433601882
Gallazzi optical light-weighted,Control4C,1,0.12888260772666388,0.1824277880661179,1237648705129349140,Control4C,Lim:3770,BGG,11.1686,0.031165708,,0.17586459079908828,-0.10489458646306943,0.07097000433601885
Gallazzi optical light-weighted,Control4C,1,0.12888260772666388,0.1824277880661179,1237654653635985662,Control4C,Lim:3776,BGG,11.04883,0.042096308,,0.16415332489658674,-0.06538332056056806,0.09877000433601868
Gallazzi optical light-weighted,Control4C,1,0.12888260772666388,0.1824277880661179,1237655370364354565,Control4C,Lim:3777,BGG,11.08753,0.028215497,,0.1679374610778241,0.04153254325819461,0.2094700043360187
Gallazzi optical light-weighted,Control4C,1,0.12888260772666388,0.1824277880661179,1237674649388056620,Control4C,Lim:3789,BGG,11.14839,0.026518365,,0.17388843079333088,-0.09781842645731215,0.07607000433601874
Gallazzi optical light-weighted,Control4C,1,0.12888260772666388,0.1824277880661179,1237659327103696926,Control4C,Lim:3829,BGG,11.1706,0.030027984,,0.17606015339243394,-0.0164901490564153,0.15957000433601864
Gallazzi optical light-weighted,Control4C,1,0.12888260772666388,0.1824277880661179,1237655692479037666,Control4C,Lim:3879,BGG,11.10931,0.037448197,,0.17006713771935789,0.03690286661666087,0.20697000433601875
Gallazzi optical light-weighted,Control4C,1,0.12888260772666388,0.1824277880661179,1237661356998197278,Control4C,Lim:3935,BGG,10.95587,0.022945392,,0.155063575557883,-0.07979357122186417,0.07527000433601883
Gallazzi optical light-weighted,Control4C,1,0.12888260772666388,0.1824277880661179,1237654601026175091,Control4C,Lim:3959,BGG,10.96525,0.035658105,,0.15598076412067374,0.07188924021534493,0.22787000433601867
Gallazzi optical light-weighted,Control4C,1,0.12888260772666388,0.1824277880661179,1237657628446097522,Control4C,Lim:3966,BGG,11.23107,0.02535977,,0.1819729884022384,0.1575970159337804,0.3395700043360188
Gallazzi optical light-weighted,Control4C,1,0.12888260772666388,0.1824277880661179,1237671129130205319,Control4C,Lim:3993,BGG,11.05534,0.035928322,,0.16478988113792656,0.08688012319809216,0.2516700043360187
Gallazzi optical light-weighted,Control4C,1,0.12888260772666388,0.1824277880661179,1237657873793482757,Control4C,Lim:3997,BGG,11.08774,0.041499448,,0.16795799515012547,0.0003120091858933305,0.1682700043360188
Gallazzi optical light-weighted,Control4C,1,0.12888260772666388,0.1824277880661179,1237648704595492963,Control4C,Lim:4000,BGG,11.09604,0.041584416,,0.16876957991250974,0.14580042442350893,0.31457000433601867
Gallazzi optical light-weighted,Control4C,1,0.12888260772666388,0.1824277880661179,1237661817636651052,Control4C,Lim:4005,BGG,10.98316,0.026341375,,0.1577320271440837,0.12883797719193496,0.28657000433601865
Gallazzi optical light-weighted,Control4C,1,0.12888260772666388,0.1824277880661179,1237654879667552297,Control4C,Lim:4007,BGG,10.97401,0.044266015,,0.15683732827952754,-0.030967323943508734,0.1258700043360188
Gallazzi optical light-weighted,Control4C,1,0.12888260772666388,0.1824277880661179,1237655691940266371,Control4C,Lim:4008,BGG,11.07,0.043370811,,0.16622335494714996,0.01144664938886869,0.17767000433601865
Gallazzi optical light-weighted,Control4C,1,0.12888260772666388,0.1824277880661179,1237651250945589326,Control4C,Lim:4010,BGG,10.96404,0.040749441,,0.15586244875169977,-0.07029244441568097,0.0855700043360188
Gallazzi optical light-weighted,Control4C,1,0.12888260772666388,0.1824277880661179,1237658802577080326,Control4C,Lim:4011,BGG,10.89045,0.031920356,,0.1486667231295481,-0.07209671879352941,0.07657000433601868
Gallazzi optical light-weighted,Control4C,1,0.12888260772666388,0.1824277880661179,1237657591386079240,Control4C,Lim:4016,BGG,11.20991,0.025248776,,0.17990393616464187,-0.12123393182862321,0.058670004336018655
Gallazzi optical light-weighted,Control4C,1,0.12888260772666388,0.1824277880661179,1237659161197019316,Control4C,Lim:4045,BGG,10.95581,0.037315588,,0.1550577086800825,0.08501229565593615,0.24007000433601866
Gallazzi optical light-weighted,Control4C,1,0.12888260772666388,0.1824277880661179,1237662336261161188,Control4C,Lim:4047,BGG,10.96653,0.035699,,0.15610592418041505,-0.024135919844396253,0.1319700043360188
Gallazzi optical light-weighted,Control4C,1,0.12888260772666388,0.1824277880661179,1237657595152302205,Control4C,Lim:4060,BGG,10.94869,0.024924342,,0.15436150584777208,0.0987084984882467,0.2530700043360188
Gallazzi optical light-weighted,Control4C,1,0.12888260772666388,0.1824277880661179,1237662263252549810,Control4C,Lim:4437,BGG,11.25471,0.042304616,,0.18428453825558333,0.0913854660804354,0.27567000433601874
Gallazzi optical light-weighted,Control4C,1,0.12888260772666388,0.1824277880661179,1237661872403447862,Control4C,Lim:4499,BGG,11.13071,0.039064039,,0.17215965746815587,0.04761034686786281,0.21977000433601868
Gallazzi optical light-weighted,Control4C,1,0.12888260772666388,0.1824277880661179,1237662195055263782,Control4C,Lim:4742,BGG,11.11507,0.043714412,,0.1706303579881931,0.08673964634782566,0.25737000433601875
Gallazzi optical light-weighted,Control4C,1,0.12888260772666388,0.1824277880661179,1237650371552346155,Control4C,Lim:4776,BGG,11.15656,0.0442197,,0.17468730398714782,-0.10611729965112915,0.06857000433601868
Gallazzi optical light-weighted,Control4C,1,0.12888260772666388,0.1824277880661179,1237655124465483920,Control4C,Lim:4779,BGG,11.21129,0.042879914,,0.18003887435405028,-0.004168870018031429,0.17587000433601885
Gallazzi optical light-weighted,Control4C,1,0.12888260772666388,0.1824277880661179,1237654605863452834,Control4C,Lim:4797,BGG,11.20176,0.035491083,,0.17910701859675848,-0.04463701426073974,0.13447000433601874
Gallazzi optical light-weighted,Control4C,1,0.12888260772666388,0.1824277880661179,1237657401347407877,Control4C,Lim:4905,BGG,11.1873,0.027425466,,0.17769310104686978,0.15117690328914887,0.32887000433601865
Gallazzi optical light-weighted,Control4C,1,0.12888260772666388,0.1824277880661179,1237657770705289289,Control4C,Lim:4953,BGG,11.10837,0.040954171,,0.16997522330048545,-0.030505218964466813,0.13947000433601864
Gallazzi optical light-weighted,Control4C,1,0.12888260772666388,0.1824277880661179,1237654399152750671,Control4C,Lim:4961,BGG,11.00744,0.033181644,,0.16010615702729944,-0.07183615269128071,0.08827000433601873
Gallazzi optical light-weighted,Control4C,1,0.12888260772666388,0.1824277880661179,1237661136887939142,Control4C,Lim:4967,BGG,11.13398,0.043877517,,0.1724794023082758,-0.027109397972257143,0.14537000433601865
Gallazzi optical light-weighted,Control4C,1,0.12888260772666388,0.1824277880661179,1237662262178807906,Control4C,Lim:4977,BGG,11.18784,0.042610848,,0.177745902947073,-0.11347589861105428,0.0642700043360187
Gallazzi optical light-weighted,Control4C,1,0.12888260772666388,0.1824277880661179,1237661388148244492,Control4C,Lim:5055,BGG,11.07534,0.037475137,,0.16674550707138275,-0.03387550273536405,0.1328700043360187
Gallazzi optical light-weighted,Control4C,1,0.12888260772666388,0.1824277880661179,1237661970110152760,Control4C,Lim:5070,BGG,10.73777,0.038606773,,0.1337374747535445,-0.06256747041752567,0.07117000433601883
Gallazzi optical light-weighted,Control4C,1,0.12888260772666388,0.1824277880661179,1237651272424685655,Control4C,Lim:5101,BGG,10.89995,0.032519393,,0.1495956454479398,-0.08422564111192099,0.0653700043360188
Gallazzi optical light-weighted,Control4C,1,0.12888260772666388,0.1824277880661179,1237659325489152123,Control4C,Lim:5118,BGG,11.13378,0.041993102,,0.1724598460489413,0.12931015828707745,0.30177000433601875
Gallazzi optical light-weighted,Control4C,1,0.12888260772666388,0.1824277880661179,1237657878077702182,Control4C,Lim:5143,BGG,10.93388,0.027412003,,0.152913364844048,0.17235663949197083,0.3252700043360188
Gallazzi optical light-weighted,Control4C,1,0.12888260772666388,0.1824277880661179,1237662266461585585,Control4C,Lim:5146,BGG,11.05469,0.035379562,,0.1647263232950894,0.012143681040929333,0.17687000433601874
Gallazzi optical light-weighted,Control4C,1,0.12888260772666388,0.1824277880661179,1237661949178740758,Control4C,Lim:5151,BGG,10.96177,0.044760975,,0.1556404852082524,0.010329519127766418,0.16597000433601883
Gallazzi optical light-weighted,Control4C,1,0.12888260772666388,0.1824277880661179,1237659324943237142,Control4C,Lim:5161,BGG,11.07908,0.042017342,,0.1671112091209389,-0.1098412047849201,0.05727000433601881
Gallazzi optical light-weighted,Control4C,1,0.12888260772666388,0.1824277880661179,1237661069243449478,Control4C,Lim:5174,BGG,10.84422,0.032284406,,0.14414629378436444,0.03682371055165429,0.18097000433601873
Gallazzi optical light-weighted,Control4C,1,0.12888260772666388,0.1824277880661179,1237661357547388937,Control4C,Lim:5191,BGG,10.99419,0.029460773,,0.1588105548463847,-0.03754055051036606,0.12127000433601864
Gallazzi optical light-weighted,Control4C,1,0.12888260772666388,0.1824277880661179,1237659133287923957,Control4C,Lim:5195,BGG,10.88784,0.036970624,,0.14841151394523217,0.06965849039078648,0.21807000433601864
Gallazzi optical light-weighted,Control4C,1,0.12888260772666388,0.1824277880661179,1237648722284314869,Control4C,Lim:5200,BGG,10.95607,0.042493262,,0.1550831318172175,-0.9556131274811985,-0.8005299956639811
Gallazzi optical light-weighted,Control4C,1,0.12888260772666388,0.1824277880661179,1237662195072761905,Control4C,Lim:5206,BGG,11.05218,0.026394354,,0.16448089224044057,0.010889112095578107,0.17537000433601868
Gallazzi optical light-weighted,Control4C,1,0.12888260772666388,0.1824277880661179,1237650797288226901,Control4C,Lim:5210,BGG,10.96947,0.041820464,,0.15639340119263298,-0.03382339685661426,0.12257000433601872
Gallazzi optical light-weighted,Control4C,1,0.12888260772666388,0.1824277880661179,1237654604253233185,Control4C,Lim:5217,BGG,11.00259,0.043133411,,0.15963191773843624,0.06303808659758256,0.2226700043360188
Gallazzi optical light-weighted,Control4C,1,0.12888260772666388,0.1824277880661179,1237648705131053137,Control4C,Lim:5232,BGG,10.88253,0.040531152,,0.14789229525989944,0.18247770907611927,0.3303700043360187
Gallazzi optical light-weighted,Control4C,1,0.12888260772666388,0.1824277880661179,1237654874824245265,Control4C,Lim:5238,BGG,10.94281,0.036468682,,0.15378655182333606,0.08648345251268258,0.24027000433601864
Gallazzi optical light-weighted,Control4C,1,0.12888260772666388,0.1824277880661179,1237660561894801791,Control4C,Lim:5253,BGG,11.04457,0.043621129,,0.16373677657276056,-0.03766677223674178,0.12607000433601878
Gallazzi optical light-weighted,Control4C,1,0.12888260772666388,0.1824277880661179,1237654600497365149,Control4C,Lim:5261,BGG,10.98458,0.030316969,,0.15787087658535903,-0.05030087224934021,0.10757000433601882
Gallazzi optical light-weighted,Control4C,1,0.12888260772666388,0.1824277880661179,1237654879656542226,Control4C,Lim:5291,BGG,10.84966,0.021763398,,0.1446782240382645,-0.002508219702245712,0.14217000433601878
Gallazzi optical light-weighted,Control4C,1,0.12888260772666388,0.1824277880661179,1237664105779560493,Control4C,Lim:5305,BGG,10.94322,0.031668647,,0.15382664215497197,-0.02795663781895316,0.1258700043360188
Gallazzi optical light-weighted,Control4C,1,0.12888260772666388,0.1824277880661179,1237654398616076318,Control4C,Lim:5326,BGG,11.00144,0.033247886,,0.1595194692472626,0.01855053508875623,0.17807000433601883
Gallazzi optical light-weighted,Control4C,1,0.12888260772666388,0.1824277880661179,1237655473968840814,Control4C,Lim:5328,BGG,10.96077,0.030513803,,0.15554270391157965,-0.02357269957556085,0.1319700043360188
Gallazzi optical light-weighted,Control4C,1,0.12888260772666388,0.1824277880661179,1237661418211508275,Control4C,Lim:5329,BGG,11.03359,0.041458038,,0.1626631379352932,0.11710686640072554,0.27977000433601873
Gallazzi optical light-weighted,Control4C,1,0.12888260772666388,0.1824277880661179,1237651755078582359,Control4C,Lim:5334,BGG,10.70034,0.041701013,,0.1300775208190816,-0.08550751648306296,0.044570004336018654
Gallazzi optical light-weighted,Control4C,1,0.12888260772666388,0.1824277880661179,1237662224615342095,Control4C,Lim:5337,BGG,10.85575,0.029095383,,0.1452737121350019,-0.29640370779898323,-0.15112999566398133
Gallazzi optical light-weighted,Control4C,1,0.12888260772666388,0.1824277880661179,1237653665796390983,Control4C,Lim:5344,BGG,10.89073,0.023770052,,0.14869410189261648,0.009075902443402367,0.15777000433601884
Gallazzi optical light-weighted,Control4C,1,0.12888260772666388,0.1824277880661179,1237655691404902756,Control4C,Lim:5374,BGG,10.37702,0.040759275,,0.09846287197883084,-0.19069286764281201,-0.09222999566398116
Gallazzi optical light-weighted,Control4C,1,0.12888260772666388,0.1824277880661179,1237654601034235941,Control4C,Lim:5413,BGG,10.71093,0.030071599,,0.13111302475084646,0.0787569795851722,0.20987000433601866
Gallazzi optical light-weighted,Control4C,1,0.12888260772666388,0.1824277880661179,1237659150459142239,Control4C,Lim:6134,BGG,11.30054,0.037842034,,0.18876585508209792,-0.03419585074607917,0.15457000433601875
Gallazzi optical light-weighted,Control4C,1,0.12888260772666388,0.1824277880661179,1237663530255056942,Control4C,Lim:6449,BGG,11.1562,0.031248995,,0.17465210272034556,0.13961790161567314,0.3142700043360187
Gallazzi optical light-weighted,Control4C,1,0.12888260772666388,0.1824277880661179,1237658311329906861,Control4C,Lim:6466,BGG,11.45236,0.044781808,,0.20361101154296296,0.0066589927930558734,0.21027000433601883
Gallazzi optical light-weighted,Control4C,1,0.12888260772666388,0.1824277880661179,1237654381977731176,Control4C,Lim:6736,BGG,11.14239,0.038819946,,0.1733017430132942,0.053468261322724586,0.2267700043360188
Gallazzi optical light-weighted,Control4C,1,0.12888260772666388,0.1824277880661179,1237661137425334280,Control4C,Lim:6858,BGG,10.85643,0.031705872,,0.14534020341673934,-0.2357701990807207,-0.09042999566398136
Gallazzi optical light-weighted,Control4C,1,0.12888260772666388,0.1824277880661179,1237659120399613971,Control4C,Lim:6945,BGG,11.10378,0.036188255,,0.16952640714875725,-0.1188564028127386,0.05067000433601865
Gallazzi optical light-weighted,Control4C,1,0.12888260772666388,0.1824277880661179,1237660613973049348,Control4C,Lim:6950,BGG,10.85039,0.03043002,,0.14474960438483572,-0.6003796000488169,-0.4556299956639811
Gallazzi optical light-weighted,Control4C,1,0.12888260772666388,0.1824277880661179,1237673705041756259,Control4C,Lim:6954,BGG,11.09286,0.040538667,,0.1684586353890902,-0.022688631053071368,0.14577000433601883
Gallazzi optical light-weighted,Control4C,1,0.12888260772666388,0.1824277880661179,1237671936578093073,Control4C,Lim:6978,BGG,11.04916,0.040595781,,0.16418559272448877,-0.10441558838847001,0.059770004336018756
Gallazzi optical light-weighted,Control4C,1,0.12888260772666388,0.1824277880661179,1237661125612077126,Control4C,Lim:6989,BGG,10.89954,0.028555912,,0.14955555511630392,-0.06558555078028516,0.08397000433601876
Gallazzi optical light-weighted,Control4C,1,0.12888260772666388,0.1824277880661179,1237661435921891397,Control4C,Lim:7044,BGG,11.17706,0.029588818,,0.1766918205689403,0.10407818376707853,0.28077000433601884
Gallazzi optical light-weighted,Control4C,1,0.12888260772666388,0.1824277880661179,1237661387620876410,Control4C,Lim:7051,BGG,11.02716,0.036415141,,0.16203440419768708,0.0005356001383316766,0.16257000433601876
Gallazzi optical light-weighted,Control4C,1,0.12888260772666388,0.1824277880661179,1237661387069194275,Control4C,Lim:7052,BGG,11.06168,0.045150454,,0.1654098145588323,0.10466018977718639,0.2700700043360187
Gallazzi optical light-weighted,Control4C,1,0.12888260772666388,0.1824277880661179,1237671991878221902,Control4C,Lim:7058,BGG,11.08065,0.029527836,,0.1672647257567153,0.03990527857930343,0.20717000433601873
Gallazzi optical light-weighted,Control4C,1,0.12888260772666388,0.1824277880661179,1237657772321472671,Control4C,Lim:7067,BGG,11.06514,0.044410931,,0.16574813784532005,0.0077218664906986145,0.17347000433601867
Gallazzi optical light-weighted,Control4C,1,0.12888260772666388,0.1824277880661179,1237651192433344532,Control4C,Lim:7069,BGG,11.10474,0.03873937,,0.16962027719356307,0.04134972714245569,0.21097000433601876
Gallazzi optical light-weighted,Control4C,1,0.12888260772666388,0.1824277880661179,1237661357538148407,Control4C,Lim:7114,BGG,11.05428,0.043429102,,0.1646862329634535,-0.05351622862743485,0.11117000433601865
Gallazzi optical light-weighted,Control4C,1,0.12888260772666388,0.1824277880661179,1237658492278669408,Control4C,Lim:7128,BGG,10.89433,0.037290673,,0.14904611456063863,-0.10897611022461992,0.040070004336018705
Gallazzi optical light-weighted,Control4C,1,0.12888260772666388,0.1824277880661179,1237660669818241081,Control4C,Lim:7158,BGG,10.84569,0.044935931,,0.1442900322904734,0.07697997204554533,0.22127000433601873
Gallazzi optical light-weighted,Control4C,1,0.12888260772666388,0.1824277880661179,1237662300841377924,Control4C,Lim:7162,BGG,11.00634,0.035428072,,0.15999859760095925,-0.018428593264940396,0.14157000433601885
Gallazzi optical light-weighted,Control4C,1,0.12888260772666388,0.1824277880661179,1237661386530816015,Control4C,Lim:7183,BGG,11.05246,0.041915869,,0.16450827100350895,-0.0433382666674903,0.12117000433601866
Gallazzi optical light-weighted,Control4C,1,0.12888260772666388,0.1824277880661179,1237651737375015076,Control4C,Lim:7184,BGG,11.11864,0.039591275,,0.17097943721731498,-0.027909432881296298,0.14307000433601869
Gallazzi optical light-weighted,Control4C,1,0.12888260772666388,0.1824277880661179,1237657630590238967,Control4C,Lim:7186,BGG,10.90527,0.026387656,,0.15011584194623906,0.10955416238977966,0.2596700043360187
Gallazzi optical light-weighted,Control4C,1,0.12888260772666388,0.1824277880661179,1237657628439347341,Control4C,Lim:7197,BGG,11.12856,0.029046418,,0.1719494276803093,-0.0007794233442905973,0.1711700043360187
Gallazzi optical light-weighted,Control4C,1,0.12888260772666388,0.1824277880661179,1237659327099896118,Control4C,Lim:7219,BGG,10.96433,0.043473572,,0.15589080532773486,-0.012720800991716186,0.14317000433601867
Gallazzi optical light-weighted,Control4C,1,0.12888260772666388,0.1824277880661179,1237657775006286005,Control4C,Lim:7224,BGG,10.84204,0.042236956,,0.1439331305576178,-0.03486312622159915,0.10907000433601866
Gallazzi optical light-weighted,Control4C,1,0.12888260772666388,0.1824277880661179,1237660764842164279,Control4C,Lim:7264,BGG,10.35304,0.025747583,,0.09611807648461704,-0.11524807214859825,-0.019129995663981214
Gallazzi optical light-weighted,Control4C,1,0.12888260772666388,0.1824277880661179,1237657629511712956,Control4C,Lim:7269,BGG,10.67591,0.042405144,,0.12768872374136497,0.010981280594653753,0.13867000433601873
Gallazzi optical light-weighted,Control4C,1,0.12888260772666388,0.1824277880661179,1237648722289623054,Control4C,Lim:7327,BGG,11.10819,0.037313006,,0.1699576226670843,0.1151123816689345,0.2850700043360188
Gallazzi optical light-weighted,Control4C,1,0.12888260772666388,0.1824277880661179,1237658918530056305,Control4C,Lim:7386,BGG,10.97177,0.034812276,,0.1566182981749804,0.17235170616103823,0.32897000433601864
Gallazzi optical light-weighted,Control4C,1,0.12888260772666388,0.1824277880661179,1237655473436360831,Control4C,Lim:7407,BGG,10.80094,0.031077292,,0.1399143192643656,0.07995568507165307,0.21987000433601867
Gallazzi optical light-weighted,Control4C,1,0.12888260772666388,0.1824277880661179,1237654953207332988,Control4C,Lim:7436,BGG,10.81054,0.03552314,,0.1408530197124244,-0.03488301537640562,0.10597000433601877
Gallazzi optical light-weighted,Control4C,1,0.12888260772666388,0.1824277880661179,1237654605329137794,Control4C,Lim:9394,BGG,11.23892,0.042362321,,0.18274057158111984,0.048429432754898916,0.23117000433601875
Gallazzi optical light-weighted,Control4C,1,0.12888260772666388,0.1824277880661179,1237674603216633993,Control4C,Lim:9765,BGG,11.13641,0.039316906,,0.17271701085919075,-0.10264700652317202,0.07007000433601873
Gallazzi optical light-weighted,Control4C,1,0.12888260772666388,0.1824277880661179,1237665355084005428,Control4C,Lim:9774,BGG,11.19512,0.033947347,,0.178457750786851,0.08731225354916772,0.2657700043360187
Gallazzi optical light-weighted,Control4C,1,0.12888260772666388,0.1824277880661179,1237661417673916574,Control4C,Lim:9790,BGG,11.0988,0.040394942,,0.16903945629132672,-0.266169451955308,-0.09712999566398128
Gallazzi optical light-weighted,Control4C,1,0.12888260772666388,0.1824277880661179,1237658205578657826,Control4C,Lim:9833,BGG,10.82147,0.042081502,,0.14192176928505815,-0.020751764949039492,0.12117000433601866
Gallazzi optical light-weighted,Control4C,1,0.12888260772666388,0.1824277880661179,1237651752415854747,Control4C,Lim:9995,BGG,11.08024,0.026447369,,0.16722463542507943,-0.1507546310890608,0.01647000433601864
Gallazzi optical light-weighted,Control4C,1,0.12888260772666388,0.1824277880661179,1237654880741228570,Control4C,Lim:10120,BGG,11.06011,0.045057866,,0.1652562979230559,-0.0019862935870372245,0.16327000433601868
Gallazzi optical light-weighted,Control4C,1,0.12888260772666388,0.1824277880661179,1237648705667137705,Control4C,Lim:10121,BGG,11.05283,0.033946782,,0.16454445008327792,-0.15407444574725906,0.010470004336018857
Gallazzi optical light-weighted,Control4C,1,0.12888260772666388,0.1824277880661179,1237657629512826964,Control4C,Lim:10163,BGG,11.21109,0.02961326,,0.18001931809471577,0.1627506862413029,0.3427700043360187
Gallazzi optical light-weighted,Control4C,1,0.12888260772666388,0.1824277880661179,1237659326562304075,Control4C,Lim:10218,BGG,11.15274,0.040260102,,0.17431377943385762,0.028256224902161176,0.2025700043360188
Gallazzi optical light-weighted,Control4C,1,0.12888260772666388,0.1824277880661179,1237659162816020815,Control4C,Lim:10236,BGG,11.02857,0.030907197,,0.16217227582599572,0.01229772851002306,0.17447000433601878
Gallazzi optical light-weighted,Control4C,1,0.12888260772666388,0.1824277880661179,1237674648847450200,Control4C,Lim:10247,BGG,10.953,0.039515349,,0.1547829432364319,-0.12301293890041318,0.03177000433601873
Gallazzi optical light-weighted,Control4C,1,0.12888260772666388,0.1824277880661179,1237657612341543037,Control4C,Lim:10423,BGG,11.22813,0.043968626,,0.1816855113900203,-0.09491550705400162,0.08677000433601867
Gallazzi optical light-weighted,Control4C,1,0.12888260772666388,0.1824277880661179,1237658608219848819,Control4C,Lim:10458,BGG,10.95547,0.044338433,,0.1550244630392138,-0.168254458703195,-0.013229995663981198
Gallazzi optical light-weighted,Control4C,1,0.12888260772666388,0.1824277880661179,1237654948913283207,Control4C,Lim:10506,BGG,11.02911,0.043911226,,0.16222507772619893,-0.08315507339018008,0.07907000433601885
Gallazzi optical light-weighted,Control4C,1,0.12888260772666388,0.1824277880661179,1237671123220168862,Control4C,Lim:10574,BGG,10.9834,0.045072988,,0.15775549465528516,-0.4172854903192663,-0.25952999566398116
Gallazzi optical light-weighted,Control4C,1,0.12888260772666388,0.1824277880661179,1237658425163776048,Control4C,Lim:10610,BGG,10.89841,0.037120132,,0.14944506225106366,0.13762494208495515,0.2870700043360188
Gallazzi optical light-weighted,Control4C,1,0.12888260772666388,0.1824277880661179,1237664870822772966,Control4C,Lim:10757,BGG,11.04547,0.043643885,,0.16382477973976606,0.1467452245962526,0.31057000433601867
Gallazzi optical light-weighted,Control4C,1,0.12888260772666388,0.1824277880661179,1237674368067829775,Control4C,Lim:10883,BGG,10.87086,0.034170963,,0.14675118752772798,-0.00268118319170918,0.1440700043360188
Gallazzi optical light-weighted,Control4C,1,0.12888260772666388,0.1824277880661179,1237658493891903500,Control4C,Lim:10900,BGG,10.84702,0.025459832,,0.14442008141504836,-0.07355007707902972,0.07087000433601864
Gallazzi optical light-weighted,Control4C,1,0.12888260772666388,0.1824277880661179,1237651539793215634,Control4C,Lim:10908,BGG,11.03314,0.042743812,,0.16261913635179037,0.05075086798422834,0.21337000433601871
Gallazzi optical light-weighted,Control4C,1,0.12888260772666388,0.1824277880661179,1237661872407576591,Control4C,Lim:10914,BGG,10.96986,0.036925222,,0.15643153589833547,0.11313846843768327,0.26957000433601874
Gallazzi optical light-weighted,Control4C,1,0.12888260772666388,0.1824277880661179,1237662306189770849,Control4C,Lim:10955,BGG,10.95878,0.028059412,,0.15534811913120083,0.07562188520481794,0.23097000433601877
Gallazzi optical light-weighted,Control4C,1,0.12888260772666388,0.1824277880661179,1237674599462207503,Control4C,Lim:10990,BGG,10.9255,0.035789226,,0.15209395757792984,0.09707604675808892,0.24917000433601877
Gallazzi optical light-weighted,Control4C,1,0.12888260772666388,0.1824277880661179,1237654610141249556,Control4C,Lim:11071,BGG,10.9879,0.03978192,,0.15819551049031277,0.022174493845706023,0.1803700043360188
Gallazzi optical light-weighted,Control4C,1,0.12888260772666388,0.1824277880661179,1237651753485729911,Control4C,Lim:11078,BGG,10.8724,0.033440657,,0.1469017707246041,-0.024831766388585336,0.12207000433601878
Gallazzi optical light-weighted,Control4C,1,0.12888260772666388,0.1824277880661179,1237661966356381766,Control4C,Lim:11129,BGG,10.90541,0.038546525,,0.15012953132777324,-0.06055952699175443,0.0895700043360188
Gallazzi optical light-weighted,Control4C,1,0.12888260772666388,0.1824277880661179,1237651272961490958,Control4C,Lim:11252,BGG,10.91903,0.031914619,,0.1514613125884568,-0.02269130825243809,0.1287700043360187
Gallazzi optical light-weighted,Control4C,1,0.12888260772666388,0.1824277880661179,1237658297923797032,Control4C,Lim:11265,BGG,10.85108,0.029789632,,0.14481707347953984,0.04335293085647898,0.18817000433601883
Gallazzi optical light-weighted,Control4C,1,0.12888260772666388,0.1824277880661179,1237659327091900425,Control4C,Lim:11370,BGG,10.82187,0.043303635,,0.14196088180372735,0.1840091225322914,0.32597000433601875
Gallazzi optical light-weighted,Control4C,1,0.2533848766493119,0.2534352553936589,1237655108898914500,CG4,HMCG:25,Satellite,10.40786,0.037864507,,-0.04785450348896188,-0.0775754921750194,-0.12542999566398128
Gallazzi optical light-weighted,Control4C,1,0.2533848766493119,0.2534352553936589,1237651271887618101,CG4,HMCG:27,Satellite,10.82927,0.046428481,,0.10846702506420389,-0.03739702072818504,0.07107000433601884
Gallazzi optical light-weighted,Control4C,1,0.2533848766493119,0.2534352553936589,1237651192431902942,CG4,HMCG:28,Satellite,10.45439,0.045825495,,-0.030594256405174346,0.19496426074119313,0.16437000433601878
Gallazzi optical light-weighted,Control4C,1,0.2533848766493119,0.2534352553936589,1237653664714391735,CG4,HMCG:33,Satellite,10.67758,0.043203973,,0.05219780348372526,0.2474722008522935,0.29967000433601876
Gallazzi optical light-weighted,Control4C,1,0.2533848766493119,0.2534352553936589,1237651753452765233,CG4,HMCG:33,Satellite,10.73482,0.043100813,,0.07343091208196204,0.08393909225405663,0.15737000433601867
Gallazzi optical light-weighted,Control4C,1,0.2533848766493119,0.2534352553936589,1237651753452765443,CG4,HMCG:33,Satellite,10.11648,0.043182957,,-0.15594156119955604,-0.07498843446442516,-0.2309299956639812
Gallazzi optical light-weighted,Control4C,1,0.2533848766493119,0.2534352553936589,1237661382235652235,CG4,HMCG:61,Satellite,10.28243,0.041756884,,-0.09438260990889388,0.21685261424491262,0.12247000433601873
Gallazzi optical light-weighted,Control4C,1,0.2533848766493119,0.2534352553936589,1237661382235652236,CG4,HMCG:61,Satellite,10.02217,0.041354118,,-0.1909257413515436,-0.11810425431243765,-0.30902999566398126
Gallazzi optical light-weighted,Control4C,1,0.2533848766493119,0.2534352553936589,1237661136886366310,CG4,HMCG:82,Satellite,10.06689,0.045599583,,-0.17433691157318565,-0.42069308409079564,-0.5950299956639813
Gallazzi optical light-weighted,Control4C,1,0.2533848766493119,0.2534352553936589,1237661381701861554,CG4,HMCG:82,Satellite,10.16911,0.046224363,,-0.13641852651183337,0.08628853084785201,-0.05012999566398135
Gallazzi optical light-weighted,Control4C,1,0.2533848766493119,0.2534352553936589,1237654398613913657,CG4,HMCG:101,Satellite,10.66817,0.030266671,,0.04870717539306434,-0.06893717105704567,-0.020229995663981315
Gallazzi optical light-weighted,Control4C,1,0.2533848766493119,0.2534352553936589,1237654669739884742,CG4,HMCG:106,Satellite,10.40413,0.01997593,,-0.049238142466449766,-0.04179185319753152,-0.09102999566398129
Gallazzi optical light-weighted,Control4C,1,0.2533848766493119,0.2534352553936589,1237654669739950159,CG4,HMCG:106,Satellite,9.123651,0.020029227,,-0.5242302749745278,-0.0425997206894535,-0.5668299956639813
Gallazzi optical light-weighted,Control4C,1,0.2533848766493119,0.2534352553936589,1237648721759961363,CG4,HMCG:112,Satellite,10.81194,0.038863702,,0.1020384825763031,-0.008268478240284316,0.09377000433601879
Gallazzi optical light-weighted,Control4C,1,0.2533848766493119,0.2534352553936589,1237648721759961197,CG4,HMCG:112,Satellite,10.52482,0.041545466,,-0.004468333299411625,0.2767383376354303,0.27227000433601867
Gallazzi optical light-weighted,Control4C,1,0.2533848766493119,0.2534352553936589,1237648721759961421,CG4,HMCG:112,Satellite,10.23428,0.041709789,,-0.11224379402848023,-0.1638862016355011,-0.27612999566398133
Gallazzi optical light-weighted,Control4C,1,0.2533848766493119,0.2534352553936589,1237654602106732681,CG4,HMCG:117,Satellite,10.26464,0.037451036,,-0.10098178883905876,0.07545179317507758,-0.025529995663981175
Gallazzi optical light-weighted,Control4C,1,0.2533848766493119,0.2534352553936589,1237654602106732699,CG4,HMCG:117,Satellite,10.22885,0.035749413,,-0.11425804594477024,0.21762805028078908,0.10337000433601884
Gallazzi optical light-weighted,Control4C,1,0.2533848766493119,0.2534352553936589,1237654604791545959,CG4,HMCG:121,Satellite,10.47624,0.026628218,,-0.022489025397635927,-0.8138409702663452,-0.8363299956639811
Gallazzi optical light-weighted,Control4C,1,0.2533848766493119,0.2534352553936589,1237654604791545888,CG4,HMCG:121,Satellite,10.36794,0.02643546,,-0.06266277908717303,0.18803278342319169,0.12537000433601864
Gallazzi optical light-weighted,Control4C,1,0.2533848766493119,0.2534352553936589,1237654604791546018,CG4,HMCG:121,Satellite,9.893738,0.026100317,,-0.2385674360316412,-0.39336255963234024,-0.6319299956639814
Gallazzi optical light-weighted,Control4C,1,0.2533848766493119,0.2534352553936589,1237657628452389042,CG4,HMCG:154,Satellite,10.55819,0.027166149,,0.007910227740476113,0.13705977659554258,0.1449700043360187
Gallazzi optical light-weighted,Control4C,1,0.2533848766493119,0.2534352553936589,1237657628452389069,CG4,HMCG:154,Satellite,10.35082,0.025304727,,-0.06901342232969276,0.12508342666571148,0.05607000433601872
Gallazzi optical light-weighted,Control4C,1,0.2533848766493119,0.2534352553936589,1237661811196625002,CG4,HMCG:158,Satellite,10.12929,0.036676527,,-0.15118970723129221,-0.17064028843268897,-0.3218299956639812
Gallazzi optical light-weighted,Control4C,1,0.2533848766493119,0.2534352553936589,1237661811196559464,CG4,HMCG:158,Satellite,10.11798,0.036709879,,-0.15538513801826048,-0.061844857645720674,-0.21722999566398116
Gallazzi optical light-weighted,Control4C,1,0.2533848766493119,0.2534352553936589,1237655108913594378,CG4,HMCG:173,Satellite,10.93887,0.03298466,,0.14912301217753066,0.1234469921584882,0.27257000433601886
Gallazzi optical light-weighted,Control4C,1,0.2533848766493119,0.2534352553936589,1237658312939798811,CG4,HMCG:173,Satellite,10.3846,0.033375824,,-0.0564827722869174,-0.12664722337706397,-0.18312999566398136
Gallazzi optical light-weighted,Control4C,1,0.2533848766493119,0.2534352553936589,1237655108913594468,CG4,HMCG:173,Satellite,10.26546,0.032708787,,-0.10067761083328416,0.208147615169303,0.10747000433601883
Gallazzi optical light-weighted,Control4C,1,0.2533848766493119,0.2534352553936589,1237648722840977489,CG4,HMCG:175,Satellite,9.788215,0.040634543,,-0.2777110649382072,-0.8677189307257739,-1.145429995663981
Gallazzi optical light-weighted,Control4C,1,0.2533848766493119,0.2534352553936589,1237657591934025877,CG4,HMCG:197,Satellite,9.790443,0.034696108,,-0.2768845910395894,0.2759545953756082,-0.0009299956639812201
Gallazzi optical light-weighted,Control4C,1,0.2533848766493119,0.2534352553936589,1237657858222456920,CG4,HMCG:204,Satellite,10.37391,0.037683249,,-0.060448214825616985,0.04571821916163573,-0.014729995663981255
Gallazzi optical light-weighted,Control4C,1,0.2533848766493119,0.2534352553936589,1237657858222456990,CG4,HMCG:204,Satellite,9.941386,0.036981081,,-0.22089246820339542,-0.11883752746058579,-0.3397299956639812
Gallazzi optical light-weighted,Control4C,1,0.2533848766493119,0.2534352553936589,1237657627919319141,CG4,HMCG:206,Satellite,10.77621,0.044653091,,0.08878448239784392,0.05438552193817475,0.14317000433601867
Gallazzi optical light-weighted,Control4C,1,0.2533848766493119,0.2534352553936589,1237657627919384583,CG4,HMCG:206,Satellite,10.52393,0.043070434,,-0.004798477720313662,0.056468482056332425,0.05167000433601876
Gallazzi optical light-weighted,Control4C,1,0.2533848766493119,0.2534352553936589,1237661949186408622,CG4,HMCG:231,Satellite,10.28359,0.031106989,,-0.09395230931535847,0.04152231365137715,-0.05242999566398132
Gallazzi optical light-weighted,Control4C,1,0.2533848766493119,0.2534352553936589,1237661949186474090,CG4,HMCG:231,Satellite,9.885147,0.031880888,,-0.2417542570653148,-0.37767573859866643,-0.6194299956639813
Gallazzi optical light-weighted,Control4C,1,0.2533848766493119,0.2534352553936589,1237661873482891502,CG4,HMCG:239,Satellite,10.53413,0.034138858,,-0.0010148000875043178,0.26188480442352313,0.2608700043360188
Gallazzi optical light-weighted,Control4C,1,0.2533848766493119,0.2534352553936589,1237661873482891322,CG4,HMCG:239,Satellite,9.557428,0.035365357,,-0.36332122276597445,-0.38590877289800674,-0.7492299956639812
Gallazzi optical light-weighted,Control4C,1,0.2533848766493119,0.2534352553936589,1237661418747461854,CG4,HMCG:259,Satellite,10.18736,0.03516477,,-0.1296487111394044,0.049818715475423214,-0.07982999566398119
Gallazzi optical light-weighted,Control4C,1,0.2533848766493119,0.2534352553936589,1237655368756625588,CG4,HMCG:271,Satellite,10.46189,0.036427232,,-0.027812140498696597,-0.17841785516528466,-0.20622999566398126
Gallazzi optical light-weighted,Control4C,1,0.2533848766493119,0.2534352553936589,1237655463774126344,CG4,HMCG:271,Satellite,10.56311,0.037375284,,0.009735295775125545,0.18793470856089312,0.19767000433601867
Gallazzi optical light-weighted,Control4C,1,0.2533848766493119,0.2534352553936589,1237651273515794443,CG4,HMCG:276,Satellite,10.58702,0.031341658,,0.018604681284976554,0.09466532305104208,0.11327000433601864
Gallazzi optical light-weighted,Control4C,1,0.2533848766493119,0.2534352553936589,1237651273515794622,CG4,HMCG:276,Satellite,10.54362,0.031391579,,0.0025055039061592198,0.30386450042985946,0.3063700043360187
Gallazzi optical light-weighted,Control4C,1,0.2533848766493119,0.2534352553936589,1237661418750476312,CG4,HMCG:293,Satellite,10.37387,0.042938608,,-0.0604630527771183,-0.02416694288686303,-0.08462999566398133
Gallazzi optical light-weighted,Control4C,1,0.2533848766493119,0.2534352553936589,1237661418750476491,CG4,HMCG:293,Satellite,10.06265,0.041218562,,-0.17590973443231475,0.1782797387683334,0.0023700043360186385
Gallazzi optical light-weighted,Control4C,1,0.2533848766493119,0.2534352553936589,1237648704057573499,CG4,HMCG:309,Satellite,10.94819,0.044070931,,0.15258025487731378,-0.01711025054129492,0.13547000433601886
Gallazzi optical light-weighted,Control4C,1,0.2533848766493119,0.2534352553936589,1237648704057573747,CG4,HMCG:309,Satellite,10.1377,0.044202509,,-0.14807002792816146,0.06444003226418024,-0.08362999566398122
Gallazzi optical light-weighted,Control4C,1,0.2533848766493119,0.2534352553936589,1237655468597182863,CG4,HMCG:315,Satellite,10.81956,0.045066291,,0.10486511233728413,-0.024195108001265453,0.08067000433601867
Gallazzi optical light-weighted,Control4C,1,0.2533848766493119,0.2534352553936589,1237655468597182871,CG4,HMCG:315,Satellite,10.15596,0.042962366,,-0.14129650306785732,-0.010133492596123977,-0.1514299956639813
Gallazzi optical light-weighted,Control4C,1,0.2533848766493119,0.2534352553936589,1237659131675148382,CG4,HMCG:322,Satellite,10.49287,0.037369636,,-0.01632014706100644,0.33639015139702516,0.32007000433601873
Gallazzi optical light-weighted,Control4C,1,0.2533848766493119,0.2534352553936589,1237659163880914976,CG4,HMCG:337,Satellite,10.84051,0.037435089,,0.11263648943604535,0.09963351489997349,0.21227000433601884
Gallazzi optical light-weighted,Control4C,1,0.2533848766493119,0.2534352553936589,1237659163880915172,CG4,HMCG:337,Satellite,10.41213,0.03704811,,-0.04627055216620727,0.352440556502226,0.3061700043360187
Gallazzi optical light-weighted,Control4C,1,0.2533848766493119,0.2534352553936589,1237662306199666875,CG4,HMCG:360,Satellite,10.61419,0.031389482,,0.028683359842176202,0.18898664449384248,0.21767000433601869
Gallazzi optical light-weighted,Control4C,1,0.2533848766493119,0.2534352553936589,1237662306199666769,CG4,HMCG:360,Satellite,10.17981,0.031936674,,-0.13244937448525862,-0.2698806211787228,-0.4023299956639814
Gallazzi optical light-weighted,Control4C,1,0.2533848766493119,0.2534352553936589,1237662504832270396,CG4,HMCG:373,Satellite,10.72501,0.031679013,,0.06979190447628933,0.29377809985972947,0.3635700043360188
Gallazzi optical light-weighted,Control4C,1,0.2533848766493119,0.2534352553936589,1237662300835807413,CG4,HMCG:373,Satellite,9.997313,0.031563206,,-0.20014641536318523,0.22891641969920407,0.02877000433601884
Gallazzi optical light-weighted,Control4C,1,0.2533848766493119,0.2534352553936589,1237662300835807439,CG4,HMCG:373,Satellite,10.15571,0.031420599,,-0.14138924026474034,0.25475924460075916,0.11337000433601885
Gallazzi optical light-weighted,Control4C,1,0.2533848766493119,0.2534352553936589,1237659329780121629,CG4,HMCG:393,Satellite,10.79478,0.032930425,,0.09567300138228205,-0.0428029970462632,0.05287000433601885
Gallazzi optical light-weighted,Control4C,1,0.2533848766493119,0.2534352553936589,1237659324957327415,CG4,HMCG:393,Satellite,10.94994,0.032132605,,0.1532294152554917,0.02434058908052697,0.17757000433601866
Gallazzi optical light-weighted,Control4C,1,0.2533848766493119,0.2534352553936589,1237659324957262004,CG4,HMCG:393,Satellite,10.42246,0.032102064,,-0.042438651191018834,0.07060865552703752,0.028170004336018684
Gallazzi optical light-weighted,Control4C,1,0.2533848766493119,0.2534352553936589,1237655473969299673,CG4,HMCG:394,Satellite,10.59221,0.037437283,,0.02052990549225868,-0.033059901156239954,-0.012529995663981275
Gallazzi optical light-weighted,Control4C,1,0.2533848766493119,0.2534352553936589,1237655473969299957,CG4,HMCG:394,Satellite,10.10081,0.038210211,,-0.16175432870015669,0.10142433303617535,-0.06032999566398134
Gallazzi optical light-weighted,Control4C,1,0.2533848766493119,0.2534352553936589,1237655375185117425,CG4,HMCG:394,Satellite,9.950853,0.038522573,,-0.2173806960318453,0.05525070036786406,-0.16212999566398123
Gallazzi optical light-weighted,Control4C,1,0.2533848766493119,0.2534352553936589,1237654879665586216,Control4C,Lim:13,Satellite,11.09042,0.027379103,,0.20534030092775568,-0.055670296591736834,0.14967000433601885
Gallazzi optical light-weighted,Control4C,1,0.2533848766493119,0.2534352553936589,1237651821637533715,Control4C,Lim:13,Satellite,10.72383,0.028283246,,0.06935418490700362,0.07891581942901515,0.14827000433601878
Gallazzi optical light-weighted,Control4C,1,0.2533848766493119,0.2534352553936589,1237658612519141394,Control4C,Lim:37,Satellite,9.655659,0.032304183,,-0.32688255241808034,0.12205255675409915,-0.2048299956639812
Gallazzi optical light-weighted,Control4C,1,0.2533848766493119,0.2534352553936589,1237658612519141391,Control4C,Lim:37,Satellite,10.32373,0.032193274,,-0.07906242498389043,0.24373242931990918,0.16467000433601875
Gallazzi optical light-weighted,Control4C,1,0.2533848766493119,0.2534352553936589,1237658612519141393,Control4C,Lim:37,Satellite,10.32656,0.033437396,,-0.0780126399151791,-0.02241735574880227,-0.10042999566398136
Gallazzi optical light-weighted,Control4C,1,0.2533848766493119,0.2534352553936589,1237662266464338197,Control4C,Lim:40,Satellite,10.33237,0.037397426,,-0.07585742745962828,0.301727431795647,0.22587000433601867
Gallazzi optical light-weighted,Control4C,1,0.2533848766493119,0.2534352553936589,1237661418212294689,Control4C,Lim:70,Satellite,10.32451,0.04194942,,-0.07877308492961652,0.21944308926563524,0.14067000433601873
Gallazzi optical light-weighted,Control4C,1,0.2533848766493119,0.2534352553936589,1237661418212294806,Control4C,Lim:70,Satellite,10.35795,0.042394712,,-0.06636855747460133,0.17353856181061997,0.10717000433601864
Gallazzi optical light-weighted,Control4C,1,0.2533848766493119,0.2534352553936589,1237662303519834621,Control4C,Lim:85,Satellite,10.16176,0.029780845,,-0.1391450001001817,0.09921500443620054,-0.039929995663981144
Gallazzi optical light-weighted,Control4C,1,0.2533848766493119,0.2534352553936589,1237662337335033958,Control4C,Lim:96,Satellite,11.07628,0.033769466,,0.2000950850720767,-0.19602508073605804,0.004070004336018673
Gallazzi optical light-weighted,Control4C,1,0.2533848766493119,0.2534352553936589,1237661465457524828,Control4C,Lim:96,Satellite,10.74545,0.036827836,,0.07737409769341,-0.049204093357391315,0.028170004336018684
Gallazzi optical light-weighted,Control4C,1,0.2533848766493119,0.2534352553936589,1237661465457590733,Control4C,Lim:96,Satellite,10.37836,0.035656689,,-0.058797492721106806,0.061067497057125456,0.0022700043360186495
Gallazzi optical light-weighted,Control4C,1,0.2533848766493119,0.2534352553936589,1237653587406684481,Control4C,Lim:102,Satellite,10.4023,0.04353087,,-0.04991697874763031,0.19478698308364903,0.1448700043360187
Gallazzi optical light-weighted,Control4C,1,0.2533848766493119,0.2534352553936589,1237653587406684570,Control4C,Lim:102,Satellite,10.42575,0.041128143,,-0.04121822968004339,-0.04471176598393779,-0.08592999566398118
Gallazzi optical light-weighted,Control4C,1,0.2533848766493119,0.2534352553936589,1237661139033784476,Control4C,Lim:112,Satellite,10.8829,0.023716402,,0.12836100853945673,0.10230899579656208,0.2306700043360188
Gallazzi optical light-weighted,Control4C,1,0.2533848766493119,0.2534352553936589,1237661139033718922,Control4C,Lim:112,Satellite,10.25096,0.021506168,,-0.10605636825247428,-0.6258736274115069,-0.7319299956639811
Gallazzi optical light-weighted,Control4C,1,0.2533848766493119,0.2534352553936589,1237661139033718842,Control4C,Lim:112,Satellite,10.23854,0.022104655,,-0.1106635521936008,0.1829335565296195,0.07227000433601871
Gallazzi optical light-weighted,Control4C,1,0.2533848766493119,0.2534352553936589,1237661386003382586,Control4C,Lim:125,Satellite,10.58334,0.033272194,,0.01723958974686448,0.2670304145891542,0.2842700043360187
Gallazzi optical light-weighted,Control4C,1,0.2533848766493119,0.2534352553936589,1237661386003317042,Control4C,Lim:125,Satellite,10.20257,0.029891264,,-0.12400658008106782,-0.17162341558291336,-0.2956299956639812
Gallazzi optical light-weighted,Control4C,1,0.2533848766493119,0.2534352553936589,1237661386003382392,Control4C,Lim:125,Satellite,9.722244,0.030655297,,-0.30218292740037184,-0.6466470682636096,-0.9488299956639814
Gallazzi optical light-weighted,Control4C,1,0.2533848766493119,0.2534352553936589,1237658300056666563,Control4C,Lim:129,Satellite,10.33882,0.031723619,,-0.07346480778005715,0.12343481211607588,0.049970004336018725
Gallazzi optical light-weighted,Control4C,1,0.2533848766493119,0.2534352553936589,1237658300056601430,Control4C,Lim:129,Satellite,10.0274,0.02756159,,-0.18898567919275952,-0.22044431647122179,-0.4094299956639813
Gallazzi optical light-weighted,Control4C,1,0.2533848766493119,0.2534352553936589,1237658300056666431,Control4C,Lim:129,Satellite,10.24264,0.031416249,,-0.1091426621647266,0.16951266650074528,0.06037000433601869
Gallazzi optical light-weighted,Control4C,1,0.2533848766493119,0.2534352553936589,1237661361833574526,Control4C,Lim:146,Satellite,10.46379,0.028287912,,-0.02710733780238925,-0.183322657861592,-0.21042999566398124
Gallazzi optical light-weighted,Control4C,1,0.2533848766493119,0.2534352553936589,1237661434849132772,Control4C,Lim:146,Satellite,10.3408,0.029178465,,-0.07273032918074719,0.1287003335167659,0.05597000433601873
Gallazzi optical light-weighted,Control4C,1,0.2533848766493119,0.2534352553936589,1237661381704548426,Control4C,Lim:174,Satellite,10.44333,0.036325244,,-0.03469694999526023,0.03986695433127901,0.005170004336018774
Gallazzi optical light-weighted,Control4C,1,0.2533848766493119,0.2534352553936589,1237661381704548427,Control4C,Lim:174,Satellite,10.25158,0.038258128,,-0.10582638000420494,0.11469638434022375,0.00887000433601881
Gallazzi optical light-weighted,Control4C,1,0.2533848766493119,0.2534352553936589,1237661463842455568,Control4C,Lim:180,Satellite,10.74369,0.031894349,,0.07672122782735691,0.15304877650866178,0.22977000433601869
Gallazzi optical light-weighted,Control4C,1,0.2533848766493119,0.2534352553936589,1237662336256835778,Control4C,Lim:180,Satellite,10.48937,0.03130852,,-0.017618467817362943,0.009588472153381617,-0.008029995663981326
Gallazzi optical light-weighted,Control4C,1,0.2533848766493119,0.2534352553936589,1237661463842390293,Control4C,Lim:180,Satellite,10.54508,0.032565796,,0.0030470891359534596,-0.016877084799934813,-0.013829995663981354
Gallazzi optical light-weighted,Control4C,1,0.2533848766493119,0.2534352553936589,1237658800967188592,Control4C,Lim:191,Satellite,11.0379,0.030210343,,0.18585807060666176,-0.11758806627064305,0.06827000433601871
Gallazzi optical light-weighted,Control4C,1,0.2533848766493119,0.2534352553936589,1237658800967254132,Control4C,Lim:191,Satellite,10.68996,0.030762082,,0.056790149473350475,-0.7684201451373318,-0.7116299956639813
Gallazzi optical light-weighted,Control4C,1,0.2533848766493119,0.2534352553936589,1237658800967254171,Control4C,Lim:191,Satellite,10.40467,0.030532891,,-0.04903783012118371,0.10700783445720244,0.05797000433601873
Gallazzi optical light-weighted,Control4C,1,0.2533848766493119,0.2534352553936589,1237655348895416475,Control4C,Lim:214,Satellite,10.82224,0.031108379,,0.10585925508786606,-0.018489250751847236,0.08737000433601882
Gallazzi optical light-weighted,Control4C,1,0.2533848766493119,0.2534352553936589,1237655348895416498,Control4C,Lim:214,Satellite,10.20067,0.03285937,,-0.12471138277737517,0.14098138711339384,0.016270004336018662
Gallazzi optical light-weighted,Control4C,1,0.2533848766493119,0.2534352553936589,1237655348895351215,Control4C,Lim:214,Satellite,10.19991,0.031462091,,-0.12499330385589877,0.15526330819191744,0.030270004336018674
Gallazzi optical light-weighted,Control4C,1,0.2533848766493119,0.2534352553936589,1237661850399473791,Control4C,Lim:226,Satellite,10.90483,0.03917879,,0.13649591544999776,0.07727408888602091,0.21377000433601867
Gallazzi optical light-weighted,Control4C,1,0.2533848766493119,0.2534352553936589,1237661871870509192,Control4C,Lim:226,Satellite,10.41802,0.036630272,,-0.044085663807653185,0.03295566814367198,-0.011129995663981207
Gallazzi optical light-weighted,Control4C,1,0.2533848766493119,0.2534352553936589,1237661850399473802,Control4C,Lim:226,Satellite,9.836607,0.036937172,,-0.2597601112120378,0.2474301155480565,-0.012329995663981297
Gallazzi optical light-weighted,Control4C,1,0.2533848766493119,0.2534352553936589,1237661064956280854,Control4C,Lim:227,Satellite,10.42155,0.033787328,,-0.042776214587671196,0.11824621892369,0.0754700043360188
Gallazzi optical light-weighted,Control4C,1,0.2533848766493119,0.2534352553936589,1237661064956215526,Control4C,Lim:227,Satellite,10.11074,0.033122162,,-0.15807080723998004,0.2441408115759988,0.08607000433601875
Gallazzi optical light-weighted,Control4C,1,0.2533848766493119,0.2534352553936589,1237651752929853497,Control4C,Lim:229,Satellite,10.9757,0.040541726,,0.16278505602227358,-0.06621505168625488,0.0965700043360187
Gallazzi optical light-weighted,Control4C,1,0.2533848766493119,0.2534352553936589,1237660342862872624,Control4C,Lim:260,Satellite,10.84296,0.041518139,,0.11354531396549458,0.04632469037052425,0.15987000433601883
Gallazzi optical light-weighted,Control4C,1,0.2533848766493119,0.2534352553936589,1237651822716518782,Control4C,Lim:286,Satellite,11.3475,0.03888261,,0.3007038152260587,-0.17113381089003987,0.12957000433601884
Gallazzi optical light-weighted,Control4C,1,0.2533848766493119,0.2534352553936589,1237651822716518783,Control4C,Lim:286,Satellite,10.6023,0.03708286,,0.02427277875843991,-0.028902774422421167,-0.004629995663981257
Gallazzi optical light-weighted,Control4C,1,0.2533848766493119,0.2534352553936589,1237654880207765798,Control4C,Lim:286,Satellite,10.69266,0.040584962,,0.05779171119968272,0.0019782931363360387,0.059770004336018756
Gallazzi optical light-weighted,Control4C,1,0.2533848766493119,0.2534352553936589,1237662266463486072,Control4C,Lim:291,Satellite,10.87034,0.035715649,,0.12370189176807594,-0.023731887432057175,0.09997000433601877
Gallazzi optical light-weighted,Control4C,1,0.2533848766493119,0.2534352553936589,1237654879130157152,Control4C,Lim:308,Satellite,10.54772,0.030094971,,0.004026393935033415,0.0673436104009854,0.07137000433601881
Gallazzi optical light-weighted,Control4C,1,0.2533848766493119,0.2534352553936589,1237651821638975664,Control4C,Lim:308,Satellite,10.47545,0.028705914,,-0.022782074939785013,0.12065207927580379,0.09787000433601878
Gallazzi optical light-weighted,Control4C,1,0.2533848766493119,0.2534352553936589,1237654879130157270,Control4C,Lim:308,Satellite,10.4129,0.028016798,,-0.04598492159980851,0.11085492593582716,0.06487000433601864
Gallazzi optical light-weighted,Control4C,1,0.2533848766493119,0.2534352553936589,1237661433772245175,Control4C,Lim:329,Satellite,10.44704,0.041120386,,-0.033320729993522674,-0.025109265670458653,-0.05842999566398133
Gallazzi optical light-weighted,Control4C,1,0.2533848766493119,0.2534352553936589,1237661069250789503,Control4C,Lim:336,Satellite,10.44552,0.0340613,,-0.033884572150568545,0.2421545764865874,0.20827000433601883
Gallazzi optical light-weighted,Control4C,1,0.2533848766493119,0.2534352553936589,1237661069250789417,Control4C,Lim:336,Satellite,10.30373,0.03324323,,-0.08648140073449734,0.2704514050705162,0.18397000433601884
Gallazzi optical light-weighted,Control4C,1,0.2533848766493119,0.2534352553936589,1237659324412526747,Control4C,Lim:348,Satellite,10.84252,0.036466796,,0.11338209649898146,0.006187907837037376,0.11957000433601883
Gallazzi optical light-weighted,Control4C,1,0.2533848766493119,0.2534352553936589,1237661388684067032,Control4C,Lim:348,Satellite,9.992289,0.036043278,,-0.20201006207173794,0.16198006640775658,-0.040029995663981355
Gallazzi optical light-weighted,Control4C,1,0.2533848766493119,0.2534352553936589,1237655348355203181,Control4C,Lim:351,Satellite,10.99695,0.019764432,,0.17066771775729364,0.04180228657872517,0.21247000433601881
Gallazzi optical light-weighted,Control4C,1,0.2533848766493119,0.2534352553936589,1237655464856780879,Control4C,Lim:351,Satellite,10.27319,0.020562299,,-0.09781017670567438,0.1367801810416932,0.038970004336018826
Gallazzi optical light-weighted,Control4C,1,0.2533848766493119,0.2534352553936589,1237655348355203169,Control4C,Lim:351,Satellite,10.21323,0.019684368,,-0.12005226600599439,0.4071222703420132,0.2870700043360188
Gallazzi optical light-weighted,Control4C,1,0.2533848766493119,0.2534352553936589,1237659162813530234,Control4C,Lim:379,Satellite,10.57729,0.033652281,,0.014995349582305806,-0.197725345246287,-0.18272999566398118
Gallazzi optical light-weighted,Control4C,1,0.2533848766493119,0.2534352553936589,1237659162813464715,Control4C,Lim:379,Satellite,10.57136,0.034016966,,0.012795623272251068,0.08287438106376774,0.0956700043360188
Gallazzi optical light-weighted,Control4C,1,0.2533848766493119,0.2534352553936589,1237661387616682025,Control4C,Lim:379,Satellite,10.04161,0.032538552,,-0.1837144969219531,0.1665845012579719,-0.017129995663981212
Gallazzi optical light-weighted,Control4C,1,0.2533848766493119,0.2534352553936589,1237653612646432836,Control4C,Lim:387,Satellite,10.07872,0.036485974,,-0.16994858741670166,-0.060981408247279545,-0.2309299956639812
Gallazzi optical light-weighted,Control4C,1,0.2533848766493119,0.2534352553936589,1237654654179803317,Control4C,Lim:387,Satellite,10.26558,0.03771172,,-0.10063309697878023,0.2378031013147989,0.13717000433601867
Gallazzi optical light-weighted,Control4C,1,0.2533848766493119,0.2534352553936589,1237655348355793107,Control4C,Lim:410,Satellite,10.22322,0.042935702,,-0.11634648761856611,0.028316491954584938,-0.08802999566398118
Gallazzi optical light-weighted,Control4C,1,0.2533848766493119,0.2534352553936589,1237658493355556919,Control4C,Lim:412,Satellite,10.59744,0.027001862,,0.022469967651042783,-0.057699963315024,-0.03522999566398122
Gallazzi optical light-weighted,Control4C,1,0.2533848766493119,0.2534352553936589,1237658493355622464,Control4C,Lim:412,Satellite,9.90114,0.025719476,,-0.23582167310634192,0.12989167744236071,-0.1059299956639812
Gallazzi optical light-weighted,Control4C,1,0.2533848766493119,0.2534352553936589,1237651272424226960,Control4C,Lim:428,Satellite,11.05348,0.044992942,,0.19163745271638463,-0.004467448380365918,0.1871700043360187
Gallazzi optical light-weighted,Control4C,1,0.2533848766493119,0.2534352553936589,1237651272424226940,Control4C,Lim:428,Satellite,10.82945,0.045671025,,0.10853379584595946,0.058936208490059205,0.16747000433601866
Gallazzi optical light-weighted,Control4C,1,0.2533848766493119,0.2534352553936589,1237671958588424370,Control4C,Lim:443,Satellite,10.41783,0.024137664,,-0.044156144077283924,0.21712614841330263,0.17297000433601872
Gallazzi optical light-weighted,Control4C,1,0.2533848766493119,0.2534352553936589,1237671992947638320,Control4C,Lim:443,Satellite,10.53755,0.024314185,,0.0002538447658495622,0.07121615957016923,0.0714700043360188
Gallazzi optical light-weighted,Control4C,1,0.2533848766493119,0.2534352553936589,1237651252053475654,Control4C,Lim:480,Satellite,10.11808,0.032671645,,-0.15534804313950687,-0.0003819525244743993,-0.15572999566398127
Gallazzi optical light-weighted,Control4C,1,0.2533848766493119,0.2534352553936589,1237651823246639324,Control4C,Lim:510,Satellite,10.90811,0.027628503,,0.13771262747309737,-0.020942623137078675,0.1167700043360187
Gallazzi optical light-weighted,Control4C,1,0.2533848766493119,0.2534352553936589,1237651823246639293,Control4C,Lim:510,Satellite,10.56001,0.028308043,,0.008585354533781495,-0.13211535019776277,-0.12352999566398126
Gallazzi optical light-weighted,Control4C,1,0.2533848766493119,0.2534352553936589,1237655106768207962,Control4C,Lim:567,Satellite,10.1913,0.043241894,,-0.12818717291653478,0.08115717725255353,-0.04702999566398125
Gallazzi optical light-weighted,Control4C,1,0.2533848766493119,0.2534352553936589,1237658310794477714,Control4C,Lim:567,Satellite,10.20231,0.042742857,,-0.12410302676582538,0.15267303110184402,0.02857000433601864
Gallazzi optical light-weighted,Control4C,1,0.2533848766493119,0.2534352553936589,1237654879668404260,Control4C,Lim:576,Satellite,10.54404,0.042921975,,0.0026613023969219995,0.05700870193909677,0.05967000433601877
Gallazzi optical light-weighted,Control4C,1,0.2533848766493119,0.2534352553936589,1237654879668338981,Control4C,Lim:576,Satellite,10.44147,0.042399919,,-0.035386914740066264,0.1268569190760851,0.09147000433601882
Gallazzi optical light-weighted,Control4C,1,0.2533848766493119,0.2534352553936589,1237654879668404386,Control4C,Lim:576,Satellite,10.37016,0.044026001,,-0.061839272778855855,0.1145092771148745,0.05267000433601865
Gallazzi optical light-weighted,Control4C,1,0.2533848766493119,0.2534352553936589,1237651821097779258,Control4C,Lim:587,Satellite,10.72747,0.027691888,,0.07070443849361438,0.08136556584240442,0.1520700043360188
Gallazzi optical light-weighted,Control4C,1,0.2533848766493119,0.2534352553936589,1237651755098833051,Control4C,Lim:587,Satellite,11.2189,0.02502447,,0.2529998011496552,-0.005729796813636445,0.24727000433601876
Gallazzi optical light-weighted,Control4C,1,0.2533848766493119,0.2534352553936589,1237651755098767633,Control4C,Lim:587,Satellite,10.22732,0.026951757,,-0.11482559758969127,-0.08470439807429006,-0.19952999566398133
Gallazzi optical light-weighted,Control4C,1,0.2533848766493119,0.2534352553936589,1237653614794309776,Control4C,Lim:609,Satellite,10.39386,0.030338743,,-0.05304778651438657,-0.4867822091495946,-0.5398299956639812
Gallazzi optical light-weighted,Control4C,1,0.2533848766493119,0.2534352553936589,1237653614794244234,Control4C,Lim:609,Satellite,10.28007,0.030632617,,-0.09525804904746532,-0.06777194661651603,-0.16302999566398135
Gallazzi optical light-weighted,Control4C,1,0.2533848766493119,0.2534352553936589,1237658612519141592,Control4C,Lim:631,Satellite,11.05917,0.038704175,,0.19374815131743217,0.10232185301858654,0.2960700043360187
Gallazzi optical light-weighted,Control4C,1,0.2533848766493119,0.2534352553936589,1237658612519206931,Control4C,Lim:631,Satellite,10.58162,0.036010719,,0.01660155783231205,-0.00043155349629337564,0.016170004336018673
Gallazzi optical light-weighted,Control4C,1,0.2533848766493119,0.2534352553936589,1237658493883580478,Control4C,Lim:634,Satellite,11.08117,0.037288995,,0.2019090246431,0.11736097969291881,0.3192700043360188
Gallazzi optical light-weighted,Control4C,1,0.2533848766493119,0.2534352553936589,1237671932820258894,Control4C,Lim:634,Satellite,11.20041,0.038460727,,0.2461409580682191,-0.02107095373220033,0.22507000433601876
Gallazzi optical light-weighted,Control4C,1,0.2533848766493119,0.2534352553936589,1237662236393406478,Control4C,Lim:641,Satellite,10.98091,0.026008878,,0.16471769920530668,0.1932523051307121,0.3579700043360188
Gallazzi optical light-weighted,Control4C,1,0.2533848766493119,0.2534352553936589,1237662236393406483,Control4C,Lim:641,Satellite,10.27512,0.024251647,,-0.09709424554574089,-0.7768357501182406,-0.8739299956639814
Gallazzi optical light-weighted,Control4C,1,0.2533848766493119,0.2534352553936589,1237658205573873789,Control4C,Lim:643,Satellite,10.2642,0.016509138,,-0.10114500630557186,0.32011501064159065,0.21897000433601876
Gallazzi optical light-weighted,Control4C,1,0.2533848766493119,0.2534352553936589,1237657874868535323,Control4C,Lim:643,Satellite,9.441351,0.016574243,,-0.4063798451761354,-0.20655015048784592,-0.6129299956639813
Gallazzi optical light-weighted,Control4C,1,0.2533848766493119,0.2534352553936589,1237655495981990086,Control4C,Lim:689,Satellite,10.39212,0.025454397,,-0.05369323740468933,-0.7134367582592919,-0.7671299956639812
Gallazzi optical light-weighted,Control4C,1,0.2533848766493119,0.2534352553936589,1237648702977409215,Control4C,Lim:689,Satellite,10.20949,0.024655538,,-0.12143961447135745,-0.24919038119262368,-0.37062999566398114
Gallazzi optical light-weighted,Control4C,1,0.2533848766493119,0.2534352553936589,1237657873254908052,Control4C,Lim:691,Satellite,10.21368,0.028788626,,-0.11988533905160548,0.12165534338762418,0.0017700043360187045
Gallazzi optical light-weighted,Control4C,1,0.2533848766493119,0.2534352553936589,1237657873254842442,Control4C,Lim:691,Satellite,10.03162,0.027978812,,-0.18742027530938138,-0.4156097203545999,-0.6030299956639813
Gallazzi optical light-weighted,Control4C,1,0.2533848766493119,0.2534352553936589,1237661137958666322,Control4C,Lim:693,Satellite,10.85255,0.042263479,,0.11710271283791107,0.028567291498107772,0.14567000433601884
Gallazzi optical light-weighted,Control4C,1,0.2533848766493119,0.2534352553936589,1237668670253170717,Control4C,Lim:699,Satellite,11.11974,0.031074015,,0.2162165193781457,0.126153484957873,0.3423700043360187
Gallazzi optical light-weighted,Control4C,1,0.2533848766493119,0.2534352553936589,1237651249881939975,Control4C,Lim:699,Satellite,10.8007,0.032449387,,0.09786901820446228,0.045100986131556414,0.1429700043360187
Gallazzi optical light-weighted,Control4C,1,0.2533848766493119,0.2534352553936589,1237668670253170836,Control4C,Lim:699,Satellite,10.13483,0.031653362,,-0.1491346509483741,0.18460465528439288,0.03547000433601877
Gallazzi optical light-weighted,Control4C,1,0.2533848766493119,0.2534352553936589,1237659133289693297,Control4C,Lim:711,Satellite,10.85965,0.035428746,,0.11973644922937635,-0.058266444893357555,0.06147000433601879
Gallazzi optical light-weighted,Control4C,1,0.2533848766493119,0.2534352553936589,1237659161199771728,Control4C,Lim:711,Satellite,10.84863,0.035469124,,0.11564859359079177,-0.029778589254773002,0.08587000433601877
Gallazzi optical light-weighted,Control4C,1,0.2533848766493119,0.2534352553936589,1237659133289693298,Control4C,Lim:711,Satellite,10.23205,0.034778742,,-0.11307100982467322,0.134241014160692,0.02117000433601879
Gallazzi optical light-weighted,Control4C,1,0.2533848766493119,0.2534352553936589,1237662642270896262,Control4C,Lim:713,Satellite,10.29155,0.04250284,,-0.09099955696661663,0.07166956130263544,-0.019329995663981192
Gallazzi optical light-weighted,Control4C,1,0.2533848766493119,0.2534352553936589,1237654030863826964,Control4C,Lim:714,Satellite,10.67941,0.03114252,,0.0528766397649058,0.11919336457111301,0.17207000433601882
Gallazzi optical light-weighted,Control4C,1,0.2533848766493119,0.2534352553936589,1237654030863892655,Control4C,Lim:714,Satellite,10.53474,0.031374736,,-0.0007885213271108041,0.15615852566312946,0.15537000433601866
Gallazzi optical light-weighted,Control4C,1,0.2533848766493119,0.2534352553936589,1237654030863892624,Control4C,Lim:714,Satellite,10.49689,0.030923366,,-0.01482893293513421,0.07969893727115285,0.06487000433601864
Gallazzi optical light-weighted,Control4C,1,0.2533848766493119,0.2534352553936589,1237651496830501270,Control4C,Lim:718,Satellite,10.56013,0.031905573,,0.008629868388284771,-0.020159864052265934,-0.011529995663981163
Gallazzi optical light-weighted,Control4C,1,0.2533848766493119,0.2534352553936589,1237651496830501214,Control4C,Lim:718,Satellite,10.08997,0.031909327,,-0.1657754135569857,0.13894541789300444,-0.026829995663981254
Gallazzi optical light-weighted,Control4C,1,0.2533848766493119,0.2534352553936589,1237651496830501304,Control4C,Lim:718,Satellite,9.959594,0.03134966,,-0.21413823268004292,0.03150823701606173,-0.1826299956639812
Gallazzi optical light-weighted,Control4C,1,0.2533848766493119,0.2534352553936589,1237664814988263512,Control4C,Lim:725,Satellite,10.19089,0.024283252,,-0.1283392619194224,0.14920926625544123,0.02087000433601882
Gallazzi optical light-weighted,Control4C,1,0.2533848766493119,0.2534352553936589,1237664814988263474,Control4C,Lim:725,Satellite,10.39352,0.024433053,,-0.05317390910214673,0.031643913438165555,-0.021529995663981172
Gallazzi optical light-weighted,Control4C,1,0.2533848766493119,0.2534352553936589,1237664814988263447,Control4C,Lim:725,Satellite,9.408957,0.024433037,,-0.41839636019939364,-0.2829336354645877,-0.7013299956639814
Gallazzi optical light-weighted,Control4C,1,0.2533848766493119,0.2534352553936589,1237654601571041343,Control4C,Lim:726,Satellite,10.60392,0.031436357,,0.024873715794239394,0.13909628854177944,0.16397000433601883
Gallazzi optical light-weighted,Control4C,1,0.2533848766493119,0.2534352553936589,1237654601571106889,Control4C,Lim:726,Satellite,10.17957,0.033035622,,-0.13253840219426583,0.09500840653028464,-0.037529995663981186
Gallazzi optical light-weighted,Control4C,1,0.2533848766493119,0.2534352553936589,1237648720686153850,Control4C,Lim:774,Satellite,10.912,0.039724371,,0.1391556182565905,0.09461438607942818,0.2337700043360187
Gallazzi optical light-weighted,Control4C,1,0.2533848766493119,0.2534352553936589,1237648720149217569,Control4C,Lim:774,Satellite,10.35027,0.03926121,,-0.06921744416283464,0.21318744849885346,0.1439700043360188
Gallazzi optical light-weighted,Control4C,1,0.2533848766493119,0.2534352553936589,1237674649384124576,Control4C,Lim:774,Satellite,10.12821,0.039047096,,-0.151590331921825,-0.26103966374215637,-0.4126299956639814
Gallazzi optical light-weighted,Control4C,1,0.2533848766493119,0.2534352553936589,1237661065489612923,Control4C,Lim:790,Satellite,10.77757,0.042252605,,0.0892889727488852,0.1684810315871335,0.2577700043360187
Gallazzi optical light-weighted,Control4C,1,0.2533848766493119,0.2534352553936589,1237655474505580845,Control4C,Lim:795,Satellite,10.50353,0.032777947,,-0.012365832985933006,-0.22836416267804824,-0.24072999566398123
Gallazzi optical light-weighted,Control4C,1,0.2533848766493119,0.2534352553936589,1237655501884293573,Control4C,Lim:795,Satellite,9.904016,0.034186941,,-0.23475482439340442,0.09042482872942323,-0.1443299956639812
Gallazzi optical light-weighted,Control4C,1,0.2533848766493119,0.2534352553936589,1237662193998102638,Control4C,Lim:798,Satellite,10.73548,0.018600811,,0.07367573828173268,0.06769426605428597,0.14137000433601865
Gallazzi optical light-weighted,Control4C,1,0.2533848766493119,0.2534352553936589,1237662193461231736,Control4C,Lim:798,Satellite,10.47832,0.019260172,,-0.021717451919573007,0.0468874562555918,0.025170004336018792
Gallazzi optical light-weighted,Control4C,1,0.2533848766493119,0.2534352553936589,1237655742409736258,Control4C,Lim:803,Satellite,10.89738,0.036941754,,0.1337323469828965,-0.008362342646877852,0.12537000433601864
Gallazzi optical light-weighted,Control4C,1,0.2533848766493119,0.2534352553936589,1237655742409801806,Control4C,Lim:803,Satellite,10.54837,0.03828277,,0.004267510646928242,0.03080249368909057,0.03507000433601881
Gallazzi optical light-weighted,Control4C,1,0.2533848766493119,0.2534352553936589,1237651737930694670,Control4C,Lim:847,Satellite,12.00417,0.033676146,,0.5442947555336154,-0.4277247511975967,0.11657000433601872
Gallazzi optical light-weighted,Control4C,1,0.2533848766493119,0.2534352553936589,1237654880211173600,Control4C,Lim:847,Satellite,7.770007,0.033047931,,-1.0263628755222645,1.0140328798582832,-0.012329995663981297
Gallazzi optical light-weighted,Control4C,1,0.2533848766493119,0.2534352553936589,1237651737930498465,Control4C,Lim:847,Satellite,11.46655,0.032531129,,0.3448652683815471,-0.41509526404552843,-0.07022999566398136
Gallazzi optical light-weighted,Control4C,1,0.2533848766493119,0.2534352553936589,1237674650460422494,Control4C,Lim:864,Satellite,10.82383,0.041171447,,0.10644906366003873,0.058820940675979955,0.16527000433601868
Gallazzi optical light-weighted,Control4C,1,0.2533848766493119,0.2534352553936589,1237648721225646275,Control4C,Lim:864,Satellite,10.06055,0.03848151,,-0.17668872688612866,0.29585873122214734,0.11917000433601865
Gallazzi optical light-weighted,Control4C,1,0.2533848766493119,0.2534352553936589,1237660634386006121,Control4C,Lim:886,Satellite,9.722207,0.026122671,,-0.30219665250551075,0.15086665684152945,-0.1513299956639813
Gallazzi optical light-weighted,Control4C,1,0.2533848766493119,0.2534352553936589,1237651735234478093,Control4C,Lim:889,Satellite,10.41503,0.025767428,,-0.04519480068236912,0.2196648050183879,0.17447000433601878
Gallazzi optical light-weighted,Control4C,1,0.2533848766493119,0.2534352553936589,1237651752414085200,Control4C,Lim:889,Satellite,10.32507,0.025940227,,-0.07856535360859948,0.058535357944618144,-0.020029995663981337
Gallazzi optical light-weighted,Control4C,1,0.2533848766493119,0.2534352553936589,1237651735234478248,Control4C,Lim:889,Satellite,10.14345,0.025768754,,-0.14593707239986228,0.29340707673588096,0.14747000433601865
Gallazzi optical light-weighted,Control4C,1,0.2533848766493119,0.2534352553936589,1237662224077422595,Control4C,Lim:962,Satellite,10.89573,0.028425099,,0.13312028148347152,-0.04535027714745274,0.08777000433601878
Gallazzi optical light-weighted,Control4C,1,0.2533848766493119,0.2534352553936589,1237664854716514359,Control4C,Lim:962,Satellite,10.97205,0.028390496,,0.16143109294778765,0.10863891138823104,0.2700700043360187
Gallazzi optical light-weighted,Control4C,1,0.2533848766493119,0.2534352553936589,1237662224077226146,Control4C,Lim:962,Satellite,10.78444,0.027898311,,0.09183739091921847,-0.08076738658319968,0.01107000433601879
Gallazzi optical light-weighted,Control4C,1,0.2533848766493119,0.2534352553936589,1237657878614638621,Control4C,Lim:984,Satellite,11.0979,0.023375227,,0.20811499785848245,0.10605500647753627,0.3141700043360187
Gallazzi optical light-weighted,Control4C,1,0.2533848766493119,0.2534352553936589,1237657773924352400,Control4C,Lim:984,Satellite,10.28483,0.021979577,,-0.09349233281882113,0.17706233715483993,0.0835700043360188
Gallazzi optical light-weighted,Control4C,1,0.2533848766493119,0.2534352553936589,1237657628432007196,Control4C,Lim:984,Satellite,10.07853,0.023122114,,-0.17001906768633238,0.34008907202235117,0.17007000433601882
Gallazzi optical light-weighted,Control4C,1,0.2533848766493119,0.2534352553936589,1237651274035363852,Control4C,Lim:993,Satellite,10.65456,0.031538768,,0.043658562394776286,-0.09218855805875759,-0.04852999566398131
Gallazzi optical light-weighted,Control4C,1,0.2533848766493119,0.2534352553936589,1237663529186623648,Control4C,Lim:993,Satellite,10.00629,0.032655552,,-0.19681640809752532,-0.15551358756645584,-0.35232999566398115
Gallazzi optical light-weighted,Control4C,1,0.2533848766493119,0.2534352553936589,1237661137419108491,Control4C,Lim:1006,Satellite,10.36543,0.029305565,,-0.06359386054387456,-0.2221361351201066,-0.28572999566398116
Gallazzi optical light-weighted,Control4C,1,0.2533848766493119,0.2534352553936589,1237661382771474612,Control4C,Lim:1006,Satellite,10.12682,0.027317687,,-0.15210595073649177,-0.29122404492748954,-0.44332999566398135
Gallazzi optical light-weighted,Control4C,1,0.2533848766493119,0.2534352553936589,1237658803114475562,Control4C,Lim:1088,Satellite,10.92507,0.029495913,,0.14400391890961187,-0.031033914573593196,0.11297000433601867
Gallazzi optical light-weighted,Control4C,1,0.2533848766493119,0.2534352553936589,1237662307274653752,Control4C,Lim:1110,Satellite,10.78799,0.031406307,,0.09315425911495143,-0.11508425477893278,-0.02192999566398135
Gallazzi optical light-weighted,Control4C,1,0.2533848766493119,0.2534352553936589,1237662619189575826,Control4C,Lim:1110,Satellite,10.19451,0.03213386,,-0.12699642730856261,0.10096643164458127,-0.026029995663981342
Gallazzi optical light-weighted,Control4C,1,0.2533848766493119,0.2534352553936589,1237651272431829116,Control4C,Lim:1118,Satellite,10.42465,0.043040503,,-0.041626273346327146,-1.0534037223176542,-1.0950299956639813
Gallazzi optical light-weighted,Control4C,1,0.2533848766493119,0.2534352553936589,1237651538169823387,Control4C,Lim:1118,Satellite,10.54356,0.041175503,,0.0024832469789069223,0.22128675735711176,0.22377000433601868
Gallazzi optical light-weighted,Control4C,1,0.2533848766493119,0.2534352553936589,1237651272431829138,Control4C,Lim:1118,Satellite,10.57071,0.042177814,,0.01255450656035624,0.028715497775662555,0.041270004336018795
Gallazzi optical light-weighted,Control4C,1,0.2533848766493119,0.2534352553936589,1237651736314839047,Control4C,Lim:1122,Satellite,10.22998,0.041100286,,-0.11383887381486099,0.1934088781508798,0.0795700043360188
Gallazzi optical light-weighted,Control4C,1,0.2533848766493119,0.2534352553936589,1237651736314773622,Control4C,Lim:1122,Satellite,10.01624,0.039302601,,-0.19312546766159835,0.1903954719976171,-0.002729995663981244
Gallazzi optical light-weighted,Control4C,1,0.2533848766493119,0.2534352553936589,1237651823249522870,Control4C,Lim:1124,Satellite,10.42384,0.028719805,,-0.041926741864226555,-0.052503253799754804,-0.09442999566398136
Gallazzi optical light-weighted,Control4C,1,0.2533848766493119,0.2534352553936589,1237651823249457410,Control4C,Lim:1124,Satellite,10.29853,0.029257843,,-0.08841033442965529,-0.3042196612343261,-0.3926299956639814
Gallazzi optical light-weighted,Control4C,1,0.2533848766493119,0.2534352553936589,1237654880740638942,Control4C,Lim:1124,Satellite,9.927779,0.029265957,,-0.22593996835532107,-0.038690027308660196,-0.26462999566398127
Gallazzi optical light-weighted,Control4C,1,0.2533848766493119,0.2534352553936589,1237671931209318493,Control4C,Lim:1131,Satellite,10.92274,0.035585866,,0.1431396082346659,0.0015303961013528322,0.14467000433601873
Gallazzi optical light-weighted,Control4C,1,0.2533848766493119,0.2534352553936589,1237671931209318579,Control4C,Lim:1131,Satellite,10.54631,0.035570695,,0.003503356144615652,0.01696664819140299,0.020470004336018643
Gallazzi optical light-weighted,Control4C,1,0.2533848766493119,0.2534352553936589,1237671931209318606,Control4C,Lim:1131,Satellite,10.47415,0.035802446,,-0.023264308363574664,0.014834312699593382,-0.008429995663981282
Gallazzi optical light-weighted,Control4C,1,0.2533848766493119,0.2534352553936589,1237654028715032625,Control4C,Lim:1132,Satellite,10.46452,0.041199612,,-0.026836545187491803,0.12350654952351049,0.09667000433601869
Gallazzi optical light-weighted,Control4C,1,0.2533848766493119,0.2534352553936589,1237657595152433227,Control4C,Lim:1143,Satellite,10.81014,0.025772407,,0.1013707747587487,0.16299922957726995,0.26437000433601865
Gallazzi optical light-weighted,Control4C,1,0.2533848766493119,0.2534352553936589,1237657595689304281,Control4C,Lim:1143,Satellite,9.773531,0.026094829,,-0.28315807693430256,0.0669280812703213,-0.21622999566398127
Gallazzi optical light-weighted,Control4C,1,0.2533848766493119,0.2534352553936589,1237651274036871310,Control4C,Lim:1145,Satellite,10.66639,0.041331501,,0.04804688655126028,-0.017676882215241614,0.030370004336018663
Gallazzi optical light-weighted,Control4C,1,0.2533848766493119,0.2534352553936589,1237658917459918989,Control4C,Lim:1259,Satellite,11.11133,0.03315799,,0.2130968400750156,-0.06042683573899685,0.15267000433601874
Gallazzi optical light-weighted,Control4C,1,0.2533848766493119,0.2534352553936589,1237661068714508360,Control4C,Lim:1266,Satellite,10.20129,0.034254067,,-0.1244813945291065,-0.5210486011348747,-0.6455299956639813
Gallazzi optical light-weighted,Control4C,1,0.2533848766493119,0.2534352553936589,1237661068714442879,Control4C,Lim:1266,Satellite,10.45323,0.034953935,,-0.031024556998709738,-0.05070543866527147,-0.0817299956639812
Gallazzi optical light-weighted,Control4C,1,0.2533848766493119,0.2534352553936589,1237661137421271216,Control4C,Lim:1270,Satellite,10.01007,0.043352505,,-0.1954142216806603,0.034184226016678976,-0.16122999566398133
Gallazzi optical light-weighted,Control4C,1,0.2533848766493119,0.2534352553936589,1237661137421271240,Control4C,Lim:1270,Satellite,9.876853,0.044439929,,-0.24483090630909132,-0.16719908935489014,-0.41202999566398146
Gallazzi optical light-weighted,Control4C,1,0.2533848766493119,0.2534352553936589,1237661358610186319,Control4C,Lim:1282,Satellite,11.05743,0.025715958,,0.1931027004271294,-0.08983269609111055,0.10327000433601885
Gallazzi optical light-weighted,Control4C,1,0.2533848766493119,0.2534352553936589,1237660635996160210,Control4C,Lim:1282,Satellite,9.703765,0.025132465,,-0.309037690045145,0.17820769438116363,-0.13082999566398135
Gallazzi optical light-weighted,Control4C,1,0.2533848766493119,0.2534352553936589,1237661356464799823,Control4C,Lim:1295,Satellite,10.49059,0.021252982,,-0.017165910296575913,0.1572359146325947,0.1400700043360188
Gallazzi optical light-weighted,Control4C,1,0.2533848766493119,0.2534352553936589,1237661356464865319,Control4C,Lim:1295,Satellite,10.34073,0.022764189,,-0.07275629559587399,0.041426299931892785,-0.0313299956639812
Gallazzi optical light-weighted,Control4C,1,0.2533848766493119,0.2534352553936589,1237661139030835274,Control4C,Lim:1296,Satellite,10.48853,0.023149073,,-0.017930064798887844,0.07060006913490649,0.05267000433601865
Gallazzi optical light-weighted,Control4C,1,0.2533848766493119,0.2534352553936589,1237661139030900756,Control4C,Lim:1296,Satellite,9.896727,0.024253314,,-0.2374586701057132,0.10382867444173194,-0.13362999566398126
Gallazzi optical light-weighted,Control4C,1,0.2533848766493119,0.2534352553936589,1237659329778483267,Control4C,Lim:1297,Satellite,10.70275,0.032968283,,0.061534584465863955,0.2088354198701547,0.27037000433601865
Gallazzi optical light-weighted,Control4C,1,0.2533848766493119,0.2534352553936589,1237659325492560003,Control4C,Lim:1297,Satellite,9.673607,0.034550203,,-0.32022476357948537,0.00029476791550420156,-0.31992999566398117
Gallazzi optical light-weighted,Control4C,1,0.2533848766493119,0.2534352553936589,1237648705115848766,Control4C,Lim:1300,Satellite,10.38304,0.024230105,,-0.05706145239546525,0.376531456731484,0.3194700043360188
Gallazzi optical light-weighted,Control4C,1,0.2533848766493119,0.2534352553936589,1237648722307842148,Control4C,Lim:1300,Satellite,9.86115,0.025133229,,-0.25065591511968055,0.31792591945569937,0.06727000433601882
Gallazzi optical light-weighted,Control4C,1,0.2533848766493119,0.2534352553936589,1237648705115848927,Control4C,Lim:1300,Satellite,9.747048,0.024934303,,-0.29298191367446913,0.4193519180104879,0.12637000433601875
Gallazzi optical light-weighted,Control4C,1,0.2533848766493119,0.2534352553936589,1237661849862340734,Control4C,Lim:1301,Satellite,10.6624,0.036703444,,0.046566800889014194,0.11840320344700453,0.16497000433601872
Gallazzi optical light-weighted,Control4C,1,0.2533848766493119,0.2534352553936589,1237661849862340735,Control4C,Lim:1301,Satellite,10.37209,0.038802124,,-0.06112334161892236,0.206593345954941,0.14547000433601864
Gallazzi optical light-weighted,Control4C,1,0.2533848766493119,0.2534352553936589,1237659132751577262,Control4C,Lim:1302,Satellite,10.85049,0.01881271,,0.11633855833559847,0.039731446000420334,0.1560700043360188
Gallazzi optical light-weighted,Control4C,1,0.2533848766493119,0.2534352553936589,1237659132751642639,Control4C,Lim:1302,Satellite,9.338893,0.019492948,,-0.4443865160489197,-0.5206434796150616,-0.9650299956639814
Gallazzi optical light-weighted,Control4C,1,0.2533848766493119,0.2534352553936589,1237661967423373381,Control4C,Lim:1451,Satellite,10.55181,0.024835991,,0.005543574476032449,0.17062642985998636,0.17617000433601882
Gallazzi optical light-weighted,Control4C,1,0.2533848766493119,0.2534352553936589,1237661967423111358,Control4C,Lim:1451,Satellite,10.26895,0.025622773,,-0.09938299956480284,0.03935300390082169,-0.06002999566398115
Gallazzi optical light-weighted,Control4C,1,0.2533848766493119,0.2534352553936589,1237662195056640151,Control4C,Lim:1451,Satellite,10.00999,0.028144692,,-0.19544389758366293,0.17501390191968164,-0.020429995663981293
Gallazzi optical light-weighted,Control4C,1,0.2533848766493119,0.2534352553936589,1237651272425668786,Control4C,Lim:1464,Satellite,10.32467,0.032054905,,-0.07871373312361193,0.07258373745963062,-0.006129995663981314
Gallazzi optical light-weighted,Control4C,1,0.2533848766493119,0.2534352553936589,1237651272425668776,Control4C,Lim:1464,Satellite,10.12949,0.030484936,,-0.15111551747378565,0.13178552180980446,-0.019329995663981192
Gallazzi optical light-weighted,Control4C,1,0.2533848766493119,0.2534352553936589,1237655469135692013,Control4C,Lim:1475,Satellite,10.68757,0.039092684,,0.05590358187115289,0.14456642246486592,0.2004700043360188
Gallazzi optical light-weighted,Control4C,1,0.2533848766493119,0.2534352553936589,1237655469135626467,Control4C,Lim:1475,Satellite,10.50921,0.039557663,,-0.010258843872760638,0.27812884820877937,0.2678700043360187
Gallazzi optical light-weighted,Control4C,1,0.2533848766493119,0.2534352553936589,1237661852006678622,Control4C,Lim:1483,Satellite,10.38556,0.024828749,,-0.056126661450888564,0.1814966657869072,0.12537000433601864
Gallazzi optical light-weighted,Control4C,1,0.2533848766493119,0.2534352553936589,1237662194000461972,Control4C,Lim:1485,Satellite,10.23961,0.031326856,,-0.11026663699094319,0.10243664132696184,-0.007829995663981348
Gallazzi optical light-weighted,Control4C,1,0.2533848766493119,0.2534352553936589,1237662306190295221,Control4C,Lim:1485,Satellite,9.904114,0.033907713,,-0.23471847141222663,0.06608847574824545,-0.16862999566398118
Gallazzi optical light-weighted,Control4C,1,0.2533848766493119,0.2534352553936589,1237674602676289706,Control4C,Lim:1486,Satellite,10.54114,0.024292031,,0.0015855509130838497,0.22718445342293495,0.2287700043360188
Gallazzi optical light-weighted,Control4C,1,0.2533848766493119,0.2534352553936589,1237648721757929562,Control4C,Lim:1488,Satellite,9.794154,0.029572965,,-0.2755080000890639,-0.6153219955749172,-0.8908299956639811
Gallazzi optical light-weighted,Control4C,1,0.2533848766493119,0.2534352553936589,1237657606426722476,Control4C,Lim:1490,Satellite,10.49283,0.030659067,,-0.01633498501250775,0.1919049893485264,0.17557000433601866
Gallazzi optical light-weighted,Control4C,1,0.2533848766493119,0.2534352553936589,1237657606426787999,Control4C,Lim:1490,Satellite,9.829203,0.03079122,,-0.26250661603491293,-0.47762337962906815,-0.7401299956639811
Gallazzi optical light-weighted,Control4C,1,0.2533848766493119,0.2534352553936589,1237657606426591432,Control4C,Lim:1490,Satellite,9.966885,0.031075041,,-0.211433645070159,-0.5140963505938223,-0.7255299956639814
Gallazzi optical light-weighted,Control4C,1,0.2533848766493119,0.2534352553936589,1237654879118229530,Control4C,Lim:1494,Satellite,10.03815,0.041748277,,-0.1849979797268083,-0.6189320159371728,-0.8039299956639812
Gallazzi optical light-weighted,Control4C,1,0.2533848766493119,0.2534352553936589,1237655123940606220,Control4C,Lim:1494,Satellite,10.5848,0.041096811,,0.017781174976658716,0.024988829359360136,0.04277000433601885
Gallazzi optical light-weighted,Control4C,1,0.2533848766493119,0.2534352553936589,1237660671429967979,Control4C,Lim:1497,Satellite,10.36056,0.03343603,,-0.0654003811391475,0.08917038547516623,0.023770004336018724
Gallazzi optical light-weighted,Control4C,1,0.2533848766493119,0.2534352553936589,1237660671429968008,Control4C,Lim:1497,Satellite,10.54078,0.033606269,,0.0014520093495727065,0.08321799498644597,0.08467000433601868
Gallazzi optical light-weighted,Control4C,1,0.2533848766493119,0.2534352553936589,1237661950780047494,Control4C,Lim:1497,Satellite,9.916123,0.03364734,,-0.23026374742277433,0.16763375175879303,-0.06262999566398131
Gallazzi optical light-weighted,Control4C,1,0.2533848766493119,0.2534352553936589,1237653589017362552,Control4C,Lim:1599,Satellite,10.95201,0.041066913,,0.15399727924567946,-0.08282727490966063,0.07117000433601883
Gallazzi optical light-weighted,Control4C,1,0.2533848766493119,0.2534352553936589,1237654391639507212,Control4C,Lim:1599,Satellite,10.76021,0.042400434,,0.08284930179735828,-0.025579297461339467,0.05727000433601881
Gallazzi optical light-weighted,Control4C,1,0.2533848766493119,0.2534352553936589,1237654391639441458,Control4C,Lim:1599,Satellite,10.36816,0.041534658,,-0.0625811703539168,0.18835117468993562,0.12577000433601881
Gallazzi optical light-weighted,Control4C,1,0.2533848766493119,0.2534352553936589,1237661381704024169,Control4C,Lim:1600,Satellite,10.6562,0.038111197,,0.04426691840632609,-0.031996914070307435,0.012270004336018658
Gallazzi optical light-weighted,Control4C,1,0.2533848766493119,0.2534352553936589,1237661381704089681,Control4C,Lim:1600,Satellite,9.868852,0.036827939,,-0.24779886755812172,-0.6108311281058594,-0.8586299956639811
Gallazzi optical light-weighted,Control4C,1,0.2533848766493119,0.2534352553936589,1237654383585329365,Control4C,Lim:1616,Satellite,10.71634,0.043491938,,0.06657577848840168,0.254094225847617,0.32067000433601867
Gallazzi optical light-weighted,Control4C,1,0.2533848766493119,0.2534352553936589,1237654383585394820,Control4C,Lim:1616,Satellite,10.39758,0.042845034,,-0.05166785702477384,0.12303786136079264,0.07137000433601881
Gallazzi optical light-weighted,Control4C,1,0.2533848766493119,0.2534352553936589,1237654391644618891,Control4C,Lim:1616,Satellite,10.41594,0.041790662,,-0.0448572372857161,-1.2395727583782652,-1.2844299956639813
Gallazzi optical light-weighted,Control4C,1,0.2533848766493119,0.2534352553936589,1237659330849276115,Control4C,Lim:1619,Satellite,10.87738,0.044311451,,0.12631337123228958,0.019856633103729204,0.1461700043360188
Gallazzi optical light-weighted,Control4C,1,0.2533848766493119,0.2534352553936589,1237655465385394461,Control4C,Lim:1664,Satellite,10.72704,0.035817891,,0.07054493051497643,0.003425073821042318,0.07397000433601875
Gallazzi optical light-weighted,Control4C,1,0.2533848766493119,0.2534352553936589,1237655370904764505,Control4C,Lim:1664,Satellite,10.66017,0.03796471,,0.045739585092821854,-0.04916958075680302,-0.003429995663981167
Gallazzi optical light-weighted,Control4C,1,0.2533848766493119,0.2534352553936589,1237655465385459816,Control4C,Lim:1664,Satellite,10.17687,0.037169284,,-0.13353996392059808,0.15070996825661687,0.017170004336018785
Gallazzi optical light-weighted,Control4C,1,0.2533848766493119,0.2534352553936589,1237661949719478403,Control4C,Lim:1701,Satellite,10.04496,0.042849579,,-0.18247181848372668,0.3425418228197455,0.1600700043360188
Gallazzi optical light-weighted,Control4C,1,0.2533848766493119,0.2534352553936589,1237661070324858895,Control4C,Lim:1714,Satellite,10.9583,0.032938389,,0.15633054711924535,0.1828394572167735,0.33917000433601885
Gallazzi optical light-weighted,Control4C,1,0.2533848766493119,0.2534352553936589,1237661070324858899,Control4C,Lim:1714,Satellite,10.25661,0.033020698,,-0.10396050760292738,0.1378305119389461,0.03387000433601872
Gallazzi optical light-weighted,Control4C,1,0.2533848766493119,0.2534352553936589,1237661813348434037,Control4C,Lim:1718,Satellite,10.45015,0.026450845,,-0.0321670792643028,-0.1039629163996784,-0.1361299956639812
Gallazzi optical light-weighted,Control4C,1,0.2533848766493119,0.2534352553936589,1237648704600670761,Control4C,Lim:1719,Satellite,11.03549,0.031765264,,0.1849640840287132,-0.04729407969269436,0.13767000433601884
Gallazzi optical light-weighted,Control4C,1,0.2533848766493119,0.2534352553936589,1237648721792729473,Control4C,Lim:1719,Satellite,9.848671,0.032528708,,-0.2552849850392721,0.17665498937529078,-0.07862999566398132
Gallazzi optical light-weighted,Control4C,1,0.2533848766493119,0.2534352553936589,1237648721792729305,Control4C,Lim:1719,Satellite,9.901848,0.032318355,,-0.2355590413647706,0.0021290457007894503,-0.23342999566398115
Gallazzi optical light-weighted,Control4C,1,0.2533848766493119,0.2534352553936589,1237661418750279810,Control4C,Lim:1733,Satellite,10.50006,0.043233747,,-0.013653025278663359,0.04712302961468212,0.033470004336018766
Gallazzi optical light-weighted,Control4C,1,0.2533848766493119,0.2534352553936589,1237661949711220877,Control4C,Lim:1737,Satellite,10.0556,0.039659784,,-0.17852492338440357,0.09819492772042221,-0.08032999566398136
Gallazzi optical light-weighted,Control4C,1,0.2533848766493119,0.2534352553936589,1237661949711220893,Control4C,Lim:1737,Satellite,9.961017,0.041371031,,-0.21361037255538692,0.05928037689140572,-0.1543299956639812
Gallazzi optical light-weighted,Control4C,1,0.2533848766493119,0.2534352553936589,1237654652561588590,Control4C,Lim:1743,Satellite,10.62591,0.03347985,,0.03303087963203142,0.013839124703987425,0.046870004336018845
Gallazzi optical light-weighted,Control4C,1,0.2533848766493119,0.2534352553936589,1237654652561653886,Control4C,Lim:1743,Satellite,9.77468,0.034320705,,-0.28273185677743023,-0.274598138886551,-0.5573299956639812
Gallazzi optical light-weighted,Control4C,1,0.2533848766493119,0.2534352553936589,1237654652561654051,Control4C,Lim:1743,Satellite,9.664881,0.033076565,,-0.3234616626994756,-0.052368332964505826,-0.37582999566398145
Gallazzi optical light-weighted,Control4C,1,0.2533848766493119,0.2534352553936589,1237655471822209115,Control4C,Lim:1744,Satellite,10.86645,0.031133328,,0.12225890098458281,-0.017388896648564134,0.10487000433601867
Gallazzi optical light-weighted,Control4C,1,0.2533848766493119,0.2534352553936589,1237655471822209218,Control4C,Lim:1744,Satellite,10.6772,0.031048813,,0.05205684294446313,-0.06728683860844434,-0.0152299956639812
Gallazzi optical light-weighted,Control4C,1,0.2533848766493119,0.2534352553936589,1237662303514591245,Control4C,Lim:1750,Satellite,11.06022,0.019560952,,0.1941376475443388,0.015632356791679874,0.20977000433601867
Gallazzi optical light-weighted,Control4C,1,0.2533848766493119,0.2534352553936589,1237662303514656781,Control4C,Lim:1750,Satellite,10.54906,0.020069753,,0.004523465310324378,-0.3261534609743056,-0.3216299956639812
Gallazzi optical light-weighted,Control4C,1,0.2533848766493119,0.2534352553936589,1237657590857531471,Control4C,Lim:1753,Satellite,9.905485,0.019999931,,-0.23420990062452227,-0.2616200950394588,-0.4958299956639811
Gallazzi optical light-weighted,Control4C,1,0.2533848766493119,0.2534352553936589,1237658802572099607,Control4C,Lim:1753,Satellite,9.997456,0.019694242,,-0.20009336968656855,0.3234633740225874,0.12337000433601886
Gallazzi optical light-weighted,Control4C,1,0.2533848766493119,0.2534352553936589,1237657590857400524,Control4C,Lim:1753,Satellite,9.759063,0.019825099,,-0.288524963992292,-0.19520503167168934,-0.48372999566398134
Gallazzi optical light-weighted,Control4C,1,0.2533848766493119,0.2534352553936589,1237655129844416636,Control4C,Lim:1754,Satellite,10.8885,0.031227996,,0.1304383217496271,0.023931682586391667,0.15437000433601877
Gallazzi optical light-weighted,Control4C,1,0.2533848766493119,0.2534352553936589,1237655503498314153,Control4C,Lim:1754,Satellite,9.786156,0.030171394,,-0.2784748484917319,0.22704485282775067,-0.05142999566398121
Gallazzi optical light-weighted,Control4C,1,0.2533848766493119,0.2534352553936589,1237657611263475859,Control4C,Lim:1939,Satellite,10.46275,0.033604597,,-0.027493124541420708,0.2875631288774394,0.2600700043360187
Gallazzi optical light-weighted,Control4C,1,0.2533848766493119,0.2534352553936589,1237657220414308480,Control4C,Lim:1939,Satellite,10.46371,0.034537076,,-0.027137013705391216,-0.3749929819585902,-0.40212999566398144
Gallazzi optical light-weighted,Control4C,1,0.2533848766493119,0.2534352553936589,1237662341090312387,Control4C,Lim:1948,Satellite,10.55483,0.034545743,,0.006663839814374531,0.07140616452164421,0.07807000433601874
Gallazzi optical light-weighted,Control4C,1,0.2533848766493119,0.2534352553936589,1237662665889939764,Control4C,Lim:1948,Satellite,10.40776,0.038265599,,-0.047891598367714824,-0.16703839729626635,-0.2149299956639812
Gallazzi optical light-weighted,Control4C,1,0.2533848766493119,0.2534352553936589,1237660635995242604,Control4C,Lim:1949,Satellite,10.3098,0.044447786,,-0.08422974159418833,0.09539974593020711,0.01117000433601878
Gallazzi optical light-weighted,Control4C,1,0.2533848766493119,0.2534352553936589,1237651190815719555,Control4C,Lim:1977,Satellite,10.98494,0.032096867,,0.16621262281905408,0.016457381516964686,0.18267000433601877
Gallazzi optical light-weighted,Control4C,1,0.2533848766493119,0.2534352553936589,1237651190815719612,Control4C,Lim:1977,Satellite,10.49914,0.033218385,,-0.013994298163190883,0.023764302499209595,0.009770004336018712
Gallazzi optical light-weighted,Control4C,1,0.2533848766493119,0.2534352553936589,1237651190815719626,Control4C,Lim:1977,Satellite,10.13641,0.032255648,,-0.14854855186407595,0.004918556200094681,-0.14362999566398127
Gallazzi optical light-weighted,Control4C,1,0.2533848766493119,0.2534352553936589,1237655464844263595,Control4C,Lim:1996,Satellite,10.28438,0.038575359,,-0.09365925977320941,-0.3052707358907719,-0.39892999566398135
Gallazzi optical light-weighted,Control4C,1,0.2533848766493119,0.2534352553936589,1237655369826697452,Control4C,Lim:1996,Satellite,10.18829,0.038065536,,-0.12930372876700105,0.14457373310301982,0.015270004336018772
Gallazzi optical light-weighted,Control4C,1,0.2533848766493119,0.2534352553936589,1237655464844198086,Control4C,Lim:1996,Satellite,10.20707,0.038023742,,-0.1223373105371812,0.44230731487319996,0.31997000433601874
Gallazzi optical light-weighted,Control4C,1,0.2533848766493119,0.2534352553936589,1237654391103553687,Control4C,Lim:2018,Satellite,10.901,0.043221014,,0.13507518159375625,0.0879948227422625,0.22307000433601876
Gallazzi optical light-weighted,Control4C,1,0.2533848766493119,0.2534352553936589,1237654391103619286,Control4C,Lim:2018,Satellite,10.61642,0.041063452,,0.029510575638368536,-0.002440571302349731,0.027070004336018805
Gallazzi optical light-weighted,Control4C,1,0.2533848766493119,0.2534352553936589,1237661852019261469,Control4C,Lim:2021,Satellite,10.61803,0.029551741,,0.0301078031862922,0.03456220114972646,0.06467000433601866
Gallazzi optical light-weighted,Control4C,1,0.2533848766493119,0.2534352553936589,1237659326018355451,Control4C,Lim:2038,Satellite,10.86108,0.043010154,,0.12026690599554443,-0.015996901659525692,0.10427000433601874
Gallazzi optical light-weighted,Control4C,1,0.2533848766493119,0.2534352553936589,1237655473432101295,Control4C,Lim:2051,Satellite,10.61224,0.02974915,,0.02796000970649172,0.04590999462952704,0.07387000433601876
Gallazzi optical light-weighted,Control4C,1,0.2533848766493119,0.2534352553936589,1237651272962211932,Control4C,Lim:2055,Satellite,10.55095,0.025260262,,0.005224558518756559,0.09534544581726215,0.1005700043360187
Gallazzi optical light-weighted,Control4C,1,0.2533848766493119,0.2534352553936589,1237651272962212132,Control4C,Lim:2055,Satellite,10.48272,0.026020284,,-0.02008527725443931,0.11215528159045807,0.09207000433601875
Gallazzi optical light-weighted,Control4C,1,0.2533848766493119,0.2534352553936589,1237651272962277451,Control4C,Lim:2055,Satellite,9.999923,0.025492479,,-0.19917823902773074,0.08724824336374953,-0.11192999566398121
Gallazzi optical light-weighted,Control4C,1,0.2533848766493119,0.2534352553936589,1237657242433028261,Control4C,Lim:2057,Satellite,10.12171,0.033387785,,-0.15400149904077193,-0.09752849662320923,-0.25152999566398115
Gallazzi optical light-weighted,Control4C,1,0.2533848766493119,0.2534352553936589,1237657242433028277,Control4C,Lim:2057,Satellite,9.439952,0.031702428,,-0.4068988025298901,0.08386880686590903,-0.32302999566398105
Gallazzi optical light-weighted,Control4C,1,0.2533848766493119,0.2534352553936589,1237658491204665353,Control4C,Lim:2065,Satellite,10.32369,0.037039594,,-0.07907726293539175,-0.6910527327285896,-0.7701299956639813
Gallazzi optical light-weighted,Control4C,1,0.2533848766493119,0.2534352553936589,1237658491204730988,Control4C,Lim:2065,Satellite,10.20066,0.037050793,,-0.12471509226525099,-0.10781490339873026,-0.23252999566398125
Gallazzi optical light-weighted,Control4C,1,0.2533848766493119,0.2534352553936589,1237660343935041725,Control4C,Lim:2068,Satellite,10.51304,0.027817159,,-0.008838110016519142,0.052708114352537874,0.04387000433601873
Gallazzi optical light-weighted,Control4C,1,0.2533848766493119,0.2534352553936589,1237660635989737560,Control4C,Lim:2068,Satellite,10.41265,0.028384226,,-0.04607765879669155,-0.04865233686728978,-0.09472999566398133
Gallazzi optical light-weighted,Control4C,1,0.2533848766493119,0.2534352553936589,1237662303503974501,Control4C,Lim:2072,Satellite,10.4375,0.032715277,,-0.036859581426562024,-0.18537041423741923,-0.22222999566398127
Gallazzi optical light-weighted,Control4C,1,0.2533848766493119,0.2534352553936589,1237658800431104162,Control4C,Lim:2072,Satellite,10.11542,0.033974564,,-0.1563347669143378,-0.03949522874964348,-0.1958299956639813
Gallazzi optical light-weighted,Control4C,1,0.2533848766493119,0.2534352553936589,1237655128762810629,Control4C,Lim:2074,Satellite,10.2014,0.044335224,,-0.12444059016247838,0.41721059449849723,0.29277000433601885
Gallazzi optical light-weighted,Control4C,1,0.2533848766493119,0.2534352553936589,1237651752919040182,Control4C,Lim:2079,Satellite,10.42299,0.018723292,,-0.04224204833362728,0.2728120526696461,0.23057000433601882
Gallazzi optical light-weighted,Control4C,1,0.2533848766493119,0.2534352553936589,1237653664180732221,Control4C,Lim:2079,Satellite,9.920506,0.018569108,,-0.2286378788870292,0.21240788322304788,-0.01622999566398131
Gallazzi optical light-weighted,Control4C,1,0.2533848766493119,0.2534352553936589,1237664131554541775,Control4C,Lim:2083,Satellite,10.3168,0.032562019,,-0.08163310008147531,0.09740310441749403,0.015770004336018717
Gallazzi optical light-weighted,Control4C,1,0.2533848766493119,0.2534352553936589,1237654604776472806,Control4C,Lim:2084,Satellite,10.22042,0.029651026,,-0.11738514422365065,0.012355148559669349,-0.1050299956639813
Gallazzi optical light-weighted,Control4C,1,0.2533848766493119,0.2534352553936589,1237654604776472790,Control4C,Lim:2084,Satellite,9.841734,0.029196728,,-0.2578582567783697,0.014028261114388374,-0.24382999566398134
Gallazzi optical light-weighted,Control4C,1,0.2533848766493119,0.2534352553936589,1237651272418132006,Control4C,Lim:2086,Satellite,10.62678,0.02906833,,0.03335360507718313,0.05221639925883567,0.0855700043360188
Gallazzi optical light-weighted,Control4C,1,0.2533848766493119,0.2534352553936589,1237673705578758555,Control4C,Lim:2086,Satellite,9.857841,0.029850107,,-0.2518833846576184,-0.47774661100636273,-0.7296299956639811
Gallazzi optical light-weighted,Control4C,1,0.2533848766493119,0.2534352553936589,1237657400806277320,Control4C,Lim:2088,Satellite,10.39822,0.029420771,,-0.05143044980075418,-0.4366995458632271,-0.4881299956639813
Gallazzi optical light-weighted,Control4C,1,0.2533848766493119,0.2534352553936589,1237660635461779518,Control4C,Lim:2089,Satellite,10.81917,0.025951423,,0.10472044231014749,-0.06885043797412876,0.035870004336018724
Gallazzi optical light-weighted,Control4C,1,0.2533848766493119,0.2534352553936589,1237661357538869384,Control4C,Lim:2089,Satellite,10.43892,0.025746039,,-0.0363328341482691,0.2106028384842879,0.1742700043360188
Gallazzi optical light-weighted,Control4C,1,0.2533848766493119,0.2534352553936589,1237660635461779634,Control4C,Lim:2089,Satellite,9.82612,0.02541461,,-0.2636502511468691,0.11422025548288778,-0.1494299956639813
Gallazzi optical light-weighted,Control4C,1,0.2533848766493119,0.2534352553936589,1237654879669453071,Control4C,Lim:2091,Satellite,10.38784,0.037206018,,-0.05528089821531909,0.0944509025513379,0.039170004336018804
Gallazzi optical light-weighted,Control4C,1,0.2533848766493119,0.2534352553936589,1237651537642914009,Control4C,Lim:2252,Satellite,10.54657,0.031896961,,0.0035998028293731874,-0.17482979849335453,-0.17122999566398134
Gallazzi optical light-weighted,Control4C,1,0.2533848766493119,0.2534352553936589,1237651538179850262,Control4C,Lim:2252,Satellite,10.47468,0.03185732,,-0.02306770550618377,0.1747377098422026,0.15167000433601885
Gallazzi optical light-weighted,Control4C,1,0.2533848766493119,0.2534352553936589,1237659324953854292,Control4C,Lim:2283,Satellite,10.07977,0.037862742,,-0.16955909118979504,0.0016290955258137785,-0.16792999566398126
Gallazzi optical light-weighted,Control4C,1,0.2533848766493119,0.2534352553936589,1237659324953854326,Control4C,Lim:2283,Satellite,10.10033,0.037406447,,-0.1619323841181711,0.012702388454189778,-0.14922999566398132
Gallazzi optical light-weighted,Control4C,1,0.2533848766493119,0.2534352553936589,1237651252023525473,Control4C,Lim:2318,Satellite,10.81207,0.031120156,,0.10208670591868219,0.11578329841733648,0.21787000433601866
Gallazzi optical light-weighted,Control4C,1,0.2533848766493119,0.2534352553936589,1237651251486785701,Control4C,Lim:2318,Satellite,10.66437,0.031681096,,0.047297570000449,0.09407243433556965,0.14137000433601865
Gallazzi optical light-weighted,Control4C,1,0.2533848766493119,0.2534352553936589,1237661949178216474,Control4C,Lim:2345,Satellite,9.880844,0.021709484,,-0.24335044969805797,0.3227204540340768,0.07937000433601882
Gallazzi optical light-weighted,Control4C,1,0.2533848766493119,0.2534352553936589,1237661949178216473,Control4C,Lim:2345,Satellite,10.18718,0.022123723,,-0.12971548192115998,0.1465854862571788,0.016870004336018818
Gallazzi optical light-weighted,Control4C,1,0.2533848766493119,0.2534352553936589,1237661811198459942,Control4C,Lim:2345,Satellite,10.41725,0.02314568,,-0.04437129437405195,0.0921412987100707,0.047770004336018745
Gallazzi optical light-weighted,Control4C,1,0.2533848766493119,0.2534352553936589,1237648705135772257,Control4C,Lim:2355,Satellite,10.66006,0.037459704,,0.04569878072619308,0.1840712236098256,0.22977000433601869
Gallazzi optical light-weighted,Control4C,1,0.2533848766493119,0.2534352553936589,1237659329773699247,Control4C,Lim:2376,Satellite,10.22129,0.037028716,,-0.1170624187784996,0.25133242311451837,0.13427000433601877
Gallazzi optical light-weighted,Control4C,1,0.2533848766493119,0.2534352553936589,1237648721249501332,Control4C,Lim:2454,Satellite,10.44216,0.04418809,,-0.035130960076670784,0.15740096441268953,0.12227000433601876
Gallazzi optical light-weighted,Control4C,1,0.2533848766493119,0.2534352553936589,1237654609606148138,Control4C,Lim:2457,Satellite,10.36182,0.042748394,,-0.06493298566685916,-1.085397009997122,-1.1503299956639812
Gallazzi optical light-weighted,Control4C,1,0.2533848766493119,0.2534352553936589,1237654875361378383,Control4C,Lim:2457,Satellite,10.34381,0.043038072,,-0.07161377333028093,-0.008516222333700224,-0.08012999566398116
Gallazzi optical light-weighted,Control4C,1,0.2533848766493119,0.2534352553936589,1237659325491839305,Control4C,Lim:2462,Satellite,10.82214,0.033415355,,0.10582216020911245,0.08024784412690639,0.18607000433601883
Gallazzi optical light-weighted,Control4C,1,0.2533848766493119,0.2534352553936589,1237659325491904550,Control4C,Lim:2462,Satellite,10.43687,0.033323437,,-0.03709327916270587,0.28916328349872455,0.25207000433601867
Gallazzi optical light-weighted,Control4C,1,0.2533848766493119,0.2534352553936589,1237661124540956928,Control4C,Lim:2471,Satellite,10.46675,0.021956383,,-0.026009329391299463,0.2452793337273182,0.21927000433601873
Gallazzi optical light-weighted,Control4C,1,0.2533848766493119,0.2534352553936589,1237657769628926213,Control4C,Lim:2489,Satellite,10.50787,0.030332084,,-0.010755915248050942,0.11662591958406973,0.10587000433601879
Gallazzi optical light-weighted,Control4C,1,0.2533848766493119,0.2534352553936589,1237657606427181201,Control4C,Lim:2489,Satellite,10.39319,0.030917428,,-0.05329632220203172,0.07776632653805036,0.024470004336018647
Gallazzi optical light-weighted,Control4C,1,0.2533848766493119,0.2534352553936589,1237648721754652794,Control4C,Lim:2491,Satellite,10.40068,0.03484289,,-0.05051791578342979,-0.10261207988055154,-0.15312999566398133
Gallazzi optical light-weighted,Control4C,1,0.2533848766493119,0.2534352553936589,1237654670272561322,Control4C,Lim:2491,Satellite,10.24053,0.033913112,,-0.10992536410641565,0.0326953684424344,-0.07722999566398125
Gallazzi optical light-weighted,Control4C,1,0.2533848766493119,0.2534352553936589,1237658493883711521,Control4C,Lim:2498,Satellite,10.71851,0.036727924,,0.0673807373573424,0.1318892669786763,0.1992700043360187
Gallazzi optical light-weighted,Control4C,1,0.2533848766493119,0.2534352553936589,1237671129667731700,Control4C,Lim:2500,Satellite,10.50129,0.035514373,,-0.013196758270001167,-0.045233237393980164,-0.05842999566398133
Gallazzi optical light-weighted,Control4C,1,0.2533848766493119,0.2534352553936589,1237658493353656373,Control4C,Lim:2500,Satellite,10.13692,0.034600543,,-0.14835936798243538,0.22592937231845417,0.0775700043360188
Gallazzi optical light-weighted,Control4C,1,0.2533848766493119,0.2534352553936589,1237662665889546707,Control4C,Lim:2504,Satellite,10.68894,0.037324051,,0.05641178171006999,0.046258222625948704,0.1026700043360187
Gallazzi optical light-weighted,Control4C,1,0.2533848766493119,0.2534352553936589,1237657856065929302,Control4C,Lim:2530,Satellite,10.52037,0.041609053,,-0.0061190554039218005,0.03558905973994056,0.029470004336018762
Gallazzi optical light-weighted,Control4C,1,0.2533848766493119,0.2534352553936589,1237651250968199290,Control4C,Lim:2539,Satellite,10.60789,0.036397296,,0.026346382480734495,0.08712362185528434,0.11347000433601884
Gallazzi optical light-weighted,Control4C,1,0.2533848766493119,0.2534352553936589,1237651250968199408,Control4C,Lim:2539,Satellite,9.894928,0.037568597,,-0.23812600697448033,0.2627960113104992,0.024670004336018847
Gallazzi optical light-weighted,Control4C,1,0.2533848766493119,0.2534352553936589,1237658204514811907,Control4C,Lim:2543,Satellite,10.74086,0.033750656,,0.07567144275864554,-0.11900143842262675,-0.04332999566398121
Gallazzi optical light-weighted,Control4C,1,0.2533848766493119,0.2534352553936589,1237658204514746433,Control4C,Lim:2543,Satellite,10.72596,0.034825903,,0.07014430582444367,0.11932569851157501,0.18947000433601868
Gallazzi optical light-weighted,Control4C,1,0.2533848766493119,0.2534352553936589,1237658204514811929,Control4C,Lim:2543,Satellite,10.21541,0.034614404,,-0.11924359764917788,0.1674136019851966,0.0481700043360187
Gallazzi optical light-weighted,Control4C,1,0.2533848766493119,0.2534352553936589,1237671990803562762,Control4C,Lim:2547,Satellite,9.900757,0.024195178,,-0.2359637464919658,0.19013375082798464,-0.04582999566398116
Gallazzi optical light-weighted,Control4C,1,0.2533848766493119,0.2534352553936589,1237655108902584442,Control4C,Lim:2554,Satellite,10.82493,0.017568741,,0.10685710732632248,0.06991289700969627,0.17677000433601875
Gallazzi optical light-weighted,Control4C,1,0.2533848766493119,0.2534352553936589,1237654653642932295,Control4C,Lim:2554,Satellite,10.70877,0.016990874,,0.06376769616679648,0.30310230816922223,0.3668700043360187
Gallazzi optical light-weighted,Control4C,1,0.2533848766493119,0.2534352553936589,1237654653642932418,Control4C,Lim:2554,Satellite,9.893956,0.016196958,,-0.23848656919596015,0.09715657353197885,-0.1413299956639813
Gallazzi optical light-weighted,Control4C,1,0.2533848766493119,0.2534352553936589,1237671122692473127,Control4C,Lim:2689,Satellite,10.40841,0.042391586,,-0.04765048165582,-0.13717951400816117,-0.18482999566398117
Gallazzi optical light-weighted,Control4C,1,0.2533848766493119,0.2534352553936589,1237651735235919950,Control4C,Lim:2892,Satellite,10.27859,0.03885128,,-0.09580705325301053,-0.4463229424109706,-0.5421299956639811
Gallazzi optical light-weighted,Control4C,1,0.2533848766493119,0.2534352553936589,1237651496830239120,Control4C,Lim:2975,Satellite,11.09221,0.042024352,,0.2060042992574349,0.018765705078583883,0.2247700043360188
Gallazzi optical light-weighted,Control4C,1,0.2533848766493119,0.2534352553936589,1237651496830173526,Control4C,Lim:2975,Satellite,9.769549,0.042490948,,-0.2846351950062486,0.20890519934226742,-0.0757299956639812
Gallazzi optical light-weighted,Control4C,1,0.2533848766493119,0.2534352553936589,1237661210975010820,Control4C,Lim:2995,Satellite,10.72387,0.032111847,,0.06936902285850494,-0.1162990185224862,-0.04692999566398126
Gallazzi optical light-weighted,Control4C,1,0.2533848766493119,0.2534352553936589,1237654602098344230,Control4C,Lim:3017,Satellite,10.49059,0.028490011,,-0.017165910296575913,0.1392359146325947,0.12207000433601878
Gallazzi optical light-weighted,Control4C,1,0.2533848766493119,0.2534352553936589,1237661358078165070,Control4C,Lim:3027,Satellite,10.73943,0.034341077,,0.07514098599247745,0.1449290183435412,0.22007000433601864
Gallazzi optical light-weighted,Control4C,1,0.2533848766493119,0.2534352553936589,1237660636001075218,Control4C,Lim:3027,Satellite,10.60637,0.035252296,,0.025782540323688617,0.04258746401233008,0.0683700043360187
Gallazzi optical light-weighted,Control4C,1,0.2533848766493119,0.2534352553936589,1237653587944669285,Control4C,Lim:3035,Satellite,10.99935,0.041398604,,0.1715579948473664,-0.11868799051134754,0.05287000433601885
Gallazzi optical light-weighted,Control4C,1,0.2533848766493119,0.2534352553936589,1237653587944734748,Control4C,Lim:3035,Satellite,10.10821,0.041274852,,-0.15900930767243188,-0.2022206879915494,-0.3612299956639813
Gallazzi optical light-weighted,Control4C,1,0.2533848766493119,0.2534352553936589,1237655501889994956,Control4C,Lim:3053,Satellite,10.47085,0.044791038,,-0.024488439362424612,0.08315844369844327,0.058670004336018655
Gallazzi optical light-weighted,Control4C,1,0.2533848766493119,0.2534352553936589,1237655368760164378,Control4C,Lim:3072,Satellite,11.05887,0.038454123,,0.1936368666811733,-0.0204668623451546,0.1731700043360187
Gallazzi optical light-weighted,Control4C,1,0.2533848766493119,0.2534352553936589,1237655368760098912,Control4C,Lim:3072,Satellite,10.09324,0.038260241,,-0.16456241102176122,-0.05566758464222005,-0.22022999566398127
Gallazzi optical light-weighted,Control4C,1,0.2533848766493119,0.2534352553936589,1237671767461265510,Control4C,Lim:3092,Satellite,10.08469,0.030363747,,-0.1677340231551456,-0.35009597250883573,-0.5178299956639814
Gallazzi optical light-weighted,Control4C,1,0.2533848766493119,0.2534352553936589,1237671767461396524,Control4C,Lim:3092,Satellite,10.25585,0.029757903,,-0.10424242868145034,0.07751243301746907,-0.026729995663981265
Gallazzi optical light-weighted,Control4C,1,0.2533848766493119,0.2534352553936589,1237671767461265556,Control4C,Lim:3092,Satellite,9.62265,0.029258406,,-0.33912720094566967,0.31309720528168833,-0.026029995663981342
Gallazzi optical light-weighted,Control4C,1,0.2533848766493119,0.2534352553936589,1237661138492522549,Control4C,Lim:3097,Satellite,10.28582,0.042433654,,-0.09312509351916615,0.46289509785518496,0.3697700043360188
Gallazzi optical light-weighted,Control4C,1,0.2533848766493119,0.2534352553936589,1237661383308017837,Control4C,Lim:3097,Satellite,10.5633,0.043471818,,0.009805776044756277,0.042664228291262395,0.05247000433601867
Gallazzi optical light-weighted,Control4C,1,0.2533848766493119,0.2534352553936589,1237661383308083258,Control4C,Lim:3097,Satellite,10.33516,0.042999392,,-0.07482248034241824,0.15679248467843698,0.08197000433601875
Gallazzi optical light-weighted,Control4C,1,0.2533848766493119,0.2534352553936589,1237657591393157159,Control4C,Lim:3103,Satellite,10.16345,0.042290523,,-0.1385180966492554,-0.838511899014726,-0.9770299956639814
Gallazzi optical light-weighted,Control4C,1,0.2533848766493119,0.2534352553936589,1237657591393157322,Control4C,Lim:3103,Satellite,10.59638,0.042499823,,0.022076761936260333,0.11079324239975837,0.1328700043360187
Gallazzi optical light-weighted,Control4C,1,0.2533848766493119,0.2534352553936589,1237648705116766267,Control4C,Lim:3126,Satellite,10.3189,0.024713899,,-0.0808541076276621,-0.011075888036319093,-0.09192999566398119
Gallazzi optical light-weighted,Control4C,1,0.2533848766493119,0.2534352553936589,1237648721771823351,Control4C,Lim:3126,Satellite,10.27747,0.023938204,,-0.0962225158950446,0.028092520231063456,-0.06812999566398115
Gallazzi optical light-weighted,Control4C,1,0.2533848766493119,0.2534352553936589,1237648721771823374,Control4C,Lim:3126,Satellite,9.920454,0.023865719,,-0.22865716822398083,0.3016271725599997,0.07297000433601886
Gallazzi optical light-weighted,Control4C,1,0.2533848766493119,0.2534352553936589,1237661064952480026,Control4C,Lim:3131,Satellite,10.44566,0.029541995,,-0.03383263932031429,0.16310264365633292,0.12927000433601865
Gallazzi optical light-weighted,Control4C,1,0.2533848766493119,0.2534352553936589,1237660669814964240,Control4C,Lim:3131,Satellite,10.09096,0.030849389,,-0.16540817425733004,0.2451781785933488,0.07977000433601877
Gallazzi optical light-weighted,Control4C,1,0.2533848766493119,0.2534352553936589,1237658312943599687,Control4C,Lim:3133,Satellite,10.17091,0.027727705,,-0.13575081869427896,0.06842082303029773,-0.06732999566398123
Gallazzi optical light-weighted,Control4C,1,0.2533848766493119,0.2534352553936589,1237657775534637474,Control4C,Lim:3140,Satellite,9.68584,0.027442927,,-0.3156869470616265,0.2617569513976453,-0.053929995663981156
Gallazzi optical light-weighted,Control4C,1,0.2533848766493119,0.2534352553936589,1237657630042161415,Control4C,Lim:3140,Satellite,9.684565,0.027099641,,-0.31615990676572825,-0.1976700888982531,-0.5138299956639814
Gallazzi optical light-weighted,Control4C,1,0.2533848766493119,0.2534352553936589,1237657775534637628,Control4C,Lim:3140,Satellite,9.409879,0.027403776,,-0.4180543454172903,0.09902434975330926,-0.31902999566398105
Gallazzi optical light-weighted,Control4C,1,0.2533848766493119,0.2534352553936589,1237658298999832729,Control4C,Lim:3143,Satellite,10.51591,0.03686653,,-0.007773486996307139,0.153443491332326,0.14567000433601884
Gallazzi optical light-weighted,Control4C,1,0.2533848766493119,0.2534352553936589,1237658298999898164,Control4C,Lim:3143,Satellite,9.853498,0.037590828,,-0.2534944152418629,0.33866441957788174,0.08517000433601885
Gallazzi optical light-weighted,Control4C,1,0.2533848766493119,0.2534352553936589,1237658298999832751,Control4C,Lim:3143,Satellite,10.24072,0.037213543,,-0.10985488383678493,-0.24417511182719626,-0.3540299956639812
Gallazzi optical light-weighted,Control4C,1,0.2533848766493119,0.2534352553936589,1237661149767467017,Control4C,Lim:3172,Satellite,10.92748,0.029062511,,0.14489790548755976,0.20977209884845893,0.3546700043360187
Gallazzi optical light-weighted,Control4C,1,0.2533848766493119,0.2534352553936589,1237661435921563811,Control4C,Lim:3172,Satellite,10.2845,0.029983354,,-0.09361474591870611,0.2729847502547248,0.17937000433601868
Gallazzi optical light-weighted,Control4C,1,0.2533848766493119,0.2534352553936589,1237655465930588299,Control4C,Lim:3664,Satellite,11.05967,0.042964104,,0.19393362571119757,-0.05216362137517874,0.14177000433601883
Gallazzi optical light-weighted,Control4C,1,0.2533848766493119,0.2534352553936589,1237659161736052817,Control4C,Lim:3684,Satellite,10.7765,0.036597076,,0.08889205754622762,-0.012922053210208867,0.07597000433601875
Gallazzi optical light-weighted,Control4C,1,0.2533848766493119,0.2534352553936589,1237659161735856432,Control4C,Lim:3684,Satellite,10.05817,0.036696324,,-0.17757158500045042,0.05404158933646916,-0.12352999566398126
Gallazzi optical light-weighted,Control4C,1,0.2533848766493119,0.2534352553936589,1237651539782336736,Control4C,Lim:3745,Satellite,10.31963,0.042369451,,-0.08058331501276464,0.25545331934878335,0.17487000433601874
Gallazzi optical light-weighted,Control4C,1,0.2533848766493119,0.2534352553936589,1237651539782205662,Control4C,Lim:3745,Satellite,10.08719,0.042110229,,-0.1668066511863199,-0.6764233444776612,-0.843229995663981
Gallazzi optical light-weighted,Control4C,1,0.2533848766493119,0.2534352553936589,1237651539782271165,Control4C,Lim:3745,Satellite,10.24649,0.042848085,,-0.10771450933273477,0.1859845136687535,0.07827000433601872
Gallazzi optical light-weighted,Control4C,1,0.2533848766493119,0.2534352553936589,1237655370902732815,Control4C,Lim:3762,Satellite,10.63116,0.031138445,,0.03497836076656584,0.16839164356945285,0.2033700043360187
Gallazzi optical light-weighted,Control4C,1,0.2533848766493119,0.2534352553936589,1237655465383428182,Control4C,Lim:3762,Satellite,9.973141,0.031037353,,-0.20911298945536894,0.1449829937913878,-0.06412999566398114
Gallazzi optical light-weighted,Control4C,1,0.2533848766493119,0.2534352553936589,1237648705129480247,Control4C,Lim:3770,Satellite,10.15588,0.030326863,,-0.14132617897085994,-0.31550381669312144,-0.4568299956639814
Gallazzi optical light-weighted,Control4C,1,0.2533848766493119,0.2534352553936589,1237648705129349141,Control4C,Lim:3770,Satellite,10.17372,0.030686454,,-0.1347084526013186,0.06827845693733728,-0.06642999566398133
Gallazzi optical light-weighted,Control4C,1,0.2533848766493119,0.2534352553936589,1237648722321342726,Control4C,Lim:3770,Satellite,9.993007,0.032033731,,-0.2017437208422908,-0.0855862748216904,-0.2873299956639812
Gallazzi optical light-weighted,Control4C,1,0.2533848766493119,0.2534352553936589,1237654954275373373,Control4C,Lim:3772,Satellite,10.16969,0.042545512,,-0.136203376215066,-0.22252661944891533,-0.35872999566398134
Gallazzi optical light-weighted,Control4C,1,0.2533848766493119,0.2534352553936589,1237654653635920245,Control4C,Lim:3776,Satellite,10.89715,0.042402131,,0.13364702876176443,-0.06467702442574558,0.06897000433601885
Gallazzi optical light-weighted,Control4C,1,0.2533848766493119,0.2534352553936589,1237653586333794636,Control4C,Lim:3776,Satellite,10.41513,0.042659824,,-0.04515770580361617,-0.05987228986036513,-0.1050299956639813
Gallazzi optical light-weighted,Control4C,1,0.2533848766493119,0.2534352553936589,1237654653635919928,Control4C,Lim:3776,Satellite,10.20955,0.042460922,,-0.12141735754410582,0.1951873618801246,0.07377000433601877
Gallazzi optical light-weighted,Control4C,1,0.2533848766493119,0.2534352553936589,1237655370364223569,Control4C,Lim:3777,Satellite,10.90699,0.028048421,,0.1372971648310633,0.18057283950495545,0.31787000433601875
Gallazzi optical light-weighted,Control4C,1,0.2533848766493119,0.2534352553936589,1237655370364354632,Control4C,Lim:3777,Satellite,10.62903,0.027771491,,0.03418823984912645,0.06538176448689237,0.09957000433601881
Gallazzi optical light-weighted,Control4C,1,0.2533848766493119,0.2534352553936589,1237655370364223561,Control4C,Lim:3777,Satellite,10.52125,0.027782483,,-0.005792620470894929,-0.025137375193086318,-0.030929995663981247
Gallazzi optical light-weighted,Control4C,1,0.2533848766493119,0.2534352553936589,1237648720153149538,Control4C,Lim:3789,Satellite,10.63393,0.026806281,,0.0360058889080249,0.15666411542799388,0.19267000433601877
Gallazzi optical light-weighted,Control4C,1,0.2533848766493119,0.2534352553936589,1237674649387991118,Control4C,Lim:3789,Satellite,9.810713,0.026927524,,-0.2693654591163491,0.027235463452367825,-0.2421299956639813
Gallazzi optical light-weighted,Control4C,1,0.2533848766493119,0.2534352553936589,1237655472358228205,Control4C,Lim:3829,Satellite,10.61546,0.030029087,,0.0291544648023397,-0.271084460466321,-0.24192999566398132
Gallazzi optical light-weighted,Control4C,1,0.2533848766493119,0.2534352553936589,1237655692479037882,Control4C,Lim:3879,Satellite,10.62266,0.038510756,,0.03182529607255795,0.0985447082634608,0.13037000433601875
Gallazzi optical light-weighted,Control4C,1,0.2533848766493119,0.2534352553936589,1237655692479102982,Control4C,Lim:3879,Satellite,10.59359,0.038168876,,0.021041814819050958,0.009028189516967738,0.030070004336018696
Gallazzi optical light-weighted,Control4C,1,0.2533848766493119,0.2534352553936589,1237661951327666292,Control4C,Lim:3901,Satellite,10.32214,0.043974456,,-0.07965223355606377,-0.026077762107917457,-0.10572999566398122
Gallazzi optical light-weighted,Control4C,1,0.2533848766493119,0.2534352553936589,1237660634921041978,Control4C,Lim:3935,Satellite,11.01033,0.024061221,,0.17563101253444965,0.038538991801569195,0.21417000433601885
Gallazzi optical light-weighted,Control4C,1,0.2533848766493119,0.2534352553936589,1237660634921107512,Control4C,Lim:3935,Satellite,10.73679,0.023982591,,0.07416168119339683,0.19640832314262202,0.27057000433601885
Gallazzi optical light-weighted,Control4C,1,0.2533848766493119,0.2534352553936589,1237661356998262822,Control4C,Lim:3935,Satellite,9.056405,0.024388954,,-0.5491750971407942,-0.526654898523187,-1.0758299956639812
Gallazzi optical light-weighted,Control4C,1,0.2533848766493119,0.2534352553936589,1237654601026175068,Control4C,Lim:3959,Satellite,10.72631,0.035106167,,0.07027413790007897,0.0285958664359397,0.09887000433601867
Gallazzi optical light-weighted,Control4C,1,0.2533848766493119,0.2534352553936589,1237654601026175190,Control4C,Lim:3959,Satellite,10.6437,0.034498941,,0.03963005856219695,0.21203994577382176,0.2516700043360187
Gallazzi optical light-weighted,Control4C,1,0.2533848766493119,0.2534352553936589,1237654601026175095,Control4C,Lim:3959,Satellite,9.767878,0.035834461,,-0.2852550504302118,0.4273250547662306,0.1420700043360188
Gallazzi optical light-weighted,Control4C,1,0.2533848766493119,0.2534352553936589,1237657628446097434,Control4C,Lim:3966,Satellite,10.48151,0.02599957,,-0.020534125287351174,0.07960412962337,0.05907000433601883
Gallazzi optical light-weighted,Control4C,1,0.2533848766493119,0.2534352553936589,1237657851234156610,Control4C,Lim:3966,Satellite,9.716967,0.024852807,,-0.30414042415216935,0.261910428488188,-0.042229995663981335
Gallazzi optical light-weighted,Control4C,1,0.2533848766493119,0.2534352553936589,1237671129130270882,Control4C,Lim:3993,Satellite,10.36582,0.036352418,,-0.06344919051673792,0.14991919485275662,0.0864700043360187
Gallazzi optical light-weighted,Control4C,1,0.2533848766493119,0.2534352553936589,1237661950260347049,Control4C,Lim:4005,Satellite,10.11704,0.026463357,,-0.15573382987853898,0.11380383421455784,-0.041929995663981146
Gallazzi optical light-weighted,Control4C,1,0.2533848766493119,0.2534352553936589,1237671955902693479,Control4C,Lim:4005,Satellite,9.854807,0.025831415,,-0.253008843278986,0.10537884761500471,-0.14762999566398127
Gallazzi optical light-weighted,Control4C,1,0.2533848766493119,0.2534352553936589,1237655691940266355,Control4C,Lim:4008,Satellite,10.73029,0.043311964,,0.0717505140744499,0.15521949026156887,0.22697000433601877
Gallazzi optical light-weighted,Control4C,1,0.2533848766493119,0.2534352553936589,1237658802577080463,Control4C,Lim:4011,Satellite,10.73302,0.032579208,,0.07276320426440763,0.045006800071611175,0.11777000433601881
Gallazzi optical light-weighted,Control4C,1,0.2533848766493119,0.2534352553936589,1237658802577145864,Control4C,Lim:4011,Satellite,10.46634,0.032811209,,-0.026161418394186422,0.08753142273020523,0.0613700043360188
Gallazzi optical light-weighted,Control4C,1,0.2533848766493119,0.2534352553936589,1237657632188727350,Control4C,Lim:4016,Satellite,9.840386,0.024982186,,-0.2583582957439607,-0.5620716999200206,-0.8204299956639813
Gallazzi optical light-weighted,Control4C,1,0.2533848766493119,0.2534352553936589,1237657244046000150,Control4C,Lim:4016,Satellite,9.429942,0.025414364,,-0.4106119998930687,-0.07021799577091276,-0.48082999566398144
Gallazzi optical light-weighted,Control4C,1,0.2533848766493119,0.2534352553936589,1237659120938516594,Control4C,Lim:4045,Satellite,10.51038,0.037732017,,-0.009824833791350083,0.11619483812736882,0.10637000433601873
Gallazzi optical light-weighted,Control4C,1,0.2533848766493119,0.2534352553936589,1237659161197019293,Control4C,Lim:4045,Satellite,10.30812,0.037335063,,-0.0848529355572388,0.002122939893257486,-0.08272999566398131
Gallazzi optical light-weighted,Control4C,1,0.2533848766493119,0.2534352553936589,1237654601570451465,Control4C,Lim:4051,Satellite,7.392337,0.026638016,,-1.1664591041088523,0.14962910844487087,-1.0168299956639815
Gallazzi optical light-weighted,Control4C,1,0.2533848766493119,0.2534352553936589,1237654601570386085,Control4C,Lim:4051,Satellite,10.29635,0.026677034,,-0.08921900278647116,0.25128900712248997,0.1620700043360188
Gallazzi optical light-weighted,Control4C,1,0.2533848766493119,0.2534352553936589,1237657595152367644,Control4C,Lim:4060,Satellite,9.959105,0.024890062,,-0.21431962663714527,0.09958963097316392,-0.11472999566398134
Gallazzi optical light-weighted,Control4C,1,0.2533848766493119,0.2534352553936589,1237657595152302415,Control4C,Lim:4060,Satellite,9.613127,0.024375105,,-0.3426597462493211,0.3403297505853398,-0.002329995663981288
Gallazzi optical light-weighted,Control4C,1,0.2533848766493119,0.2534352553936589,1237662263252615290,Control4C,Lim:4437,Satellite,10.99106,0.042312931,,0.16848282939873957,0.13868717493727925,0.3071700043360188
Gallazzi optical light-weighted,Control4C,1,0.2533848766493119,0.2534352553936589,1237662263252615522,Control4C,Lim:4437,Satellite,10.65463,0.042406523,,0.04368452880990309,0.07808547552611572,0.12177000433601881
Gallazzi optical light-weighted,Control4C,1,0.2533848766493119,0.2534352553936589,1237661850395541514,Control4C,Lim:4499,Satellite,11.1952,0.038984688,,0.24420831488518593,-0.14533831054916727,0.09887000433601867
Gallazzi optical light-weighted,Control4C,1,0.2533848766493119,0.2534352553936589,1237661872403448003,Control4C,Lim:4499,Satellite,10.12939,0.038936274,,-0.1511526123525386,0.13952261668855745,-0.011629995663981152
Gallazzi optical light-weighted,Control4C,1,0.2533848766493119,0.2534352553936589,1237661383314768033,Control4C,Lim:4742,Satellite,9.857689,0.044260685,,-0.251939768873323,0.009609773209341699,-0.24232999566398128
Gallazzi optical light-weighted,Control4C,1,0.2533848766493119,0.2534352553936589,1237650371552280661,Control4C,Lim:4776,Satellite,11.0334,0.04629133,,0.1841888010627751,-0.0422187967267563,0.1419700043360188
Gallazzi optical light-weighted,Control4C,1,0.2533848766493119,0.2534352553936589,1237650371552346120,Control4C,Lim:4776,Satellite,10.90268,0.044022353,,0.1356983755568074,-0.04202837122078859,0.0936700043360188
Gallazzi optical light-weighted,Control4C,1,0.2533848766493119,0.2534352553936589,1237655124465483921,Control4C,Lim:4779,Satellite,10.62427,0.041866599,,0.032422523620481605,0.0571474807155372,0.0895700043360188
Gallazzi optical light-weighted,Control4C,1,0.2533848766493119,0.2534352553936589,1237655124465483965,Control4C,Lim:4779,Satellite,10.35925,0.042730194,,-0.06588632405081232,0.22595632838683113,0.1600700043360188
Gallazzi optical light-weighted,Control4C,1,0.2533848766493119,0.2534352553936589,1237654601568682162,Control4C,Lim:4797,Satellite,10.81287,0.034896626,,0.10238346494870645,0.02568653938731233,0.12807000433601878
Gallazzi optical light-weighted,Control4C,1,0.2533848766493119,0.2534352553936589,1237671141483937928,Control4C,Lim:4850,Satellite,9.939662,0.03986106,,-0.22153198391309753,0.0473019882491163,-0.17422999566398123
Gallazzi optical light-weighted,Control4C,1,0.2533848766493119,0.2534352553936589,1237657770705289291,Control4C,Lim:4953,Satellite,10.78405,0.040876211,,0.09169272089208183,-0.08672271655606303,0.004970004336018796
Gallazzi optical light-weighted,Control4C,1,0.2533848766493119,0.2534352553936589,1237654399152750749,Control4C,Lim:4961,Satellite,10.77624,0.033972846,,0.08879561086146942,0.08847439347454927,0.1772700043360187
Gallazzi optical light-weighted,Control4C,1,0.2533848766493119,0.2534352553936589,1237654398615879748,Control4C,Lim:4961,Satellite,10.59486,0.033553819,,0.021512919779214462,0.13765708455680423,0.1591700043360187
Gallazzi optical light-weighted,Control4C,1,0.2533848766493119,0.2534352553936589,1237661382240370700,Control4C,Lim:4967,Satellite,10.75521,0.043629406,,0.08099455785970622,-0.08722455352368752,-0.0062299956639813026
Gallazzi optical light-weighted,Control4C,1,0.2533848766493119,0.2534352553936589,1237661136887939145,Control4C,Lim:4967,Satellite,10.54221,0.043501988,,0.001982466115741457,-0.11721246177972275,-0.11522999566398129
Gallazzi optical light-weighted,Control4C,1,0.2533848766493119,0.2534352553936589,1237661388148244663,Control4C,Lim:5055,Satellite,10.72187,0.038506163,,0.06862712528344397,0.09114287905257487,0.15977000433601884
Gallazzi optical light-weighted,Control4C,1,0.2533848766493119,0.2534352553936589,1237661970110218384,Control4C,Lim:5070,Satellite,10.2437,0.038910714,,-0.10874945644994416,0.004619460785962981,-0.10412999566398118
Gallazzi optical light-weighted,Control4C,1,0.2533848766493119,0.2534352553936589,1237661970110152878,Control4C,Lim:5070,Satellite,9.680965,0.039163416,,-0.31749532240083705,0.014465326736856021,-0.30302999566398103
Gallazzi optical light-weighted,Control4C,1,0.2533848766493119,0.2534352553936589,1237661970110152833,Control4C,Lim:5070,Satellite,9.683925,0.038851354,,-0.31639731398974724,0.2582673183257659,-0.05812999566398136
Gallazzi optical light-weighted,Control4C,1,0.2533848766493119,0.2534352553936589,1237651272424751161,Control4C,Lim:5101,Satellite,10.68678,0.032046536,,0.05561053232900446,0.3014594720070142,0.35707000433601865
Gallazzi optical light-weighted,Control4C,1,0.2533848766493119,0.2534352553936589,1237651272424882309,Control4C,Lim:5101,Satellite,10.55116,0.032059564,,0.005302457764137621,0.07666754657188113,0.08197000433601875
Gallazzi optical light-weighted,Control4C,1,0.2533848766493119,0.2534352553936589,1237659329775140940,Control4C,Lim:5118,Satellite,10.29975,0.041100265,,-0.08795777690886825,0.07362778124488695,-0.014329995663981299
Gallazzi optical light-weighted,Control4C,1,0.2533848766493119,0.2534352553936589,1237657878077636811,Control4C,Lim:5143,Satellite,10.57642,0.02773972,,0.014672624137154758,-0.05540261980113603,-0.04072999566398128
Gallazzi optical light-weighted,Control4C,1,0.2533848766493119,0.2534352553936589,1237657878077702252,Control4C,Lim:5143,Satellite,10.98487,0.028500104,,0.1661866564039273,-0.02741665206790858,0.13877000433601872
Gallazzi optical light-weighted,Control4C,1,0.2533848766493119,0.2534352553936589,1237657878077702256,Control4C,Lim:5143,Satellite,10.32718,0.028671481,,-0.07778265166691042,0.25795265600292927,0.18017000433601882
Gallazzi optical light-weighted,Control4C,1,0.2533848766493119,0.2534352553936589,1237662266461585515,Control4C,Lim:5146,Satellite,10.09133,0.035948046,,-0.1652709232059444,-0.0026590724580368708,-0.16792999566398126
Gallazzi optical light-weighted,Control4C,1,0.2533848766493119,0.2534352553936589,1237661949178740908,Control4C,Lim:5151,Satellite,10.37375,0.044971765,,-0.060507566631622225,-0.2057224290323591,-0.2662299956639813
Gallazzi optical light-weighted,Control4C,1,0.2533848766493119,0.2534352553936589,1237659144558477427,Control4C,Lim:5161,Satellite,10.18042,0.041634376,,-0.1322230957248651,-0.12230689993911617,-0.25452999566398127
Gallazzi optical light-weighted,Control4C,1,0.2533848766493119,0.2534352553936589,1237661069243514969,Control4C,Lim:5174,Satellite,10.68842,0.03186647,,0.05621888834055427,0.14465111599546449,0.20087000433601876
Gallazzi optical light-weighted,Control4C,1,0.2533848766493119,0.2534352553936589,1237661357547454497,Control4C,Lim:5191,Satellite,10.7491,0.029775656,,0.0787280607678959,0.10514194356812295,0.18387000433601886
Gallazzi optical light-weighted,Control4C,1,0.2533848766493119,0.2534352553936589,1237659133287923757,Control4C,Lim:5195,Satellite,11.09869,0.038386895,,0.2084080474006315,0.0533619569353872,0.2617700043360187
Gallazzi optical light-weighted,Control4C,1,0.2533848766493119,0.2534352553936589,1237659133287923800,Control4C,Lim:5195,Satellite,10.37163,0.038234775,,-0.06129397806118646,0.0998639823972051,0.03857000433601865
Gallazzi optical light-weighted,Control4C,1,0.2533848766493119,0.2534352553936589,1237650797288358041,Control4C,Lim:5200,Satellite,10.88108,0.0422429,,0.127685881746152,0.00698412258986672,0.13467000433601872
Gallazzi optical light-weighted,Control4C,1,0.2533848766493119,0.2534352553936589,1237648722284314732,Control4C,Lim:5200,Satellite,10.44744,0.042760779,,-0.03317235047851022,0.07564235481452888,0.04247000433601866
Gallazzi optical light-weighted,Control4C,1,0.2533848766493119,0.2534352553936589,1237662195072762046,Control4C,Lim:5206,Satellite,10.21329,0.025631858,,-0.12003000907874212,0.26870001341476085,0.14867000433601874
Gallazzi optical light-weighted,Control4C,1,0.2533848766493119,0.2534352553936589,1237662195072762009,Control4C,Lim:5206,Satellite,9.649191,0.02569222,,-0.3292818491758266,-0.3030481464881548,-0.6323299956639814
Gallazzi optical light-weighted,Control4C,1,0.2533848766493119,0.2534352553936589,1237648722284052878,Control4C,Lim:5210,Satellite,10.75498,0.042140596,,0.08090923963857419,-0.0030392353025554264,0.07787000433601876
Gallazzi optical light-weighted,Control4C,1,0.2533848766493119,0.2534352553936589,1237654604253233354,Control4C,Lim:5217,Satellite,10.30075,0.0434558,,-0.08758682812133745,0.4820568324573562,0.39447000433601875
Gallazzi optical light-weighted,Control4C,1,0.2533848766493119,0.2534352553936589,1237654604253167748,Control4C,Lim:5217,Satellite,10.21857,0.042405563,,-0.11807139948058218,-0.4985585961833989,-0.6166299956639811
Gallazzi optical light-weighted,Control4C,1,0.2533848766493119,0.2534352553936589,1237648705131053204,Control4C,Lim:5232,Satellite,10.68184,0.04111351,,0.053778045318604036,0.11929195901741468,0.1730700043360187
Gallazzi optical light-weighted,Control4C,1,0.2533848766493119,0.2534352553936589,1237654874824179773,Control4C,Lim:5238,Satellite,10.44809,0.036635357,,-0.032931233766615386,-0.649498761897366,-0.6824299956639814
Gallazzi optical light-weighted,Control4C,1,0.2533848766493119,0.2534352553936589,1237654874824245338,Control4C,Lim:5238,Satellite,10.19777,0.037213017,,-0.12578713426121332,-0.19814286140276785,-0.3239299956639812
Gallazzi optical light-weighted,Control4C,1,0.2533848766493119,0.2534352553936589,1237654874824245357,Control4C,Lim:5238,Satellite,10.05396,0.036537408,,-0.1791332793959534,-0.09259671626802776,-0.27172999566398115
Gallazzi optical light-weighted,Control4C,1,0.2533848766493119,0.2534352553936589,1237660561894801429,Control4C,Lim:5253,Satellite,10.88146,0.042390057,,0.12782684228541347,0.0871431620506053,0.21497000433601876
Gallazzi optical light-weighted,Control4C,1,0.2533848766493119,0.2534352553936589,1237654600497365012,Control4C,Lim:5261,Satellite,10.28553,0.029946118,,-0.09323266866754981,-0.4608973269964313,-0.5541299956639811
Gallazzi optical light-weighted,Control4C,1,0.2533848766493119,0.2534352553936589,1237654604792070364,Control4C,Lim:5261,Satellite,10.10615,0.030772797,,-0.15977346217474447,0.03974346651076327,-0.1200299956639812
Gallazzi optical light-weighted,Control4C,1,0.2533848766493119,0.2534352553936589,1237655125015855301,Control4C,Lim:5291,Satellite,10.46023,0.021457489,,-0.028427915485997393,0.057097919822016244,0.02867000433601885
Gallazzi optical light-weighted,Control4C,1,0.2533848766493119,0.2534352553936589,1237655125015855124,Control4C,Lim:5291,Satellite,10.54215,0.02179103,,0.0019602091884891593,0.11440979514752958,0.11637000433601874
Gallazzi optical light-weighted,Control4C,1,0.2533848766493119,0.2534352553936589,1237655125015789657,Control4C,Lim:5291,Satellite,10.2423,0.022429218,,-0.10926878475248675,-0.09766121091149443,-0.20692999566398118
Gallazzi optical light-weighted,Control4C,1,0.2533848766493119,0.2534352553936589,1237664105779495085,Control4C,Lim:5305,Satellite,10.5426,0.031986298,,0.0021271361428780895,-0.007657131806859247,-0.005529995663981158
Gallazzi optical light-weighted,Control4C,1,0.2533848766493119,0.2534352553936589,1237664105779626180,Control4C,Lim:5305,Satellite,10.49698,0.031785925,,-0.014795547544256424,-0.044534448119724804,-0.05932999566398123
Gallazzi optical light-weighted,Control4C,1,0.2533848766493119,0.2534352553936589,1237654398616076319,Control4C,Lim:5326,Satellite,9.913427,0.033527698,,-0.23126382535395626,0.33643382968997493,0.10517000433601864
Gallazzi optical light-weighted,Control4C,1,0.2533848766493119,0.2534352553936589,1237655473968840815,Control4C,Lim:5328,Satellite,10.33735,0.030159807,,-0.07401010249772655,-0.6959198931662548,-0.7699299956639813
Gallazzi optical light-weighted,Control4C,1,0.2533848766493119,0.2534352553936589,1237655473968840945,Control4C,Lim:5328,Satellite,9.600058,0.030377964,,-0.3475076759535552,-0.4045223197104261,-0.7520299956639813
Gallazzi optical light-weighted,Control4C,1,0.2533848766493119,0.2534352553936589,1237661388140511326,Control4C,Lim:5329,Satellite,10.52826,0.041333321,,-0.003192269470307421,0.1220622738063261,0.11887000433601869
Gallazzi optical light-weighted,Control4C,1,0.2533848766493119,0.2534352553936589,1237661388140576978,Control4C,Lim:5329,Satellite,10.4909,0.041304955,,-0.017050916172441245,0.09872092050846003,0.08167000433601879
Gallazzi optical light-weighted,Control4C,1,0.2533848766493119,0.2534352553936589,1237661388140642314,Control4C,Lim:5329,Satellite,10.17431,0.04149667,,-0.1344895928166754,-0.45594040284730597,-0.5904299956639814
Gallazzi optical light-weighted,Control4C,1,0.2533848766493119,0.2534352553936589,1237654031400566969,Control4C,Lim:5334,Satellite,10.56471,0.041887311,,0.010328813835174044,-0.7421588094991554,-0.7318299956639813
Gallazzi optical light-weighted,Control4C,1,0.2533848766493119,0.2534352553936589,1237654031400566818,Control4C,Lim:5334,Satellite,10.0469,0.041251859,,-0.18175217783591738,0.276822182171936,0.09507000433601864
Gallazzi optical light-weighted,Control4C,1,0.2533848766493119,0.2534352553936589,1237662662133415970,Control4C,Lim:5337,Satellite,10.62798,0.028836756,,0.03379874362221983,0.07417126071379895,0.10797000433601878
Gallazzi optical light-weighted,Control4C,1,0.2533848766493119,0.2534352553936589,1237662662133416006,Control4C,Lim:5337,Satellite,10.38239,0.02922641,,-0.05730256910736007,0.05167257344337892,-0.005629995663981147
Gallazzi optical light-weighted,Control4C,1,0.2533848766493119,0.2534352553936589,1237654599953416329,Control4C,Lim:5344,Satellite,9.476453,0.023310269,,-0.3933588008362449,-0.5272711948277364,-0.9206299956639814
Gallazzi optical light-weighted,Control4C,1,0.2533848766493119,0.2534352553936589,1237654605329006744,Control4C,Lim:5413,Satellite,10.66855,0.029843724,,0.04884813593232581,-0.13057813159630702,-0.0817299956639812
Gallazzi optical light-weighted,Control4C,1,0.2533848766493119,0.2534352553936589,1237654601034170430,Control4C,Lim:5413,Satellite,10.61732,0.030467172,,0.029844429547145737,-0.252174425211127,-0.22232999566398126
Gallazzi optical light-weighted,Control4C,1,0.2533848766493119,0.2534352553936589,1237654601034170529,Control4C,Lim:5413,Satellite,9.831003,0.030068497,,-0.2618389082173579,-0.02219108744662346,-0.28402999566398135
Gallazzi optical light-weighted,Control4C,1,0.2533848766493119,0.2534352553936589,1237659326019600545,Control4C,Lim:6134,Satellite,10.70445,0.038951995,,0.0621651974046654,-0.059995193068646736,0.0021700043360186605
Gallazzi optical light-weighted,Control4C,1,0.2533848766493119,0.2534352553936589,1237659150459142313,Control4C,Lim:6134,Satellite,10.05722,0.037696615,,-0.17792398634860476,0.09729399068462344,-0.08062999566398132
Gallazzi optical light-weighted,Control4C,1,0.2533848766493119,0.2534352553936589,1237663530791796929,Control4C,Lim:6449,Satellite,10.33836,0.031756339,,-0.07363544422232124,-0.15739455144165995,-0.2310299956639812
Gallazzi optical light-weighted,Control4C,1,0.2533848766493119,0.2534352553936589,1237658311329906902,Control4C,Lim:6466,Satellite,10.50731,0.044377861,,-0.010963646569067982,0.10203365090508662,0.09107000433601864
Gallazzi optical light-weighted,Control4C,1,0.2533848766493119,0.2534352553936589,1237661435920056391,Control4C,Lim:6728,Satellite,10.37403,0.040450436,,-0.06040370097111371,0.01877370530713253,-0.04162999566398118
Gallazzi optical light-weighted,Control4C,1,0.2533848766493119,0.2534352553936589,1237654381977796751,Control4C,Lim:6736,Satellite,10.88749,0.038523149,,0.13006366347422116,0.11390634086179752,0.24397000433601868
Gallazzi optical light-weighted,Control4C,1,0.2533848766493119,0.2534352553936589,1237654381977796849,Control4C,Lim:6736,Satellite,10.04861,0.038416131,,-0.18111785540924075,0.006787859745259528,-0.17432999566398122
Gallazzi optical light-weighted,Control4C,1,0.2533848766493119,0.2534352553936589,1237661948636954627,Control4C,Lim:6788,Satellite,10.73608,0.041730406,,0.07389830755425039,0.09267169678176837,0.16657000433601876
Gallazzi optical light-weighted,Control4C,1,0.2533848766493119,0.2534352553936589,1237661382240829503,Control4C,Lim:6858,Satellite,10.34485,0.030813234,,-0.07122798659124946,-0.3080020090727316,-0.3792299956639811
Gallazzi optical light-weighted,Control4C,1,0.2533848766493119,0.2534352553936589,1237661382240829504,Control4C,Lim:6858,Satellite,10.50927,0.030949621,,-0.010236586945508342,-0.21729340871847302,-0.22752999566398135
Gallazzi optical light-weighted,Control4C,1,0.2533848766493119,0.2534352553936589,1237661382240829459,Control4C,Lim:6858,Satellite,9.753313,0.030536351,,-0.29065791952059117,-0.03917207614339002,-0.3298299956639812
Gallazzi optical light-weighted,Control4C,1,0.2533848766493119,0.2534352553936589,1237659133284909256,Control4C,Lim:6945,Satellite,10.46855,0.037384676,,-0.025341621573744408,0.1484116259097631,0.12307000433601867
Gallazzi optical light-weighted,Control4C,1,0.2533848766493119,0.2534352553936589,1237660613972918418,Control4C,Lim:6950,Satellite,10.18911,0.030254372,,-0.12899955076122646,0.1646695550972452,0.035670004336018746
Gallazzi optical light-weighted,Control4C,1,0.2533848766493119,0.2534352553936589,1237673705041691045,Control4C,Lim:6954,Satellite,10.6603,0.041029821,,0.04578780843520029,-0.39631780409918166,-0.35052999566398135
Gallazzi optical light-weighted,Control4C,1,0.2533848766493119,0.2534352553936589,1237654954280157539,Control4C,Lim:6978,Satellite,10.10311,0.04060952,,-0.16090114648883688,-0.011428849175144334,-0.17232999566398122
Gallazzi optical light-weighted,Control4C,1,0.2533848766493119,0.2534352553936589,1237661087494045845,Control4C,Lim:6989,Satellite,11.11918,0.028672638,,0.21600878805712864,-0.08133878372110992,0.13467000433601872
Gallazzi optical light-weighted,Control4C,1,0.2533848766493119,0.2534352553936589,1237661125612142601,Control4C,Lim:6989,Satellite,10.28244,0.028369131,,-0.09437890042101871,-0.11045109524296248,-0.2048299956639812
Gallazzi optical light-weighted,Control4C,1,0.2533848766493119,0.2534352553936589,1237661125612273738,Control4C,Lim:6989,Satellite,9.786526,0.028923157,,-0.2783375974403456,-0.7679923982236355,-1.046329995663981
Gallazzi optical light-weighted,Control4C,1,0.2533848766493119,0.2534352553936589,1237661435921825846,Control4C,Lim:7044,Satellite,10.8838,0.029821394,,0.12869486244823458,-0.14122485811221586,-0.012529995663981275
Gallazzi optical light-weighted,Control4C,1,0.2533848766493119,0.2534352553936589,1237661435921891368,Control4C,Lim:7044,Satellite,10.36364,0.029327688,,-0.06425785887355379,0.17062786320957252,0.10637000433601873
Gallazzi optical light-weighted,Control4C,1,0.2533848766493119,0.2534352553936589,1237661387620876411,Control4C,Lim:7051,Satellite,10.69569,0.036311096,,0.058915686025899965,-0.24504568168988122,-0.18612999566398125
Gallazzi optical light-weighted,Control4C,1,0.2533848766493119,0.2534352553936589,1237661417140125866,Control4C,Lim:7052,Satellite,10.61008,0.04481637,,0.027158760325426183,0.0867112440105926,0.11387000433601879
Gallazzi optical light-weighted,Control4C,1,0.2533848766493119,0.2534352553936589,1237671957518876723,Control4C,Lim:7058,Satellite,9.788877,0.029473915,,-0.2774654968408621,-0.8086644988231191,-1.0861299956639812
Gallazzi optical light-weighted,Control4C,1,0.2533848766493119,0.2534352553936589,1237671991878156520,Control4C,Lim:7058,Satellite,10.23708,0.029503848,,-0.11120513742339502,0.14097514175941375,0.02977000433601873
Gallazzi optical light-weighted,Control4C,1,0.2533848766493119,0.2534352553936589,1237671957518876726,Control4C,Lim:7058,Satellite,8.423131,0.029824342,,-0.7840873196152905,0.2530573239513093,-0.5310299956639812
Gallazzi optical light-weighted,Control4C,1,0.2533848766493119,0.2534352553936589,1237651192433279109,Control4C,Lim:7069,Satellite,10.43038,0.037663292,,-0.0395007367937783,0.04877074112979707,0.009270004336018767
Gallazzi optical light-weighted,Control4C,1,0.2533848766493119,0.2534352553936589,1237661357538148509,Control4C,Lim:7114,Satellite,9.893231,0.043823743,,-0.23875550706691936,0.025225511402938022,-0.21352999566398134
Gallazzi optical light-weighted,Control4C,1,0.2533848766493119,0.2534352553936589,1237658492278734920,Control4C,Lim:7128,Satellite,10.65873,0.036266668,,0.04520541883877794,-0.7405354145027591,-0.6953299956639811
Gallazzi optical light-weighted,Control4C,1,0.2533848766493119,0.2534352553936589,1237658492278734937,Control4C,Lim:7128,Satellite,9.819897,0.036900467,,-0.2659586654516706,-1.014971330212311,-1.2809299956639815
Gallazzi optical light-weighted,Control4C,1,0.2533848766493119,0.2534352553936589,1237660669818241070,Control4C,Lim:7158,Satellite,10.71118,0.046012765,,0.06466168274474504,0.009708321591273661,0.0743700043360187
Gallazzi optical light-weighted,Control4C,1,0.2533848766493119,0.2534352553936589,1237662300841377866,Control4C,Lim:7162,Satellite,10.71367,0.035844355,,0.06558534522569559,0.06208465911032324,0.12767000433601883
Gallazzi optical light-weighted,Control4C,1,0.2533848766493119,0.2534352553936589,1237648704594575483,Control4C,Lim:7163,Satellite,10.89773,0.044524326,,0.13386217905853182,0.12470782527748703,0.25857000433601884
Gallazzi optical light-weighted,Control4C,1,0.2533848766493119,0.2534352553936589,1237661386530816154,Control4C,Lim:7183,Satellite,9.867658,0.042020185,,-0.24824178041043293,-0.004488215253548311,-0.25272999566398124
Gallazzi optical light-weighted,Control4C,1,0.2533848766493119,0.2534352553936589,1237651737374949472,Control4C,Lim:7184,Satellite,10.28072,0.039379105,,-0.09501693233557049,-1.0257130633284108,-1.1207299956639813
Gallazzi optical light-weighted,Control4C,1,0.2533848766493119,0.2534352553936589,1237657630053433424,Control4C,Lim:7186,Satellite,10.55064,0.026144675,,0.005109564394621891,-0.41673956005860296,-0.41162999566398106
Gallazzi optical light-weighted,Control4C,1,0.2533848766493119,0.2534352553936589,1237657776082780208,Control4C,Lim:7186,Satellite,10.27822,0.026271748,,-0.09594430430439685,0.1024143086404157,0.006470004336018853
Gallazzi optical light-weighted,Control4C,1,0.2533848766493119,0.2534352553936589,1237657630590369984,Control4C,Lim:7186,Satellite,10.09987,0.025765468,,-0.16210302056043518,-0.06632697510354607,-0.22842999566398126
Gallazzi optical light-weighted,Control4C,1,0.2533848766493119,0.2534352553936589,1237657628439347343,Control4C,Lim:7197,Satellite,9.988159,0.030188956,,-0.20354208056423828,0.16631208490025706,-0.03722999566398122
Gallazzi optical light-weighted,Control4C,1,0.2533848766493119,0.2534352553936589,1237657628439412747,Control4C,Lim:7197,Satellite,9.700765,0.029437707,,-0.31015053640773604,0.2773205407437548,-0.03282999566398126
Gallazzi optical light-weighted,Control4C,1,0.2533848766493119,0.2534352553936589,1237657629513810033,Control4C,Lim:7224,Satellite,11.15879,0.041942095,,0.2307020695312058,-0.3098320651951871,-0.07912999566398127
Gallazzi optical light-weighted,Control4C,1,0.2533848766493119,0.2534352553936589,1237657629513810174,Control4C,Lim:7224,Satellite,10.20837,0.041671914,,-0.12185507711339152,-0.4561749185505899,-0.5780299956639814
Gallazzi optical light-weighted,Control4C,1,0.2533848766493119,0.2534352553936589,1237660961866776723,Control4C,Lim:7264,Satellite,9.664832,0.02597673,,-0.3234798391900642,-0.575150156473917,-0.8986299956639812
Gallazzi optical light-weighted,Control4C,1,0.2533848766493119,0.2534352553936589,1237660764842164280,Control4C,Lim:7264,Satellite,9.443384,0.025353501,,-0.4056257062910859,-0.5888042893728953,-0.9944299956639813
Gallazzi optical light-weighted,Control4C,1,0.2533848766493119,0.2534352553936589,1237657629511712801,Control4C,Lim:7269,Satellite,10.58615,0.043202816,,0.018281955839824844,0.07438804849619385,0.09267000433601869
Gallazzi optical light-weighted,Control4C,1,0.2533848766493119,0.2534352553936589,1237657629511713101,Control4C,Lim:7269,Satellite,10.56518,0.041904856,,0.010503159765313297,0.03626684457070556,0.046770004336018856
Gallazzi optical light-weighted,Control4C,1,0.2533848766493119,0.2534352553936589,1237648722289623248,Control4C,Lim:7327,Satellite,10.17868,0.036304703,,-0.13286854661516787,0.22243855095118667,0.0895700043360188
Gallazzi optical light-weighted,Control4C,1,0.2533848766493119,0.2534352553936589,1237648722289557692,Control4C,Lim:7327,Satellite,10.14206,0.037491948,,-0.14645269121452906,-0.0608773044494523,-0.20732999566398136
Gallazzi optical light-weighted,Control4C,1,0.2533848766493119,0.2534352553936589,1237658918530056413,Control4C,Lim:7386,Satellite,10.31571,0.035229863,,-0.08203743425988391,0.03240743859590273,-0.049629995663981186
Gallazzi optical light-weighted,Control4C,1,0.2533848766493119,0.2534352553936589,1237658803111854218,Control4C,Lim:7386,Satellite,10.19962,0.034315834,,-0.12510087900428246,0.12187088334030127,-0.003229995663981189
Gallazzi optical light-weighted,Control4C,1,0.2533848766493119,0.2534352553936589,1237658918530056399,Control4C,Lim:7386,Satellite,9.779221,0.034664783,,-0.281047378333255,0.3244173826692738,0.043370004336018786
Gallazzi optical light-weighted,Control4C,1,0.2533848766493119,0.2534352553936589,1237655128235049080,Control4C,Lim:7407,Satellite,10.41593,0.031328493,,-0.044860946773591925,0.038530951109610634,-0.0063299956639812915
Gallazzi optical light-weighted,Control4C,1,0.2533848766493119,0.2534352553936589,1237655473436361135,Control4C,Lim:7407,Satellite,9.895964,0.030689742,,-0.23774170403059922,-0.266788291633382,-0.5045299956639813
Gallazzi optical light-weighted,Control4C,1,0.2533848766493119,0.2534352553936589,1237654953207333212,Control4C,Lim:7436,Satellite,9.998996,0.034507718,,-0.19952210855377167,0.17049211288979044,-0.029029995663981234
Gallazzi optical light-weighted,Control4C,1,0.2533848766493119,0.2534352553936589,1237654605329137931,Control4C,Lim:9394,Satellite,10.06368,0.041617887,,-0.17552765718115845,0.1436976615171773,-0.03182999566398115
Gallazzi optical light-weighted,Control4C,1,0.2533848766493119,0.2534352553936589,1237648720171696336,Control4C,Lim:9765,Satellite,10.93987,0.038624485,,0.14949396096506146,0.09997604337095728,0.24947000433601874
Gallazzi optical light-weighted,Control4C,1,0.2533848766493119,0.2534352553936589,1237659162813858137,Control4C,Lim:9774,Satellite,10.2711,0.033020233,,-0.09858545967161245,-0.04564453599236876,-0.1442299956639812
Gallazzi optical light-weighted,Control4C,1,0.2533848766493119,0.2534352553936589,1237661387602919620,Control4C,Lim:9790,Satellite,10.36785,0.040506853,,-0.06269616447805082,0.017566168814069583,-0.04512999566398124
Gallazzi optical light-weighted,Control4C,1,0.2533848766493119,0.2534352553936589,1237658205578657877,Control4C,Lim:9833,Satellite,10.44815,0.041586285,,-0.03290897683936375,0.13477898117538253,0.10187000433601878
Gallazzi optical light-weighted,Control4C,1,0.2533848766493119,0.2534352553936589,1237651752415920197,Control4C,Lim:9995,Satellite,10.23991,0.026457409,,-0.11015535235468435,0.0009253566907030664,-0.10922999566398128
Gallazzi optical light-weighted,Control4C,1,0.2533848766493119,0.2534352553936589,1237654880741294238,Control4C,Lim:10120,Satellite,10.80756,0.044559608,,0.10041372688692038,-0.6671437225509015,-0.5667299956639811
Gallazzi optical light-weighted,Control4C,1,0.2533848766493119,0.2534352553936589,1237648705667137570,Control4C,Lim:10121,Satellite,10.70381,0.034187089,,0.06192779018064639,0.033242214155372464,0.09517000433601885
Gallazzi optical light-weighted,Control4C,1,0.2533848766493119,0.2534352553936589,1237651735237951685,Control4C,Lim:10121,Satellite,10.29237,0.034551293,,-0.09069537896084207,-0.6449346167031393,-0.7356299956639814
Gallazzi optical light-weighted,Control4C,1,0.2533848766493119,0.2534352553936589,1237648705667072024,Control4C,Lim:10121,Satellite,9.578831,0.034102383,,-0.3553818058664625,-0.41104818979751856,-0.7664299956639811
Gallazzi optical light-weighted,Control4C,1,0.2533848766493119,0.2534352553936589,1237657629512827188,Control4C,Lim:10163,Satellite,9.877542,0.029625753,,-0.24457532259448309,0.29054532693050183,0.04597000433601872
Gallazzi optical light-weighted,Control4C,1,0.2533848766493119,0.2534352553936589,1237657629512892647,Control4C,Lim:10163,Satellite,10.19333,0.028623613,,-0.12743414687784835,0.133604151213867,0.006170004336018664
Gallazzi optical light-weighted,Control4C,1,0.2533848766493119,0.2534352553936589,1237657629512827171,Control4C,Lim:10163,Satellite,10.07846,0.029281226,,-0.17004503410145985,0.11511503843747858,-0.05492999566398127
Gallazzi optical light-weighted,Control4C,1,0.2533848766493119,0.2534352553936589,1237659330848292959,Control4C,Lim:10218,Satellite,10.70973,0.041282321,,0.06412380700282597,-0.014753802666807175,0.04937000433601879
Gallazzi optical light-weighted,Control4C,1,0.2533848766493119,0.2534352553936589,1237659326562304351,Control4C,Lim:10218,Satellite,10.46145,0.040651323,,-0.027975357965210362,0.06924536230122916,0.041270004336018795
Gallazzi optical light-weighted,Control4C,1,0.2533848766493119,0.2534352553936589,1237659326562304335,Control4C,Lim:10218,Satellite,10.19507,0.042589883,,-0.12678869598754558,0.16315870032356425,0.03637000433601867
Gallazzi optical light-weighted,Control4C,1,0.2533848766493119,0.2534352553936589,1237661387619172464,Control4C,Lim:10236,Satellite,11.13752,0.031222338,,0.2228119888204354,0.03235801551558337,0.2551700043360188
Gallazzi optical light-weighted,Control4C,1,0.2533848766493119,0.2534352553936589,1237674648847450346,Control4C,Lim:10247,Satellite,10.62606,0.039322997,,0.0330865219501615,-0.11671651761414271,-0.08362999566398122
Gallazzi optical light-weighted,Control4C,1,0.2533848766493119,0.2534352553936589,1237648720149479679,Control4C,Lim:10247,Satellite,10.24305,0.03852537,,-0.10899057316183897,0.01116057749785776,-0.0978299956639812
Gallazzi optical light-weighted,Control4C,1,0.2533848766493119,0.2534352553936589,1237661353244557433,Control4C,Lim:10423,Satellite,10.59821,0.044512519,,0.02275559821744088,0.07891440611857792,0.1016700043360188
Gallazzi optical light-weighted,Control4C,1,0.2533848766493119,0.2534352553936589,1237657612341543027,Control4C,Lim:10423,Satellite,10.22487,0.044056716,,-0.11573442211914114,0.0676044264551598,-0.04812999566398135
Gallazzi optical light-weighted,Control4C,1,0.2533848766493119,0.2534352553936589,1237658608219848803,Control4C,Lim:10458,Satellite,10.42566,0.043567653,,-0.04125161507092118,0.06552161940693985,0.02427000433601867
Gallazzi optical light-weighted,Control4C,1,0.2533848766493119,0.2534352553936589,1237671123220103629,Control4C,Lim:10574,Satellite,10.88957,0.045081028,,0.13083523695228472,-0.06096523261626596,0.06987000433601875
Gallazzi optical light-weighted,Control4C,1,0.2533848766493119,0.2534352553936589,1237671123220168924,Control4C,Lim:10574,Satellite,10.28066,0.044867577,,-0.09503918926282279,0.07810919359884155,-0.016929995663981234
Gallazzi optical light-weighted,Control4C,1,0.2533848766493119,0.2534352553936589,1237658425163841661,Control4C,Lim:10610,Satellite,10.96078,0.037305525,,0.1572505001123207,-0.02298049577630193,0.13427000433601877
Gallazzi optical light-weighted,Control4C,1,0.2533848766493119,0.2534352553936589,1237658425163776192,Control4C,Lim:10610,Satellite,10.375,0.036823358,,-0.06004388064720905,-0.21308611501677216,-0.2731299956639812
Gallazzi optical light-weighted,Control4C,1,0.2533848766493119,0.2534352553936589,1237664870822772925,Control4C,Lim:10757,Satellite,10.80405,0.043329167,,0.0991116966426887,0.21475830769333004,0.31387000433601875
Gallazzi optical light-weighted,Control4C,1,0.2533848766493119,0.2534352553936589,1237660960792379568,Control4C,Lim:10757,Satellite,10.64754,0.042754732,,0.041054501906312955,0.018115502429705867,0.05917000433601882
Gallazzi optical light-weighted,Control4C,1,0.2533848766493119,0.2534352553936589,1237674290756583782,Control4C,Lim:10883,Satellite,10.80568,0.034285222,,0.09971634316636335,0.12285366116965546,0.2225700043360188
Gallazzi optical light-weighted,Control4C,1,0.2533848766493119,0.2534352553936589,1237658493891903612,Control4C,Lim:10900,Satellite,10.47864,0.024788749,,-0.021598748307563177,0.197668752643582,0.17607000433601883
Gallazzi optical light-weighted,Control4C,1,0.2533848766493119,0.2534352553936589,1237658493891706939,Control4C,Lim:10900,Satellite,10.09189,0.025570478,,-0.16506319188492735,-0.7998668037790538,-0.9649299956639812
Gallazzi optical light-weighted,Control4C,1,0.2533848766493119,0.2534352553936589,1237658493891903616,Control4C,Lim:10900,Satellite,10.0812,0.025324659,,-0.16902863442362628,0.194998638759645,0.025970004336018704
Gallazzi optical light-weighted,Control4C,1,0.2533848766493119,0.2534352553936589,1237674479735013541,Control4C,Lim:10908,Satellite,10.28765,0.042444913,,-0.09244625723798561,-0.0528837384259957,-0.1453299956639813
Gallazzi optical light-weighted,Control4C,1,0.2533848766493119,0.2534352553936589,1237661850936541214,Control4C,Lim:10914,Satellite,10.69378,0.036344964,,0.0582071738417168,0.03586283049430195,0.09407000433601875
Gallazzi optical light-weighted,Control4C,1,0.2533848766493119,0.2534352553936589,1237661872407576592,Control4C,Lim:10914,Satellite,9.415302,0.036487926,,-0.41604269014251305,-0.0002873055214681619,-0.4163299956639812
Gallazzi optical light-weighted,Control4C,1,0.2533848766493119,0.2534352553936589,1237662306189770850,Control4C,Lim:10955,Satellite,10.49291,0.028626794,,-0.016305309109505128,-0.05922468655447609,-0.07552999566398122
Gallazzi optical light-weighted,Control4C,1,0.2533848766493119,0.2534352553936589,1237662194536874012,Control4C,Lim:10955,Satellite,9.49991,0.028891735,,-0.3846574551271452,-0.0042725405368359,-0.3889299956639811
Gallazzi optical light-weighted,Control4C,1,0.2533848766493119,0.2534352553936589,1237658304886014057,Control4C,Lim:10964,Satellite,10.61699,0.044676943,,0.02972201644726074,-0.09655201211124204,-0.06682999566398129
Gallazzi optical light-weighted,Control4C,1,0.2533848766493119,0.2534352553936589,1237674599462273168,Control4C,Lim:10990,Satellite,10.59563,0.03572787,,0.02179855034561256,0.11207145399040624,0.1338700043360188
Gallazzi optical light-weighted,Control4C,1,0.2533848766493119,0.2534352553936589,1237662193989714026,Control4C,Lim:11129,Satellite,10.4328,0.038626013,,-0.03860304072795457,0.14987304506397342,0.11127000433601886
Gallazzi optical light-weighted,Control4C,1,0.2533848766493119,0.2534352553936589,1237651272961490952,Control4C,Lim:11252,Satellite,10.45058,0.032646131,,-0.03200757128566486,0.1847775756216836,0.15277000433601873
Gallazzi optical light-weighted,Control4C,1,0.2533848766493119,0.2534352553936589,1237651534946304186,Control4C,Lim:11252,Satellite,9.214596,0.032170033,,-0.4904943374925801,-0.46763565817140096,-0.958129995663981
Gallazzi optical light-weighted,Control4C,1,0.2533848766493119,0.2534352553936589,1237655368758788270,Control4C,Lim:11370,Satellite,10.08617,0.042934246,,-0.16718501894960103,0.19175502328561966,0.024570004336018636
