Group,n_shipped,n_parent,bgg_matches,n_eligible_sat,max_dmag_shipped,n_dmag_gt3,expected_objids,shipped_objids,quartet_set_changed,not_3_nearest_eligible,n_ineligible_closer,dist2bgg_recompute_max_err
1,4,538,True,107,5.757933000000001,1,1237667444048723989;1237667324334637085;1237667324334571728,1237667444048723989;1237667324334637085;1237667444048724004,True,True,13,0.053871952791060274
3,4,177,True,65,3.472639000000001,2,1237665531723317440;1237665531723317728;1237665549437632547,1237665531723317440;1237665531723317784;1237665531723317445,True,True,7,0.12572824722792353
5,4,156,True,47,3.359414000000001,2,1237668293912690764;1237667915953537163;1237668293912690796,1237668293912690764;1237668293912690773;1237668293912690769,True,True,4,0.06585581808396057
6,4,149,True,51,4.395326000000001,2,1237665535465619850;1237665535465619617;1237665535465619750,1237665535465619850;1237665535465619526;1237665535465619528,True,True,8,0.10867188041554954
13,4,123,True,42,5.019442999999999,2,1237654879665586216;1237651821637533715;1237654879665586208,1237654879665586216;1237654879665586210;1237654879665586226,True,True,5,0.09188397993052155
27,4,96,True,43,3.295550000000002,1,1237667254009200956;1237667254009200667;1237667254009200743,1237667254009200667;1237667254009200956;1237667254009201000,True,True,2,0.1448172302139632
32,4,89,True,41,2.860658000000001,0,1237662237485629623;1237662237485564390;1237662237485629618,1237662237485629618;1237662237485564390;1237662237485629623,False,False,0,0.05106370705903429
33,4,89,True,30,4.882640000000002,1,1237667915955568664;1237667915955568663;1237667915955568665,1237667915955568663;1237667915955568664;1237667915955568673,True,True,1,0.09333677278274388
37,4,84,True,36,3.4216219999999993,1,1237658612519141394;1237658612519141393;1237658612519141391,1237658612519141394;1237658612519141393;1237658612519141503,True,True,1,0.07620166240022885
39,4,83,True,32,4.429175000000001,2,1237663789031948360;1237663789031948495;1237663918416199874,1237663789031948360;1237663789031948622;1237663789032013995,True,True,8,0.20152531163056953
40,4,80,True,34,3.7502549999999992,1,1237655742947197070;1237655742947262473;1237662266464338197,1237655742947197070;1237655742947262473;1237655742947262475,True,True,8,0.0631516506732277
46,4,73,True,26,4.018228000000001,3,1237667292659384425;1237667292659384413;1237667429563039946,1237667429563105341;1237667429563105608;1237667429563105342,True,True,13,0.09123922318492084
50,4,71,True,32,4.601241000000002,2,1237655743485575194;1237655743485575567;1237655743485575492,1237655743485575194;1237655743485575198;1237655743485575615,True,True,3,0.11323921254230918
51,4,71,True,44,4.152579999999997,2,1237665534931894614;1237665534931894707;1237665534931894706,1237665534931894614;1237665534931894341;1237665534931894343,True,True,3,0.11487264593708524
61,4,64,True,36,4.261796,1,1237665428645740683;1237665428645740687;1237665428645806454,1237665428645740687;1237665428645740683;1237665428645740694,True,True,2,0.07238417089827931
70,4,61,True,34,4.3688189999999985,2,1237661418212294689;1237661418212294942;1237661418212294806,1237661418212294689;1237661418212294709;1237661418212294707,True,True,2,0.08903498731964188
71,4,61,True,19,4.443936000000001,2,1237667537465704591;1237667537465704588;1237667537465704789,1237667537465704591;1237667537465704602;1237667537465704607,True,True,3,0.09462929996794989
78,4,58,True,24,4.713711,2,1237667293189505124;1237667293189570761;1237667293189505241,1237667293189505124;1237667430630096919;1237667293189505427,True,True,2,0.17122588806798955
79,4,58,True,32,3.6124550000000006,1,1237662197748006964;1237662264323539208;1237662197748006963,1237662197748006964;1237662264323539208;1237662197748006974,True,True,1,0.11341203285707646
85,4,57,True,30,4.002293000000002,2,1237662303519834621;1237662303519834305;1237662501081776441,1237662303519834621;1237662303519899926;1237665356693635278,True,True,4,0.15776756477982312
94,4,53,True,16,4.751429999999999,3,1237662262169108543;1237662262169174037;1237662236405530754,1237662262169174086;1237662262169174278;1237662262169174093,True,True,8,0.12858405610092571
95,4,53,True,13,5.395411000000003,3,1237664289935261842;1237664289935196255;1237662529523744971,1237664289935196412;1237664289935261751;1237664289935261940,True,True,10,0.13918384833049346
96,4,53,True,22,4.341971000000001,2,1237661465457590733;1237661465457524828;1237662337335033958,1237661465457590733;1237661465457525045;1237661465457525407,True,True,9,0.18043192680151465
99,4,51,True,20,3.859185,2,1237665016314593292;1237665016314593453;1237665016314593480,1237665016314593292;1237665016314593438;1237665016314593294,True,True,8,0.07554573173014711
100,4,51,True,27,3.8779530000000015,2,1237661949737435262;1237661949737435263;1237661949737435261,1237661949737435262;1237661949737435269;1237661949737435275,True,True,5,0.09221005194791143
102,4,50,True,14,3.906817,3,1237653587406684481;1237653587406684570;1237654654172070143,1237654654172004361;1237654654172004359;1237654654172004362,True,True,15,0.08943195640465018
106,4,50,True,16,5.103269000000001,3,1237664836462248240;1237664836462248406;1237664836462182453,1237664836462313734;1237664874580672554;1237664836462313526,True,True,8,0.19892883704562347
112,4,49,True,19,4.539255000000001,2,1237661139033718842;1237661139033784476;1237661139033718922,1237661139033718842;1237661139033718845;1237661139033719032,True,True,7,0.11539454945576377
120,4,46,True,10,3.702095,3,1237667782281134188;1237667734492151849;1237667782281068583,1237667734492151972;1237667734492086522;1237667734492086326,True,True,11,0.14850661382634467
125,4,45,True,20,4.367753,2,1237661386003382586;1237661386003382392;1237661386003317042,1237661386003382586;1237661386003382283;1237661386003382395,True,True,3,0.17178152983697403
129,4,44,True,13,3.946960999999998,1,1237658300056666431;1237658300056666563;1237658300056601430,1237658300056666563;1237658300056666431;1237658300056666766,True,True,3,0.1751191920740216
131,4,44,True,27,3.3395810000000026,1,1237665128538833047;1237665025436811410;1237665025436811331,1237665128538833047;1237665025436811410;1237665128538833063,True,True,2,0.20640515508530122
143,4,41,True,9,4.929399,2,1237664132091871251;1237661070326890555;1237661070326890677,1237664132091871251;1237664132091871442;1237664132091871427,True,True,15,0.1314917740211814
146,4,41,True,17,3.952717,1,1237661434849132772;1237661434849198303;1237661361833574526,1237661434849132772;1237661434849198303;1237661434849132600,True,True,2,0.32106552707127545
152,4,40,True,20,2.7771399999999993,0,1237665129099559164;1237662695961788698;1237665129099624698,1237662695961788698;1237665129099624698;1237665129099559164,False,False,0,0.30478139154542827
153,4,40,True,5,4.947647,3,1237667322184794216;1237667321647923349;1237667442972688529,1237667441898881034;1237667441898881133;1237667441898881046,True,True,31,0.13554456865109676
154,4,40,True,9,3.5795190000000012,2,1237664093439852639;1237664668428599470;1237664093439983708,1237664093439852639;1237664093439852641;1237664093439852644,True,True,10,0.14392908303909202
157,4,39,True,12,4.038937000000001,3,1237665567691374851;1237665567691309503;1237665567691374897,1237665531186053150;1237665567691374881;1237665531186053158,True,True,3,0.11615562149244729
174,4,38,True,24,2.3466020000000007,0,1237661381704548428;1237661381704548427;1237661381704548426,1237661381704548428;1237661381704548426;1237661381704548427,False,False,0,0.07072112774819295
180,4,37,True,8,4.639032999999998,3,1237662336256835778;1237661463842455568;1237661463842390293,1237662336256770464;1237661463842455907;1237662336256770289,True,True,18,0.15994855298596367
189,4,36,True,17,4.12922,1,1237667782827638813;1237667782827638816;1237667735575462006,1237667782827638813;1237667782827638816;1237667735575461913,True,True,3,0.06876711308072747
191,4,36,True,17,2.0467270000000006,0,1237658800967254132;1237658800967254171;1237658800967188592,1237658800967188592;1237658800967254132;1237658800967254171,False,False,0,0.18138826666640195
200,4,35,True,20,4.072481999999997,1,1237665023836880982;1237665023836881158;1237665023836881029,1237665023836881158;1237665023836880982;1237665023836815693,True,True,2,0.130957032480862
202,4,35,True,23,3.825254000000001,1,1237665427567673463;1237665427567673685;1237665427567673643,1237665427567673463;1237665427567673685;1237665532792733919,True,True,4,0.09012243653366414
213,4,34,True,9,4.046896,3,1237668298739482674;1237668298739482675;1237668298739548227,1237668298739482865;1237668298739482851;1237667916492570790,True,True,9,0.9763570054286745
214,4,34,True,10,4.533432999999999,1,1237655348895351215;1237655348895416475;1237655348895416498,1237655348895416475;1237655348895351215;1237655348895416346,True,True,2,0.15970929506504872
224,4,33,True,14,4.607106000000002,3,1237667322179616901;1237667322179682330;1237667429571231828,1237667322179616956;1237667322179616989;1237667322179551393,True,True,8,0.1728607523043988
226,4,33,True,15,3.8003500000000017,1,1237661850399473802;1237661850399473791;1237661871870509192,1237661850399473791;1237661850399473802;1237661850399539300,True,True,1,0.08095766401124793
227,4,33,True,20,2.9020759999999974,0,1237661064956280854;1237661064956280858;1237661064956215526,1237661064956280854;1237661064956215526;1237661064956280858,False,False,0,0.10208401948497059
229,4,33,True,25,3.7537959999999977,2,1237651752929853497;1237651752929853592;1237651752929788028,1237651752929853497;1237651752929853503;1237651752929788147,True,True,3,0.12292229892819373
242,4,32,True,13,3.7473240000000025,1,1237671991875600389;1237661971730333720;1237661971730333900,1237661971730333720;1237671991875600389;1237671991875600391,True,True,2,0.17366408276356315
243,4,32,True,9,3.708569999999998,2,1237665440998031805;1237665428108935403;1237665428108935458,1237665440998031805;1237665440998031495;1237665532797059500,True,True,11,0.08997245167069012
244,4,32,True,21,4.065007999999999,2,1237667447802429720;1237667447802429774;1237667447802364057,1237667447802429720;1237667447802429784;1237667447802364094,True,True,4,0.24997682059486515
260,4,31,True,15,4.142942999999999,1,1237660342862938125;1237660342862872624;1237660342862938375,1237660342862872624;1237660342862938125;1237660342862938357,True,True,4,0.09790226719721273
273,4,30,True,15,4.0883199999999995,1,1237664671645237313;1237664671645171895;1237664671645171915,1237664671645171895;1237664671645237313;1237664671645171947,True,True,1,0.24567467653788988
286,4,29,True,12,4.481370000000002,1,1237651822716518782;1237651822716518783;1237654880207765798,1237651822716518782;1237651822716518783;1237651822716584267,True,True,3,0.28247771274071987
288,4,29,True,17,4.107968,1,1237661949200433494;1237662198821683697;1237662198821748956,1237661949200433494;1237662198821683697;1237661949200498959,True,True,2,0.39734683014644645
290,4,29,True,12,4.1467990000000015,1,1237663916267536476;1237663916267536572;1237663786883350690,1237663916267536476;1237663916267536572;1237663786883285068,True,True,9,0.11218636918134273
291,4,29,True,17,3.837402000000001,3,1237662266463486059;1237662266463486072;1237662266463551701,1237662266463486076;1237662266463486080;1237662266463486141,True,True,3,0.12979341850094706
292,4,29,True,14,3.0588629999999988,1,1237668331491819554;1237668331491819552;1237668331491819768,1237668331491819552;1237668331491819554;1237668331491819775,True,True,2,0.083000970581939
293,4,29,True,14,4.878955000000001,2,1237662238014439591;1237662238014439648;1237662238014308394,1237662238014439591;1237662238014373984;1237662238014374154,True,True,7,0.14530435634400218
307,4,28,True,16,3.7490380000000023,1,1237661950276469037;1237661950276469020;1237662199360848014,1237661950276469020;1237661950276469037;1237661950276403464,True,True,3,0.19723606820055384
308,4,28,True,13,4.138776,2,1237654879130157270;1237654879130157152;1237651821638975664,1237654879130157270;1237654879130222916;1237654879130288387,True,True,7,0.471162375307399
312,4,28,True,11,1.966667000000001,0,1237667911138672660;1237667911138672823;1237667447275257905,1237667911138672660;1237667911138672823;1237667447275257905,False,False,0,0.2764731854539928
313,4,28,True,7,5.2205569999999994,2,1237667916490604603;1237668294449758225;1237667916490604564,1237667916490604603;1237667916490604722;1237668294449889474,True,True,4,0.4905573056012731
329,4,27,True,12,4.321957000000001,2,1237661433772245175;1237661357008355381;1237661433772310697,1237661433772245175;1237661433772245011;1237661433772245189,True,True,4,0.1415696071198269
335,4,27,True,9,3.9580940000000027,1,1237665231058895034;1237665231058895145;1237665231058960779,1237665231058895034;1237665231058895145;1237665231058960601,True,True,6,0.08362987757500329
336,4,27,True,15,3.6001200000000004,2,1237661069250789417;1237661069250789503;1237661069250789598,1237661069250789417;1237661069250789708;1237661069250789419,True,True,3,0.09297150114960595
348,4,26,True,16,4.013874000000001,1,1237659324412526747;1237659324412461258;1237661388684067032,1237659324412526747;1237659324412461258;1237659324412526931,True,True,1,0.2198412792917992
350,4,26,True,16,3.444403000000001,2,1237665442071969837;1237665442071970062;1237665442071970090,1237665442071969837;1237665442071969834;1237665442071970251,True,True,4,0.09289176381506303
351,4,26,True,12,4.214375,2,1237655348355203169;1237655348355203181;1237655464856780879,1237655348355203169;1237655348355137674;1237655348355203481,True,True,2,0.2379034647887872
379,4,25,True,8,4.339262999999999,2,1237659162813530234;1237659162813464715;1237661387616682025,1237659162813530234;1237659162813465004;1237659162813530574,True,True,4,0.29227905239060714
387,4,24,True,4,4.276117999999997,3,1237654654179803289;1237654654179803317;1237653612646432836,1237653612109627606;1237654654179737656;1237654654179737657,True,True,15,0.12057544058738934
402,4,24,True,14,3.7454530000000013,2,1237665567685738559;1237665567685738679;1237665531180482789,1237665567685738559;1237665567685804273;1237665567685738553,True,True,2,0.23012788687176933
403,4,24,True,15,4.559630000000002,2,1237665531172946006;1237665548887195946;1237665548887261199,1237665531172946006;1237665548887195930;1237665548887261346,True,True,2,0.11791555542594123
407,4,24,True,13,4.628924000000001,2,1237662198818930727;1237662198818865386;1237661949197746205,1237662198818930727;1237661949197680829;1237662198818930730,True,True,4,0.18029626563337953
410,4,24,True,13,3.845101999999997,2,1237655464320499873;1237655348355793107;1237655348355727570,1237655464320499873;1237655464320499874;1237655464320500029,True,True,4,0.07953544226214082
412,4,24,True,9,4.656153,3,1237658493355556921;1237658493355556919;1237658493355622464,1237658493355557205;1237662238540496975;1237658493355622654,True,True,5,0.19087284759976697
428,4,23,True,18,2.2141790000000015,0,1237651272424226982;1237651272424226940;1237651272424226960,1237651272424226960;1237651272424226940;1237651272424226982,False,False,0,0.24685041095577542
436,4,23,True,11,3.4748669999999997,3,1237665428633747596;1237665428633747667;1237665428633812997,1237665428633682107;1237665442059780253;1237665442059714750,True,True,7,0.5626144190629656
442,4,23,True,13,3.999755999999998,2,1237665128548597769;1237665024909639753;1237665025446510775,1237665128548597769;1237665128548598097;1237665128548598078,True,True,3,0.1350630776317363
443,4,23,True,11,2.4199519999999985,0,1237661948651438269;1237671958588424370;1237671992947638320,1237671958588424370;1237671992947638320;1237661948651438269,False,False,0,0.5660920807253742
444,4,23,True,13,3.7048950000000005,1,1237664667901689961;1237664667901624645;1237664667901624624,1237664667901624645;1237664667901689961;1237664667901624666,True,True,1,0.20115094209628293
446,4,23,True,7,3.2236860000000007,1,1237667442435751975;1237667442435752133;1237667442435752193,1237667442435752133;1237667442435751975;1237667442435752170,True,True,1,0.2009596938699012
470,4,22,True,8,5.123331,1,1237662528993951972;1237662528994017307;1237662635828773071,1237662528993951972;1237662528994017307;1237662635828838905,True,True,2,0.43902310113272414
477,4,22,True,16,4.433002000000002,2,1237668365314490759;1237668365314556218;1237668272988487820,1237668365314490759;1237668272988422469;1237668365314425087,True,True,2,0.4508659660796077
479,4,22,True,11,4.380452999999999,2,1237665564998697111;1237665564998697191;1237665564998762503,1237665564998697111;1237665564998697043;1237665564998697048,True,True,4,0.09773532110746697
480,4,22,True,14,3.6164640000000006,1,1237651252053475654;1237651252053475670;1237651252053475743,1237651252053475654;1237651252053475670;1237651252053541175,True,True,2,0.36663360214766794
481,4,22,True,12,3.8111640000000016,2,1237665549974306948;1237665549974241374;1237665549974241648,1237665549974306948;1237665532796862921;1237665549974307055,True,True,2,0.47349814209146857
482,4,22,True,16,3.2078699999999998,1,1237665225702637601;1237665225702637605;1237665225702637606,1237665225702637601;1237665225702637605;1237665225702637608,True,True,1,0.07808476690544253
483,4,22,True,16,2.162617000000001,0,1237665101680672774;1237665101680672773;1237665101680607541,1237665101680672774;1237665101680607541;1237665101680672773,False,False,0,0.17428068648512562
484,4,22,True,14,3.2159949999999995,1,1237662224070869196;1237662224070869225;1237662224070869216,1237662224070869225;1237662224070869196;1237662224070869228,True,True,1,0.16232819217835326
510,4,21,True,10,3.571282,1,1237651823246573749;1237651823246639293;1237651823246639324,1237651823246639293;1237651823246573749;1237651823246573881,True,True,1,0.1583744171695498
521,4,21,True,13,2.982657999999997,0,1237662636367478910;1237662636367478914;1237662636367478869,1237662636367478910;1237662636367478869;1237662636367478914,False,False,0,0.12254611033954532
526,4,21,True,15,3.833106000000001,1,1237665023838060740;1237665023838060759;1237665023837995164,1237665023838060759;1237665023838060740;1237665023837995178,True,True,1,0.09569768823022606
555,4,20,True,9,4.551182000000001,2,1237662267536179598;1237662267536244747;1237655744019234975,1237662267536179598;1237662267536179567;1237662267536179618,True,True,4,0.210566956362368
567,4,20,True,12,3.2178819999999995,1,1237658310794412098;1237655106768207962;1237658310794477714,1237658310794412098;1237655106768207962;1237658310794412153,True,True,2,0.05451470410984727
568,4,20,True,8,4.621299999999998,2,1237667782815842653;1237670449986535607;1237667735026729213,1237667782815842653;1237667735026860165;1237667782815908023,True,True,6,0.32591456466807234
574,4,20,True,9,4.564251000000002,2,1237662530070446243;1237662530070315251;1237662637442269203,1237662530070446243;1237662530070380596;1237662530070380812,True,True,5,0.2708288806182795
576,4,20,True,13,3.6195009999999996,1,1237654879668404386;1237654879668338981;1237654879668404260,1237654879668338981;1237654879668404386;1237654879668338964,True,True,2,0.08027086774080461
578,4,20,True,9,3.639590000000002,1,1237659119877554253;1237659119877554442;1237659119877554191,1237659119877554442;1237659119877554253;1237659119877554254,True,True,2,0.07173152007437444
581,4,20,True,8,4.123871999999999,1,1237667323787214944;1237667323787215123;1237667323787149512,1237667323787214944;1237667323787215123;1237667323787214945,True,True,1,0.07827169535024403
583,4,20,True,16,2.2206449999999975,0,1237667783387185208;1237667783387185212;1237667783387185223,1237667783387185208;1237667783387185212;1237667783387185223,False,False,0,0.050680494289723654
587,4,20,True,9,3.716373000000001,2,1237651755098767633;1237651755098833051;1237651821097779258,1237651755098767633;1237651755098833162;1237651821097779298,True,True,2,0.20017457423573326
590,4,20,True,7,4.235859999999999,2,1237667324334637189;1237667444048724176;1237667444048789811,1237667324334637189;1237667324334571822;1237667324334637329,True,True,7,0.44221928556981815
609,4,19,True,8,3.929456000000002,2,1237653614794244234;1237653614794309776;1237653614794178781,1237653614794244234;1237653614794113248;1237654383587950722,True,True,2,0.4125031884620416
623,4,19,True,5,3.4189040000000013,2,1237668365313376588;1237668272450503042;1237668272987308094,1237668365313376588;1237668365313442072;1237667781246517630,True,True,8,0.1075398697179577
624,4,19,True,9,5.333098,2,1237667910587056281;1237667910587056318;1237667910587056452,1237667910587056281;1237667910587056437;1237667549273260198,True,True,3,0.33405148527905837
626,4,19,True,15,2.8002719999999997,0,1237662238021714395;1237662238021714380;1237662238021714001,1237662238021714395;1237662238021714001;1237662238021714380,False,False,0,0.09411960306315592
629,4,19,True,5,4.383671999999997,3,1237662225132748827;1237662225132683436;1237664668973990023,1237664668437119168;1237664668437119234;1237664668437119008,True,True,7,0.14397177838522923
631,4,19,True,8,3.783531,3,1237658612519272647;1237658612519206931;1237658612519141592,1237658612519207104;1237658612519272484;1237658612519207091,True,True,5,0.15462517647025553
634,4,19,True,8,4.025919999999999,2,1237671932820258894;1237671932820193442;1237658493883580478,1237671932820258894;1237671932820259141;1237671932820259133,True,True,3,0.1916387326080633
637,4,19,True,10,2.675690000000003,0,1237667735041474588;1237667735041474586;1237667735041474590,1237667735041474586;1237667735041474588;1237667735041474590,False,False,0,0.09609110279187272
640,4,19,True,11,4.384785999999998,2,1237667446192537681;1237667910055886957;1237667446192537633,1237667446192537681;1237667446192537682;1237667446192603285,True,True,2,0.16296875873248684
641,4,19,True,10,4.555409000000001,2,1237662236393406478;1237662236393406671;1237662236393406483,1237662236393406478;1237662236393406651;1237662236393406498,True,True,2,0.1307149208712861
642,4,19,True,13,2.3243340000000003,0,1237662662678151239;1237662662678151198;1237662224623141115,1237662662678151198;1237662662678151239;1237662224623141115,False,False,0,0.22754771219457748
643,4,19,True,6,4.952195,2,1237657874868535396;1237658205573873789;1237657874868535323,1237657874868535396;1237658205573808387;1237657874868535397,True,True,3,0.333575183191523
689,4,18,True,6,4.442361999999999,3,1237648702977409215;1237648702977409073;1237655495981990086,1237655499740348566;1237655495981793534;1237655495981924560,True,True,3,0.6250570252400927
691,4,18,True,9,3.705885000000002,1,1237657873254907919;1237657873254908052;1237657873254842442,1237657873254908052;1237657873254907919;1237657873254908123,True,True,3,0.1369727233695901
693,4,18,True,11,2.8429059999999993,0,1237661137958666322;1237661383311098033;1237661383311032451,1237661137958666322;1237661383311098033;1237661383311032451,False,False,0,0.5265396590615126
697,4,18,True,8,4.878595000000001,3,1237665227848744967;1237665227848745076;1237665330395349055,1237665330932285522;1237665227848613941;1237665227848548548,True,True,5,0.3907560195810298
699,4,18,True,8,3.6088060000000013,2,1237668670253170836;1237651249881939975;1237668670253170717,1237668670253170836;1237651249881940093;1237668670253105334,True,True,2,0.20462628947577155
704,4,18,True,8,4.102238999999997,2,1237671931745992750;1237671931745992749;1237671931745927249,1237671931745992750;1237671931745992895;1237658493346250925,True,True,3,0.3175007091607611
705,4,18,True,12,4.242224,1,1237668310555033802;1237668310555033870;1237668310554968131,1237668310555033802;1237668310555033870;1237668310555034028,True,True,1,0.21645478952550334
708,4,18,True,10,1.6793440000000004,0,1237664338253119520;1237664819285393504;1237664338253119518,1237664819285393504;1237664338253119518;1237664338253119520,False,False,0,0.09828671808855516
711,4,18,True,11,3.560387000000002,1,1237659133289693297;1237659133289693298;1237659161199771728,1237659133289693297;1237659133289693298;1237659133289693476,True,True,1,0.18923191852042365
712,4,18,True,9,3.963549999999998,2,1237668367999172836;1237665565545202013;1237665566082072859,1237668367999172836;1237668367999173066;1237668367999238256,True,True,3,0.26890710055206846
713,4,18,True,9,3.1451290000000007,2,1237662642270896477;1237662642270896472;1237662642270896262,1237662642270896477;1237661463307879016;1237661463307944172,True,True,5,0.3247011004068794
714,4,18,True,9,3.8417369999999984,1,1237654030863892655;1237654030863892624;1237654030863826964,1237654030863892655;1237654030863892624;1237654030863827347,True,True,2,0.32230720068310426
715,4,18,True,8,3.1440899999999985,1,1237667211048583184;1237667211048583275;1237667211048583252,1237667211048583184;1237667211048583275;1237667253461254254,True,True,2,0.4777150321169561
716,4,18,True,10,2.9239479999999993,0,1237663917339771108;1237663917339836556;1237663917339836570,1237663917339771108;1237663917339836570;1237663917339836556,False,False,0,0.11013602093251507
717,4,18,True,10,3.1673950000000026,1,1237667486455300163;1237667486455300164;1237667486455300339,1237667486455300163;1237667486455300164;1237667486455300167,True,True,1,0.07254183242890222
718,4,18,True,10,3.268263000000001,1,1237651496830501304;1237651496830501270;1237651496830501214,1237651496830501270;1237651496830501304;1237651273492791704,True,True,5,0.2152079884345559
722,4,18,True,10,3.656409,1,1237663918414758364;1237663918414823576;1237663918414758193,1237663918414823576;1237663918414758364;1237663918414758293,True,True,1,0.21128670359618873
724,4,18,True,5,4.540661,3,1237665329314398323;1237665225693921343;1237665328777592916,1237665329314529333;1237665225693790314;1237665225693855918,True,True,8,0.2884436504625647
725,4,18,True,8,3.179109999999998,2,1237664814988263474;1237664814988263447;1237664814988263512,1237664814988263474;1237664814988263498;1237664814988329173,True,True,2,0.31729528806188867
726,4,18,True,8,3.607082000000002,1,1237654601571106889;1237654601571041490;1237654601571041343,1237654601571106889;1237654601571041490;1237654601571041486,True,True,1,0.15085171576454792
727,4,18,True,12,2.233172999999997,0,1237662264319279389;1237662264319279213;1237662264319279400,1237662264319279213;1237662264319279400;1237662264319279389,False,False,0,0.1265113243715148
774,4,17,True,8,3.75732,3,1237674649384124576;1237648720686153850;1237648720149217569,1237674649384124543;1237674649384124606;1237674649384059076,True,True,3,0.3115005119856429
780,4,17,True,9,3.0496409999999976,1,1237667210504896684;1237667210504897126;1237667210504896599,1237667210504896684;1237667210504897126;1237667210504896943,True,True,3,0.22622405484640673
784,4,17,True,11,3.547371000000002,1,1237665329323376833;1237665329323311234;1237665329323311205,1237665329323376833;1237665329323311234;1237665329323376878,True,True,2,0.3810790599322509
786,4,17,True,9,3.8702989999999993,2,1237667781239636222;1237667781239701680;1237667733987524662,1237667781239636222;1237667781239636278;1237667781239636094,True,True,4,0.2730812945376808
788,4,17,True,10,3.4426370000000013,2,1237667254008807579;1237667211596136520;1237667254008873043,1237667254008807579;1237667254008807460;1237667254008807543,True,True,4,0.2785195843235728
789,4,17,True,9,3.525164,1,1237662263783522502;1237662263783522538;1237662237482942641,1237662263783522502;1237662263783522538;1237662263783457059,True,True,4,0.14965044451294007
790,4,17,True,9,3.4565780000000004,1,1237660670888902772;1237660670888902789;1237661065489612923,1237660670888902789;1237660670888902772;1237660670888837322,True,True,2,0.18906755727424063
793,4,17,True,7,3.811609999999998,1,1237662662681559448;1237662225163420013;1237662662681624832,1237662225163420013;1237662662681559448;1237662662681559185,True,True,1,0.34616381246837413
795,4,17,True,10,3.655211999999999,1,1237655501884293573;1237655501884358970;1237655474505580845,1237655501884293573;1237655501884358970;1237655501884293516,True,True,2,0.16925503530715114
796,4,17,True,10,3.6172199999999997,1,1237670965383790750;1237670965383790831;1237670965383921837,1237670965383790750;1237670965383790831;1237670965383790814,True,True,1,0.38834069420818373
797,4,17,True,8,3.596159,1,1237668586504782055;1237668586504781975;1237668586504847567,1237668586504781975;1237668586504782055;1237668586504847532,True,True,3,0.0907941427343868
798,4,17,True,4,4.656274,1,1237662193461166177;1237662193461231736;1237662193998102638,1237662193461231736;1237662193461166177;1237662193461297250,True,True,1,0.6932023860821896
801,4,17,True,6,3.597594000000001,1,1237665024911998985;1237665024911999138;1237665024911933591,1237665024911998985;1237665024911999138;1237665024911999116,True,True,1,0.215059631092398
802,4,17,True,5,4.450704999999999,2,1237667550347460634;1237667911661191278;1237667550347526220,1237667550347460634;1237667911661256940;1237667911661256718,True,True,6,0.13281208249543708
803,4,17,True,12,3.566314000000002,1,1237655742409801806;1237655742409736258;1237655742409736462,1237655742409736258;1237655742409801806;1237655742409736259,True,True,1,0.660621237899365
804,4,17,True,8,4.017291999999998,2,1237658425165742187;1237658491735048241;1237658491734982745,1237658425165742187;1237671930134790456;1237671930134790392,True,True,2,0.38854027217484877
805,4,17,True,13,2.6273809999999997,0,1237651822173552811;1237651822173552809;1237651822173487316,1237651822173552809;1237651822173487316;1237651822173552811,False,False,0,0.22180474525274452
841,4,16,True,7,3.999575,2,1237667782285787299;1237667735033741365;1237667735033741333,1237667782285787299;1237667734496805239;1237667782285787289,True,True,4,0.6779076296802398
844,4,16,True,10,2.973828000000001,0,1237667550342086697;1237667550342086875;1237667550342086930,1237667550342086930;1237667550342086875;1237667550342086697,False,False,0,0.15332885864267265
847,4,16,True,5,4.562669,2,1237651737930694670;1237654880211173600;1237651737930498465,1237651737930694670;1237651737930629584;1237654880211108384,True,True,9,0.23181264200452922
859,4,16,True,5,3.8210879999999996,2,1237667735577886985;1237667735577886962;1237667735577821313,1237667735577886985;1237667735577886971;1237667735577886776,True,True,6,0.16666522308963305
864,4,16,True,9,3.907063000000001,1,1237648721225646275;1237674650460487907;1237674650460422494,1237674650460487907;1237648721225646275;1237674650460422448,True,True,1,0.18548709602852753
867,4,16,True,9,3.7188890000000008,1,1237667735062577234;1237667782314754241;1237667735062577326,1237667782314754241;1237667735062577234;1237667782314754226,True,True,1,0.32616783505782276
871,4,16,True,11,2.8617929999999987,0,1237667253472329733;1237667253472329842;1237667253472329735,1237667253472329733;1237667253472329842;1237667253472329735,False,False,0,0.1715257414210143
883,4,16,True,9,2.3343520000000026,0,1237655124465484022;1237655124465549363;1237655124465483999,1237655124465483999;1237655124465484022;1237655124465549363,False,False,0,0.10479257313526924
885,4,16,True,10,2.3533490000000015,0,1237665370118291482;1237665331457163322;1237665370118226042,1237665331457163322;1237665370118291482;1237665370118226042,False,False,0,0.17529113984031808
886,4,16,True,8,4.162834,2,1237661355926356096;1237660634386006121;1237660634386137172,1237661355926356096;1237660634386071720;1237660634386071735,True,True,3,0.3507323171908565
887,4,16,True,10,3.6652330000000006,1,1237671123767787710;1237671260669739186;1237671123767787682,1237671260669739186;1237671123767787710;1237671260669673588,True,True,1,0.4477135131054073
888,4,16,True,9,4.043188999999998,2,1237663916801785874;1237663916801786266;1237663916801720625,1237663916801785874;1237663916801785979;1237663916801720747,True,True,3,0.2297658532315605
889,4,16,True,9,1.9953720000000033,0,1237651735234478093;1237651735234478248;1237651752414085200,1237651735234478093;1237651752414085200;1237651735234478248,False,False,0,0.3696575218382794
962,4,15,True,6,4.6655750000000005,2,1237662224077226146;1237662224077422595;1237664854716514359,1237662224077226146;1237662224077226093;1237662224077160787,True,True,4,0.3960700696386166
974,4,15,True,6,3.305769999999999,1,1237667323250933967;1237667430105677981;1237667322713931949,1237667430105677981;1237667323250933967;1237667323250934008,True,True,6,0.2546120726227654
975,4,15,True,11,3.2171470000000006,1,1237662664291582248;1237662664291582317;1237662664291647718,1237662664291582317;1237662664291582248;1237662664291582314,True,True,1,0.24439399928425498
984,4,15,True,5,3.092193999999999,1,1237657878614638621;1237657773924352400;1237657628432007196,1237657878614638621;1237657773924352400;1237657878614638862,True,True,4,0.7599877047376999
985,4,15,True,9,3.1983449999999998,1,1237665548901286143;1237665567692292584;1237665567692226797,1237665567692292584;1237665548901286143;1237665567692292430,True,True,2,0.14205505736269997
988,4,15,True,7,3.6886969999999977,2,1237671124305051901;1237671261206937699;1237671261207003251,1237671124305051901;1237671124304986167;1237671124305051660,True,True,5,0.20198392828723932
993,4,15,True,8,4.284170999999997,2,1237651274035363852;1237663529186623648;1237663546366558454,1237651274035363852;1237651274035364052;1237651274035364002,True,True,4,0.19026566018286317
996,4,15,True,8,3.1481100000000026,2,1237667430096371778;1237667430096371947;1237667292655910960,1237667430096371778;1237667430096371968;1237667430096371963,True,True,3,0.4540192350104135
998,4,15,True,11,3.3745389999999986,2,1237664291548823599;1237664291548823571;1237662530600370324,1237664291548823599;1237664291548823866;1237662530600435716,True,True,2,0.13388025442303286
1001,4,15,True,6,4.769079000000001,2,1237664291011952667;1237662530063564997;1237662530063499615,1237664291011952667;1237664291011952964;1237664291011952678,True,True,3,0.2576414508065197
1004,4,15,True,10,2.8915229999999994,0,1237659330848751703;1237659330848751818;1237659330848751807,1237659330848751703;1237659330848751807;1237659330848751818,False,False,0,0.11115965547638584
1005,4,15,True,13,2.7211700000000008,0,1237665127991279710;1237665127991279712;1237665127991279874,1237665127991279712;1237665127991279874;1237665127991279710,False,False,0,0.10929317060642818
1006,4,15,True,10,3.1707600000000014,1,1237661137419108491;1237661382771474612;1237661382771409253,1237661137419108491;1237661382771474612;1237661137419108471,True,True,1,0.21168655756911647
1007,4,15,True,8,3.7659710000000004,2,1237664092898918570;1237664668424536083;1237664092898918748,1237664092898918570;1237664092898984229;1237664092898984197,True,True,3,0.20717099519181126
1088,4,14,True,4,3.7409849999999985,3,1237658919069548563;1237658803114475756;1237658803114475562,1237658919069548778;1237658919069614102;1237658803114541156,True,True,7,0.5265852905532604
1090,4,14,True,4,4.4763069999999985,3,1237665532785066003;1237665532785066002;1237665532785066181,1237665550499315852;1237665550499315867;1237665532785066353,True,True,6,0.3916109949027149
1093,4,14,True,5,4.7457100000000025,2,1237667254552690986;1237667254552690963;1237667254552625190,1237667254552690986;1237667254552690942;1237667254552690713,True,True,4,0.1316437849467733
1104,4,14,True,7,4.709671,1,1237663547981103123;1237663531337973846;1237663530801168520,1237663531337973846;1237663547981103123;1237663530801168570,True,True,1,0.7456335508094618
1109,4,14,True,5,4.8780719999999995,1,1237667536938139658;1237667549269721194;1237667537475010658,1237667549269721194;1237667536938139658;1237667549269786810,True,True,1,0.763235421047689
1110,4,14,True,8,4.036924000000003,2,1237662619189575826;1237662640121577756;1237662307274653752,1237662619189575826;1237662640121577750;1237662640121643169,True,True,2,0.619502510606063
1118,4,14,True,9,2.2718339999999984,0,1237651272431829138;1237651538169823387;1237651272431829116,1237651272431829116;1237651538169823387;1237651272431829138,False,False,0,0.1834137603433348
1122,4,14,True,8,3.645068000000002,1,1237651736314773622;1237651736314839047;1237651736314773859,1237651736314839047;1237651736314773622;1237651736314773862,True,True,2,0.16184267946269504
1124,4,14,True,8,4.142721999999999,1,1237651823249522870;1237651823249457410;1237654880740638942,1237651823249522870;1237651823249457410;1237651823249457545,True,True,1,0.7311742336894476
1131,4,14,True,8,1.6387539999999987,0,1237671931209318579;1237671931209318493;1237671931209318606,1237671931209318493;1237671931209318579;1237671931209318606,False,False,0,0.22738659054826904
1132,4,14,True,13,2.8679050000000004,0,1237654028714967128;1237654028714967239;1237654028715032625,1237654028715032625;1237654028714967239;1237654028714967128,False,False,0,0.17359127295803356
1133,4,14,True,10,3.053052000000001,1,1237665429171798248;1237665429171863665;1237665429171798182,1237665429171798248;1237665429171863665;1237665429171798222,True,True,1,0.1759286030177365
1134,4,14,True,6,4.277379,1,1237663916268257468;1237663916268257450;1237663786883940513,1237663916268257450;1237663916268257468;1237663916268257523,True,True,6,0.18785860243894792
1142,4,14,True,10,3.184037,1,1237665548363956318;1237665548363956244;1237665548363956543,1237665548363956318;1237665548363956244;1237665548363956242,True,True,1,0.14382921928225745
1143,4,14,True,6,4.095116999999998,2,1237657595152433227;1237657595152433341;1237657595689304281,1237657595152433227;1237657608573944082;1237657608573878566,True,True,2,0.3866608415615467
1145,4,14,True,12,3.2082750000000004,1,1237651274036871310;1237651274036871311;1237651274036871362,1237651274036871311;1237651274036871310;1237651274036871313,True,True,1,0.11903452226115219
1259,4,13,True,4,3.1169360000000026,1,1237658917459918989;1237658802041716895;1237658802041651318,1237658917459918989;1237658802041716895;1237658917459919118,True,True,2,0.522061806555719
1264,4,13,True,7,3.1234800000000007,1,1237661068181766366;1237661951320588310;1237661068181766380,1237661068181766366;1237661951320588310;1237661068181766419,True,True,1,0.23408743097940743
1265,4,13,True,6,3.7272469999999984,2,1237665441523630105;1237665441523499143;1237665428634402842,1237665441523630105;1237665441523630238;1237665441523564692,True,True,5,0.15937680375072638
1266,4,13,True,5,4.1264530000000015,1,1237661068714442879;1237661068714508360;1237661068714508526,1237661068714508360;1237661068714442879;1237661068714442832,True,True,4,0.37264448320325183
1270,4,13,True,7,3.5270319999999984,2,1237661137421271216;1237661382236766371;1237661137421271240,1237661137421271216;1237661382236831823;1237661382236766329,True,True,2,0.1929153538417765
1272,4,13,True,4,4.559200000000001,2,1237667914345611509;1237667914345742360;1237668297129328675,1237667914345611509;1237667914345677057;1237667914345676811,True,True,5,0.1795025683081879
1274,4,13,True,6,3.7759810000000016,2,1237668496310665432;1237668496310665312;1237668496310730776,1237668496310665432;1237668496310665393;1237668496310665266,True,True,3,0.1243177360828236
1275,4,13,True,7,3.630500999999999,1,1237662224066347142;1237664667907588102;1237664667370651768,1237662224066347142;1237664667907588102;1237662224066347095,True,True,2,0.5233312723362147
1278,4,13,True,5,4.198886999999999,2,1237665024372572310;1237665128011464838;1237665128011399283,1237665024372572310;1237665024372637853;1237665024372572559,True,True,3,0.25256265954566626
1282,4,13,True,7,3.105266999999998,1,1237660636533031076;1237661358610186319;1237660635996160210,1237661358610186319;1237660636533031076;1237661358610186451,True,True,1,0.5904562840086172
1283,4,13,True,4,3.0191300000000005,2,1237667209987883063;1237667431717732380;1237667209987948561,1237667209987883063;1237667209987883156;1237667431717732432,True,True,7,0.39388313181556
1286,4,13,True,10,2.6215979999999988,0,1237664289399439485;1237664289399439496;1237664289399374060,1237664289399439496;1237664289399374060;1237664289399439485,False,False,0,0.21130489194612068
1289,4,13,True,8,3.6815239999999996,1,1237662264859557988;1237662264859623727;1237662198284157109,1237662264859557988;1237662264859623727;1237662264859558141,True,True,2,0.519319338886179
1295,4,13,True,4,4.700945000000001,2,1237661356464865319;1237661356464799823;1237661356464799824,1237661356464865319;1237661356464930876;1237661356464865327,True,True,3,0.1113602649295311
1296,4,13,True,6,3.5317810000000023,1,1237661139030900756;1237661139030900758;1237661139030835274,1237661139030900758;1237661139030900756;1237661139030900761,True,True,2,0.07608268405067031
1297,4,13,True,7,3.5548980000000014,1,1237659325492560003;1237659325492560241;1237659329778483267,1237659325492560003;1237659325492560241;1237659325492559893,True,True,1,0.23143990992131336
1298,4,13,True,10,3.1200670000000024,1,1237662698108878900;1237662698108879110;1237662698108813692,1237662698108878900;1237662698108879110;1237662698108944649,True,True,1,0.38846439443734226
1300,4,13,True,4,4.041934000000001,1,1237648705115848766;1237648705115848927;1237648722307842148,1237648705115848766;1237648705115848927;1237648705115914321,True,True,1,0.22798997596408732
1301,4,13,True,12,1.4290780000000005,0,1237661849862340734;1237661849862340742;1237661849862340735,1237661849862340734;1237661849862340735;1237661849862340742,False,False,0,0.07020673800172705
1302,4,13,True,5,4.886686000000001,2,1237659132751642639;1237659132751577202;1237659132751577262,1237659132751642639;1237659132751642830;1237659132751642884,True,True,3,0.4408992268436265
1404,4,12,True,4,4.065669,2,1237665566618616105;1237665566618681710;1237665566618616242,1237665566618616105;1237668336860856781;1237668336860922173,True,True,2,0.28924719814526867
1436,4,12,True,5,3.1770749999999985,1,1237662224596926532;1237662224596926575;1237664668438102203,1237662224596926575;1237662224596926532;1237662224596861027,True,True,2,0.2558258549060275
1437,4,12,True,8,2.122270999999998,0,1237662237478158404;1237662263778672812;1237662263778803812,1237662263778803812;1237662263778672812;1237662237478158404,False,False,0,0.6011343830894038
1443,4,12,True,8,3.1154759999999975,1,1237661386013147356;1237661386013147302;1237661386013147569,1237661386013147302;1237661386013147356;1237661386013148102,True,True,1,0.17474457478012262
1447,4,12,True,6,3.460829999999998,2,1237665548350193740;1237665531172683959;1237667448886526055,1237665548350193740;1237665531172684128;1237665548350128354,True,True,3,0.696183798564503
1451,4,12,True,3,3.887525,2,1237662195056640151;1237661967423373381;1237661967423111358,1237662195056640151;1237662195056640213;1237662195056640217,True,True,8,0.3148406897355285
1455,4,12,True,7,3.482353,3,1237664817673994368;1237664817674190926;1237664817674256458,1237664336641720404;1237664817674125413;1237664817674060121,True,True,4,0.47413360019139716
1459,4,12,True,5,4.309736999999998,1,1237658800968761371;1237658916923834489;1237658916923768882,1237658800968761371;1237658916923834489;1237658800968761372,True,True,3,0.4807477759345886
1460,4,12,True,7,2.6370499999999986,0,1237659161201803332;1237659161201803605;1237659161201803476,1237659161201803476;1237659161201803332;1237659161201803605,False,False,0,0.17816539861512704
1464,4,12,True,6,3.107137999999999,1,1237651272425734160;1237651272425668786;1237651272425668776,1237651272425668786;1237651272425734160;1237651272425668773,True,True,1,0.17102996394152603
1466,4,12,True,7,3.650276999999999,1,1237655742946672966;1237655742946672967;1237655742946673042,1237655742946672967;1237655742946672966;1237655742946672939,True,True,2,0.14550558009332537
1472,4,12,True,4,4.273243000000001,2,1237667911124582565;1237667549810720966;1237667911124516982,1237667911124582565;1237667911124648059;1237667549810851923,True,True,3,0.43347350690106445
1475,4,12,True,10,2.9588539999999988,0,1237655469135692305;1237655469135692013;1237655469135626467,1237655469135692013;1237655469135626467;1237655469135692305,False,False,0,0.5026352276282644
1480,4,12,True,10,1.987283999999999,0,1237665127453753406;1237665127453753512;1237665127453753414,1237665127453753414;1237665127453753512;1237665127453753406,False,False,0,0.09712632829601464
1482,4,12,True,6,3.9111309999999975,3,1237667912203894825;1237667912203829259;1237667912740634801,1237667912740700167;1237667448340414589;1237667912203894964,True,True,3,0.5387146195001193
1483,4,12,True,7,2.1596480000000007,0,1237661852006678622;1237661874014650453;1237661874014584855,1237661874014650453;1237661852006678622;1237661874014584855,False,False,0,0.36961608849291316
1484,4,12,True,7,3.4667589999999997,1,1237658205595107580;1237658205595107573;1237658205595041980,1237658205595107573;1237658205595107580;1237658205595172972,True,True,2,0.24950071388549144
1485,4,12,True,7,3.4964350000000017,1,1237662194000461972;1237662306190295191;1237662306190295221,1237662194000461972;1237662306190295191;1237662194000461961,True,True,1,0.20187968860946448
1486,4,12,True,7,3.7586000000000013,1,1237674602676289706;1237674602676289826;1237664814452244710,1237674602676289706;1237674602676289826;1237674602676289817,True,True,2,0.22594633502699146
1488,4,12,True,4,3.7775299999999987,1,1237648721757929562;1237651801774358588;1237648721757929485,1237648721757929562;1237651801774358588;1237654670812774549,True,True,4,0.39910802646909715
1490,4,12,True,5,3.9287799999999997,3,1237657606426722476;1237657606426787999;1237657606426591432,1237657606426722320;1237657606426722502;1237657606426722566,True,True,4,0.2132613113751951
1492,4,12,True,9,2.368122999999997,0,1237665372258828633;1237665372258828656;1237665372258828586,1237665372258828633;1237665372258828656;1237665372258828586,False,False,0,0.0999941502614794
1494,4,12,True,9,2.4234839999999984,0,1237655123940606220;1237655123940606209;1237654879118229530,1237654879118229530;1237655123940606220;1237655123940606209,False,False,0,0.2309282628695879
1496,4,12,True,4,3.7092199999999984,3,1237663787417469125;1237663916801851543;1237663787417600310,1237663916801786116;1237663916801785876;1237663916801786003,True,True,6,0.2839146108990871
1497,4,12,True,9,3.0209360000000025,1,1237660671429967979;1237661950780047494;1237660671429968008,1237660671429967979;1237661950780047494;1237660671429902494,True,True,1,0.18518316213434893
1498,4,12,True,7,4.419312999999999,1,1237665129087565862;1237665129087565950;1237665129087631503,1237665129087565862;1237665129087565950;1237665025985544468,True,True,1,0.448961705949408
1499,4,12,True,8,2.712389999999999,0,1237667782270583073;1237667782270648848;1237667782270583070,1237667782270583070;1237667782270583073;1237667782270648848,False,False,0,0.48667318283482075
1599,4,11,True,6,3.2288749999999986,1,1237654391639441458;1237653589017362552;1237654391639507212,1237653589017362552;1237654391639441458;1237653589017428333,True,True,1,0.48862056282131405
1600,4,11,True,6,3.603853000000001,1,1237661381704024169;1237661381704089681;1237661381703958722,1237661381704024169;1237661381704089681;1237661381704089747,True,True,1,0.6584166790623005
1616,4,11,True,6,3.124914999999998,1,1237654383585394820;1237654383585329365;1237654391644618891,1237654383585329365;1237654383585394820;1237654383585394824,True,True,3,0.11916394006972642
1619,4,11,True,4,3.639794000000002,2,1237659326026547606;1237659330312536341;1237659330849276115,1237659326026547606;1237659326026547571;1237659326026612899,True,True,4,0.14189735242778578
1659,4,11,True,3,3.9337579999999974,2,1237668624622157845;1237668624622092360;1237668624621961294,1237668624622157845;1237668590796013675;1237668590795882794,True,True,6,0.8929210300426433
1664,4,11,True,7,2.532990999999999,0,1237655370904764505;1237655465385459816;1237655465385394461,1237655465385394461;1237655370904764505;1237655465385459816,False,False,0,0.13508790089138145
1670,4,11,True,3,4.49316,3,1237662698640441555;1237662698640506996;1237664854183313713,1237662223543828729;1237662223543828767;1237662223543828777,True,True,6,0.36195879886144855
1678,4,11,True,4,3.0008359999999996,1,1237668336324706372;1237665566082400802;1237668336861511907,1237665566082400802;1237668336324706372;1237668367999566124,True,True,1,0.5664617601726842
1698,4,11,True,4,3.6827770000000015,2,1237663786885906495;1237663916270158057;1237663786885906868,1237663786885906495;1237663786885906815;1237663786885906819,True,True,5,0.16731521493973478
1701,4,11,True,7,3.4947519999999983,2,1237661949719478403;1237661949719478306;1237661949719478394,1237661949719478403;1237661949719478450;1237661949719478408,True,True,2,0.06010991965858592
1714,4,11,True,4,3.9030179999999994,1,1237661070324858895;1237661070324858902;1237661070324858899,1237661070324858895;1237661070324858902;1237661070324859093,True,True,1,0.09296991156497691
1716,4,11,True,7,2.870214999999998,0,1237667430641697017;1237667430641696794;1237667430641697079,1237667430641696794;1237667430641697079;1237667430641697017,False,False,0,0.17574593460457377
1718,4,11,True,3,4.268318000000001,2,1237661950254448669;1237661813348434037;1237661812811563096,1237661950254448669;1237661813348499542;1237661950254448838,True,True,7,0.10326542714855957
1719,4,11,True,4,3.7932260000000007,2,1237648721792729305;1237648704600670761;1237648721792729473,1237648721792729305;1237648704600736187;1237648704600736249,True,True,3,0.3532616832702793
1722,4,11,True,7,3.8070899999999988,1,1237665567154962520;1237665530649706709;1237665567155028247,1237665567154962520;1237665530649706709;1237665530649641419,True,True,1,0.2694183851377234
1729,4,11,True,7,3.6706499999999984,2,1237662239091917063;1237662239091982527;1237662239091916865,1237662239091917063;1237662264855625948;1237662239091917149,True,True,2,0.1907578111572601
1731,4,11,True,5,3.755427000000001,2,1237667783903346812;1237667783903346858;1237667783903281233,1237667783903346812;1237667783903281245;1237667783903346874,True,True,3,0.22993351528388128
1732,4,11,True,6,3.4846090000000025,1,1237667736128847908;1237667736128913415;1237667736128782467,1237667736128913415;1237667736128847908;1237667736128848169,True,True,1,0.3158488717857155
1733,4,11,True,4,3.1456909999999993,1,1237661418750279810;1237661418750279849;1237661388679348337,1237661418750279810;1237661418750279849;1237661388679282807,True,True,1,0.2285639815939371
1737,4,11,True,10,2.9307209999999984,0,1237661949711220893;1237661949711220837;1237661949711220877,1237661949711220877;1237661949711220893;1237661949711220837,False,False,0,0.14618424160756804
1739,4,11,True,5,3.477998000000003,2,1237655473429741825;1237665355086757968;1237655348358021297,1237655473429741825;1237655473429741698;1237655473429741920,True,True,4,0.17802148746609836
1740,4,11,True,8,3.3204369999999983,1,1237667430105022513;1237667430105022648;1237667430105022483,1237667430105022513;1237667430105022648;1237667430105022659,True,True,1,0.13532329593850534
1743,4,11,True,6,3.540218000000003,1,1237654652561653886;1237654652561654051;1237654652561588590,1237654652561653886;1237654652561654051;1237654627326820529,True,True,2,0.19939920615303386
1744,4,11,True,5,4.093298999999998,1,1237655471822209115;1237659326567678032;1237655471822209218,1237655471822209115;1237659326567678032;1237659326567612969,True,True,1,0.3297750690003429
1746,4,11,True,6,4.279021999999998,1,1237668349214785655;1237668349214785881;1237668331493916905,1237668349214785655;1237668349214785881;1237668349214785846,True,True,3,0.17220894196849867
1747,4,11,True,10,2.8840400000000024,0,1237655743482757360;1237655743482691805;1237655743482757400,1237655743482691805;1237655743482757360;1237655743482757400,False,False,0,0.26751542305723675
1749,4,11,True,8,3.3168870000000013,1,1237662531137568924;1237662531137568918;1237662531137634375,1237662531137568924;1237662531137568918;1237662531137569039,True,True,1,0.20755784571541902
1750,4,11,True,7,4.409779,1,1237662303514591245;1237662303514656781;1237662501076467812,1237662303514591245;1237662303514656781;1237662303514591339,True,True,1,0.724549693189795
1751,4,11,True,7,3.510257000000003,2,1237661873481318442;1237661873481318536;1237661873481384179,1237661873481318442;1237661851473412245;1237661873481318601,True,True,3,0.23863486385074495
1753,4,11,True,6,3.087135,1,1237658802572099607;1237657590857400524;1237657590857531471,1237658802572099607;1237657590857400524;1237658802572099593,True,True,1,0.4339062796630415
1754,4,11,True,6,3.2225810000000017,1,1237655503498314153;1237655129844416636;1237655503498248707,1237655129844416636;1237655503498314153;1237655503498248772,True,True,2,0.1833084285206823
1756,4,11,True,9,2.1937770000000008,0,1237667782850052121;1237667782850052122;1237667782850052123,1237667782850052121;1237667782850052122;1237667782850052123,False,False,0,0.03925339758715407
1757,4,11,True,8,3.7650369999999995,1,1237667293188718744;1237667293188718767;1237667293188653149,1237667293188718744;1237667293188718767;1237667293188653373,True,True,1,0.24226073139369397
1758,4,11,True,10,2.2500600000000013,0,1237663915730272292;1237663915730272304;1237663915730272609,1237663915730272292;1237663915730272609;1237663915730272304,False,False,0,0.2330683590452578
1759,4,11,True,10,2.793578,0,1237665532260581636;1237665549437960610;1237665549437960502,1237665549437960610;1237665532260581636;1237665549437960502,False,False,0,0.24679444650368865
1939,4,10,True,5,4.064705,2,1237657220414308480;1237657220414308395;1237657611263475859,1237657220414308480;1237657220414308640;1237657220414308394,True,True,2,0.295341843974283
1948,4,10,True,6,3.8447679999999984,2,1237662341090312387;1237662665889939764;1237662306740601080,1237662341090312387;1237662306740601137;1237662306740601151,True,True,3,0.46929605135625074
1949,4,10,True,6,3.1249709999999986,1,1237661357535461544;1237660635995242604;1237660635995308152,1237660635995242604;1237661357535461544;1237660635995242518,True,True,1,0.47757139864902953
1953,4,10,True,7,2.7719829999999988,0,1237667536398909508;1237667536398975190;1237667536398909593,1237667536398909508;1237667536398975190;1237667536398909593,False,False,0,0.4863407465897591
1954,4,10,True,7,3.416521999999997,1,1237667734497722567;1237667734497722543;1237667782286704806,1237667734497722543;1237667734497722567;1237667734497722516,True,True,2,0.2199030216874478
1977,4,10,True,3,3.3203069999999997,3,1237651190815719626;1237651190815719612;1237651190815719555,1237673705043198072;1237673705043263631;1237654392177885470,True,True,3,0.21721709383863885
1996,4,10,True,7,3.9590010000000007,1,1237655369826697452;1237655464844198086;1237655464844263595,1237655369826697452;1237655464844198086;1237655464844198145,True,True,2,0.16174364943292963
2009,4,10,True,5,3.8286499999999997,1,1237664668981264486;1237662225140088946;1237664668981330034,1237664668981264486;1237662225140088946;1237662225140088947,True,True,1,0.13469026307842347
2018,4,10,True,5,1.6657880000000027,0,1237654391103553879;1237654391103619286;1237654391103553687,1237654391103553687;1237654391103619286;1237654391103553879,False,False,0,0.16469984301030216
2021,4,10,True,6,3.5260950000000015,1,1237661874027102311;1237661852019196066;1237661852019261469,1237661874027102311;1237661852019196066;1237661874027102515,True,True,1,0.3589153112385244
2025,4,10,True,7,1.9008199999999995,0,1237671260671443273;1237671260671443267;1237671260671443213,1237671260671443267;1237671260671443213;1237671260671443273,False,False,0,0.20846056377281208
2038,4,10,True,6,2.6346559999999997,0,1237659326018355471;1237659326018355451;1237659149921091774,1237659326018355451;1237659326018355471;1237659149921091774,False,False,0,0.4053024529007434
2039,4,10,True,8,3.278772,1,1237662267539980658;1237662267539980622;1237662267539980522,1237662267539980622;1237662267539980658;1237662267539980686,True,True,1,0.16676967271835919
2041,4,10,True,5,2.192608,0,1237668293376016459;1237668293375951070;1237668293375951157,1237668293375951070;1237668293375951157;1237668293376016459,False,False,0,0.15686564369605316
2051,4,10,True,5,2.624725999999999,0,1237655473432101295;1237655374647918862;1237655374647918701,1237655473432101295;1237655374647918701;1237655374647918862,False,False,0,0.43861014999949255
2052,4,10,True,8,3.439577,1,1237667142330548459;1237667142330548370;1237667142330548469,1237667142330548370;1237667142330548459;1237667142330548478,True,True,1,0.10552697796999277
2055,4,10,True,6,2.4549400000000006,0,1237651272962211932;1237651272962212132;1237651272962277451,1237651272962211932;1237651272962212132;1237651272962277451,False,False,0,0.18174167086332194
2057,4,10,True,8,3.167517,1,1237657242433028261;1237657242433093724;1237657242433028277,1237657242433028261;1237657242433093724;1237657242432962648,True,True,1,0.2909012474771684
2064,4,10,True,6,3.474549999999997,2,1237662264862376025;1237662264862441723;1237662264862376390,1237662264862376025;1237662238561927408;1237662264862376472,True,True,2,0.34349387989139313
2065,4,10,True,6,3.2885990000000014,1,1237658491204665407;1237658491204730988;1237658491204665353,1237658491204665407;1237658491204730988;1237658491204665589,True,True,1,0.2366652609210158
2067,4,10,True,6,4.257522999999999,1,1237659161195249691;1237661385998401730;1237659161195249868,1237661385998401730;1237659161195249691;1237659161195315318,True,True,1,0.25514426379439215
2068,4,10,True,4,3.8192549999999983,2,1237660343935041725;1237660343934976007;1237660635989737560,1237660343935041725;1237660343935041749;1237660635452932250,True,True,3,0.5855534651203449
2070,4,10,True,7,3.3230070000000005,1,1237667112257650761;1237667141792170057;1237667112257716415,1237667112257650761;1237667141792170057;1237667112257650998,True,True,1,0.09435758537658923
2071,4,10,True,8,2.309256999999999,0,1237665026510946313;1237665026510880997;1237665026510881018,1237665026510946313;1237665026510881018;1237665026510880997,False,False,0,0.15310190788130473
2072,4,10,True,5,3.838349000000001,1,1237658800431104162;1237662303503974501;1237662303503909059,1237662303503974501;1237658800431104162;1237658800431104018,True,True,1,0.07814886502177631
2073,4,10,True,7,2.240407000000001,0,1237668293906530412;1237668293906464988;1237668293906464929,1237668293906530412;1237668293906464929;1237668293906464988,False,False,0,0.3884163311943567
2074,4,10,True,8,2.373495000000002,0,1237651250439979263;1237651250439979264;1237655128762810629,1237651250439979263;1237655128762810629;1237651250439979264,False,False,0,0.26575343576684674
2077,4,10,True,8,3.1936040000000006,1,1237665442070528252;1237665442070593666;1237665442070593542,1237665442070593666;1237665442070528252;1237665429181366769,True,True,1,0.24835382918414517
2078,4,10,True,8,3.2978650000000016,1,1237667429568086156;1237667429568086113;1237667429568086121,1237667429568086113;1237667429568086156;1237667429568086039,True,True,1,0.15509920742252525
2079,4,10,True,3,5.414058000000001,1,1237651752919040182;1237651752919040221;1237653664180732221,1237651752919040182;1237651752919040221;1237651752919105866,True,True,2,0.4491068029246019
2080,4,10,True,7,3.586354,1,1237661958300238043;1237661958300238036;1237661958300238168,1237661958300238036;1237661958300238043;1237661958300238148,True,True,1,0.0917100607130763
2081,4,10,True,4,4.298145999999999,1,1237665024374865968;1237665024374866095;1237665024375062540,1237665024374866095;1237665024374865968;1237665024374866361,True,True,3,0.379393436633217
2083,4,10,True,5,3.7415309999999984,3,1237664131554541775;1237661069789561066;1237661069789561112,1237664131554541772;1237661069789495637;1237664131554541838,True,True,4,0.29472550633821726
2084,4,10,True,8,2.619009000000002,0,1237654604776472776;1237654604776472806;1237654604776472790,1237654604776472806;1237654604776472790;1237654604776472776,False,False,0,0.15653359311476356
2086,4,10,True,4,3.8821830000000013,2,1237673705578758184;1237673705578758555;1237651272418132006,1237673705578758184;1237651495755841844;1237651495755776364,True,True,5,0.2121294362101267
2088,4,10,True,7,3.6121089999999967,2,1237657400806277320;1237657400806277191;1237657400806342833,1237657400806277320;1237657117875372196;1237657400806342819,True,True,2,0.5992604982489169
2089,4,10,True,6,4.1107119999999995,1,1237660635461779634;1237661357538869384;1237660635461779518,1237661357538869384;1237660635461779634;1237661357538869377,True,True,1,0.2474508520696883
2090,4,10,True,7,3.6513890000000018,1,1237665328771563541;1237667255619354751;1237667255619354715,1237667255619354751;1237665328771563541;1237667255619420399,True,True,1,0.5584730345857647
2091,4,10,True,8,2.7515820000000026,0,1237654879669452848;1237654879669453281;1237654879669453071,1237654879669453071;1237654879669452848;1237654879669453281,False,False,0,0.191043567902482
2093,4,10,True,8,2.5146349999999984,0,1237665549439795426;1237665549439795506;1237665549439795565,1237665549439795506;1237665549439795565;1237665549439795426,False,False,0,0.18754719560734312
2095,4,10,True,6,3.6321420000000018,1,1237662237478682689;1237662237478682633;1237662237478617282,1237662237478682689;1237662237478682633;1237662263779197261,True,True,1,0.6700007075071426
2252,4,9,True,4,4.528920000000003,1,1237651538179850262;1237651538179784880;1237651537642914009,1237651538179850262;1237651538179784880;1237651538179784889,True,True,3,0.2866648851383351
2283,4,9,True,5,3.1391569999999973,1,1237659324953854326;1237659329239777432;1237659324953854292,1237659329239777432;1237659324953854326;1237659324953854249,True,True,1,0.29221686584065676
2306,4,9,True,4,4.624575,1,1237668296601239639;1237668296601174268;1237668496867000461,1237668296601239639;1237668296601174268;1237668296601174326,True,True,4,0.2087517190983439
2318,4,9,True,4,4.674675000000001,2,1237651251486785701;1237651252023722212;1237651252023525473,1237651251486785701;1237651191895752956;1237651191895621706,True,True,2,0.6487491267796823
2345,4,9,True,3,5.578052,1,1237661949178216474;1237661949178216473;1237661811198459942,1237661949178216474;1237661949178216473;1237661949178216581,True,True,5,0.12810640345079705
2355,4,9,True,5,3.9397020000000005,1,1237648721790894241;1237648705135772257;1237648705135837483,1237648721790894241;1237648705135772257;1237648705135772307,True,True,1,0.2504837692495041
2376,4,9,True,4,3.1357040000000005,2,1237659329773633620;1237659325487644730;1237659329773699247,1237659329773633620;1237659329773633829;1237659329773633702,True,True,4,0.10382804790689892
2417,4,9,True,5,3.691444999999998,1,1237662696499380384;1237662696499380362;1237662696499183930,1237662696499380362;1237662696499380384;1237662696499315071,True,True,2,0.3234315936869736
2423,4,9,True,8,1.8115479999999984,0,1237662267537949098;1237662267537949046;1237662267538014312,1237662267538014312;1237662267537949046;1237662267537949098,False,False,0,0.6587063977655632
2435,4,9,True,6,2.5753340000000016,0,1237673809192157411;1237673809192223014;1237674371289907217,1237673809192223014;1237674371289907217;1237673809192157411,False,False,0,0.14662602814297987
2454,4,9,True,6,2.916544000000002,0,1237648721249435833;1237648721249501332;1237648704594313302,1237648721249501332;1237648704594313302;1237648721249435833,False,False,0,0.1942527790129196
2456,4,9,True,4,3.521915,1,1237668349207511108;1237668349207445599;1237668314847051864,1237668349207445599;1237668349207511108;1237668349207511247,True,True,3,0.21511935044905073
2457,4,9,True,4,3.4372469999999993,3,1237654609606148138;1237654609606279302;1237654875361378383,1237654609606148296;1237654609606148159;1237654609606148265,True,True,4,0.3058479235756364
2462,4,9,True,5,4.0496700000000025,2,1237659325491904550;1237665355622187254;1237659325491839305,1237659325491904550;1237665355622121537;1237665355622187428,True,True,2,0.5397818671622687
2471,4,9,True,4,2.7557030000000005,0,1237661124540956928;1237664094510907472;1237661124541087880,1237661124540956928;1237664094510907472;1237661124541087880,False,False,0,0.9233015214390505
2477,4,9,True,7,2.7954570000000025,0,1237655744023691585;1237662267540766897;1237655744023626322,1237662267540766897;1237655744023691585;1237655744023626322,False,False,0,0.21132864716710564
2482,4,9,True,3,4.321777999999998,1,1237665129066070261;1237665098464952456;1237665129066070035,1237665098464952456;1237665129066070261;1237665129066135772,True,True,1,0.2396470481923032
2485,4,9,True,4,3.4123230000000007,2,1237667254005923866;1237667211056382122;1237667211056447529,1237667254005923866;1237667254005923869;1237667254005924101,True,True,4,0.15661442383615976
2489,4,9,True,4,3.618539000000002,1,1237657769628926213;1237657402416758934;1237657606427181201,1237657769628926213;1237657402416758934;1237657606427181311,True,True,1,0.4985802555735095
2491,4,9,True,5,2.557031000000002,0,1237648721754652794;1237651801234210980;1237654670272561322,1237648721754652794;1237654670272561322;1237651801234210980,False,False,0,0.4370496747294883
2494,4,9,True,7,1.7671530000000004,0,1237665228385157138;1237665228385157137;1237665228385157229,1237665228385157137;1237665228385157229;1237665228385157138,False,False,0,0.19227372565474177
2497,4,9,True,3,4.2850649999999995,3,1237664294761594986;1237664294761594907;1237662224612392982,1237664294761529586;1237664294761529674;1237662224612458502,True,True,4,0.1427070783273794
2498,4,9,True,8,2.133980000000001,0,1237658493883711562;1237658493883711660;1237658493883711521,1237658493883711521;1237658493883711562;1237658493883711660,False,False,0,0.4698184561151191
2499,4,9,True,4,3.0848639999999996,1,1237667253995503633;1237667253995503858;1237667211582767354,1237667253995503633;1237667253995503858;1237667253995503820,True,True,1,0.16904441987854169
2500,4,9,True,6,2.450492999999998,0,1237671129667731636;1237658493353656373;1237671129667731700,1237671129667731700;1237671129667731636;1237658493353656373,False,False,0,0.3317412751390476
2501,4,9,True,6,3.6678999999999995,2,1237665531709817003;1237665531709816970;1237665548887195936,1237665531709817003;1237665548887261380;1237665548887261579,True,True,2,0.17849353389375588
2503,4,9,True,3,3.9934970000000014,3,1237667292114845769;1237667429555437726;1237667429555437686,1237667292114911407;1237667429555503396;1237667292114911337,True,True,3,0.607427306136266
2504,4,9,True,6,3.1470490000000026,1,1237662665889611792;1237662665889546707;1237662665889546613,1237662665889546707;1237662665889611792;1237662665889546655,True,True,1,0.23097390465477563
2510,4,9,True,5,3.469125000000002,1,1237665330395152533;1237665330395152577;1237665226774347799,1237665330395152577;1237665330395152533;1237665330395218003,True,True,2,0.5715668091523352
2513,4,9,True,7,2.5306800000000003,0,1237667538550456390;1237667538550456457;1237667538550456486,1237667538550456486;1237667538550456390;1237667538550456457,False,False,0,0.2144202433380853
2514,4,9,True,6,3.428877,1,1237653613184286930;1237654381978124522;1237654381978124528,1237653613184286930;1237654381978124522;1237653613184286876,True,True,2,0.1012433291182746
2519,4,9,True,5,1.5024699999999989,0,1237662641734025606;1237662641734025672;1237662641733960172,1237662641733960172;1237662641734025606;1237662641734025672,False,False,0,0.23681587855334474
2524,4,9,True,7,2.899363000000001,0,1237655743485050967;1237655743485051105;1237655743485051204,1237655743485050967;1237655743485051105;1237655743485051204,False,False,0,0.19182269683074704
2526,4,9,True,6,3.249779,1,1237667781749309505;1237667781749309646;1237667734497198213,1237667781749309505;1237667781749309646;1237667781749244047,True,True,1,0.37459008256947346
2530,4,9,True,7,3.3694489999999995,1,1237657856065994763;1237657856065929302;1237657856065929446,1237657856065929302;1237657856065994763;1237657856065994926,True,True,1,0.205127905648947
2538,4,9,True,5,4.057466999999999,2,1237667324328738997;1237667324328739003;1237667324328673395,1237667324328738997;1237667324328739043;1237667324328739025,True,True,2,0.16935162656120228
2539,4,9,True,6,2.7375870000000013,0,1237651250968199290;1237651250968199390;1237651250968199408,1237651250968199290;1237651250968199408;1237651250968199390,False,False,0,0.0946920619980891
2540,4,9,True,3,4.285004000000001,2,1237665441516421312;1237665441516355626;1237665428627324992,1237665441516421312;1237665441516421403;1237665440979550278,True,True,3,0.7907726946391058
2543,4,9,True,6,1.4907129999999995,0,1237658204514746433;1237658204514811907;1237658204514811929,1237658204514811907;1237658204514746433;1237658204514811929,False,False,0,0.28622065268085795
2547,4,9,True,6,4.086953000000001,1,1237671956981219542;1237671990803562762;1237671956981088440,1237671990803562762;1237671956981219542;1237671990803628152,True,True,1,0.4931782853705968
2548,4,9,True,7,2.9553980000000024,0,1237661416603910488;1237661416603910440;1237661386532978835,1237661386532978835;1237661416603910440;1237661416603910488,False,False,0,0.2115462129826602
2549,4,9,True,3,4.568547000000002,2,1237667549272080652;1237667549272145983;1237667549272014990,1237667549272080652;1237667549272080722;1237667910585876673,True,True,3,0.18705748857102789
2550,4,9,True,6,3.1476369999999996,1,1237667211585650986;1237667211585650886;1237667211585585288,1237667211585650886;1237667211585650986;1237667211585650946,True,True,1,0.24092349640922794
2554,4,9,True,5,2.3608249999999984,0,1237655108902584442;1237654653642932295;1237654653642932418,1237655108902584442;1237654653642932295;1237654653642932418,False,False,0,0.286084799442226
2689,4,8,True,4,3.296239,1,1237671122692407542;1237671122692473127;1237661070858059829,1237671122692407542;1237671122692473127;1237671122692407496,True,True,1,0.37055937361910285
2832,4,8,True,4,2.314387,0,1237665530651083244;1237665566619468087;1237665530650952005,1237665566619468087;1237665530651083244;1237665530650952005,False,False,0,0.7571782810817815
2838,4,8,True,4,3.4780750000000005,1,1237662264320852039;1237662264320917765;1237662197745320335,1237662264320852039;1237662264320917765;1237662264320786697,True,True,2,0.465817790744957
2857,4,8,True,5,3.722455,1,1237665440988463230;1237665440988528754;1237665440988528752,1237665440988463230;1237665440988528754;1237665427562496167,True,True,1,0.13205615454869157
2892,4,8,True,5,3.442291000000001,1,1237651735235919950;1237651735235920177;1237648722857033814,1237651735235919950;1237651735235920177;1237651735235920310,True,True,2,0.15472982491017495
2904,4,8,True,3,4.319293999999999,2,1237665372795502891;1237665372258697307;1237665536003539140,1237665372795502891;1237665372795502845;1237665372795437520,True,True,4,0.2757024665097738
2917,4,8,True,4,3.1575520000000026,1,1237662302989451434;1237662501088199136;1237662501088395735,1237662302989451434;1237662501088199136;1237662302989451826,True,True,3,0.25123002227090474
2959,4,8,True,3,4.094667999999999,2,1237662199895556320;1237662199895687252;1237662199895687423,1237662199895556320;1237662199895556516;1237662199895556398,True,True,4,0.2400816875027587
2975,4,8,True,5,3.1087619999999987,1,1237651496830239120;1237651496830173526;1237651274029465878,1237651496830239120;1237651496830173526;1237651496830239002,True,True,1,0.47289067146975405
2995,4,8,True,5,2.911300999999998,0,1237661210975010820;1237661210974945542;1237661210974945541,1237661210975010820;1237661210974945541;1237661210974945542,False,False,0,0.1286511896296818
2999,4,8,True,4,3.4661299999999997,1,1237661949715808398;1237661949715808406;1237661949715808537,1237661949715808398;1237661949715808406;1237661949715808373,True,True,1,0.20504584942609938
3000,4,8,True,3,5.102855000000002,1,1237667324335882318;1237667324335882422;1237667444586971212,1237667324335882318;1237667324335882422;1237667324335948111,True,True,3,0.42719420982134615
3008,4,8,True,4,3.866661999999998,2,1237667783344586992;1237667731267715534;1237667731267715317,1237667783344586992;1237667731267584194;1237667536920707762,True,True,3,0.4376641834678914
3017,4,8,True,4,2.7055620000000005,0,1237654605856309258;1237654605856243957;1237654602098344230,1237654602098344230;1237654605856309258;1237654605856243957,False,False,0,0.2055170121013008
3018,4,8,True,7,2.9522600000000025,0,1237667735035248725;1237667735035183229;1237667782824231001,1237667735035248725;1237667735035183229;1237667782824231001,False,False,0,0.2391286511764692
3025,4,8,True,4,3.1555099999999996,1,1237648722834686003;1237648722834751727;1237654028715098212,1237648722834686003;1237648722834751727;1237648722834751654,True,True,2,0.5442783056213312
3026,4,8,True,6,3.319025,1,1237668365852148088;1237668365852082663;1237668365852082564,1237668365852082663;1237668365852148088;1237668365852082666,True,True,1,0.2549049453912824
3027,4,8,True,5,3.1708290000000012,1,1237660636001075218;1237661358078165201;1237661358078165070,1237660636001075218;1237661358078165201;1237660636001075212,True,True,1,0.20074958363623985
3030,4,8,True,5,2.998356000000001,0,1237661950802657501;1237661950802722870;1237662199887102065,1237662199887102065;1237661950802657501;1237661950802722870,False,False,0,0.4089865066123366
3034,4,8,True,3,4.297851999999999,2,1237668315919876132;1237668350817468531;1237668315383070773,1237668315919876132;1237668315919941870;1237668315919810825,True,True,2,0.680150779313113
3035,4,8,True,7,2.4555450000000008,0,1237653587944669285;1237653587944734748;1237653587944735007,1237653587944669285;1237653587944734748;1237653587944735007,False,False,0,0.6117494147118325
3040,4,8,True,4,3.155334,1,1237665536542179811;1237665536542245055;1237665101149176029,1237665536542179811;1237665536542245055;1237671691763384702,True,True,3,0.09493588577233636
3043,4,8,True,3,3.4931459999999994,1,1237651714798584020;1237651714261582084;1237654952666595635,1237651714798584020;1237651714261582084;1237654953203531795,True,True,2,0.6193089487038534
3046,4,8,True,5,3.1786150000000006,1,1237665128006680670;1237665024367722528;1237665024367722513,1237665024367722528;1237665128006680670;1237665128006680707,True,True,1,0.38489475038030463
3050,4,8,True,5,3.846387,2,1237670964854784136;1237668288546406511;1237668288546275407,1237670964854784136;1237668288546341027;1237670964854718726,True,True,2,0.6255579037860883
3053,4,8,True,4,3.580686,1,1237655501889994956;1237655473974345996;1237655501889929814,1237655473974345996;1237655501889994956;1237655501889995363,True,True,1,0.31688762503656065
3059,4,8,True,4,3.025428999999999,2,1237667538009850042;1237667538009850089;1237667538546655418,1237667538009850042;1237667538009850037;1237667550878367898,True,True,3,0.2738701364999292
3062,4,8,True,6,3.0320560000000008,1,1237665330921013326;1237665330921078921;1237665330921078839,1237665330921078921;1237665330921013326;1237665330921013420,True,True,1,0.06873978999263808
3067,4,8,True,4,3.8732260000000025,1,1237662225671520364;1237662225671520433;1237662225671454772,1237662225671520364;1237662225671520433;1237664668975825021,True,True,2,0.3841525500362337
3072,4,8,True,5,2.8128339999999987,0,1237655368760098912;1237655368760164476;1237655368760164378,1237655368760164378;1237655368760098912;1237655368760164476,False,False,0,0.3615598099573374
3075,4,8,True,5,2.6017539999999997,0,1237658613596618862;1237658613596618864;1237658613596618841,1237658613596618862;1237658613596618864;1237658613596618841,False,False,0,0.21706729874850073
3085,4,8,True,3,3.7829510000000006,1,1237670450523078792;1237670450523144290;1237667783889190972,1237670450523144290;1237670450523078792;1237667783889256693,True,True,3,0.3002790848842185
3092,4,8,True,5,3.961162999999999,1,1237671767461396524;1237671767461265510;1237671767461265556,1237671767461265510;1237671767461396524;1237671939260219599,True,True,1,0.5679184626751361
3094,4,8,True,4,3.6732370000000003,1,1237671992949342322;1237671992949407904;1237662247130300506,1237671992949342322;1237671992949407904;1237662246593560728,True,True,2,0.824862129146176
3097,4,8,True,5,1.4327440000000031,0,1237661383308083258;1237661383308017837;1237661138492522549,1237661138492522549;1237661383308017837;1237661383308083258,False,False,0,0.4519630395582759
3103,4,7,True,4,3.049073,1,1237657591393157159;1237657591393157322;1237657591393157204,1237657591393157159;1237657591393157322;1237657591393157229,True,True,1,0.1617024065372763
3110,4,8,True,7,2.6379699999999993,0,1237665429705785479;1237665429705785563;1237665429705719871,1237665429705719871;1237665429705785563;1237665429705785479,False,False,0,0.5819785174764576
3113,4,8,True,7,2.5819730000000014,0,1237667550881841386;1237667550881841390;1237667550881841346,1237667550881841386;1237667550881841390;1237667550881841346,False,False,0,0.14445898126177514
3116,4,8,True,4,3.232944,2,1237663546367148079;1237663546367082821;1237663529724084390,1237663546367148079;1237663546367082825;1237663546367148247,True,True,2,0.20037491825328058
3119,4,8,True,4,3.9262240000000013,1,1237662224596271276;1237662224596336711;1237662224596205572,1237662224596336711;1237662224596271276;1237662224596205687,True,True,1,0.48629370958203033
3125,4,8,True,5,2.5633429999999997,0,1237667112793800838;1237667112793801028;1237667112793800968,1237667112793800838;1237667112793801028;1237667112793800968,False,False,0,0.25972604875078975
3126,4,8,True,4,4.6496010000000005,2,1237648721771823351;1237648721771823374;1237648705116766267,1237648721771823351;1237648721771888783;1237648721771888860,True,True,2,0.30749777493886654
3127,4,8,True,5,3.8008440000000014,2,1237668293906268167;1237668293906202788;1237668289085833234,1237668293906268167;1237668289085898953;1237668289085898978,True,True,2,0.2741179778542975
3130,4,8,True,6,3.6184239999999974,1,1237662263248289975;1237662263248290058;1237662263248158975,1237662263248290058;1237662263248289975;1237662263248289950,True,True,1,0.43409043986480356
3131,4,8,True,5,2.530821999999997,0,1237661064952480026;1237661064952545415;1237660669814964240,1237661064952480026;1237660669814964240;1237661064952545415,False,False,0,0.19990456357646558
3133,4,8,True,4,3.448257999999999,1,1237658312943599687;1237655109454266500;1237658312943796369,1237658312943599687;1237655109454266500;1237655108917395624,True,True,3,0.5046816886998293
3135,4,8,True,5,3.1754159999999985,1,1237665328787357712;1237665225703489844;1237665225703555198,1237665328787357712;1237665225703489844;1237665430242132103,True,True,2,0.4481788813708345
3136,4,8,True,3,3.844526000000002,2,1237667550348574796;1237667911662305462;1237667911662370970,1237667550348574796;1237667550348509406;1237667911125500030,True,True,3,0.5000027407352619
3140,4,8,True,6,2.1423099999999984,0,1237657775534637628;1237657630042161415;1237657775534637474,1237657775534637474;1237657630042161415;1237657775534637628,False,False,0,0.44154736350558466
3142,4,8,True,4,4.170269999999999,1,1237665102219903237;1237665102219903152;1237665102219837516,1237665102219903152;1237665102219903237;1237665102219903137,True,True,1,0.39658953758437754
3143,4,8,True,4,3.1384870000000014,1,1237658298999832729;1237658298999832751;1237658298999898164,1237658298999832729;1237658298999832751;1237658298999767181,True,True,1,0.22016408247874164
3147,4,8,True,4,3.884921000000002,2,1237664671644844043;1237665129624043636;1237665129624043700,1237664671644844043;1237665026521956456;1237665026522022091,True,True,2,0.31508022920828704
3150,4,8,True,7,1.1298069999999996,0,1237668271372042278;1237668271372042279;1237668271372042420,1237668271372042420;1237668271372042279;1237668271372042278,False,False,0,0.09305094085865728
3156,4,8,True,7,1.8582850000000022,0,1237662663754645815;1237662663754645873;1237662663754645845,1237662663754645873;1237662663754645815;1237662663754645845,False,False,0,0.34902770378305625
3172,4,8,True,5,3.5494389999999996,2,1237661435921629323;1237661435921563811;1237661149767467017,1237661435921629323;1237661435921629364;1237661149767467361,True,True,2,0.44494349022387425
3476,4,7,True,5,2.0250330000000005,0,1237667539085557915;1237667539085557903;1237667539085623427,1237667539085623427;1237667539085557915;1237667539085557903,False,False,0,0.34632635743110285
3602,4,7,True,3,3.858433999999999,1,1237667782826000453;1237667782289260577;1237667781752324107,1237667782289260577;1237667782826000453;1237667734500147350,True,True,1,1.4207327758432342
3607,4,7,True,3,3.9091089999999973,1,1237665103295611145;1237664852044415211;1237662696501543051,1237664852044415211;1237665103295611145;1237662695964672162,True,True,2,0.7424137376474427
3623,4,7,True,5,2.7673950000000005,0,1237667209986113724;1237667209986179154;1237667252935655564,1237667209986113724;1237667209986179154;1237667252935655564,False,False,0,0.5492043037553476
3649,4,7,True,3,4.894270000000002,2,1237662529524596965;1237664290472919102;1237664290472919101,1237662529524596965;1237664289936113828;1237662529524531403,True,True,2,0.4858929470289617
3664,4,7,True,4,3.1428019999999997,2,1237655465930588299;1237655465930522935;1237655465930522846,1237655465930588299;1237655465930588359;1237655465930522972,True,True,2,0.6276676116626572
3684,4,7,True,4,3.2296709999999997,1,1237659161735856432;1237661386002268342;1237659161736052817,1237659161735856432;1237661386002268342;1237661386539008177,True,True,2,0.7290445895555067
3688,4,7,True,5,3.5287390000000016,1,1237667252936114226;1237667210523508947;1237667210523443238,1237667252936114226;1237667210523508947;1237667252936114322,True,True,1,0.36106202823349154
3718,4,7,True,5,2.989605000000001,0,1237665226239574107;1237665226239508661;1237665329860313106,1237665226239574107;1237665226239508661;1237665329860313106,False,False,0,0.8819236105466466
3730,4,7,True,3,3.9933109999999985,1,1237667211050221621;1237667253462892551;1237667253462892711,1237667211050221621;1237667253462892551;1237667253999763471,True,True,3,1.1128078953901017
3739,4,7,True,6,2.909519000000003,0,1237667781755535478;1237667733966487717;1237667781755601077,1237667781755535478;1237667733966487717;1237667781755601077,False,False,0,0.41908479158075274
3743,4,7,True,3,3.2060790000000026,2,1237661950802133206;1237661950802198690;1237661950802198689,1237661950802133206;1237661950802198667;1237661950802133284,True,True,2,0.2627211803170484
3745,4,7,True,4,3.6265539999999987,1,1237651539782271165;1237651539782336736;1237651539782205662,1237651539782336736;1237651539782271165;1237651274044276901,True,True,2,0.40870290278884625
3754,4,7,True,3,3.1444539999999996,1,1237662238020468888;1237662238020469063;1237662263784112396,1237662238020468888;1237662238020469063;1237662238020469019,True,True,1,0.27797422460898424
3762,4,7,True,4,3.815856,1,1237655465383428182;1237655370902732815;1237655370902732937,1237655370902732815;1237655465383428182;1237655465383362756,True,True,1,0.7111113087990351
3770,4,7,True,4,4.060609000000003,1,1237648705129349141;1237648722321342726;1237648705129480247,1237648705129349141;1237648722321342726;1237648705129349143,True,True,2,0.11027345800733279
3772,4,7,True,3,3.3879790000000014,1,1237654954275373373;1237651715870359850;1237654954275438624,1237654954275373373;1237651715870359850;1237651715870425315,True,True,2,0.16562143625619896
3776,4,7,True,3,3.802517999999999,2,1237654653635920245;1237653586333794636;1237654653635919928,1237654653635920245;1237654653635985783;1237654389492744356,True,True,2,0.4481501965888821
3777,4,7,True,3,3.7117980000000017,1,1237655370364354632;1237655370364223569;1237655370364223561,1237655370364223569;1237655370364354632;1237655370364354568,True,True,1,0.5485775964156208
3779,4,7,True,3,3.291281999999999,2,1237658491749400635;1237662236397535434;1237662236397469828,1237658491749400635;1237662236397469867;1237658491749400804,True,True,3,0.9145409686425339
3789,4,7,True,3,4.526599000000001,1,1237674649388056846;1237674649387991118;1237648720153149538,1237674649387991118;1237674649388056846;1237674649388122399,True,True,2,0.3977385412972314
3826,4,7,True,3,3.378159,1,1237662662135578692;1237662224617439529;1237662224080633907,1237662662135578692;1237662224617439529;1237662662135578875,True,True,1,0.258894054444359
3829,4,7,True,3,3.7344469999999994,1,1237659327103631521;1237655373573980487;1237655472358228205,1237659327103631521;1237655373573980487;1237659327103697164,True,True,1,0.2709373976484022
3849,4,7,True,3,3.5865340000000003,1,1237665128011923585;1237665128011923659;1237665128011989012,1237665128011923659;1237665128011923585;1237665128011858073,True,True,1,0.2922145209551932
3853,4,7,True,3,3.202451,2,1237667253472067776;1237667253472133218;1237667253472198798,1237667253472067776;1237667254008938698;1237667254008938677,True,True,3,0.47045005525614414
3857,4,7,True,6,2.681320000000003,0,1237665128012185846;1237665128012251184;1237665024910164061,1237665128012251184;1237665128012185846;1237665024910164061,False,False,0,0.5562106355791947
3867,4,7,True,6,2.809777999999998,0,1237668332029935842;1237668332029935885;1237668332029935785,1237668332029935885;1237668332029935842;1237668332029935785,False,False,0,0.24482071706184705
3868,4,7,True,4,2.0946619999999996,0,1237667254532046894;1237667254532112625;1237667211582570791,1237667254532046894;1237667211582570791;1237667254532112625,False,False,0,0.6432550002281427
3873,4,7,True,4,3.355657000000001,1,1237664289399636221;1237662528988053660;1237662528988053670,1237664289399636221;1237662528988053660;1237662528988053621,True,True,1,0.2405718476466392
3879,4,7,True,5,1.9986549999999994,0,1237655692479037882;1237655692479037791;1237655692479102982,1237655692479037882;1237655692479102982;1237655692479037791,False,False,0,0.33281900266994935
3895,4,7,True,3,3.8363650000000007,1,1237668311094788500;1237668311094853830;1237668272453582997,1237668311094788500;1237668311094853830;1237668311094788598,True,True,3,0.34695184488573716
3899,4,7,True,3,3.9464989999999993,1,1237665129616900136;1237665025978073097;1237665129617031224,1237665129616900136;1237665025978073097;1237665129616834686,True,True,1,0.8196574945879753
3901,4,7,True,6,2.5306669999999976,0,1237661951327666295;1237661951327666292;1237661951327666286,1237661951327666292;1237661951327666295;1237661951327666286,False,False,0,0.05703915247058755
3906,4,7,True,4,3.420974000000001,1,1237667141792497802;1237667141792497724;1237667141792432266,1237667141792497724;1237667141792497802;1237667141792497831,True,True,2,0.28216384819661666
3917,4,7,True,5,2.4661870000000015,0,1237668367461319004;1237668367461449908;1237668367461384250,1237668367461384250;1237668367461319004;1237668367461449908,False,False,0,0.49137176066147603
3935,4,7,True,4,4.261448999999999,1,1237660634921041978;1237660634921107512;1237661356998262822,1237660634921041978;1237660634921107512;1237661356998131847,True,True,1,0.3865289714852036
3939,4,7,True,3,3.054115999999997,1,1237668297142370419;1237668297142304960;1237668297142304954,1237668297142304960;1237668297142370419;1237668297142370503,True,True,1,0.4206153272788047
3943,4,7,True,3,4.336099000000001,2,1237668590266876172;1237668624629891243;1237668624629891241,1237668590266876172;1237668590266941575;1237668624093085900,True,True,3,0.49955619921891525
3951,4,7,True,5,3.473205,1,1237668310558441523;1237668310558441504;1237668310558376403,1237668310558441504;1237668310558441523;1237668310558376456,True,True,1,0.12842243245252716
3959,4,7,True,5,2.176062999999999,0,1237654601026175095;1237654601026175068;1237654601026175190,1237654601026175068;1237654601026175190;1237654601026175095,False,False,0,0.12471285993597325
3964,4,7,True,4,3.6011999999999986,2,1237663530260299843;1237663546903363732;1237663546903363801,1237663530260299843;1237663530260299984;1237663530260300129,True,True,2,0.22987548319313422
3966,4,7,True,3,3.7194889999999994,1,1237657628446097434;1237657851234025624;1237657851234156610,1237657628446097434;1237657851234025624;1237657628446097527,True,True,1,0.7902474241014268
3977,4,7,True,3,4.059335999999998,2,1237664853105377484;1237664853105377330;1237664853105508500,1237664853105377484;1237664853105377493;1237664853105377520,True,True,2,0.27486754339730624
3978,4,7,True,4,3.396723999999999,2,1237665102756249888;1237665128563343628;1237665102756446380,1237665102756249888;1237665128563277867;1237665128563212507,True,True,2,0.49629471278588966
3980,4,7,True,3,3.953790999999999,3,1237667783382991002;1237667783383187598;1237667783383253177,1237667735594074481;1237667735594074508;1237667735594139717,True,True,3,0.373439480870819
3993,4,7,True,5,3.0714900000000007,1,1237671129130205403;1237671129130270882;1237674598925664381,1237671129130270882;1237671129130205403;1237671129130270869,True,True,1,0.44185989735193054
3994,4,7,True,4,3.5772010000000023,2,1237664854189474090;1237664854189539553;1237662661605064715,1237664854189474090;1237664854189539556;1237664854189539377,True,True,2,0.22071497006183627
3995,4,7,True,5,3.290648000000001,1,1237665025446904003;1237665128548990982;1237665025446903972,1237665128548990982;1237665025446904003;1237665128548925553,True,True,1,0.36977557702567054
3997,4,7,True,3,3.48255,1,1237658203961884821;1237657873793417354;1237658203961884806,1237657873793417354;1237658203961884821;1237658203961884800,True,True,1,0.20836054882337596
4000,4,7,True,6,2.9812410000000007,0,1237648721250615590;1237648704595493353;1237648673987232019,1237648704595493353;1237648673987232019;1237648721250615590,False,False,0,0.3820231603431594
4005,4,7,True,4,4.013116999999998,2,1237671955902693480;1237671955902693479;1237661950260347049,1237671955902693480;1237671955902759138;1237671955902693741,True,True,2,0.5471672951249076
4007,4,7,True,6,2.949413,0,1237654879667552298;1237654879667486952;1237654879667617934,1237654879667617934;1237654879667486952;1237654879667552298,False,False,0,0.31557089998259524
4008,4,7,True,5,2.8988879999999995,0,1237655691940266355;1237655691940331751;1237655691940266337,1237655691940266355;1237655691940331751;1237655691940266337,False,False,0,0.23279260605725494
4010,4,7,True,5,2.6706129999999995,0,1237651250945589513;1237651191354556696;1237651250945589502,1237651250945589502;1237651191354556696;1237651250945589513,False,False,0,0.27740053696116274
4011,4,7,True,5,3.7163249999999977,1,1237658802577080463;1237658802577145864;1237658802577145925,1237658802577080463;1237658802577145864;1237658802577080538,True,True,1,0.4935670671065129
4012,4,7,True,6,2.7870300000000015,0,1237655744020349122;1237655744020349114;1237662268074295517,1237655744020349122;1237662268074295517;1237655744020349114,False,False,0,0.11436790491885462
4013,4,7,True,4,2.024806999999999,0,1237667254526607541;1237667254526608010;1237667254526608028,1237667254526607541;1237667254526608028;1237667254526608010,False,False,0,0.22000661726428028
4016,4,7,True,3,4.197645999999999,1,1237657244046000150;1237657244045934827;1237657632188727350,1237657244046000150;1237657244045934827;1237657591386079510,True,True,2,0.5980560320857258
4023,4,7,True,4,3.445411,1,1237664853653127598;1237664853653127479;1237662697573515596,1237664853653127598;1237664853653127479;1237662697573450061,True,True,1,0.2674267511587711
4026,4,7,True,4,3.1979359999999986,1,1237658491211874420;1237658491211809011;1237662236396814569,1237658491211874420;1237658491211809011;1237658491211874463,True,True,2,0.27858296234135516
4032,4,7,True,4,3.3059860000000008,1,1237667783916847168;1237667783916912820;1237667783916912862,1237667783916912820;1237667783916847168;1237667783916847273,True,True,1,0.1665605034228368
4036,4,7,True,5,3.186236000000001,1,1237665566619271478;1237665566619337116;1237665566619206089,1237665566619337116;1237665566619271478;1237665566619271441,True,True,1,0.4229998849283714
4040,4,7,True,6,2.659762999999998,0,1237665548357075200;1237665548357075183;1237665531179761770,1237665531179761770;1237665548357075183;1237665548357075200,False,False,0,0.27903201780252207
4045,4,7,True,5,3.1127879999999983,1,1237659161197019182;1237659120938516594;1237659161197019293,1237659120938516594;1237659161197019182;1237659161197019306,True,True,1,0.18758486838478738
4047,4,7,True,4,3.223115,1,1237662336261161190;1237662336261226880;1237662336261226927,1237662336261226880;1237662336261161190;1237662336261226785,True,True,2,0.2752869820851789
4051,4,7,True,4,4.197851,1,1237654601570451465;1237654601570451467;1237654601570386085,1237654601570451465;1237654601570451467;1237654601570451607,True,True,1,0.09146628241627908
4060,4,7,True,3,3.8584110000000003,2,1237657595152302415;1237657595152367644;1237657595152367891,1237657595152302415;1237657595152236851;1237657608036941991,True,True,2,0.4257815728822152
4101,4,7,True,3,4.2745180000000005,2,1237667444048658523;1237667324334571534;1237667444048593040,1237667444048658523;1237667444048724303;1237667324334637213,True,True,3,0.8535672929873996
4437,4,6,True,3,3.0144219999999997,1,1237662263252615522;1237662263252615290;1237662263252681154,1237662263252615290;1237662263252615522;1237662263252484120,True,True,1,0.7784047963272549
4499,4,6,True,3,3.894655,1,1237661872403448003;1237661850395476104;1237661850395541514,1237661850395476104;1237661872403448003;1237661872403513469,True,True,1,0.9828370896256224
4653,4,6,True,5,2.7393569999999983,0,1237667253988295147;1237667253988295201;1237667253988229410,1237667253988295147;1237667253988229410;1237667253988295201,False,False,0,0.2794801100912876
4659,4,6,True,3,3.424575000000001,1,1237662268613656968;1237662262714564822;1237662262714695999,1237662262714564822;1237662268613656968;1237662268613656906,True,True,2,0.7147782843465009
4690,4,6,True,3,4.082113,1,1237662696504164651;1237662696504230022;1237665107578782173,1237662696504164651;1237662696504230022;1237662696504164886,True,True,1,0.30877050132685646
4742,4,6,True,4,3.0341389999999997,1,1237661383314768033;1237662195055198357;1237661383314702493,1237662195055198357;1237661383314768033;1237662195055263927,True,True,1,0.41649552505879583
4776,4,6,True,4,2.9790449999999993,0,1237650371552346120;1237650371552280809;1237650371552280661,1237650371552280661;1237650371552346120;1237650371552280809,False,False,0,0.22990048262510854
4779,4,6,True,5,2.0307840000000006,0,1237655124465483921;1237655124465483965;1237655124465484023,1237655124465483921;1237655124465484023;1237655124465483965,False,False,0,0.2857299063802037
4797,4,6,True,4,3.303013,1,1237654605863518421;1237654601568682162;1237654605863583845,1237654601568682162;1237654605863518421;1237654605863452837,True,True,1,0.58375373045995
4805,4,6,True,3,4.3165189999999996,2,1237654881812545849;1237662266459488385;1237655742405672966,1237654881812545849;1237662266459619815;1237655742942544127,True,True,2,0.5351967455099356
4816,4,6,True,5,2.9966440000000034,0,1237668336860200977;1237668336860201271;1237668336860201261,1237668336860201271;1237668336860200977;1237668336860201261,False,False,0,0.12702201270839808
4850,4,6,True,3,3.660349,1,1237671128591761530;1237671128591761639;1237671141483937928,1237671128591761639;1237671128591761530;1237671128591827108,True,True,1,0.16085518992764847
4855,4,6,True,3,2.9324049999999993,0,1237667783386464368;1237667783386398973;1237667783386398985,1237667783386398973;1237667783386398985;1237667783386464368,False,False,0,0.1915525752952174
4871,4,6,True,3,3.3964800000000004,1,1237665532798763625;1237665428110639527;1237665549976142073,1237665532798763625;1237665428110639527;1237665532798828682,True,True,1,0.5573438084437292
4905,4,6,True,4,4.142882,1,1237657242434732134;1237657590311616620;1237657400810471527,1237657590311616620;1237657242434732134;1237657242434601068,True,True,1,0.6978193947921607
4912,4,6,True,3,3.0902969999999996,2,1237664130481651900;1237664130481717277;1237661068716540080,1237664130481651900;1237664130481651942;1237664130481651887,True,True,2,0.23293924465453486
4953,4,6,True,3,3.085272,1,1237657770705289291;1237657770705289247;1237657608040349898,1237657770705289291;1237657770705289247;1237657770705289440,True,True,1,0.25998021754917744
4956,4,6,True,4,3.5806910000000016,1,1237667429548163637;1237667429548163563;1237667429548098253,1237667429548163637;1237667429548163563;1237667429548163168,True,True,1,0.4458701294305918
4961,4,6,True,3,3.988818000000002,2,1237654399152750749;1237654398615879748;1237654398615945288,1237654399152750749;1237654399152816446;1237654399152881878,True,True,2,0.7808798486680502
4967,4,6,True,4,3.3913800000000016,1,1237661136887939145;1237661382240305326;1237661382240370700,1237661136887939145;1237661382240305326;1237661136887939151,True,True,1,0.24714469485685253
4977,4,6,True,3,3.4684230000000014,2,1237662262178807908;1237662268077900134;1237662268614705491,1237662262178807908;1237662262178808436;1237662268077834745,True,True,2,0.25898082702851255
5025,4,6,True,3,3.4634530000000012,1,1237662267539128718;1237662267539128563;1237662267539193951,1237662267539128718;1237662267539128563;1237655744022053053,True,True,1,0.2554292616651379
5050,4,6,True,4,2.7002120000000005,0,1237665023836815486;1237665126938771573;1237665023836815661,1237665023836815486;1237665023836815661;1237665126938771573,False,False,0,0.37412383240882185
5055,4,6,True,3,3.09122,1,1237661388148244663;1237661388148178986;1237659163882029415,1237661388148178986;1237661388148244663;1237661388148178989,True,True,2,0.2472358803435304
5064,4,6,True,3,3.8233999999999995,2,1237667431181779025;1237667431181713603;1237667431181713523,1237667431181779025;1237667431181779054;1237667323790164092,True,True,2,0.302069099448512
5070,4,6,True,4,2.7572550000000007,0,1237661970110152878;1237661970110218384;1237661970110152833,1237661970110218384;1237661970110152878;1237661970110152833,False,False,0,0.2729327346022057
5074,4,6,True,4,2.713457000000002,0,1237661068724207750;1237661068724207699;1237661068724273255,1237661068724207699;1237661068724207750;1237661068724273255,False,False,0,0.37293043551137295
5098,4,6,True,3,3.3491999999999997,2,1237661959373455458;1237661959373390003;1237661959910195401,1237661959373455458;1237662302972870748;1237661959373455459,True,True,2,0.23330570573247567
5101,4,6,True,3,4.0766279999999995,2,1237651272424751161;1237651272961556647;1237651272424882309,1237651272424751161;1237651701377925457;1237651534409564204,True,True,2,0.6896145673500111
5117,4,6,True,5,1.4518900000000023,0,1237667446737862801;1237667911138148471;1237667911138279446,1237667911138279446;1237667911138148471;1237667446737862801,False,False,0,0.941899609772836
5118,4,6,True,5,2.5154549999999993,0,1237659325489217804;1237659329775140940;1237659325489217798,1237659329775140940;1237659325489217804;1237659325489217798,False,False,0,0.4824318105464318
5143,4,6,True,4,3.8647139999999993,1,1237657878077702252;1237657878077702256;1237657878077636811,1237657878077702252;1237657878077702256;1237657878077637082,True,True,1,0.24931531782769767
5146,4,6,True,3,3.4375590000000003,1,1237662266461585515;1237662266461585767;1237654881277509759,1237662266461585767;1237662266461585515;1237662266461585763,True,True,2,0.29806144888649655
5151,4,6,True,5,2.9801670000000016,0,1237661949178740908;1237661949178740942;1237661812272791651,1237661949178740908;1237661812272791651;1237661949178740942,False,False,0,0.14282796432715594
5153,4,6,True,4,3.298501999999999,1,1237662224092168567;1237662698115105077;1237662698115039245,1237662698115105077;1237662224092168567;1237662698115105086,True,True,1,0.39690265870580355
5161,4,6,True,3,3.257887,2,1237659324943237245;1237659324943237240;1237659144558477427,1237659324943237245;1237659324943237298;1237659324943237248,True,True,2,0.2222973865419684
5169,4,6,True,5,1.976814000000001,0,1237661068726697998;1237664289928773832;1237661068726698006,1237661068726698006;1237661068726697998;1237664289928773832,False,False,0,0.255437706781791
5170,4,6,True,3,4.022183000000002,1,1237664292076454119;1237664292076454111;1237664292076388510,1237664292076454119;1237664292076454111;1237664292076454264,True,True,2,0.31926199958701584
5174,4,6,True,4,3.265699999999999,1,1237661069243515028;1237661069243449619;1237661069243514969,1237661069243515028;1237661069243449619;1237661923404808424,True,True,1,0.23259907175882155
5191,4,6,True,3,4.010370000000002,1,1237661357547389137;1237661434848215231;1237661357547454497,1237661357547389137;1237661434848215231;1237661357547323628,True,True,1,0.4535504630072005
5195,4,6,True,5,1.6649759999999993,0,1237659133287923757;1237659133287923758;1237659133287923800,1237659133287923757;1237659133287923758;1237659133287923800,False,False,0,0.15423333819510798
5200,4,6,True,4,3.0578540000000025,1,1237648722284314732;1237650797288358106;1237650797288358041,1237648722284314732;1237650797288358106;1237648722284314871,True,True,1,0.3107386024364409
5206,4,6,True,5,2.805901000000002,0,1237662195072761907;1237662195072762046;1237662195072762009,1237662195072762046;1237662195072762009;1237662195072761907,False,False,0,0.1840491016562802
5208,4,6,True,4,3.6758580000000016,1,1237663916275269775;1237663787427823775;1237663916275269716,1237663787427823775;1237663916275269775;1237663787427889363,True,True,1,0.16874985550079424
5210,4,6,True,4,3.1483610000000013,1,1237648722284118374;1237648722284052878;1237648722284052811,1237648722284052878;1237648722284118374;1237650797288227141,True,True,1,0.40042846194022275
5217,4,6,True,5,1.409120999999999,0,1237654604253233184;1237654604253233354;1237654604253167748,1237654604253233184;1237654604253233354;1237654604253167748,False,False,0,0.1875702578641092
5222,4,6,True,4,2.857699,0,1237667783359856810;1237667736107680056;1237667736107680053,1237667736107680056;1237667736107680053;1237667783359856810,False,False,0,0.26924474124030784
5232,4,6,True,5,2.9166810000000005,0,1237648705131053204;1237648705131118796;1237648705131118799,1237648705131053204;1237648705131118796;1237648705131118799,False,False,0,0.1955764193586358
5238,4,6,True,4,1.9364989999999977,0,1237654874824245338;1237654874824179773;1237654874824245357,1237654874824179773;1237654874824245338;1237654874824245357,False,False,0,0.22258488688456257
5249,4,6,True,4,3.246351999999998,1,1237659153685479964;1237662303524880897;1237662501086888279,1237662303524880897;1237659153685479964;1237659153685479918,True,True,1,0.6598296272224413
5253,4,6,True,5,2.915474999999997,0,1237660561894801475;1237660561894801429;1237660561894801766,1237660561894801429;1237660561894801766;1237660561894801475,False,False,0,0.16536193037175329
5260,4,6,True,4,4.319216999999998,1,1237664296366047287;1237664296366047574;1237661965821477083,1237664296366047574;1237664296366047287;1237664296366047854,True,True,1,0.22717816762180032
5261,4,6,True,4,3.0487830000000002,1,1237654600497365012;1237654604792070364;1237654604792135835,1237654600497365012;1237654604792070364;1237654600497365220,True,True,1,0.5218042604207103
5265,4,6,True,5,2.8871269999999996,0,1237662193992007785;1237661966358741190;1237662193992007768,1237662193992007768;1237661966358741190;1237662193992007785,False,False,0,0.16153152886351796
5285,4,6,True,5,2.6202620000000003,0,1237667912199242042;1237667912199241833;1237667551422316593,1237667912199241833;1237667551422316593;1237667912199242042,False,False,0,0.644245582120309
5291,4,6,True,3,3.481498000000002,1,1237655125015855124;1237655125015789657;1237655125015855301,1237655125015855124;1237655125015789657;1237655125015789862,True,True,1,0.34125597169517174
5301,4,6,True,4,2.113222999999998,0,1237665372258894093;1237665372258959704;1237665372258828479,1237665372258828479;1237665372258959704;1237665372258894093,False,False,0,0.4307285975317612
5303,4,6,True,4,2.890704999999997,0,1237667781222662266;1237667781222596633;1237667917029441696,1237667781222596633;1237667917029441696;1237667781222662266,False,False,0,0.3763143583793722
5304,4,6,True,3,2.817995,0,1237664092898853172;1237664667887534208;1237664668424405146,1237664667887534208;1237664668424405146;1237664092898853172,False,False,0,0.5936665382082911
5305,4,6,True,4,3.2677039999999984,1,1237664105779495085;1237664105779560653;1237664105779626180,1237664105779560653;1237664105779495085;1237664105779560609,True,True,1,0.393464416665827
5307,4,6,True,4,3.139961000000003,1,1237667914343186661;1237667914343121026;1237668292302405647,1237667914343186661;1237667914343121026;1237667914343252136,True,True,1,0.5575361514653245
5308,4,6,True,5,1.734424999999998,0,1237663787420811490;1237663787420811660;1237663787420745954,1237663787420811490;1237663787420811660;1237663787420745954,False,False,0,0.43552258755339857
5309,4,6,True,3,4.067768999999998,2,1237665329854152782;1237665226233479315;1237665329854021699,1237665329854152782;1237665329854087341;1237665226233413806,True,True,2,0.2959189992450266
5310,4,6,True,4,2.8650209999999987,0,1237662268076523582;1237662268076523936;1237662268076523721,1237662268076523582;1237662268076523936;1237662268076523721,False,False,0,0.3680434507909158
5322,4,6,True,3,3.9656610000000008,2,1237665369043894382;1237665369043959893;1237665369043959951,1237665369043894382;1237665369043894558;1237665369043894454,True,True,2,0.33362022795228174
5323,4,6,True,5,2.4506239999999977,0,1237667912217133190;1237667912217133167;1237665567145263330,1237667912217133167;1237665567145263330;1237667912217133190,False,False,0,0.32513081202883676
5324,4,6,True,5,1.9709059999999994,0,1237663916810109132;1237663787425857577;1237663787425792289,1237663787425857577;1237663787425792289;1237663916810109132,False,False,0,0.5384343344453395
5326,4,6,True,3,3.4047599999999996,1,1237654398616076319;1237654398616076434;1237654398616010921,1237654398616076434;1237654398616076319;1237654398616076515,True,True,2,0.16006557853876258
5328,4,6,True,5,2.9426810000000003,0,1237655473968840815;1237655473968841043;1237655473968840945,1237655473968840815;1237655473968840945;1237655473968841043,False,False,0,0.19504070424893172
5329,4,6,True,5,1.611784,0,1237661388140642314;1237661388140576978;1237661388140511326,1237661388140511326;1237661388140576978;1237661388140642314,False,False,0,0.42071064336964525
5332,4,6,True,5,2.2256750000000025,0,1237665549964214368;1237665549964214388;1237665549964214335,1237665549964214368;1237665549964214388;1237665549964214335,False,False,0,0.16635902195889551
5334,4,6,True,5,0.961865999999997,0,1237654031400566969;1237654031400566818;1237654031400566817,1237654031400566817;1237654031400566969;1237654031400566818,False,False,0,0.2926276156837897
5336,4,6,True,5,2.3019560000000006,0,1237662238559764652;1237662238559633679;1237662197747875912,1237662197747875912;1237662238559633679;1237662238559764652,False,False,0,0.43690006078627697
5337,4,6,True,5,2.3168930000000003,0,1237662662133415970;1237662662133416006;1237662224615342283,1237662662133415970;1237662662133416006;1237662224615342283,False,False,0,0.3084479088192902
5341,4,6,True,4,2.309100000000001,0,1237667730195939631;1237667730195939677;1237667730196005305,1237667730195939677;1237667730195939631;1237667730196005305,False,False,0,0.32237404095719757
5343,4,6,True,4,2.210367999999999,0,1237668348675817506;1237668331491885233;1237668331491819640,1237668331491819640;1237668348675817506;1237668331491885233,False,False,0,0.36086452964601
5344,4,6,True,4,2.5905489999999993,0,1237654599953416329;1237654599953481746;1237653665796325491,1237654599953481746;1237654599953416329;1237653665796325491,False,False,0,0.8152317611447231
5352,4,6,True,5,2.8777730000000012,0,1237667212130320477;1237667212130254868;1237667255079797055,1237667212130254868;1237667212130320477;1237667255079797055,False,False,0,0.2147198326455113
5361,4,6,True,5,1.8338479999999997,0,1237667783923531928;1237667736134484127;1237667783923466450,1237667783923531928;1237667783923466450;1237667736134484127,False,False,0,0.3103991683923457
5374,4,6,True,4,2.5890790000000017,0,1237655691404902745;1237655691404968127;1237655691404902574,1237655691404968127;1237655691404902574;1237655691404902745,False,False,0,0.1630633647622357
5383,4,6,True,4,3.2388099999999973,1,1237665567686525218;1237665567686525302;1237665531181203620,1237665567686525302;1237665567686525218;1237665567686525238,True,True,1,0.21159628241769468
5413,4,6,True,5,2.4378819999999983,0,1237654605329006744;1237654601034170430;1237654601034170529,1237654605329006744;1237654601034170430;1237654601034170529,False,False,0,0.5483855513440421
5500,4,6,True,5,2.983404,0,1237667253998256261;1237667253998256264;1237667253998256266,1237667253998256261;1237667253998256264;1237667253998256266,False,False,0,0.0962966573907198
6134,4,5,True,3,2.818273999999999,0,1237659150459142313;1237659150459142296;1237659326019600545,1237659326019600545;1237659150459142296;1237659150459142313,False,False,0,0.3154561399782585
6411,4,5,True,4,2.4034520000000015,0,1237662262176317780;1237662268612280782;1237662268612215204,1237662268612280782;1237662268612215204;1237662262176317780,False,False,0,0.44336067705429016
6449,4,5,True,3,4.285626999999998,1,1237663530255056944;1237663547434991794;1237663530791796929,1237663530255056944;1237663547434991794;1237663546898120722,True,True,1,0.7476893073658992
6457,4,5,True,4,2.656441000000001,0,1237665535471518151;1237671690692591743;1237665534934450552,1237665534934450552;1237671690692591743;1237665535471518151,False,False,0,0.8966646707010391
6466,4,5,True,4,2.9780219999999993,0,1237658311329906902;1237658311329906723;1237658311329906831,1237658311329906902;1237658311329906723;1237658311329906831,False,False,0,0.20137110729859664
6488,4,5,True,3,3.261016999999999,1,1237665441518518400;1237665428629422165;1237665440981581946,1237665428629422165;1237665441518518400;1237665441518518392,True,True,1,0.563592656337315
6516,4,5,True,4,2.2118730000000006,0,1237662264322949365;1237662264322883777;1237662238022369493,1237662264322883777;1237662264322949365;1237662238022369493,False,False,0,0.5498220430941547
6618,4,5,True,3,2.8223260000000003,0,1237662662680707319;1237662662680838298;1237662662680838318,1237662662680838318;1237662662680838298;1237662662680707319,False,False,0,0.8359164926954215
6725,4,5,True,3,3.5821559999999977,1,1237662636901269762;1237662636901204084;1237662636901138665,1237662636901269762;1237662636901204084;1237662529529512145,True,True,1,0.5853913476136245
6726,4,5,True,3,2.821857999999999,0,1237667446728097923;1237667446728097995;1237667910591578195,1237667446728097995;1237667446728097923;1237667910591578195,False,False,0,0.6822676814657598
6728,4,5,True,3,3.155299000000003,1,1237661435920187631;1237661435920187571;1237661435920056391,1237661435920187631;1237661435920187571;1237661435920121986,True,True,1,0.3436369425260626
6736,4,5,True,3,3.5175710000000002,1,1237654381977731138;1237654381977796751;1237654381977796849,1237654381977796751;1237654381977731138;1237653612647088220,True,True,1,0.46358015215909276
6788,4,5,True,3,3.318245000000001,1,1237661948636954655;1237661948636954627;1237661948636889161,1237661948636954627;1237661948636954655;1237661948636954762,True,True,1,0.2087611776563678
6816,4,5,True,3,3.018027,1,1237659327090458728;1237659146705698902;1237659146705698884,1237659146705698902;1237659327090458728;1237659327090458741,True,True,1,0.5307925032317833
6852,4,5,True,3,2.8460970000000003,0,1237667143396753438;1237667143396688329;1237667143396688238,1237667143396688329;1237667143396688238;1237667143396753438,False,False,0,0.33449148178054067
6858,4,5,True,3,3.927688,1,1237661382240829459;1237661382240829504;1237661382240829503,1237661382240829504;1237661382240829459;1237661137425268882,True,True,1,0.3922039119249199
6888,4,5,True,3,3.277895000000001,1,1237655743483281567;1237655743483281580;1237655743483281638,1237655743483281580;1237655743483281567;1237662267537228099,True,True,1,0.546985683747641
6945,4,5,True,3,3.4362589999999997,1,1237659133284909256;1237659133284843828;1237659133284778240,1237659133284909256;1237659133284843828;1237659133284909282,True,True,1,0.36139323022866066
6950,4,5,True,3,3.158175,1,1237660613972983968;1237660613972918418;1237660613972918322,1237660613972918418;1237660613972983968;1237660613972918476,True,True,1,0.9076275208528521
6954,4,5,True,3,3.137875000000001,1,1237673705041756411;1237673705041691045;1237651495755579693,1237673705041691045;1237673705041756411;1237673705041690943,True,True,1,0.37989602604881156
6978,4,5,True,4,2.577686,0,1237671936578093285;1237654954280157539;1237671936578093441,1237671936578093441;1237654954280157539;1237671936578093285,False,False,0,0.2757550507264295
6989,4,5,True,3,4.040233000000001,1,1237661125612142601;1237661087494045845;1237661125612273738,1237661087494045845;1237661125612142601;1237661125612142849,True,True,1,0.7386180269080374
7000,4,5,True,3,3.3760499999999993,1,1237662696501936400;1237664886388293744;1237665129102901279,1237664886388293744;1237662696501936400;1237665103296004393,True,True,1,0.5419774781077322
7007,4,5,True,3,3.432410000000001,1,1237667323793965194;1237667323793965152;1237667444044922941,1237667323793965152;1237667323793965194;1237667323793899767,True,True,1,0.7523473319462042
7009,4,5,True,4,2.6681859999999986,0,1237661970116378780;1237661974404268151;1237661974404268187,1237661974404268151;1237661970116378780;1237661974404268187,False,False,0,0.6106045727265865
7010,4,5,True,4,2.8101079999999996,0,1237667916489490458;1237667916489490634;1237668294985449611,1237667916489490458;1237667916489490634;1237668294985449611,False,False,0,0.4091657022674493
7021,4,5,True,3,3.1423769999999998,1,1237662267538276481;1237655743484330046;1237655743484330109,1237655743484330046;1237662267538276481;1237655743484330540,True,True,1,0.16580094148627111
7023,4,5,True,3,3.548601999999999,1,1237662264860147778;1237662198284484650;1237662264860213622,1237662264860147778;1237662198284484650;1237662264860213581,True,True,1,1.0767076857433082
7035,4,5,True,4,2.7128109999999985,0,1237668272988750083;1237668365851689395;1237668365314687448,1237668272988750083;1237668365851689395;1237668365314687448,False,False,0,0.6461731814053806
7044,4,5,True,4,2.275514000000001,0,1237661435921891590;1237661435921891368;1237661435921825846,1237661435921825846;1237661435921891368;1237661435921891590,False,False,0,0.5439989374086984
7051,4,5,True,3,3.385044999999998,1,1237661387620876411;1237661387620876699;1237659162817855979,1237661387620876411;1237661387620876699;1237659162817791439,True,True,1,0.4824862834791137
7052,4,5,True,4,2.9149790000000024,0,1237661387069194392;1237661417140125866;1237661417140125853,1237661417140125866;1237661387069194392;1237661417140125853,False,False,0,0.289538896393184
7058,4,5,True,3,3.219374000000002,1,1237671991878156520;1237671957518876723;1237671957518876726,1237671957518876723;1237671991878156520;1237671991878156526,True,True,1,0.7748469873225794
7059,4,5,True,4,1.562861999999999,0,1237665531723710531;1237665567692095954;1237665531723579578,1237665531723710531;1237665531723579578;1237665567692095954,False,False,0,0.532988428108613
7067,4,5,True,3,3.1874189999999984,1,1237657772321472648;1237655106759426069;1237658302202970401,1237657772321472648;1237655106759426069;1237658302202904739,True,True,1,0.42233131885382846
7069,4,5,True,3,3.3888029999999993,1,1237651192433279109;1237651192433279182;1237651252024312012,1237651192433279109;1237651192433279182;1237651192433213707,True,True,1,0.4691991301135623
7090,4,5,True,3,3.673066000000002,1,1237665330933465219;1237665330933465156;1237665330933596220,1237665330933465219;1237665330933465156;1237665330933465224,True,True,1,0.6858644266294167
7114,4,5,True,4,1.7802760000000006,0,1237661357538148520;1237661357538148509;1237660635461058688,1237660635461058688;1237661357538148520;1237661357538148509,False,False,0,0.35125709077734246
7121,4,5,True,4,2.541367000000001,0,1237662695960608988;1237662695960609039;1237665129098510627,1237662695960608988;1237662695960609039;1237665129098510627,False,False,0,0.47572612932581926
7123,4,5,True,3,2.6911109999999994,0,1237661386012951041;1237661386012950941;1237661386012951043,1237661386012950941;1237661386012951043;1237661386012951041,False,False,0,0.5740752583013986
7128,4,5,True,3,3.2769639999999995,1,1237658492278735050;1237658492278734920;1237658492278734937,1237658492278734920;1237658492278735050;1237658492278734995,True,True,1,0.3098463280700283
7144,4,5,True,4,2.8291160000000026,0,1237667735599579276;1237667735599579274;1237667735599579345,1237667735599579274;1237667735599579345;1237667735599579276,False,False,0,0.093779330499969
7146,4,5,True,3,3.1061639999999997,1,1237662665888759972;1237662665888760313;1237662306739290404,1237662665888759972;1237662665888760313;1237662665888760727,True,True,1,0.21647829454651202
7158,4,5,True,4,2.9596269999999976,0,1237660669818241082;1237660669818241070;1237660669818306648,1237660669818241082;1237660669818241070;1237660669818306648,False,False,0,0.10246765254009071
7162,4,5,True,3,2.466270999999999,0,1237662300841377866;1237662300841378074;1237662300841443759,1237662300841377866;1237662300841378074;1237662300841443759,False,False,0,0.46758202643385616
7163,4,5,True,4,2.937773,0,1237648704594575483;1237648704594575487;1237648721249763542,1237648704594575483;1237648721249763542;1237648704594575487,False,False,0,0.10857029035944832
7183,4,5,True,4,2.517202000000001,0,1237661386530816154;1237661386530750680;1237661386530881736,1237661386530881736;1237661386530750680;1237661386530816154,False,False,0,0.43674283171075956
7184,4,5,True,4,2.9794480000000014,0,1237651737375015062;1237651737374949472;1237651737374949690,1237651737374949472;1237651737374949690;1237651737375015062,False,False,0,0.22273497237644868
7185,4,5,True,4,2.976025,0,1237655742946672748;1237655742946673034;1237655742946672960,1237655742946672748;1237655742946672960;1237655742946673034,False,False,0,0.16202984367489393
7186,4,5,True,3,3.7741310000000006,1,1237657776082780208;1237657630590369984;1237657630053433424,1237657776082780208;1237657630590369984;1237657776082780320,True,True,1,0.5152287768175832
7197,4,5,True,3,2.933555000000002,0,1237657628439347343;1237657628439347487;1237657628439412747,1237657628439347343;1237657628439347487;1237657628439412747,False,False,0,0.31582845506423585
7213,4,5,True,4,2.997498,0,1237664853116715184;1237662697037103254;1237662697037103314,1237662697037103254;1237662697037103314;1237664853116715184,False,False,0,0.839678499171157
7219,4,5,True,3,3.007268,1,1237659327099896158;1237659327099896083;1237655463784284387,1237659327099896083;1237659327099896158;1237659327099896060,True,True,1,0.1711068264289266
7220,4,5,True,4,2.8683179999999986,0,1237667550342217757;1237667550342217758;1237667550342152307,1237667550342217757;1237667550342152307;1237667550342217758,False,False,0,0.29454847278716567
7224,4,5,True,4,2.0424739999999986,0,1237657775006351385;1237657629513810033;1237657629513810174,1237657629513810033;1237657629513810174;1237657775006351385,False,False,0,0.4906291224294179
7233,4,5,True,3,3.1412150000000025,1,1237665180057993364;1237665180058058906;1237665330937266334,1237665180057993364;1237665180058058906;1237665180057993389,True,True,1,0.6890892316517974
7240,4,5,True,4,2.5610339999999994,0,1237664818753896597;1237664818753896557;1237664818753896585,1237664818753896585;1237664818753896557;1237664818753896597,False,False,0,0.3351392172025731
7241,4,5,True,4,2.7228689999999993,0,1237668332571787353;1237668332571656316;1237668332571787671,1237668332571787353;1237668332571787671;1237668332571656316,False,False,0,0.4611687263143551
7256,4,5,True,3,1.7081930000000014,0,1237665330933989474;1237665330933989419;1237665227313315992,1237665330933989474;1237665227313315992;1237665330933989419,False,False,0,0.22235645630189715
7264,4,5,True,3,3.7344710000000028,1,1237660764842164280;1237660961866580160;1237660961866776723,1237660961866580160;1237660764842164280;1237660961866580151,True,True,1,0.5541015262020181
7269,4,5,True,3,3.159206000000001,1,1237657629511712801;1237657629511713101;1237657775541190877,1237657629511712801;1237657629511713101;1237657775541059834,True,True,1,0.538066141151555
7271,4,5,True,4,2.599404,0,1237665367967989859;1237665367967989860;1237665367968055323,1237665367967989859;1237665367967989860;1237665367968055323,False,False,0,0.17054442143748272
7274,4,5,True,3,3.2708039999999983,1,1237664337175707794;1237664818207981738;1237664818208047228,1237664337175707794;1237664818207981738;1237664337175773381,True,True,1,0.2929506741515162
7297,4,5,True,3,3.009691,1,1237668332027117605;1237668349211050186;1237668332027183316,1237668332027117605;1237668349211050186;1237668332027117727,True,True,1,0.19367669372441298
7300,4,5,True,4,2.9181329999999974,0,1237661949737828733;1237662199359078682;1237662199359013245,1237662199359013245;1237661949737828733;1237662199359078682,False,False,0,0.403069945389106
7327,4,5,True,3,3.371098,1,1237648722289623248;1237648722289623239;1237648722289557692,1237648722289623248;1237648722289623239;1237648722289623371,True,True,1,0.2857862473840358
7336,4,5,True,4,2.7334400000000016,0,1237668292832854137;1237668292832854039;1237668288549355656,1237668288549355656;1237668292832854039;1237668292832854137,False,False,0,0.570649807225502
7339,4,5,True,3,4.276467,1,1237661974405906560;1237661970654888086;1237661974406037572,1237661974405906560;1237661970654888086;1237661974405972035,True,True,1,0.6098884417870103
7340,4,5,True,3,3.411867000000001,1,1237667254546661638;1237667254546661738;1237667212134055972,1237667254546661638;1237667254546661738;1237667254546530409,True,True,1,0.51461090296851
7359,4,5,True,3,2.880633999999997,0,1237655744020545738;1237662268074492193;1237662268074426602,1237662268074492193;1237655744020545738;1237662268074426602,False,False,0,0.5652627596423496
7367,4,5,True,3,2.599399000000002,0,1237662198823911677;1237662198823846384;1237662198823911735,1237662198823911677;1237662198823846384;1237662198823911735,False,False,0,0.3789163705135348
7372,4,5,True,4,2.1414079999999984,0,1237668298756522275;1237668272980558058;1237668272980426893,1237668272980558058;1237668298756522275;1237668272980426893,False,False,0,0.5807162740271661
7386,4,5,True,4,2.6931939999999983,0,1237658918530056399;1237658918530056413;1237658803111854218,1237658918530056413;1237658803111854218;1237658918530056399,False,False,0,0.44236377801344595
7407,4,5,True,4,2.299142,0,1237655473436361135;1237655128235049080;1237655473436295765,1237655128235049080;1237655473436295765;1237655473436361135,False,False,0,0.48037489025414004
7422,4,5,True,3,3.130572000000001,1,1237651250958696543;1237654399689621625;1237654399689556113,1237654399689621625;1237651250958696543;1237651250958631036,True,True,1,0.27942471149737713
7425,4,5,True,3,2.9984360000000017,0,1237665331462668473;1237665228378931266;1237665331462602904,1237665331462668473;1237665331462602904;1237665228378931266,False,False,0,0.4306271150949943
7436,4,5,True,3,3.448136999999999,1,1237654953207333212;1237654953207267630;1237671935505138058,1237654953207267630;1237654953207333212;1237654953207332991,True,True,1,0.48875142773596814
7455,4,5,True,3,3.1793569999999995,1,1237667736653594755;1237667736653594738;1237667910053658868,1237667736653594755;1237667736653594738;1237667736653594936,True,True,1,0.8379878876926448
9394,4,4,True,3,2.902958999999999,0,1237654605329137931;1237654605329137953;1237654605329072383,1237654605329137953;1237654605329137931;1237654605329072383,False,False,0,0.36392051299248607
9578,4,4,True,3,2.4764799999999987,0,1237665179521187864;1237665179521187909;1237665179521056969,1237665179521187909;1237665179521056969;1237665179521187864,False,False,0,0.8029440724753734
9765,4,4,True,3,2.550879000000002,0,1237674603216699610;1237674603216634080;1237648720171696336,1237648720171696336;1237674603216699610;1237674603216634080,False,False,0,0.6242332988287433
9774,4,4,True,3,2.9798560000000016,0,1237665355083940130;1237665355084005737;1237659162813858137,1237665355083940130;1237659162813858137;1237665355084005737,False,False,0,0.38367936064343766
9790,4,4,True,3,2.098451999999998,0,1237661417673851010;1237661387602919620;1237661387602985091,1237661417673851010;1237661387602919620;1237661387602985091,False,False,0,0.8839410312855165
9833,4,4,True,3,2.194372999999999,0,1237658205578657877;1237658205578723439;1237658614126346384,1237658205578723439;1237658205578657877;1237658614126346384,False,False,0,0.7536297433963046
9869,4,4,True,3,2.7953899999999976,0,1237665015240523906;1237665015240589399;1237665015240589418,1237665015240523906;1237665015240589399;1237665015240589418,False,False,0,0.7965120076127228
9995,4,4,True,3,2.7727299999999993,0,1237651752415854874;1237651752415789223;1237651752415920197,1237651752415920197;1237651752415789223;1237651752415854874,False,False,0,0.5240234494171006
10027,4,4,True,3,2.9687289999999997,0,1237665329311514810;1237665329311580293;1237665329311580311,1237665329311580293;1237665329311514810;1237665329311580311,False,False,0,0.5690789058757453
10074,4,4,True,3,1.2607420000000005,0,1237667912733294684;1237667912733294659;1237667551956435111,1237667551956435111;1237667912733294659;1237667912733294684,False,False,0,0.6427450419153296
10120,4,4,True,3,2.261822000000002,0,1237654880741294238;1237654880741294218;1237654880741294303,1237654880741294238;1237654880741294303;1237654880741294218,False,False,0,0.632345794655409
10121,4,4,True,3,2.523676000000002,0,1237648705667137570;1237648705667072024;1237651735237951685,1237648705667137570;1237651735237951685;1237648705667072024,False,False,0,0.7532464422808793
10163,4,4,True,3,2.277363000000001,0,1237657629512827171;1237657629512827188;1237657629512892647,1237657629512827188;1237657629512892647;1237657629512827171,False,False,0,0.5331530867047292
10218,4,4,True,3,2.293361000000001,0,1237659326562304335;1237659326562304351;1237659330848292959,1237659330848292959;1237659326562304351;1237659326562304335,False,False,0,0.5356613619286659
10236,4,4,True,3,2.591996999999999,0,1237661387619172464;1237661387619238463;1237661387619172794,1237661387619172464;1237661387619238463;1237661387619172794,False,False,0,0.6681782111197272
10247,4,4,True,3,2.792614999999998,0,1237674648847450346;1237648720149479679;1237674649384386795,1237674648847450346;1237648720149479679;1237674649384386795,False,False,0,0.7180656054684569
10324,4,4,True,3,2.6244510000000005,0,1237662301376872719;1237662499475489129;1237662301913546775,1237662499475489129;1237662301913546775;1237662301376872719,False,False,0,1.0085375940953192
10423,4,4,True,3,2.564902,0,1237657612341543027;1237661353244557433;1237661353244557397,1237661353244557433;1237657612341543027;1237661353244557397,False,False,0,0.4656802133691773
10427,4,4,True,3,2.716256999999999,0,1237668289621197071;1237668289621197082;1237670965392703635,1237668289621197082;1237670965392703635;1237668289621197071,False,False,0,0.3520213642370358
10458,4,4,True,3,2.3837870000000017,0,1237658608219848803;1237658608219848869;1237658313478045858,1237658313478045858;1237658608219848803;1237658608219848869,False,False,0,0.6871869083916842
10485,4,4,True,3,2.7074110000000005,0,1237668310021898820;1237668270843953463;1237668349760372834,1237668270843953463;1237668310021898820;1237668349760372834,False,False,0,1.0792012687672745
10497,4,4,True,3,2.676866999999998,0,1237662223535374354;1237664293684445268;1237664846121730104,1237662223535374354;1237664293684445268;1237664846121730104,False,False,0,0.5414441678720845
10506,4,4,True,3,1.1838569999999997,0,1237654948913348733;1237651538187518173;1237651538187452545,1237651538187452545;1237651538187518173;1237654948913348733,False,False,0,0.5335088244950619
10574,4,4,True,3,2.2486560000000004,0,1237671123220168924;1237671123220103629;1237671260122055017,1237671123220103629;1237671123220168924;1237671260122055017,False,False,0,0.6146667252523308
10581,4,4,True,3,2.9496819999999992,0,1237667910049464459;1237667910049529919;1237667910586335349,1237667910049529919;1237667910586335349;1237667910049464459,False,False,0,0.655538826528069
10610,4,4,True,3,2.774407,0,1237658425163776192;1237658425163841691;1237658425163841661,1237658425163841661;1237658425163776192;1237658425163841691,False,False,0,0.55278751166529
10657,4,4,True,3,2.2797750000000008,0,1237655123929333841;1237654031401812159;1237655123929268365,1237654031401812159;1237655123929268365;1237655123929333841,False,False,0,0.47065149446530974
10673,4,4,True,3,2.8641129999999997,0,1237668331490050131;1237668349210919183;1237668349210984599,1237668331490050131;1237668349210919183;1237668349210984599,False,False,0,0.47940276826477835
10693,4,4,True,3,2.535767,0,1237665565541859681;1237665565541925108;1237668336321036598,1237668336321036598;1237665565541859681;1237665565541925108,False,False,0,0.27225917375633024
10757,4,4,True,3,2.454258999999997,0,1237664870822772925;1237660960792379568;1237664870822772913,1237664870822772925;1237660960792379568;1237664870822772913,False,False,0,0.23307193573497376
10767,4,4,True,3,2.245200999999998,0,1237667211060051979;1237667253472591986;1237667253472591937,1237667211060051979;1237667253472591937;1237667253472591986,False,False,0,0.6644415723120449
10806,4,4,True,3,2.3177960000000013,0,1237668496314663045;1237668496314663169;1237668496314597534,1237668496314597534;1237668496314663045;1237668496314663169,False,False,0,0.3043968791028959
10843,4,4,True,3,2.8982620000000026,0,1237664668436398189;1237664668436398224;1237664668436398267,1237664668436398224;1237664668436398267;1237664668436398189,False,False,0,0.31905991771816566
10883,4,4,True,3,2.5465860000000013,0,1237674290756583884;1237674290756583895;1237674290756583782,1237674290756583782;1237674290756583895;1237674290756583884,False,False,0,0.668803651819319
10900,4,4,True,3,1.6421290000000006,0,1237658493891903612;1237658493891903616;1237658493891706939,1237658493891903612;1237658493891706939;1237658493891903616,False,False,0,0.9403254550750724
10908,4,4,True,3,2.5295320000000032,0,1237674479735013541;1237674479735013527;1237674479735013407,1237674479735013541;1237674479735013407;1237674479735013527,False,False,0,0.41117977741926914
10913,4,4,True,3,2.6194039999999994,0,1237664887463411913;1237662697040183439;1237662697040183695,1237662697040183439;1237664887463411913;1237662697040183695,False,False,0,0.589896921078779
10914,4,4,True,3,2.5921330000000005,0,1237661872407576592;1237661850936541214;1237661850936606846,1237661850936541214;1237661850936606846;1237661872407576592,False,False,0,0.6485410786692167
10929,4,4,True,3,2.7309340000000013,0,1237665566073749695;1237667966957584513;1237667966957519065,1237667966957519065;1237667966957584513;1237665566073749695,False,False,0,0.4248929886229149
10955,4,4,True,3,2.857365999999999,0,1237662306189770850;1237662194536874012;1237662306189836510,1237662306189770850;1237662306189836510;1237662194536874012,False,False,0,0.5126221508803734
10964,4,4,True,3,2.1494339999999994,0,1237658304886079607;1237655109442469957;1237658304886014057,1237655109442469957;1237658304886014057;1237658304886079607,False,False,0,0.6034782531793876
10990,4,4,True,3,2.8207109999999993,0,1237671129130074248;1237674599462273168;1237674599462273202,1237674599462273168;1237671129130074248;1237674599462273202,False,False,0,0.42153266760315056
11021,4,4,True,3,2.825486999999999,0,1237664853641462227;1237662685216636964;1237664853641461874,1237662685216636964;1237664853641461874;1237664853641462227,False,False,0,0.4088928624311414
11071,4,4,True,3,2.519648,0,1237654610141249558;1237651066815578330;1237651066815578363,1237651066815578330;1237654610141249558;1237651066815578363,False,False,0,0.3392096648819978
11076,4,4,True,3,2.9804190000000013,0,1237668349218390261;1237668349218390247;1237668332034392412,1237668349218390247;1237668349218390261;1237668332034392412,False,False,0,0.36234371216192685
11078,4,4,True,3,2.194979,0,1237651753485729932;1237674602140139550;1237651753485861130,1237651753485861130;1237674602140139550;1237651753485729932,False,False,0,0.695955147012782
11108,4,4,True,3,2.410718000000003,0,1237665531713814551;1237665531713814706;1237665531713814804,1237665531713814551;1237665531713814706;1237665531713814804,False,False,0,0.23197754494220213
11129,4,4,True,3,2.981570999999999,0,1237662193989582996;1237662193989582993;1237662193989714026,1237662193989714026;1237662193989582993;1237662193989582996,False,False,0,0.3237683842062058
11153,4,4,True,3,2.536345999999998,0,1237664835934814435;1237664878341062790;1237664835934748855,1237664835934814435;1237664835934748855;1237664878341062790,False,False,0,0.5060180196691881
11198,4,4,True,3,2.9445119999999996,0,1237663917340950801;1237663788493635962;1237663788493635946,1237663788493635946;1237663788493635962;1237663917340950801,False,False,0,0.6311795452564297
11252,4,4,True,3,2.9893769999999975,0,1237651272961425646;1237651272961490952;1237651534946304186,1237651272961490952;1237651272961425646;1237651534946304186,False,False,0,0.39276889454914077
11265,4,4,True,3,2.179593999999998,0,1237658297923797167;1237654602641244319;1237658297923731566,1237658297923797167;1237654602641244319;1237658297923731566,False,False,0,0.6060155171966528
11278,4,4,True,3,2.776004999999998,0,1237667429026955404;1237667429026955516;1237667322172211267,1237667429026955516;1237667322172211267;1237667429026955404,False,False,0,0.597859892174835
11305,4,4,True,3,2.297885000000001,0,1237667254016278711;1237667254016278705;1237667254016278686,1237667254016278686;1237667254016278705;1237667254016278711,False,False,0,0.2480023507761313
11370,4,4,True,3,2.657009000000002,0,1237659327091835101;1237659327091900583;1237655368758788270,1237655368758788270;1237659327091835101;1237659327091900583,False,False,0,0.34361857354686265
11562,4,4,True,3,2.473907999999998,0,1237665567691965133;1237665531723514229;1237665531723514265,1237665531723514229;1237665531723514265;1237665567691965133,False,False,0,0.35018238617463915
