Group,n_shipped,n_parent,bgg_matches,n_eligible_sat,max_dmag_shipped,n_dmag_gt3,expected_objids,shipped_objids,quartet_set_changed,not_3_nearest_eligible,n_ineligible_closer,dist2bgg_recompute_max_err
1,4,538,True,107,2.4324450000000013,0,1237667444048723989;1237667324334637085;1237667324334571728,1237667444048723989;1237667324334571728;1237667324334637085,False,False,13,0.206636607514187
3,4,177,True,65,2.3736700000000006,0,1237665531723317440;1237665531723317728;1237665549437632547,1237665531723317440;1237665549437632547;1237665531723317728,False,False,7,0.19628189401888996
5,4,156,True,47,2.169171000000002,0,1237668293912690764;1237667915953537163;1237668293912690796,1237668293912690764;1237667915953537163;1237668293912690796,False,False,4,0.15433754766771868
6,4,149,True,51,2.711924,0,1237665535465619850;1237665535465619617;1237665535465619750,1237665535465619617;1237665535465619850;1237665535465619750,False,False,8,0.16355862692096768
13,4,123,True,42,2.738557,0,1237654879665586216;1237651821637533715;1237654879665586208,1237654879665586216;1237651821637533715;1237654879665586208,False,False,5,0.17933861058777412
27,4,96,True,43,2.8513650000000013,0,1237667254009200956;1237667254009200667;1237667254009200743,1237667254009200667;1237667254009200743;1237667254009200956,False,False,2,0.17566124061753374
32,4,89,True,41,2.860658000000001,0,1237662237485629623;1237662237485564390;1237662237485629618,1237662237485629618;1237662237485564390;1237662237485629623,False,False,0,0.05106370705903429
33,4,89,True,30,2.810895000000002,0,1237667915955568664;1237667915955568663;1237667915955568665,1237667915955568663;1237667915955568665;1237667915955568664,False,False,1,0.11125146486034687
37,4,84,True,36,2.244447000000001,0,1237658612519141394;1237658612519141393;1237658612519141391,1237658612519141394;1237658612519141391;1237658612519141393,False,False,1,0.08241324829617414
39,4,83,True,32,2.716010999999998,0,1237663789031948360;1237663789031948495;1237663918416199874,1237663789031948360;1237663918416199874;1237663789031948495,False,False,8,0.3902220453079277
40,4,80,True,34,2.743876,0,1237655742947197070;1237655742947262473;1237662266464338197,1237655742947197070;1237655742947262473;1237662266464338197,False,False,8,0.2882053588887006
46,4,73,True,26,2.0181220000000017,0,1237667292659384425;1237667292659384413;1237667429563039946,1237667292659384425;1237667429563039946;1237667292659384413,False,False,13,0.382385002394118
50,4,71,True,32,2.5273970000000006,0,1237655743485575194;1237655743485575567;1237655743485575492,1237655743485575194;1237655743485575567;1237655743485575492,False,False,3,0.18735237912151304
51,4,71,True,44,2.9947599999999994,0,1237665534931894614;1237665534931894707;1237665534931894706,1237665534931894707;1237665534931894706;1237665534931894614,False,False,3,0.16134140689717613
61,4,64,True,36,2.307843000000002,0,1237665428645740683;1237665428645740687;1237665428645806454,1237665428645740687;1237665428645806454;1237665428645740683,False,False,2,0.12934285381001676
70,4,61,True,34,2.9189159999999994,0,1237661418212294689;1237661418212294942;1237661418212294806,1237661418212294942;1237661418212294689;1237661418212294806,False,False,2,0.13289892164978667
71,4,61,True,19,2.7436679999999996,0,1237667537465704591;1237667537465704588;1237667537465704789,1237667537465704588;1237667537465704789;1237667537465704591,False,False,3,0.11410682846825138
78,4,58,True,24,2.7989089999999983,0,1237667293189505124;1237667293189570761;1237667293189505241,1237667293189570761;1237667293189505241;1237667293189505124,False,False,2,0.336022862706832
79,4,58,True,32,1.6942940000000029,0,1237662197748006964;1237662264323539208;1237662197748006963,1237662197748006964;1237662197748006963;1237662264323539208,False,False,1,0.12770206923255678
85,4,57,True,30,2.692209000000002,0,1237662303519834621;1237662303519834305;1237662501081776441,1237662303519834305;1237662501081776441;1237662303519834621,False,False,4,0.1849844317482967
94,4,53,True,16,2.6273860000000013,0,1237662262169108543;1237662262169174037;1237662236405530754,1237662262169108543;1237662262169174037;1237662236405530754,False,False,8,0.37691509965705894
95,4,53,True,13,2.6975830000000016,0,1237664289935261842;1237664289935196255;1237662529523744971,1237664289935261842;1237662529523744971;1237664289935196255,False,False,10,0.563622377346892
96,4,53,True,22,2.611329999999999,0,1237661465457590733;1237661465457524828;1237662337335033958,1237662337335033958;1237661465457524828;1237661465457590733,False,False,9,0.39232994323238835
99,4,51,True,20,2.7706030000000013,0,1237665016314593292;1237665016314593453;1237665016314593480,1237665016314593292;1237665016314593480;1237665016314593453,False,False,8,0.18943445508925638
100,4,51,True,27,1.3564520000000009,0,1237661949737435262;1237661949737435263;1237661949737435261,1237661949737435262;1237661949737435261;1237661949737435263,False,False,5,0.14425290644056465
102,4,50,True,14,2.973071000000001,0,1237653587406684481;1237653587406684570;1237654654172070143,1237653587406684481;1237653587406684570;1237654654172070143,False,False,15,0.5841138122685994
106,4,50,True,16,2.5711000000000013,0,1237664836462248240;1237664836462248406;1237664836462182453,1237664836462248240;1237664836462182453;1237664836462248406,False,False,8,0.5363515799741236
112,4,49,True,19,2.9331080000000007,0,1237661139033718842;1237661139033784476;1237661139033718922,1237661139033784476;1237661139033718922;1237661139033718842,False,False,7,0.2543207943747685
120,4,46,True,10,2.9799460000000018,0,1237667782281134188;1237667734492151849;1237667782281068583,1237667734492151849;1237667782281068583;1237667782281134188,False,False,11,0.508924479099031
125,4,45,True,20,2.699435000000001,0,1237661386003382586;1237661386003382392;1237661386003317042,1237661386003382586;1237661386003317042;1237661386003382392,False,False,3,0.18540231509851868
129,4,44,True,13,2.7134409999999995,0,1237658300056666431;1237658300056666563;1237658300056601430,1237658300056666563;1237658300056601430;1237658300056666431,False,False,3,0.19364391972444572
131,4,44,True,27,2.9829690000000006,0,1237665128538833047;1237665025436811410;1237665025436811331,1237665025436811331;1237665128538833047;1237665025436811410,False,False,2,0.22735136575613257
143,4,41,True,9,2.3259810000000023,0,1237664132091871251;1237661070326890555;1237661070326890677,1237661070326890555;1237664132091871251;1237661070326890677,False,False,15,0.7300083636103736
146,4,41,True,17,2.9338629999999988,0,1237661434849132772;1237661434849198303;1237661361833574526,1237661361833574526;1237661434849132772;1237661434849198303,False,False,2,0.36874606120106
152,4,40,True,20,2.7771399999999993,0,1237665129099559164;1237662695961788698;1237665129099624698,1237662695961788698;1237665129099624698;1237665129099559164,False,False,0,0.30478139154542827
153,4,40,True,5,2.5480250000000026,0,1237667322184794216;1237667321647923349;1237667442972688529,1237667321647923349;1237667442972688529;1237667322184794216,False,False,31,2.259908831053245
154,4,40,True,9,2.5115510000000008,0,1237664093439852639;1237664668428599470;1237664093439983708,1237664093439983708;1237664093439852639;1237664668428599470,False,False,10,0.6994670372166922
157,4,39,True,12,2.7769779999999997,0,1237665567691374851;1237665567691309503;1237665567691374897,1237665567691374897;1237665567691309503;1237665567691374851,False,False,3,0.18286576425814172
174,4,38,True,24,2.3466020000000007,0,1237661381704548428;1237661381704548427;1237661381704548426,1237661381704548428;1237661381704548426;1237661381704548427,False,False,0,0.07072112774819295
180,4,37,True,8,2.2865949999999984,0,1237662336256835778;1237661463842455568;1237661463842390293,1237661463842455568;1237662336256835778;1237661463842390293,False,False,18,0.7167331562669119
189,4,36,True,17,2.124694999999999,0,1237667782827638813;1237667782827638816;1237667735575462006,1237667782827638813;1237667735575462006;1237667782827638816,False,False,3,0.15913862360184527
191,4,36,True,17,2.0467270000000006,0,1237658800967254132;1237658800967254171;1237658800967188592,1237658800967188592;1237658800967254132;1237658800967254171,False,False,0,0.18138826666640195
200,4,35,True,20,1.9605110000000003,0,1237665023836880982;1237665023836881158;1237665023836881029,1237665023836881029;1237665023836881158;1237665023836880982,False,False,2,0.2902604096751551
202,4,35,True,23,2.8578089999999996,0,1237665427567673463;1237665427567673685;1237665427567673643,1237665427567673463;1237665427567673643;1237665427567673685,False,False,4,0.12497019348214611
213,4,34,True,9,1.0516039999999975,0,1237668298739482674;1237668298739482675;1237668298739548227,1237668298739482674;1237668298739482675;1237668298739548227,False,False,9,1.1519994895136705
214,4,34,True,10,2.5894890000000004,0,1237655348895351215;1237655348895416475;1237655348895416498,1237655348895416475;1237655348895416498;1237655348895351215,False,False,2,0.2431530329720042
224,4,33,True,14,1.566039,0,1237667322179616901;1237667322179682330;1237667429571231828,1237667322179682330;1237667322179616901;1237667429571231828,False,False,8,0.46808299240576545
226,4,33,True,15,2.9895460000000007,0,1237661850399473802;1237661850399473791;1237661871870509192,1237661850399473791;1237661871870509192;1237661850399473802,False,False,1,0.09902538238122993
227,4,33,True,20,2.9020759999999974,0,1237661064956280854;1237661064956280858;1237661064956215526,1237661064956280854;1237661064956215526;1237661064956280858,False,False,0,0.10208401948497059
229,4,33,True,25,2.5601139999999987,0,1237651752929853497;1237651752929853592;1237651752929788028,1237651752929853497;1237651752929788028;1237651752929853592,False,False,3,0.29674632960079883
242,4,32,True,13,2.686305000000001,0,1237671991875600389;1237661971730333720;1237661971730333900,1237661971730333720;1237671991875600389;1237661971730333900,False,False,2,0.31447048751677187
243,4,32,True,9,2.612279000000001,0,1237665440998031805;1237665428108935403;1237665428108935458,1237665428108935458;1237665428108935403;1237665440998031805,False,False,11,0.4190878653723136
244,4,32,True,21,2.8304329999999993,0,1237667447802429720;1237667447802429774;1237667447802364057,1237667447802429720;1237667447802429774;1237667447802364057,False,False,4,0.35188603585488654
260,4,31,True,15,2.8557679999999976,0,1237660342862938125;1237660342862872624;1237660342862938375,1237660342862872624;1237660342862938375;1237660342862938125,False,False,4,0.17251869648661522
273,4,30,True,15,2.8878500000000003,0,1237664671645237313;1237664671645171895;1237664671645171915,1237664671645171895;1237664671645171915;1237664671645237313,False,False,1,0.2888678269240703
286,4,29,True,12,1.914356999999999,0,1237651822716518782;1237651822716518783;1237654880207765798,1237651822716518782;1237651822716518783;1237654880207765798,False,False,3,0.4107585889527847
288,4,29,True,17,2.433879000000001,0,1237661949200433494;1237662198821683697;1237662198821748956,1237662198821748956;1237661949200433494;1237662198821683697,False,False,2,0.515692037003106
290,4,29,True,12,2.812894,0,1237663916267536476;1237663916267536572;1237663786883350690,1237663786883350690;1237663916267536476;1237663916267536572,False,False,9,0.3091538047469662
291,4,29,True,17,2.797618,0,1237662266463486059;1237662266463486072;1237662266463551701,1237662266463486072;1237662266463486059;1237662266463551701,False,False,3,0.19365577881935447
292,4,29,True,14,2.3419419999999995,0,1237668331491819554;1237668331491819552;1237668331491819768,1237668331491819552;1237668331491819554;1237668331491819768,False,False,2,0.11649830525820049
293,4,29,True,14,2.0539000000000023,0,1237662238014439591;1237662238014439648;1237662238014308394,1237662238014308394;1237662238014439648;1237662238014439591,False,False,7,0.5165331665232014
307,4,28,True,16,2.4385580000000004,0,1237661950276469037;1237661950276469020;1237662199360848014,1237661950276469020;1237661950276469037;1237662199360848014,False,False,3,0.2916867247701127
308,4,28,True,13,2.5523349999999994,0,1237654879130157270;1237654879130157152;1237651821638975664,1237654879130157152;1237651821638975664;1237654879130157270,False,False,7,0.7581592794691154
312,4,28,True,11,1.966667000000001,0,1237667911138672660;1237667911138672823;1237667447275257905,1237667911138672660;1237667911138672823;1237667447275257905,False,False,0,0.2764731854539928
313,4,28,True,7,1.8782219999999974,0,1237667916490604603;1237668294449758225;1237667916490604564,1237668294449758225;1237667916490604603;1237667916490604564,False,False,4,0.7189300316973721
329,4,27,True,12,2.9418059999999997,0,1237661433772245175;1237661357008355381;1237661433772310697,1237661433772310697;1237661433772245175;1237661357008355381,False,False,4,0.46949695923329315
335,4,27,True,9,2.982699,0,1237665231058895034;1237665231058895145;1237665231058960779,1237665231058895034;1237665231058960779;1237665231058895145,False,False,6,0.5518254010678891
336,4,27,True,15,2.168629000000003,0,1237661069250789417;1237661069250789503;1237661069250789598,1237661069250789503;1237661069250789598;1237661069250789417,False,False,3,0.19275523333750222
348,4,26,True,16,2.9254710000000017,0,1237659324412526747;1237659324412461258;1237661388684067032,1237659324412526747;1237661388684067032;1237659324412461258,False,False,1,0.38758101819983715
350,4,26,True,16,1.8832060000000013,0,1237665442071969837;1237665442071970062;1237665442071970090,1237665442071970090;1237665442071969837;1237665442071970062,False,False,4,0.15626388813223446
351,4,26,True,12,2.203965,0,1237655348355203169;1237655348355203181;1237655464856780879,1237655348355203181;1237655464856780879;1237655348355203169,False,False,2,0.3676540066819163
379,4,25,True,8,2.900265000000001,0,1237659162813530234;1237659162813464715;1237661387616682025,1237659162813530234;1237659162813464715;1237661387616682025,False,False,4,0.6524632323925896
387,4,24,True,4,2.857591999999997,0,1237654654179803289;1237654654179803317;1237653612646432836,1237653612646432836;1237654654179803289;1237654654179803317,False,False,15,1.7769514620281655
402,4,24,True,14,2.7105010000000007,0,1237665567685738559;1237665567685738679;1237665531180482789,1237665567685738679;1237665531180482789;1237665567685738559,False,False,2,0.312646591393257
403,4,24,True,15,2.954408000000001,0,1237665531172946006;1237665548887195946;1237665548887261199,1237665531172946006;1237665548887195946;1237665548887261199,False,False,2,0.17179909288563655
407,4,24,True,13,2.6182820000000007,0,1237662198818930727;1237662198818865386;1237661949197746205,1237662198818930727;1237661949197746205;1237662198818865386,False,False,4,0.3405327529862978
410,4,24,True,13,2.6702389999999987,0,1237655464320499873;1237655348355793107;1237655348355727570,1237655464320499873;1237655348355793107;1237655348355727570,False,False,4,0.3596745599362263
412,4,24,True,9,2.8894100000000016,0,1237658493355556921;1237658493355556919;1237658493355622464,1237658493355556919;1237658493355556921;1237658493355622464,False,False,5,0.3253519748250664
428,4,23,True,18,2.2141790000000015,0,1237651272424226982;1237651272424226940;1237651272424226960,1237651272424226960;1237651272424226940;1237651272424226982,False,False,0,0.24685041095577542
436,4,23,True,11,2.7768939999999986,0,1237665428633747596;1237665428633747667;1237665428633812997,1237665428633812997;1237665428633747596;1237665428633747667,False,False,7,1.0402644407784045
443,4,23,True,11,2.4199519999999985,0,1237661948651438269;1237671958588424370;1237671992947638320,1237671958588424370;1237671992947638320;1237661948651438269,False,False,0,0.5660920807253742
444,4,23,True,13,2.798479999999998,0,1237664667901689961;1237664667901624645;1237664667901624624,1237664667901624624;1237664667901624645;1237664667901689961,False,False,1,0.2759667800625749
446,4,23,True,7,2.1262760000000007,0,1237667442435751975;1237667442435752133;1237667442435752193,1237667442435752133;1237667442435752193;1237667442435751975,False,False,1,0.20920177230040427
470,4,22,True,8,2.696044999999998,0,1237662528993951972;1237662528994017307;1237662635828773071,1237662635828773071;1237662528993951972;1237662528994017307,False,False,2,0.6431518916898646
477,4,22,True,16,2.9334310000000023,0,1237668365314490759;1237668365314556218;1237668272988487820,1237668272988487820;1237668365314556218;1237668365314490759,False,False,2,0.556852712492871
479,4,22,True,11,2.9083979999999983,0,1237665564998697111;1237665564998697191;1237665564998762503,1237665564998762503;1237665564998697111;1237665564998697191,False,False,4,0.16553731597934407
480,4,22,True,14,2.958500000000001,0,1237651252053475654;1237651252053475670;1237651252053475743,1237651252053475743;1237651252053475654;1237651252053475670,False,False,2,0.3899592272184851
481,4,22,True,12,2.9040810000000015,0,1237665549974306948;1237665549974241374;1237665549974241648,1237665549974306948;1237665549974241648;1237665549974241374,False,False,2,0.5966810993054672
482,4,22,True,16,2.688219,0,1237665225702637601;1237665225702637605;1237665225702637606,1237665225702637601;1237665225702637605;1237665225702637606,False,False,1,0.08818321998229028
483,4,22,True,16,2.162617000000001,0,1237665101680672774;1237665101680672773;1237665101680607541,1237665101680672774;1237665101680607541;1237665101680672773,False,False,0,0.17428068648512562
484,4,22,True,14,2.710272,0,1237662224070869196;1237662224070869225;1237662224070869216,1237662224070869216;1237662224070869225;1237662224070869196,False,False,1,0.1776809080000037
510,4,21,True,10,2.430098000000001,0,1237651823246573749;1237651823246639293;1237651823246639324,1237651823246639324;1237651823246639293;1237651823246573749,False,False,1,0.174627739073959
521,4,21,True,13,2.982657999999997,0,1237662636367478910;1237662636367478914;1237662636367478869,1237662636367478910;1237662636367478869;1237662636367478914,False,False,0,0.12254611033954532
526,4,21,True,15,2.921140000000001,0,1237665023838060740;1237665023838060759;1237665023837995164,1237665023838060759;1237665023837995164;1237665023838060740,False,False,1,0.13855731511373515
555,4,20,True,9,2.762027,0,1237662267536179598;1237662267536244747;1237655744019234975,1237655744019234975;1237662267536244747;1237662267536179598,False,False,4,0.7623191064861352
567,4,20,True,12,2.7799690000000012,0,1237658310794412098;1237655106768207962;1237658310794477714,1237658310794412098;1237655106768207962;1237658310794477714,False,False,2,0.09234493399374077
568,4,20,True,8,2.779845999999999,0,1237667782815842653;1237670449986535607;1237667735026729213,1237667735026729213;1237670449986535607;1237667782815842653,False,False,6,0.7347018400040461
574,4,20,True,9,2.824217000000001,0,1237662530070446243;1237662530070315251;1237662637442269203,1237662530070315251;1237662637442269203;1237662530070446243,False,False,5,0.7165867187608796
576,4,20,True,13,2.394751000000003,0,1237654879668404386;1237654879668338981;1237654879668404260,1237654879668404260;1237654879668338981;1237654879668404386,False,False,2,0.12401488668215954
578,4,20,True,9,2.6643550000000005,0,1237659119877554253;1237659119877554442;1237659119877554191,1237659119877554442;1237659119877554191;1237659119877554253,False,False,2,0.09970969235780558
581,4,20,True,8,2.894327999999998,0,1237667323787214944;1237667323787215123;1237667323787149512,1237667323787214944;1237667323787215123;1237667323787149512,False,False,1,0.24258907061511525
583,4,20,True,16,2.2206449999999975,0,1237667783387185208;1237667783387185212;1237667783387185223,1237667783387185208;1237667783387185212;1237667783387185223,False,False,0,0.050680494289723654
587,4,20,True,9,2.222256999999999,0,1237651755098767633;1237651755098833051;1237651821097779258,1237651821097779258;1237651755098833051;1237651755098767633,False,False,2,0.2825865000886276
590,4,20,True,7,2.084160999999998,0,1237667324334637189;1237667444048724176;1237667444048789811,1237667324334637189;1237667444048724176;1237667444048789811,False,False,7,0.8508868856949761
609,4,19,True,8,2.8227120000000028,0,1237653614794244234;1237653614794309776;1237653614794178781,1237653614794309776;1237653614794178781;1237653614794244234,False,False,2,0.6127665367337958
623,4,19,True,5,2.779247999999999,0,1237668365313376588;1237668272450503042;1237668272987308094,1237668272987308094;1237668272450503042;1237668365313376588,False,False,8,0.8795006414277218
624,4,19,True,9,2.4107850000000006,0,1237667910587056281;1237667910587056318;1237667910587056452,1237667910587056318;1237667910587056452;1237667910587056281,False,False,3,0.4425772766532816
626,4,19,True,15,2.8002719999999997,0,1237662238021714395;1237662238021714380;1237662238021714001,1237662238021714395;1237662238021714001;1237662238021714380,False,False,0,0.09411960306315592
629,4,19,True,5,2.961524999999998,0,1237662225132748827;1237662225132683436;1237664668973990023,1237662225132683436;1237662225132748827;1237664668973990023,False,False,7,0.6823420989688973
631,4,19,True,8,2.5930159999999987,0,1237658612519272647;1237658612519206931;1237658612519141592,1237658612519141592;1237658612519206931;1237658612519272647,False,False,5,0.4775528551823349
634,4,19,True,8,2.971301999999998,0,1237671932820258894;1237671932820193442;1237658493883580478,1237658493883580478;1237671932820258894;1237671932820193442,False,False,3,0.34159032089638064
637,4,19,True,10,2.675690000000003,0,1237667735041474588;1237667735041474586;1237667735041474590,1237667735041474586;1237667735041474588;1237667735041474590,False,False,0,0.09609110279187272
640,4,19,True,11,2.476914999999998,0,1237667446192537681;1237667910055886957;1237667446192537633,1237667446192537633;1237667910055886957;1237667446192537681,False,False,2,0.2430838136708129
641,4,19,True,10,2.967324999999999,0,1237662236393406478;1237662236393406671;1237662236393406483,1237662236393406478;1237662236393406483;1237662236393406671,False,False,2,0.20325078115998618
642,4,19,True,13,2.3243340000000003,0,1237662662678151239;1237662662678151198;1237662224623141115,1237662662678151198;1237662662678151239;1237662224623141115,False,False,0,0.22754771219457748
643,4,19,True,6,2.0887710000000013,0,1237657874868535396;1237658205573873789;1237657874868535323,1237658205573873789;1237657874868535323;1237657874868535396,False,False,3,0.562869906756827
689,4,18,True,6,2.3609620000000007,0,1237648702977409215;1237648702977409073;1237655495981990086,1237655495981990086;1237648702977409215;1237648702977409073,False,False,3,1.3365053271963134
691,4,18,True,9,2.9499630000000003,0,1237657873254907919;1237657873254908052;1237657873254842442,1237657873254908052;1237657873254907919;1237657873254842442,False,False,3,0.4560085383916537
693,4,18,True,11,2.8429059999999993,0,1237661137958666322;1237661383311098033;1237661383311032451,1237661137958666322;1237661383311098033;1237661383311032451,False,False,0,0.5265396590615126
697,4,18,True,8,2.8020120000000013,0,1237665227848744967;1237665227848745076;1237665330395349055,1237665330395349055;1237665227848745076;1237665227848744967,False,False,5,1.4148685638297742
699,4,18,True,8,2.7705219999999997,0,1237668670253170836;1237651249881939975;1237668670253170717,1237668670253170717;1237651249881939975;1237668670253170836,False,False,2,0.2257279420506615
704,4,18,True,8,2.478313,0,1237671931745992750;1237671931745992749;1237671931745927249,1237671931745992749;1237671931745992750;1237671931745927249,False,False,3,0.46815637836354185
705,4,18,True,12,2.651275000000002,0,1237668310555033802;1237668310555033870;1237668310554968131,1237668310554968131;1237668310555033802;1237668310555033870,False,False,1,0.27147861717604727
708,4,18,True,10,1.6793440000000004,0,1237664338253119520;1237664819285393504;1237664338253119518,1237664819285393504;1237664338253119518;1237664338253119520,False,False,0,0.09828671808855516
711,4,18,True,11,2.9731950000000005,0,1237659133289693297;1237659133289693298;1237659161199771728,1237659133289693297;1237659161199771728;1237659133289693298,False,False,1,0.21696269229387433
712,4,18,True,9,2.471962999999999,0,1237668367999172836;1237665565545202013;1237665566082072859,1237668367999172836;1237665565545202013;1237665566082072859,False,False,3,0.3190182241940933
713,4,18,True,9,2.2944190000000013,0,1237662642270896477;1237662642270896472;1237662642270896262,1237662642270896477;1237662642270896472;1237662642270896262,False,False,5,0.6886938702783141
714,4,18,True,9,1.6688909999999986,0,1237654030863892655;1237654030863892624;1237654030863826964,1237654030863826964;1237654030863892655;1237654030863892624,False,False,2,0.5185406717677328
715,4,18,True,8,2.987713999999997,0,1237667211048583184;1237667211048583275;1237667211048583252,1237667211048583184;1237667211048583252;1237667211048583275,False,False,2,0.5190296446259399
716,4,18,True,10,2.9239479999999993,0,1237663917339771108;1237663917339836556;1237663917339836570,1237663917339771108;1237663917339836570;1237663917339836556,False,False,0,0.11013602093251507
717,4,18,True,10,2.7537529999999997,0,1237667486455300163;1237667486455300164;1237667486455300339,1237667486455300339;1237667486455300163;1237667486455300164,False,False,1,0.08397687301865742
718,4,18,True,10,2.994181000000001,0,1237651496830501304;1237651496830501270;1237651496830501214,1237651496830501270;1237651496830501214;1237651496830501304,False,False,5,0.5079645997835751
722,4,18,True,10,2.9861770000000014,0,1237663918414758364;1237663918414823576;1237663918414758193,1237663918414758193;1237663918414823576;1237663918414758364,False,False,1,0.2583424273924164
724,4,18,True,5,2.9734930000000013,0,1237665329314398323;1237665225693921343;1237665328777592916,1237665225693921343;1237665328777592916;1237665329314398323,False,False,8,0.7695122577416527
725,4,18,True,8,2.7693449999999977,0,1237664814988263474;1237664814988263447;1237664814988263512,1237664814988263512;1237664814988263474;1237664814988263447,False,False,2,0.4509818939696739
726,4,18,True,8,1.854095000000001,0,1237654601571106889;1237654601571041490;1237654601571041343,1237654601571041343;1237654601571106889;1237654601571041490,False,False,1,0.18878272919320827
727,4,18,True,12,2.233172999999997,0,1237662264319279389;1237662264319279213;1237662264319279400,1237662264319279213;1237662264319279400;1237662264319279389,False,False,0,0.1265113243715148
774,4,17,True,8,2.776377,0,1237674649384124576;1237648720686153850;1237648720149217569,1237648720686153850;1237648720149217569;1237674649384124576,False,False,3,0.6947599149171158
780,4,17,True,9,2.5474169999999994,0,1237667210504896684;1237667210504897126;1237667210504896599,1237667210504896599;1237667210504896684;1237667210504897126,False,False,3,0.25972502001514464
784,4,17,True,11,2.097294999999999,0,1237665329323376833;1237665329323311234;1237665329323311205,1237665329323376833;1237665329323311205;1237665329323311234,False,False,2,0.4054138690182061
786,4,17,True,9,2.4422880000000013,0,1237667781239636222;1237667781239701680;1237667733987524662,1237667733987524662;1237667781239701680;1237667781239636222,False,False,4,0.5590565431428551
788,4,17,True,10,2.8928080000000023,0,1237667254008807579;1237667211596136520;1237667254008873043,1237667254008873043;1237667254008807579;1237667211596136520,False,False,4,0.4274950760702865
789,4,17,True,9,2.0347849999999994,0,1237662263783522502;1237662263783522538;1237662237482942641,1237662263783522502;1237662237482942641;1237662263783522538,False,False,4,0.31957286736799073
790,4,17,True,9,1.9085789999999996,0,1237660670888902772;1237660670888902789;1237661065489612923,1237661065489612923;1237660670888902789;1237660670888902772,False,False,2,0.3183532630959274
793,4,17,True,7,2.6737699999999975,0,1237662662681559448;1237662225163420013;1237662662681624832,1237662225163420013;1237662662681624832;1237662662681559448,False,False,1,0.3476677300557709
795,4,17,True,10,2.9650940000000006,0,1237655501884293573;1237655501884358970;1237655474505580845,1237655474505580845;1237655501884293573;1237655501884358970,False,False,2,0.42452803973777264
796,4,17,True,10,2.720476999999999,0,1237670965383790750;1237670965383790831;1237670965383921837,1237670965383790750;1237670965383790831;1237670965383921837,False,False,1,0.40810900677701945
797,4,17,True,8,2.7447359999999996,0,1237668586504782055;1237668586504781975;1237668586504847567,1237668586504781975;1237668586504782055;1237668586504847567,False,False,3,0.346657223621615
798,4,17,True,4,2.7822309999999995,0,1237662193461166177;1237662193461231736;1237662193998102638,1237662193998102638;1237662193461231736;1237662193461166177,False,False,1,0.7351722949730952
801,4,17,True,6,1.6349780000000003,0,1237665024911998985;1237665024911999138;1237665024911933591,1237665024911998985;1237665024911999138;1237665024911933591,False,False,1,0.25754694307473347
802,4,17,True,5,2.9616100000000003,0,1237667550347460634;1237667911661191278;1237667550347526220,1237667550347460634;1237667550347526220;1237667911661191278,False,False,6,0.6613701018427616
803,4,17,True,12,2.5494210000000024,0,1237655742409801806;1237655742409736258;1237655742409736462,1237655742409736258;1237655742409801806;1237655742409736462,False,False,1,0.678653934673628
804,4,17,True,8,2.464692999999997,0,1237658425165742187;1237658491735048241;1237658491734982745,1237658491734982745;1237658425165742187;1237658491735048241,False,False,2,0.572307647845852
805,4,17,True,13,2.6273809999999997,0,1237651822173552811;1237651822173552809;1237651822173487316,1237651822173552809;1237651822173487316;1237651822173552811,False,False,0,0.22180474525274452
841,4,16,True,7,2.9687250000000027,0,1237667782285787299;1237667735033741365;1237667735033741333,1237667735033741365;1237667782285787299;1237667735033741333,False,False,4,1.1233133427112705
844,4,16,True,10,2.973828000000001,0,1237667550342086697;1237667550342086875;1237667550342086930,1237667550342086930;1237667550342086875;1237667550342086697,False,False,0,0.15332885864267265
847,4,16,True,5,2.752955,0,1237651737930694670;1237654880211173600;1237651737930498465,1237651737930694670;1237654880211173600;1237651737930498465,False,False,9,0.9059729772863356
859,4,16,True,5,2.8658919999999988,0,1237667735577886985;1237667735577886962;1237667735577821313,1237667735577821313;1237667735577886985;1237667735577886962,False,False,6,0.5735050135691004
864,4,16,True,9,2.7945759999999993,0,1237648721225646275;1237674650460487907;1237674650460422494,1237674650460422494;1237674650460487907;1237648721225646275,False,False,1,0.188675710722098
867,4,16,True,9,2.9711849999999984,0,1237667735062577234;1237667782314754241;1237667735062577326,1237667782314754241;1237667735062577234;1237667735062577326,False,False,1,0.44253541994963363
871,4,16,True,11,2.8617929999999987,0,1237667253472329733;1237667253472329842;1237667253472329735,1237667253472329733;1237667253472329842;1237667253472329735,False,False,0,0.1715257414210143
883,4,16,True,9,2.3343520000000026,0,1237655124465484022;1237655124465549363;1237655124465483999,1237655124465483999;1237655124465484022;1237655124465549363,False,False,0,0.10479257313526924
885,4,16,True,10,2.3533490000000015,0,1237665370118291482;1237665331457163322;1237665370118226042,1237665331457163322;1237665370118291482;1237665370118226042,False,False,0,0.17529113984031808
886,4,16,True,8,2.9483549999999994,0,1237661355926356096;1237660634386006121;1237660634386137172,1237661355926356096;1237660634386006121;1237660634386137172,False,False,3,0.4712935803705083
887,4,16,True,10,2.8087240000000016,0,1237671123767787710;1237671260669739186;1237671123767787682,1237671123767787682;1237671260669739186;1237671123767787710,False,False,1,0.5291415301716516
888,4,16,True,9,2.6239990000000013,0,1237663916801785874;1237663916801786266;1237663916801720625,1237663916801785874;1237663916801720625;1237663916801786266,False,False,3,0.3746418343700393
889,4,16,True,9,1.9953720000000033,0,1237651735234478093;1237651735234478248;1237651752414085200,1237651735234478093;1237651752414085200;1237651735234478248,False,False,0,0.3696575218382794
962,4,15,True,6,1.2009469999999993,0,1237662224077226146;1237662224077422595;1237664854716514359,1237662224077422595;1237664854716514359;1237662224077226146,False,False,4,1.4257688183645278
974,4,15,True,6,2.035944999999998,0,1237667323250933967;1237667430105677981;1237667322713931949,1237667430105677981;1237667322713931949;1237667323250933967,False,False,6,1.0094393777619857
975,4,15,True,11,2.9605929999999994,0,1237662664291582248;1237662664291582317;1237662664291647718,1237662664291582317;1237662664291647718;1237662664291582248,False,False,1,0.25640147948263703
984,4,15,True,5,2.877889999999997,0,1237657878614638621;1237657773924352400;1237657628432007196,1237657878614638621;1237657773924352400;1237657628432007196,False,False,4,1.2532134457878037
985,4,15,True,9,1.958715999999999,0,1237665548901286143;1237665567692292584;1237665567692226797,1237665567692292584;1237665567692226797;1237665548901286143,False,False,2,0.3347000475020403
988,4,15,True,7,2.80828,0,1237671124305051901;1237671261206937699;1237671261207003251,1237671124305051901;1237671261207003251;1237671261206937699,False,False,5,0.9060235304490618
993,4,15,True,8,2.9867539999999977,0,1237651274035363852;1237663529186623648;1237663546366558454,1237651274035363852;1237663529186623648;1237663546366558454,False,False,4,0.5933724834173173
996,4,15,True,8,2.987635000000001,0,1237667430096371778;1237667430096371947;1237667292655910960,1237667430096371778;1237667292655910960;1237667430096371947,False,False,3,0.6131401793710793
998,4,15,True,11,1.980789999999999,0,1237664291548823599;1237664291548823571;1237662530600370324,1237664291548823599;1237664291548823571;1237662530600370324,False,False,2,0.32768108502499604
1001,4,15,True,6,2.168451000000001,0,1237664291011952667;1237662530063564997;1237662530063499615,1237664291011952667;1237662530063499615;1237662530063564997,False,False,3,0.31152376227872036
1004,4,15,True,10,2.8915229999999994,0,1237659330848751703;1237659330848751818;1237659330848751807,1237659330848751703;1237659330848751807;1237659330848751818,False,False,0,0.11115965547638584
1005,4,15,True,13,2.7211700000000008,0,1237665127991279710;1237665127991279712;1237665127991279874,1237665127991279712;1237665127991279874;1237665127991279710,False,False,0,0.10929317060642818
1006,4,15,True,10,2.8245520000000006,0,1237661137419108491;1237661382771474612;1237661382771409253,1237661137419108491;1237661382771474612;1237661382771409253,False,False,1,0.28400501316261906
1007,4,15,True,8,2.4908150000000013,0,1237664092898918570;1237664668424536083;1237664092898918748,1237664668424536083;1237664092898918748;1237664092898918570,False,False,3,0.35435666569171875
1088,4,14,True,4,2.9764449999999982,0,1237658919069548563;1237658803114475756;1237658803114475562,1237658803114475562;1237658919069548563;1237658803114475756,False,False,7,1.0559309731698434
1090,4,14,True,4,2.410191000000001,0,1237665532785066003;1237665532785066002;1237665532785066181,1237665532785066002;1237665532785066003;1237665532785066181,False,False,6,0.6094499214192659
1093,4,14,True,5,2.895494000000003,0,1237667254552690986;1237667254552690963;1237667254552625190,1237667254552625190;1237667254552690963;1237667254552690986,False,False,4,0.29867111507462063
1104,4,14,True,7,2.8539250000000003,0,1237663547981103123;1237663531337973846;1237663530801168520,1237663531337973846;1237663547981103123;1237663530801168520,False,False,1,0.7939412312549656
1109,4,14,True,5,2.7406219999999983,0,1237667536938139658;1237667549269721194;1237667537475010658,1237667537475010658;1237667549269721194;1237667536938139658,False,False,1,1.005682285940459
1110,4,14,True,8,2.6532620000000016,0,1237662619189575826;1237662640121577756;1237662307274653752,1237662307274653752;1237662619189575826;1237662640121577756,False,False,2,0.8077463725348046
1118,4,14,True,9,2.2718339999999984,0,1237651272431829138;1237651538169823387;1237651272431829116,1237651272431829116;1237651538169823387;1237651272431829138,False,False,0,0.1834137603433348
1122,4,14,True,8,2.9083310000000004,0,1237651736314773622;1237651736314839047;1237651736314773859,1237651736314839047;1237651736314773859;1237651736314773622,False,False,2,0.20109137163371926
1124,4,14,True,8,2.7450009999999985,0,1237651823249522870;1237651823249457410;1237654880740638942,1237651823249522870;1237651823249457410;1237654880740638942,False,False,1,0.9290085020344421
1131,4,14,True,8,1.6387539999999987,0,1237671931209318579;1237671931209318493;1237671931209318606,1237671931209318493;1237671931209318579;1237671931209318606,False,False,0,0.22738659054826904
1132,4,14,True,13,2.8679050000000004,0,1237654028714967128;1237654028714967239;1237654028715032625,1237654028715032625;1237654028714967239;1237654028714967128,False,False,0,0.17359127295803356
1133,4,14,True,10,2.904135,0,1237665429171798248;1237665429171863665;1237665429171798182,1237665429171798182;1237665429171798248;1237665429171863665,False,False,1,0.19988579959752784
1134,4,14,True,6,2.4508769999999984,0,1237663916268257468;1237663916268257450;1237663786883940513,1237663786883940513;1237663916268257450;1237663916268257468,False,False,6,0.7031465905960168
1142,4,14,True,10,2.8623510000000003,0,1237665548363956318;1237665548363956244;1237665548363956543,1237665548363956318;1237665548363956244;1237665548363956543,False,False,1,0.14570684569531345
1143,4,14,True,6,2.5871119999999976,0,1237657595152433227;1237657595152433341;1237657595689304281,1237657595152433227;1237657595152433341;1237657595689304281,False,False,2,0.4569610333167322
1145,4,14,True,12,2.5436249999999987,0,1237651274036871310;1237651274036871311;1237651274036871362,1237651274036871311;1237651274036871310;1237651274036871362,False,False,1,0.1317435134732836
1259,4,13,True,4,2.907578000000001,0,1237658917459918989;1237658802041716895;1237658802041651318,1237658917459918989;1237658802041651318;1237658802041716895,False,False,2,0.7920087391743387
1264,4,13,True,7,2.6686900000000016,0,1237661068181766366;1237661951320588310;1237661068181766380,1237661068181766380;1237661068181766366;1237661951320588310,False,False,1,0.2713587103972701
1265,4,13,True,6,1.3819920000000003,0,1237665441523630105;1237665441523499143;1237665428634402842,1237665441523499143;1237665428634402842;1237665441523630105,False,False,5,0.871253007116092
1266,4,13,True,5,2.738123999999999,0,1237661068714442879;1237661068714508360;1237661068714508526,1237661068714508526;1237661068714508360;1237661068714442879,False,False,4,0.47477256673667334
1270,4,13,True,7,2.984124999999999,0,1237661137421271216;1237661382236766371;1237661137421271240,1237661382236766371;1237661137421271216;1237661137421271240,False,False,2,0.2754227729061993
1272,4,13,True,4,2.6799660000000003,0,1237667914345611509;1237667914345742360;1237668297129328675,1237667914345742360;1237668297129328675;1237667914345611509,False,False,5,0.5544384497468968
1274,4,13,True,6,2.5080070000000028,0,1237668496310665432;1237668496310665312;1237668496310730776,1237668496310730776;1237668496310665312;1237668496310665432,False,False,3,0.30856755510849165
1275,4,13,True,7,2.333717,0,1237662224066347142;1237664667907588102;1237664667370651768,1237664667370651768;1237662224066347142;1237664667907588102,False,False,2,0.6675677970231391
1278,4,13,True,5,2.401916,0,1237665024372572310;1237665128011464838;1237665128011399283,1237665128011399283;1237665128011464838;1237665024372572310,False,False,3,0.3207295071726275
1282,4,13,True,7,2.3623389999999986,0,1237660636533031076;1237661358610186319;1237660635996160210,1237661358610186319;1237660635996160210;1237660636533031076,False,False,1,0.70548869755123
1283,4,13,True,4,1.7446020000000004,0,1237667209987883063;1237667431717732380;1237667209987948561,1237667209987948561;1237667431717732380;1237667209987883063,False,False,7,0.5925876630474161
1286,4,13,True,10,2.6215979999999988,0,1237664289399439485;1237664289399439496;1237664289399374060,1237664289399439496;1237664289399374060;1237664289399439485,False,False,0,0.21130489194612068
1289,4,13,True,8,2.7010669999999983,0,1237662264859557988;1237662264859623727;1237662198284157109,1237662264859557988;1237662264859623727;1237662198284157109,False,False,2,0.5421590903051978
1295,4,13,True,4,2.8153940000000013,0,1237661356464865319;1237661356464799823;1237661356464799824,1237661356464799823;1237661356464865319;1237661356464799824,False,False,3,0.5388138736778938
1296,4,13,True,6,2.7898870000000002,0,1237661139030900756;1237661139030900758;1237661139030835274,1237661139030835274;1237661139030900758;1237661139030900756,False,False,2,0.25697781212293336
1297,4,13,True,7,2.5147119999999994,0,1237659325492560003;1237659325492560241;1237659329778483267,1237659329778483267;1237659325492560003;1237659325492560241,False,False,1,0.48928391759292467
1298,4,13,True,10,1.9527269999999994,0,1237662698108878900;1237662698108879110;1237662698108813692,1237662698108878900;1237662698108813692;1237662698108879110,False,False,1,0.40246932268482283
1300,4,13,True,4,2.8754109999999997,0,1237648705115848766;1237648705115848927;1237648722307842148,1237648705115848766;1237648722307842148;1237648705115848927,False,False,1,0.25403050122346293
1301,4,13,True,12,1.4290780000000005,0,1237661849862340734;1237661849862340742;1237661849862340735,1237661849862340734;1237661849862340735;1237661849862340742,False,False,0,0.07020673800172705
1302,4,13,True,5,2.839105,0,1237659132751642639;1237659132751577202;1237659132751577262,1237659132751577262;1237659132751577202;1237659132751642639,False,False,3,0.7326682107779234
1404,4,12,True,4,2.7030689999999993,0,1237665566618616105;1237665566618681710;1237665566618616242,1237665566618616242;1237665566618616105;1237665566618681710,False,False,2,0.47191382237409485
1436,4,12,True,5,2.963602999999999,0,1237662224596926532;1237662224596926575;1237664668438102203,1237664668438102203;1237662224596926575;1237662224596926532,False,False,2,0.36453876027436927
1437,4,12,True,8,2.122270999999998,0,1237662237478158404;1237662263778672812;1237662263778803812,1237662263778803812;1237662263778672812;1237662237478158404,False,False,0,0.6011343830894038
1443,4,12,True,8,2.8430940000000007,0,1237661386013147356;1237661386013147302;1237661386013147569,1237661386013147302;1237661386013147356;1237661386013147569,False,False,1,0.231245020352012
1447,4,12,True,6,2.524245999999998,0,1237665548350193740;1237665531172683959;1237667448886526055,1237665548350193740;1237665531172683959;1237667448886526055,False,False,3,0.8112359725181619
1451,4,12,True,3,2.689392999999999,0,1237662195056640151;1237661967423373381;1237661967423111358,1237661967423373381;1237661967423111358;1237662195056640151,False,False,8,1.6775532951840546
1455,4,12,True,7,2.8006840000000004,0,1237664817673994368;1237664817674190926;1237664817674256458,1237664817674190926;1237664817673994368;1237664817674256458,False,False,4,0.9168900468094137
1459,4,12,True,5,2.3906269999999985,0,1237658800968761371;1237658916923834489;1237658916923768882,1237658800968761371;1237658916923768882;1237658916923834489,False,False,3,0.6225936170047692
1460,4,12,True,7,2.6370499999999986,0,1237659161201803332;1237659161201803605;1237659161201803476,1237659161201803476;1237659161201803332;1237659161201803605,False,False,0,0.17816539861512704
1464,4,12,True,6,2.511448999999999,0,1237651272425734160;1237651272425668786;1237651272425668776,1237651272425668786;1237651272425734160;1237651272425668776,False,False,1,0.19158365183385406
1466,4,12,True,7,2.480891999999997,0,1237655742946672966;1237655742946672967;1237655742946673042,1237655742946672967;1237655742946672966;1237655742946673042,False,False,2,0.23460459104882148
1472,4,12,True,4,2.059757000000001,0,1237667911124582565;1237667549810720966;1237667911124516982,1237667911124582565;1237667549810720966;1237667911124516982,False,False,3,0.6500013210727591
1475,4,12,True,10,2.9588539999999988,0,1237655469135692305;1237655469135692013;1237655469135626467,1237655469135692013;1237655469135626467;1237655469135692305,False,False,0,0.5026352276282644
1480,4,12,True,10,1.987283999999999,0,1237665127453753406;1237665127453753512;1237665127453753414,1237665127453753414;1237665127453753512;1237665127453753406,False,False,0,0.09712632829601464
1482,4,12,True,6,2.528896999999997,0,1237667912203894825;1237667912203829259;1237667912740634801,1237667912203829259;1237667912740634801;1237667912203894825,False,False,3,0.640703716631716
1483,4,12,True,7,2.1596480000000007,0,1237661852006678622;1237661874014650453;1237661874014584855,1237661874014650453;1237661852006678622;1237661874014584855,False,False,0,0.36961608849291316
1484,4,12,True,7,2.193016,0,1237658205595107580;1237658205595107573;1237658205595041980,1237658205595107573;1237658205595041980;1237658205595107580,False,False,2,0.31819616245222093
1485,4,12,True,7,2.6104570000000002,0,1237662194000461972;1237662306190295191;1237662306190295221,1237662194000461972;1237662306190295221;1237662306190295191,False,False,1,0.2702600227354077
1486,4,12,True,7,2.809196,0,1237674602676289706;1237674602676289826;1237664814452244710,1237674602676289706;1237674602676289826;1237664814452244710,False,False,2,0.7322551428808435
1488,4,12,True,4,2.9653139999999993,0,1237648721757929562;1237651801774358588;1237648721757929485,1237648721757929562;1237651801774358588;1237648721757929485,False,False,4,0.7099749862873512
1490,4,12,True,5,2.2353629999999995,0,1237657606426722476;1237657606426787999;1237657606426591432,1237657606426722476;1237657606426787999;1237657606426591432,False,False,4,0.5312944315176615
1492,4,12,True,9,2.368122999999997,0,1237665372258828633;1237665372258828656;1237665372258828586,1237665372258828633;1237665372258828656;1237665372258828586,False,False,0,0.0999941502614794
1494,4,12,True,9,2.4234839999999984,0,1237655123940606220;1237655123940606209;1237654879118229530,1237654879118229530;1237655123940606220;1237655123940606209,False,False,0,0.2309282628695879
1496,4,12,True,4,2.019801000000001,0,1237663787417469125;1237663916801851543;1237663787417600310,1237663916801851543;1237663787417469125;1237663787417600310,False,False,6,0.6541882391010159
1497,4,12,True,9,1.878859000000002,0,1237660671429967979;1237661950780047494;1237660671429968008,1237660671429967979;1237660671429968008;1237661950780047494,False,False,1,0.1946652253553518
1498,4,12,True,7,2.622847,0,1237665129087565862;1237665129087565950;1237665129087631503,1237665129087565862;1237665129087631503;1237665129087565950,False,False,1,0.45136443538560655
1499,4,12,True,8,2.712389999999999,0,1237667782270583073;1237667782270648848;1237667782270583070,1237667782270583070;1237667782270583073;1237667782270648848,False,False,0,0.48667318283482075
1599,4,11,True,6,1.7725259999999992,0,1237654391639441458;1237653589017362552;1237654391639507212,1237653589017362552;1237654391639507212;1237654391639441458,False,False,1,0.5440557175863638
1600,4,11,True,6,2.740757000000002,0,1237661381704024169;1237661381704089681;1237661381703958722,1237661381704024169;1237661381704089681;1237661381703958722,False,False,1,0.6942473376516372
1616,4,11,True,6,2.404088999999999,0,1237654383585394820;1237654383585329365;1237654391644618891,1237654383585329365;1237654383585394820;1237654391644618891,False,False,3,0.3935307878350933
1619,4,11,True,4,2.931083000000001,0,1237659326026547606;1237659330312536341;1237659330849276115,1237659330849276115;1237659326026547606;1237659330312536341,False,False,4,0.9166505943544472
1659,4,11,True,3,2.2848760000000006,0,1237668624622157845;1237668624622092360;1237668624621961294,1237668624622092360;1237668624622157845;1237668624621961294,False,False,6,1.7379040578250837
1664,4,11,True,7,2.532990999999999,0,1237655370904764505;1237655465385459816;1237655465385394461,1237655465385394461;1237655370904764505;1237655465385459816,False,False,0,0.13508790089138145
1670,4,11,True,3,2.736683999999997,0,1237662698640441555;1237662698640506996;1237664854183313713,1237662698640441555;1237662698640506996;1237664854183313713,False,False,6,1.090462586737388
1678,4,11,True,4,2.387840999999998,0,1237668336324706372;1237665566082400802;1237668336861511907,1237665566082400802;1237668336861511907;1237668336324706372,False,False,1,0.6343030656895259
1698,4,11,True,4,2.283068,0,1237663786885906495;1237663916270158057;1237663786885906868,1237663786885906495;1237663786885906868;1237663916270158057,False,False,5,0.3101374682861051
1701,4,11,True,7,2.4861690000000003,0,1237661949719478403;1237661949719478306;1237661949719478394,1237661949719478306;1237661949719478394;1237661949719478403,False,False,2,0.1538187837506464
1714,4,11,True,4,1.9953009999999978,0,1237661070324858895;1237661070324858902;1237661070324858899,1237661070324858895;1237661070324858902;1237661070324858899,False,False,1,0.10751837531252928
1716,4,11,True,7,2.870214999999998,0,1237667430641697017;1237667430641696794;1237667430641697079,1237667430641696794;1237667430641697079;1237667430641697017,False,False,0,0.17574593460457377
1718,4,11,True,3,2.6956719999999983,0,1237661950254448669;1237661813348434037;1237661812811563096,1237661813348434037;1237661812811563096;1237661950254448669,False,False,7,0.6815029121038112
1719,4,11,True,4,2.746355000000001,0,1237648721792729305;1237648704600670761;1237648721792729473,1237648704600670761;1237648721792729473;1237648721792729305,False,False,3,0.5359278897958948
1722,4,11,True,7,2.131771999999998,0,1237665567154962520;1237665530649706709;1237665567155028247,1237665567155028247;1237665567154962520;1237665530649706709,False,False,1,0.2894822442480871
1729,4,11,True,7,2.4532939999999996,0,1237662239091917063;1237662239091982527;1237662239091916865,1237662239091916865;1237662239091917063;1237662239091982527,False,False,2,0.2265773868058112
1731,4,11,True,5,1.2622430000000016,0,1237667783903346812;1237667783903346858;1237667783903281233,1237667783903346812;1237667783903281233;1237667783903346858,False,False,3,0.2545374853332749
1732,4,11,True,6,2.7371739999999996,0,1237667736128847908;1237667736128913415;1237667736128782467,1237667736128913415;1237667736128847908;1237667736128782467,False,False,1,0.4439564339561528
1733,4,11,True,4,2.856095,0,1237661418750279810;1237661418750279849;1237661388679348337,1237661418750279810;1237661418750279849;1237661388679348337,False,False,1,0.25143454275477684
1737,4,11,True,10,2.9307209999999984,0,1237661949711220893;1237661949711220837;1237661949711220877,1237661949711220877;1237661949711220893;1237661949711220837,False,False,0,0.14618424160756804
1739,4,11,True,5,2.3710720000000016,0,1237655473429741825;1237665355086757968;1237655348358021297,1237655348358021297;1237655473429741825;1237665355086757968,False,False,4,0.5473714009080304
1740,4,11,True,8,2.9560439999999986,0,1237667430105022513;1237667430105022648;1237667430105022483,1237667430105022483;1237667430105022513;1237667430105022648,False,False,1,0.19279383041525833
1743,4,11,True,6,2.8613290000000013,0,1237654652561653886;1237654652561654051;1237654652561588590,1237654652561588590;1237654652561653886;1237654652561654051,False,False,2,0.2750004673014166
1744,4,11,True,5,2.848445999999999,0,1237655471822209115;1237659326567678032;1237655471822209218,1237655471822209115;1237655471822209218;1237659326567678032,False,False,1,0.34623896824756883
1746,4,11,True,6,1.8573699999999995,0,1237668349214785655;1237668349214785881;1237668331493916905,1237668349214785655;1237668331493916905;1237668349214785881,False,False,3,0.5100585703618439
1747,4,11,True,10,2.8840400000000024,0,1237655743482757360;1237655743482691805;1237655743482757400,1237655743482691805;1237655743482757360;1237655743482757400,False,False,0,0.26751542305723675
1749,4,11,True,8,2.762276,0,1237662531137568924;1237662531137568918;1237662531137634375,1237662531137568924;1237662531137634375;1237662531137568918,False,False,1,0.2194241973957647
1750,4,11,True,7,1.7428989999999978,0,1237662303514591245;1237662303514656781;1237662501076467812,1237662303514591245;1237662303514656781;1237662501076467812,False,False,1,0.7498849255880007
1751,4,11,True,7,2.587593000000002,0,1237661873481318442;1237661873481318536;1237661873481384179,1237661873481318536;1237661873481318442;1237661873481384179,False,False,3,0.4553121089888954
1753,4,11,True,6,2.928314999999998,0,1237658802572099607;1237657590857400524;1237657590857531471,1237657590857531471;1237658802572099607;1237657590857400524,False,False,1,0.5333296575017084
1754,4,11,True,6,2.467257,0,1237655503498314153;1237655129844416636;1237655503498248707,1237655129844416636;1237655503498248707;1237655503498314153,False,False,2,0.34485510098294725
1756,4,11,True,9,2.1937770000000008,0,1237667782850052121;1237667782850052122;1237667782850052123,1237667782850052121;1237667782850052122;1237667782850052123,False,False,0,0.03925339758715407
1757,4,11,True,8,2.060492,0,1237667293188718744;1237667293188718767;1237667293188653149,1237667293188653149;1237667293188718744;1237667293188718767,False,False,1,0.32597071951813383
1758,4,11,True,10,2.2500600000000013,0,1237663915730272292;1237663915730272304;1237663915730272609,1237663915730272292;1237663915730272609;1237663915730272304,False,False,0,0.2330683590452578
1759,4,11,True,10,2.793578,0,1237665532260581636;1237665549437960610;1237665549437960502,1237665549437960610;1237665532260581636;1237665549437960502,False,False,0,0.24679444650368865
1939,4,10,True,5,2.6426149999999993,0,1237657220414308480;1237657220414308395;1237657611263475859,1237657611263475859;1237657220414308480;1237657220414308395,False,False,2,0.6547978994674146
1948,4,10,True,6,2.8905600000000007,0,1237662341090312387;1237662665889939764;1237662306740601080,1237662341090312387;1237662665889939764;1237662306740601080,False,False,3,0.6674428717175918
1949,4,10,True,6,2.6420749999999984,0,1237661357535461544;1237660635995242604;1237660635995308152,1237660635995242604;1237661357535461544;1237660635995308152,False,False,1,0.6657896156576122
1953,4,10,True,7,2.7719829999999988,0,1237667536398909508;1237667536398975190;1237667536398909593,1237667536398909508;1237667536398975190;1237667536398909593,False,False,0,0.4863407465897591
1954,4,10,True,7,2.5351599999999976,0,1237667734497722567;1237667734497722543;1237667782286704806,1237667734497722543;1237667734497722567;1237667782286704806,False,False,2,0.35515183910514736
1977,4,10,True,3,2.628370999999998,0,1237651190815719626;1237651190815719612;1237651190815719555,1237651190815719555;1237651190815719612;1237651190815719626,False,False,3,1.0115549780699276
1996,4,10,True,7,2.164772000000003,0,1237655369826697452;1237655464844198086;1237655464844263595,1237655464844263595;1237655369826697452;1237655464844198086,False,False,2,0.30206895259750866
2009,4,10,True,5,2.1911629999999995,0,1237664668981264486;1237662225140088946;1237664668981330034,1237664668981264486;1237664668981330034;1237662225140088946,False,False,1,0.27662256821255493
2018,4,10,True,5,1.6657880000000027,0,1237654391103553879;1237654391103619286;1237654391103553687,1237654391103553687;1237654391103619286;1237654391103553879,False,False,0,0.16469984301030216
2021,4,10,True,6,2.9254430000000013,0,1237661874027102311;1237661852019196066;1237661852019261469,1237661852019261469;1237661874027102311;1237661852019196066,False,False,1,0.3644386425459212
2025,4,10,True,7,1.9008199999999995,0,1237671260671443273;1237671260671443267;1237671260671443213,1237671260671443267;1237671260671443213;1237671260671443273,False,False,0,0.20846056377281208
2038,4,10,True,6,2.6346559999999997,0,1237659326018355471;1237659326018355451;1237659149921091774,1237659326018355451;1237659326018355471;1237659149921091774,False,False,0,0.4053024529007434
2039,4,10,True,8,2.987059000000002,0,1237662267539980658;1237662267539980622;1237662267539980522,1237662267539980622;1237662267539980658;1237662267539980522,False,False,1,0.17590432538289935
2041,4,10,True,5,2.192608,0,1237668293376016459;1237668293375951070;1237668293375951157,1237668293375951070;1237668293375951157;1237668293376016459,False,False,0,0.15686564369605316
2051,4,10,True,5,2.624725999999999,0,1237655473432101295;1237655374647918862;1237655374647918701,1237655473432101295;1237655374647918701;1237655374647918862,False,False,0,0.43861014999949255
2052,4,10,True,8,2.9096129999999967,0,1237667142330548459;1237667142330548370;1237667142330548469,1237667142330548370;1237667142330548459;1237667142330548469,False,False,1,0.24359447740869022
2055,4,10,True,6,2.4549400000000006,0,1237651272962211932;1237651272962212132;1237651272962277451,1237651272962211932;1237651272962212132;1237651272962277451,False,False,0,0.18174167086332194
2057,4,10,True,8,2.690539000000001,0,1237657242433028261;1237657242433093724;1237657242433028277,1237657242433028261;1237657242433093724;1237657242433028277,False,False,1,0.30283900256660523
2064,4,10,True,6,1.3587339999999983,0,1237662264862376025;1237662264862441723;1237662264862376390,1237662264862441723;1237662264862376390;1237662264862376025,False,False,2,0.50699736965184
2065,4,10,True,6,2.1057859999999984,0,1237658491204665407;1237658491204730988;1237658491204665353,1237658491204665353;1237658491204665407;1237658491204730988,False,False,1,0.3340005681986744
2067,4,10,True,6,2.4211479999999987,0,1237659161195249691;1237661385998401730;1237659161195249868,1237661385998401730;1237659161195249868;1237659161195249691,False,False,1,0.33298769884594037
2068,4,10,True,4,2.340322999999998,0,1237660343935041725;1237660343934976007;1237660635989737560,1237660343935041725;1237660635989737560;1237660343934976007,False,False,3,0.6818589219618776
2070,4,10,True,7,1.9781329999999997,0,1237667112257650761;1237667141792170057;1237667112257716415,1237667112257650761;1237667112257716415;1237667141792170057,False,False,1,0.19516744951527
2071,4,10,True,8,2.309256999999999,0,1237665026510946313;1237665026510880997;1237665026510881018,1237665026510946313;1237665026510881018;1237665026510880997,False,False,0,0.15310190788130473
2072,4,10,True,5,2.3732830000000007,0,1237658800431104162;1237662303503974501;1237662303503909059,1237662303503974501;1237662303503909059;1237658800431104162,False,False,1,0.2435783667738889
2073,4,10,True,7,2.240407000000001,0,1237668293906530412;1237668293906464988;1237668293906464929,1237668293906530412;1237668293906464929;1237668293906464988,False,False,0,0.3884163311943567
2074,4,10,True,8,2.373495000000002,0,1237651250439979263;1237651250439979264;1237655128762810629,1237651250439979263;1237655128762810629;1237651250439979264,False,False,0,0.26575343576684674
2077,4,10,True,8,2.9075210000000027,0,1237665442070528252;1237665442070593666;1237665442070593542,1237665442070593666;1237665442070593542;1237665442070528252,False,False,1,0.293520248153083
2078,4,10,True,8,2.9182489999999994,0,1237667429568086156;1237667429568086113;1237667429568086121,1237667429568086113;1237667429568086156;1237667429568086121,False,False,1,0.1642042725695867
2079,4,10,True,3,2.679980999999998,0,1237651752919040182;1237651752919040221;1237653664180732221,1237651752919040182;1237651752919040221;1237653664180732221,False,False,2,0.7269789168309586
2080,4,10,True,7,2.7631489999999985,0,1237661958300238043;1237661958300238036;1237661958300238168,1237661958300238036;1237661958300238043;1237661958300238168,False,False,1,0.16814905022251825
2081,4,10,True,4,1.493697000000001,0,1237665024374865968;1237665024374866095;1237665024375062540,1237665024375062540;1237665024374866095;1237665024374865968,False,False,3,0.7516724421842511
2083,4,10,True,5,2.0216429999999974,0,1237664131554541775;1237661069789561066;1237661069789561112,1237664131554541775;1237661069789561066;1237661069789561112,False,False,4,0.6072831041863473
2084,4,10,True,8,2.619009000000002,0,1237654604776472776;1237654604776472806;1237654604776472790,1237654604776472806;1237654604776472790;1237654604776472776,False,False,0,0.15653359311476356
2086,4,10,True,4,2.6050579999999997,0,1237673705578758184;1237673705578758555;1237651272418132006,1237651272418132006;1237673705578758184;1237673705578758555,False,False,5,0.5593994439365151
2088,4,10,True,7,2.7396689999999992,0,1237657400806277320;1237657400806277191;1237657400806342833,1237657400806277320;1237657400806342833;1237657400806277191,False,False,2,0.7875875542567954
2089,4,10,True,6,2.4890420000000013,0,1237660635461779634;1237661357538869384;1237660635461779518,1237660635461779518;1237661357538869384;1237660635461779634,False,False,1,0.42192697539640633
2090,4,10,True,7,2.4228249999999996,0,1237665328771563541;1237667255619354751;1237667255619354715,1237667255619354751;1237665328771563541;1237667255619354715,False,False,1,0.6464212605016844
2091,4,10,True,8,2.7515820000000026,0,1237654879669452848;1237654879669453281;1237654879669453071,1237654879669453071;1237654879669452848;1237654879669453281,False,False,0,0.191043567902482
2093,4,10,True,8,2.5146349999999984,0,1237665549439795426;1237665549439795506;1237665549439795565,1237665549439795506;1237665549439795565;1237665549439795426,False,False,0,0.18754719560734312
2095,4,10,True,6,2.248881000000001,0,1237662237478682689;1237662237478682633;1237662237478617282,1237662237478682689;1237662237478682633;1237662237478617282,False,False,1,0.7214498774604685
2252,4,9,True,4,2.8642980000000016,0,1237651538179850262;1237651538179784880;1237651537642914009,1237651537642914009;1237651538179850262;1237651538179784880,False,False,3,0.9062341956627336
2283,4,9,True,5,2.9278109999999984,0,1237659324953854326;1237659329239777432;1237659324953854292,1237659329239777432;1237659324953854292;1237659324953854326,False,False,1,0.2966476308070769
2306,4,9,True,4,2.771552,0,1237668296601239639;1237668296601174268;1237668496867000461,1237668496867000461;1237668296601239639;1237668296601174268,False,False,4,1.0134378348027653
2318,4,9,True,4,2.949154,0,1237651251486785701;1237651252023722212;1237651252023525473,1237651252023525473;1237651251486785701;1237651252023722212,False,False,2,0.9228647434590549
2345,4,9,True,3,2.8005549999999992,0,1237661949178216474;1237661949178216473;1237661811198459942,1237661949178216474;1237661949178216473;1237661811198459942,False,False,5,1.8712498109101787
2355,4,9,True,5,2.720471,0,1237648721790894241;1237648705135772257;1237648705135837483,1237648721790894241;1237648705135772257;1237648705135837483,False,False,1,0.3566985175791908
2376,4,9,True,4,2.5545170000000006,0,1237659329773633620;1237659325487644730;1237659329773699247,1237659325487644730;1237659329773699247;1237659329773633620,False,False,4,0.4865602343912325
2417,4,9,True,5,2.771287000000001,0,1237662696499380384;1237662696499380362;1237662696499183930,1237662696499183930;1237662696499380362;1237662696499380384,False,False,2,0.8102727258937357
2423,4,9,True,8,1.8115479999999984,0,1237662267537949098;1237662267537949046;1237662267538014312,1237662267538014312;1237662267537949046;1237662267537949098,False,False,0,0.6587063977655632
2435,4,9,True,6,2.5753340000000016,0,1237673809192157411;1237673809192223014;1237674371289907217,1237673809192223014;1237674371289907217;1237673809192157411,False,False,0,0.14662602814297987
2454,4,9,True,6,2.916544000000002,0,1237648721249435833;1237648721249501332;1237648704594313302,1237648721249501332;1237648704594313302;1237648721249435833,False,False,0,0.1942527790129196
2456,4,9,True,4,2.9759220000000006,0,1237668349207511108;1237668349207445599;1237668314847051864,1237668314847051864;1237668349207445599;1237668349207511108,False,False,3,1.2128877344817113
2457,4,9,True,4,2.578092999999999,0,1237654609606148138;1237654609606279302;1237654875361378383,1237654609606148138;1237654875361378383;1237654609606279302,False,False,4,0.6738134149889401
2462,4,9,True,5,2.9239560000000004,0,1237659325491904550;1237665355622187254;1237659325491839305,1237659325491839305;1237659325491904550;1237665355622187254,False,False,2,0.6333215089588133
2471,4,9,True,4,2.7557030000000005,0,1237661124540956928;1237664094510907472;1237661124541087880,1237661124540956928;1237664094510907472;1237661124541087880,False,False,0,0.9233015214390505
2477,4,9,True,7,2.7954570000000025,0,1237655744023691585;1237662267540766897;1237655744023626322,1237662267540766897;1237655744023691585;1237655744023626322,False,False,0,0.21132864716710564
2482,4,9,True,3,2.968831999999999,0,1237665129066070261;1237665098464952456;1237665129066070035,1237665129066070035;1237665098464952456;1237665129066070261,False,False,1,0.29801908389906995
2485,4,9,True,4,2.524101999999999,0,1237667254005923866;1237667211056382122;1237667211056447529,1237667254005923866;1237667211056382122;1237667211056447529,False,False,4,0.6613193188776094
2489,4,9,True,4,2.728162000000001,0,1237657769628926213;1237657402416758934;1237657606427181201,1237657769628926213;1237657606427181201;1237657402416758934,False,False,1,0.5720849904943783
2491,4,9,True,5,2.557031000000002,0,1237648721754652794;1237651801234210980;1237654670272561322,1237648721754652794;1237654670272561322;1237651801234210980,False,False,0,0.4370496747294883
2494,4,9,True,7,1.7671530000000004,0,1237665228385157138;1237665228385157137;1237665228385157229,1237665228385157137;1237665228385157229;1237665228385157138,False,False,0,0.19227372565474177
2497,4,9,True,3,1.323166999999998,0,1237664294761594986;1237664294761594907;1237662224612392982,1237664294761594986;1237662224612392982;1237664294761594907,False,False,4,0.3325955050270517
2498,4,9,True,8,2.133980000000001,0,1237658493883711562;1237658493883711660;1237658493883711521,1237658493883711521;1237658493883711562;1237658493883711660,False,False,0,0.4698184561151191
2499,4,9,True,4,2.6432010000000012,0,1237667253995503633;1237667253995503858;1237667211582767354,1237667253995503633;1237667211582767354;1237667253995503858,False,False,1,0.27483347136964564
2500,4,9,True,6,2.450492999999998,0,1237671129667731636;1237658493353656373;1237671129667731700,1237671129667731700;1237671129667731636;1237658493353656373,False,False,0,0.3317412751390476
2501,4,9,True,6,2.297173000000001,0,1237665531709817003;1237665531709816970;1237665548887195936,1237665531709816970;1237665548887195936;1237665531709817003,False,False,2,0.3406221707942656
2503,4,9,True,3,2.132881000000001,0,1237667292114845769;1237667429555437726;1237667429555437686,1237667292114845769;1237667429555437686;1237667429555437726,False,False,3,1.042878805171366
2504,4,9,True,6,2.9220509999999997,0,1237662665889611792;1237662665889546707;1237662665889546613,1237662665889546707;1237662665889611792;1237662665889546613,False,False,1,0.3136174081402343
2510,4,9,True,5,2.4577589999999994,0,1237665330395152533;1237665330395152577;1237665226774347799,1237665226774347799;1237665330395152577;1237665330395152533,False,False,2,1.3927713538490423
2513,4,9,True,7,2.5306800000000003,0,1237667538550456390;1237667538550456457;1237667538550456486,1237667538550456486;1237667538550456390;1237667538550456457,False,False,0,0.2144202433380853
2514,4,9,True,6,2.5896120000000025,0,1237653613184286930;1237654381978124522;1237654381978124528,1237654381978124528;1237653613184286930;1237654381978124522,False,False,2,0.2735226518742948
2519,4,9,True,5,1.5024699999999989,0,1237662641734025606;1237662641734025672;1237662641733960172,1237662641733960172;1237662641734025606;1237662641734025672,False,False,0,0.23681587855334474
2524,4,9,True,7,2.899363000000001,0,1237655743485050967;1237655743485051105;1237655743485051204,1237655743485050967;1237655743485051105;1237655743485051204,False,False,0,0.19182269683074704
2526,4,9,True,6,2.0931379999999997,0,1237667781749309505;1237667781749309646;1237667734497198213,1237667781749309505;1237667734497198213;1237667781749309646,False,False,1,0.4113997299050869
2530,4,9,True,7,1.5626379999999997,0,1237657856065994763;1237657856065929302;1237657856065929446,1237657856065929302;1237657856065994763;1237657856065929446,False,False,1,0.2169960852117221
2538,4,9,True,5,2.7323120000000003,0,1237667324328738997;1237667324328739003;1237667324328673395,1237667324328673395;1237667324328739003;1237667324328738997,False,False,2,0.32974573426084675
2539,4,9,True,6,2.7375870000000013,0,1237651250968199290;1237651250968199390;1237651250968199408,1237651250968199290;1237651250968199408;1237651250968199390,False,False,0,0.0946920619980891
2540,4,9,True,3,2.8675570000000015,0,1237665441516421312;1237665441516355626;1237665428627324992,1237665441516355626;1237665441516421312;1237665428627324992,False,False,3,0.8716659058531704
2543,4,9,True,6,1.4907129999999995,0,1237658204514746433;1237658204514811907;1237658204514811929,1237658204514811907;1237658204514746433;1237658204514811929,False,False,0,0.28622065268085795
2547,4,9,True,6,2.1883370000000006,0,1237671956981219542;1237671990803562762;1237671956981088440,1237671956981088440;1237671990803562762;1237671956981219542,False,False,1,0.5293623976083204
2548,4,9,True,7,2.9553980000000024,0,1237661416603910488;1237661416603910440;1237661386532978835,1237661386532978835;1237661416603910440;1237661416603910488,False,False,0,0.2115462129826602
2549,4,9,True,3,1.7555890000000005,0,1237667549272080652;1237667549272145983;1237667549272014990,1237667549272014990;1237667549272080652;1237667549272145983,False,False,3,0.5133962000001215
2550,4,9,True,6,1.691323999999998,0,1237667211585650986;1237667211585650886;1237667211585585288,1237667211585585288;1237667211585650886;1237667211585650986,False,False,1,0.24201739537946487
2554,4,9,True,5,2.3608249999999984,0,1237655108902584442;1237654653642932295;1237654653642932418,1237655108902584442;1237654653642932295;1237654653642932418,False,False,0,0.286084799442226
2689,4,8,True,4,2.6248710000000024,0,1237671122692407542;1237671122692473127;1237661070858059829,1237671122692407542;1237671122692473127;1237661070858059829,False,False,1,0.5505729093714855
2832,4,8,True,4,2.314387,0,1237665530651083244;1237665566619468087;1237665530650952005,1237665566619468087;1237665530651083244;1237665530650952005,False,False,0,0.7571782810817815
2838,4,8,True,4,2.816569000000001,0,1237662264320852039;1237662264320917765;1237662197745320335,1237662264320852039;1237662197745320335;1237662264320917765,False,False,2,0.6452321256687163
2857,4,8,True,5,2.701402999999999,0,1237665440988463230;1237665440988528754;1237665440988528752,1237665440988463230;1237665440988528752;1237665440988528754,False,False,1,0.14053604769610661
2892,4,8,True,5,2.305071999999999,0,1237651735235919950;1237651735235920177;1237648722857033814,1237651735235919950;1237651735235920177;1237648722857033814,False,False,2,0.7957771673820275
2904,4,8,True,3,2.989369,0,1237665372795502891;1237665372258697307;1237665536003539140,1237665536003539140;1237665372795502891;1237665372258697307,False,False,4,1.088989811447835
2917,4,8,True,4,2.6105219999999996,0,1237662302989451434;1237662501088199136;1237662501088395735,1237662302989451434;1237662501088199136;1237662501088395735,False,False,3,1.2481566768614734
2959,4,8,True,3,2.609978999999999,0,1237662199895556320;1237662199895687252;1237662199895687423,1237662199895556320;1237662199895687252;1237662199895687423,False,False,4,0.9103262667473189
2975,4,8,True,5,2.8254270000000012,0,1237651496830239120;1237651496830173526;1237651274029465878,1237651496830239120;1237651274029465878;1237651496830173526,False,False,1,0.6831064066494879
2995,4,8,True,5,2.911300999999998,0,1237661210975010820;1237661210974945542;1237661210974945541,1237661210975010820;1237661210974945541;1237661210974945542,False,False,0,0.1286511896296818
2999,4,8,True,4,2.5593990000000026,0,1237661949715808398;1237661949715808406;1237661949715808537,1237661949715808398;1237661949715808406;1237661949715808537,False,False,1,0.25070318592258545
3000,4,8,True,3,2.6931329999999996,0,1237667324335882318;1237667324335882422;1237667444586971212,1237667324335882318;1237667444586971212;1237667324335882422,False,False,3,1.1934254949688352
3008,4,8,True,4,2.0089659999999974,0,1237667783344586992;1237667731267715534;1237667731267715317,1237667783344586992;1237667731267715317;1237667731267715534,False,False,3,0.6588494068853468
3017,4,8,True,4,2.7055620000000005,0,1237654605856309258;1237654605856243957;1237654602098344230,1237654602098344230;1237654605856309258;1237654605856243957,False,False,0,0.2055170121013008
3018,4,8,True,7,2.9522600000000025,0,1237667735035248725;1237667735035183229;1237667782824231001,1237667735035248725;1237667735035183229;1237667782824231001,False,False,0,0.2391286511764692
3025,4,8,True,4,2.4858849999999997,0,1237648722834686003;1237648722834751727;1237654028715098212,1237648722834686003;1237648722834751727;1237654028715098212,False,False,2,0.6156665573255609
3026,4,8,True,6,2.824449999999999,0,1237668365852148088;1237668365852082663;1237668365852082564,1237668365852082663;1237668365852082564;1237668365852148088,False,False,1,0.29293026317558724
3027,4,8,True,5,2.6775540000000007,0,1237660636001075218;1237661358078165201;1237661358078165070,1237661358078165070;1237660636001075218;1237661358078165201,False,False,1,0.207335032524818
3030,4,8,True,5,2.998356000000001,0,1237661950802657501;1237661950802722870;1237662199887102065,1237662199887102065;1237661950802657501;1237661950802722870,False,False,0,0.4089865066123366
3034,4,8,True,3,2.5754459999999995,0,1237668315919876132;1237668350817468531;1237668315383070773,1237668315919876132;1237668315383070773;1237668350817468531,False,False,2,1.2751567034966627
3035,4,8,True,7,2.4555450000000008,0,1237653587944669285;1237653587944734748;1237653587944735007,1237653587944669285;1237653587944734748;1237653587944735007,False,False,0,0.6117494147118325
3040,4,8,True,4,2.079419999999999,0,1237665536542179811;1237665536542245055;1237665101149176029,1237665536542179811;1237665101149176029;1237665536542245055,False,False,3,0.6119231343223746
3043,4,8,True,3,2.8695079999999997,0,1237651714798584020;1237651714261582084;1237654952666595635,1237651714798584020;1237654952666595635;1237651714261582084,False,False,2,0.9718861932439395
3046,4,8,True,5,2.9062240000000017,0,1237665128006680670;1237665024367722528;1237665024367722513,1237665024367722528;1237665024367722513;1237665128006680670,False,False,1,0.43446168804860363
3050,4,8,True,5,2.809941000000002,0,1237670964854784136;1237668288546406511;1237668288546275407,1237670964854784136;1237668288546406511;1237668288546275407,False,False,2,0.7763512617706176
3053,4,8,True,4,2.916927000000001,0,1237655501889994956;1237655473974345996;1237655501889929814,1237655473974345996;1237655501889994956;1237655501889929814,False,False,1,0.3181340037635154
3059,4,8,True,4,2.768468000000002,0,1237667538009850042;1237667538009850089;1237667538546655418,1237667538009850042;1237667538009850089;1237667538546655418,False,False,3,0.545623224631564
3062,4,8,True,6,2.1373260000000016,0,1237665330921013326;1237665330921078921;1237665330921078839,1237665330921078839;1237665330921078921;1237665330921013326,False,False,1,0.17630791006298985
3067,4,8,True,4,2.153538000000001,0,1237662225671520364;1237662225671520433;1237662225671454772,1237662225671520364;1237662225671454772;1237662225671520433,False,False,2,0.5027841982491115
3072,4,8,True,5,2.8128339999999987,0,1237655368760098912;1237655368760164476;1237655368760164378,1237655368760164378;1237655368760098912;1237655368760164476,False,False,0,0.3615598099573374
3075,4,8,True,5,2.6017539999999997,0,1237658613596618862;1237658613596618864;1237658613596618841,1237658613596618862;1237658613596618864;1237658613596618841,False,False,0,0.21706729874850073
3085,4,8,True,3,2.3425459999999987,0,1237670450523078792;1237670450523144290;1237667783889190972,1237667783889190972;1237670450523144290;1237670450523078792,False,False,3,0.47498635876889495
3092,4,8,True,5,2.4287449999999993,0,1237671767461396524;1237671767461265510;1237671767461265556,1237671767461265510;1237671767461396524;1237671767461265556,False,False,1,0.5993777210248759
3094,4,8,True,4,2.640440999999999,0,1237671992949342322;1237671992949407904;1237662247130300506,1237671992949342322;1237671992949407904;1237662247130300506,False,False,2,1.2187639867163753
3097,4,8,True,5,1.4327440000000031,0,1237661383308083258;1237661383308017837;1237661138492522549,1237661138492522549;1237661383308017837;1237661383308083258,False,False,0,0.4519630395582759
3103,4,7,True,4,2.5591399999999993,0,1237657591393157159;1237657591393157322;1237657591393157204,1237657591393157159;1237657591393157322;1237657591393157204,False,False,1,0.28244249431012136
3110,4,8,True,7,2.6379699999999993,0,1237665429705785479;1237665429705785563;1237665429705719871,1237665429705719871;1237665429705785563;1237665429705785479,False,False,0,0.5819785174764576
3113,4,8,True,7,2.5819730000000014,0,1237667550881841386;1237667550881841390;1237667550881841346,1237667550881841386;1237667550881841390;1237667550881841346,False,False,0,0.14445898126177514
3116,4,8,True,4,2.109701000000001,0,1237663546367148079;1237663546367082821;1237663529724084390,1237663529724084390;1237663546367148079;1237663546367082821,False,False,2,0.31409212750757654
3119,4,8,True,4,2.1238840000000003,0,1237662224596271276;1237662224596336711;1237662224596205572,1237662224596205572;1237662224596336711;1237662224596271276,False,False,1,0.49771588879193374
3125,4,8,True,5,2.5633429999999997,0,1237667112793800838;1237667112793801028;1237667112793800968,1237667112793800838;1237667112793801028;1237667112793800968,False,False,0,0.25972604875078975
3126,4,8,True,4,2.5004209999999993,0,1237648721771823351;1237648721771823374;1237648705116766267,1237648705116766267;1237648721771823351;1237648721771823374,False,False,2,0.3676396163283897
3127,4,8,True,5,2.239650000000001,0,1237668293906268167;1237668293906202788;1237668289085833234,1237668293906268167;1237668293906202788;1237668289085833234,False,False,2,0.3872055906013081
3130,4,8,True,6,2.953745999999999,0,1237662263248289975;1237662263248290058;1237662263248158975,1237662263248290058;1237662263248289975;1237662263248158975,False,False,1,0.5752112102329239
3131,4,8,True,5,2.530821999999997,0,1237661064952480026;1237661064952545415;1237660669814964240,1237661064952480026;1237660669814964240;1237661064952545415,False,False,0,0.19990456357646558
3133,4,8,True,4,2.8208850000000005,0,1237658312943599687;1237655109454266500;1237658312943796369,1237658312943599687;1237658312943796369;1237655109454266500,False,False,3,0.6886413314197188
3135,4,8,True,5,2.9714910000000003,0,1237665328787357712;1237665225703489844;1237665225703555198,1237665328787357712;1237665225703489844;1237665225703555198,False,False,2,0.4883191548376953
3136,4,8,True,3,2.738711000000002,0,1237667550348574796;1237667911662305462;1237667911662370970,1237667911662370970;1237667550348574796;1237667911662305462,False,False,3,0.7178142831172263
3140,4,8,True,6,2.1423099999999984,0,1237657775534637628;1237657630042161415;1237657775534637474,1237657775534637474;1237657630042161415;1237657775534637628,False,False,0,0.44154736350558466
3142,4,8,True,4,1.1618199999999987,0,1237665102219903237;1237665102219903152;1237665102219837516,1237665102219903152;1237665102219903237;1237665102219837516,False,False,1,0.4256193677884763
3143,4,8,True,4,1.8948050000000016,0,1237658298999832729;1237658298999832751;1237658298999898164,1237658298999832729;1237658298999898164;1237658298999832751,False,False,1,0.3303532259932327
3147,4,8,True,4,2.606617,0,1237664671644844043;1237665129624043636;1237665129624043700,1237665129624043636;1237665129624043700;1237664671644844043,False,False,2,0.542254919675262
3150,4,8,True,7,1.1298069999999996,0,1237668271372042278;1237668271372042279;1237668271372042420,1237668271372042420;1237668271372042279;1237668271372042278,False,False,0,0.09305094085865728
3156,4,8,True,7,1.8582850000000022,0,1237662663754645815;1237662663754645873;1237662663754645845,1237662663754645873;1237662663754645815;1237662663754645845,False,False,0,0.34902770378305625
3172,4,8,True,5,1.8967069999999993,0,1237661435921629323;1237661435921563811;1237661149767467017,1237661149767467017;1237661435921563811;1237661435921629323,False,False,2,0.5684492738369133
3476,4,7,True,5,2.0250330000000005,0,1237667539085557915;1237667539085557903;1237667539085623427,1237667539085623427;1237667539085557915;1237667539085557903,False,False,0,0.34632635743110285
3602,4,7,True,3,1.1497330000000012,0,1237667782826000453;1237667782289260577;1237667781752324107,1237667782289260577;1237667782826000453;1237667781752324107,False,False,1,2.1687490129821114
3607,4,7,True,3,2.880232999999997,0,1237665103295611145;1237664852044415211;1237662696501543051,1237664852044415211;1237662696501543051;1237665103295611145,False,False,2,0.9706232480542347
3623,4,7,True,5,2.7673950000000005,0,1237667209986113724;1237667209986179154;1237667252935655564,1237667209986113724;1237667209986179154;1237667252935655564,False,False,0,0.5492043037553476
3649,4,7,True,3,2.3875850000000014,0,1237662529524596965;1237664290472919102;1237664290472919101,1237664290472919102;1237664290472919101;1237662529524596965,False,False,2,0.7415396599661666
3664,4,7,True,4,2.7097370000000005,0,1237655465930588299;1237655465930522935;1237655465930522846,1237655465930588299;1237655465930522846;1237655465930522935,False,False,2,0.9194700434580234
3684,4,7,True,4,2.8082279999999997,0,1237659161735856432;1237661386002268342;1237659161736052817,1237659161736052817;1237659161735856432;1237661386002268342,False,False,2,1.0350986880105602
3688,4,7,True,5,2.6618899999999996,0,1237667252936114226;1237667210523508947;1237667210523443238,1237667252936114226;1237667210523508947;1237667210523443238,False,False,1,0.489948318099966
3718,4,7,True,5,2.989605000000001,0,1237665226239574107;1237665226239508661;1237665329860313106,1237665226239574107;1237665226239508661;1237665329860313106,False,False,0,0.8819236105466466
3730,4,7,True,3,2.724463,0,1237667211050221621;1237667253462892551;1237667253462892711,1237667211050221621;1237667253462892711;1237667253462892551,False,False,3,1.3072137249405316
3739,4,7,True,6,2.909519000000003,0,1237667781755535478;1237667733966487717;1237667781755601077,1237667781755535478;1237667733966487717;1237667781755601077,False,False,0,0.41908479158075274
3743,4,7,True,3,2.843516000000001,0,1237661950802133206;1237661950802198690;1237661950802198689,1237661950802198689;1237661950802133206;1237661950802198690,False,False,2,0.33260380737767914
3745,4,7,True,4,2.231541,0,1237651539782271165;1237651539782336736;1237651539782205662,1237651539782336736;1237651539782205662;1237651539782271165,False,False,2,0.5590824081882193
3754,4,7,True,3,2.6437489999999997,0,1237662238020468888;1237662238020469063;1237662263784112396,1237662238020468888;1237662238020469063;1237662263784112396,False,False,1,0.2915737689463054
3762,4,7,True,4,2.7604439999999997,0,1237655465383428182;1237655370902732815;1237655370902732937,1237655370902732815;1237655465383428182;1237655370902732937,False,False,1,0.9280662702619331
3770,4,7,True,4,2.733246000000001,0,1237648705129349141;1237648722321342726;1237648705129480247,1237648705129480247;1237648705129349141;1237648722321342726,False,False,2,0.9626991121811557
3772,4,7,True,3,2.1475370000000034,0,1237654954275373373;1237651715870359850;1237654954275438624,1237654954275438624;1237654954275373373;1237651715870359850,False,False,2,0.47976604737097794
3776,4,7,True,3,2.2425479999999993,0,1237654653635920245;1237653586333794636;1237654653635919928,1237654653635920245;1237653586333794636;1237654653635919928,False,False,2,0.5660150152279666
3777,4,7,True,3,1.2604159999999993,0,1237655370364354632;1237655370364223569;1237655370364223561,1237655370364223569;1237655370364354632;1237655370364223561,False,False,1,0.6775320560123568
3779,4,7,True,3,1.8488949999999988,0,1237658491749400635;1237662236397535434;1237662236397469828,1237658491749400635;1237662236397535434;1237662236397469828,False,False,3,1.189655712926207
3789,4,7,True,3,2.7466979999999985,0,1237674649388056846;1237674649387991118;1237648720153149538,1237648720153149538;1237674649387991118;1237674649388056846,False,False,2,0.9325033206478253
3826,4,7,True,3,2.9920219999999986,0,1237662662135578692;1237662224617439529;1237662224080633907,1237662662135578692;1237662224080633907;1237662224617439529,False,False,1,0.4884451579843816
3829,4,7,True,3,2.8337980000000016,0,1237659327103631521;1237655373573980487;1237655472358228205,1237659327103631521;1237655472358228205;1237655373573980487,False,False,1,0.5223728623349739
3849,4,7,True,3,2.895144000000002,0,1237665128011923585;1237665128011923659;1237665128011989012,1237665128011989012;1237665128011923659;1237665128011923585,False,False,1,0.48745821677625933
3853,4,7,True,3,2.4856840000000027,0,1237667253472067776;1237667253472133218;1237667253472198798,1237667253472133218;1237667253472067776;1237667253472198798,False,False,3,0.7233567355739332
3857,4,7,True,6,2.681320000000003,0,1237665128012185846;1237665128012251184;1237665024910164061,1237665128012251184;1237665128012185846;1237665024910164061,False,False,0,0.5562106355791947
3867,4,7,True,6,2.809777999999998,0,1237668332029935842;1237668332029935885;1237668332029935785,1237668332029935885;1237668332029935842;1237668332029935785,False,False,0,0.24482071706184705
3868,4,7,True,4,2.0946619999999996,0,1237667254532046894;1237667254532112625;1237667211582570791,1237667254532046894;1237667211582570791;1237667254532112625,False,False,0,0.6432550002281427
3873,4,7,True,4,2.798065000000001,0,1237664289399636221;1237662528988053660;1237662528988053670,1237662528988053670;1237664289399636221;1237662528988053660,False,False,1,0.2585276371654759
3879,4,7,True,5,1.9986549999999994,0,1237655692479037882;1237655692479037791;1237655692479102982,1237655692479037882;1237655692479102982;1237655692479037791,False,False,0,0.33281900266994935
3895,4,7,True,3,2.8804869999999987,0,1237668311094788500;1237668311094853830;1237668272453582997,1237668272453582997;1237668311094788500;1237668311094853830,False,False,3,0.8161660790161847
3899,4,7,True,3,2.3268340000000016,0,1237665129616900136;1237665025978073097;1237665129617031224,1237665129616900136;1237665129617031224;1237665025978073097,False,False,1,1.331240179022732
3901,4,7,True,6,2.5306669999999976,0,1237661951327666295;1237661951327666292;1237661951327666286,1237661951327666292;1237661951327666295;1237661951327666286,False,False,0,0.05703915247058755
3906,4,7,True,4,2.1268270000000022,0,1237667141792497802;1237667141792497724;1237667141792432266,1237667141792497724;1237667141792497802;1237667141792432266,False,False,2,0.326046424058803
3917,4,7,True,5,2.4661870000000015,0,1237668367461319004;1237668367461449908;1237668367461384250,1237668367461384250;1237668367461319004;1237668367461449908,False,False,0,0.49137176066147603
3935,4,7,True,4,2.76492,0,1237660634921041978;1237660634921107512;1237661356998262822,1237660634921041978;1237660634921107512;1237661356998262822,False,False,1,0.5034804124499548
3939,4,7,True,3,2.268984999999997,0,1237668297142370419;1237668297142304960;1237668297142304954,1237668297142304960;1237668297142304954;1237668297142370419,False,False,1,0.4491777711421072
3943,4,7,True,3,2.980225000000001,0,1237668590266876172;1237668624629891243;1237668624629891241,1237668624629891241;1237668590266876172;1237668624629891243,False,False,3,1.1411228697776146
3951,4,7,True,5,0.7360100000000003,0,1237668310558441523;1237668310558441504;1237668310558376403,1237668310558441504;1237668310558441523;1237668310558376403,False,False,1,0.19486481351594964
3959,4,7,True,5,2.176062999999999,0,1237654601026175095;1237654601026175068;1237654601026175190,1237654601026175068;1237654601026175190;1237654601026175095,False,False,0,0.12471285993597325
3964,4,7,True,4,2.7116369999999996,0,1237663530260299843;1237663546903363732;1237663546903363801,1237663546903363732;1237663530260299843;1237663546903363801,False,False,2,0.5193072314650085
3966,4,7,True,3,2.9497619999999998,0,1237657628446097434;1237657851234025624;1237657851234156610,1237657628446097434;1237657851234156610;1237657851234025624,False,False,1,0.8367053149147807
3977,4,7,True,3,2.8038979999999967,0,1237664853105377484;1237664853105377330;1237664853105508500,1237664853105377330;1237664853105508500;1237664853105377484,False,False,2,0.6249150760171069
3978,4,7,True,4,1.9917049999999996,0,1237665102756249888;1237665128563343628;1237665102756446380,1237665102756446380;1237665128563343628;1237665102756249888,False,False,2,0.8637736908689533
3980,4,7,True,3,2.527458999999997,0,1237667783382991002;1237667783383187598;1237667783383253177,1237667783382991002;1237667783383253177;1237667783383187598,False,False,3,0.7549352401240377
3993,4,7,True,5,2.735284,0,1237671129130205403;1237671129130270882;1237674598925664381,1237671129130270882;1237671129130205403;1237674598925664381,False,False,1,0.5327752870972553
3994,4,7,True,4,2.740273000000002,0,1237664854189474090;1237664854189539553;1237662661605064715,1237662661605064715;1237664854189539553;1237664854189474090,False,False,2,0.34214963545675303
3995,4,7,True,5,2.791391000000001,0,1237665025446904003;1237665128548990982;1237665025446903972,1237665128548990982;1237665025446904003;1237665025446903972,False,False,1,0.4088960377847872
3997,4,7,True,3,2.9334200000000017,0,1237658203961884821;1237657873793417354;1237658203961884806,1237657873793417354;1237658203961884806;1237658203961884821,False,False,1,0.2170200397312998
4000,4,7,True,6,2.9812410000000007,0,1237648721250615590;1237648704595493353;1237648673987232019,1237648704595493353;1237648673987232019;1237648721250615590,False,False,0,0.3820231603431594
4005,4,7,True,4,2.5062490000000004,0,1237671955902693480;1237671955902693479;1237661950260347049,1237671955902693480;1237661950260347049;1237671955902693479,False,False,2,0.6747287982871519
4007,4,7,True,6,2.949413,0,1237654879667552298;1237654879667486952;1237654879667617934,1237654879667617934;1237654879667486952;1237654879667552298,False,False,0,0.31557089998259524
4008,4,7,True,5,2.8988879999999995,0,1237655691940266355;1237655691940331751;1237655691940266337,1237655691940266355;1237655691940331751;1237655691940266337,False,False,0,0.23279260605725494
4010,4,7,True,5,2.6706129999999995,0,1237651250945589513;1237651191354556696;1237651250945589502,1237651250945589502;1237651191354556696;1237651250945589513,False,False,0,0.27740053696116274
4011,4,7,True,5,2.762318999999998,0,1237658802577080463;1237658802577145864;1237658802577145925,1237658802577080463;1237658802577145864;1237658802577145925,False,False,1,0.512602103412954
4012,4,7,True,6,2.7870300000000015,0,1237655744020349122;1237655744020349114;1237662268074295517,1237655744020349122;1237662268074295517;1237655744020349114,False,False,0,0.11436790491885462
4013,4,7,True,4,2.024806999999999,0,1237667254526607541;1237667254526608010;1237667254526608028,1237667254526607541;1237667254526608028;1237667254526608010,False,False,0,0.22000661726428028
4016,4,7,True,3,2.4413829999999983,0,1237657244046000150;1237657244045934827;1237657632188727350,1237657632188727350;1237657244046000150;1237657244045934827,False,False,2,1.0521596528832085
4023,4,7,True,4,2.9913179999999997,0,1237664853653127598;1237664853653127479;1237662697573515596,1237662697573515596;1237664853653127598;1237664853653127479,False,False,1,0.35219903828140087
4026,4,7,True,4,2.647601999999999,0,1237658491211874420;1237658491211809011;1237662236396814569,1237658491211874420;1237662236396814569;1237658491211809011,False,False,2,0.6841381379717326
4032,4,7,True,4,2.8841660000000005,0,1237667783916847168;1237667783916912820;1237667783916912862,1237667783916912820;1237667783916847168;1237667783916912862,False,False,1,0.2743985780706595
4036,4,7,True,5,2.9419590000000007,0,1237665566619271478;1237665566619337116;1237665566619206089,1237665566619337116;1237665566619271478;1237665566619206089,False,False,1,0.4253704829157581
4040,4,7,True,6,2.659762999999998,0,1237665548357075200;1237665548357075183;1237665531179761770,1237665531179761770;1237665548357075183;1237665548357075200,False,False,0,0.27903201780252207
4045,4,7,True,5,1.4202750000000002,0,1237659161197019182;1237659120938516594;1237659161197019293,1237659120938516594;1237659161197019293;1237659161197019182,False,False,1,0.22074694939971717
4047,4,7,True,4,2.998348,0,1237662336261161190;1237662336261226880;1237662336261226927,1237662336261226880;1237662336261226927;1237662336261161190,False,False,2,0.40529117877417953
4051,4,7,True,4,1.776256,0,1237654601570451465;1237654601570451467;1237654601570386085,1237654601570451465;1237654601570386085;1237654601570451467,False,False,1,0.141688902539177
4060,4,7,True,3,2.9980650000000004,0,1237657595152302415;1237657595152367644;1237657595152367891,1237657595152367644;1237657595152367891;1237657595152302415,False,False,2,0.5099952452626226
4101,4,7,True,3,1.226623,0,1237667444048658523;1237667324334571534;1237667444048593040,1237667324334571534;1237667444048658523;1237667444048593040,False,False,3,1.0389735211743343
4437,4,6,True,3,1.6565480000000008,0,1237662263252615522;1237662263252615290;1237662263252681154,1237662263252615290;1237662263252681154;1237662263252615522,False,False,1,0.8230612227207743
4499,4,6,True,3,2.5617870000000025,0,1237661872403448003;1237661850395476104;1237661850395541514,1237661850395541514;1237661850395476104;1237661872403448003,False,False,1,1.1149536896037233
4653,4,6,True,5,2.7393569999999983,0,1237667253988295147;1237667253988295201;1237667253988229410,1237667253988295147;1237667253988229410;1237667253988295201,False,False,0,0.2794801100912876
4659,4,6,True,3,2.7471870000000003,0,1237662268613656968;1237662262714564822;1237662262714695999,1237662262714564822;1237662262714695999;1237662268613656968,False,False,2,0.9258250320255534
4690,4,6,True,3,2.5129279999999987,0,1237662696504164651;1237662696504230022;1237665107578782173,1237662696504164651;1237662696504230022;1237665107578782173,False,False,1,0.9411476446133449
4742,4,6,True,4,2.880364,0,1237661383314768033;1237662195055198357;1237661383314702493,1237662195055198357;1237661383314702493;1237661383314768033,False,False,1,0.8073208170884456
4776,4,6,True,4,2.9790449999999993,0,1237650371552346120;1237650371552280809;1237650371552280661,1237650371552280661;1237650371552346120;1237650371552280809,False,False,0,0.22990048262510854
4779,4,6,True,5,2.0307840000000006,0,1237655124465483921;1237655124465483965;1237655124465484023,1237655124465483921;1237655124465484023;1237655124465483965,False,False,0,0.2857299063802037
4797,4,6,True,4,2.985047999999999,0,1237654605863518421;1237654601568682162;1237654605863583845,1237654601568682162;1237654605863518421;1237654605863583845,False,False,1,0.6130221990721516
4805,4,6,True,3,2.9534410000000015,0,1237654881812545849;1237662266459488385;1237655742405672966,1237662266459488385;1237655742405672966;1237654881812545849,False,False,2,1.0462623583783532
4816,4,6,True,5,2.9966440000000034,0,1237668336860200977;1237668336860201271;1237668336860201261,1237668336860201271;1237668336860200977;1237668336860201261,False,False,0,0.12702201270839808
4850,4,6,True,3,2.9847769999999976,0,1237671128591761530;1237671128591761639;1237671141483937928,1237671128591761639;1237671128591761530;1237671141483937928,False,False,1,0.410170846003
4855,4,6,True,3,2.9324049999999993,0,1237667783386464368;1237667783386398973;1237667783386398985,1237667783386398973;1237667783386398985;1237667783386464368,False,False,0,0.1915525752952174
4871,4,6,True,3,2.316628999999999,0,1237665532798763625;1237665428110639527;1237665549976142073,1237665532798763625;1237665428110639527;1237665549976142073,False,False,1,0.7226179590882804
4905,4,6,True,4,2.6279460000000014,0,1237657242434732134;1237657590311616620;1237657400810471527,1237657590311616620;1237657400810471527;1237657242434732134,False,False,1,0.7145808606997761
4912,4,6,True,3,2.7455239999999996,0,1237664130481651900;1237664130481717277;1237661068716540080,1237664130481717277;1237661068716540080;1237664130481651900,False,False,2,0.6124130270913355
4953,4,6,True,3,1.1434889999999989,0,1237657770705289291;1237657770705289247;1237657608040349898,1237657770705289291;1237657770705289247;1237657608040349898,False,False,1,0.4106421322027316
4956,4,6,True,4,1.3521130000000028,0,1237667429548163637;1237667429548163563;1237667429548098253,1237667429548163637;1237667429548098253;1237667429548163563,False,False,1,0.6835632353678527
4961,4,6,True,3,2.9338569999999997,0,1237654399152750749;1237654398615879748;1237654398615945288,1237654399152750749;1237654398615879748;1237654398615945288,False,False,2,1.069356217501344
4967,4,6,True,4,1.721503000000002,0,1237661136887939145;1237661382240305326;1237661382240370700,1237661382240370700;1237661136887939145;1237661382240305326,False,False,1,0.5115933059218012
4977,4,6,True,3,2.7364999999999995,0,1237662262178807908;1237662268077900134;1237662268614705491,1237662268614705491;1237662268077900134;1237662262178807908,False,False,2,0.6978527713105276
5025,4,6,True,3,2.3890620000000027,0,1237662267539128718;1237662267539128563;1237662267539193951,1237662267539128718;1237662267539193951;1237662267539128563,False,False,1,0.3812021170649569
5050,4,6,True,4,2.7002120000000005,0,1237665023836815486;1237665126938771573;1237665023836815661,1237665023836815486;1237665023836815661;1237665126938771573,False,False,0,0.37412383240882185
5055,4,6,True,3,2.540878999999997,0,1237661388148244663;1237661388148178986;1237659163882029415,1237661388148178986;1237661388148244663;1237659163882029415,False,False,2,0.5831295377803212
5064,4,6,True,3,2.9577230000000014,0,1237667431181779025;1237667431181713603;1237667431181713523,1237667431181713523;1237667431181713603;1237667431181779025,False,False,2,0.41940905148834595
5070,4,6,True,4,2.7572550000000007,0,1237661970110152878;1237661970110218384;1237661970110152833,1237661970110218384;1237661970110152878;1237661970110152833,False,False,0,0.2729327346022057
5074,4,6,True,4,2.713457000000002,0,1237661068724207750;1237661068724207699;1237661068724273255,1237661068724207699;1237661068724207750;1237661068724273255,False,False,0,0.37293043551137295
5098,4,6,True,3,2.642588,0,1237661959373455458;1237661959373390003;1237661959910195401,1237661959373455458;1237661959910195401;1237661959373390003,False,False,2,0.8600741683321189
5101,4,6,True,3,2.2388329999999996,0,1237651272424751161;1237651272961556647;1237651272424882309,1237651272424751161;1237651272424882309;1237651272961556647,False,False,2,1.2595801751705409
5117,4,6,True,5,1.4518900000000023,0,1237667446737862801;1237667911138148471;1237667911138279446,1237667911138279446;1237667911138148471;1237667446737862801,False,False,0,0.941899609772836
5118,4,6,True,5,2.5154549999999993,0,1237659325489217804;1237659329775140940;1237659325489217798,1237659329775140940;1237659325489217804;1237659325489217798,False,False,0,0.4824318105464318
5143,4,6,True,4,1.6383250000000018,0,1237657878077702252;1237657878077702256;1237657878077636811,1237657878077636811;1237657878077702252;1237657878077702256,False,False,1,0.2570777723952773
5146,4,6,True,3,2.5273150000000015,0,1237662266461585515;1237662266461585767;1237654881277509759,1237662266461585767;1237662266461585515;1237654881277509759,False,False,2,0.8168585581994812
5151,4,6,True,5,2.9801670000000016,0,1237661949178740908;1237661949178740942;1237661812272791651,1237661949178740908;1237661812272791651;1237661949178740942,False,False,0,0.14282796432715594
5153,4,6,True,4,2.7216570000000004,0,1237662224092168567;1237662698115105077;1237662698115039245,1237662698115039245;1237662698115105077;1237662224092168567,False,False,1,0.5474338463520887
5161,4,6,True,3,2.9705439999999967,0,1237659324943237245;1237659324943237240;1237659144558477427,1237659144558477427;1237659324943237245;1237659324943237240,False,False,2,0.5766268452675583
5169,4,6,True,5,1.976814000000001,0,1237661068726697998;1237664289928773832;1237661068726698006,1237661068726698006;1237661068726697998;1237664289928773832,False,False,0,0.255437706781791
5170,4,6,True,3,2.045232000000002,0,1237664292076454119;1237664292076454111;1237664292076388510,1237664292076454119;1237664292076454111;1237664292076388510,False,False,2,0.4826555786882274
5174,4,6,True,4,2.814076,0,1237661069243515028;1237661069243449619;1237661069243514969,1237661069243514969;1237661069243515028;1237661069243449619,False,False,1,0.42207283181062216
5191,4,6,True,3,2.825837,0,1237661357547389137;1237661434848215231;1237661357547454497,1237661357547454497;1237661357547389137;1237661434848215231,False,False,1,0.7372918177248451
5195,4,6,True,5,1.6649759999999993,0,1237659133287923757;1237659133287923758;1237659133287923800,1237659133287923757;1237659133287923758;1237659133287923800,False,False,0,0.15423333819510798
5200,4,6,True,4,2.6561950000000003,0,1237648722284314732;1237650797288358106;1237650797288358041,1237650797288358041;1237648722284314732;1237650797288358106,False,False,1,0.3287314116885254
5206,4,6,True,5,2.805901000000002,0,1237662195072761907;1237662195072762046;1237662195072762009,1237662195072762046;1237662195072762009;1237662195072761907,False,False,0,0.1840491016562802
5208,4,6,True,4,2.7362150000000014,0,1237663916275269775;1237663787427823775;1237663916275269716,1237663787427823775;1237663916275269716;1237663916275269775,False,False,1,0.19169139989406503
5210,4,6,True,4,2.978967000000001,0,1237648722284118374;1237648722284052878;1237648722284052811,1237648722284052878;1237648722284118374;1237648722284052811,False,False,1,0.4497381046366584
5217,4,6,True,5,1.409120999999999,0,1237654604253233184;1237654604253233354;1237654604253167748,1237654604253233184;1237654604253233354;1237654604253167748,False,False,0,0.1875702578641092
5222,4,6,True,4,2.857699,0,1237667783359856810;1237667736107680056;1237667736107680053,1237667736107680056;1237667736107680053;1237667783359856810,False,False,0,0.26924474124030784
5232,4,6,True,5,2.9166810000000005,0,1237648705131053204;1237648705131118796;1237648705131118799,1237648705131053204;1237648705131118796;1237648705131118799,False,False,0,0.1955764193586358
5238,4,6,True,4,1.9364989999999977,0,1237654874824245338;1237654874824179773;1237654874824245357,1237654874824179773;1237654874824245338;1237654874824245357,False,False,0,0.22258488688456257
5249,4,6,True,4,2.7850129999999993,0,1237659153685479964;1237662303524880897;1237662501086888279,1237662303524880897;1237659153685479964;1237662501086888279,False,False,1,0.8039572213455664
5253,4,6,True,5,2.915474999999997,0,1237660561894801475;1237660561894801429;1237660561894801766,1237660561894801429;1237660561894801766;1237660561894801475,False,False,0,0.16536193037175329
5260,4,6,True,4,2.970319,0,1237664296366047287;1237664296366047574;1237661965821477083,1237664296366047574;1237661965821477083;1237664296366047287,False,False,1,0.3871842096548459
5261,4,6,True,4,1.7406609999999993,0,1237654600497365012;1237654604792070364;1237654604792135835,1237654600497365012;1237654604792135835;1237654604792070364,False,False,1,0.5960671544738094
5265,4,6,True,5,2.8871269999999996,0,1237662193992007785;1237661966358741190;1237662193992007768,1237662193992007768;1237661966358741190;1237662193992007785,False,False,0,0.16153152886351796
5285,4,6,True,5,2.6202620000000003,0,1237667912199242042;1237667912199241833;1237667551422316593,1237667912199241833;1237667551422316593;1237667912199242042,False,False,0,0.644245582120309
5291,4,6,True,3,1.8858020000000018,0,1237655125015855124;1237655125015789657;1237655125015855301,1237655125015855301;1237655125015855124;1237655125015789657,False,False,1,0.483435421456079
5301,4,6,True,4,2.113222999999998,0,1237665372258894093;1237665372258959704;1237665372258828479,1237665372258828479;1237665372258959704;1237665372258894093,False,False,0,0.4307285975317612
5303,4,6,True,4,2.890704999999997,0,1237667781222662266;1237667781222596633;1237667917029441696,1237667781222596633;1237667917029441696;1237667781222662266,False,False,0,0.3763143583793722
5304,4,6,True,3,2.817995,0,1237664092898853172;1237664667887534208;1237664668424405146,1237664667887534208;1237664668424405146;1237664092898853172,False,False,0,0.5936665382082911
5305,4,6,True,4,0.7626399999999975,0,1237664105779495085;1237664105779560653;1237664105779626180,1237664105779560653;1237664105779495085;1237664105779626180,False,False,1,0.5218218126998426
5307,4,6,True,4,2.7990720000000024,0,1237667914343186661;1237667914343121026;1237668292302405647,1237668292302405647;1237667914343186661;1237667914343121026,False,False,1,0.5950016876833182
5308,4,6,True,5,1.734424999999998,0,1237663787420811490;1237663787420811660;1237663787420745954,1237663787420811490;1237663787420811660;1237663787420745954,False,False,0,0.43552258755339857
5309,4,6,True,3,1.9489610000000006,0,1237665329854152782;1237665226233479315;1237665329854021699,1237665329854152782;1237665329854021699;1237665226233479315,False,False,2,0.7303107920504104
5310,4,6,True,4,2.8650209999999987,0,1237662268076523582;1237662268076523936;1237662268076523721,1237662268076523582;1237662268076523936;1237662268076523721,False,False,0,0.3680434507909158
5322,4,6,True,3,1.5304370000000027,0,1237665369043894382;1237665369043959893;1237665369043959951,1237665369043894382;1237665369043959951;1237665369043959893,False,False,2,0.55620982373825
5323,4,6,True,5,2.4506239999999977,0,1237667912217133190;1237667912217133167;1237665567145263330,1237667912217133167;1237665567145263330;1237667912217133190,False,False,0,0.32513081202883676
5324,4,6,True,5,1.9709059999999994,0,1237663916810109132;1237663787425857577;1237663787425792289,1237663787425857577;1237663787425792289;1237663916810109132,False,False,0,0.5384343344453395
5326,4,6,True,3,2.855163000000001,0,1237654398616076319;1237654398616076434;1237654398616010921,1237654398616076434;1237654398616076319;1237654398616010921,False,False,2,0.27995431582341546
5328,4,6,True,5,2.9426810000000003,0,1237655473968840815;1237655473968841043;1237655473968840945,1237655473968840815;1237655473968840945;1237655473968841043,False,False,0,0.19504070424893172
5329,4,6,True,5,1.611784,0,1237661388140642314;1237661388140576978;1237661388140511326,1237661388140511326;1237661388140576978;1237661388140642314,False,False,0,0.42071064336964525
5332,4,6,True,5,2.2256750000000025,0,1237665549964214368;1237665549964214388;1237665549964214335,1237665549964214368;1237665549964214388;1237665549964214335,False,False,0,0.16635902195889551
5334,4,6,True,5,0.961865999999997,0,1237654031400566969;1237654031400566818;1237654031400566817,1237654031400566817;1237654031400566969;1237654031400566818,False,False,0,0.2926276156837897
5336,4,6,True,5,2.3019560000000006,0,1237662238559764652;1237662238559633679;1237662197747875912,1237662197747875912;1237662238559633679;1237662238559764652,False,False,0,0.43690006078627697
5337,4,6,True,5,2.3168930000000003,0,1237662662133415970;1237662662133416006;1237662224615342283,1237662662133415970;1237662662133416006;1237662224615342283,False,False,0,0.3084479088192902
5341,4,6,True,4,2.309100000000001,0,1237667730195939631;1237667730195939677;1237667730196005305,1237667730195939677;1237667730195939631;1237667730196005305,False,False,0,0.32237404095719757
5343,4,6,True,4,2.210367999999999,0,1237668348675817506;1237668331491885233;1237668331491819640,1237668331491819640;1237668348675817506;1237668331491885233,False,False,0,0.36086452964601
5344,4,6,True,4,2.5905489999999993,0,1237654599953416329;1237654599953481746;1237653665796325491,1237654599953481746;1237654599953416329;1237653665796325491,False,False,0,0.8152317611447231
5352,4,6,True,5,2.8777730000000012,0,1237667212130320477;1237667212130254868;1237667255079797055,1237667212130254868;1237667212130320477;1237667255079797055,False,False,0,0.2147198326455113
5361,4,6,True,5,1.8338479999999997,0,1237667783923531928;1237667736134484127;1237667783923466450,1237667783923531928;1237667783923466450;1237667736134484127,False,False,0,0.3103991683923457
5374,4,6,True,4,2.5890790000000017,0,1237655691404902745;1237655691404968127;1237655691404902574,1237655691404968127;1237655691404902574;1237655691404902745,False,False,0,0.1630633647622357
5383,4,6,True,4,2.635954999999999,0,1237665567686525218;1237665567686525302;1237665531181203620,1237665567686525302;1237665567686525218;1237665531181203620,False,False,1,0.35572353274715685
5413,4,6,True,5,2.4378819999999983,0,1237654605329006744;1237654601034170430;1237654601034170529,1237654605329006744;1237654601034170430;1237654601034170529,False,False,0,0.5483855513440421
5500,4,6,True,5,2.983404,0,1237667253998256261;1237667253998256264;1237667253998256266,1237667253998256261;1237667253998256264;1237667253998256266,False,False,0,0.0962966573907198
6134,4,5,True,3,2.818273999999999,0,1237659150459142313;1237659150459142296;1237659326019600545,1237659326019600545;1237659150459142296;1237659150459142313,False,False,0,0.3154561399782585
6411,4,5,True,4,2.4034520000000015,0,1237662262176317780;1237662268612280782;1237662268612215204,1237662268612280782;1237662268612215204;1237662262176317780,False,False,0,0.44336067705429016
6449,4,5,True,3,2.386296999999999,0,1237663530255056944;1237663547434991794;1237663530791796929,1237663530255056944;1237663530791796929;1237663547434991794,False,False,1,1.4062961240641094
6457,4,5,True,4,2.656441000000001,0,1237665535471518151;1237671690692591743;1237665534934450552,1237665534934450552;1237671690692591743;1237665535471518151,False,False,0,0.8966646707010391
6466,4,5,True,4,2.9780219999999993,0,1237658311329906902;1237658311329906723;1237658311329906831,1237658311329906902;1237658311329906723;1237658311329906831,False,False,0,0.20137110729859664
6488,4,5,True,3,1.5877429999999997,0,1237665441518518400;1237665428629422165;1237665440981581946,1237665428629422165;1237665441518518400;1237665440981581946,False,False,1,0.8361343682539442
6516,4,5,True,4,2.2118730000000006,0,1237662264322949365;1237662264322883777;1237662238022369493,1237662264322883777;1237662264322949365;1237662238022369493,False,False,0,0.5498220430941547
6618,4,5,True,3,2.8223260000000003,0,1237662662680707319;1237662662680838298;1237662662680838318,1237662662680838318;1237662662680838298;1237662662680707319,False,False,0,0.8359164926954215
6725,4,5,True,3,2.8237389999999998,0,1237662636901269762;1237662636901204084;1237662636901138665,1237662636901138665;1237662636901269762;1237662636901204084,False,False,1,0.5960865637132784
6726,4,5,True,3,2.821857999999999,0,1237667446728097923;1237667446728097995;1237667910591578195,1237667446728097995;1237667446728097923;1237667910591578195,False,False,0,0.6822676814657598
6728,4,5,True,3,2.2361590000000007,0,1237661435920187631;1237661435920187571;1237661435920056391,1237661435920056391;1237661435920187631;1237661435920187571,False,False,1,0.6163182064688666
6736,4,5,True,3,2.5869,0,1237654381977731138;1237654381977796751;1237654381977796849,1237654381977796751;1237654381977796849;1237654381977731138,False,False,1,0.6389090406213196
6788,4,5,True,3,1.592493000000001,0,1237661948636954655;1237661948636954627;1237661948636889161,1237661948636954627;1237661948636954655;1237661948636889161,False,False,1,0.6004593895129897
6816,4,5,True,3,2.9253040000000006,0,1237659327090458728;1237659146705698902;1237659146705698884,1237659146705698884;1237659146705698902;1237659327090458728,False,False,1,0.6933306774120709
6852,4,5,True,3,2.8460970000000003,0,1237667143396753438;1237667143396688329;1237667143396688238,1237667143396688329;1237667143396688238;1237667143396753438,False,False,0,0.33449148178054067
6858,4,5,True,3,2.2381860000000025,0,1237661382240829459;1237661382240829504;1237661382240829503,1237661382240829503;1237661382240829504;1237661382240829459,False,False,1,0.42390600050314475
6888,4,5,True,3,0.9468619999999994,0,1237655743483281567;1237655743483281580;1237655743483281638,1237655743483281580;1237655743483281567;1237655743483281638,False,False,1,0.8294338351256698
6945,4,5,True,3,2.3679609999999975,0,1237659133284909256;1237659133284843828;1237659133284778240,1237659133284909256;1237659133284843828;1237659133284778240,False,False,1,0.5240767869921203
6950,4,5,True,3,2.7825799999999994,0,1237660613972983968;1237660613972918418;1237660613972918322,1237660613972918418;1237660613972983968;1237660613972918322,False,False,1,0.9771768221510051
6954,4,5,True,3,2.8240440000000007,0,1237673705041756411;1237673705041691045;1237651495755579693,1237651495755579693;1237673705041691045;1237673705041756411,False,False,1,0.5001386156098473
6978,4,5,True,4,2.577686,0,1237671936578093285;1237654954280157539;1237671936578093441,1237671936578093441;1237654954280157539;1237671936578093285,False,False,0,0.2757550507264295
6989,4,5,True,3,1.7449449999999977,0,1237661125612142601;1237661087494045845;1237661125612273738,1237661087494045845;1237661125612142601;1237661125612273738,False,False,1,1.307381949909054
7000,4,5,True,3,1.657350000000001,0,1237662696501936400;1237664886388293744;1237665129102901279,1237664886388293744;1237662696501936400;1237665129102901279,False,False,1,0.6457444680366748
7007,4,5,True,3,2.7532110000000003,0,1237667323793965194;1237667323793965152;1237667444044922941,1237667444044922941;1237667323793965152;1237667323793965194,False,False,1,0.8642827699304334
7009,4,5,True,4,2.6681859999999986,0,1237661970116378780;1237661974404268151;1237661974404268187,1237661974404268151;1237661970116378780;1237661974404268187,False,False,0,0.6106045727265865
7010,4,5,True,4,2.8101079999999996,0,1237667916489490458;1237667916489490634;1237668294985449611,1237667916489490458;1237667916489490634;1237668294985449611,False,False,0,0.4091657022674493
7021,4,5,True,3,2.9262240000000013,0,1237662267538276481;1237655743484330046;1237655743484330109,1237655743484330109;1237655743484330046;1237662267538276481,False,False,1,0.30011704698902264
7023,4,5,True,3,2.152632999999998,0,1237662264860147778;1237662198284484650;1237662264860213622,1237662264860147778;1237662198284484650;1237662264860213622,False,False,1,1.123573923661482
7035,4,5,True,4,2.7128109999999985,0,1237668272988750083;1237668365851689395;1237668365314687448,1237668272988750083;1237668365851689395;1237668365314687448,False,False,0,0.6461731814053806
7044,4,5,True,4,2.275514000000001,0,1237661435921891590;1237661435921891368;1237661435921825846,1237661435921825846;1237661435921891368;1237661435921891590,False,False,0,0.5439989374086984
7051,4,5,True,3,2.469301999999999,0,1237661387620876411;1237661387620876699;1237659162817855979,1237661387620876411;1237661387620876699;1237659162817855979,False,False,1,0.6019898147494835
7052,4,5,True,4,2.9149790000000024,0,1237661387069194392;1237661417140125866;1237661417140125853,1237661417140125866;1237661387069194392;1237661417140125853,False,False,0,0.289538896393184
7058,4,5,True,3,2.817040000000002,0,1237671991878156520;1237671957518876723;1237671957518876726,1237671957518876723;1237671991878156520;1237671957518876726,False,False,1,0.7793165942841007
7059,4,5,True,4,1.562861999999999,0,1237665531723710531;1237665567692095954;1237665531723579578,1237665531723710531;1237665531723579578;1237665567692095954,False,False,0,0.532988428108613
7067,4,5,True,3,2.9650919999999985,0,1237657772321472648;1237655106759426069;1237658302202970401,1237657772321472648;1237655106759426069;1237658302202970401,False,False,1,0.5339859194918422
7069,4,5,True,3,2.309711,0,1237651192433279109;1237651192433279182;1237651252024312012,1237651192433279109;1237651252024312012;1237651192433279182,False,False,1,0.6270845975613568
7090,4,5,True,3,1.9293949999999995,0,1237665330933465219;1237665330933465156;1237665330933596220,1237665330933596220;1237665330933465219;1237665330933465156,False,False,1,0.74552957211041
7114,4,5,True,4,1.7802760000000006,0,1237661357538148520;1237661357538148509;1237660635461058688,1237660635461058688;1237661357538148520;1237661357538148509,False,False,0,0.35125709077734246
7121,4,5,True,4,2.541367000000001,0,1237662695960608988;1237662695960609039;1237665129098510627,1237662695960608988;1237662695960609039;1237665129098510627,False,False,0,0.47572612932581926
7123,4,5,True,3,2.6911109999999994,0,1237661386012951041;1237661386012950941;1237661386012951043,1237661386012950941;1237661386012951043;1237661386012951041,False,False,0,0.5740752583013986
7128,4,5,True,3,2.7293389999999995,0,1237658492278735050;1237658492278734920;1237658492278734937,1237658492278734920;1237658492278734937;1237658492278735050,False,False,1,0.46255477194440964
7144,4,5,True,4,2.8291160000000026,0,1237667735599579276;1237667735599579274;1237667735599579345,1237667735599579274;1237667735599579345;1237667735599579276,False,False,0,0.093779330499969
7146,4,5,True,3,2.719956,0,1237662665888759972;1237662665888760313;1237662306739290404,1237662306739290404;1237662665888759972;1237662665888760313,False,False,1,0.6606217051992971
7158,4,5,True,4,2.9596269999999976,0,1237660669818241082;1237660669818241070;1237660669818306648,1237660669818241082;1237660669818241070;1237660669818306648,False,False,0,0.10246765254009071
7162,4,5,True,3,2.466270999999999,0,1237662300841377866;1237662300841378074;1237662300841443759,1237662300841377866;1237662300841378074;1237662300841443759,False,False,0,0.46758202643385616
7163,4,5,True,4,2.937773,0,1237648704594575483;1237648704594575487;1237648721249763542,1237648704594575483;1237648721249763542;1237648704594575487,False,False,0,0.10857029035944832
7183,4,5,True,4,2.517202000000001,0,1237661386530816154;1237661386530750680;1237661386530881736,1237661386530881736;1237661386530750680;1237661386530816154,False,False,0,0.43674283171075956
7184,4,5,True,4,2.9794480000000014,0,1237651737375015062;1237651737374949472;1237651737374949690,1237651737374949472;1237651737374949690;1237651737375015062,False,False,0,0.22273497237644868
7185,4,5,True,4,2.976025,0,1237655742946672748;1237655742946673034;1237655742946672960,1237655742946672748;1237655742946672960;1237655742946673034,False,False,0,0.16202984367489393
7186,4,5,True,3,2.1606270000000016,0,1237657776082780208;1237657630590369984;1237657630053433424,1237657630053433424;1237657776082780208;1237657630590369984,False,False,1,0.9697257264792043
7197,4,5,True,3,2.933555000000002,0,1237657628439347343;1237657628439347487;1237657628439412747,1237657628439347343;1237657628439347487;1237657628439412747,False,False,0,0.31582845506423585
7213,4,5,True,4,2.997498,0,1237664853116715184;1237662697037103254;1237662697037103314,1237662697037103254;1237662697037103314;1237664853116715184,False,False,0,0.839678499171157
7219,4,5,True,3,2.6226829999999985,0,1237659327099896158;1237659327099896083;1237655463784284387,1237659327099896083;1237659327099896158;1237655463784284387,False,False,1,0.5829604355363962
7220,4,5,True,4,2.8683179999999986,0,1237667550342217757;1237667550342217758;1237667550342152307,1237667550342217757;1237667550342152307;1237667550342217758,False,False,0,0.29454847278716567
7224,4,5,True,4,2.0424739999999986,0,1237657775006351385;1237657629513810033;1237657629513810174,1237657629513810033;1237657629513810174;1237657775006351385,False,False,0,0.4906291224294179
7233,4,5,True,3,2.528206000000001,0,1237665180057993364;1237665180058058906;1237665330937266334,1237665180057993364;1237665330937266334;1237665180058058906,False,False,1,0.7720248727711727
7240,4,5,True,4,2.5610339999999994,0,1237664818753896597;1237664818753896557;1237664818753896585,1237664818753896585;1237664818753896557;1237664818753896597,False,False,0,0.3351392172025731
7241,4,5,True,4,2.7228689999999993,0,1237668332571787353;1237668332571656316;1237668332571787671,1237668332571787353;1237668332571787671;1237668332571656316,False,False,0,0.4611687263143551
7256,4,5,True,3,1.7081930000000014,0,1237665330933989474;1237665330933989419;1237665227313315992,1237665330933989474;1237665227313315992;1237665330933989419,False,False,0,0.22235645630189715
7264,4,5,True,3,2.579749000000003,0,1237660764842164280;1237660961866580160;1237660961866776723,1237660961866776723;1237660961866580160;1237660764842164280,False,False,1,0.71535339297332
7269,4,5,True,3,2.1163500000000006,0,1237657629511712801;1237657629511713101;1237657775541190877,1237657629511712801;1237657629511713101;1237657775541190877,False,False,1,0.5707249071338634
7271,4,5,True,4,2.599404,0,1237665367967989859;1237665367967989860;1237665367968055323,1237665367967989859;1237665367967989860;1237665367968055323,False,False,0,0.17054442143748272
7274,4,5,True,3,1.9217039999999983,0,1237664337175707794;1237664818207981738;1237664818208047228,1237664337175707794;1237664818208047228;1237664818207981738,False,False,1,0.6334092055327236
7297,4,5,True,3,2.6062590000000014,0,1237668332027117605;1237668349211050186;1237668332027183316,1237668332027117605;1237668349211050186;1237668332027183316,False,False,1,0.4715888904760739
7300,4,5,True,4,2.9181329999999974,0,1237661949737828733;1237662199359078682;1237662199359013245,1237662199359013245;1237661949737828733;1237662199359078682,False,False,0,0.403069945389106
7327,4,5,True,3,2.831502999999998,0,1237648722289623248;1237648722289623239;1237648722289557692,1237648722289623248;1237648722289557692;1237648722289623239,False,False,1,0.3116087386319739
7336,4,5,True,4,2.7334400000000016,0,1237668292832854137;1237668292832854039;1237668288549355656,1237668288549355656;1237668292832854039;1237668292832854137,False,False,0,0.570649807225502
7339,4,5,True,3,1.6097970000000004,0,1237661974405906560;1237661970654888086;1237661974406037572,1237661974406037572;1237661974405906560;1237661970654888086,False,False,1,0.9048778378258042
7340,4,5,True,3,2.850309000000003,0,1237667254546661638;1237667254546661738;1237667212134055972,1237667254546661638;1237667212134055972;1237667254546661738,False,False,1,0.6814363386716273
7359,4,5,True,3,2.880633999999997,0,1237655744020545738;1237662268074492193;1237662268074426602,1237662268074492193;1237655744020545738;1237662268074426602,False,False,0,0.5652627596423496
7367,4,5,True,3,2.599399000000002,0,1237662198823911677;1237662198823846384;1237662198823911735,1237662198823911677;1237662198823846384;1237662198823911735,False,False,0,0.3789163705135348
7372,4,5,True,4,2.1414079999999984,0,1237668298756522275;1237668272980558058;1237668272980426893,1237668272980558058;1237668298756522275;1237668272980426893,False,False,0,0.5807162740271661
7386,4,5,True,4,2.6931939999999983,0,1237658918530056399;1237658918530056413;1237658803111854218,1237658918530056413;1237658803111854218;1237658918530056399,False,False,0,0.44236377801344595
7407,4,5,True,4,2.299142,0,1237655473436361135;1237655128235049080;1237655473436295765,1237655128235049080;1237655473436295765;1237655473436361135,False,False,0,0.48037489025414004
7422,4,5,True,3,2.628921000000002,0,1237651250958696543;1237654399689621625;1237654399689556113,1237654399689621625;1237654399689556113;1237651250958696543,False,False,1,0.34973056067598574
7425,4,5,True,3,2.9984360000000017,0,1237665331462668473;1237665228378931266;1237665331462602904,1237665331462668473;1237665331462602904;1237665228378931266,False,False,0,0.4306271150949943
7436,4,5,True,3,2.9020329999999994,0,1237654953207333212;1237654953207267630;1237671935505138058,1237654953207267630;1237654953207333212;1237671935505138058,False,False,1,0.6618502895773926
7455,4,5,True,3,2.7368060000000014,0,1237667736653594755;1237667736653594738;1237667910053658868,1237667736653594755;1237667736653594738;1237667910053658868,False,False,1,1.111271044182704
9394,4,4,True,3,2.902958999999999,0,1237654605329137931;1237654605329137953;1237654605329072383,1237654605329137953;1237654605329137931;1237654605329072383,False,False,0,0.36392051299248607
9578,4,4,True,3,2.4764799999999987,0,1237665179521187864;1237665179521187909;1237665179521056969,1237665179521187909;1237665179521056969;1237665179521187864,False,False,0,0.8029440724753734
9765,4,4,True,3,2.550879000000002,0,1237674603216699610;1237674603216634080;1237648720171696336,1237648720171696336;1237674603216699610;1237674603216634080,False,False,0,0.6242332988287433
9774,4,4,True,3,2.9798560000000016,0,1237665355083940130;1237665355084005737;1237659162813858137,1237665355083940130;1237659162813858137;1237665355084005737,False,False,0,0.38367936064343766
9790,4,4,True,3,2.098451999999998,0,1237661417673851010;1237661387602919620;1237661387602985091,1237661417673851010;1237661387602919620;1237661387602985091,False,False,0,0.8839410312855165
9833,4,4,True,3,2.194372999999999,0,1237658205578657877;1237658205578723439;1237658614126346384,1237658205578723439;1237658205578657877;1237658614126346384,False,False,0,0.7536297433963046
9869,4,4,True,3,2.7953899999999976,0,1237665015240523906;1237665015240589399;1237665015240589418,1237665015240523906;1237665015240589399;1237665015240589418,False,False,0,0.7965120076127228
9995,4,4,True,3,2.7727299999999993,0,1237651752415854874;1237651752415789223;1237651752415920197,1237651752415920197;1237651752415789223;1237651752415854874,False,False,0,0.5240234494171006
10027,4,4,True,3,2.9687289999999997,0,1237665329311514810;1237665329311580293;1237665329311580311,1237665329311580293;1237665329311514810;1237665329311580311,False,False,0,0.5690789058757453
10074,4,4,True,3,1.2607420000000005,0,1237667912733294684;1237667912733294659;1237667551956435111,1237667551956435111;1237667912733294659;1237667912733294684,False,False,0,0.6427450419153296
10120,4,4,True,3,2.261822000000002,0,1237654880741294238;1237654880741294218;1237654880741294303,1237654880741294238;1237654880741294303;1237654880741294218,False,False,0,0.632345794655409
10121,4,4,True,3,2.523676000000002,0,1237648705667137570;1237648705667072024;1237651735237951685,1237648705667137570;1237651735237951685;1237648705667072024,False,False,0,0.7532464422808793
10163,4,4,True,3,2.277363000000001,0,1237657629512827171;1237657629512827188;1237657629512892647,1237657629512827188;1237657629512892647;1237657629512827171,False,False,0,0.5331530867047292
10218,4,4,True,3,2.293361000000001,0,1237659326562304335;1237659326562304351;1237659330848292959,1237659330848292959;1237659326562304351;1237659326562304335,False,False,0,0.5356613619286659
10236,4,4,True,3,2.591996999999999,0,1237661387619172464;1237661387619238463;1237661387619172794,1237661387619172464;1237661387619238463;1237661387619172794,False,False,0,0.6681782111197272
10247,4,4,True,3,2.792614999999998,0,1237674648847450346;1237648720149479679;1237674649384386795,1237674648847450346;1237648720149479679;1237674649384386795,False,False,0,0.7180656054684569
10324,4,4,True,3,2.6244510000000005,0,1237662301376872719;1237662499475489129;1237662301913546775,1237662499475489129;1237662301913546775;1237662301376872719,False,False,0,1.0085375940953192
10423,4,4,True,3,2.564902,0,1237657612341543027;1237661353244557433;1237661353244557397,1237661353244557433;1237657612341543027;1237661353244557397,False,False,0,0.4656802133691773
10427,4,4,True,3,2.716256999999999,0,1237668289621197071;1237668289621197082;1237670965392703635,1237668289621197082;1237670965392703635;1237668289621197071,False,False,0,0.3520213642370358
10458,4,4,True,3,2.3837870000000017,0,1237658608219848803;1237658608219848869;1237658313478045858,1237658313478045858;1237658608219848803;1237658608219848869,False,False,0,0.6871869083916842
10485,4,4,True,3,2.7074110000000005,0,1237668310021898820;1237668270843953463;1237668349760372834,1237668270843953463;1237668310021898820;1237668349760372834,False,False,0,1.0792012687672745
10497,4,4,True,3,2.676866999999998,0,1237662223535374354;1237664293684445268;1237664846121730104,1237662223535374354;1237664293684445268;1237664846121730104,False,False,0,0.5414441678720845
10506,4,4,True,3,1.1838569999999997,0,1237654948913348733;1237651538187518173;1237651538187452545,1237651538187452545;1237651538187518173;1237654948913348733,False,False,0,0.5335088244950619
10574,4,4,True,3,2.2486560000000004,0,1237671123220168924;1237671123220103629;1237671260122055017,1237671123220103629;1237671123220168924;1237671260122055017,False,False,0,0.6146667252523308
10581,4,4,True,3,2.9496819999999992,0,1237667910049464459;1237667910049529919;1237667910586335349,1237667910049529919;1237667910586335349;1237667910049464459,False,False,0,0.655538826528069
10610,4,4,True,3,2.774407,0,1237658425163776192;1237658425163841691;1237658425163841661,1237658425163841661;1237658425163776192;1237658425163841691,False,False,0,0.55278751166529
10657,4,4,True,3,2.2797750000000008,0,1237655123929333841;1237654031401812159;1237655123929268365,1237654031401812159;1237655123929268365;1237655123929333841,False,False,0,0.47065149446530974
10673,4,4,True,3,2.8641129999999997,0,1237668331490050131;1237668349210919183;1237668349210984599,1237668331490050131;1237668349210919183;1237668349210984599,False,False,0,0.47940276826477835
10693,4,4,True,3,2.535767,0,1237665565541859681;1237665565541925108;1237668336321036598,1237668336321036598;1237665565541859681;1237665565541925108,False,False,0,0.27225917375633024
10757,4,4,True,3,2.454258999999997,0,1237664870822772925;1237660960792379568;1237664870822772913,1237664870822772925;1237660960792379568;1237664870822772913,False,False,0,0.23307193573497376
10767,4,4,True,3,2.245200999999998,0,1237667211060051979;1237667253472591986;1237667253472591937,1237667211060051979;1237667253472591937;1237667253472591986,False,False,0,0.6644415723120449
10806,4,4,True,3,2.3177960000000013,0,1237668496314663045;1237668496314663169;1237668496314597534,1237668496314597534;1237668496314663045;1237668496314663169,False,False,0,0.3043968791028959
10843,4,4,True,3,2.8982620000000026,0,1237664668436398189;1237664668436398224;1237664668436398267,1237664668436398224;1237664668436398267;1237664668436398189,False,False,0,0.31905991771816566
10883,4,4,True,3,2.5465860000000013,0,1237674290756583884;1237674290756583895;1237674290756583782,1237674290756583782;1237674290756583895;1237674290756583884,False,False,0,0.668803651819319
10900,4,4,True,3,1.6421290000000006,0,1237658493891903612;1237658493891903616;1237658493891706939,1237658493891903612;1237658493891706939;1237658493891903616,False,False,0,0.9403254550750724
10908,4,4,True,3,2.5295320000000032,0,1237674479735013541;1237674479735013527;1237674479735013407,1237674479735013541;1237674479735013407;1237674479735013527,False,False,0,0.41117977741926914
10913,4,4,True,3,2.6194039999999994,0,1237664887463411913;1237662697040183439;1237662697040183695,1237662697040183439;1237664887463411913;1237662697040183695,False,False,0,0.589896921078779
10914,4,4,True,3,2.5921330000000005,0,1237661872407576592;1237661850936541214;1237661850936606846,1237661850936541214;1237661850936606846;1237661872407576592,False,False,0,0.6485410786692167
10929,4,4,True,3,2.7309340000000013,0,1237665566073749695;1237667966957584513;1237667966957519065,1237667966957519065;1237667966957584513;1237665566073749695,False,False,0,0.4248929886229149
10955,4,4,True,3,2.857365999999999,0,1237662306189770850;1237662194536874012;1237662306189836510,1237662306189770850;1237662306189836510;1237662194536874012,False,False,0,0.5126221508803734
10964,4,4,True,3,2.1494339999999994,0,1237658304886079607;1237655109442469957;1237658304886014057,1237655109442469957;1237658304886014057;1237658304886079607,False,False,0,0.6034782531793876
10990,4,4,True,3,2.8207109999999993,0,1237671129130074248;1237674599462273168;1237674599462273202,1237674599462273168;1237671129130074248;1237674599462273202,False,False,0,0.42153266760315056
11021,4,4,True,3,2.825486999999999,0,1237664853641462227;1237662685216636964;1237664853641461874,1237662685216636964;1237664853641461874;1237664853641462227,False,False,0,0.4088928624311414
11071,4,4,True,3,2.519648,0,1237654610141249558;1237651066815578330;1237651066815578363,1237651066815578330;1237654610141249558;1237651066815578363,False,False,0,0.3392096648819978
11076,4,4,True,3,2.9804190000000013,0,1237668349218390261;1237668349218390247;1237668332034392412,1237668349218390247;1237668349218390261;1237668332034392412,False,False,0,0.36234371216192685
11078,4,4,True,3,2.194979,0,1237651753485729932;1237674602140139550;1237651753485861130,1237651753485861130;1237674602140139550;1237651753485729932,False,False,0,0.695955147012782
11108,4,4,True,3,2.410718000000003,0,1237665531713814551;1237665531713814706;1237665531713814804,1237665531713814551;1237665531713814706;1237665531713814804,False,False,0,0.23197754494220213
11129,4,4,True,3,2.981570999999999,0,1237662193989582996;1237662193989582993;1237662193989714026,1237662193989714026;1237662193989582993;1237662193989582996,False,False,0,0.3237683842062058
11153,4,4,True,3,2.536345999999998,0,1237664835934814435;1237664878341062790;1237664835934748855,1237664835934814435;1237664835934748855;1237664878341062790,False,False,0,0.5060180196691881
11198,4,4,True,3,2.9445119999999996,0,1237663917340950801;1237663788493635962;1237663788493635946,1237663788493635946;1237663788493635962;1237663917340950801,False,False,0,0.6311795452564297
11252,4,4,True,3,2.9893769999999975,0,1237651272961425646;1237651272961490952;1237651534946304186,1237651272961490952;1237651272961425646;1237651534946304186,False,False,0,0.39276889454914077
11265,4,4,True,3,2.179593999999998,0,1237658297923797167;1237654602641244319;1237658297923731566,1237658297923797167;1237654602641244319;1237658297923731566,False,False,0,0.6060155171966528
11278,4,4,True,3,2.776004999999998,0,1237667429026955404;1237667429026955516;1237667322172211267,1237667429026955516;1237667322172211267;1237667429026955404,False,False,0,0.597859892174835
11305,4,4,True,3,2.297885000000001,0,1237667254016278711;1237667254016278705;1237667254016278686,1237667254016278686;1237667254016278705;1237667254016278711,False,False,0,0.2480023507761313
11370,4,4,True,3,2.657009000000002,0,1237659327091835101;1237659327091900583;1237655368758788270,1237655368758788270;1237659327091835101;1237659327091900583,False,False,0,0.34361857354686265
11562,4,4,True,3,2.473907999999998,0,1237665567691965133;1237665531723514229;1237665531723514265,1237665531723514229;1237665531723514265;1237665567691965133,False,False,0,0.35018238617463915
