objid,specobjid,Group,RA,Dec,M_r,z,Lum,rank_M,RA_BGG,Dec_BGG,M_BGG,dist2BGG,lgm,sfr,sSFR,rank_dist,rank_M_parent
1237667444048723983,2523290745004124160,1,195.033861807,27.976940934,-23.504925,0.022387201,187918700268.03207,1,195.033861807,27.976940934,-23.504925,0.0,11.49787,-0.6327351,-12.1306051,1,1
1237667444048723989,2522181606844688384,1,195.025435148,27.978300669,-21.392542,0.026345716,26854483260.004288,2,195.033861807,27.976940934,-23.504925,0.4753257924310442,10.10531,-1.612291,-11.717600999999998,2,30
1237667324334571728,2523257209899476992,1,194.983378851,28.034714811,-21.105968,0.028073472,20624679096.501183,3,195.033861807,27.976940934,-23.504925,4.584757977698385,10.77007,-1.10099,-11.87106,4,53
1237667324334637085,2523294593294821376,1,195.018502328,27.9875783,-21.07248,0.022138045,19998250311.550114,4,195.033861807,27.976940934,-23.504925,1.0830642391807836,10.56681,-1.800268,-12.367078,3,56
1237665531723317438,2472611769525233664,3,240.58274434,16.345990189,-23.177717,0.03863988,139023046100.58777,1,240.58274434,16.345990189,-23.177717,0.0,11.52926,-1.023439,-12.552699,1,1
1237665531723317440,2472613143914768384,3,240.575050032,16.366200604,-21.857074,0.039873551,41193586002.514305,2,240.58274434,16.345990189,-23.177717,1.3519341306328845,10.36998,-1.153616,-11.523596,2,9
1237665549437632547,2472613418792675328,3,240.623897247,16.402956957,-21.742214,0.038623973,37058309150.717255,3,240.58274434,16.345990189,-23.177717,4.355012365684287,10.85425,-1.505426,-12.359676,4,10
1237665531723317728,2472610670013605888,3,240.534851306,16.342223543,-20.804047,0.039880689,15617761989.068617,4,240.58274434,16.345990189,-23.177717,2.8972850108263346,10.55924,-1.486913,-12.046153,3,32
1237668293912690766,2824999209751570432,5,176.008979695,19.949825155,-23.000761,0.021880621,118114822052.82896,1,176.008979695,19.949825155,-23.000761,0.0,11.31682,-1.242927,-12.559747,1,1
1237668293912690764,2825001683652732928,5,176.008997192,19.971917372,-21.260234,0.022176794,23773526031.18988,2,176.008979695,19.949825155,-23.000761,1.388095317042832,10.65805,-1.804082,-12.462132,2,17
1237667915953537163,2825000584141105152,5,176.022766259,19.996089535,-20.858368,0.019927185,16419018794.875565,3,176.008979695,19.949825155,-23.000761,3.018732780758447,10.42409,-1.651253,-12.075343,3,25
1237668293912690796,7241904580014567424,5,175.954491821,19.968461691,-20.83159,0.023264494,16019022080.038233,4,176.008979695,19.949825155,-23.000761,3.424370499691805,,,,4,26
1237665535465619524,4439625182588104704,6,234.912689103,21.782715602,-23.516548,0.042271796,189941209867.56116,1,234.912689103,21.782715602,-23.516548,0.0,,,,1,1
1237665535465619617,2438836158419986432,6,234.897376382,21.740523564,-20.976232,0.04197471,18301757642.844307,2,234.912689103,21.782715602,-23.516548,2.7975473954664487,10.67853,-1.252347,-11.930877,3,28
1237665535465619850,4439625732343918592,6,234.953074076,21.790861317,-20.890838,0.041084845,16917461624.312365,3,234.912689103,21.782715602,-23.516548,2.4111616846616517,,,,2,33
1237665535465619750,2438812518919989248,6,234.905900752,21.840127465,-20.804624,0.044168681,15626064045.82916,4,234.912689103,21.782715602,-23.516548,3.628963572109063,10.51975,-1.200034,-11.719784,4,37
1237654879665586207,659793872024528896,13,220.178480735,3.465422858,-22.911837,0.028099228,108826534598.27013,1,220.178480735,3.465422858,-22.911837,0.0,7.774354,-1.846091,-9.620445,1,1
1237654879665586216,660976396830533632,13,220.162610593,3.469737893,-22.261219,0.027379103,59770597871.09982,2,220.178480735,3.465422858,-22.911837,1.0315902567988449,11.09042,-1.822795,-12.913215,2,3
1237651821637533715,659791398123366400,13,220.219558252,3.418326375,-21.155248,0.028283246,21582373297.451225,3,220.178480735,3.465422858,-22.911837,3.923525613609004,10.72383,-1.690627,-12.414457,3,12
1237654879665586208,660979970243323904,13,220.132712952,3.509282079,-20.17328,0.028092878,8735987420.639593,4,220.178480735,3.465422858,-22.911837,3.979082581217796,10.31337,-1.771713,-12.085083,4,35
1237667254009200666,7252031907662852096,27,167.661523674,28.768887329,-22.65247,0.035607429,85701416472.6734,1,167.661523674,28.768887329,-22.65247,0.0,,,,1,1
1237667254009200667,2489540404530145280,27,167.656148068,28.732682521,-21.444031,0.031796087,28158686974.008938,2,167.661523674,28.768887329,-22.65247,2.294007707417575,10.79766,-0.1171967,-10.9148567,3,7
1237667254009200743,2491666860118927360,27,167.666101223,28.706986828,-20.012585,0.029779591,7534145446.623233,3,167.661523674,28.768887329,-22.65247,3.897490788210603,10.00818,-0.9870085,-10.9951885,4,34
1237667254009200956,2489536006483634176,27,167.631869689,28.790584421,-19.801105,0.034727943,6200718275.713574,4,167.661523674,28.768887329,-22.65247,2.1272992482787716,10.09159,-0.978558,-11.070148,2,40
1237662237485564392,5492383383202492416,32,229.185364781,7.021621675,-22.957229,0.035086868,113472755207.11925,1,229.185364781,7.021621675,-22.957229,0.0,,,,1,1
1237662237485629618,2045780536307247104,32,229.190688692,7.00438137,-21.683387,0.031619706,35103854029.937126,2,229.185364781,7.021621675,-22.957229,1.1329780387228197,10.93999,-1.449885,-12.389875,4,6
1237662237485564390,2045780811185154048,32,229.173492512,7.029308413,-20.818727,0.031703154,15830360316.596922,3,229.185364781,7.021621675,-22.957229,0.8839620224124948,10.48343,-1.589509,-12.072939,3,20
1237662237485629623,2045777512650270720,32,229.194620561,7.027002078,-20.096571,0.039272907,8140074880.876542,4,229.185364781,7.021621675,-22.957229,0.6689070228475954,10.30766,-2.089238,-12.396898,2,41
1237667915955568662,2936488869106837504,33,181.025699464,20.235082536,-22.69095,0.022124599,88793259757.69518,1,181.025699464,20.235082536,-22.69095,0.0,11.12697,-1.365828,-12.492798,1,1
1237667915955568663,2936488319351023616,33,181.006127502,20.232316354,-22.520908,0.025515097,75921223797.20982,2,181.025699464,20.235082536,-22.69095,1.1668715257785327,11.15814,-0.5984894,-11.7566294,3,2
1237667915955568665,2937581233942587392,33,181.05765624,20.209702307,-20.782282,0.022858302,15307800725.034756,3,181.025699464,20.235082536,-22.69095,2.4683963175019015,10.56122,-0.7544167,-11.3156367,4,13
1237667915955568664,2937578760041424896,33,181.020558471,20.246779683,-19.880055,0.023391063,6668405484.143756,4,181.025699464,20.235082536,-22.69095,0.7949894674913145,9.977231,-1.639536,-11.616767,2,26
1237658612519141389,1087652339684239360,37,173.705394332,49.077634975,-22.807637,0.034017625,98867783980.0591,1,173.705394332,49.077634975,-22.807637,0.0,11.35576,-0.8608174,-12.2165774,1,1
1237658612519141394,1088819471176460288,37,173.704236658,49.081376052,-21.570388,0.032304183,31634079374.74707,2,173.705394332,49.077634975,-22.807637,0.2398388167460217,9.655659,-2.601202,-12.256861,2,6
1237658612519141391,1087638870666799104,37,173.749453503,49.081387845,-20.587516,0.032193274,12794001579.56091,3,173.705394332,49.077634975,-22.807637,1.8285472529984412,10.32373,-1.479686,-11.803416,4,20
1237658612519141393,1088818646542739456,37,173.679051225,49.090838012,-20.56319,0.033437396,12510538392.211716,4,173.705394332,49.077634975,-22.807637,1.3650564795385876,10.32656,-1.458475,-11.785035,3,22
1237663789031948359,2108918077218383872,39,123.936833501,58.32099189,-22.745686,0.027392906,93384414457.54832,1,123.936833501,58.32099189,-22.745686,0.0,11.27267,-0.8615699,-12.1342399,1,1
1237663789031948360,2108919726485825536,39,123.911136638,58.29684263,-21.910599,0.026912129,43275251448.57182,2,123.936833501,58.32099189,-22.745686,1.7383259997475764,11.00035,-1.31285,-12.313199999999998,2,4
1237663918416199874,2108907356980013056,39,123.686551721,58.279856541,-20.771017,0.027838199,15149796527.676785,3,123.936833501,58.32099189,-22.745686,8.658067207072525,10.43363,-1.237379,-11.671009000000002,4,13
1237663789031948495,2108915878195128320,39,124.135983191,58.274865059,-20.029675,0.027739614,7653674705.33899,4,123.936833501,58.32099189,-22.745686,7.185957974676475,10.30883,-1.843688,-12.152518,3,26
1237655742947262470,2064970324675422208,40,229.756033316,4.52067575,-23.037596,0.03705749,122190769557.20798,1,229.756033316,4.52067575,-23.037596,0.0,11.50922,-1.164871,-12.674091,1,1
1237655742947197070,5376407996182753280,40,229.744244403,4.529347928,-21.094714,0.039056475,20412001895.985836,2,229.756033316,4.52067575,-23.037596,0.9176894802459769,,,,2,13
1237655742947262473,5376227126519984128,40,229.761070947,4.498948116,-20.36885,0.036123757,10460200280.315302,3,229.756033316,4.52067575,-23.037596,1.4011797701867672,,,,3,23
1237662266464338197,665558886350088192,40,229.749822337,4.419091586,-20.29372,0.037397426,9760858118.099276,4,229.756033316,4.52067575,-23.037596,6.39456790486493,10.33237,-1.611806,-11.944176,4,28
1237667429563105338,2644826080115976192,46,155.421773619,23.923065206,-23.317882,0.040223869,158180447555.8916,1,155.421773619,23.923065206,-23.317882,0.0,11.54672,-1.257708,-12.804428,1,1
1237667292659384425,2644823606214813696,46,155.403936759,23.989706282,-21.722446,0.042492906,36389693695.801506,2,155.421773619,23.923065206,-23.317882,4.310618993338979,10.95581,-1.023883,-11.979693,2,9
1237667429563039946,2641381585064060928,46,155.323567145,23.822227616,-21.317394,0.040998059,25058645945.11436,3,155.421773619,23.923065206,-23.317882,8.484182504584906,10.77347,-1.459374,-12.232844,4,10
1237667292659384413,2641382409697781760,46,155.366644017,23.981885136,-21.29976,0.039365343,24654942839.980713,4,155.421773619,23.923065206,-23.317882,4.86617496033712,10.74403,-1.637381,-12.381411,3,11
1237655743485575197,2066040149506025472,50,233.133396618,4.680996916,-23.182701,0.039362618,139662689164.63968,1,233.133396618,4.680996916,-23.182701,0.0,11.4026,-1.100045,-12.502645,1,1
1237655743485575194,2066038775116490752,50,233.11759333,4.681082057,-21.597001,0.037235484,32419058641.321507,2,233.133396618,4.680996916,-23.182701,0.989652291680213,10.6796,-1.523235,-12.202835,2,6
1237655743485575567,2066040424383932416,50,233.149019315,4.742448408,-21.23915,0.039192434,23316319620.272087,3,233.133396618,4.680996916,-23.182701,3.983117123065976,10.70261,-1.522044,-12.224654,3,10
1237655743485575492,5410106103546179584,50,233.096803703,4.625799304,-20.655304,0.042954494,13618259326.526718,4,233.133396618,4.680996916,-23.182701,4.156888390452092,,,,4,26
1237665534931894336,2476017232283461632,51,241.566797134,18.249954686,-22.705719,0.037169654,90009344721.85501,1,241.566797134,18.249954686,-22.705719,0.0,11.29295,-0.6868114,-11.9797614,1,1
1237665534931894707,3340601725357680640,51,241.620769246,18.267763564,-20.798351,0.039089759,15536042478.16355,2,241.566797134,18.249954686,-22.705719,3.409284139744087,10.71151,-0.01539016,-10.72690016,3,19
1237665534931894706,2476016132771833856,51,241.623751761,18.267860298,-20.172765,0.039790449,8731844640.237099,3,241.566797134,18.249954686,-22.705719,3.5797689059239945,10.07825,-1.372402,-11.450652,4,33
1237665534931894614,2476014758382299136,51,241.524100365,18.25107653,-19.710959,0.036601573,5706681046.9123125,4,241.566797134,18.249954686,-22.705719,2.548741417191596,10.03511,-1.026592,-11.061702,2,45
1237665428645740684,2475896560882313216,61,241.149144579,17.721559028,-22.646753,0.035367166,85251337240.46135,1,241.149144579,17.721559028,-22.646753,0.0,11.32563,-1.070755,-12.396385,1,1
1237665428645740687,2477089536350382080,61,241.164867672,17.700846379,-22.038523,0.035892438,48686572320.62326,2,241.149144579,17.721559028,-22.646753,1.606026681221938,11.13935,-0.9583059,-12.0976559,3,6
1237665428645806454,2475894911614871552,61,241.175897153,17.683656321,-20.402487,0.032712162,10789338036.006498,3,241.149144579,17.721559028,-22.646753,2.8697997319910296,10.25857,-1.64463,-11.9032,4,22
1237665428645740683,2472619466106628096,61,241.14443525,17.713477571,-20.33891,0.033870438,10175693096.871971,4,241.149144579,17.721559028,-22.646753,0.5807572653871158,10.13674,-1.700465,-11.837205,2,23
1237661418212294705,1490844360583964672,70,212.506606523,54.881720834,-23.089722,0.042431399,128200228719.58524,1,212.506606523,54.881720834,-23.089722,0.0,11.56045,-1.136701,-12.697151,1,1
1237661418212294942,1490842986194429952,70,212.531907899,54.919907179,-21.269554,0.039913484,23978477259.64212,2,212.506606523,54.881720834,-23.089722,2.5675442964230637,10.82749,-1.376516,-12.204006,3,11
1237661418212294689,1491931772114462720,70,212.510721394,54.913072205,-20.180857,0.04194942,8797166262.106447,3,212.506606523,54.881720834,-23.089722,1.9754673198026191,10.32451,-1.8295,-12.15401,2,31
1237661418212294806,1490845460095592448,70,212.571979371,54.853664258,-20.170806,0.042394712,8716103928.164145,4,212.506606523,54.881720834,-23.089722,2.948700129136318,10.35795,-2.02114,-12.37909,4,32
1237667537465704593,2746189783226148864,71,139.016329083,17.628364762,-23.004753,0.029603502,118549902190.4876,1,139.016329083,17.628364762,-23.004753,0.0,11.4221,-1.044735,-12.466835,1,1
1237667537465704588,2743980865255139328,71,139.007454674,17.589817755,-22.689398,0.030400616,88666425364.95482,2,139.016329083,17.628364762,-23.004753,2.4796057944130334,11.26259,-0.7606422,-12.0232322,3,2
1237667537465704789,2743989386470254592,71,139.042781461,17.65979989,-20.67504,0.032822667,13868069197.857988,3,139.016329083,17.628364762,-23.004753,2.531749811532101,10.2658,0.1169014,-10.1488986,4,11
1237667537465704591,2743980315499325440,71,138.984582174,17.642551789,-20.261085,0.032104315,9471832295.470778,4,139.016329083,17.628364762,-23.004753,2.0995913704317104,10.35007,-1.771953,-12.122023,2,16
1237667430630096945,2576112924984633344,78,139.208372488,20.198497201,-23.032653,0.028624486,121635739547.38412,1,139.208372488,20.198497201,-23.032653,0.0,11.31101,-0.9900947,-12.3011047,1,1
1237667293189570761,2576107977182308352,78,139.301139046,20.153755587,-20.974284,0.031441978,18268950539.1869,2,139.208372488,20.198497201,-23.032653,6.151014219092432,10.29916,0.5082121,-9.7909479,3,11
1237667293189505241,2576105778159052800,78,139.267229911,20.093489956,-20.489146,0.029892251,11685798676.700825,3,139.208372488,20.198497201,-23.032653,7.455520679598958,10.38578,-1.731674,-12.117454,4,16
1237667293189505124,2576111825473005568,78,139.199653611,20.168355982,-20.233744,0.029343312,9236290842.425829,4,139.208372488,20.198497201,-23.032653,1.9623891112773857,10.13903,-1.200757,-11.339787,2,21
1237662197748006965,2047045261099821056,79,230.466041678,7.708815434,-22.967269,0.044723463,114526924933.97787,1,230.466041678,7.708815434,-22.967269,0.0,11.36224,-0.9482058,-12.3104458,1,1
1237662197748006964,5504708908533084160,79,230.459929899,7.735846928,-21.83903,0.04789751,40514641468.37464,2,230.466041678,7.708815434,-22.967269,1.740545591806747,,,,2,5
1237662197748006963,6181258209245458432,79,230.423028811,7.723539355,-21.644374,0.047880723,33864884598.66433,3,230.466041678,7.708815434,-22.967269,2.8333947586821457,,,,4,8
1237662264323539208,2047044986221914112,79,230.485173581,7.673539029,-21.272975,0.046631916,24054149176.251102,4,230.466041678,7.708815434,-22.967269,2.5163340061744512,10.80895,-1.311289,-12.120239,3,11
1237662303519899658,1190183721106434048,85,244.418911431,35.004215289,-22.734293,0.029953325,92409623324.85942,1,244.418911431,35.004215289,-22.734293,0.0,11.23959,-1.097412,-12.337002,1,1
1237662303519834305,5588977129624367104,85,244.411529191,35.060047978,-20.710764,0.032992967,14331960415.971169,2,244.418911431,35.004215289,-22.734293,3.5285715174284022,,,,3,14
1237662501081776441,5588982627182505984,85,244.382860053,34.945953656,-20.511647,0.029325851,11930504256.098265,3,244.418911431,35.004215289,-22.734293,4.104349463585625,,,,4,16
1237662303519834621,1190186195007596544,85,244.429555778,35.04113111,-20.042084,0.029780845,7741651194.809864,4,244.418911431,35.004215289,-22.734293,2.3832765085620693,10.16176,-1.665813,-11.827573,2,26
1237662262169174083,2055994993423706112,94,214.538450174,7.56454998,-23.068217,0.025410456,125685969646.65051,1,214.538450174,7.56454998,-23.068217,0.0,11.45737,-1.155042,-12.612412,1,1
1237662262169108543,2055992519522543616,94,214.471665058,7.558767071,-21.679015,0.026592412,34962783425.63714,2,214.538450174,7.56454998,-23.068217,4.175580490577707,10.90813,-1.21656,-12.12469,2,4
1237662262169174037,2039082031257774080,94,214.516967091,7.654846276,-21.144724,0.024694434,21374186770.784607,3,214.538450174,7.56454998,-23.068217,5.829106602747348,10.66302,-1.737368,-12.400388,3,9
1237662236405530754,2039083680525215744,94,214.590191342,7.687371729,-20.440831,0.025395071,11177183989.902546,4,214.538450174,7.56454998,-23.068217,8.36281881925996,10.29197,-1.640664,-11.932633999999998,4,13
1237664289935261729,1997399824118343680,95,201.041759634,13.976539901,-23.203002,0.023918224,142298656581.5044,1,201.041759634,13.976539901,-23.203002,0.0,11.34219,-1.10468,-12.44687,1,1
1237664289935261842,1997392127536949248,95,201.100765357,13.937515158,-20.790049,0.023723414,15417700324.906591,2,201.041759634,13.976539901,-23.203002,4.354052799926539,10.58066,-0.1039237,-10.6845837,2,5
1237662529523744971,1997394601438111744,95,201.218736592,14.077197295,-20.509521,0.025260747,11907165773.84596,3,201.041759634,13.976539901,-23.203002,12.505393995945644,10.1766,-0.2257069,-10.4023069,4,11
1237664289935196255,1997409994600900608,95,200.903911857,13.973537492,-20.505419,0.022537718,11862264403.613176,4,201.041759634,13.976539901,-23.203002,8.40698443917973,9.749861,-0.1758865,-9.9257475,3,12
1237661465457590279,1592196793465071616,96,252.565417699,23.579821489,-23.051821,0.036095416,123802210750.35738,1,252.565417699,23.579821489,-23.051821,0.0,11.47355,-1.182159,-12.655709,1,1
1237662337335033958,1603346937141028864,96,252.559425381,23.441388729,-22.470397,0.033769466,72470089888.98146,2,252.565417699,23.579821489,-23.051821,8.704836276414161,11.07628,-0.7701642,-11.8464442,4,3
1237661465457524828,1592187172738328576,96,252.507986217,23.695133271,-21.20439,0.036827836,22581667062.31924,3,252.565417699,23.579821489,-23.051821,7.963781920556123,10.74545,-1.247078,-11.992528,3,9
1237661465457590733,1603343363728238592,96,252.582433583,23.573840894,-20.440491,0.035656689,11173684385.140368,4,252.565417699,23.579821489,-23.051821,1.0494732154109874,10.37836,-1.828894,-12.207254,2,20
1237665016314593291,2364520158791231488,99,170.735308598,34.111490506,-23.100093,0.043584674,129430670205.10014,1,170.735308598,34.111490506,-23.100093,0.0,11.51515,-1.071643,-12.586793,1,1
1237665016314593292,2376796201988155392,99,170.732544395,34.110147042,-22.038942,0.044570684,48705364740.43164,2,170.735308598,34.111490506,-23.100093,0.1667442085424008,11.14927,-0.7944573,-11.9437273,2,4
1237665016314593480,2364519883913324544,99,170.798786901,34.152890659,-20.681868,0.046144938,13955557806.151396,3,170.735308598,34.111490506,-23.100093,4.203084534098265,10.52246,-1.33599,-11.85845,4,16
1237665016314593453,2364517959767975936,99,170.768831672,34.132990561,-20.32949,0.04184055,10087789237.092373,4,170.735308598,34.111490506,-23.100093,2.2057617805359913,10.21694,-1.818986,-12.035926,3,20
1237661949737435267,6181241166815227904,100,230.772090356,8.609218112,-22.766863,0.034642624,95223732372.17609,1,230.772090356,8.609218112,-22.766863,0.0,,,,1,1
1237661949737435262,1937801622612633600,100,230.769029428,8.612252455,-21.820536,0.037498264,39830375433.01081,2,230.772090356,8.609218112,-22.766863,0.2692731121200969,10.64009,-1.393458,-12.033548,2,2
1237661949737435261,1937809319194028032,100,230.808310842,8.645445454,-21.440367,0.03562865,28063820894.923992,3,230.772090356,8.609218112,-22.766863,3.200617119907706,10.84218,-1.529691,-12.371871,4,7
1237661949737435263,6181231271210577920,100,230.795276038,8.63435137,-21.410411,0.035468161,27300110192.245033,4,230.772090356,8.609218112,-22.766863,2.1373687454219676,,,,3,8
1237654654171938965,612524495743248384,102,119.617121024,37.78661714,-23.372858,0.041382305,166396121816.63455,1,119.617121024,37.78661714,-23.372858,0.0,11.61971,-0.7749161,-12.3946261,1,1
1237653587406684481,611534932191242240,102,119.491353572,37.866115598,-20.629339,0.04353087,13296446791.84635,2,119.617121024,37.78661714,-23.372858,7.994348801114707,10.4023,0.1627968,-10.2395032,2,9
1237653587406684570,611535481947056128,102,119.500212056,37.919694786,-20.48259,0.041128143,11615448938.642809,3,119.617121024,37.78661714,-23.372858,10.176185878838483,10.42575,-1.587674,-12.013424,3,12
1237654654172070143,612512126237435904,102,119.855342258,37.871127818,-20.399787,0.041332051,10762540531.286308,4,119.617121024,37.78661714,-23.372858,12.9600485238916,10.45582,0.04416413,-10.41165587,4,14
1237674371291414552,2169662502516844544,106,125.148698328,21.067794201,-22.774681,0.015831291,95911879155.8458,1,125.148698328,21.067794201,-22.774681,0.0,11.09763,-1.355743,-12.453373,1,1
1237664836462248240,2169660303493588992,106,125.098568086,21.131483026,-21.817997,0.017675331,39737340707.6646,2,125.148698328,21.067794201,-22.774681,4.964763560566134,10.9556,-1.126556,-12.082156,2,2
1237664836462182453,2169673222755215360,106,124.966213678,20.984977986,-21.52648,0.01707702,30380295933.76876,3,125.148698328,21.067794201,-22.774681,11.90032209064731,10.77991,-1.212959,-11.992869,4,6
1237664836462248406,2169670473976145920,106,125.045073335,21.068969029,-20.203581,0.018141573,8983227534.819933,4,125.148698328,21.067794201,-22.774681,6.076154978865999,10.2449,-1.412227,-11.657127,3,17
1237661139033784336,1606768893613860864,112,153.460530226,38.764911915,-23.1631,0.023917658,137163955279.03188,1,153.460530226,38.764911915,-23.1631,0.0,11.46054,-0.9952266,-12.4557666,1,1
1237661139033784476,1606766144834791424,112,153.479661108,38.842936742,-21.537483,0.023716402,30689739353.14252,2,153.460530226,38.764911915,-23.1631,4.991135534040166,10.8829,-1.211267,-12.094167,3,3
1237661139033718922,1606765045323163648,112,153.449541569,38.675514885,-20.38652,0.021506168,10631829418.769424,3,153.460530226,38.764911915,-23.1631,5.642752771712417,10.25096,0.3709802,-9.8799798,4,18
1237661139033718842,1606752950695258112,112,153.414661115,38.74539351,-20.229992,0.022104655,9204427896.550774,4,153.460530226,38.764911915,-23.1631,2.560321160438538,10.23854,-1.932555,-12.171095,2,19
1237667734492086324,2667290202166290432,120,144.63695777,17.031291227,-23.280003,0.029075583,152757027906.4908,1,144.63695777,17.031291227,-23.280003,0.0,11.51206,-1.191276,-12.703336,1,1
1237667734492151849,5986602319881105408,120,144.756544408,17.025326614,-21.717035,0.030937653,36208788990.30263,2,144.63695777,17.031291227,-23.280003,7.194212148212327,,,,3,3
1237667782281068583,5986580329648549888,120,144.469470636,17.112918346,-20.4371,0.030724032,11138840879.261011,3,144.63695777,17.031291227,-23.280003,11.29178219515184,,,,4,10
1237667782281134188,2667307794352334848,120,144.656957753,17.130974571,-20.300057,0.029877846,9817994850.994003,4,144.63695777,17.031291227,-23.280003,6.37743570094267,10.30175,-1.612206,-11.913956,2,11
1237661386003382291,1502002748902631424,125,238.758029329,41.578336722,-22.775447,0.033755466,95979570020.03883,1,238.758029329,41.578336722,-22.775447,0.0,11.33993,-1.039382,-12.379312,1,1
1237661386003382586,1502002474024724480,125,238.807627941,41.58178291,-20.901326,0.033272194,17081672851.709976,2,238.758029329,41.578336722,-22.775447,2.341172191628188,10.58334,-1.501071,-12.084411,2,5
1237661386003317042,1186819765180590080,125,238.67565029,41.556255037,-20.486588,0.029891264,11658299282.880592,3,238.758029329,41.578336722,-22.775447,4.113621267099643,10.20257,-0.192013,-10.394583,4,8
1237661386003382392,1186821964203845632,125,238.72535946,41.521031078,-20.076012,0.030655297,7987388340.503633,4,238.758029329,41.578336722,-22.775447,3.914638715320161,9.722244,0.1190693,-9.6031747,3,16
1237658300056666239,1334320076794390528,129,125.840271997,4.372479421,-22.949388,0.031963093,112656226463.14844,1,125.840271997,4.372479421,-22.949388,0.0,11.35128,-1.228337,-12.579617,1,1
1237658300056666563,1334321451183925248,129,125.874472041,4.39249173,-20.436782,0.031723619,11135578914.976835,2,125.840271997,4.372479421,-22.949388,2.4842874105665373,10.33882,-1.164179,-11.502999,3,11
1237658300056601430,1334311005823461376,129,125.772300912,4.363388658,-20.370169,0.02756159,10472915512.714443,3,125.840271997,4.372479421,-22.949388,4.296482198724069,10.0274,-0.09271174,-10.12011174,4,13
1237658300056666431,1334280769253697536,129,125.844267775,4.400775532,-20.235947,0.031416249,9255050653.12396,4,125.840271997,4.372479421,-22.949388,1.7954335144362634,10.24264,-1.59721,-11.83985,2,14
1237665128538832901,2364494045390071808,131,170.72310273,34.340923831,-22.522203,0.036433037,76011832032.94553,1,170.72310273,34.340923831,-22.522203,0.0,11.10472,-0.8361344,-11.9408544,1,1
1237665025436811331,2376791803941644288,131,170.64954723,34.393450917,-20.720573,0.035687611,14462028065.326471,2,170.72310273,34.340923831,-22.522203,5.044367503078982,10.26061,-0.03882892,-10.29943892,4,10
1237665128538833047,2376782458092808192,131,170.773261139,34.350518927,-20.272672,0.036391121,9573457199.374727,3,170.72310273,34.340923831,-22.522203,2.6709964588195043,10.40073,-1.747814,-12.148544,2,14
1237665025436811410,2376795652232341504,131,170.753355726,34.393923301,-19.539234,0.037048559,4871846541.723972,4,170.72310273,34.340923831,-22.522203,3.681184145166269,10.16609,-0.2513465,-10.4174365,3,28
1237664132091871249,1969315266743527424,143,161.086403897,14.084465099,-23.339556,0.033732815,161369851743.81393,1,161.086403897,14.084465099,-23.339556,0.0,11.41464,-1.056117,-12.470757,1,1
1237661070326890555,1969316641133062144,143,161.203262998,14.230395725,-21.401221,0.033781945,27070008989.96698,2,161.086403897,14.084465099,-23.339556,11.60857300582634,10.76078,-1.247231,-12.008011,3,3
1237664132091871251,1969316091377248256,143,161.060224647,14.104778782,-21.144669,0.03581341,21373104048.7641,3,161.086403897,14.084465099,-23.339556,2.043102804650458,10.68836,-1.45891,-12.14727,2,5
1237661070326890677,1969327911127246848,143,161.219763361,14.30748492,-21.013575,0.033921035,18942181778.522972,4,161.086403897,14.084465099,-23.339556,16.197089707928065,10.6484,0.07336847,-10.57503153,4,8
1237661434849132659,1645045368385202176,146,198.15662788,47.063290904,-22.892388,0.029605784,106894460568.61185,1,198.15662788,47.063290904,-22.892388,0.0,11.35297,-1.178981,-12.531951,1,1
1237661361833574526,1642846346052397056,146,198.189114389,46.934975998,-20.776001,0.028287912,15219500526.708103,2,198.15662788,47.063290904,-22.892388,8.181567948701346,10.46379,0.3066607,-10.1571293,4,6
1237661434849132772,1645046193018923008,146,198.211260903,47.05480766,-20.378864,0.029178465,10557123449.551186,3,198.15662788,47.063290904,-22.892388,2.3984796847433745,10.3408,-1.738337,-12.079137,2,11
1237661434849198303,1642846071174490112,146,198.319249867,47.087547562,-19.958525,0.027275053,7168198117.121573,4,198.15662788,47.063290904,-22.892388,7.123654198121217,9.901207,-0.5664505,-10.4676575,3,17
1237665129099624455,2437674519100418048,152,233.843550295,25.297130482,-22.913294,0.035004658,108972672027.89758,1,233.843550295,25.297130482,-22.913294,0.0,11.4028,-1.210835,-12.613635,1,1
1237662695961788698,2435471096221296640,152,233.942507178,25.345886184,-21.048766,0.034126402,19566196015.345016,2,233.843550295,25.297130482,-22.913294,6.400927388513284,10.4814,-0.1129926,-10.5943926,3,7
1237665129099624698,4450713207363530752,152,233.94891252,25.247075745,-20.901261,0.035467406,17080650250.183365,3,233.843550295,25.297130482,-22.913294,6.7623492911147185,,,,4,9
1237665129099559164,2435475494267807744,152,233.756471125,25.327606221,-20.136154,0.035167086,8442315922.697817,4,233.843550295,25.297130482,-22.913294,5.30377049236606,10.16135,-1.307499,-11.468849,2,21
1237667441898881043,2517590594465851392,153,188.921632042,26.523077863,-22.989156,0.023158411,116859063073.79828,1,188.921632042,26.523077863,-22.989156,0.0,11.38099,-1.128959,-12.509949,1,1
1237667321647923349,2516398176085239808,153,188.923689479,26.222182521,-20.958624,0.022317384,18007341465.980465,2,188.921632042,26.523077863,-22.989156,18.906166669926712,10.18,-0.1878922,-10.3678922,3,2
1237667442972688529,2516406422422448128,153,189.211289992,27.278147364,-20.461087,0.022972178,11387668076.34558,3,188.921632042,26.523077863,-22.989156,50.14181739956699,10.60498,-1.199055,-11.804035,4,4
1237667322184794216,2517592793489106944,153,188.918769304,26.642948117,-20.441131,0.020949215,11180272786.684378,4,188.921632042,26.523077863,-22.989156,7.533387722251814,10.26661,-2.027503,-12.294113,2,5
1237664093439852636,2179894557875922944,154,138.414479827,29.992941147,-22.712426,0.023365937,90567087142.08617,1,138.414479827,29.992941147,-22.712426,0.0,11.21112,-1.019567,-12.230687,1,1
1237664093439983708,2179902529335224320,154,138.643051466,30.140853476,-22.132536,0.023709241,53090204717.79668,2,138.414479827,29.992941147,-22.712426,15.519452809425848,11.16746,-0.8537019,-12.0211619,4,3
1237664093439852639,6534893589381181440,154,138.405550216,29.999555795,-21.350716,0.025320628,25839636505.17388,3,138.414479827,29.992941147,-22.712426,0.639409590818606,,,,2,4
1237664668428599470,2179905278114293760,154,138.668180263,29.987640752,-20.200875,0.022186783,8960866351.362831,4,138.414479827,29.992941147,-22.712426,13.81021439569444,10.01048,-0.1881355,-10.1986155,3,10
1237665567691374612,2838549322180618240,157,239.456737114,16.310172778,-23.192346,0.037333237,140908892014.29587,1,239.456737114,16.310172778,-23.192346,0.0,11.5771,-1.322482,-12.899582,1,1
1237665567691374897,2472549372240357376,157,239.511575178,16.347594325,-21.68919,0.036483557,35291978013.965965,2,239.456737114,16.310172778,-23.192346,4.057341444075267,10.61432,0.2197291,-10.3945909,4,2
1237665567691309503,2472549097362450432,157,239.443741102,16.373442758,-20.788722,0.036513838,15398868134.787012,3,239.456737114,16.310172778,-23.192346,4.051858378608503,10.43824,0.08623976,-10.35200024,3,6
1237665567691374851,2472552670775240704,157,239.463986564,16.362325686,-20.415368,0.03859228,10918103325.099403,4,239.456737114,16.310172778,-23.192346,3.305888550051865,10.56892,-0.04273123,-10.61165123,2,8
1237661381704548424,1613427261808076800,174,161.918683713,38.93158051,-22.838443,0.036311171,101713172394.40436,1,161.918683713,38.93158051,-22.838443,0.0,11.37591,-1.082433,-12.458343,1,1
1237661381704548428,2259775454439303168,174,161.909766041,38.924104487,-21.308874,0.036525767,24862775013.433224,2,161.918683713,38.93158051,-22.838443,0.6408182767668681,10.55274,-0.042424,-10.595164,2,6
1237661381704548426,1613426162296449024,174,161.949344979,38.924182609,-20.763284,0.036325244,15042277628.769062,3,161.918683713,38.93158051,-22.838443,1.5691278449443815,10.44333,-1.556945,-12.000275,4,12
1237661381704548427,1613427811563890688,174,161.91446654,38.952679401,-20.491841,0.038258128,11714841040.482023,4,161.918683713,38.93158051,-22.838443,1.3416062454973932,10.25158,-0.6050202,-10.8566002,3,17
1237661463842521123,1583051601155745792,180,243.146769603,29.365063759,-22.993,0.034287175,117273530577.93794,1,243.146769603,29.365063759,-22.993,0.0,11.46346,-1.039241,-12.502701,1,1
1237661463842455568,1583052425789466624,180,242.985847255,29.454536336,-21.100519,0.031894349,20521429029.12846,2,243.146769603,29.365063759,-22.993,10.449176576835065,10.74369,-0.9526307,-11.6963207,3,5
1237662336256835778,1584236050224539648,180,243.222107302,29.41848154,-20.772119,0.03130852,15165181066.893051,3,243.146769603,29.365063759,-22.993,5.317424079233951,10.48937,-1.717169,-12.206539,2,6
1237661463842390293,1583071392365045760,180,242.873145246,29.450146155,-20.706405,0.032565796,14274535992.889578,4,243.146769603,29.365063759,-22.993,15.902545515078035,10.54508,-0.9184291,-11.4635091,4,7
1237667782827638815,2805863584226109440,189,167.435194137,21.758940384,-22.841338,0.032908084,101984741634.31076,1,167.435194137,21.758940384,-22.841338,0.0,11.36214,-1.16413,-12.52627,1,1
1237667782827638813,2805861110324946944,189,167.421650781,21.74036598,-22.040825,0.033299681,48789908090.79666,2,167.435194137,21.758940384,-22.841338,1.4095153490684431,10.71754,-1.771079,-12.488619,2,2
1237667735575462006,2805862484714481664,189,167.459686825,21.810328259,-21.450286,0.03254503,28321379272.42724,3,167.435194137,21.758940384,-22.841338,3.5308945636285953,10.7998,-1.362607,-12.162407,4,4
1237667782827638816,7237290753843195904,189,167.428401572,21.735490862,-20.716643,0.031926589,14409775012.644987,4,167.435194137,21.758940384,-22.841338,1.5257730665100335,,,,3,12
1237658800967188670,1171020611179276288,191,196.48288252,53.659259269,-22.542064,0.029951176,77415085896.38231,1,196.48288252,53.659259269,-22.542064,0.0,11.22635,-1.111729,-12.338079,1,1
1237658800967188592,1169822967887063040,191,196.383977291,53.685139024,-22.12668,0.030210343,52804629527.74581,2,196.48288252,53.659259269,-22.542064,4.0245594072801065,11.0379,-1.019191,-12.057091,4,2
1237658800967254132,1171020336301369344,191,196.524450409,53.613513616,-21.302729,0.030762082,24722455281.32025,3,196.48288252,53.659259269,-22.542064,3.264890728447355,10.68996,0.8271127,-9.8628473,2,6
1237658800967254171,1169823517642876928,191,196.573944105,53.651967229,-20.495337,0.030532891,11752622861.959032,4,196.48288252,53.659259269,-22.542064,3.4216292080061907,10.40467,-1.046575,-11.451245,3,11
1237665023836815551,2356517914925885440,200,200.061366255,33.14340258,-22.674801,0.036836166,87482341784.55429,1,200.061366255,33.14340258,-22.674801,0.0,11.20931,-1.495973,-12.705283,1,1
1237665023836881029,2356519564193327104,200,200.172452981,33.100388839,-21.436369,0.036836955,27960671682.77951,2,200.061366255,33.14340258,-22.674801,6.440164426222497,10.67207,-1.48052,-12.15259,4,5
1237665023836881158,2378005391024875520,200,200.099562545,33.176810357,-20.785406,0.035279423,15351909445.031157,3,200.061366255,33.14340258,-22.674801,2.905614385684869,10.51043,-1.877521,-12.387951,3,11
1237665023836880982,2356518739559606272,200,200.098145167,33.135506862,-20.71429,0.03801701,14378580062.76538,4,200.061366255,33.14340258,-22.674801,1.997588076815458,10.533,-1.772843,-12.305843,2,12
1237665427567673462,2430976850915256320,202,231.103257185,20.761707686,-22.554572,0.03963577,78312087365.20381,1,231.103257185,20.761707686,-22.554572,0.0,11.20673,-1.273259,-12.479989,1,1
1237665427567673463,4447559814021312512,202,231.127787765,20.757846622,-21.225156,0.040279218,23017725153.402515,2,231.103257185,20.761707686,-22.554572,1.461507596132486,,,,2,4
1237665427567673643,2430976301159442432,202,231.092009076,20.804566555,-19.826845,0.041979199,6349477667.15184,3,231.103257185,20.761707686,-22.554572,2.772781156419453,10.14837,-1.660801,-11.809171,4,14
1237665427567673685,2430977125793163264,202,231.118128305,20.790105777,-19.696763,0.038828889,5632551872.3468685,4,231.103257185,20.761707686,-22.554572,1.9866953409675503,9.867218,-1.065341,-10.932559,3,18
1237668298739351591,2937578485163517952,213,181.047063325,20.409840378,-22.612868,0.024976961,82631797476.73099,1,181.047063325,20.409840378,-22.612868,0.0,11.20034,-1.313603,-12.513943,1,1
1237668298739482674,2937588930523981824,213,181.405978707,20.555695876,-21.930674,0.025159186,44082843471.16587,2,181.047063325,20.409840378,-22.612868,23.027695686419676,10.94277,-1.479543,-12.422313,2,4
1237668298739482675,2936509484949858304,213,181.417053957,20.55572131,-21.749819,0.026611289,37318793950.79329,3,181.047063325,20.409840378,-22.612868,23.627773879386897,10.84823,-0.9417334,-11.7899634,3,5
1237668298739548227,2936510859339393024,213,181.464455265,20.521954679,-21.561264,0.024845811,31369355790.39769,4,181.047063325,20.409840378,-22.612868,25.56003465766913,10.82279,-1.517407,-12.340197,4,6
1237655348895416343,917629629504710656,214,246.855140244,42.679726377,-22.692258,0.031446957,88900294569.61876,1,246.855140244,42.679726377,-22.692258,0.0,11.28859,-1.260226,-12.548816,1,1
1237655348895416475,918850087495428096,214,246.907086253,42.638237228,-21.567216,0.031108379,31541794651.717964,2,246.855140244,42.679726377,-22.692258,3.543556359498361,10.82224,-1.102909,-11.925149,3,3
1237655348895416498,918852011640776704,214,246.851041154,42.59391577,-20.157752,0.03285937,8611936125.245523,3,246.855140244,42.679726377,-22.692258,5.394967625198824,10.20067,-1.229461,-11.430131,4,8
1237655348895351215,918842940669847552,214,246.823538794,42.69524773,-20.102769,0.031462091,8186675945.838926,4,246.855140244,42.679726377,-22.692258,1.755361611731065,10.19991,-1.705129,-11.905039,2,10
1237667322179616791,2500683130344597504,224,175.636868024,26.488879217,-22.833041,0.031339034,101208362907.72462,1,175.636868024,26.488879217,-22.833041,0.0,11.381,-1.225189,-12.606189,1,1
1237667322179682330,2500669661327157248,224,175.799310189,26.559013551,-21.836346,0.031092284,40414610723.652985,2,175.636868024,26.488879217,-22.833041,10.139885232894592,11.00679,-1.075202,-12.081992,3,3
1237667322179616901,2500675158885296128,224,175.717628979,26.54069293,-21.535383,0.029512256,30630437503.075825,3,175.636868024,26.488879217,-22.833041,5.587126278194648,10.96804,-1.266451,-12.234491,2,4
1237667429571231828,2500668012059715584,224,175.794818452,26.574618517,-21.267002,0.032104418,23922182541.368725,4,175.636868024,26.488879217,-22.833041,10.385610078843014,10.73344,-1.494336,-12.227776,4,7
1237661850399539298,1548187465318164480,226,197.157967543,43.73753701,-22.773809,0.036475203,95834879253.10152,1,197.157967543,43.73753701,-22.773809,0.0,11.38594,-1.295869,-12.681809,1,1
1237661850399473791,1546993120795715584,226,197.140606513,43.763227721,-21.25185,0.03917879,23590655035.857517,2,197.157967543,43.73753701,-22.773809,1.7962514188726788,10.90483,-1.390058,-12.294888,3,5
1237661871870509192,1548185541172815872,226,197.143027627,43.704277311,-20.618143,0.036630272,13160039717.585876,3,197.157967543,43.73753701,-22.773809,2.1971296244582668,10.41802,-1.721247,-12.139267,4,8
1237661850399473802,1546994220307343360,226,197.142795327,43.745337186,-19.784263,0.036937172,6105274569.057295,4,197.157967543,43.73753701,-22.773809,0.8453060689325904,9.836607,-2.353791,-12.190398000000002,2,16
1237661064956280853,1799340109502375936,227,156.782440087,11.010721141,-22.417937,0.033486417,69051767566.94012,1,156.782440087,11.010721141,-22.417937,0.0,11.18863,-1.324047,-12.512677,1,1
1237661064956280854,1799338735112841216,227,156.794116468,11.021198164,-20.550907,0.033787328,12369803479.57937,2,156.782440087,11.010721141,-22.417937,0.9756713525502876,10.42155,-1.78224,-12.20379,2,9
1237661064956215526,1799340659258189824,227,156.748759928,10.99635221,-19.694966,0.033122162,5623237156.590396,3,156.782440087,11.010721141,-22.417937,2.2649932572915583,10.11074,-1.767362,-11.878102,4,17
1237661064956280858,1799339834624468992,227,156.799332025,10.999269322,-19.515861,0.034528299,4768089513.331389,4,156.782440087,11.010721141,-22.417937,1.2661574314664854,9.848163,-1.445765,-11.293928,3,21
1237651752929853498,5327812330007490560,229,164.554346406,1.606878998,-22.38535,0.039732642,67010058951.07287,1,164.554346406,1.606878998,-22.38535,0.0,,,,1,1
1237651752929853497,572028385748871168,229,164.563461348,1.615990854,-21.742079,0.040541726,37053701622.02029,2,164.554346406,1.606878998,-22.38535,0.8096351444150255,10.9757,-1.36785,-12.34355,2,7
1237651752929788028,572040755254683648,229,164.458192193,1.648622369,-20.211724,0.040090732,9050854847.90017,3,164.554346406,1.606878998,-22.38535,6.584071033476329,9.852804,0.1053612,-9.7474428,4,18
1237651752929853592,572023987702360064,229,164.62502484,1.628159656,-19.825236,0.040075797,6340075067.089691,4,164.554346406,1.606878998,-22.38535,4.636091234790537,10.04733,-1.654509,-11.701839,3,22
1237671991875600387,2027862899938060288,242,203.116412501,7.316439183,-22.536273,0.023650214,77003275639.08005,1,203.116412501,7.316439183,-22.536273,0.0,11.25106,-0.5660187,-11.8170787,1,1
1237661971730333720,2027865373839222784,242,203.177271526,7.32726143,-22.274903,0.024340655,60528679583.333626,2,203.116412501,7.316439183,-22.536273,3.853178768603484,11.11341,-0.7964349,-11.9098449,3,3
1237671991875600389,2027864274327595008,242,203.13442846,7.294202439,-20.409035,0.023471422,10854604398.532335,3,203.116412501,7.316439183,-22.536273,1.792415102742391,10.54213,-1.014734,-11.556864,2,9
1237661971730333900,2027861800426432512,242,203.227797468,7.327685275,-19.849968,0.024711699,6486153165.694473,4,203.116412501,7.316439183,-22.536273,6.97732649474626,10.11683,-1.708004,-11.824834,4,14
1237665440998031492,2475879518452082688,243,240.883682193,17.198696271,-22.632648,0.034306492,84150984259.0134,1,240.883682193,17.198696271,-22.632648,0.0,11.2686,-1.264944,-12.533544,1,1
1237665428108935458,2472622764641511424,243,241.011479812,17.282384342,-21.711808,0.033483842,36034889944.290276,2,240.883682193,17.198696271,-22.632648,9.298528742010912,10.91553,-1.623701,-12.539231,4,2
1237665428108935403,2473691215418124288,243,240.986056939,17.305117876,-20.658656,0.033801083,13660368029.298197,3,240.883682193,17.198696271,-22.632648,9.080086444544342,10.41888,-1.63812,-12.057,3,7
1237665440998031805,2472601049286862848,243,240.913617576,17.184854527,-20.020369,0.034374629,7588354302.020563,4,240.883682193,17.198696271,-22.632648,1.9962673629451544,10.26012,-2.054186,-12.314306,2,9
1237667447802429573,2990527391878637568,244,182.023128718,25.237293934,-22.070355,0.023532871,50135113214.84412,1,182.023128718,25.237293934,-22.070355,0.0,11.02581,-1.447555,-12.473365,1,1
1237667447802429720,2990521894320498688,244,181.992723685,25.321176461,-20.37667,0.022903051,10535811696.401722,2,182.023128718,25.237293934,-22.070355,5.546370690968099,10.30935,-1.967452,-12.276802,2,7
1237667447802429774,2990524368221661184,244,182.085341055,25.334887301,-19.881564,0.022887283,6677679946.755015,3,182.023128718,25.237293934,-22.070355,7.077639365667315,10.08111,-1.370417,-11.451527,3,12
1237667447802364057,2989440244723509248,244,181.894321033,25.280538699,-19.239922,0.0224913,3698016120.359641,4,182.023128718,25.237293934,-22.070355,7.807485470948971,9.72243,-1.629821,-11.352251,4,19
1237660342862872626,5147787366610169856,260,145.887856213,39.415110396,-22.995268,0.041311316,117518759906.59572,1,145.887856213,39.415110396,-22.995268,0.0,,,,1,1
1237660342862872624,1367983001060796416,260,145.882992058,39.397108819,-21.288702,0.041518139,24405111715.51825,2,145.887856213,39.415110396,-22.995268,1.1554606834470156,10.84296,-1.607511,-12.450471,3,4
1237660342862938375,1367980527159633920,260,145.927022813,39.46799179,-20.566061,0.043763433,12543663644.837547,3,145.887856213,39.415110396,-22.995268,3.827765472826776,10.39114,-0.189861,-10.581001,4,10
1237660342862938125,1367980802037540864,260,145.901255908,39.424746132,-20.1395,0.042518235,8468373413.222432,4,145.887856213,39.415110396,-22.995268,0.8885757451951685,9.850019,-1.120025,-10.970044,2,14
1237664671645171756,2244061239086966784,273,203.646086603,34.777769068,-22.334906,0.02648693,63967945142.970474,1,203.646086603,34.777769068,-22.334906,0.0,11.23639,-1.20362,-12.44001,1,1
1237664671645171895,2244053542505572352,273,203.541599244,34.765136769,-20.76131,0.025918575,15014953791.625334,2,203.646086603,34.777769068,-22.334906,5.450916692475361,10.62962,-0.9768497,-11.6064697,3,6
1237664671645171915,2244052168116037632,273,203.578047826,34.863123915,-20.754659,0.024341023,14923256373.65647,3,203.646086603,34.777769068,-22.334906,6.409266440843958,10.42706,-1.642782,-12.069842,4,7
1237664671645237313,2244058215429990400,273,203.738793801,34.804078361,-19.447056,0.026195603,4475302541.258057,4,203.646086603,34.777769068,-22.334906,5.061256690351876,9.91104,-1.621309,-11.532349,2,14
1237651822716584014,667759833818097664,286,232.457649336,3.510881414,-23.011305,0.037376382,119267468149.43094,1,232.457649336,3.510881414,-23.011305,0.0,11.43347,-0.7582561,-12.1917261,1,1
1237651822716518782,667762857475074048,286,232.37648055,3.467649299,-22.871426,0.03888261,104850474451.21214,2,232.457649336,3.510881414,-23.011305,5.769929191937915,11.3475,-1.186072,-12.533572,2,2
1237651822716518783,667759009184376832,286,232.362270008,3.481103912,-21.112329,0.03708286,20745867509.0641,3,232.457649336,3.510881414,-23.011305,6.267485527321631,10.6023,-1.573806,-12.176106,3,6
1237654880207765798,667762582597167104,286,232.385568765,3.384934941,-21.096948,0.040584962,20454044666.32485,4,232.457649336,3.510881414,-23.011305,9.113722588966327,10.69266,-1.396599,-12.089259,4,7
1237662198821683357,1937724656798689280,288,230.480303015,8.423789652,-22.783466,0.039574937,96691077517.20387,1,230.480303015,8.423789652,-22.783466,0.0,11.40974,-0.8320587,-12.2417987,1,1
1237662198821748956,1937726306066130944,288,230.575125164,8.579889583,-21.029389,0.036476463,19220098100.388855,2,230.480303015,8.423789652,-22.783466,11.441937656294495,10.6406,-1.331331,-11.971931,4,6
1237661949200433494,1937737576060315648,288,230.460643393,8.364409285,-20.799404,0.038900822,15551117399.973375,3,230.480303015,8.423789652,-22.783466,3.926006577441637,10.6462,-1.530173,-12.176373,2,8
1237662198821683697,1937723832164968448,288,230.532016258,8.54837705,-20.349587,0.039206502,10276253283.96537,4,230.480303015,8.423789652,-22.783466,8.462039850304784,10.45095,-1.766697,-12.217647,3,12
1237663916267536477,5799642746596290560,290,123.648095338,55.144305007,-22.602993,0.032578312,81883651264.9402,1,123.648095338,55.144305007,-22.602993,0.0,,,,1,1
1237663786883350690,2106722884587120640,290,123.804954973,55.206707686,-20.722421,0.033785931,14486664422.928131,2,123.648095338,55.144305007,-22.602993,6.859362383560924,10.49636,-1.720388,-12.216748,4,4
1237663916267536476,2107740207754274816,290,123.607738487,55.141170142,-19.953467,0.034891183,7134882083.034773,3,123.648095338,55.144305007,-22.602993,1.462560240390098,10.26113,-1.608086,-11.869216,2,11
1237663916267536572,2107741582143809536,290,123.615003426,55.179119535,-19.790099,0.034136571,6138179719.90403,4,123.648095338,55.144305007,-22.602993,2.4891395444433213,10.15468,-1.880028,-12.034708,3,13
1237662266463486279,2062661345173596160,291,227.881399961,4.517495902,-22.337661,0.038389701,64130466634.62996,1,227.881399961,4.517495902,-22.337661,0.0,11.26915,-1.241175,-12.510325,1,1
1237662266463486072,664404674606032896,291,227.904140447,4.46724732,-21.387118,0.035715649,26720661168.711018,2,227.881399961,4.517495902,-22.337661,3.463669408494096,10.87034,-1.751821,-12.622161,3,6
1237662266463486059,5377331035254747136,291,227.912109556,4.559891045,-21.017536,0.039695577,19011413154.49256,3,227.881399961,4.517495902,-22.337661,3.2856444602008708,,,,2,8
1237662266463551701,664427214594402304,291,227.94988131,4.521484422,-19.540043,0.039217465,4875477987.900799,4,227.881399961,4.517495902,-22.337661,4.2967453228657595,9.941469,-0.4445363,-10.3860053,4,16
1237668331491819553,3095126952609081344,292,221.758663825,13.668369525,-22.088689,0.031044866,50988894964.03672,1,221.758663825,13.668369525,-22.088689,0.0,11.07018,-1.322551,-12.392731,1,1
1237668331491819552,3096299581776881664,292,221.785358172,13.654723077,-21.582083,0.029132831,31976667421.340992,2,221.758663825,13.668369525,-22.088689,1.8415873480023524,10.97164,-1.582762,-12.554402,3,3
1237668331491819554,3095129151632336896,292,221.77408283,13.664751704,-21.09192,0.03131668,20359541809.57186,3,221.758663825,13.668369525,-22.088689,0.9684311260200388,10.51422,-1.870172,-12.384392,2,7
1237668331491819768,3095128876754429952,292,221.751398037,13.70889784,-19.746747,0.030552913,5897918948.325927,4,221.758663825,13.668369525,-22.088689,2.584810798271576,10.05564,-1.56709,-11.62273,4,12
1237662238014373973,2036857448702175232,293,210.702598749,9.341375704,-22.116043,0.020568739,52289826400.86249,1,210.702598749,9.341375704,-22.116043,0.0,11.0616,-1.561871,-12.623471,1,1
1237662238014308394,2036844529440548864,293,210.547147386,9.440109712,-21.778866,0.021725027,38330669067.94548,2,210.702598749,9.341375704,-22.116043,11.460600251097604,10.65349,0.2176472,-10.4358428,4,3
1237662238014439648,2034650185535088640,293,210.779766259,9.363040868,-20.993035,0.020859279,18587201197.80142,3,210.702598749,9.341375704,-22.116043,4.974026601303517,10.45781,-0.5164728,-10.9742828,3,7
1237662238014439591,6133041874833436672,293,210.729469238,9.349779309,-20.062143,0.02009856,7886007758.321139,4,210.702598749,9.341375704,-22.116043,1.7475885812628218,,,,2,11
1237661950276468745,1941185919436482560,307,235.690132319,8.241109845,-22.869395,0.041543317,104654522376.19913,1,235.690132319,8.241109845,-22.869395,0.0,11.45913,-1.252931,-12.712061,1,1
1237661950276469020,1941188393337645056,307,235.733864912,8.242372313,-21.026367,0.040703364,19166675935.899323,2,235.690132319,8.241109845,-22.869395,2.7205773949263503,10.60017,-1.510401,-12.110571,3,4
1237661950276469037,5867117016934707200,307,235.731353679,8.228015586,-20.761366,0.040682231,15015728251.474138,3,235.690132319,8.241109845,-22.869395,2.6921108504155304,,,,2,7
1237662199360848014,1941193890895783936,307,235.765639054,8.170227547,-20.430837,0.041670155,11074772152.423023,4,235.690132319,8.241109845,-22.869395,6.4718108493272295,9.293637,-0.4987935,-9.7924305,4,13
1237654879130222725,662051719521265664,308,223.636430927,2.966436646,-22.737638,0.027906063,92694763343.65154,1,223.636430927,2.966436646,-22.737638,0.0,11.21834,-1.314321,-12.532661,1,1
1237654879130157152,662066562928240640,308,223.467233941,3.036330535,-20.819773,0.030094971,15845618659.876614,2,223.636430927,2.966436646,-22.737638,11.488832655290944,10.54772,-1.626819,-12.174539,3,8
1237651821638975664,662067387561961472,308,223.533645111,3.213707218,-20.626373,0.028705914,13260173300.2451,3,223.636430927,2.966436646,-22.737638,16.821689277266298,10.47545,-1.112583,-11.588033,4,10
1237654879130157270,662064089027078144,308,223.477997858,3.017910004,-20.185303,0.028016798,8833263788.434319,4,223.636430927,2.966436646,-22.737638,10.45393400989518,10.4129,-1.088238,-11.501138,2,12
1237667911138672682,3001679734057756672,312,206.317352546,23.218962412,-22.619914,0.031403747,83169789059.58778,1,206.317352546,23.218962412,-22.619914,0.0,11.34827,-1.321206,-12.669476,1,1
1237667911138672660,3001678359668221952,312,206.300416504,23.251267689,-21.082474,0.031312712,20183180306.73147,2,206.317352546,23.218962412,-22.619914,2.253045395787856,10.71048,-0.9438053,-11.6542853,2,3
1237667911138672823,3001678909424035840,312,206.322609075,23.177820791,-21.034176,0.028989575,19305026405.92783,3,206.317352546,23.218962412,-22.619914,2.6027685107123517,10.51164,-1.525522,-12.037162,3,4
1237667447275257905,3001677260156594176,312,206.313842741,23.316538931,-20.653247,0.030506902,13592483046.766342,4,206.317352546,23.218962412,-22.619914,6.134259843429617,10.11859,0.5372778,-9.5813122,4,5
1237668294449823785,2825018176327149568,313,176.550752073,20.391651809,-22.621881,0.024203681,83320602170.79395,1,176.550752073,20.391651809,-22.621881,0.0,11.17396,-1.408319,-12.582279,1,1
1237668294449758225,2821670713159608320,313,176.349376532,20.32545692,-21.667263,0.024390482,34586387266.70433,2,176.550752073,20.391651809,-22.621881,12.57042758713414,10.90092,-1.409765,-12.310685,3,5
1237667916490604603,7241864722718060544,313,176.499320751,20.438933045,-20.764535,0.025540674,15059619534.205984,3,176.550752073,20.391651809,-22.621881,4.242354643197526,,,,2,7
1237667916490604564,2824983816588781568,313,176.453482314,20.628614729,-20.743659,0.024493061,14772826592.879892,4,176.550752073,20.391651809,-22.621881,15.95128877829692,10.22468,0.3274384,-9.8972416,4,8
1237661433772245009,1635983468796078080,329,187.549393643,47.006307429,-23.06296,0.039771718,125078884676.11684,1,187.549393643,47.006307429,-23.06296,0.0,11.33384,-1.096993,-12.430833,1,1
1237661433772310697,1635979345627473920,329,187.792058698,47.016763663,-20.829612,0.042627874,15989865107.530449,2,187.549393643,47.006307429,-23.06296,10.416982530124278,10.1433,0.04606616,-10.09723384,4,8
1237661433772245175,1635982369284450304,329,187.479055465,47.020420068,-20.620445,0.041120386,13187971501.95501,3,187.549393643,47.006307429,-23.06296,3.14108130911745,10.44704,-1.712031,-12.159071,2,9
1237661357008355381,1635979070749566976,329,187.711164039,47.091245054,-20.121154,0.039649417,8326483005.774576,4,187.549393643,47.006307429,-23.06296,8.74339540081213,10.20301,-1.400716,-11.603726000000002,3,13
1237665231058895036,3341840050345240576,335,243.892434941,19.461975282,-22.647556,0.031764758,85314411626.9915,1,243.892434941,19.461975282,-22.647556,0.0,10.5609,-1.935092,-12.495992,1,1
1237665231058895034,2483771816926013440,335,243.898148509,19.453398629,-22.283925,0.030648403,61033742348.67304,2,243.892434941,19.461975282,-22.647556,0.6363767989531259,10.78435,-1.354725,-12.139075,2,2
1237665231058960779,2483761371565549568,335,244.097421758,19.486927427,-19.957996,0.032499096,7164706428.108529,3,243.892434941,19.461975282,-22.647556,12.243648113845977,10.31901,0.2752421,-10.0437679,4,8
1237665231058895145,2483773741071362048,335,243.915884258,19.481554865,-19.664857,0.030729674,5469439213.324346,4,243.892434941,19.461975282,-22.647556,1.8555412470155412,10.04999,-1.926653,-11.976643,3,9
1237661069250789414,1967029927094020096,336,155.848980865,12.835046799,-22.411214,0.033590722,68625512371.8459,1,155.848980865,12.835046799,-22.411214,0.0,11.29953,-1.315621,-12.615151,1,1
1237661069250789503,1967032400995182592,336,155.809691307,12.873327471,-20.648535,0.0340613,13533620682.412748,2,155.848980865,12.835046799,-22.411214,3.402609119252219,10.44552,-1.668768,-12.114288,3,6
1237661069250789598,6010288274278117376,336,155.779370109,12.840209604,-20.338791,0.033526331,10174577870.98554,3,155.848980865,12.835046799,-22.411214,4.276764434039356,,,,4,8
1237661069250789417,1967031026605647872,336,155.880729099,12.829408979,-20.242585,0.03324323,9311807727.951605,4,155.848980865,12.835046799,-22.411214,1.976974222099549,10.30373,-1.737932,-12.041662,2,10
1237659324412526601,1312822152398923776,348,231.700860511,48.614973527,-22.65717,0.038275532,86073210044.79735,1,231.700860511,48.614973527,-22.65717,0.0,11.2559,-0.7263405,-11.9822405,1,1
1237659324412526747,1498738298913318912,348,231.75653006,48.613306188,-21.705241,0.036466796,35817593230.57817,2,231.700860511,48.614973527,-22.65717,2.3148746189365337,10.84252,-1.583568,-12.426088,2,4
1237661388684067032,1498728953064482816,348,231.594365379,48.497655527,-19.882558,0.036043278,6683796214.370614,3,231.700860511,48.614973527,-22.65717,8.599469312687834,9.992289,-1.151567,-11.143856,4,15
1237659324412461258,1312826275567527936,348,231.680690377,48.663667673,-19.731699,0.038327589,5816739305.050508,4,231.700860511,48.614973527,-22.65717,3.172084662127594,9.959712,-0.7140571,-10.6737691,3,17
1237665442071969832,2475862750899759104,350,241.663940367,17.761189576,-22.287776,0.039296977,61250607428.43679,1,241.663940367,17.761189576,-22.287776,0.0,11.23723,-1.376426,-12.613656,1,1
1237665442071970090,2475875395283478528,350,241.634142862,17.713866868,-22.068852,0.040615817,50065758483.256615,2,241.663940367,17.761189576,-22.287776,3.467111255643521,11.51988,-1.543371,-13.063251,4,2
1237665442071969837,2475875120405571584,350,241.638023149,17.775649136,-21.506317,0.038193769,29821315674.410404,3,241.663940367,17.761189576,-22.287776,1.7972832737268367,11.07163,-1.45339,-12.52502,2,3
1237665442071970062,2475863300655572992,350,241.651340223,17.796456508,-20.40457,0.039434561,10810057399.833372,4,241.663940367,17.761189576,-22.287776,2.340617547229306,10.28344,-1.680981,-11.964421000000002,3,8
1237655348355203084,914245057467410432,351,239.262559987,48.16837353,-22.101871,0.019802654,51611728020.95015,1,239.262559987,48.16837353,-22.101871,0.0,11.11448,-1.080274,-12.194754,1,1
1237655348355203181,914245607223224320,351,239.180504725,48.095012689,-21.80602,0.019764432,39301398086.02451,2,239.262559987,48.16837353,-22.101871,5.752137930599684,10.99695,-1.45625,-12.4532,3,2
1237655464856780879,914259625996478464,351,239.378160208,48.272887712,-20.247046,0.020562299,9350146165.4264,3,239.262559987,48.16837353,-22.101871,8.157337949191593,10.27319,-1.516757,-11.789947,4,4
1237655348355203169,914272545258104832,351,239.33414927,48.207265952,-19.897906,0.019684368,6778949521.369944,4,239.262559987,48.16837353,-22.101871,3.868409175624324,10.21323,-1.461313,-11.674543,2,8
1237659162813530232,1505464011557201920,379,245.430275475,37.996042792,-22.522548,0.033170032,76035989142.94809,1,245.430275475,37.996042792,-22.522548,0.0,11.24542,-1.211998,-12.457418,1,1
1237659162813530234,1505464561313015808,379,245.391214858,38.008574606,-21.183849,0.033652281,22158461332.028984,2,245.430275475,37.996042792,-22.522548,2.0880666413720896,10.57729,-1.050532,-11.627822,2,4
1237659162813464715,1505463736679294976,379,245.286513868,38.033355662,-20.956035,0.034016966,17964453086.851303,3,245.430275475,37.996042792,-22.522548,7.492747731008915,10.57136,-1.548523,-12.119883,3,5
1237661387616682025,1505470883504875520,379,245.672512292,38.125302464,-19.622283,0.032538552,5259121447.78079,4,245.430275475,37.996042792,-22.522548,14.4765540136029,10.04161,-1.570717,-11.612327,4,8
1237654654179737747,621515198817134592,387,136.796203376,50.712731625,-23.144674,0.03804803,134855790771.50748,1,136.796203376,50.712731625,-23.144674,0.0,11.33946,-0.2043624,-11.543822400000002,1,1
1237653612646432836,621562202939222016,387,135.857231502,50.917133,-20.768397,0.036485974,15113282488.539465,2,136.796203376,50.712731625,-23.144674,39.426181496504064,10.07872,0.1486619,-9.9300581,4,3
1237654654179803289,6453871127655280640,387,136.868847226,50.750281338,-20.66375,0.036843126,13724609610.075651,3,136.796203376,50.712731625,-23.144674,3.7299947995186895,,,,2,4
1237654654179803317,621507227357833216,387,136.97903552,50.715754804,-20.287082,0.03771172,9701364003.661327,4,136.796203376,50.712731625,-23.144674,7.276346156720133,10.26558,-1.326338,-11.591918,3,5
1237665567685804219,2424118645190846464,402,226.799902551,20.479606588,-22.707518,0.042675681,90158608452.8542,1,226.799902551,20.479606588,-22.707518,0.0,11.386,-0.7551022,-12.1411022,1,1
1237665567685738679,2424129915185031168,402,226.707756193,20.499304065,-22.21777,0.040772408,57425925077.76786,2,226.799902551,20.479606588,-22.707518,5.562869865031791,11.11708,-0.3594528,-11.4765328,3,3
1237665531180482789,2424122768359450624,402,226.861219784,20.573900877,-20.265097,0.041751635,9506897247.690865,3,226.799902551,20.479606588,-22.707518,6.936858726699863,10.40575,-0.4485299,-10.8542799,4,12
1237665567685738559,2424120844214102016,402,226.721473679,20.444900605,-19.997017,0.04305245,7426886723.299464,4,226.799902551,20.479606588,-22.707518,5.105971676164772,9.918439,-0.377557,-10.295996,2,13
1237665548887195714,2385845188137347072,403,208.805764405,25.051809808,-22.667681,0.031832946,86910530328.76897,1,208.805764405,25.051809808,-22.667681,0.0,11.33792,-1.260116,-12.598036,1,1
1237665531172946006,2385846012771067904,403,208.802430831,25.021433727,-22.090613,0.031794686,51079330934.75363,2,208.805764405,25.051809808,-22.667681,1.917997009029752,11.00358,-0.8258338,-11.8294138,2,2
1237665548887195946,2385847387160602624,403,208.798637576,25.110381098,-20.201133,0.031560766,8962995946.208586,3,208.805764405,25.051809808,-22.667681,3.702423043663589,10.297,-1.315653,-11.612653,3,13
1237665548887261199,2381284959349401600,403,208.868274064,25.073585069,-19.713273,0.030307133,5718856510.798008,4,208.805764405,25.051809808,-22.667681,3.8117992392384266,9.801862,-2.032181,-11.834043,4,16
1237662198818930724,1930971462336800768,407,224.150664471,9.369744353,-22.786432,0.029713106,96955578056.43677,1,224.150664471,9.369744353,-22.786432,0.0,11.21267,-1.172725,-12.385395,1,1
1237662198818930727,1930982732330985472,407,224.120892886,9.354531863,-22.06057,0.029288477,49685309560.16591,2,224.150664471,9.369744353,-22.786432,2.0785018843429706,10.87656,0.1990269,-10.6775331,2,2
1237661949197746205,1930972286970521600,407,224.221122301,9.271631241,-21.850103,0.028804455,40929948670.04343,3,224.150664471,9.369744353,-22.786432,7.555584054234315,10.71405,0.1925659,-10.5214841,4,3
1237662198818865386,1930982182575171584,407,224.052201266,9.405210905,-20.16815,0.030206459,8694808074.247318,4,224.150664471,9.369744353,-22.786432,6.497841468556137,10.20439,-1.192617,-11.397007,3,12
1237655464320499872,7577306755723096064,410,240.493816117,47.096664581,-22.614198,0.0423794,82733081407.60204,1,240.493816117,47.096664581,-22.614198,0.0,,,,1,1
1237655464320499873,7119209250824056832,410,240.491824805,47.098406465,-21.548749,0.042403917,31009845324.18732,2,240.493816117,47.096664581,-22.614198,0.1386832170352707,,,,2,3
1237655348355793107,915410814704314368,410,240.633937007,47.034272581,-20.211001,0.042935702,9044829821.068186,3,240.493816117,47.096664581,-22.614198,7.16462629077914,10.22322,-1.791345,-12.014565,3,9
1237655348355727570,915487780518258688,410,240.407287432,47.209221651,-19.943959,0.04077649,7072673337.91489,4,240.493816117,47.096664581,-22.614198,7.980293655999701,9.84856,-0.2668181,-10.1153781,4,14
1237658493355557008,1385025155524225024,412,185.777759564,10.621234908,-22.417963,0.02660044,69053421161.47408,1,185.777759564,10.621234908,-22.417963,0.0,11.16293,-0.6669722,-11.8299022,1,1
1237658493355556919,1385027904303294464,412,185.74050375,10.548317259,-21.013256,0.027001862,18936617196.291504,2,185.777759564,10.621234908,-22.417963,5.126919492045147,10.59744,-1.878763,-12.476203,3,3
1237658493355556921,6078800217422622720,412,185.741361676,10.549130829,-20.760827,0.028059099,15008275733.199266,3,185.777759564,10.621234908,-22.417963,5.057515024451604,,,,2,5
1237658493355622464,1386103502442358784,412,185.81192543,10.511363674,-19.528553,0.025719476,4824154408.731331,4,185.777759564,10.621234908,-22.417963,7.218759928763984,9.90114,-2.178298,-12.079438,4,10
1237651272424226981,500051597712189440,428,128.893483404,52.788891254,-22.964219,0.04480081,114205652648.9614,1,128.893483404,52.788891254,-22.964219,0.0,11.39764,-0.7194754,-12.1171154,1,1
1237651272424226960,500037578938935296,428,128.767692546,52.831518998,-22.095944,0.044992942,51330748837.20809,2,128.893483404,52.788891254,-22.964219,5.477003346804914,11.05348,0.2786953,-10.7747847,4,3
1237651272424226940,500038678450563072,428,128.839637037,52.792792793,-21.452126,0.045671025,28369416281.046932,3,128.893483404,52.788891254,-22.964219,2.060584673168878,10.82945,-1.389044,-12.218494,3,4
1237651272424226982,5806408855471190016,428,128.905418726,52.785789446,-20.75004,0.044406164,14859903871.875818,4,128.893483404,52.788891254,-22.964219,0.4936337416579296,,,,2,11
1237665442059714582,2390447743827994624,436,212.983404017,27.113909924,-22.696458,0.035596061,89244857411.87392,1,212.983404017,27.113909924,-22.696458,0.0,11.29785,-1.253251,-12.551101,1,1
1237665428633812997,2390295736345454592,436,213.175522559,26.788926382,-20.130264,0.036194868,8396641285.394627,2,212.983404017,27.113909924,-22.696458,23.08090880615247,10.33458,-1.180225,-11.514805,4,7
1237665428633747596,2394886748254529536,436,213.070430721,26.8478824,-20.006848,0.036979583,7494440224.024134,3,212.983404017,27.113909924,-22.696458,17.41081070166168,9.995032,-0.1926314,-10.1876634,2,10
1237665428633747667,2390296286101268480,436,213.146035428,26.806782926,-19.919564,0.036610144,6915532075.492249,4,212.983404017,27.113909924,-22.696458,21.33873236550857,10.10135,0.1637419,-9.9376081,3,11
1237671992947703853,1912963093290313728,443,202.358049323,11.007911159,-22.766122,0.023674215,95158765658.83131,1,202.358049323,11.007911159,-22.766122,0.0,11.28958,-1.41156,-12.70114,1,1
1237671958588424370,1912975187918219264,443,202.233352913,10.8784592,-22.241803,0.024137664,58711232846.999695,2,202.358049323,11.007911159,-22.766122,11.195120428003545,10.41783,-0.3572254,-10.7750554,3,2
1237671992947638320,1912961169144965120,443,202.314324564,11.203153947,-20.930421,0.024314185,17545607102.226254,3,202.358049323,11.007911159,-22.766122,12.560190638240863,10.53755,-1.809533,-12.347083,4,6
1237661948651438269,1912942477447292928,443,202.486345298,11.072102233,-20.34617,0.023504422,10243962972.209332,4,202.358049323,11.007911159,-22.766122,8.880602766842294,9.925576,-0.5098591,-10.4354351,2,8
1237664667901624475,2259682270828849152,444,164.426911875,37.654549203,-22.542872,0.035967773,77472719297.69682,1,164.426911875,37.654549203,-22.542872,0.0,11.14469,-0.9850635,-12.1297535,1,1
1237664667901624624,2354359567376214016,444,164.307751284,37.679034019,-20.651512,0.034490132,13570779685.211037,2,164.426911875,37.654549203,-22.542872,6.1230239486232065,10.41143,-1.687366,-12.098796,4,6
1237664667901624645,2354373861027375104,444,164.371624602,37.59861974,-19.956117,0.03771169,7152317745.852804,3,164.426911875,37.654549203,-22.542872,4.463044557262961,10.05981,-0.02447701,-10.08428701,3,11
1237664667901689961,2259683095462569984,444,164.464504941,37.62334093,-19.744392,0.035555878,5885140018.7542095,4,164.426911875,37.654549203,-22.542872,2.709903323898046,9.998482,-1.844972,-11.843454,2,13
1237667442435751974,2517576850570504192,446,188.941066058,26.908879711,-22.31255,0.025711649,62664272197.167366,1,188.941066058,26.908879711,-22.31255,0.0,11.17889,-1.403255,-12.582145,1,1
1237667442435752133,2517575751058876416,446,189.01995842,26.899590162,-20.901104,0.027053788,17078180526.691072,2,188.941066058,26.908879711,-22.31255,4.458801229605935,10.56872,-1.463899,-12.032619,3,4
1237667442435752193,2517578224960038912,446,188.993559202,26.966041043,-20.775372,0.025564711,15210685960.756712,3,188.941066058,26.908879711,-22.31255,4.64167267378829,10.42864,-0.1962974,-10.6249374,4,6
1237667442435751975,2516414943637563392,446,188.926663107,26.909123316,-20.186274,0.027296208,8841167122.22534,4,188.941066058,26.908879711,-22.31255,0.8071255573101881,10.02308,-1.788226,-11.811306,2,8
1237662528993951761,1925376035784779776,470,217.606583924,11.927996728,-22.959507,0.026250241,113711084091.15382,1,217.606583924,11.927996728,-22.959507,0.0,11.32658,-1.175,-12.50158,1,1
1237662635828773071,1924275425131915264,470,217.442929208,11.766979353,-20.707749,0.025555158,14292216950.236605,2,217.606583924,11.927996728,-22.959507,14.26995827007305,10.2754,-0.597621,-10.873021,4,3
1237662528993951972,1924288069515634688,470,217.673413998,11.987033962,-20.425598,0.027800211,11021461806.59858,3,217.606583924,11.927996728,-22.959507,5.534888541078852,10.38517,-1.856881,-12.242051,2,4
1237662528994017307,1925374386517338112,470,217.760096114,11.889631327,-20.263462,0.027379183,9492591674.025522,4,217.606583924,11.927996728,-22.959507,9.740842581215684,9.919233,0.3877216,-9.5315114,3,7
1237668272988422262,2839549053665044480,477,240.400725981,12.360202334,-22.707778,0.035713625,90180201216.4024,1,240.400725981,12.360202334,-22.707778,0.0,11.4202,-1.295978,-12.716178,1,1
1237668272988487820,2842986401874601984,477,240.573087727,12.461842022,-21.452352,0.03514257,28375322094.43433,2,240.400725981,12.360202334,-22.707778,12.35519178676696,10.8435,-1.488252,-12.331752,4,2
1237668365314556218,2839524589531326464,477,240.575837066,12.273626939,-20.53136,0.035476696,12149097012.86802,3,240.400725981,12.360202334,-22.707778,12.047313678825986,10.30284,-1.100877,-11.403717,3,12
1237668365314490759,2842985852118788096,477,240.447404015,12.207662638,-19.774347,0.035962581,6049769108.892384,4,240.400725981,12.360202334,-22.707778,10.00360661996569,9.720324,-0.2488,-9.969124,2,16
1237665564998697041,3140212157296175104,479,219.817443997,20.043697721,-22.703649,0.030736021,89837901748.04903,1,219.817443997,20.043697721,-22.703649,0.0,11.28211,-1.318101,-12.600211,1,1
1237665564998762503,3124540817729939456,479,219.843995099,19.99083296,-21.5782,0.030856265,31862511116.632412,2,219.817443997,20.043697721,-22.703649,3.67286580617605,11.01946,-1.518967,-12.538427,4,2
1237665564998697111,3124539993096218624,479,219.82433646,20.077597873,-20.480317,0.031747395,11591157312.135696,3,219.817443997,20.043697721,-22.703649,2.1685063384502485,10.46103,-1.383124,-11.844154,2,7
1237665564998697191,3140214631197337600,479,219.788068074,20.083277268,-19.795251,0.031380688,6167375624.903518,4,219.817443997,20.043697721,-22.703649,3.0315470770671364,10.03018,-1.753166,-11.783346,3,10
1237651252053475553,708276287965259776,480,249.375656315,44.144491904,-22.477042,0.032301813,72914986546.69844,1,249.375656315,44.144491904,-22.477042,0.0,11.15717,-0.9965917,-12.1537617,1,1
1237651252053475743,704816399851218944,480,249.188847709,44.176154001,-20.048215,0.030970002,7785490874.581488,2,249.375656315,44.144491904,-22.477042,8.652235920221939,9.865819,-0.5180889,-10.3839079,4,10
1237651252053475654,708278761866422272,480,249.302445506,44.085518191,-19.970374,0.032671645,7246855471.459404,3,249.375656315,44.144491904,-22.477042,4.963550977265858,10.11808,-0.715028,-10.833108,2,11
1237651252053475670,708274363819911168,480,249.300521387,44.262223752,-19.518542,0.032914359,4779877868.288661,4,249.375656315,44.144491904,-22.477042,8.134697682855672,10.04895,-0.620302,-10.669252,3,15
1237665549974306996,2475887489911384064,481,240.51778299,17.075854864,-22.436467,0.037144778,70240371519.49823,1,240.51778299,17.075854864,-22.436467,0.0,11.25015,-0.7807994,-12.0309494,1,1
1237665549974306948,2475889139178825728,481,240.41574056,16.940077332,-20.805967,0.03607921,15645404644.822111,2,240.51778299,17.075854864,-22.436467,10.505758928655382,10.53299,-1.529113,-12.062103,2,6
1237665549974241648,2472589229536864256,481,240.297757836,17.088583969,-20.224191,0.036538506,9155380533.631374,3,240.51778299,17.075854864,-22.436467,13.238885709032736,10.18003,-1.456944,-11.636974,4,12
1237665549974241374,2475912778678822912,481,240.325469615,17.147082683,-19.532386,0.035484093,4841215331.806315,4,240.51778299,17.075854864,-22.436467,12.385368296400152,10.17294,-0.09550071,-10.26844071,3,13
1237665225702637600,2271053969839122432,482,205.597141983,29.847835704,-22.394162,0.045034398,67556135794.46969,1,205.597141983,29.847835704,-22.394162,0.0,11.18094,-1.410535,-12.591475,1,1
1237665225702637601,7310648796248731648,482,205.585791376,29.855189618,-20.970206,0.044932038,18200461486.896473,2,205.597141983,29.847835704,-22.394162,0.7720804724403046,,,,2,6
1237665225702637605,2357679274636371968,482,205.6029109,29.829869565,-20.502973,0.045389743,11835570589.94818,3,205.597141983,29.847835704,-22.394162,1.171815547267718,10.15774,-1.57165,-11.72939,3,10
1237665225702637606,2271052045693773824,482,205.565753954,29.862956156,-19.705943,0.045303108,5680377519.440384,4,205.597141983,29.847835704,-22.394162,1.9565687134366063,10.07193,-2.178035,-12.249965,4,17
1237665101680607314,2432005986366547968,483,230.045604094,25.722035929,-22.371163,0.033956149,66140153728.10941,1,230.045604094,25.722035929,-22.371163,0.0,11.19968,-1.474617,-12.674297,1,1
1237665101680672774,2432007360756082688,483,230.064775796,25.713214055,-21.247605,0.034801871,23498600614.755005,2,230.045604094,25.722035929,-22.371163,1.218628486805281,10.42584,-2.186748,-12.612588,2,5
1237665101680607541,2432006811000268800,483,229.982928406,25.697570272,-20.414957,0.0331467,10913971113.956432,3,230.045604094,25.722035929,-22.371163,3.866859688289111,10.16233,-0.9640747,-11.1264047,4,9
1237665101680672773,2432007085878175744,483,230.073273976,25.72735819,-20.208546,0.033817779,9024401312.127657,4,230.045604094,25.722035929,-22.371163,1.6015440359638795,10.31622,-1.974465,-12.290685,3,11
1237662224070868999,2272169979610687488,484,194.815374113,38.882747973,-21.965564,0.035198096,45522447110.04411,1,194.815374113,38.882747973,-21.965564,0.0,11.10566,-1.391349,-12.497009,1,1
1237662224070869216,2272170529366501376,484,194.844881056,38.824363428,-21.072598,0.035846901,20000423879.829945,2,194.815374113,38.882747973,-21.965564,3.9423022388798143,10.59599,-1.555042,-12.151032,4,6
1237662224070869225,2272166955953711104,484,194.866605355,38.850185628,-20.162762,0.035777227,8651766701.639757,3,194.815374113,38.882747973,-21.965564,3.235354348529219,10.21349,-0.9922941,-11.2057841,3,11
1237662224070869196,2275478129768163328,484,194.829573703,38.885999991,-19.255292,0.036814055,3750738617.737993,4,194.815374113,38.882747973,-21.965564,0.7239256941117872,9.335441,-0.3425925,-9.6780335,2,15
1237651823246639198,658754833603389440,510,216.825955529,4.802819477,-23.256625,0.028658006,149503031838.23178,1,216.825955529,4.802819477,-23.256625,0.0,11.49338,-1.602737,-13.096117,1,1
1237651823246639324,657696279152846848,510,216.884895334,4.821612712,-21.707259,0.027628503,35884227387.06929,2,216.825955529,4.802819477,-23.256625,3.8745599314574286,10.90811,0.4539476,-10.4541624,4,3
1237651823246639293,657697378664474624,510,216.873395957,4.779739476,-21.328721,0.028308043,25321440008.440357,3,216.825955529,4.802819477,-23.256625,3.3054446390074808,10.56001,-1.006195,-11.566205,3,5
1237651823246573749,657686933304010752,510,216.821845096,4.802740775,-20.826527,0.02877639,15944496150.61073,4,216.825955529,4.802819477,-23.256625,0.2574067906450281,10.3613,-0.8210632,-11.1823632,2,8
1237662636367478911,1929880460331083776,521,221.750426259,11.592023459,-22.531587,0.031834991,76671648318.98474,1,221.750426259,11.592023459,-22.531587,0.0,11.2211,-1.08168,-12.30278,1,1
1237662636367478910,1927554993406109696,521,221.776338725,11.593805211,-22.496504,0.029871572,74233784190.52582,2,221.750426259,11.592023459,-22.531587,1.59883883234024,11.20984,-1.279515,-12.489355,2,2
1237662636367478869,1929876337162479616,521,221.723367055,11.626230248,-21.731575,0.030584103,36696952521.49518,3,221.750426259,11.592023459,-22.531587,2.7189967149289553,10.87615,-1.275801,-12.151951,4,5
1237662636367478914,1929867541069457408,521,221.781914674,11.608282386,-19.548929,0.029255892,4915544136.8324795,4,221.750426259,11.592023459,-22.531587,2.1908255908952214,10.00411,-2.186526,-12.190636,3,14
1237665023838060553,2374588107778451456,526,203.239771067,32.605210818,-22.20572,0.036515153,56792109431.545685,1,203.239771067,32.605210818,-22.20572,0.0,11.11979,-1.418778,-12.538568,1,1
1237665023838060759,2374587008266823680,526,203.251958266,32.578651145,-20.399394,0.036160478,10758645558.45411,2,203.239771067,32.605210818,-22.20572,1.789163107230535,10.41454,-2.096511,-12.511051,3,9
1237665023837995164,2374587283144730624,526,203.187451267,32.626468139,-20.239807,0.035679248,9288012687.913267,3,203.239771067,32.605210818,-22.20572,3.0742459599882457,10.25369,-1.993043,-12.246733,4,10
1237665023838060740,2374583984609847296,526,203.221854819,32.589147952,-19.28458,0.035605811,3853292702.5472713,4,203.239771067,32.605210818,-22.20572,1.3849348335378486,9.641654,-1.971453,-11.613107,2,16
1237662267536179306,2061565686836127744,555,225.582132171,5.646702936,-23.172958,0.037076032,138415013685.87802,1,225.582132171,5.646702936,-23.172958,0.0,11.41121,-0.5085471,-11.9197571,1,1
1237655744019234975,2062745182935214080,555,225.847042863,5.7012369,-21.474652,0.036699752,28964150803.943005,2,225.582132171,5.646702936,-23.172958,16.91398560525754,10.79248,-1.271748,-12.064228,4,3
1237662267536244747,2061565961714034688,555,225.622194352,5.544850065,-21.09752,0.038195888,20464823339.751957,3,225.582132171,5.646702936,-23.172958,6.872473565664116,10.62236,-1.223575,-11.845935,3,5
1237662267536179598,2061566236591941632,555,225.540082907,5.597904411,-20.410931,0.03770903,10873576143.076408,4,225.582132171,5.646702936,-23.172958,4.039098943888295,10.00722,0.03676485,-9.97045515,2,10
1237658310794412097,1076416151438780416,567,188.71599948,58.916776325,-22.9188,0.043194917,109526699311.43823,1,188.71599948,58.916776325,-22.9188,0.0,11.32565,-0.9903385,-12.3159885,1,1
1237658310794412098,7845294023597813760,567,188.727926484,58.912607528,-21.654613,0.045783945,34185756902.38592,2,188.71599948,58.916776325,-22.9188,0.4672458517698603,,,,2,3
1237655106768207962,1076416976072501248,567,188.718345549,58.897563948,-20.1423,0.043241894,8490240646.18441,3,188.71599948,58.916776325,-22.9188,1.209547173543919,10.1913,-1.611733,-11.803033,3,10
1237658310794477714,1076418350462035968,567,188.773138602,58.930685861,-20.138831,0.042742857,8463157047.833464,4,188.71599948,58.916776325,-22.9188,2.048906909192103,10.20231,-1.544014,-11.746324,4,11
1237667782815842365,2745099346948155392,568,139.538725315,16.198091472,-22.737613,0.031007013,92692628992.4216,1,139.538725315,16.198091472,-22.737613,0.0,11.39276,-1.091316,-12.484076000000002,1,1
1237667735026729213,2745089451343505408,568,139.405362521,15.972503511,-20.385593,0.031524385,10622755852.2516,2,139.538725315,16.198091472,-22.737613,16.301226402765852,10.37492,-1.889812,-12.264732,4,3
1237670449986535607,2746125736673830912,568,139.418327548,16.418162705,-19.962137,0.029145054,7192084809.79443,3,139.538725315,16.198091472,-22.737613,15.61772452765502,10.44201,-0.8655768,-11.3075868,3,7
1237667782815842653,5975259757895413760,568,139.547514052,16.226813886,-19.957767,0.032965578,7163195430.548042,4,139.538725315,16.198091472,-22.737613,1.880969682342321,,,,2,8
1237662530070380591,1932146284051851264,574,223.980299922,11.861524368,-22.622793,0.03230455,83390619466.21419,1,223.980299922,11.861524368,-22.622793,0.0,11.30377,-1.293124,-12.596894,1,1
1237662530070315251,1932135014057666560,574,223.860613079,11.811238069,-20.843393,0.032383336,16194114290.547676,2,223.980299922,11.861524368,-22.622793,8.009756414016222,10.59563,-1.616163,-12.211793,3,7
1237662637442269203,1932147933319292928,574,224.210270426,11.977288861,-20.826759,0.031390742,15947903532.93156,3,223.980299922,11.861524368,-22.622793,15.899296427067442,10.50301,-1.697584,-12.200594,4,8
1237662530070446243,1929814489633417216,574,224.069251803,11.821937421,-19.798576,0.030685448,6186291781.444816,4,223.980299922,11.861524368,-22.622793,6.009026599609313,10.03846,-2.075288,-12.113748,2,10
1237654879668338812,663170472770299904,576,226.548670411,3.142568188,-22.731646,0.043083457,92184605185.68964,1,226.548670411,3.142568188,-22.731646,0.0,11.30895,-1.113689,-12.422639,1,1
1237654879668404260,663166899357509632,576,226.587875739,3.162199878,-20.791854,0.042921975,15443353051.725084,2,226.548670411,3.142568188,-22.731646,2.7515852486610086,10.54404,-1.553264,-12.097304,4,7
1237654879668338981,663170747648206848,576,226.539406044,3.169362041,-20.517625,0.042399919,11996374085.599386,3,226.548670411,3.142568188,-22.731646,1.7810130822349997,10.44147,-2.029138,-12.470608,3,8
1237654879668404386,663171572281927680,576,226.566626841,3.142915142,-20.336895,0.044026001,10156825708.3417,4,226.548670411,3.142568188,-22.731646,1.1267498660891628,10.37016,-1.881635,-12.251795,2,9
1237659119877554250,1899539982339565568,578,256.005275451,25.054089724,-22.590754,0.039242064,80965797879.29308,1,256.005275451,25.054089724,-22.590754,0.0,11.35056,-1.262827,-12.613387,1,1
1237659119877554442,1899540257217472512,578,255.999365628,25.078847837,-21.696565,0.038866473,35532519250.73051,2,256.005275451,25.054089724,-22.590754,1.5915459650141632,11.02322,-1.322989,-12.346209,3,2
1237659119877554191,1899516067961661440,578,255.971707353,25.07184181,-20.930824,0.038195071,17552120831.865707,3,256.005275451,25.054089724,-22.590754,2.212312779379684,10.56537,-1.882058,-12.447428,4,4
1237659119877554253,1899536683804682240,578,256.030129589,25.050556401,-19.926399,0.038236797,6959204521.448234,4,256.005275451,25.054089724,-22.590754,1.4320287690120672,10.1798,-1.633446,-11.813246,2,7
1237667323787214943,2492859005634897920,581,167.855055512,26.963602653,-22.667793,0.034536789,86919496117.53938,1,167.855055512,26.963602653,-22.667793,0.0,11.47065,-0.7280174,-12.1986674,1,1
1237667323787214944,2490659157661739008,581,167.848888327,26.961853496,-21.46276,0.036886103,28648639334.404667,2,167.855055512,26.963602653,-22.667793,0.3624401704654449,10.87214,-1.551519,-12.423659,2,3
1237667323787215123,2490659707417552896,581,167.841977284,26.988664784,-20.078939,0.036019904,8008950325.225398,3,167.855055512,26.963602653,-22.667793,1.7366563474626484,10.09592,-1.6085,-11.70442,3,6
1237667323787149512,2490652010836158464,581,167.772046228,26.920447024,-19.773465,0.03561591,6044856562.360085,4,167.855055512,26.963602653,-22.667793,5.382454687893207,10.09555,-1.720813,-11.816363,4,9
1237667783387185210,3141297925028603904,583,222.823566047,18.687108488,-22.568488,0.044186603,79322282035.34492,1,222.823566047,18.687108488,-22.568488,0.0,11.34144,-1.2465,-12.58794,1,1
1237667783387185208,6646205943527436288,583,222.833525221,18.684330583,-21.026541,0.042661182,19169747832.04328,2,222.823566047,18.687108488,-22.568488,0.6179326831269617,,,,2,4
1237667783387185212,3126761556658907136,583,222.832221419,18.680192165,-20.782915,0.044588833,15316727997.629835,3,222.823566047,18.687108488,-22.568488,0.6739816950353009,10.20469,-1.915029,-12.119719,3,6
1237667783387185223,3141294901371627520,583,222.837205547,18.674725546,-20.347843,0.044806665,10259759959.325945,4,222.823566047,18.687108488,-22.568488,1.124475490106733,9.95531,-1.67096,-11.626270000000002,4,10
1237651821097779392,600252293236942848,587,213.713979073,3.130910557,-22.551727,0.026111104,78107151544.64247,1,213.713979073,3.130910557,-22.551727,0.0,11.14635,-1.223881,-12.370231,1,1
1237651821097779258,600229478370666496,587,213.633610355,3.190225463,-21.903035,0.027691888,42974813437.346375,2,213.713979073,3.130910557,-22.551727,6.2698992509458815,10.72747,-0.8243777,-11.5518477,4,2
1237651755098833051,600248170068338688,587,213.783398662,3.112712122,-20.957164,0.02502447,17983143092.882267,3,213.713979073,3.130910557,-22.551727,4.502887623345077,11.2189,0.6763805,-10.5425195,3,5
1237651755098767633,600228653736945664,587,213.67750742,3.109420174,-20.32947,0.026951757,10087603414.858889,4,213.713979073,3.130910557,-22.551727,2.656886459996412,10.22732,-0.6977627,-10.9250827,2,7
1237667444585594903,2523265456236685312,590,195.074696936,28.202398185,-22.064057,0.029326947,49845137688.63588,1,195.074696936,28.202398185,-22.064057,0.0,11.20995,-0.8401235,-12.0500735,1,1
1237667324334637189,2523267655259940864,590,195.092229987,28.047006652,-20.767131,0.028155227,15095670231.69333,2,195.074696936,28.202398185,-22.064057,9.811758050998307,10.57749,-1.465119,-12.042609,2,2
1237667444048724176,2522191777327245312,590,195.178482269,27.963083182,-20.443223,0.028977625,11201835739.24357,3,195.074696936,28.202398185,-22.064057,16.09968379422822,10.45981,-1.772351,-12.232161,3,4
1237667444048789811,2522187929036548096,590,195.19751947,27.92215657,-19.979896,0.02945917,7310690528.23397,4,195.074696936,28.202398185,-22.064057,18.87908674026923,10.30405,-1.680395,-11.984445,4,8
1237653614794178648,621590790241544192,609,135.084406639,52.494235994,-23.048528,0.030628501,123427291813.19464,1,135.084406639,52.494235994,-23.048528,0.0,11.4407,-0.9752278,-12.4159278,1,1
1237653614794309776,621605908526426112,609,135.273746496,52.649403125,-21.061312,0.030338743,19793600476.04909,2,135.084406639,52.494235994,-23.048528,12.137921012707546,10.39386,0.1925754,-10.2012846,3,4
1237653614794178781,505552179793258496,609,134.751411294,52.570321747,-20.365265,0.029220591,10425718630.47326,3,135.084406639,52.494235994,-23.048528,13.59578199406896,9.695634,-0.007142816,-9.702776816,4,6
1237653614794244234,505541734432794624,609,135.056755365,52.585408675,-20.225816,0.030632617,9169093470.792383,4,135.084406639,52.494235994,-23.048528,5.825192248525518,10.28007,-1.163353,-11.443423,2,7
1237668365313441805,2836171628822423552,623,238.015297018,12.898710622,-22.749357,0.034754744,93700692375.65472,1,238.015297018,12.898710622,-22.749357,0.0,11.32487,-1.132115,-12.456985,1,1
1237668272987308094,2836279106084038656,623,237.899475573,13.188063465,-21.992056,0.035841437,46646858405.614265,2,238.015297018,12.898710622,-22.749357,19.513955589402283,10.90436,-0.5659827,-11.4703427,4,2
1237668272450503042,5516959667593080832,623,237.909696797,12.787797784,-20.109597,0.03508894,8238322708.97746,3,238.015297018,12.898710622,-22.749357,9.508613260419104,,,,3,5
1237668365313376588,2836183723450329088,623,237.984094551,12.920799459,-19.970109,0.034420215,7245086918.150916,4,238.015297018,12.898710622,-22.749357,2.361770679418315,10.14494,-2.00055,-12.14549,2,6
1237667910587056147,2806896024587626496,624,169.527722992,23.397323462,-22.715449,0.023116964,90819603180.60867,1,169.527722992,23.397323462,-22.715449,0.0,11.28545,-1.406311,-12.691761,1,1
1237667910587056318,2806883929959720960,624,169.635606795,23.469098522,-21.785691,0.023732071,38572376748.45463,2,169.527722992,23.397323462,-22.715449,7.682433598661845,10.72231,-0.3307895,-11.0530995,3,2
1237667910587056452,2806887228494604288,624,169.595062959,23.540884201,-20.573488,0.022892063,12629762970.629044,3,169.527722992,23.397323462,-22.715449,9.81970099245287,10.3091,-1.643237,-11.952337,4,3
1237667910587056281,2806894650198091776,624,169.578572193,23.421408636,-20.304664,0.022653643,9859743114.70288,4,169.527722992,23.397323462,-22.715449,3.299482783027676,10.29077,-1.840796,-12.131566,2,7
1237662238021714264,2044784105035425792,626,227.576711786,7.705439299,-22.756068,0.042968559,94281655557.575,1,227.576711786,7.705439299,-22.756068,0.0,11.26967,-0.9508336,-12.2205036,1,1
1237662238021714395,2044785754302867456,626,227.59530499,7.717842043,-21.76715,0.044756402,37919272797.604805,2,227.576711786,7.705439299,-22.756068,1.3955326406047566,11.01059,-1.333312,-12.343902,2,2
1237662238021714001,5492292123737387008,626,227.543288354,7.708195988,-20.823762,0.045209371,15903942614.12298,3,227.576711786,7.705439299,-22.756068,2.0882824500106216,,,,4,7
1237662238021714380,2044785204547053568,626,227.58793017,7.735530839,-19.955796,0.042845408,7150203461.897776,4,227.576711786,7.705439299,-22.756068,2.015601989581139,10.18435,-0.4893598,-10.6737098,3,13
1237664668437119003,2249592601688696832,629,160.379969087,37.312842744,-22.71878,0.024911408,91098662340.87878,1,160.379969087,37.312842744,-22.71878,0.0,11.22914,-1.228742,-12.457882,1,1
1237662225132683436,2249600023392184320,629,160.160795728,37.333218825,-20.371562,0.0258563,10486360891.01971,2,160.379969087,37.312842744,-22.71878,11.025743788880831,9.838784,-0.9660414,-10.8048254,3,3
1237662225132748827,5217509323139903488,629,160.271362034,37.386001016,-19.86386,0.024288557,6569676729.593606,3,160.379969087,37.312842744,-22.71878,7.110346923891187,,,,2,5
1237664668973990023,2249596175101487104,629,160.320055825,37.549051581,-19.757255,0.024849659,5955277455.415885,4,160.379969087,37.312842744,-22.71878,15.13949255846322,9.953232,-1.379291,-11.332523,4,6
1237658612519272452,1087629799695869952,631,174.127292741,49.131351929,-22.308166,0.037776282,62411755720.79331,1,174.127292741,49.131351929,-22.308166,0.0,11.14175,-0.8193724,-11.9611224,1,1
1237658612519141592,1087637496277264384,631,173.872342043,49.106955351,-21.503632,0.038704175,29747659377.511993,2,174.127292741,49.131351929,-22.308166,10.595723037214158,11.05917,-1.497761,-12.556931,4,2
1237658612519206931,1088808201182275584,631,173.932152943,49.166626199,-21.080336,0.036010719,20143475283.81039,3,174.127292741,49.131351929,-22.308166,8.320462645160555,10.58162,-0.2519138,-10.8335338,3,3
1237658612519272647,1087630349451683840,631,174.236978202,49.177217286,-19.71515,0.038644458,5728751711.486491,4,174.127292741,49.131351929,-22.308166,5.349873500638151,10.09695,-1.726703,-11.823653,2,7
1237671932820193349,1373711731485861888,634,165.188942695,10.55318586,-22.457313,0.035013132,71602007704.49187,1,165.188942695,10.55318586,-22.457313,0.0,11.31646,-1.221532,-12.537992,1,1
1237658493883580478,1373711456607954944,634,165.155304049,10.437184952,-22.045588,0.037288995,49004413974.89192,2,165.188942695,10.55318586,-22.457313,7.579048880420221,11.08117,-1.394524,-12.475694,4,3
1237671932820258894,1373713105875396608,634,165.236454962,10.504221246,-21.921926,0.038460727,43729085993.12517,3,165.188942695,10.55318586,-22.457313,4.251992029536688,11.20041,-0.9253561,-12.1257661,2,4
1237671932820193442,1373713380753303552,634,165.14406129,10.50021372,-19.486011,0.034476684,4638786664.606753,4,165.188942695,10.55318586,-22.457313,4.3318246964621565,9.5328,-0.3606747,-9.8934747,3,9
1237667735041474587,7240888906181963776,637,174.474096574,21.981062409,-22.682331,0.030132128,88091174423.65848,1,174.474096574,21.981062409,-22.682331,0.0,,,,1,1
1237667735041474586,2819406818718017536,637,174.465146976,21.974220959,-21.86695,0.031326317,41569997654.30297,2,174.474096574,21.981062409,-22.682331,0.6757934970382458,10.94466,-1.095729,-12.040389,3,4
1237667735041474588,2819406543840110592,637,174.47883121,21.985508449,-21.091484,0.03101993,20351367652.622375,3,174.474096574,21.981062409,-22.682331,0.3926002542899518,9.818958,-1.713349,-11.532307,2,7
1237667735041474590,2819406268962203648,637,174.460407745,22.012531455,-20.006641,0.031229091,7493011514.874064,4,174.474096574,21.981062409,-22.682331,2.1320251789394393,10.08624,-0.7074433,-10.7936833,4,10
1237667446192537678,2991552686773528576,640,183.906521595,23.981864021,-22.284743,0.023361394,61079742853.092384,1,183.906521595,23.981864021,-22.284743,0.0,11.10541,-1.250258,-12.355668,1,1
1237667446192537633,2991549663116552192,640,183.816227395,23.958179803,-21.054877,0.023276866,19676633660.33025,2,183.906521595,23.981864021,-22.284743,5.393431824842942,10.63903,-1.527893,-12.166923,4,3
1237667910055886957,2991550212872366080,640,183.855226011,23.948165221,-20.444105,0.023872198,11210939270.27839,3,183.906521595,23.981864021,-22.284743,3.6272766049252914,10.30097,-1.281991,-11.582961,3,6
1237667446192537681,2991550762628179968,640,183.891729833,24.003276724,-19.807828,0.021916072,6239232937.200064,4,183.906521595,23.981864021,-22.284743,1.5909301447371489,9.952481,-1.821185,-11.773666,2,11
1237662236393406482,6081099845874675712,641,186.617909813,9.019891583,-22.195597,0.026184459,56265061771.00452,1,186.617909813,9.019891583,-22.195597,0.0,,,,1,1
1237662236393406478,1386019389802833920,641,186.647924364,9.035483655,-21.579383,0.026008878,31897246895.88339,2,186.617909813,9.019891583,-22.195597,2.1044500107971587,10.98091,-1.74623,-12.72714,2,2
1237662236393406483,1387189820031264768,641,186.684569275,9.048482666,-19.330272,0.024251647,4018914805.97804,3,186.617909813,9.019891583,-22.195597,4.5096348203098415,10.27512,0.2074306,-10.0676894,4,9
1237662236393406671,1386006745419114496,641,186.669939319,9.014895776,-19.228272,0.02505285,3658548359.435101,4,186.617909813,9.019891583,-22.195597,3.243929337285996,9.072971,-0.3891403,-9.4621113,3,10
1237662662678151230,1861176651853883392,642,235.374886879,27.986515203,-21.974552,0.032270486,45900857614.67116,1,235.374886879,27.986515203,-21.974552,0.0,10.62055,-9999.0,-10009.62055,1,1
1237662662678151198,1861243447185270784,642,235.398236701,28.049613629,-20.935671,0.032224661,17630653085.470943,2,235.374886879,27.986515203,-21.974552,4.170783797187858,10.21304,-9999.0,-10009.21304,3,3
1237662662678151239,1861178301121325056,642,235.439805427,27.988278809,-20.547259,0.032358464,12328311523.073992,3,235.374886879,27.986515203,-21.974552,3.603626634176653,10.17168,-9999.0,-10009.17168,2,5
1237662224623141115,1861176102098069504,642,235.325573444,27.918994101,-19.650218,0.03321135,5396189592.579785,4,235.374886879,27.986515203,-21.974552,5.048723947519705,9.833675,-0.4655535,-10.2992285,4,12
1237658205573808201,1059584007974447104,643,147.181806238,44.08143029,-21.820429,0.016629993,39826450317.356155,1,147.181806238,44.08143029,-21.820429,0.0,10.59084,-0.8436862,-11.4345262,1,1
1237658205573873789,1059596927236073472,643,147.39275335,44.102687618,-20.300136,0.016509138,9818709250.871506,2,147.181806238,44.08143029,-21.820429,9.612705864445198,10.2642,-1.61688,-11.88108,3,4
1237657874868535323,1059595827724445696,643,147.338560233,43.917746958,-19.803145,0.016574243,6212379815.849241,3,147.181806238,44.08143029,-21.820429,12.48869852469159,9.441351,-0.723177,-10.164528,4,5
1237657874868535396,5144466566767374336,643,147.32228674,44.025796783,-19.731658,0.016729456,5816519655.187486,4,147.181806238,44.08143029,-21.820429,7.242956214251671,,,,2,6
1237655495981793339,1029194606295672832,689,208.559373098,-1.436476708,-22.900609,0.025118206,107706918281.0979,1,208.559373098,-1.436476708,-22.900609,0.0,11.20953,0.3215819,-10.8879481,1,1
1237655495981990086,1029215771894507520,689,208.997908496,-1.261735896,-21.301815,0.025454397,24701652055.25129,2,208.559373098,-1.436476708,-22.900609,29.653765297511455,10.39212,-0.209361,-10.601481,4,2
1237648702977409215,1029182786545674240,689,208.383220933,-1.194433205,-21.029518,0.024655538,19222381841.08248,3,208.559373098,-1.436476708,-22.900609,18.807436973515777,10.20949,0.2439629,-9.9655271,2,3
1237648702977409073,4549917744145559552,689,208.377959138,-1.050539584,-20.539647,0.024306717,12242181106.225262,4,208.559373098,-1.436476708,-22.900609,26.7934106309111,,,,3,5
1237657873254907914,1056110650725525504,691,140.179279492,39.315739255,-22.641106,0.028490059,84809089362.94652,1,140.179279492,39.315739255,-22.641106,0.0,11.29513,-0.9394181,-12.2345481,1,1
1237657873254908052,1056106252679014400,691,140.215954865,39.35491653,-20.452404,0.028788626,11296960233.61745,2,140.179279492,39.315739255,-22.641106,3.0390877674116186,10.21368,-1.723158,-11.936838,3,6
1237657873254907919,1056110100969711616,691,140.153574742,39.308180748,-19.707712,0.029057972,5689640154.658683,3,140.179279492,39.315739255,-22.641106,1.3368019504495157,9.638148,-0.2226907,-9.8608387,2,9
1237657873254842442,1056117522673199104,691,139.99246352,39.244893383,-19.691143,0.027978812,5603471920.67476,4,140.179279492,39.315739255,-22.641106,10.11770764841932,10.03162,0.08855978,-9.94306022,4,10
1237661137958666357,1797089133735208960,693,150.301358381,36.851381159,-22.653775,0.04251492,85804487170.84488,1,150.301358381,36.851381159,-22.653775,0.0,11.28956,-1.254047,-12.543607,1,1
1237661137958666322,1797089683491022848,693,150.135872323,36.84885715,-20.846419,0.042263479,16239311034.04468,2,150.301358381,36.851381159,-22.653775,8.32189982076748,10.85255,-1.442994,-12.295544,2,7
1237661383311098033,1797087484467767296,693,150.319851337,37.003140577,-20.638787,0.041992971,13412656426.250175,3,150.301358381,36.851381159,-22.653775,9.58045974942786,10.20381,-0.6525524,-10.8563624,3,9
1237661383311032451,1797089408613115904,693,150.101205488,36.94599563,-19.810869,0.042942312,6256732679.048205,4,150.301358381,36.851381159,-22.653775,11.682619703728545,9.902691,-1.301593,-11.204284,4,12
1237665227848548397,2377912757170235392,697,201.820209348,32.030709251,-22.553166,0.025153676,78210740894.11171,1,201.820209348,32.030709251,-22.553166,0.0,11.14472,-1.160229,-12.304949,1,1
1237665330395349055,2377926501065582592,697,201.488318153,31.618271415,-21.422517,0.024936248,27606210805.23595,2,201.820209348,32.030709251,-22.553166,31.392452739374892,10.72766,-1.604157,-12.331817,4,5
1237665227848745076,2374600477284263936,697,202.344863057,32.086396819,-19.770482,0.024449179,6028271448.018827,3,201.820209348,32.030709251,-22.553166,28.156231008600734,10.01275,-1.655359,-11.668109,3,7
1237665227848744967,2374601576795891712,697,202.33194143,32.004737955,-19.751154,0.025172411,5921907234.911649,4,201.820209348,32.030709251,-22.553166,27.310850518595633,9.921023,-0.3364018,-10.2574248,2,8
1237668670253105171,868094981338851328,699,154.095873707,60.234886873,-22.604233,0.031814283,81977222548.90083,1,154.095873707,60.234886873,-22.604233,0.0,11.27911,-1.315363,-12.594473,1,1
1237668670253170717,868092782315595776,699,154.221048206,60.284866484,-22.308174,0.031074015,62412215589.298256,2,154.095873707,60.234886873,-22.604233,5.008347724810361,11.11974,-1.511471,-12.631211,4,2
1237651249881939975,868094156705130496,699,154.075945717,60.311767554,-21.280019,0.032449387,24210714142.59872,3,154.095873707,60.234886873,-22.604233,4.870293077069679,10.8007,-1.65971,-12.46041,3,3
1237668670253170836,868094431583037440,699,154.205794868,60.255964078,-19.833711,0.031653362,6389757847.166277,4,154.095873707,60.234886873,-22.604233,3.6745636536717345,10.13483,-1.750526,-11.885356,2,8
1237671931746058262,3249498389460576256,704,164.183639201,9.758924262,-22.592515,0.032645304,81097226177.2291,1,164.183639201,9.758924262,-22.592515,0.0,10.89185,-9999.0,-10009.89185,1,1
1237671931745992749,3249485470198949888,704,164.064481245,9.754433906,-22.506328,0.03418927,74908517134.70456,2,164.183639201,9.758924262,-22.592515,7.384018819649328,10.80141,-9999.0,-10009.80141,3,2
1237671931745992750,3248393105379977216,704,164.069958531,9.754656412,-20.154737,0.034382341,8588054661.83316,3,164.183639201,9.758924262,-22.592515,7.044559662759554,9.83876,-9999.0,-10008.83876,2,7
1237671931745927249,3248393380257884160,704,164.017069905,9.739422873,-20.114202,0.033245328,8273338620.809925,4,164.183639201,9.758924262,-22.592515,10.387238335645453,9.932645,-0.8516195,-10.7842645,4,8
1237668310555033613,2837419024999016448,705,238.346563368,11.959176128,-22.703372,0.035481331,89814984648.55295,1,238.346563368,11.959176128,-22.703372,0.0,11.28377,0.7386628,-10.5451072,1,1
1237668310554968131,2836153761758472192,705,238.260686187,12.005363593,-21.664904,0.035298694,34511322332.83396,2,238.346563368,11.959176128,-22.703372,6.023442655420822,10.69379,0.03444189,-10.65934811,4,2
1237668310555033802,2837420674266458112,705,238.334713925,11.905460814,-20.203716,0.036100281,8984344575.138342,3,238.346563368,11.959176128,-22.703372,3.4527472603879956,9.745239,-0.02348824,-9.76872724,2,8
1237668310555033870,5496843002549301248,705,238.411477798,11.945617809,-20.052097,0.035555054,7813377363.82526,4,238.346563368,11.959176128,-22.703372,4.080191330663984,,,,3,11
1237664338253119517,2248454882182850560,708,177.019182035,37.44393117,-22.613015,0.042624506,82642985918.73717,1,177.019182035,37.44393117,-22.613015,0.0,11.31627,-1.267739,-12.584009,1,1
1237664819285393504,2291306698507315200,708,177.03052588,37.452638195,-21.723799,0.043937532,36435069308.75529,2,177.019182035,37.44393117,-22.613015,0.7870768442537479,10.87308,-1.536282,-12.409362,3,2
1237664338253119518,2248450484136339456,708,176.976488853,37.43647809,-21.517866,0.041961339,30140218750.809307,3,177.019182035,37.44393117,-22.613015,2.180740480978685,10.82663,-0.749202,-11.575832,4,3
1237664338253119520,2291310546798012416,708,177.018512839,37.440614382,-20.933671,0.045205081,17598206116.229496,4,177.019182035,37.44393117,-22.613015,0.2110568901805243,9.929051,-1.808642,-11.737693,2,4
1237659133289627743,1185732897131227136,711,237.409339616,42.034223583,-22.645433,0.033322616,85147754633.29443,1,237.409339616,42.034223583,-22.645433,0.0,11.26954,-1.036891,-12.306431,1,1
1237659133289693297,1185734546398668800,711,237.45078055,41.986362027,-21.59041,0.035428746,32222853737.11417,2,237.409339616,42.034223583,-22.645433,3.575818690363596,10.85965,-1.511948,-12.371598,2,2
1237659161199771728,1185733172009134080,711,237.493705646,42.078337264,-21.570651,0.035469124,31641743087.697487,3,237.409339616,42.034223583,-22.645433,4.813868389609332,10.84863,-1.442183,-12.290813,4,3
1237659133289693298,1185736745421924352,711,237.439868172,41.971369742,-19.672238,0.034778742,5506747965.304235,4,237.409339616,42.034223583,-22.645433,4.198590738631556,10.23205,-0.6222364,-10.8542864,3,12
1237668367999172911,2841794531253315584,712,241.897276088,13.943710714,-22.497805,0.034604512,74322789272.10178,1,241.897276088,13.943710714,-22.497805,0.0,11.23287,-1.159937,-12.392807,1,1
1237668367999172836,2845244798758053888,712,241.845653132,13.887920643,-22.429202,0.034011982,69771940216.82593,2,241.897276088,13.943710714,-22.497805,4.711687857013995,11.20287,-1.219134,-12.422004,2,2
1237665565545202013,2845247547537123328,712,241.871956164,13.846699999,-21.196568,0.034057204,22419565936.5966,3,241.897276088,13.943710714,-22.497805,6.2879602019931795,10.73064,0.2512478,-10.4793922,3,4
1237665566082072859,2845242874612705280,712,241.918030036,14.054549767,-20.025842,0.034832404,7626702396.437369,4,241.897276088,13.943710714,-22.497805,7.078229583809924,10.16024,-1.307588,-11.467828,4,10
1237661463307878522,1772337760623945728,713,247.264713576,25.713383124,-22.503263,0.042440491,74697350886.88097,1,247.264713576,25.713383124,-22.503263,0.0,11.33054,-1.389708,-12.720248,1,1
1237662642270896477,1771184093854197760,713,247.358428866,25.700087577,-21.216221,0.043091063,22829079474.230568,2,247.264713576,25.713383124,-22.503263,5.370881606745962,10.67779,-1.648327,-12.326117,2,3
1237662642270896472,1771197287993731072,713,247.40325214,25.765550381,-20.456822,0.043118324,11343022668.493082,3,247.264713576,25.713383124,-22.503263,8.49847868098383,10.20563,-0.195269,-10.400899,3,5
1237662642270896262,1586476029248038912,713,247.510285284,25.814538108,-20.208844,0.04250284,9026878562.74589,4,247.264713576,25.713383124,-22.503263,15.28042273793955,10.29155,-1.849954,-12.141504,4,7
1237654030863892549,573249118667827200,714,167.996400573,3.135771437,-22.583119,0.031016802,80398435916.65007,1,167.996400573,3.135771437,-22.583119,0.0,11.17597,-1.241174,-12.417144,1,1
1237654030863826964,573251317691082752,714,167.823914026,3.197968486,-21.411585,0.03114252,27329645601.84643,2,167.996400573,3.135771437,-22.583119,11.505141853845808,10.67941,-1.405571,-12.084981,4,2
1237654030863892655,574302176046770176,714,168.028239351,3.143374727,-20.990408,0.031374736,18542282779.13073,3,167.996400573,3.135771437,-22.583119,2.053820467408092,10.53474,-1.464029,-11.998769,2,4
1237654030863892624,574301076535142400,714,168.007855923,3.044430913,-20.914228,0.030923366,17285868307.447147,4,167.996400573,3.135771437,-22.583119,5.783922071415527,10.49689,-1.404508,-11.901398,3,5
1237667253461254252,2578353455273895936,715,140.721087079,21.975184008,-22.620668,0.034841959,83227567183.32278,1,140.721087079,21.975184008,-22.620668,0.0,11.12223,-1.054555,-12.176785,1,1
1237667211048583184,2578350706494826496,715,140.553626541,21.958065854,-20.705379,0.035991741,14261053200.197817,2,140.721087079,21.975184008,-22.620668,9.817086351421487,10.12806,-0.6481206,-10.7761806,2,4
1237667211048583252,2578355104541337600,715,140.523556985,21.98147547,-20.293858,0.035566706,9762098828.339527,3,140.721087079,21.975184008,-22.620668,11.515990956008778,9.942387,-0.3219642,-10.2643512,4,5
1237667211048583275,2578354554785523712,715,140.5417847,22.003741866,-19.632954,0.035514053,5311064796.896587,4,140.721087079,21.975184008,-22.620668,10.59932134154863,9.365183,-0.3086286,-9.6738116,3,9
1237663917339771127,2105486758622816256,716,119.380728925,52.682854059,-22.476775,0.041391613,72897057783.03116,1,119.380728925,52.682854059,-22.476775,0.0,11.20321,-1.242933,-12.446143,1,1
1237663917339771108,2105496929105373184,716,119.350308317,52.675627032,-20.10429,0.041049314,8198152637.917092,2,119.380728925,52.682854059,-22.476775,1.244618451720594,10.09639,-1.876925,-11.973315,2,6
1237663917339836570,2105485384233281536,716,119.421226026,52.713024742,-20.024983,0.041422297,7620670778.068038,3,119.380728925,52.682854059,-22.476775,2.4436473608270783,10.15898,-1.327671,-11.486651,4,8
1237663917339836556,2105497753739094016,716,119.344652401,52.712715506,-19.552827,0.040848617,4933223594.8877325,4,119.380728925,52.682854059,-22.476775,2.3253724471902855,9.735994,-0.7375403,-10.4735343,3,11
1237667486455300162,2741697729024518144,717,136.233886563,17.455132541,-22.442578,0.02994403,70636829840.13539,1,136.233886563,17.455132541,-22.442578,0.0,11.15364,-1.054685,-12.208325,1,1
1237667486455300339,2741693605855913984,717,136.229337068,17.425797508,-20.848329,0.030304173,16267903966.824957,2,136.233886563,17.455132541,-22.442578,1.863240222272906,10.55407,-1.57704,-12.13111,4,4
1237667486455300163,5964126101726490624,717,136.211380174,17.45026246,-20.784807,0.027769019,15343442141.89911,3,136.233886563,17.455132541,-22.442578,1.383288125439084,,,,2,5
1237667486455300164,2741695530001262592,717,136.207872108,17.461485465,-19.688825,0.028708968,5591521510.987719,4,136.233886563,17.455132541,-22.442578,1.6095248027261286,9.986221,-1.773401,-11.759622,3,9
1237651496830501001,488751641869182976,718,117.341561806,43.767234541,-22.45006,0.032183204,71125281785.05617,1,117.341561806,43.767234541,-22.45006,0.0,11.20775,-1.004473,-12.212223000000002,1,1
1237651496830501270,488739822119184384,718,117.2397776,43.786579071,-21.21944,0.031905573,22896863758.66475,2,117.341561806,43.767234541,-22.45006,4.774935834019665,10.56013,0.2900581,-10.2700719,3,2
1237651496830501214,488729101880813568,718,117.09382305,43.780473106,-19.752486,0.031909327,5929176791.676177,3,117.341561806,43.767234541,-22.45006,11.270484837228803,10.08997,-1.494947,-11.584917,4,9
1237651496830501304,1954567512163117056,718,117.31964304,43.752112738,-19.455879,0.03134966,4511818285.300449,4,117.341561806,43.767234541,-22.45006,1.3755471444056515,9.959594,-1.838885,-11.798479,2,11
1237663918414758008,6693625683509964800,722,120.370075458,55.599219366,-22.382508,0.034237624,66834884212.67322,1,120.370075458,55.599219366,-22.382508,0.0,,,,1,1
1237663918414758193,2106651966087129088,722,120.221862269,55.563107678,-22.02986,0.034173692,48299651815.16395,2,120.370075458,55.599219366,-22.382508,5.731982920228821,11.11803,-0.3711592,-11.489189199999998,4,2
1237663918414823576,2106651691209222144,722,120.496009715,55.621743448,-20.483083,0.034585688,11620724360.60518,3,120.370075458,55.599219366,-22.382508,4.687932170139374,10.38448,-1.450004,-11.834484,3,6
1237663918414758364,2106651416331315200,722,120.314283281,55.618985176,-19.396331,0.033397387,4271027817.24355,4,120.370075458,55.599219366,-22.382508,2.337296876724831,9.460462,-2.102495,-11.562957,2,11
1237665225693855754,2358765860677511168,724,182.290972301,31.569515347,-22.274455,0.023499468,60503709194.962265,1,182.290972301,31.569515347,-22.274455,0.0,11.01576,-1.57865,-12.59441,1,1
1237665225693921343,2256361750125373440,724,182.579381215,31.550113164,-20.333488,0.022875801,10125003919.339312,2,182.290972301,31.569515347,-22.274455,15.489070576823469,10.1086,-1.657341,-11.765941,3,4
1237665328777592916,2256369721584674816,724,182.246026311,31.300500505,-19.576581,0.024312722,5042343176.898733,3,182.290972301,31.569515347,-22.274455,17.07358393408858,9.547343,-0.3933629,-9.9407059,4,5
1237665329314398323,2358760912875186176,724,182.079166356,31.657951796,-19.300962,0.023518679,3911873478.669876,4,182.290972301,31.569515347,-22.274455,12.62214223094429,9.341688,-0.4851156,-9.8268036,2,6
1237664814988328970,960568032470525952,725,205.413805686,5.032875632,-22.098076,0.024269862,51431643211.222664,1,205.413805686,5.032875632,-22.098076,0.0,10.95874,-1.288014,-12.246754,1,1
1237664814988263512,960565283691456512,725,205.271673644,5.105799021,-20.91633,0.024283252,17319366398.564068,2,205.413805686,5.032875632,-22.098076,10.006178774654138,10.19089,-0.356906,-10.547796,4,4
1237664814988263474,960564733935642624,725,205.344000022,5.040132069,-20.897427,0.024433053,17020440667.898935,3,205.413805686,5.032875632,-22.098076,4.392809786590388,10.39352,-0.6600235,-11.0535435,2,5
1237664814988263447,961627686785017856,725,205.30102092,5.054319637,-19.328731,0.024433037,4013214752.172592,4,205.413805686,5.032875632,-22.098076,7.186474002536968,9.408957,-0.438291,-9.847248,3,8
1237654601571106901,654167676612012032,726,167.602290775,4.830046938,-22.230909,0.031570703,58125084866.85108,1,167.602290775,4.830046938,-22.230909,0.0,10.77422,0.6411343,-10.1330857,1,1
1237654601571041343,654169875635267584,726,167.55356787,4.78436496,-20.836915,0.031436357,16097780451.508104,2,167.602290775,4.830046938,-22.230909,4.188624339764243,10.60392,-2.012288,-12.616208,4,2
1237654601571106889,654168226367825920,726,167.596569009,4.789708985,-20.65516,0.033035622,13616453271.52405,3,167.602290775,4.830046938,-22.230909,2.5597012782719992,10.17957,0.2060978,-9.9734722,2,3
1237654601571041490,5370743865723252736,726,167.576871269,4.796354845,-20.376814,0.032504392,10537209142.200714,4,167.602290775,4.830046938,-22.230909,2.648464490448962,,,,3,5
1237662264319279158,2041397608953440256,727,220.693308909,8.725569972,-21.861333,0.034819176,41355492768.69017,1,220.693308909,8.725569972,-21.861333,0.0,10.92415,0.2579727,-10.6661773,1,1
1237662264319279213,2041394860174370816,727,220.71425151,8.758879426,-21.678947,0.035840243,34960593764.08469,2,220.693308909,8.725569972,-21.861333,2.464082669913966,10.82206,-0.8540087,-11.6760687,3,2
1237662264319279400,2041395409930184704,727,220.727212124,8.696027846,-20.405564,0.035826434,10819958623.690245,3,220.693308909,8.725569972,-21.861333,2.806975059545865,9.951917,0.1476113,-9.8043057,4,7
1237662264319279389,2041395684808091648,727,220.716979668,8.717085269,-19.62816,0.033577901,5287665820.328295,4,220.693308909,8.725569972,-21.861333,1.5637595931724455,9.781559,-0.2065293,-9.9880883,2,10
1237674649384124427,310834717979076608,774,162.338072546,-0.668071678,-22.847922,0.039915316,102605065039.4828,1,162.338072546,-0.668071678,-22.847922,0.0,11.32287,-0.9805743,-12.3034443,1,1
1237648720686153850,309641747879716864,774,162.35360231,-0.429879442,-21.681183,0.039724371,35032666922.78343,2,162.338072546,-0.668071678,-22.847922,14.997832027351365,10.912,-1.459811,-12.371811,3,2
1237648720149217569,310827296275589120,774,162.289475017,-0.908548803,-20.490583,0.03926121,11701275373.69099,3,162.338072546,-0.668071678,-22.847922,15.415013345506123,10.35027,-1.334618,-11.684888,4,5
1237674649384124576,309625530083207168,774,162.440076517,-0.838953264,-20.071545,0.039047096,7954593664.93975,4,162.338072546,-0.668071678,-22.847922,12.503936481728475,10.12821,-1.041589,-11.169799,2,9
1237667210504896683,2558178791058860032,780,125.596265722,15.519140563,-22.632761,0.044968123,84159742883.83722,1,125.596265722,15.519140563,-22.632761,0.0,11.28804,-1.187164,-12.475204000000002,1,1
1237667210504896599,5064330860531740672,780,125.52821584,15.583279543,-21.827706,0.044418038,40094278249.26933,2,125.596265722,15.519140563,-22.632761,5.762659249235657,,,,4,2
1237667210504896684,2560382487456933888,780,125.593691406,15.532167311,-20.232111,0.045178047,9222409454.03256,3,125.596265722,15.519140563,-22.632761,0.8331997766042273,10.36733,-1.958865,-12.326195,2,5
1237667210504897126,2558177691547232256,780,125.675752929,15.496443714,-20.085344,0.043086352,8056336542.76508,4,125.596265722,15.519140563,-22.632761,5.019355247269683,9.419231,0.0736293,-9.3456017,3,7
1237665329323376654,2357677075613116416,784,205.853636643,30.069516329,-22.618914,0.041153636,83093222118.78915,1,205.853636643,30.069516329,-22.618914,0.0,11.26417,-0.3797529,-11.6439229,1,1
1237665329323376833,2357677625368930304,784,205.906020521,30.067368211,-21.173328,0.0409113,21944778416.915203,2,205.853636643,30.069516329,-22.618914,2.8516433417233,10.73032,-1.345162,-12.075482,2,3
1237665329323311205,2357681473659627520,784,205.689175352,30.085051998,-20.99839,0.041579476,18679102273.62114,3,205.853636643,30.069516329,-22.618914,8.995136402068429,10.65623,-1.609574,-12.265804,4,6
1237665329323311234,2357677900246837248,784,205.74547059,30.088403124,-20.521619,0.041182633,12040585334.7236,4,205.853636643,30.069516329,-22.618914,5.99958885641204,10.28174,-1.502872,-11.784612,3,10
1237667781239636022,3110987412302489600,786,222.301634603,17.020936776,-22.643798,0.038088342,85019627922.27513,1,222.301634603,17.020936776,-22.643798,0.0,11.21133,-0.9740408,-12.1853708,1,1
1237667733987524662,3126679368164730880,786,222.388002998,17.200268274,-21.479329,0.037852747,29089188103.53114,2,222.301634603,17.020936776,-22.643798,12.404089367285604,10.74307,-0.5944939,-11.3375639,4,5
1237667781239701680,3126681567187986432,786,222.464480897,17.079006429,-20.316599,0.038655191,9968724642.00869,3,222.301634603,17.020936776,-22.643798,10.440524710443809,10.27999,-0.04800769,-10.32799769,3,7
1237667781239636222,3111008303023417344,786,222.350637333,16.999042141,-20.20151,0.037893901,8966108706.175703,4,222.301634603,17.020936776,-22.643798,3.249776849837293,10.21756,-0.8796751,-11.0972351,2,8
1237667254008807454,2489504395524335616,788,166.693557072,28.719532793,-22.412272,0.032542681,68692417370.285835,1,166.693557072,28.719532793,-22.412272,0.0,11.07938,-0.8098711,-11.8892511,1,1
1237667254008873043,2489395268995278848,788,166.786406224,28.592448763,-21.653166,0.034917397,34140226651.513058,2,166.693557072,28.719532793,-22.412272,9.485064068183554,10.77427,-0.7909401,-11.5652101,4,3
1237667254008807579,2489397742896441344,788,166.681371217,28.629441878,-19.629494,0.035393285,5294166553.447885,3,166.693557072,28.719532793,-22.412272,5.700299681237197,9.660279,-0.1814814,-9.841760399999998,2,9
1237667211596136520,2491704518392178688,788,166.543192012,28.740299487,-19.519464,0.034765285,4783938632.885783,4,166.693557072,28.719532793,-22.412272,8.386779086969831,9.399301,-0.4582106,-9.8575116,3,11
1237662263783522317,2042519671508330496,789,223.173072378,7.931864332,-22.535673,0.036180275,76960733812.20033,1,223.173072378,7.931864332,-22.535673,0.0,11.19316,-0.9770532,-12.1702132,1,1
1237662263783522502,2042515823217633280,789,223.201640413,7.945823119,-21.637511,0.036066492,33651497871.746445,2,223.173072378,7.931864332,-22.535673,1.9823542014081188,10.84928,-0.8433772,-11.6926572,2,2
1237662237482942641,2042419890828109824,789,223.167028327,7.819173879,-20.74981,0.036549738,14856756315.50463,3,223.173072378,7.931864332,-22.535673,7.090535751370915,10.40577,-1.508033,-11.913803,4,6
1237662263783522538,2042530116868794368,789,223.216249972,7.900820869,-20.500888,0.036617034,11812863890.787004,4,223.173072378,7.931864332,-22.535673,3.3203752113463487,10.34741,-1.720772,-12.068182,3,7
1237660670888837190,1470572663159154688,790,148.509261843,10.608248138,-22.578893,0.040952444,80086110126.84222,1,148.509261843,10.608248138,-22.578893,0.0,11.23907,-1.371254,-12.610324,1,1
1237661065489612923,1470579260228921344,790,148.55007622,10.503233584,-21.321003,0.042252605,25142079771.628,2,148.509261843,10.608248138,-22.578893,7.063475732900605,10.77757,-1.59539,-12.37296,4,3
1237660670888902789,1470574862182410240,790,148.570121922,10.582645749,-20.912831,0.041010349,17263641150.49946,3,148.509261843,10.608248138,-22.578893,4.088516175572584,10.53863,-1.62798,-12.16661,3,5
1237660670888902772,1470582833641711616,790,148.53314898,10.607137207,-20.670314,0.041526105,13807835359.357988,4,148.509261843,10.608248138,-22.578893,1.4768745779429382,10.13635,0.03087512,-10.10547488,2,6
1237662662681559181,1865733852438226944,793,242.844087027,23.965010131,-22.447691,0.032288223,70970260609.14525,1,242.844087027,23.965010131,-22.447691,0.0,10.84426,-9999.0,-10009.84426,1,1
1237662225163420013,1865718184397531136,793,242.898698182,24.076608832,-20.860405,0.031617326,16449852191.729675,2,242.844087027,23.965010131,-22.447691,7.680523407237511,10.46989,-1.672659,-12.142549,3,5
1237662662681624832,1865734127316133888,793,242.830662902,23.842854689,-20.132509,0.032508847,8414021162.561804,3,242.844087027,23.965010131,-22.447691,7.713891638740953,9.974934,-9999.0,-10008.974934,4,6
1237662662681559448,1865736051461482496,793,242.798144252,23.951888027,-19.773921,0.033212707,6047395884.071174,4,242.844087027,23.965010131,-22.447691,2.7637985694291456,9.956621,-9999.0,-10008.956621,2,7
1237655501884293289,709415656872765440,795,250.405693364,40.163495581,-22.280701,0.033653355,60852776729.656204,1,250.405693364,40.163495581,-22.280701,0.0,11.20605,-1.322515,-12.528565,1,1
1237655474505580845,709413182971602944,795,250.534092057,40.276903997,-21.604468,0.032777947,32642784656.41316,2,250.405693364,40.163495581,-22.280701,9.419232827904308,10.50353,-0.1891508,-10.6926808,4,2
1237655501884293573,920029588627679232,795,250.343648312,40.13629425,-19.591014,0.034186941,5109819978.575708,3,250.405693364,40.163495581,-22.280701,3.4351391558274624,9.904016,-2.262533,-12.166549,2,9
1237655501884358970,709412358337882112,795,250.478160663,40.141039224,-19.315607,0.031183533,3964996424.3019886,4,250.405693364,40.163495581,-22.280701,3.7553528521649007,9.356142,-0.3134257,-9.6695677,3,11
1237670965383856174,2740480569619015680,796,136.209004837,13.561891317,-22.322159,0.029280921,63221325932.5353,1,136.209004837,13.561891317,-22.322159,0.0,11.20251,-1.312344,-12.514854,1,1
1237670965383790750,2740479744985294848,796,136.154449609,13.554090807,-22.022579,0.02903725,47976835612.26015,2,136.209004837,13.561891317,-22.322159,3.3681350887714303,11.00185,-0.307327,-11.309177,2,3
1237670965383790831,2740488541078317056,796,136.125901236,13.619302807,-19.721541,0.02865798,5762572468.526393,3,136.209004837,13.561891317,-22.322159,6.226680416487765,9.717189,-0.7965206,-10.5137096,3,8
1237670965383921837,2740473697671342080,796,136.341911165,13.625770093,-19.601682,0.029292055,5160274446.897592,4,136.209004837,13.561891317,-22.322159,9.054934878676036,9.486813,-0.3328946,-9.8197076,4,9
1237668586504781905,6032749372923113472,797,164.52151186,17.124418393,-22.360273,0.031649018,65480079798.32495,1,164.52151186,17.124418393,-22.360273,0.0,,,,1,1
1237668586504781975,2795775559571892224,797,164.536458369,17.095714836,-22.052746,0.03135499,49328555716.01497,2,164.52151186,17.124418393,-22.360273,2.0144986662210114,10.87085,-1.356277,-12.227127,3,2
1237668586504782055,2800206591431829504,797,164.517650204,17.143755225,-20.223743,0.03176735,9151603590.053743,3,164.52151186,17.124418393,-22.360273,1.2368959724535291,10.24053,-0.632622,-10.873152,2,6
1237668586504847567,2797933906333034496,797,164.600032215,17.221150545,-19.615537,0.03036724,5226546275.93417,4,164.52151186,17.124418393,-22.360273,7.691470986895932,10.05776,-2.22036,-12.27812,4,8
1237662305650999364,1552702060061812736,798,210.083828827,38.915429538,-22.578421,0.018576853,80051302013.68846,1,210.083828827,38.915429538,-22.578421,0.0,11.06464,-1.513384,-12.578024,1,1
1237662193998102638,1552698761526929408,798,210.208724242,39.156230245,-21.471524,0.018600811,28880825333.440376,2,210.083828827,38.915429538,-22.578421,16.311664641171166,10.73548,-1.630743,-12.366223000000002,4,2
1237662193461231736,1552702884695533568,798,210.03841974,38.673213995,-20.933966,0.019260172,17602988287.18394,3,210.083828827,38.915429538,-22.578421,15.380455610325976,10.47832,-1.282159,-11.760479,3,4
1237662193461166177,1551502217612126208,798,209.877432379,38.792994502,-19.79619,0.019013855,6172711792.801483,4,210.083828827,38.915429538,-22.578421,12.695218818835109,9.63372,-0.495,-10.12872,2,5
1237665024911999057,2374637585801701376,801,203.991175496,33.430019843,-22.13896,0.025732368,53405255850.79643,1,203.991175496,33.430019843,-22.13896,0.0,11.0082,-1.443414,-12.451614,1,1
1237665024911998985,2374635386778445824,801,203.993208895,33.473910342,-21.802738,0.024877295,39182775872.9749,2,203.991175496,33.430019843,-22.13896,2.759780862224802,10.91263,-1.695427,-12.608057,2,2
1237665024911999138,2374635661656352768,801,204.081827551,33.423438733,-21.002832,0.025665422,18755679377.44378,3,203.991175496,33.430019843,-22.13896,4.771644155957394,10.71216,-0.4407246,-11.1528846,3,3
1237665024911933591,2243933145982330880,801,203.89977729,33.479581554,-20.503982,0.025644817,11846574774.412182,4,203.991175496,33.430019843,-22.13896,5.714333074841295,10.37038,-1.00318,-11.37356,4,4
1237667550347460633,2811448553136744448,802,170.609792221,24.299064614,-22.169887,0.026199381,54948368235.28204,1,170.609792221,24.299064614,-22.169887,0.0,11.09057,-1.360009,-12.450579,1,1
1237667550347460634,2811437008264652800,802,170.627250154,24.299906507,-20.622412,0.026159256,13211885462.002302,2,170.609792221,24.299064614,-22.169887,1.001133797628594,10.36214,-1.036447,-11.398587,2,2
1237667550347526220,2806877332889954304,802,170.794513196,24.137311365,-20.488333,0.026428885,11677051618.106398,3,170.609792221,24.299064614,-22.169887,14.674175535071198,10.56291,-0.3251628,-10.8880728,4,3
1237667911661191278,2807043908901562368,802,170.428366899,24.290924572,-19.208277,0.026528773,3591788867.0754623,4,170.609792221,24.299064614,-22.169887,10.402339511423328,9.81867,-1.810022,-11.628692,3,6
1237655742409867289,5377306021365215232,803,228.525766351,4.222147949,-22.12027,0.038236031,52493798517.26614,1,228.525766351,4.222147949,-22.12027,0.0,,,,1,1
1237655742409736258,664449754582771712,803,228.300042066,4.283380153,-21.721909,0.036941754,36371699975.30399,2,228.525766351,4.222147949,-22.12027,14.657560086434083,10.89738,-1.314482,-12.211862,3,3
1237655742409801806,664448929949050880,803,228.430476335,4.362135945,-21.221548,0.03828277,22941362113.49603,3,228.525766351,4.222147949,-22.12027,10.63065202860914,10.54837,0.180934,-10.367436,2,4
1237655742409736462,664450304338585600,803,228.28941558,4.2654654,-19.570849,0.038602296,5015792942.102304,4,228.525766351,4.222147949,-22.12027,15.057661265938457,10.05677,-1.941961,-11.998731,4,10
1237671930134790189,3249415926088493056,804,162.859667044,8.298678657,-22.042073,0.022472706,48846021917.848206,1,162.859667044,8.298678657,-22.042073,0.0,10.60775,-9999.0,-10009.60775,1,1
1237658491734982745,3248281779827664896,804,162.757163941,8.473491723,-20.864221,0.022923752,16507769646.687773,2,162.859667044,8.298678657,-22.042073,12.698098781838178,10.18079,-9999.0,-10009.18079,4,3
1237658425165742187,3249415101454772224,804,162.890628992,8.16494077,-19.631067,0.021591868,5301842229.559282,3,162.859667044,8.298678657,-22.042073,8.620752798549658,9.587828,-2.320091,-11.907919,2,6
1237658491735048241,3248256216182319104,804,162.83614485,8.445004739,-19.57738,0.022148764,5046055234.179027,4,162.859667044,8.298678657,-22.042073,9.309485620934735,9.632244,-0.5905123,-10.2227563,3,7
1237651822173552694,659887330512889856,805,218.322967192,3.903396694,-21.950975,0.030310039,44914854795.93536,1,218.322967192,3.903396694,-21.950975,0.0,10.53046,-0.1284553,-10.6589153,1,1
1237651822173552809,5381874217804034048,805,218.290455222,3.94666166,-21.762419,0.03004989,37754402367.21352,2,218.322967192,3.903396694,-21.950975,3.3975319669642534,,,,3,2
1237651822173487316,659875785640798208,805,218.244860726,3.895497867,-19.956938,0.030372481,7157728151.746363,3,218.322967192,3.903396694,-21.950975,4.9213016392512055,9.961837,-0.5448089,-10.5066459,4,9
1237651822173552811,658694635341768704,805,218.294154074,3.942489739,-19.323594,0.030788044,3994271669.66617,4,218.322967192,3.903396694,-21.950975,3.048851237530759,9.267985,-0.3659898,-9.6339748,2,10
1237667734496804876,2672904309074585600,841,155.657263801,19.39685741,-22.798155,0.04044353,98008106775.23068,1,155.657263801,19.39685741,-22.798155,0.0,11.45108,-1.276528,-12.727608,1,1
1237667735033741365,2673035150958290944,841,155.689664294,19.788214421,-22.247506,0.040092032,59020434175.255875,2,155.657263801,19.39685741,-22.798155,24.664367832474248,10.90804,-1.396372,-12.304412,3,2
1237667782285787299,2672906782975748096,841,155.570472545,19.621831515,-21.577018,0.040166464,31827842478.806416,3,155.657263801,19.39685741,-22.798155,15.04110259410684,10.75276,-0.9723276,-11.7250876,2,3
1237667735033741333,2674085734402516992,841,155.69742748,19.79171942,-19.82943,0.040291821,6364612977.48191,4,155.657263801,19.39685741,-22.798155,24.923559631595953,10.62018,-1.274155,-11.894335,4,8
1237667550342086696,2664053240068335616,844,157.425995533,22.360642468,-22.790979,0.042138977,97362473804.47804,1,157.425995533,22.360642468,-22.790979,0.0,11.35125,-1.082215,-12.433465,1,1
1237667550342086930,2664053514946242560,844,157.465731944,22.400411077,-20.308025,0.042996534,9890312180.442724,2,157.425995533,22.360642468,-22.790979,3.401990171683964,9.579924,-0.1072404,-9.6871644,4,8
1237667550342086875,2664052415434614784,844,157.37031051,22.367815599,-20.224234,0.040899835,9155743134.746689,3,157.425995533,22.360642468,-22.790979,3.266866123027312,10.18656,-1.950019,-12.136579,3,9
1237667550342086697,2665066165524523008,844,157.427715667,22.350700169,-19.817151,0.042656993,6293038663.545955,4,157.425995533,22.360642468,-22.790979,0.6326394221528916,9.678252,-2.093513,-11.771765,2,11
1237654880211107970,669949511174481920,847,239.945697026,2.712762856,-22.830765,0.032867045,100996424719.56546,1,239.945697026,2.712762856,-22.830765,0.0,12.45344,-0.02775903,-12.48119903,1,1
1237651737930694670,669951160441923584,847,239.957039044,2.667222115,-21.916399,0.033676146,43507046302.50514,2,239.945697026,2.712762856,-22.830765,2.9486267067570373,12.00417,-0.5268748,-12.5310448,2,2
1237654880211173600,669938241180297216,847,240.098392057,2.737869483,-20.824823,0.033047931,15919491815.252417,3,239.945697026,2.712762856,-22.830765,9.712228002933616,7.770007,-2.655627,-10.425634,3,4
1237651737930498465,669957757511690240,847,239.626149737,2.69115891,-20.07781,0.032531129,8000626567.29793,4,239.945697026,2.712762856,-22.830765,20.10131159798259,11.46655,-1.014567,-12.481117,4,5
1237667735577886774,2819384828485462016,859,173.375286835,22.455868279,-22.696927,0.038554482,89283416390.90804,1,173.375286835,22.455868279,-22.696927,0.0,11.2691,-0.7541301,-12.0232301,1,1
1237667735577821313,2814912839800612864,859,173.174208369,22.37548953,-20.502472,0.037460561,11830110467.1544,2,173.375286835,22.455868279,-22.696927,12.724665379223138,10.2401,-0.07035378,-10.31045378,4,3
1237667735577886985,2814910640777357312,859,173.354611164,22.434744596,-20.031233,0.038275513,7664665390.585353,3,173.375286835,22.455868279,-22.696927,1.7897464810023145,10.21536,-0.7883426,-11.0037026,2,4
1237667735577886962,2814909816143636480,859,173.324388409,22.336400854,-19.831035,0.038838905,6374028485.473288,4,173.375286835,22.455868279,-22.696927,8.067726658584712,10.10819,-1.371178,-11.479368,3,5
1237674650460422277,313020546944100352,864,168.271681615,0.003071052,-22.663287,0.04085727,86559512133.51047,1,168.271681615,0.003071052,-22.663287,0.0,11.23772,-0.9738976,-12.2116176,1,1
1237674650460422494,314224513585801216,864,168.275758808,0.069572419,-21.61114,0.041171447,32843996713.45991,2,168.271681615,0.003071052,-22.663287,4.18624986316455,10.82383,-1.125936,-11.949766,4,2
1237674650460487907,314223688952080384,864,168.327647999,0.037101151,-20.051472,0.039111716,7808880916.570019,3,168.271681615,0.003071052,-22.663287,4.115502347368485,9.792118,-0.2240445,-10.0161625,3,9
1237648721225646275,314224238707894272,864,168.310007409,-0.036684521,-19.868711,0.03848151,6599095296.7143545,4,168.271681615,0.003071052,-22.663287,3.469645179527248,10.06055,-1.632531,-11.693081,2,10
1237667735062577233,3128940513592371200,867,225.680703406,17.252525663,-22.603409,0.038614675,81915031010.17389,1,225.680703406,17.252525663,-22.603409,0.0,11.27175,-1.150924,-12.422674,1,1
1237667782314754241,3128925945063303168,867,225.72760906,17.146420706,-20.966,0.037548414,18130091670.170284,2,225.680703406,17.252525663,-22.603409,7.236861860245626,10.48172,-1.65945,-12.14117,3,4
1237667735062577234,3127758263697827840,867,225.691376754,17.243090421,-19.806424,0.037423115,6231170001.097891,3,225.680703406,17.252525663,-22.603409,0.8727270040419802,9.930378,-1.129366,-11.059743999999998,2,7
1237667735062577326,3129007858679572480,867,225.759738003,17.389374942,-19.632224,0.038598515,5307495076.930583,4,225.680703406,17.252525663,-22.603409,9.81877229516984,9.402701,-0.4686519,-9.8713529,4,10
1237667253472264286,2491666310363113472,871,167.660141442,28.316810751,-22.444696,0.035370985,70774759131.40767,1,167.660141442,28.316810751,-22.444696,0.0,11.20764,-1.181289,-12.388929,1,1
1237667253472329733,2489372179251095552,871,167.694385206,28.278486679,-22.071036,0.036923575,50166569033.97991,2,167.660141442,28.316810751,-22.444696,3.0638817053695697,11.05765,-1.624304,-12.681954,2,2
1237667253472329842,2489373003884816384,871,167.702474546,28.358697995,-19.699765,0.032262904,5648147113.913822,3,167.660141442,28.316810751,-22.444696,3.522428230363724,9.966509,-1.079144,-11.045653,3,9
1237667253472329735,2491670708409624576,871,167.693621199,28.263899294,-19.582903,0.034835954,5071789263.502704,4,167.660141442,28.316810751,-22.444696,3.805734234707813,9.848176,-1.227913,-11.076089,4,12
1237655124465484020,940179787551369216,883,168.758970232,4.085459081,-22.334634,0.040664835,63951921820.04943,1,168.758970232,4.085459081,-22.334634,0.0,11.15086,-1.174752,-12.325612,1,1
1237655124465483999,940178962917648384,883,168.722831397,4.09382528,-20.848798,0.040795754,16274932649.330263,2,168.758970232,4.085459081,-22.334634,2.325089399527043,10.53127,-1.599003,-12.130273,4,3
1237655124465484022,5370548977287229440,883,168.748762054,4.081076079,-20.109282,0.040270026,8235932906.344152,3,168.758970232,4.085459081,-22.334634,0.6965251481048317,,,,2,6
1237655124465549363,940177588528113664,883,168.776829055,4.101716115,-20.000282,0.04045663,7449254294.5419,4,168.758970232,4.085459081,-22.334634,1.5152815896129066,10.05819,-1.024937,-11.083127,3,8
1237665370118291481,2372300029416204288,885,169.250435449,32.597504877,-22.156783,0.03573003,54289169750.60777,1,169.250435449,32.597504877,-22.156783,0.0,11.04315,-1.219345,-12.262495,1,1
1237665331457163322,2372299754538297344,885,169.224626065,32.564351157,-20.872341,0.033817004,16631690707.186872,2,169.250435449,32.597504877,-22.156783,2.491293777041717,10.37386,-1.557294,-11.931154,3,3
1237665370118291482,2372298929904576512,885,169.228458939,32.589809206,-20.845032,0.034478028,16218578978.16994,3,169.250435449,32.597504877,-22.156783,1.2598470219628288,10.41657,-1.20133,-11.6179,2,4
1237665370118226042,2372314872823179264,885,169.183745677,32.571543938,-19.803434,0.035972371,6214033639.978788,4,169.250435449,32.597504877,-22.156783,3.889279162442513,9.948136,-0.2578666,-10.2060026,4,8
1237660634386071585,1611166390302042112,886,161.015363586,43.903360216,-22.019149,0.025809236,47825508905.56875,1,161.015363586,43.903360216,-22.019149,0.0,10.94519,-1.501975,-12.447165,1,1
1237661355926356096,1611165015912507392,886,161.051620515,43.795171232,-19.190802,0.026036516,3534441517.338013,2,161.015363586,43.903360216,-22.019149,6.993423103321359,9.753751,-1.084285,-10.838036,2,7
1237660634386006121,1611174911517157376,886,160.812348794,43.875575678,-19.157806,0.026122671,3428644046.053238,3,161.015363586,43.903360216,-22.019149,9.357120398162587,9.722207,-1.812145,-11.534351999999998,3,8
1237660634386137172,1614619407592482816,886,161.144726739,44.041309764,-19.070794,0.025799285,3164591082.8653855,4,161.015363586,43.903360216,-22.019149,10.456845127470302,9.807052,-1.534108,-11.34116,4,9
1237671123767722047,2911623683405539328,887,151.447181187,14.338748964,-22.013686,0.031959874,47585474034.367966,1,151.447181187,14.338748964,-22.013686,0.0,11.02258,-1.496311,-12.518891,1,1
1237671123767787682,2911623408527632384,887,151.551337353,14.496032929,-20.281414,0.031969272,9650850764.939566,2,151.447181187,14.338748964,-22.013686,11.740348822845675,9.844515,-0.1650486,-10.0095636,4,6
1237671260669739186,2911616261702051840,887,151.601801337,14.288259359,-19.901177,0.030145631,6799403273.489302,3,151.447181187,14.338748964,-22.013686,9.933661443761585,10.07745,-2.000688,-12.078138,3,7
1237671123767787710,2911622858771818496,887,151.587673233,14.353863738,-19.204962,0.031700371,3580839041.9968643,4,151.447181187,14.338748964,-22.013686,8.604669437709436,9.552303,-0.5415138,-10.0938168,2,10
1237663916801785873,2103345183759296512,888,117.823527671,50.17930186,-22.0596,0.021253257,49640940377.48199,1,117.823527671,50.17930186,-22.0596,0.0,11.08905,-1.394185,-12.483235,1,1
1237663916801785874,2103344084247668736,888,117.805783999,50.193277573,-21.285617,0.021809811,24335865699.08245,2,117.823527671,50.17930186,-22.0596,1.1316651085668217,10.7303,-1.647301,-12.377601,2,2
1237663916801720625,2103325667427903488,888,117.748034537,50.056180395,-19.665666,0.021560953,5473516101.615163,3,117.823527671,50.17930186,-22.0596,8.312380658628028,9.994188,-1.563622,-11.55781,4,6
1237663916801786266,2103331989619763200,888,117.764418917,50.255325439,-19.435601,0.021290216,4428334311.93684,4,117.823527671,50.17930186,-22.0596,5.335202993126019,9.925674,-1.995936,-11.92161,3,8
1237651735234478128,598980158266828800,889,212.859298608,1.286520158,-21.965012,0.025787788,45499308889.17179,1,212.859298608,1.286520158,-21.965012,0.0,10.98186,-1.192399,-12.174259,1,1
1237651735234478093,598979608511014912,889,212.823854509,1.275275099,-20.885791,0.025767428,16839003995.995457,2,212.859298608,1.286520158,-21.965012,2.3358815521397194,10.41503,-0.1982757,-10.6133057,2,4
1237651752414085200,600183573760206848,889,212.889334952,1.159485669,-20.4013,0.025940227,10777548849.981518,3,212.859298608,1.286520158,-21.965012,8.201791021699295,10.32507,-1.764619,-12.089689,4,7
1237651735234478248,598979883388921856,889,212.829854085,1.309538788,-19.96964,0.025768754,7241957970.291729,4,212.859298608,1.286520158,-21.965012,2.347921644182326,10.14345,-1.962408,-12.105858,3,8
1237662224077160482,1849927816708122624,962,212.698531902,35.913485755,-22.719241,0.028712469,91137350744.3796,1,212.698531902,35.913485755,-22.719241,0.0,11.28625,-0.7276886,-12.0139386,1,1
1237662224077422595,1849909399888357376,962,213.213492495,35.710893073,-22.13105,0.028425099,53017592161.97556,2,212.698531902,35.913485755,-22.719241,29.16333535719878,10.89573,-0.6635827,-11.5593127,3,2
1237664854716514359,1849930840365099008,962,212.200783275,35.612887222,-21.629811,0.028390496,33413686994.294346,3,212.698531902,35.913485755,-22.719241,31.63430257100777,10.97205,-1.052899,-12.024949,4,3
1237662224077226146,1849915172324403200,962,212.870106855,35.897736768,-21.518294,0.027898311,30152102444.576008,4,212.698531902,35.913485755,-22.719241,8.787820480349884,10.78444,-1.736954,-12.521394,2,4
1237667430105677867,2495081668407224320,974,169.460885036,26.625788261,-22.711087,0.028040911,90455462807.09648,1,169.460885036,26.625788261,-22.711087,0.0,11.29294,-1.178367,-12.471307,1,1
1237667430105677981,2492905185123264512,974,169.561287696,26.620548986,-21.580123,0.028856439,31918994359.260704,2,169.460885036,26.625788261,-22.711087,5.64921553026611,10.42854,-0.156691,-10.585231,3,2
1237667322713931949,2492775167873280000,974,169.18044055,26.372664423,-21.236816,0.028210427,23266250516.76701,3,169.460885036,26.625788261,-22.711087,22.396976490047496,10.77016,-0.007088706,-10.777248706,4,3
1237667323250933967,2495080019139782656,974,169.461333943,26.657519481,-20.675142,0.029482462,13869372101.361662,4,169.460885036,26.625788261,-22.711087,1.993890745239884,10.41666,-1.354641,-11.771301,2,4
1237662664291582035,1568438540994373632,975,242.315450929,25.712460516,-22.667905,0.041386869,86928462831.23108,1,242.315450929,25.712460516,-22.667905,0.0,11.31987,-0.6521703,-11.9720403,1,1
1237662664291582317,5318765549911207936,975,242.401766428,25.749902767,-20.271378,0.0414258,9562054176.85353,2,242.315450929,25.712460516,-22.667905,5.422501609166439,,,,3,7
1237662664291647718,1864657705650644992,975,242.374791641,25.639401714,-19.783453,0.041141876,6100721503.44301,3,242.315450929,25.712460516,-22.667905,5.68891806100222,9.866913,-0.4971994,-10.3641124,4,10
1237662664291582248,1568434692703676416,975,242.265794259,25.728039403,-19.707312,0.041795418,5687544399.837963,4,242.315450929,25.712460516,-22.667905,2.9764592001358765,9.727448,-0.3920152,-10.1194632,2,12
1237657878614638619,1046006686491371520,984,119.873821592,27.026448303,-22.521202,0.022848603,75941784834.07567,1,119.873821592,27.026448303,-22.521202,0.0,11.22941,-1.186719,-12.416129,1,1
1237657878614638621,1046013558439045120,984,119.824461265,27.0778841,-21.270549,0.023375227,24000461900.53101,2,119.873821592,27.026448303,-22.521202,4.251315897022969,11.0979,-2.450211,-13.548111,2,3
1237657773924352400,1046024003799508992,984,119.574422084,27.056633361,-20.096088,0.021979577,8136454497.064447,3,119.873821592,27.026448303,-22.521202,16.86225753589974,10.28483,-1.418852,-11.703682,3,5
1237657628432007196,1046065785241364480,984,119.771506619,27.459540237,-19.643312,0.023122114,5361975188.030284,4,119.873821592,27.026448303,-22.521202,27.805723353931924,10.07853,-1.710919,-11.789449,4,6
1237665567692292189,2473642287150688256,985,241.607477972,15.693778445,-22.303452,0.044425512,62141366608.896,1,241.607477972,15.693778445,-22.303452,0.0,11.22783,-0.9584522,-12.1862822,1,1
1237665567692292584,4584778035198881792,985,241.659429565,15.697640166,-21.477645,0.043809053,29044105124.00962,2,241.607477972,15.693778445,-22.303452,3.1518522557593065,,,,3,3
1237665567692226797,2472477079350831104,985,241.489340308,15.725963227,-21.460196,0.044274826,28581064498.183018,3,241.607477972,15.693778445,-22.303452,7.426170664438782,10.86846,-1.059672,-11.928132000000002,4,4
1237665548901286143,2473632116668131328,985,241.639412383,15.728012401,-20.344736,0.042600245,10230442057.821287,4,241.607477972,15.693778445,-22.303452,2.890944231186793,10.39103,-1.155284,-11.546314,2,8
1237671124305051659,2913920838157756416,988,152.3018066,15.005118282,-22.512551,0.031711681,75339095173.6777,1,152.3018066,15.005118282,-22.512551,0.0,11.20591,-1.221081,-12.426991,1,1
1237671124305051901,2911733084812503040,988,152.332040557,14.99093857,-20.837892,0.031799842,16112272562.72876,2,152.3018066,15.005118282,-22.512551,2.0398006139795672,10.37881,-1.356578,-11.735388,2,3
1237671261207003251,2911731985300875264,988,152.470535597,14.729860948,-19.907673,0.031566355,6840206296.854312,3,152.3018066,15.005118282,-22.512551,20.102433248298407,9.80212,-0.1876956,-9.9898156,4,7
1237671261206937699,2913909568163571712,988,152.313147376,14.832832934,-19.704271,0.031526119,5671636646.725815,4,152.3018066,15.005118282,-22.512551,10.846883465736008,10.01083,-0.5239877,-10.5348177,3,8
1237651274035363888,502245398555944960,993,128.422190183,54.549319096,-22.446775,0.031885176,70910410579.9525,1,128.422190183,54.549319096,-22.446775,0.0,11.20951,-1.341531,-12.551041,1,1
1237651274035363852,502248697090828288,993,128.356774716,54.559079625,-21.31357,0.031538768,24970543778.629715,2,128.422190183,54.549319096,-22.446775,2.461253221266871,10.65456,-1.329827,-11.984387,2,3
1237663529186623648,502247872457107456,993,128.106382731,54.531033202,-19.545145,0.032655552,4898442336.66071,3,128.422190183,54.549319096,-22.446775,11.56860807598153,10.00629,-1.773987,-11.780277,3,8
1237663546366558454,2007503779963889664,993,128.118516775,54.663202546,-19.460021,0.031969915,4529063398.041529,4,128.422190183,54.549319096,-22.446775,13.165475661941803,10.11228,-0.9124655,-11.0247455,4,9
1237667430096437433,2583991476140664832,996,146.817136158,22.089496909,-22.516981,0.025745809,75647120273.86626,1,146.817136158,22.089496909,-22.516981,0.0,11.1585,-0.9429988,-12.1014988,1,1
1237667430096371778,2584003845646477312,996,146.699863425,22.012108868,-21.321911,0.026535664,25163114860.01458,2,146.817136158,22.089496909,-22.516981,8.383609644605226,10.59807,-0.01701926,-10.61508926,2,2
1237667292655910960,2583986528338339840,996,146.998214443,21.952751206,-20.224756,0.025769902,9160146089.142414,3,146.817136158,22.089496909,-22.516981,13.604072207239646,10.0109,-0.5031919,-10.5140919,4,5
1237667430096371947,2584004395402291200,996,146.62921001,22.05264768,-19.529346,0.026036745,4827679161.635186,4,146.817136158,22.089496909,-22.516981,11.18472210358635,9.943012,-1.73027,-11.673282,3,9
1237664291548823600,2001943283122595840,998,208.111052914,14.490977298,-22.360965,0.041484566,65521827193.39789,1,208.111052914,14.490977298,-22.360965,0.0,11.23688,0.4179808,-10.8188992,1,1
1237664291548823599,2000875382017910784,998,208.106805277,14.48869019,-21.004435,0.0423108,18783391043.818523,2,208.111052914,14.490977298,-22.360965,0.2956687896643574,10.67055,-1.270261,-11.940811,2,3
1237664291548823571,2000873732750469120,998,208.0689724,14.539073138,-20.805231,0.041959101,15634802515.369596,3,208.111052914,14.490977298,-22.360965,3.960273465077135,10.47808,-1.479072,-11.957152,3,5
1237662530600370324,2001956752140036096,998,208.041389795,14.396964572,-20.380175,0.041115156,10569878617.990816,4,208.111052914,14.490977298,-22.360965,7.270437154297855,10.20419,-0.4018251,-10.6060151,4,10
1237664291011952787,2000877855919073280,1001,208.11129364,14.091277733,-22.211524,0.023851361,57096514865.58528,1,208.11129364,14.091277733,-22.211524,0.0,11.1359,-1.537708,-12.673608,1,1
1237664291011952667,2001955652628408320,1001,208.034818567,14.116224459,-22.0201,0.023540223,47867417781.34447,2,208.11129364,14.091277733,-22.211524,4.9167682243924835,10.93889,-1.399859,-12.338749,2,3
1237662530063499615,2001957576773756928,1001,208.048131484,13.999915424,-20.464106,0.025303242,11419376710.33307,3,208.11129364,14.091277733,-22.211524,6.911945910900193,10.41572,-1.159504,-11.575224,4,5
1237662530063564997,2000876481529538560,1001,208.188657352,14.014384209,-20.043073,0.023555552,7748706298.266048,4,208.11129364,14.091277733,-22.211524,6.751098784863476,9.956604,-0.4141304,-10.3707344,3,7
1237659330848751701,1316327120623921152,1004,240.236840688,45.41766417,-22.18045,0.042643899,55485563372.350365,1,240.236840688,45.41766417,-22.18045,0.0,11.13443,-1.156233,-12.290663,1,1
1237659330848751703,6792788985535721472,1004,240.22652394,45.423594788,-20.070369,0.041267462,7945982422.370582,2,240.236840688,45.41766417,-22.18045,0.5881025218010268,,,,2,7
1237659330848751807,1316326845746014208,1004,240.192087788,45.44121037,-19.757691,0.043071131,5957669401.423137,3,240.236840688,45.41766417,-22.18045,2.4663592931304397,10.02981,-1.049854,-11.079664,4,8
1237659330848751818,1316327670379735040,1004,240.198611396,45.425825943,-19.288927,0.041719331,3868751190.4447985,4,240.236840688,45.41766417,-22.18045,1.7622028340396996,9.639867,-0.5884725,-10.2283395,3,9
1237665127991279701,2188826991262722048,1005,143.510349862,27.376123299,-22.179799,0.044079609,55452304580.04111,1,143.510349862,27.376123299,-22.179799,0.0,11.19219,-1.349376,-12.541566,1,1
1237665127991279712,2184409153508763648,1005,143.52633642,27.349868643,-21.592278,0.043299363,32278340604.357056,2,143.510349862,27.376123299,-22.179799,1.875387360477244,10.67345,-0.5654247,-11.2388747,3,2
1237665127991279874,2184407229363415040,1005,143.517223568,27.414231951,-20.411994,0.044527959,10884227230.807253,3,143.510349862,27.376123299,-22.179799,2.424946598143993,10.34942,-1.722896,-12.072316,4,6
1237665127991279710,2188830564675512320,1005,143.529287951,27.357703197,-19.458629,0.043527556,4523260499.932038,4,143.510349862,27.376123299,-22.179799,1.5672284615372654,10.74138,-0.3484103,-11.0897903,2,14
1237661137419108367,1793580592013535232,1006,143.503961188,33.990717978,-22.011384,0.028298681,47484689224.54077,1,143.503961188,33.990717978,-22.011384,0.0,10.98776,-1.180053,-12.167813,1,1
1237661137419108491,1793565473728653312,1006,143.547391043,33.935898325,-20.737633,0.029305565,14691062285.016878,2,143.503961188,33.990717978,-22.011384,4.121440272492633,10.36543,-0.004782581,-10.370212581,2,5
1237661382771474612,1793731774862354432,1006,143.476292605,34.061865821,-20.577487,0.027317687,12676366877.920109,3,143.503961188,33.990717978,-22.011384,4.696803946124985,10.12682,-0.1419004,-10.2687204,3,6
1237661382771409253,1793723528525146112,1006,143.393432441,34.031505992,-19.186832,0.029567221,3521541412.8284254,4,143.503961188,33.990717978,-22.011384,6.301372566398969,9.8502,-1.633561,-11.483761,4,10
1237664668424470655,2173039652917766144,1007,129.493287392,25.173890606,-21.9513,0.03050507,44928301444.13228,1,129.493287392,25.173890606,-21.9513,0.0,10.95312,-1.247188,-12.200308,1,1
1237664668424536083,2173038278528231424,1007,129.528077895,25.272602985,-21.904616,0.028988351,43037437002.5002,2,129.493287392,25.173890606,-21.9513,6.509909637115067,10.8795,-1.347188,-12.226688,3,2
1237664092898918748,2173050098278230016,1007,129.495451714,25.04877352,-20.053745,0.028776099,7825246013.993519,3,129.493287392,25.173890606,-21.9513,7.862302665171114,10.13912,-1.744451,-11.883571,4,6
1237664092898918570,2173040202673580032,1007,129.523812185,25.126308481,-19.460485,0.029520076,4530999351.283782,4,129.493287392,25.173890606,-21.9513,3.457196119639846,9.928394,-1.259852,-11.188246,2,8
1237658919069614163,1169965904398673920,1088,196.518505008,55.656053552,-22.722361,0.028187309,91399622077.32391,1,196.518505008,55.656053552,-22.722361,0.0,11.17758,-1.145118,-12.322698,1,1
1237658803114475562,1169956833427744768,1088,196.100011976,55.368154675,-21.849496,0.029495913,40907072454.66474,2,196.518505008,55.656053552,-22.722361,23.428510617640026,10.92507,-1.330829,-12.255899,4,2
1237658919069548563,1169956008794023936,1088,196.028697875,55.702927796,-20.110513,0.028405762,8245276044.187292,3,196.518505008,55.656053552,-22.722361,17.600024808812755,10.03933,-0.3713253,-10.4106553,2,4
1237658803114475756,1169953809770768384,1088,196.070432888,55.443487926,-19.745916,0.028638367,5893406530.414679,4,196.518505008,55.656053552,-22.722361,20.78494500227545,9.738806,-0.09569881,-9.83450481,3,5
1237665550499315738,2391557150674544640,1090,212.768870919,25.697965997,-22.690717,0.032767929,88774206685.99074,1,212.768870919,25.697965997,-22.690717,0.0,11.28895,-1.429073,-12.718023,1,1
1237665532785066002,2391554951651289088,1090,212.738471457,25.497227628,-22.014096,0.031725399,47603446842.552986,2,212.768870919,25.697965997,-22.690717,12.72985068813596,11.05465,0.2784331,-10.7762169,3,2
1237665532785066003,2396008524002912256,1090,212.760547982,25.519343464,-21.194005,0.032204077,22366704496.905342,3,212.768870919,25.697965997,-22.690717,11.233087676341611,10.59295,0.247577,-10.345373,2,3
1237665532785066181,2396004125956401152,1090,212.771384447,25.482765528,-20.280526,0.030153416,9642960771.212711,4,212.768870919,25.697965997,-22.690717,13.522194459385858,9.777858,-0.0973803,-9.8752383,4,5
1237667254552690706,2513139223284967424,1093,184.94850872,30.339083796,-22.74809,0.029104288,93591412115.66995,1,184.94850872,30.339083796,-22.74809,0.0,11.26461,-1.111957,-12.376567,1,1
1237667254552625190,2510918209327097856,1093,184.826348368,30.341964762,-20.930093,0.026894129,17540307389.54503,2,184.94850872,30.339083796,-22.74809,6.626777288009931,10.44055,-1.489981,-11.930531,4,2
1237667254552690963,2510930303955003392,1093,184.97268658,30.268663656,-19.919009,0.028839687,6911997939.411328,3,184.94850872,30.339083796,-22.74809,4.614925640175409,10.14628,-0.6724041,-10.8186841,3,4
1237667254552690986,2510928654687561728,1093,184.996622918,30.359989869,-19.852596,0.028705886,6501871768.75558,4,184.94850872,30.339083796,-22.74809,2.920851733435911,10.10037,-1.663533,-11.763903,2,5
1237663547981103226,2010981827971409920,1104,137.491985214,62.247356283,-22.579103,0.026603897,80101601651.95715,1,137.491985214,62.247356283,-22.579103,0.0,11.26954,0.5665348,-10.7030052,1,1
1237663531337973846,2010982652605130752,1104,137.132885479,62.142639759,-20.739472,0.026716655,14715966821.386152,2,137.491985214,62.247356283,-22.579103,12.41211382750035,10.1913,-0.03420346,-10.22550346,3,4
1237663547981103123,2011003543326058496,1104,137.524591997,62.216679831,-19.813728,0.026400861,6273229845.671922,3,137.491985214,62.247356283,-22.579103,2.150849723892737,9.958279,-0.7010655,-10.6593445,2,7
1237663530801168520,2010997770890012672,1104,137.710224602,61.986232884,-19.725178,0.026668124,5781908305.873616,4,137.491985214,62.247356283,-22.579103,17.615602762581933,9.67236,-0.4167865,-10.0891465,4,8
1237667536938139700,2788883824145098752,1109,161.06221584,22.371182601,-22.553835,0.020457409,78258946994.92456,1,161.06221584,22.371182601,-22.553835,0.0,11.09945,-1.316543,-12.415993,1,1
1237667537475010658,7235258307521998848,1109,161.058193877,22.726295401,-20.442111,0.020665353,11190368805.945898,2,161.06221584,22.371182601,-22.553835,22.31361586392141,,,,4,4
1237667549269721194,2788880250732308480,1109,160.894524861,22.150830004,-19.937328,0.02065741,7029609494.97193,3,161.06221584,22.371182601,-22.553835,16.934316371169288,9.771019,-1.224912,-10.995931,3,5
1237667536938139658,2788895918773004288,1109,161.010248182,22.257539343,-19.813213,0.020684384,6270254954.29289,4,161.06221584,22.371182601,-22.553835,7.753077529937274,9.753099,-0.2635541,-10.0166531,2,6
1237662640121643136,1568546842889709568,1110,242.808799312,26.923399779,-22.585958,0.032133004,80608938095.89757,1,242.808799312,26.923399779,-22.585958,0.0,11.24171,-1.404269,-12.645979,1,1
1237662307274653752,1568527876314130432,1110,242.751024242,26.642865651,-20.893552,0.031406307,16959802870.538284,2,242.808799312,26.923399779,-22.585958,17.921904884068546,10.78799,-0.5292798,-11.3172698,4,6
1237662619189575826,1568548492157151232,1110,242.869668174,26.963414322,-20.169778,0.03213386,8707855226.226221,3,242.808799312,26.923399779,-22.585958,4.236147889244841,10.19451,-1.670186,-11.864696,2,7
1237662640121577756,1568529525581572096,1110,242.537525359,26.923200458,-19.932696,0.032029576,6999683447.529375,4,242.808799312,26.923399779,-22.585958,15.197237413183872,10.01848,-0.6409616,-10.6594416,3,9
1237651538169823297,549487015406626816,1118,154.970076294,63.951515238,-22.49561,0.041487077,74172684921.9791,1,154.970076294,63.951515238,-22.49561,0.0,11.29808,-1.194763,-12.492843,1,1
1237651272431829116,549487840040347648,1118,154.851844399,63.99028405,-20.965196,0.043040503,18116671100.878857,2,154.970076294,63.951515238,-22.49561,4.069500129090284,10.42465,0.3760868,-10.0485632,4,3
1237651538169823387,549484541505464320,1118,154.904398055,63.922444425,-20.792827,0.041175503,15457199064.718563,3,154.970076294,63.951515238,-22.49561,2.5736537258647685,10.54356,-1.200598,-11.744158,3,4
1237651272431829138,549486465650812928,1118,154.940749039,63.966172708,-20.223776,0.042177814,9151881749.248203,4,154.970076294,63.951515238,-22.49561,1.2258025604720777,10.57071,-0.6037821,-11.1744921,2,5
1237651736314773623,608128095060256768,1122,227.882383264,1.763884825,-22.449784,0.040248336,71107203652.63463,1,227.882383264,1.763884825,-22.449784,0.0,11.254,-1.037864,-12.291864,1,1
1237651736314839047,608017044385851392,1122,227.937993472,1.750594711,-20.192056,0.041100286,8888375630.829155,2,227.882383264,1.763884825,-22.449784,3.59089091098114,10.22998,-1.662064,-11.892044,3,3
1237651736314773859,608127820182349824,1122,227.864491953,1.832606807,-19.780701,0.041081674,6085277672.96562,3,227.882383264,1.763884825,-22.449784,4.461722835246921,10.10729,-0.2429245,-10.3502145,4,7
1237651736314773622,608128919693977600,1122,227.862881543,1.76874972,-19.541453,0.039302601,4881813679.4145775,4,227.882383264,1.763884825,-22.449784,1.2623152264398114,10.01624,-1.777259,-11.793499,2,9
1237654880740769908,662162220439857152,1124,223.574315519,4.283899398,-22.365001,0.029450294,65765844308.09536,1,223.574315519,4.283899398,-22.365001,0.0,11.20488,-0.7219027,-11.9267827,1,1
1237651823249522870,662162770195671040,1124,223.563912883,4.51426393,-21.222399,0.028719805,22959350601.09976,2,223.574315519,4.283899398,-22.365001,14.488893935483532,10.42384,-0.1118661,-10.5357061,2,4
1237651823249457410,662156173125904384,1124,223.354938653,4.4210722,-20.297775,0.029257843,9797381063.242533,3,223.574315519,4.283899398,-22.365001,16.22295749684643,10.29853,-0.5955868,-10.8941168,3,6
1237654880740638942,662155898247997440,1124,223.25033106,4.34089772,-19.62,0.029265957,5248074602.497734,4,223.574315519,4.283899398,-22.365001,20.61241322285844,9.927779,-1.03735,-10.965129,4,8
1237671931209318418,1373685618084702208,1131,164.531664118,9.27611185,-22.391123,0.035581196,67367309042.92388,1,164.531664118,9.27611185,-22.391123,0.0,11.16538,-1.347857,-12.513237,1,1
1237671931209318493,1373682044671911936,1131,164.552397671,9.217771869,-21.518348,0.035585866,30153602121.952244,2,164.531664118,9.27611185,-22.391123,3.8845807894594993,10.92274,-1.303351,-12.226090999999998,3,3
1237671931209318579,1373683419061446656,1131,164.529122279,9.319651202,-20.802009,0.035570695,15588473894.14379,3,164.531664118,9.27611185,-22.391123,2.740194622541887,10.54631,-1.787499,-12.333809,2,5
1237671931209318606,1373684518573074432,1131,164.571604015,9.346069104,-20.752369,0.035802446,14891813890.07088,4,164.531664118,9.27611185,-22.391123,5.04514905456061,10.47415,-1.593074,-12.067224,4,6
1237654028714967126,5327805183181910016,1132,164.738457832,1.436935072,-22.19575,0.042704379,56272991101.34545,1,164.738457832,1.436935072,-22.19575,0.0,,,,1,1
1237654028715032625,572013267463989248,1132,164.799726983,1.439402586,-20.532828,0.041199612,12165534649.232048,2,164.738457832,1.436935072,-22.19575,3.851563298136899,10.46452,-1.779081,-12.243601,4,7
1237654028714967239,572017390632593408,1132,164.754269722,1.412400353,-20.124532,0.043049895,8352429142.387389,3,164.738457832,1.436935072,-22.19575,1.8338009431663032,9.801315,-0.03789597,-9.83921097,3,9
1237654028714967128,572012717708175360,1132,164.73470392,1.430538158,-19.327845,0.041383483,4009941159.695767,4,164.738457832,1.436935072,-22.19575,0.4659884994066076,9.474714,-1.00954,-10.484254,2,12
1237665429171798247,2399439275478247424,1133,216.168863812,26.625137076,-22.396722,0.037780669,67715610770.64469,1,216.168863812,26.625137076,-22.396722,0.0,11.06649,-1.222001,-12.288491,1,1
1237665429171798182,2399418384757319680,1133,216.094301966,26.648379525,-20.522461,0.038826559,12049926558.636314,2,216.168863812,26.625137076,-22.396722,4.434974157570146,10.33191,-0.2996753,-10.6315853,4,6
1237665429171798248,2399439000600340480,1133,216.173934039,26.6450207,-19.557989,0.03710545,4956733847.160335,3,216.168863812,26.625137076,-22.396722,1.2813679630704289,9.913015,-1.982687,-11.895702,2,9
1237665429171863665,2399439825234061312,1133,216.235662192,26.608016988,-19.492587,0.038855509,4666967752.105499,4,216.168863812,26.625137076,-22.396722,3.9034229099475906,9.891646,-1.589389,-11.481035,3,10
1237663916268257306,2007571125051090944,1134,125.190658598,56.490952175,-22.293204,0.02959991,61557588764.05367,1,125.190658598,56.490952175,-22.293204,0.0,11.26237,-1.445054,-12.707424,1,1
1237663786883940513,5799699096567214080,1134,125.453926892,56.289914203,-21.32082,0.029587353,25137842450.58056,2,125.190658598,56.490952175,-22.293204,15.60109304690929,,,,4,2
1237663916268257450,2107705023382185984,1134,125.074718617,56.473575757,-20.489909,0.028618172,11694013745.916586,3,125.190658598,56.490952175,-22.293204,4.168120240514992,10.35473,-1.8226,-12.17733,3,4
1237663916268257468,2107704198748465152,1134,125.135812849,56.476782297,-19.842327,0.028172031,6440666324.773811,4,125.190658598,56.490952175,-22.293204,2.1008049662536625,10.08538,-1.428609,-11.513989,2,5
1237665548363956317,2472532879565940736,1142,240.533460708,15.696537741,-22.229194,0.034467571,58033344504.83722,1,240.533460708,15.696537741,-22.229194,0.0,11.06118,-1.086699,-12.147879,1,1
1237665548363956318,2473668675429754880,1142,240.535992085,15.69315915,-21.677449,0.034746368,34912391578.792885,2,240.533460708,15.696537741,-22.229194,0.2617445015965075,10.87581,-1.704853,-12.580663,2,2
1237665548363956244,2473681869569288192,1142,240.481699172,15.706364689,-20.674024,0.035035482,13855097936.685238,3,240.533460708,15.696537741,-22.229194,3.191216544170114,9.861599,0.1998887,-9.6617103,3,4
1237665548363956543,2473680220301846528,1142,240.5047597,15.739943972,-19.366843,0.035009943,4156590110.620896,4,240.533460708,15.696537741,-22.229194,3.232876455160499,9.955337,-0.9556506,-10.9109876,4,11
1237657608573943931,1007796733280806912,1143,128.378213287,41.525452866,-21.937074,0.025326129,44343462356.37554,1,128.378213287,41.525452866,-21.937074,0.0,11.05748,-1.380876,-12.438356,1,1
1237657595152433227,1007797008158713856,1143,128.424893259,41.420808066,-21.218212,0.025772407,22870981363.11978,2,128.378213287,41.525452866,-21.937074,6.932558979183586,10.81014,-1.859661,-12.669801,2,3
1237657595152433341,4287453875785101312,1143,128.488312794,41.405666243,-20.75111,0.02518886,14874555621.04982,3,128.378213287,41.525452866,-21.937074,9.138882179269691,,,,3,5
1237657595689304281,1007786837676156928,1143,128.233248128,41.64495857,-19.349962,0.026094829,4092463361.4675927,4,128.378213287,41.525452866,-21.937074,10.138841167590998,9.773531,-1.6791,-11.452631,4,7
1237651274036871335,543902596016924672,1145,132.437019362,57.156430741,-21.919576,0.041366506,43634539804.293076,1,132.437019362,57.156430741,-21.919576,0.0,11.04696,-1.435547,-12.482507,1,1
1237651274036871311,2008615403651098624,1145,132.481437167,57.121992288,-21.530845,0.042071654,30502680096.358418,2,132.437019362,57.156430741,-21.919576,2.6410832142647576,10.53293,0.3731235,-10.1598065,3,2
1237651274036871310,504507093991057408,1145,132.469982851,57.119684639,-21.177095,0.041331501,22021048833.424816,3,132.437019362,57.156430741,-21.919576,2.567820401914903,10.66639,-1.441152,-12.107542,2,3
1237651274036871362,504494724485244928,1145,132.415166892,57.201419715,-19.375951,0.040443383,4191605485.102107,4,132.437019362,57.156430741,-21.919576,2.923064464098802,9.840331,-0.5005944,-10.3409254,4,9
1237658917459918871,1172146785997580288,1259,199.568348076,53.965205909,-22.489941,0.03348742,73786413275.87631,1,199.568348076,53.965205909,-22.489941,0.0,11.26435,-1.429564,-12.693914,1,1
1237658917459918989,1170957664138586112,1259,199.624881362,54.066411223,-22.102495,0.03315799,51641399109.22804,2,199.568348076,53.965205909,-22.489941,6.69266016017525,11.11133,-1.396486,-12.507816,2,2
1237658802041651318,1172159705259206656,1259,199.51166556,54.242902965,-20.6947,0.034060714,14121472999.923044,3,199.568348076,53.965205909,-22.489941,17.572725513936877,10.27017,-0.1827662,-10.4529362,4,4
1237658802041716895,1171088506022291456,1259,199.743620217,54.118156459,-19.582363,0.033616869,5069267393.798967,4,199.568348076,53.965205909,-22.489941,11.583267172510253,9.718524,-0.3796296,-10.0981536,3,5
1237661951320588304,1806032012901902336,1264,166.923745382,13.025669372,-22.445481,0.036142312,70825948614.7514,1,166.923745382,13.025669372,-22.445481,0.0,11.2579,-0.2202018,-11.4781018,1,1
1237661068181766380,1971465362067187712,1264,166.977918824,13.105653186,-21.275134,0.034355574,24102028741.014812,2,166.923745382,13.025669372,-22.445481,6.020782213916897,10.72469,-1.643192,-12.367882000000002,4,3
1237661068181766366,1971464537433466880,1264,166.92526494,13.104459561,-20.760629,0.035026176,15005539002.45604,3,166.923745382,13.025669372,-22.445481,4.9514071404286515,10.61223,-0.9779546,-11.5901846,2,6
1237661951320588310,1806032837535623168,1264,166.852921576,12.980161369,-19.776791,0.036605876,6063402521.333609,4,166.923745382,13.025669372,-22.445481,5.193824219109246,9.971525,-1.146113,-11.117638,3,8
1237665441523630104,2399387598431741952,1265,214.81910937,26.298597244,-22.487375,0.037432409,73612234339.9267,1,214.81910937,26.298597244,-22.487375,0.0,11.07391,0.5728651,-10.5010449,1,1
1237665441523499143,2394805934149888000,1265,214.599819226,26.385875402,-21.822793,0.036934391,39913259893.95607,2,214.81910937,26.298597244,-22.487375,13.510624654657724,10.81512,-1.070662,-11.885782,3,2
1237665428634402842,2394953543585916928,1265,214.725437612,26.594607044,-21.598984,0.036196461,32478323254.568176,3,214.81910937,26.298597244,-22.487375,19.33096087388559,10.47286,0.04887385,-10.42398615,4,3
1237665441523630105,2399389522577090560,1265,214.840774739,26.304774947,-21.105383,0.037657613,20613569411.345707,4,214.81910937,26.298597244,-22.487375,1.2805906653805967,10.60479,0.6221154,-9.9826746,2,5
1237664131016360006,6015863622814330880,1266,157.113833184,12.704050192,-22.683882,0.033473218,88217104687.93507,1,157.113833184,12.704050192,-22.683882,0.0,,,,1,1
1237661068714508526,1966983197849839616,1266,157.229419112,12.580002503,-20.154131,0.034275802,8583262605.554506,2,157.113833184,12.704050192,-22.683882,10.53403527634304,9.367138,0.07904764,-9.28809036,4,3
1237661068714508360,1966985671751002112,1266,157.225081853,12.629653569,-19.948082,0.034254067,7099582332.777621,3,157.113833184,12.704050192,-22.683882,8.268064346217539,10.20129,0.6850036,-9.5162864,3,4
1237661068714442879,1967005737838209024,1266,157.087172113,12.680918259,-19.945758,0.034953935,7084402049.126132,4,157.113833184,12.704050192,-22.683882,2.1870393072273093,10.45323,-0.1615735,-10.6148035,2,5
1237661137421271080,1795985498955606016,1270,149.12760587,35.91491678,-22.500655,0.042554594,74518138934.36668,1,149.12760587,35.91491678,-22.500655,0.0,11.16936,-1.16599,-12.33535,1,1
1237661382236766371,1797003646706149376,1270,149.050151567,35.880271138,-20.160455,0.04493877,8633402723.959541,2,149.12760587,35.91491678,-22.500655,4.503347361282653,10.00096,0.1185279,-9.8824321,3,5
1237661137421271216,1797003921584056320,1270,149.072707036,35.911645068,-19.683081,0.043352505,5562018127.94692,3,149.12760587,35.91491678,-22.500655,2.801237952029234,10.01007,-1.49993,-11.510000000000002,2,7
1237661137421271240,1795983574810257408,1270,149.07049588,36.000487118,-19.51653,0.044439929,4771028380.821177,4,149.12760587,35.91491678,-22.500655,6.110953768125571,9.876853,-1.933758,-11.810611000000002,4,8
1237667914345676902,2937498220814690304,1272,182.690365592,19.040834897,-22.509253,0.025960967,75110594598.13466,1,182.690365592,19.040834897,-22.509253,0.0,11.15215,-1.264095,-12.416245,1,1
1237667914345742360,2937489149843761152,1272,182.841536889,19.088467045,-21.311225,0.026390935,24916669978.40506,2,182.690365592,19.040834897,-22.509253,9.463113564214533,10.62247,-1.368346,-11.990816,3,2
1237668297129328675,2937510865198409728,1272,182.560934395,19.193729455,-20.868216,0.02670856,16568622382.597113,3,182.690365592,19.040834897,-22.509253,12.301625235718642,10.39448,-1.214227,-11.608707,4,3
1237667914345611509,2937500419837945856,1272,182.652830332,19.016171264,-19.829287,0.027712574,6363774763.081279,4,182.690365592,19.040834897,-22.509253,2.7151964707127823,9.766333,-0.3327379,-10.0990709,2,5
1237668496310665265,2916255101360302080,1274,156.728308174,16.123367449,-22.343845,0.034684752,64496775093.8156,1,156.728308174,16.123367449,-22.343845,0.0,11.13548,-1.28531,-12.42079,1,1
1237668496310730776,2918441205404559360,1274,156.811385447,16.049198557,-22.163288,0.034916947,54615410217.889435,2,156.728308174,16.123367449,-22.343845,6.846354950758339,11.0124,-1.211543,-12.223943,4,2
1237668496310665312,2918441480282466304,1274,156.771050707,16.071538159,-21.168146,0.034804368,21840289963.53178,3,156.728308174,16.123367449,-22.343845,4.154865661881732,10.5521,-1.2763,-11.828399999999998,3,4
1237668496310665432,2918439556137117696,1274,156.755237833,16.087902067,-19.835838,0.034541702,6402287903.956999,4,156.728308174,16.123367449,-22.343845,2.758304720774994,9.923389,-1.942007,-11.865396,2,7
1237662224066347141,2373522131339208704,1275,181.638484921,39.237665409,-22.576068,0.037421016,79878003238.93848,1,181.638484921,39.237665409,-22.576068,0.0,11.20993,0.454054,-10.755876,1,1
1237664667370651768,2373533951089207296,1275,181.429242132,39.066661646,-21.377503,0.03853249,26485074566.931465,2,181.638484921,39.237665409,-22.576068,14.81168714428411,10.90763,-0.6521034,-11.5597334,4,3
1237662224066347142,2373542197426415616,1275,181.649249621,39.254294431,-20.747332,0.037623756,14822887073.569674,3,181.638484921,39.237665409,-22.576068,1.168778829532794,10.65743,-1.031988,-11.689418,2,4
1237664667907588102,2373519657438046208,1275,181.578395142,39.416525996,-20.242351,0.037782764,9309801045.105017,4,181.638484921,39.237665409,-22.576068,11.61143349256376,10.27267,-1.773185,-12.045855,3,6
1237665128011464753,2356600653175875584,1278,197.148470534,33.975830815,-22.451772,0.034661652,71237521326.92705,1,197.148470534,33.975830815,-22.451772,0.0,11.326,-1.547081,-12.873081,1,1
1237665128011399283,2356597354640992256,1278,197.017351588,34.007592267,-21.753609,0.033963241,37449291005.6954,2,197.148470534,33.975830815,-22.451772,7.116198743206793,10.86693,-1.4503,-12.31723,4,4
1237665128011464838,2356597629518899200,1278,197.112143098,34.071790241,-20.127875,0.035286928,8378186044.541973,3,197.148470534,33.975830815,-22.451772,6.319124307093723,10.45037,-1.881514,-12.331884,3,5
1237665024372572310,2356599828542154752,1278,197.055676479,33.956344341,-20.049856,0.035150741,7797266893.70923,4,197.148470534,33.975830815,-22.451772,4.9881662144999135,10.11136,-1.085769,-11.197129,2,6
1237660636533030975,1611268370005518336,1282,158.785847676,45.084646356,-22.286201,0.025796454,61161819959.3988,1,158.785847676,45.084646356,-22.286201,0.0,11.0163,-1.444775,-12.461075,1,1
1237661358610186319,1609057526966413312,1282,158.722356097,45.269260381,-22.195332,0.025715958,56251330606.979065,2,158.785847676,45.084646356,-22.286201,11.93564960373781,11.05743,-1.511877,-12.569307,3,2
1237660635996160210,1609069896472225792,1282,158.830701195,44.837550084,-20.642155,0.025132465,13454327657.916594,3,158.785847676,45.084646356,-22.286201,15.653058638469773,9.703765,-2.461884,-12.165649,4,6
1237660636533031076,1609057801844320256,1282,158.642627568,45.151958717,-19.923862,0.026073176,6942962187.105278,4,158.785847676,45.084646356,-22.286201,7.629503465679995,9.73709,-0.3446209,-10.0817109,2,8
1237667431717666856,2497405486584850432,1283,172.925069339,28.153591736,-22.370928,0.024012382,66125839704.0402,1,172.925069339,28.153591736,-22.370928,0.0,11.0718,-0.9522639,-12.0240639,1,1
1237667209987948561,2496125379803113472,1283,172.973350024,28.358482636,-21.563175,0.024556361,31424617488.14257,2,172.925069339,28.153591736,-22.370928,13.148062428656326,10.81333,0.5729307,-10.2403993,4,2
1237667431717732380,2498462941892864000,1283,173.08981393,28.048258023,-21.486612,0.024251789,29284971114.915276,3,172.925069339,28.153591736,-22.370928,11.277285216007751,10.78363,-1.067444,-11.851074,3,3
1237667209987883063,2497404112195315712,1283,172.835181331,28.201232018,-20.626326,0.02413602,13259599298.334436,4,172.925069339,28.153591736,-22.370928,5.80908819223583,10.24852,0.01570805,-10.23281195,2,4
1237664289399373970,1998507858437629952,1286,203.409199517,13.236010895,-22.212151,0.044118809,57129496959.72112,1,203.409199517,13.236010895,-22.212151,0.0,11.15578,-1.456773,-12.612553,1,1
1237664289399439496,6116144031220822016,1286,203.467097771,13.273329616,-21.256433,0.044441006,23690443987.415455,2,203.409199517,13.236010895,-22.212151,4.2469274874177225,,,,3,4
1237664289399374060,1998531772815534080,1286,203.340023124,13.268163926,-20.027176,0.043249685,7636078775.078995,3,203.409199517,13.236010895,-22.212151,4.688335724879507,9.888868,-0.02568625,-9.91455425,4,8
1237664289399439485,1998510332338792448,1286,203.433371221,13.245187968,-19.590553,0.044051079,5107650826.460434,4,203.409199517,13.236010895,-22.212151,1.586848625392586,9.802057,-1.354077,-11.156134,2,10
1237662198284025951,1935458563652610048,1289,228.649665225,8.333943857,-22.072329,0.033975992,50226347839.18454,1,228.649665225,8.333943857,-22.072329,0.0,11.03279,-1.21698,-12.24977,1,1
1237662264859557988,1935459113408423936,1289,228.584935616,8.288712851,-21.486415,0.033442021,29279658023.273808,2,228.649665225,8.333943857,-22.072329,4.926681031818765,10.84774,-1.538162,-12.385902,2,3
1237662264859623727,1935447018780518400,1289,228.779268328,8.223513518,-19.617743,0.033973703,5237176373.799194,3,228.649665225,8.333943857,-22.072329,10.633921415125798,9.539905,-0.3285045,-9.8684095,3,7
1237662198284157109,1935445919268890624,1289,228.841683757,8.357584515,-19.371262,0.034788451,4173542112.09036,4,228.649665225,8.333943857,-22.072329,12.029176457940997,9.895721,-1.199932,-11.095653,4,9
1237661356464865320,1616811284039231488,1295,166.15398475,45.125195655,-22.261973,0.022391752,59812120556.663666,1,166.15398475,45.125195655,-22.261973,0.0,10.79469,0.4028517,-10.3918383,1,1
1237661356464799823,1616819805254346752,1295,165.910120116,45.179964457,-21.153627,0.021252982,21550174938.680084,2,166.15398475,45.125195655,-22.261973,11.340444697106626,10.49059,-1.896235,-12.386824999999998,3,2
1237661356464865319,1616809909649696768,1295,166.114257009,45.128559731,-20.610939,0.022764189,13073010199.06912,3,166.15398475,45.125195655,-22.261973,1.773783028414898,10.34073,-1.61124,-11.95197,2,3
1237661356464799824,1616818430864812032,1295,165.891936741,45.170416202,-19.446579,0.022519096,4473336823.945763,4,166.15398475,45.125195655,-22.261973,11.954954330489018,9.522102,-0.4749999,-9.9971019,4,5
1237661139030900754,1794840082599929856,1296,145.82979462,36.247814537,-22.125551,0.023164646,52749749308.01787,1,145.82979462,36.247814537,-22.125551,0.0,10.96291,-1.418336,-12.381246,1,1
1237661139030835274,1795908533141661696,1296,145.725406618,36.213984454,-20.697737,0.023149073,14161028603.295277,2,145.82979462,36.247814537,-22.125551,5.701705464464734,10.48853,-2.028612,-12.517142,4,4
1237661139030900758,1795904135095150592,1296,145.860483265,36.237364262,-19.904809,0.022615915,6822186693.812271,3,145.82979462,36.247814537,-22.125551,1.6880875894270893,9.908285,-0.6338871,-10.5421721,3,5
1237661139030900756,1794840357477836800,1296,145.81401352,36.231429329,-19.335664,0.024253314,4038923245.083156,4,145.82979462,36.247814537,-22.125551,1.3036420507936173,9.896727,-1.81664,-11.713367,2,6
1237659325492559961,1319567931247454208,1297,246.842087052,39.109640608,-22.087944,0.033109677,50953919896.53957,1,246.842087052,39.109640608,-22.087944,0.0,10.96657,0.7965803,-10.1699897,1,1
1237659329778483267,1319577551974197248,1297,246.622284586,39.082206146,-21.126857,0.032968283,21025328986.766083,2,246.842087052,39.109640608,-22.087944,10.856006452727229,10.70275,-1.309271,-12.012021,4,2
1237659325492560003,1320769148220893184,1297,246.892985348,39.101128257,-19.935052,0.034550203,7014888945.631692,3,246.842087052,39.109640608,-22.087944,2.5386148639797623,9.673607,0.1979575,-9.4756495,2,3
1237659325492560241,1320768873342986240,1297,246.927256927,39.104200112,-19.573232,0.033799108,5026813815.400659,4,246.842087052,39.109640608,-22.087944,4.166558524178765,10.07402,-1.562306,-11.636326,3,4
1237662698108878945,2080669969921632256,1298,234.063240099,27.304522918,-21.99266,0.033161981,46672815484.93473,1,234.063240099,27.304522918,-21.99266,0.0,11.08843,-1.351453,-12.439883,1,1
1237662698108878900,2080684263572793344,1298,233.972483816,27.247331358,-21.042374,0.032632192,19451343351.22819,2,234.063240099,27.304522918,-21.99266,6.212964171504465,10.59469,-1.447762,-12.042452,2,3
1237662698108813692,2080684813328607232,1298,233.924486109,27.375282961,-20.75083,0.032561817,14870720123.474173,3,234.063240099,27.304522918,-21.99266,8.929804162756692,10.4352,-1.015779,-11.450979,4,6
1237662698108879110,2080682614305351680,1298,233.933382944,27.23040108,-20.039933,0.032859284,7726329050.039149,4,234.063240099,27.304522918,-21.99266,8.619069261756891,10.09068,-1.137362,-11.228042,3,8
1237648705115848765,326605563548952576,1300,187.784877284,0.613706212,-21.891383,0.024226106,42516078475.95289,1,187.784877284,0.613706212,-21.891383,0.0,10.93675,-1.602385,-12.539135,1,1
1237648705115848766,325550033208371200,1300,187.796026413,0.606226463,-20.644623,0.024230105,13484945637.483694,2,187.784877284,0.613706212,-21.891383,0.8435293508383825,10.38304,-2.09808,-12.48112,2,2
1237648722307842148,325554156376975360,1300,187.697930949,0.63580067,-19.132313,0.025133229,3349077519.010755,3,187.784877284,0.613706212,-21.891383,5.636311886232576,9.86115,-2.168485,-12.029635,4,3
1237648705115848927,325547834185115648,1300,187.748080952,0.54209696,-19.015972,0.024934303,3008768682.6509347,4,187.784877284,0.613706212,-21.891383,5.058536692559884,9.747048,-1.811003,-11.558051,3,5
1237661849862340733,7454674649474592768,1301,196.260621985,43.553466008,-21.808776,0.037837776,39401286291.247795,1,196.260621985,43.553466008,-21.808776,0.0,,,,1,1
1237661849862340734,1547012912005015552,1301,196.24271228,43.552301526,-21.665681,0.036703444,34536028974.02383,2,196.260621985,43.553466008,-21.808776,0.8188239158257752,10.6624,-1.326014,-11.988414,2,2
1237661849862340735,1547012087371294720,1301,196.238097247,43.534809504,-20.408943,0.038802124,10853684671.169249,3,196.260621985,43.553466008,-21.808776,1.5577148019113662,10.37209,-1.808883,-12.180973,4,6
1237661849862340742,7454687843614126080,1301,196.237959153,43.539350386,-20.379698,0.040356661,10565235938.932432,4,196.260621985,43.553466008,-21.808776,1.3608243321761322,,,,3,7
1237659132751642708,1184600674998970368,1302,234.305274385,43.29832612,-21.83615,0.019378738,40407315628.65084,1,234.305274385,43.29832612,-21.83615,0.0,10.61965,-1.45357,-12.07322,1,1
1237659132751577262,1184585556714088448,1302,234.175673727,43.539317152,-21.712569,0.01881271,36060155900.88337,2,234.305274385,43.29832612,-21.83615,16.256105173133275,10.85049,-1.60394,-12.45443,4,2
1237659132751577202,1184587755737344000,1302,234.146353802,43.424879314,-20.484463,0.019641603,11635504005.367744,3,234.305274385,43.29832612,-21.83615,10.767071408334973,9.795503,0.1045248,-9.6909782,3,4
1237659132751642639,1184599575487342592,1302,234.312961805,43.449542739,-18.997045,0.019492948,2956773110.5337577,4,234.305274385,43.29832612,-21.83615,9.507705185434084,9.338893,-0.2413158,-9.5802088,2,6
1237668336860856428,2841903382904465408,1404,241.349357041,14.647671896,-22.838026,0.041074896,101674114795.81628,1,241.349357041,14.647671896,-22.838026,0.0,11.32592,-1.176213,-12.502133,1,1
1237665566618616242,2841898709980047360,1404,241.420092842,14.799626414,-21.642761,0.040844785,33814611334.135338,2,241.349357041,14.647671896,-22.838026,10.470606771683547,10.77011,-0.2126273,-10.9827373,4,2
1237665566618616105,2841900359247489024,1404,241.335736504,14.739317971,-20.271845,0.041913771,9566167919.92589,3,241.349357041,14.647671896,-22.838026,5.817492067451293,10.47867,0.08357438,-10.39509562,2,4
1237665566618681710,2841907780950976512,1404,241.468600171,14.708274024,-20.134957,0.04243398,8433013586.049414,4,241.349357041,14.647671896,-22.838026,8.187118549394146,9.913556,-0.307437,-10.220993,3,5
1237662224596926539,2259722677881169920,1436,163.246073053,37.613414452,-22.609796,0.043047839,82398328147.12923,1,163.246073053,37.613414452,-22.609796,0.0,11.11279,-0.8839723,-11.9967623,1,1
1237664668438102203,2259721303491635200,1436,163.214740713,37.739731198,-21.767791,0.042457942,37941666294.44704,2,163.246073053,37.613414452,-22.609796,8.088218295170398,10.57306,0.4342745,-10.1387855,4,2
1237662224596926575,2259723777392797696,1436,163.275542328,37.526147647,-20.067725,0.042153071,7926655796.562593,3,163.246073053,37.613414452,-22.609796,5.676146367731063,10.10774,-1.174864,-11.282604,3,4
1237662224596926532,2353287818685474816,1436,163.226362008,37.621830038,-19.646193,0.042477202,5376222077.85268,4,163.246073053,37.613414452,-22.609796,1.1144336822364234,9.655488,-0.2013512,-9.8568392,2,6
1237662263778672703,2037969879625132032,1437,212.127917264,8.931924489,-22.609713,0.024543591,82392029379.70836,1,212.127917264,8.931924489,-22.609713,0.0,11.22923,-1.124247,-12.353477,1,1
1237662263778803812,2036775260207998976,1437,212.3412585,8.906612491,-20.993919,0.024298647,18602340949.65751,2,212.127917264,8.931924489,-22.609713,13.33769311846843,10.4944,-1.343724,-11.838124,4,3
1237662263778672812,2037967680601876480,1437,212.140737291,9.037956809,-20.781832,0.025321056,15301457487.17558,3,212.127917264,8.931924489,-22.609713,6.7095468057687135,10.50504,-1.650982,-12.156022,3,4
1237662237478158404,2036779383376603136,1437,212.189871755,8.861872812,-20.487442,0.024587502,11667472877.862036,4,212.127917264,8.931924489,-22.609713,5.844979225087721,10.19642,-1.213026,-11.409446,2,5
1237661386013147354,1899545754775611392,1443,256.652143833,24.77505318,-22.528453,0.038697714,76450653128.14917,1,256.652143833,24.77505318,-22.528453,0.0,11.28001,-1.088966,-12.368976,1,1
1237661386013147302,1900643620524943360,1443,256.630658666,24.810839934,-20.498589,0.037749843,11787877120.025696,2,256.652143833,24.77505318,-22.528453,2.5608364908365404,10.40627,-1.730559,-12.136829,3,5
1237661386013147356,1900664236367964160,1443,256.648247694,24.782254575,-19.773585,0.039507933,6045524701.5194025,3,256.652143833,24.77505318,-22.528453,0.5041195885622126,10.20143,-1.916692,-12.118122,2,7
1237661386013147569,1900641421501687808,1443,256.579944102,24.823760652,-19.685359,0.037021504,5573700135.412007,4,256.652143833,24.77505318,-22.528453,5.130758119851153,10.06806,-0.9983137,-11.0663737,4,8
1237665548350128144,2381303925924980736,1447,208.155995916,24.74884943,-22.480604,0.031056672,73154593264.39613,1,208.155995916,24.74884943,-22.480604,0.0,11.26667,-1.376618,-12.643288,1,1
1237665548350193740,2381278912035448832,1447,208.388307621,24.875232568,-21.702781,0.031125553,35736531610.34551,2,208.155995916,24.74884943,-22.480604,15.44660581879713,10.95376,-1.438188,-12.391948,2,2
1237665531172683959,2381297328855214080,1447,208.171328452,25.017281138,-20.381046,0.030234681,10578361394.922567,3,208.155995916,24.74884943,-22.480604,16.888688656931144,10.28839,-1.369563,-11.657953,3,4
1237667448886526055,3133526851201296384,1447,208.09539299,24.467729891,-19.956358,0.030400733,7153905516.33379,4,208.155995916,24.74884943,-22.480604,17.999330522996477,9.650401,-0.1934522,-9.8438532,4,6
1237662195056640025,1618002879631616000,1451,164.379877223,40.946150171,-22.519985,0.025911751,75856709496.50807,1,164.379877223,40.946150171,-22.519985,0.0,11.24999,-1.410242,-12.660232,1,1
1237661967423373381,1615814300897667072,1451,164.497128524,40.827954067,-20.97436,0.024835991,18270229384.665623,2,164.379877223,40.946150171,-22.519985,9.282912306279265,10.55181,-1.491903,-12.043713,3,2
1237661967423111358,1615792310665111552,1451,163.778976819,40.567018874,-20.441654,0.025622773,11185659630.36551,3,164.379877223,40.946150171,-22.519985,37.220780701121576,10.26895,-0.4538052,-10.7227552,4,3
1237662195056640151,1618005353532778496,1451,164.344117688,40.931540706,-19.830592,0.028144692,6371428297.11646,4,164.379877223,40.946150171,-22.519985,1.9296064145837597,10.00999,-0.7116203,-10.7216103,2,4
1237664817674059896,2265447560367859712,1455,175.145443831,36.128277439,-22.465751,0.039787608,72160643929.16402,1,175.145443831,36.128277439,-22.465751,0.0,11.19794,-0.06710563,-11.26504563,1,1
1237664817674190926,2265457455972509696,1455,175.446315079,36.258977912,-21.092989,0.03940583,20379597388.49321,2,175.145443831,36.128277439,-22.465751,17.326063381710963,10.60916,-1.697918,-12.307078,3,2
1237664817673994368,2265438489396930560,1455,174.880343502,36.155314464,-20.854278,0.039620861,16357284222.4133,3,175.145443831,36.128277439,-22.465751,13.558160931252068,10.5875,-1.327493,-11.914993,2,3
1237664817674256458,2265458280606230528,1455,175.544157202,36.095435995,-19.665067,0.039517179,5470497198.970092,4,175.145443831,36.128277439,-22.465751,20.343534513811026,9.521481,-0.1306733,-9.6521543,4,8
1237658800968761369,1173274884944455680,1459,202.317549879,53.081983245,-22.539903,0.029568672,77261155666.27385,1,202.317549879,53.081983245,-22.539903,0.0,11.20826,-0.4189424,-11.6272024,1,1
1237658800968761371,1172076692131309568,1459,202.324631754,53.078520579,-20.941231,0.030526416,17721170334.417625,2,202.317549879,53.081983245,-22.539903,0.344642997216002,8.14252,-0.2509695,-8.3934895,2,2
1237658916923768882,7607823425923117056,1459,202.06550314,53.241669328,-20.18381,0.03022285,8821125481.306486,3,202.317549879,53.081983245,-22.539903,13.81382072985656,,,,4,3
1237658916923834489,1172089611392935936,1459,202.324169581,53.251701234,-20.149276,0.029466734,8544967199.738357,4,202.317549879,53.081983245,-22.539903,10.666610468938952,9.733941,-0.1385715,-9.8725125,3,5
1237659161201803392,1187991298930403328,1460,241.923523695,38.930749236,-22.453211,0.038594516,71331999852.21056,1,241.923523695,38.930749236,-22.453211,0.0,11.20485,-1.192052,-12.396902,1,1
1237659161201803476,1187993772831565824,1460,241.985742906,38.970960799,-20.977863,0.039474001,18329271322.84595,2,241.923523695,38.930749236,-22.453211,3.95305189374266,10.58618,-1.453482,-12.039662,4,3
1237659161201803332,1504281211789404160,1460,241.915350729,38.960764943,-20.934086,0.039168009,17604933948.86745,3,241.923523695,38.930749236,-22.453211,1.9277680542823,10.53209,-1.503538,-12.035628,2,4
1237659161201803605,1187993497953658880,1460,241.977751606,38.945906991,-19.816161,0.036729382,6287303137.059359,4,241.923523695,38.930749236,-22.453211,2.816160847355534,10.02751,-1.311604,-11.339114,3,7
1237651272425734156,504473009130596352,1464,132.595033749,55.378726615,-22.45134,0.031202492,71209182502.55484,1,132.595033749,55.378726615,-22.45134,0.0,11.21834,-1.338994,-12.557334,1,1
1237651272425668786,502318790957099008,1464,132.531642769,55.369809059,-20.276153,0.032054905,9604200103.403378,2,132.595033749,55.378726615,-22.45134,2.331505797011715,10.32467,-1.671221,-11.995891,3,3
1237651272425734160,5803100973749170176,1464,132.606194798,55.389522633,-20.179464,0.032016901,8785886731.520197,3,132.595033749,55.378726615,-22.45134,0.7866616225172399,,,,2,4
1237651272425668776,504469985473619968,1464,132.475965064,55.378017807,-19.939891,0.030484936,7046223264.712732,4,132.595033749,55.378726615,-22.45134,4.2507699226602345,10.12949,-1.617665,-11.747155,4,5
1237655742946672691,2063828206955292672,1466,228.484486538,4.710968681,-22.400228,0.042267647,67934627747.74223,1,228.484486538,4.710968681,-22.400228,0.0,11.16993,-0.3563345,-11.5262645,1,1
1237655742946672967,5377570179033788416,1466,228.490375786,4.762014131,-20.849288,0.042658354,16282279292.79256,2,228.484486538,4.710968681,-22.400228,3.2284108665823035,,,,3,4
1237655742946672966,5376327731833925632,1466,228.490087272,4.756465151,-20.75949,0.042867826,14989805579.274769,3,228.484486538,4.710968681,-22.400228,2.8800598401199498,,,,2,5
1237655742946673042,5377569629277974528,1466,228.553163583,4.757647059,-19.919336,0.041757085,6914079995.545578,4,228.484486538,4.710968681,-22.400228,5.205298728793278,,,,4,7
1237667911124582472,2811419141200701440,1472,171.206903802,23.945220563,-22.467537,0.024677344,72279443475.86989,1,171.206903802,23.945220563,-22.467537,0.0,11.04241,-0.7798172,-11.8222272,1,1
1237667911124582565,2811416392421632000,1472,171.179133415,24.000853377,-20.692301,0.024091043,14090305195.04662,2,171.206903802,23.945220563,-22.467537,3.8419464237481113,10.26445,-1.439016,-11.703466,2,3
1237667549810720966,2811424913636747264,1472,170.995202513,23.849071597,-20.416961,0.024131896,10934134202.574198,3,171.206903802,23.945220563,-22.467537,13.57914988085296,9.997216,-0.4970018,-10.4942178,3,4
1237667911124516982,2811418316566980608,1472,171.017948598,24.096539216,-20.40778,0.02547257,10842064834.715322,4,171.206903802,23.945220563,-22.467537,14.421930257920176,10.06725,-0.6672506,-10.7345006,4,5
1237655469135692130,608150909926533120,1475,228.252441688,2.026144251,-22.132206,0.038736281,53074070867.54829,1,228.252441688,2.026144251,-22.132206,0.0,10.69678,-9999.0,-10009.69678,1,1
1237655469135692013,608148436025370624,1475,228.164791975,1.932062783,-22.046439,0.039092684,49042838689.56033,2,228.252441688,2.026144251,-22.132206,8.076919348982667,10.68757,-0.6479758,-11.335545799999998,3,2
1237655469135626467,608135241885837312,1475,228.074952205,2.032539023,-21.674264,0.039557663,34810126378.7035,3,228.252441688,2.026144251,-22.132206,11.15223917709118,10.50921,-9999.0,-10009.50921,4,3
1237655469135692305,608150635048626176,1475,228.290843424,1.984873299,-19.173352,0.038130091,3478089873.993714,4,228.252441688,2.026144251,-22.132206,3.5410522318794433,9.585199,-9999.0,-10008.585199,2,11
1237665127453753361,2582902972883167232,1480,142.026018402,26.383147468,-22.133391,0.044376338,53132028875.74179,1,142.026018402,26.383147468,-22.133391,0.0,11.09848,-1.248963,-12.347443,1,1
1237665127453753414,2184257970659944448,1480,142.056869123,26.403461213,-21.880401,0.044000148,42088204600.48185,2,142.026018402,26.383147468,-22.133391,2.1549942861365095,10.83371,-1.084408,-11.918118,4,2
1237665127453753512,2184273363822733312,1480,142.045854123,26.361149427,-20.206447,0.044752808,9006971737.57836,3,142.026018402,26.383147468,-22.133391,1.776859391732345,10.32298,-0.7429004,-11.0658804,3,4
1237665127453753406,2582902698005260288,1480,142.042079636,26.406113729,-20.146107,0.044595095,8520062880.579053,4,142.026018402,26.383147468,-22.133391,1.7027689359833909,10.23115,-1.507016,-11.738166,2,5
1237667448340480021,2992733012505946112,1482,184.993238067,25.771719418,-22.109868,0.023504648,51993278108.67648,1,184.993238067,25.771719418,-22.109868,0.0,11.04236,-1.347217,-12.389577,1,1
1237667912203829259,2991677206465374208,1482,184.891615739,25.585906827,-20.298523,0.023983841,9804133132.471766,2,184.993238067,25.771719418,-22.109868,13.016095875847135,10.1983,-1.743273,-11.941573,3,4
1237667912740634801,2991684628168861696,1482,184.813859246,25.930242033,-19.737901,0.023415268,5850061072.74858,3,184.993238067,25.771719418,-22.109868,14.215639286100089,10.29466,-0.1437924,-10.4384524,4,6
1237667912203894825,2991676656709560320,1482,185.089093059,25.599480129,-19.580971,0.023738201,5062772355.070076,4,184.993238067,25.771719418,-22.109868,12.106903421857025,9.939545,-1.940937,-11.880482,2,7
1237661874014584882,1543756154167912448,1483,186.328996458,45.847464142,-22.194522,0.02496148,56209380651.04362,1,186.328996458,45.847464142,-22.194522,0.0,11.05524,-1.14459,-12.19983,1,1
1237661874014650453,1543766599528376320,1483,186.44688403,45.909557501,-20.615641,0.024244055,13129748280.23036,2,186.328996458,45.847464142,-22.194522,6.466269483860303,10.08049,-0.3330387,-10.4135287,3,2
1237661852006678622,1543743509784193024,1483,186.362320629,45.760949802,-20.476021,0.024828749,11545384474.588308,3,186.328996458,45.847464142,-22.194522,5.628414051956896,10.38556,-1.731933,-12.117493,2,3
1237661874014584855,1543755329534191616,1483,186.296325232,45.97599037,-20.034874,0.023624116,7690411876.559734,4,186.328996458,45.847464142,-22.194522,8.200871721412483,9.559867,0.01986151,-9.54000549,4,5
1237658205595107386,1450302886977234944,1484,218.316102176,45.781066448,-22.098411,0.036633645,51447514708.12899,1,218.316102176,45.781066448,-22.098411,0.0,11.0971,-1.559241,-12.656341,1,1
1237658205595107573,1450306460390025216,1484,218.332705789,45.730071659,-20.483245,0.037436912,11622458389.360016,2,218.316102176,45.781066448,-22.098411,3.2857355318358064,10.15869,-0.8615568,-11.0202468,3,4
1237658205595041980,1450303161855141888,1484,218.173205966,45.833060917,-20.318052,0.035565781,9982074342.640987,3,218.316102176,45.781066448,-22.098411,7.059990056097256,10.24946,-0.5449919,-10.7944519,4,5
1237658205595107580,1884837041397590016,1484,218.348861999,45.755780173,-19.905395,0.036299942,6825869798.822258,4,218.316102176,45.781066448,-22.098411,2.141457655140117,10.12307,-1.709641,-11.832711,2,6
1237662306190229574,1554913452907063296,1485,216.850975396,37.471417026,-22.197589,0.032892879,56368386024.21094,1,216.850975396,37.471417026,-22.197589,0.0,11.15739,-1.402358,-12.559748,1,1
1237662194000461972,1554914277540784128,1485,216.812120314,37.448212346,-20.384088,0.031326856,10608041253.812103,2,216.850975396,37.471417026,-22.197589,2.4251062303398516,10.23961,-1.519345,-11.758955,2,3
1237662306190295221,1554911528761714688,1485,216.967659055,37.494538843,-19.633852,0.033907713,5315459334.945788,3,216.850975396,37.471417026,-22.197589,5.996405042625558,9.904114,-0.5441261,-10.4482401,4,7
1237662306190295191,1554916201686132736,1485,216.896708714,37.44196611,-19.587132,0.033576226,5091582674.368432,4,216.850975396,37.471417026,-22.197589,2.93722349115906,9.920089,-0.5319679,-10.4520569,3,8
1237674602676289621,596829239198640128,1486,206.929719978,3.411506865,-22.182579,0.024431627,55594470727.46392,1,206.929719978,3.411506865,-22.182579,0.0,11.02004,-0.8653204,-11.8853604,1,1
1237674602676289706,596839684559104000,1486,206.990478479,3.449642361,-20.846673,0.024292031,16243110545.844791,2,206.929719978,3.411506865,-22.182579,4.501450772071579,10.54114,0.08683691,-10.45430309,2,3
1237674602676289826,596830613588174848,1486,206.910188625,3.334138371,-20.424446,0.023084556,11009773893.349432,3,206.929719978,3.411506865,-22.182579,5.013193327690429,10.0505,-0.822222,-10.872722,3,6
1237664814452244710,961534503174563840,1486,206.779714815,3.622328533,-19.373383,0.023571183,4181703150.4201097,4,206.929719978,3.411506865,-22.182579,16.24694021267803,9.472246,-0.5631511,-10.0353971,4,8
1237654670812774584,307497426116175872,1488,157.896515761,0.475364134,-22.182291,0.029871742,55579725816.00366,1,157.896515761,0.475364134,-22.182291,0.0,10.96487,-0.03628134,-11.00115134,1,1
1237648721757929562,307498250749896704,1488,157.940530751,0.38793755,-20.71266,0.029572965,14357009904.818836,2,157.896515761,0.475364134,-22.182291,6.150021001541413,9.794154,0.1779819,-9.6161721,2,2
1237651801774358588,307486430999898112,1488,157.77169161,0.540808106,-19.93811,0.03007542,7034674385.260537,3,157.896515761,0.475364134,-22.182291,8.855225268794733,9.848377,-0.4047407,-10.2531177,3,3
1237648721757929485,307501824162686976,1488,157.839920095,0.231124996,-19.216977,0.029699851,3620685476.9394026,4,157.896515761,0.475364134,-22.182291,15.752598348885288,9.698714,-1.338142,-11.036856,4,5
1237657606426722319,933478813432571904,1490,130.421706069,40.657446961,-22.052035,0.031444141,49296263229.37919,1,130.421706069,40.657446961,-22.052035,0.0,11.0163,-1.232092,-12.248392,1,1
1237657606426722476,933477988798851072,1490,130.514623183,40.687530409,-21.062457,0.030659067,19814485500.4414,2,130.421706069,40.657446961,-22.052035,4.814502826628289,10.49283,-1.34377,-11.8366,2,2
1237657606426787999,933481012455827456,1490,130.583302795,40.755382244,-19.973396,0.03079122,7267054211.518635,3,130.421706069,40.657446961,-22.052035,9.85431226958484,9.829203,-0.02669158,-9.85589458,3,4
1237657606426591432,933465619293038592,1490,130.23830226,40.531731705,-19.816672,0.031075041,6290262942.63642,4,130.421706069,40.657446961,-22.052035,11.788116407399354,9.966885,-0.2464425,-10.2133275,4,6
1237665372258828375,2440957935178770432,1492,237.778811666,20.20251018,-22.102911,0.037826579,51661189310.59945,1,237.778811666,20.20251018,-22.102911,0.0,11.04306,1.061015,-9.982045,1,1
1237665372258828633,2440959584446212096,1492,237.797727057,20.222365759,-20.734048,0.037801233,14642633760.519798,2,237.778811666,20.20251018,-22.102911,1.673411527722245,10.52992,-1.836472,-12.366392,2,4
1237665372258828656,2440959859324119040,1492,237.81206213,20.204551645,-20.397097,0.037963681,10735908464.508535,3,237.778811666,20.20251018,-22.102911,1.964835469929354,10.23598,-0.7293831,-10.9653631,3,5
1237665372258828586,2440961233713653760,1492,237.774106534,20.237543561,-19.734788,0.03686154,5833311923.617117,4,237.778811666,20.20251018,-22.102911,2.218624200472385,10.04991,-1.921201,-11.971111,4,9
1237655123940606085,955904454991833088,1494,196.225901131,3.824464759,-21.86002,0.042053709,41305511067.64067,1,196.225901131,3.824464759,-21.86002,0.0,10.80571,0.7882013,-10.0175087,1,1
1237654879118229530,955914075718576128,1494,196.152004574,3.859302644,-20.949383,0.041748277,17854726416.73708,2,196.225901131,3.824464759,-21.86002,5.12373005056562,10.03815,0.3361554,-9.7019946,4,4
1237655123940606220,955902805724391424,1494,196.215461165,3.839099217,-20.915145,0.041096811,17300473915.0495,3,196.225901131,3.824464759,-21.86002,1.1286558010629408,10.5848,-1.620109,-12.204909,2,5
1237655123940606209,955900606701135872,1494,196.201726854,3.801389929,-19.436536,0.04098773,4432149489.051522,4,196.225901131,3.824464759,-21.86002,2.09735998064056,9.730328,-0.3179783,-10.0483063,3,9
1237663916801786001,2103345458637203456,1496,117.837556757,50.236081962,-21.811594,0.024163746,39503684130.08239,1,117.837556757,50.236081962,-21.811594,0.0,11.08385,-1.204658,-12.288508,1,1
1237663916801851543,2103341610346506240,1496,117.907143797,50.407255979,-20.329383,0.023339416,10086795127.972725,2,117.837556757,50.236081962,-21.811594,11.111566771121764,9.973765,0.01646198,-9.95730302,3,3
1237663787417469125,2103355629119760384,1496,118.017283881,50.130814848,-19.92351,0.024351818,6940711615.965403,3,117.837556757,50.236081962,-21.811594,9.799691978180004,10.26255,-1.618535,-11.881085,2,4
1237663787417600310,2103355354241853440,1496,118.19801217,50.251131183,-19.791793,0.023960765,6147764177.274334,4,117.837556757,50.236081962,-21.811594,14.514827668804582,10.15167,-0.438123,-10.589792999999998,4,5
1237660671429967884,1800472332540602368,1497,158.228974471,12.040317767,-21.820948,0.033743967,39845492575.22348,1,158.228974471,12.040317767,-21.820948,0.0,10.9591,-1.382094,-12.341194,1,1
1237660671429967979,1800472057662695424,1497,158.224517792,12.079539534,-20.589955,0.03343603,12822774356.022984,2,158.228974471,12.040317767,-21.820948,2.4795442249056956,10.36056,-1.533065,-11.893625,2,5
1237660671429968008,1800470408395253760,1497,158.256819714,12.103436072,-20.558954,0.033606269,12461823616.549498,3,158.228974471,12.040317767,-21.820948,4.31914245817808,10.54078,-0.5014806,-11.0422606,4,6
1237661950780047494,1800469858639439872,1497,158.285875056,12.025127371,-19.942089,0.03364734,7060502318.919153,4,158.228974471,12.040317767,-21.820948,3.6245406569266314,9.916123,-0.2408388,-10.1569618,3,7
1237665129087565860,2243930946959075328,1498,203.738642489,34.044084523,-22.106073,0.024379711,51811861985.74587,1,203.738642489,34.044084523,-22.106073,0.0,10.56369,0.636947,-9.926743,1,1
1237665129087565862,2243933970616051712,1498,203.71348188,34.055519208,-20.265898,0.025819252,9513913532.437136,2,203.738642489,34.044084523,-22.106073,1.493949750488574,10.36946,0.186791,-10.182669,2,3
1237665129087631503,2243934795249772544,1498,203.880138648,34.152139422,-19.888225,0.025090224,6718773490.505064,3,203.738642489,34.044084523,-22.106073,10.014666427590294,10.02877,-0.6074496,-10.6362196,4,6
1237665129087565950,2374624116784261120,1498,203.790695416,34.035083866,-19.483226,0.024622091,4626903054.3866005,4,203.738642489,34.044084523,-22.106073,2.768546351897357,9.038531,0.3721206,-8.6664104,3,7
1237667730193711133,2723694055971121152,1499,121.025691292,9.814481284,-21.943943,0.034922286,44624894255.07672,1,121.025691292,9.814481284,-21.943943,0.0,10.88381,-0.5052147,-11.3890247,1,1
1237667782270583070,2722448303508711424,1499,120.928996102,9.957521174,-21.298842,0.035573678,24634105668.0984,2,121.025691292,9.814481284,-21.943943,10.798080671067062,9.637333,-2.62012,-12.257453,4,2
1237667782270583073,2723687733779261440,1499,120.928971171,9.947922727,-20.255326,0.03508181,9421724480.199244,3,121.025691292,9.814481284,-21.943943,10.30249105351489,9.75534,-2.569086,-12.324426,2,5
1237667782270648848,2723689657924610048,1499,120.999870246,9.97969035,-19.231553,0.034688102,3669620894.78973,4,121.025691292,9.814481284,-21.943943,10.502709276552814,9.694048,-0.4742475,-10.1682955,3,8
1237654391639376175,612572874254870528,1599,118.382027291,38.733294321,-22.752041,0.041340298,93932612215.3219,1,118.382027291,38.733294321,-22.752041,0.0,11.28539,-1.069666,-12.355056,1,1
1237653589017362552,487680442464495616,1599,118.199682357,38.831104067,-21.502894,0.041066913,29727446076.185883,2,118.382027291,38.733294321,-22.752041,10.84128824225247,10.95201,-0.9665924,-11.9186024,3,3
1237654391639507212,612565177673476096,1599,118.543980413,38.878146529,-21.369332,0.042400434,26286502152.954166,3,118.382027291,38.733294321,-22.752041,12.071257951451054,10.76021,-0.3615539,-11.1217639,4,4
1237654391639441458,612576997423474688,1599,118.409102422,38.796918736,-20.979515,0.041534658,18357181421.07005,4,118.382027291,38.733294321,-22.752041,4.2119564118491235,10.36816,-1.814672,-12.182832,2,6
1237661381704024168,1612299986974828544,1600,160.461415412,38.716805061,-22.910551,0.036801784,108697711341.59512,1,160.461415412,38.716805061,-22.910551,0.0,11.47509,-1.294485,-12.769575,1,1
1237661381704024169,1612300811608549376,1600,160.486676825,38.720950074,-21.215151,0.038111197,22806592352.27202,2,160.461415412,38.716805061,-22.910551,1.265478246987318,10.6562,-1.630631,-12.286831,2,3
1237661381704089681,1612304934777153536,1600,160.719964639,38.720771779,-20.181689,0.036827939,8803910116.99799,3,160.461415412,38.716805061,-22.910551,12.67730572245268,9.868852,0.07942633,-9.78942567,3,5
1237661381703958722,2249650051171248128,1600,160.258762416,38.529629692,-20.169794,0.036748975,8707983550.868624,4,160.461415412,38.716805061,-22.910551,15.4036405169673,10.26157,-1.572837,-11.834407,4,6
1237654383585394819,619343662798628864,1616,128.594579191,48.088150387,-22.884362,0.043463555,106107186722.14195,1,128.594579191,48.088150387,-22.884362,0.0,11.2807,-0.8700085,-12.1507085,1,1
1237654383585329365,619321122810259456,1616,128.558638935,48.053596644,-21.180658,0.043491938,22093432786.48114,2,128.594579191,48.088150387,-22.884362,2.643954677058567,10.71634,-1.707816,-12.424156,3,3
1237654383585394820,618241402760882176,1616,128.58213478,48.087314791,-21.129471,0.042845034,21076010195.96847,3,128.594579191,48.088150387,-22.884362,0.5249385907014826,10.39758,-1.021573,-11.419153,2,4
1237654391644618891,619310952327702528,1616,128.796217098,48.054124842,-20.480273,0.041790662,11590687584.235489,4,128.594579191,48.088150387,-22.884362,8.731480063971684,10.41594,0.5223438,-9.8935962,4,5
1237659326026547328,1316181985089054720,1619,241.39816408,44.20614256,-22.780982,0.044638038,96470115835.67508,1,241.39816408,44.20614256,-22.780982,0.0,11.34008,-1.174561,-12.514641,1,1
1237659330849276115,1316180885577426944,1619,241.318122743,44.524737661,-21.426374,0.044311451,27704454287.389614,2,241.39816408,44.20614256,-22.780982,20.338221652908068,10.87738,-1.311862,-12.189242,4,2
1237659326026547606,1317409314993891328,1619,241.424215734,44.23337271,-20.731446,0.046412412,14607584256.542583,3,241.39816408,44.20614256,-22.780982,2.07446619162178,10.55366,-0.4010641,-10.9547241,2,4
1237659330312536341,1317399694267148288,1619,241.185534992,43.951623498,-19.849899,0.045047296,6485740975.01157,4,241.39816408,44.20614256,-22.780982,18.650804608601092,10.10744,-0.4008847,-10.5083247,3,5
1237668624622223408,2922968170140559360,1659,183.039842439,17.757031071,-22.637099,0.02441101,84496671203.91147,1,183.039842439,17.757031071,-22.637099,0.0,11.04103,-1.053907,-12.094937,1,1
1237668624622092360,2922942056739399680,1659,182.675170059,17.887638911,-21.254692,0.025050163,23652486321.6189,2,183.039842439,17.757031071,-22.637099,23.30600763394601,10.4788,0.1389663,-10.3398337,3,2
1237668624622157845,2922954426245212160,1659,182.812679841,17.888220565,-21.092372,0.024500046,20368019401.6983,3,183.039842439,17.757031071,-22.637099,15.8927780896931,9.997185,0.2780304,-9.7191546,2,3
1237668624621961294,2921883227041851392,1659,182.397871151,17.811308258,-20.352223,0.024005572,10301232752.417383,4,183.039842439,17.757031071,-22.637099,38.559815656288734,9.437902,-0.5680767,-10.0059787,4,4
1237655370904764519,887350453061314560,1664,213.726749419,60.011110444,-22.501372,0.036842627,74567365580.02156,1,213.726749419,60.011110444,-22.501372,0.0,11.26308,-1.207435,-12.470515,1,1
1237655465385394461,887350178183407616,1664,213.694675056,59.966185962,-21.36763,0.035817891,26245327714.939663,2,213.726749419,60.011110444,-22.501372,2.9972681934384133,10.72704,-1.388206,-12.115246,4,3
1237655370904764505,887347704282245120,1664,213.758884328,60.047022813,-20.965116,0.03796471,18115336264.398643,3,213.726749419,60.011110444,-22.501372,2.471623095892709,10.66017,-1.697482,-12.357652000000002,2,6
1237655465385459816,887351002817128448,1664,213.750894226,59.968518586,-19.968381,0.037169284,7233565194.246238,4,213.726749419,60.011110444,-22.501372,2.7816130324956476,10.17687,-1.767148,-11.944018,3,7
1237662223543828509,2074067940960921600,1670,221.590610028,32.780210666,-22.590237,0.029588707,80927253200.82492,1,221.590610028,32.780210666,-22.590237,0.0,11.24444,-1.130619,-12.375059,1,1
1237662698640441555,2074057770478364672,1670,221.438742604,32.63010515,-21.120247,0.028869665,20897714901.97049,2,221.590610028,32.780210666,-22.590237,12.386340469739292,10.597,-0.8374404,-11.4344404,2,2
1237662698640506996,2074069040472549376,1670,221.549475102,32.582866734,-20.933249,0.029475948,17591367438.570957,3,221.590610028,32.780210666,-22.590237,12.588868186029664,10.5691,-1.488446,-12.057546,3,3
1237664854183313713,2074072064129525760,1670,221.616192427,32.395744089,-19.853553,0.030459703,6507605237.269463,4,221.590610028,32.780210666,-22.590237,24.19468217209569,9.959099,-0.5992627,-10.5583617,4,4
1237668367999565875,2845279708252235776,1678,242.733987779,13.751852971,-22.747528,0.031325508,93542979759.1614,1,242.733987779,13.751852971,-22.747528,0.0,11.17749,0.3015029,-10.8759871,1,1
1237665566082400802,2845275859961538560,1678,242.800574484,13.941149128,-20.88765,0.032824231,16867860473.96255,2,242.733987779,13.751852971,-22.747528,12.568392915734792,10.46534,-1.020288,-11.485628,3,2
1237668336861511907,2841776114433550336,1678,242.782678406,13.970796414,-20.365024,0.031973519,10423404698.838749,3,242.733987779,13.751852971,-22.747528,14.07362458996492,8.543398,-0.6777353,-9.2211333,4,3
1237668336324706372,2845268438258051072,1678,242.668997168,13.581148069,-20.359687,0.030833504,10372293564.445791,4,242.733987779,13.751852971,-22.747528,11.43611414969928,10.10874,-0.4819225,-10.5906625,2,4
1237663786885906494,2109955191812941824,1698,130.261380818,59.936274956,-22.591812,0.038179229,81044733779.27513,1,130.261380818,59.936274956,-22.591812,0.0,11.20225,-1.36295,-12.5652,1,1
1237663786885906495,6427880875908329472,1698,130.272521636,59.946598671,-21.799499,0.040670287,39066058853.407295,2,130.261380818,59.936274956,-22.591812,0.7373538929392398,,,,2,2
1237663786885906868,2109956841080383488,1698,130.422136431,60.010592676,-20.999644,0.039398034,18700688664.689457,3,130.261380818,59.936274956,-22.591812,6.881187457601266,10.53559,-1.444727,-11.980317,4,4
1237663916270158057,2109966736685033472,1698,130.075463993,59.929242381,-20.308744,0.040347907,9896863946.448576,4,130.261380818,59.936274956,-22.591812,5.869272624171296,10.31535,-1.045305,-11.360655,3,5
1237661949719478406,6083503928552124416,1701,189.115950354,12.405179826,-22.441204,0.045215219,70547495416.09976,1,189.115950354,12.405179826,-22.441204,0.0,,,,1,1
1237661949719478306,6083501729528868864,1701,189.139932351,12.381066548,-20.573307,0.045193446,12627657674.19234,2,189.115950354,12.405179826,-22.441204,2.112211255479562,,,,3,6
1237661949719478394,1819500207235164160,1701,189.093674218,12.454950705,-20.241617,0.045390515,9303509383.615591,3,189.115950354,12.405179826,-22.441204,3.4128604045738555,10.28027,-0.6621882,-10.9424582,4,7
1237661949719478403,1819499932357257216,1701,189.109426852,12.424651361,-19.955035,0.042849579,7145193590.870105,4,189.115950354,12.405179826,-22.441204,1.287255526587254,10.04496,-1.683364,-11.728324,2,8
1237661070324858896,1965993912044644352,1714,156.44275743,13.716849152,-22.376039,0.033268926,66437854624.23283,1,156.44275743,13.716849152,-22.376039,0.0,11.05568,-0.9666808,-12.0223608,1,1
1237661070324858895,1967053841471924224,1714,156.452521322,13.727936944,-21.736651,0.032938389,36868918640.07008,2,156.44275743,13.716849152,-22.376039,0.916802814517377,10.9583,-1.776814,-12.735114,2,2
1237661070324858902,1967057140006807552,1714,156.448979156,13.749118095,-20.725541,0.032758053,14528353552.10602,3,156.44275743,13.716849152,-22.376039,2.0627736240016237,10.27178,-0.3422351,-10.6140151,3,3
1237661070324858899,1965992812533016576,1714,156.454162627,13.753164237,-20.380738,0.033020698,10575360967.00312,4,156.44275743,13.716849152,-22.376039,2.385568244143007,10.25661,-0.157353,-10.413963,4,4
1237667430641696902,2492836465646528512,1716,167.283616532,26.627602189,-22.277292,0.038627798,60662010516.09934,1,167.283616532,26.627602189,-22.277292,0.0,11.07681,-0.7246676,-11.8014776,1,1
1237667430641696794,2490644314254764032,1716,167.238181887,26.596137867,-21.511746,0.038988421,29970804446.342983,2,167.283616532,26.627602189,-22.277292,3.228419441074452,10.78507,0.5180343,-10.2670357,3,2
1237667430641697079,2490640191086159872,1716,167.343883665,26.596809585,-20.502756,0.038356995,11833205317.273169,3,167.283616532,26.627602189,-22.277292,3.8993699394288455,10.40711,0.555768,-9.851342,4,5
1237667430641697017,2492840588815132672,1716,167.262298315,26.626009846,-19.407077,0.038151831,4313509908.634149,4,167.283616532,26.627602189,-22.277292,1.2015784440991892,9.795736,-1.214806,-11.010542,2,8
1237661950254448667,1817297609744738304,1718,184.723632119,12.912680707,-22.287989,0.026890568,61262624766.65358,1,184.723632119,12.912680707,-22.287989,0.0,11.09958,-1.39241,-12.49199,1,1
1237661813348434037,1817296510233110528,1718,184.655833639,12.937663674,-20.438155,0.026450845,11149669649.939846,2,184.723632119,12.912680707,-22.287989,4.438795218914696,10.45015,-1.578856,-12.029006,3,2
1237661812811563096,1816213491195865088,1718,184.615220246,12.696487351,-20.02793,0.02641538,7641383565.548083,3,184.723632119,12.912680707,-22.287989,15.120873066395594,10.43329,-0.2754497,-10.7087397,4,3
1237661950254448669,1817299259012179968,1718,184.710055439,12.897529962,-19.592317,0.021402693,5115955992.292693,4,184.723632119,12.912680707,-22.287989,1.263962683446192,9.050049,-0.3217193,-9.3717683,2,4
1237648704600735996,385222723254642688,1719,237.498065558,0.201994357,-22.18449,0.032754618,55692408500.1793,1,237.498065558,0.201994357,-22.18449,0.0,11.11632,-1.267909,-12.384229,1,1
1237648704600670761,385206505458132992,1719,237.330365851,0.182666937,-21.882724,0.031765264,42178351329.444534,2,237.498065558,0.201994357,-22.18449,10.606572095905324,11.03549,-1.487584,-12.523074,3,2
1237648721792729473,385209254237202432,1719,237.37511038,0.345862003,-19.595614,0.032528708,5131514967.688691,3,237.498065558,0.201994357,-22.18449,11.890921447905091,9.848671,-1.435753,-11.284424,4,4
1237648721792729305,385208979359295488,1719,237.421038345,0.236758956,-19.438135,0.032318355,4438681672.652667,4,237.498065558,0.201994357,-22.18449,5.309823852932352,9.901848,-2.168247,-12.070094999999998,2,5
1237665530649641061,2838553720227129344,1722,240.377263787,15.503918899,-22.15601,0.035600697,54250531826.677414,1,240.377263787,15.503918899,-22.15601,0.0,11.06634,-1.157197,-12.223537,1,1
1237665567155028247,2838555369494571008,1722,240.479957956,15.478308438,-20.434234,0.035856021,11109476637.422884,2,240.377263787,15.503918899,-22.15601,6.422898849746782,10.24561,-1.021465,-11.267074999999998,4,5
1237665567154962520,2838553995105036288,1722,240.349426834,15.54643215,-20.226113,0.036091035,9171601992.887772,3,240.377263787,15.503918899,-22.15601,3.158359633956859,9.948594,-0.720833,-10.669427,2,6
1237665530649706709,2838557843395733504,1722,240.418879879,15.431817973,-20.024238,0.036265895,7615443493.283294,4,240.377263787,15.503918899,-22.15601,5.1840110354439535,10.19219,-1.706828,-11.899018,3,8
1237662239091916881,1926493689874507776,1729,219.542540038,9.33606827,-22.235722,0.031009622,58383321646.56489,1,219.542540038,9.33606827,-22.235722,0.0,11.00939,-1.157928,-12.167318,1,1
1237662239091916865,1926495064264042496,1729,219.532015721,9.4154019,-20.435102,0.030739918,11118361743.493073,2,219.542540038,9.33606827,-22.235722,5.027194814223193,10.03529,-0.04748515,-10.08277515,4,3
1237662239091917063,1926495339141949440,1729,219.498948118,9.387910319,-19.963897,0.031431437,7203752776.881355,3,219.542540038,9.33606827,-22.235722,4.232446549682554,9.735239,-0.3149597,-10.0501987,2,4
1237662239091982527,1926485993293113344,1729,219.606238239,9.382253654,-19.782428,0.031887496,6094964774.7588415,4,219.542540038,9.33606827,-22.235722,4.9005808650648595,9.599685,-0.3574018,-9.9570868,3,5
1237667783903346738,2814862262265735168,1731,172.188830739,22.928643798,-22.192934,0.033749411,56127228788.00075,1,172.188830739,22.928643798,-22.192934,0.0,11.11342,-1.296903,-12.410323,1,1
1237667783903346812,2814872707626199040,1731,172.246913055,22.95987179,-21.188133,0.033184089,22246064905.884983,2,172.188830739,22.928643798,-22.192934,3.8915485441680926,10.5824,-1.424046,-12.006446,2,2
1237667783903281233,2814860887876200448,1731,172.112621438,22.872512888,-21.030031,0.032323703,19231466379.15153,3,172.188830739,22.928643798,-22.192934,5.647560611008702,10.37853,0.1901029,-10.1884271,4,3
1237667783903346858,2814861987387828224,1731,172.177543954,23.010368898,-20.930691,0.033112599,17549970872.156185,4,172.188830739,22.928643798,-22.192934,5.176285912878782,10.55594,-1.48521,-12.04115,3,4
1237667736128847901,3117763977677924352,1732,208.094765332,21.539352854,-22.516445,0.026055678,75609784455.58304,1,208.094765332,21.539352854,-22.516445,0.0,11.02827,-1.418988,-12.447258,1,1
1237667736128913415,3117760679143041024,1732,208.200780339,21.579509264,-20.936336,0.026983961,17641454950.144775,2,208.094765332,21.539352854,-22.516445,6.689180746937341,10.42342,-1.411056,-11.834476,3,3
1237667736128847908,3117765077189552128,1732,208.091466701,21.564071271,-19.896132,0.028005539,6767882342.1260395,3,208.094765332,21.539352854,-22.516445,1.5650213098300283,10.08506,-1.575097,-11.660157,2,5
1237667736128782467,3117754631829088256,1732,208.045861862,21.689387998,-19.779271,0.027540023,6077268159.259809,4,208.094765332,21.539352854,-22.516445,9.850301100163216,9.931241,-0.5841175,-10.5153585,4,6
1237661418750279689,1493089008136251392,1733,216.833284713,54.288895615,-22.19879,0.04407745,56430773082.72474,1,216.833284713,54.288895615,-22.19879,0.0,11.08983,-1.14116,-12.230989999999998,1,1
1237661418750279810,1493089283014158336,1733,216.853860362,54.225806723,-20.926531,0.043233747,17482856786.73964,2,216.833284713,54.288895615,-22.19879,4.0352867850830885,10.50006,-1.72999,-12.23005,2,2
1237661418750279849,1493090657403693056,1733,216.928341041,54.230316457,-20.176195,0.043038333,8759473437.566967,3,216.833284713,54.288895615,-22.19879,5.071272465385221,9.876513,-0.0813623,-9.9578753,3,4
1237661388679348337,1493087908624623616,1733,216.942783451,54.350575389,-19.342695,0.044609752,4065163336.082443,4,216.833284713,54.288895615,-22.19879,5.578713954083665,9.904014,-1.475744,-11.379758,4,5
1237661949711220906,1807116955732174848,1737,169.898528626,12.076570997,-22.135976,0.040925999,53258680198.520584,1,169.898528626,12.076570997,-22.135976,0.0,11.10325,-1.239202,-12.342452,1,1
1237661949711220877,1807117230610081792,1737,169.858868128,12.042505243,-19.784511,0.039659784,6106669273.4276905,2,169.898528626,12.076570997,-22.135976,3.243468696020238,10.0556,-0.9976,-11.0532,4,6
1237661949711220893,1807116131098454016,1737,169.884148893,12.059779428,-19.54278,0.041371031,4887783939.211231,3,169.898528626,12.076570997,-22.135976,1.37613918743845,9.961017,-1.459453,-11.42047,2,8
1237661949711220837,1807118055243802624,1737,169.936678002,12.072976178,-19.205255,0.040351303,3581805508.267075,4,169.898528626,12.076570997,-22.135976,2.354820949458778,9.96844,-2.239843,-12.208283,3,11
1237655473429741692,917745353103534080,1739,245.661984514,43.464647835,-22.286657,0.032076974,61187512800.19857,1,245.661984514,43.464647835,-22.286657,0.0,11.15607,-1.379749,-12.535819,1,1
1237655348358021297,917740405301209088,1739,245.442133811,43.355772687,-20.408483,0.031995274,10849087203.170547,2,245.661984514,43.464647835,-22.286657,12.1448248075053,9.959058,0.03310515,-9.92595285,4,2
1237655473429741825,917742879202371584,1739,245.623003378,43.520791908,-20.245173,0.032265083,9334030163.476805,3,245.661984514,43.464647835,-22.286657,3.949858851660789,10.07515,-0.2008683,-10.2760183,2,3
1237665355086757968,6795018520356384768,1739,245.76300366,43.60726549,-19.915585,0.032497976,6890234455.635736,4,245.661984514,43.464647835,-22.286657,10.073273475363283,,,,3,4
1237667430105022514,2492815300047693824,1740,167.896294148,26.307389245,-22.10305,0.040566001,51667803592.19512,1,167.896294148,26.307389245,-22.10305,0.0,11.16872,-1.100705,-12.269425,1,1
1237667430105022483,2492818598582577152,1740,167.843788803,26.258209222,-21.299278,0.039669918,24643999993.112835,2,167.896294148,26.307389245,-22.10305,4.277620808242778,10.60872,-1.344939,-11.953659,4,2
1237667430105022513,2490664380341970944,1740,167.912619221,26.31118348,-20.973763,0.03916439,18260186126.72917,3,167.896294148,26.307389245,-22.10305,0.9498862268287032,10.0515,-1.976121,-12.027621,2,3
1237667430105022648,2492805404443043840,1740,167.906471476,26.260482458,-19.147006,0.039539061,3394707813.597611,4,167.896294148,26.307389245,-22.10305,3.0024910304429255,9.659697,-0.9492097,-10.6089067,3,9
1237654652561653883,4283061322704941056,1743,121.370107941,37.557840569,-22.029299,0.034313919,48274701826.87486,1,121.370107941,37.557840569,-22.029299,0.0,,,,1,1
1237654652561588590,853478621552076800,1743,121.311544676,37.472561496,-21.362408,0.03347985,26119400219.40993,2,121.370107941,37.557840569,-22.029299,6.101583845661936,10.62591,-0.05731335,-10.68322335,4,2
1237654652561653886,853472299360217088,1743,121.386509542,37.550192119,-19.539377,0.034320705,4872488244.49962,3,121.370107941,37.557840569,-22.029299,0.947850918118997,9.77468,-1.528294,-11.302974,2,5
1237654652561654051,853481370331146240,1743,121.347160428,37.536613203,-19.16797,0.033076565,3460891625.5627885,4,121.370107941,37.557840569,-22.029299,1.7566211058005032,9.664881,-1.768577,-11.433458,3,7
1237659326567612655,1321930507243513856,1744,250.026934047,37.19134217,-22.145705,0.030351589,53738061992.58998,1,250.026934047,37.19134217,-22.145705,0.0,11.06179,-1.35376,-12.41555,1,1
1237655471822209115,1321928857976072192,1744,249.978362217,37.180072864,-21.443889,0.031133328,28155004429.32969,2,250.026934047,37.19134217,-22.145705,2.532362371511571,10.86645,-1.458701,-12.325151,2,2
1237655471822209218,1321920336760956928,1744,249.9425476,37.089245327,-21.047591,0.031048813,19545032638.374863,3,250.026934047,37.19134217,-22.145705,7.682190929088461,10.6772,-0.1258665,-10.8030665,4,3
1237659326567678032,1321953871865604096,1744,250.173078498,37.188775206,-19.297259,0.031188827,3898554411.701329,4,250.026934047,37.19134217,-22.145705,7.31689750733809,9.977571,-0.242446,-10.220017,3,6
1237668349214785653,3097354013444696064,1746,226.735070124,12.846840043,-22.078394,0.022847794,50507700903.70627,1,226.735070124,12.846840043,-22.078394,0.0,11.06379,-0.8598205,-11.9236105,1,1
1237668349214785655,3097355937590044672,1746,226.722455825,12.858683831,-21.304256,0.022147377,24757249873.6837,2,226.735070124,12.846840043,-22.078394,1.0727923707073013,10.48122,-0.4775972,-10.9588172,2,2
1237668331493916905,3097352639055161344,1746,226.67523346,12.676441645,-20.602296,0.022739318,12969355656.424574,3,226.735070124,12.846840043,-22.078394,11.316944887622116,9.918725,0.0217159,-9.8970091,4,6
1237668349214785881,3097354563200509952,1746,226.693254849,12.85031152,-20.221024,0.022701107,9128713979.63198,4,226.735070124,12.846840043,-22.078394,2.5708157362996458,10.17023,-0.0871147,-10.2573447,3,7
1237655743482757156,2061525554661713920,1747,226.680936775,5.327185773,-22.072938,0.037559556,50254528188.8997,1,226.680936775,5.327185773,-22.072938,0.0,11.03875,-0.7924722,-11.8312222,1,1
1237655743482691805,2062722917824751616,1747,226.625679016,5.324093553,-20.54124,0.037312559,12260156106.048445,2,226.680936775,5.327185773,-22.072938,3.462415397537827,10.60319,0.4822384,-10.1209516,3,3
1237655743482757360,2061526104417527808,1747,226.719427856,5.293484578,-20.191614,0.038640061,8884757935.806395,3,226.680936775,5.327185773,-22.072938,3.206668068331397,10.31273,-1.815254,-12.127984,2,4
1237655743482757400,2062709723685218304,1747,226.769272132,5.292723841,-19.188898,0.038436374,3528248779.718842,4,226.680936775,5.327185773,-22.072938,5.935509127707774,9.202137,-0.3234985,-9.5256355,4,8
1237662531137568810,2001973244814452736,1749,208.890519143,14.764644513,-21.976856,0.041652071,45998365522.081215,1,208.890519143,14.764644513,-21.976856,0.0,11.07097,-1.107626,-12.178596,1,1
1237662531137568924,2001971870424918016,1749,208.875945312,14.80290768,-21.088622,0.040449475,20297792102.98776,2,208.890519143,14.764644513,-21.976856,2.561996656720109,10.63846,-1.650875,-12.289335,2,3
1237662531137634375,2001975993593522176,1749,208.951147008,14.713988681,-19.615459,0.041628862,5226170810.913837,3,208.890519143,14.764644513,-21.976856,4.868483138648254,9.664572,-0.3551832,-10.0197552,4,6
1237662531137568918,2001972145302824960,1749,208.841089628,14.709085204,-19.21458,0.041406334,3612700839.473079,4,208.890519143,14.764644513,-21.976856,4.605197987062009,9.527885,-0.8262693,-10.3541543,3,8
1237662303514525759,1184523709185026048,1750,232.437521594,42.918647246,-22.005833,0.018598343,47242535707.924545,1,232.437521594,42.918647246,-22.005833,0.0,11.05078,-1.026056,-12.076836,1,1
1237662303514591245,1184522059917584384,1750,232.433801848,42.77797314,-21.884515,0.019560952,42247984972.20517,2,232.437521594,42.918647246,-22.005833,8.84047554780116,11.06022,-1.311878,-12.372098,2,2
1237662303514656781,1184510789923399680,1750,232.652476269,42.717147443,-21.381777,0.020069753,26589538525.319626,3,232.437521594,42.918647246,-22.005833,16.075975240073344,10.54906,-0.1312685,-10.680328500000002,3,3
1237662501076467812,6810626363042230272,1750,232.417995364,42.654231659,-20.262934,0.018822949,9487976492.294256,4,232.437521594,42.918647246,-22.005833,16.638101723899656,,,,4,7
1237661851473477744,1548242440899553280,1751,198.026776721,44.678591176,-22.184878,0.035932082,55712314363.049805,1,198.026776721,44.678591176,-22.184878,0.0,10.98599,-1.442359,-12.428349,1,1
1237661873481318536,7456975927328305152,1751,197.993265032,44.808928763,-21.294737,0.036063377,24541143787.641537,2,198.026776721,44.678591176,-22.184878,8.324787730456015,,,,3,2
1237661873481318442,1548230346271647744,1751,197.940847519,44.729870206,-21.247019,0.037358555,23485921232.31691,3,198.026776721,44.678591176,-22.184878,5.01064516712838,10.41805,0.3117055,-10.1063445,2,3
1237661873481384179,1548241066510018560,1751,198.164989154,44.805924305,-19.597285,0.035783855,5139418695.448788,4,198.026776721,44.678591176,-22.184878,10.10225559324575,9.82633,-0.2604672,-10.0867972,4,8
1237658802572099605,1141796691372959744,1753,173.901565058,54.948558074,-21.89296,0.019863413,42577876702.4172,1,173.901565058,54.948558074,-21.89296,0.0,10.92778,-1.063361,-11.991141,1,1
1237657590857531471,1141815108192724992,1753,174.176295039,54.84603528,-20.358157,0.019999931,10357687408.042273,2,173.901565058,54.948558074,-21.89296,11.83327306516214,9.905485,0.08382768,-9.82165732,4,4
1237658802572099607,1141802188931098624,1753,173.931728697,54.926082382,-19.662369,0.019694242,5456920163.984489,3,173.901565058,54.948558074,-21.89296,1.783165626586297,9.997456,-1.6084,-11.605856,2,6
1237657590857400524,1142893729552558080,1753,173.654256254,54.891325698,-18.964645,0.019825099,2869842084.7084894,4,173.901565058,54.948558074,-21.89296,9.62731290060486,9.759063,-0.7258824,-10.4849454,3,7
1237655503498313767,5621826138831253504,1754,256.791938616,34.269761227,-21.86728,0.031037761,41582634410.934166,1,256.791938616,34.269761227,-21.86728,0.0,,,,1,1
1237655129844416636,1096674928494667776,1754,256.777034982,34.234691106,-21.651514,0.031227996,34088320149.2358,2,256.791938616,34.269761227,-21.86728,2.3355097724701492,10.8885,-1.377702,-12.266202,3,2
1237655503498248707,1096636720465602560,1754,256.810646708,34.390554466,-19.448548,0.031361437,4481456652.429556,3,256.791938616,34.269761227,-21.86728,7.651486322897994,9.367236,-0.3438618,-9.7110978,4,6
1237655503498314153,1096668881180715008,1754,256.804843943,34.251175374,-19.400023,0.030171394,4285575987.723961,4,256.791938616,34.269761227,-21.86728,1.3464197219033065,9.786156,-1.812218,-11.598374,2,7
1237667782850052124,6163359260010541056,1756,222.095381302,18.354672319,-21.936985,0.040460601,44339827581.75646,1,222.095381302,18.354672319,-21.936985,0.0,,,,1,1
1237667782850052121,6646246075701850112,1756,222.094685091,18.353402348,-21.889924,0.040850029,42458984221.714935,2,222.095381302,18.354672319,-21.936985,0.0899499818289266,,,,2,2
1237667782850052122,3125515535106729984,1756,222.103353328,18.355966556,-20.877682,0.039884408,16713707596.931602,3,222.095381302,18.354672319,-21.936985,0.4823171523211543,10.15845,-1.813954,-11.972404,3,4
1237667782850052123,3125519108519520256,1756,222.088114042,18.366695844,-19.743208,0.043059013,5878725746.2889,4,222.095381302,18.354672319,-21.936985,0.8709363258739878,10.0854,-1.725881,-11.811281,4,8
1237667293188718632,2572855346926217216,1757,137.406023605,19.468966516,-21.845035,0.028790901,40739341040.435165,1,137.406023605,19.468966516,-21.845035,0.0,10.96111,-0.2863472,-11.2474572,1,1
1237667293188653149,2572854522292496384,1757,137.302743267,19.407610818,-21.690606,0.02940922,35338035281.01264,2,137.406023605,19.468966516,-21.845035,7.232488351340356,10.80993,-1.185802,-11.995732,4,2
1237667293188718744,2573854528117958656,1757,137.396669629,19.508558025,-20.718008,0.028747991,14427902539.617731,3,137.406023605,19.468966516,-21.845035,2.5485622997542507,10.61392,-0.3832922,-10.9972122,2,4
1237667293188718767,2573851504460982272,1757,137.400274064,19.542322864,-19.784543,0.029422738,6106849258.488193,4,137.406023605,19.468966516,-21.845035,4.621677019929103,9.963448,-1.346065,-11.309513,3,7
1237663915730272527,2106573900761556992,1758,123.191561748,54.139735852,-21.856095,0.041674305,41156458803.4537,1,123.191561748,54.139735852,-21.856095,0.0,10.90003,-1.26388,-12.16391,1,1
1237663915730272292,2106561531255744512,1758,123.289054872,54.124843716,-21.016875,0.042453869,18999842462.14735,2,123.191561748,54.139735852,-21.856095,3.7090939142366537,10.63624,-1.521729,-12.157969,2,5
1237663915730272609,2106560706622023680,1758,123.206147911,54.22159439,-20.280512,0.041954463,9642836431.083117,3,123.191561748,54.139735852,-21.856095,5.171213519891224,10.38429,-1.750131,-12.134421,4,7
1237663915730272304,2106573625883650048,1758,123.127616333,54.209047844,-19.606035,0.041322954,5181004863.891905,4,123.191561748,54.139735852,-21.856095,4.9493980883006286,10.20187,-1.611671,-11.813541,3,9
1237665549437960520,2477035385402714112,1759,241.433447801,16.259588026,-21.845837,0.043842981,40769445057.96367,1,241.433447801,16.259588026,-21.845837,0.0,10.86931,-1.235656,-12.104966,1,1
1237665549437960610,2477013944925972480,1759,241.469577473,16.200019316,-21.591275,0.044272973,32248535734.59153,2,241.433447801,16.259588026,-21.845837,4.331214621443816,11.09836,-0.2486939,-11.3470539,3,2
1237665532260581636,2472640081949648896,1759,241.448428353,16.285143261,-19.905751,0.043593144,6828108287.385976,3,241.433447801,16.259588026,-21.845837,1.8424492163097552,10.13052,-1.577103,-11.707623,2,6
1237665549437960502,2473741243197188096,1759,241.38607669,16.185250001,-19.052259,0.044270517,3111025708.5627875,4,241.433447801,16.259588026,-21.845837,5.475761633290252,9.615507,-1.768053,-11.38356,4,9
1237657220414308527,1022324851806857216,1939,169.058259469,55.704289603,-22.70043,0.033695424,89571944019.11092,1,169.058259469,55.704289603,-22.70043,0.0,11.32032,-1.191774,-12.512094,1,1
1237657611263475859,1023506277151565824,1939,168.927064838,55.923450348,-21.470141,0.033604597,28844060645.036427,2,169.058259469,55.704289603,-22.70043,14.528354530422046,10.46275,0.1626212,-10.3001288,4,3
1237657220414308480,1023501054471333888,1939,169.01486108,55.675924111,-20.852032,0.034537076,16323481824.535995,3,169.058259469,55.704289603,-22.70043,2.3534750402127673,10.46371,0.07096324,-10.39274676,2,4
1237657220414308395,1023504353006217216,1939,168.989113045,55.80296224,-20.057815,0.03363928,7854634847.162733,4,169.058259469,55.704289603,-22.70043,6.66445943274012,9.392964,0.0842615,-9.3087025,3,6
1237662665890005019,1768897108796008448,1948,248.256741251,22.797400419,-22.710012,0.036445937,90365946128.05716,1,248.256741251,22.797400419,-22.710012,0.0,11.30329,-1.246488,-12.549778,1,1
1237662341090312387,1769930100020635648,1948,248.339541212,22.81421921,-21.009289,0.034545743,18867553928.732857,2,248.256741251,22.797400419,-22.710012,4.910814497026569,10.55483,-1.507713,-12.062543000000002,2,3
1237662665889939764,1769941919770634240,1948,248.062757935,22.809865569,-20.840867,0.038265599,16156481959.181717,3,248.256741251,22.797400419,-22.710012,11.26293766842007,10.40776,-1.216941,-11.624701,3,5
1237662306740601080,1769925976852031488,1948,248.184556206,22.571314918,-19.819452,0.036677052,6306389638.462721,4,248.256741251,22.797400419,-22.710012,14.808915359080586,9.891737,-0.5814255,-10.4731625,4,7
1237661357535461419,1529110662188394496,1949,155.99500673,43.855762221,-22.600634,0.04393858,81705934210.54301,1,155.99500673,43.855762221,-22.600634,0.0,11.25626,-1.072331,-12.328591,1,1
1237660635995242604,1529119733159323648,1949,156.01272455,44.023921666,-20.342807,0.044447786,10212282027.689142,2,155.99500673,43.855762221,-22.600634,10.596134473998724,10.3098,-1.443915,-11.753715,3,5
1237661357535461544,1529110112432580608,1949,155.975256155,43.830581583,-20.116346,0.042719628,8289692098.831533,3,155.99500673,43.855762221,-22.600634,1.817764691344065,10.03271,-0.1684599,-10.2011699,2,6
1237660635995308152,1609020968204789760,1949,156.205669339,44.035399871,-19.958559,0.044766761,7168422593.887674,4,155.99500673,43.855762221,-22.600634,14.772233674255466,10.12651,-0.1678082,-10.2943182,4,7
1237667549267492876,2673033776568756224,1953,155.525129826,21.065115284,-22.735535,0.040216081,92515393421.10686,1,155.525129826,21.065115284,-22.735535,0.0,11.32985,-1.261881,-12.591731,1,1
1237667536398909508,2663945762806720512,1953,155.480132774,20.993888074,-21.551818,0.042012334,31097623411.44363,2,155.525129826,21.065115284,-22.735535,5.1954458386376565,10.83818,-1.466873,-12.305053,2,3
1237667536398975190,2673029653400152064,1953,155.65005659,21.032927264,-20.11393,0.042532994,8271266233.209227,3,155.525129826,21.065115284,-22.735535,7.599665268063268,10.21963,-0.3346731,-10.5543031,3,6
1237667536398909593,2663958132312532992,1953,155.39837749,20.940647804,-19.963552,0.039918193,7201464099.503393,4,155.525129826,21.065115284,-22.735535,10.790704728609615,9.361501,-0.1561171,-9.5176181,4,7
1237667734497722428,2675220430402381824,1954,157.868655391,19.706333877,-22.705992,0.044956212,90031979723.3861,1,157.868655391,19.706333877,-22.705992,0.0,11.25876,-1.167214,-12.425974,1,1
1237667734497722543,2674034057356011520,1954,157.844433007,19.754977881,-22.030753,0.045043368,48339393818.10506,2,157.868655391,19.706333877,-22.705992,3.3754756035463407,10.91391,-0.6801811,-11.5940911,3,3
1237667734497722567,2674019763704850432,1954,157.864207167,19.662910378,-21.207752,0.045204775,22651699938.480835,3,157.868655391,19.706333877,-22.705992,2.7410405124883255,10.63546,-1.2099,-11.84536,2,4
1237667782286704806,2674030758821128192,1954,157.795967747,19.811447235,-20.170832,0.044768666,8716312654.201448,4,157.868655391,19.706333877,-22.705992,7.879945607023094,10.17,-1.64575,-11.81575,4,7
1237673705043198070,492032859293378560,1977,120.85031091,41.914729637,-22.569366,0.032736403,79386453360.51248,1,120.85031091,41.914729637,-22.569366,0.0,11.30896,-1.257363,-12.566323,1,1
1237651190815719555,492041105630586880,1977,120.384619653,42.002318281,-21.836315,0.032096867,40413456819.931915,2,120.85031091,41.914729637,-22.569366,22.44391645496887,10.98494,-1.418669,-12.403609,4,2
1237651190815719612,492045228799191040,1977,120.402833813,41.990926327,-20.994848,0.033218385,18618264679.735085,3,120.85031091,41.914729637,-22.569366,21.45067042446102,10.49914,-1.254905,-11.754045,3,3
1237651190815719626,492043304653842432,1977,120.427456702,42.005412592,-19.940995,0.032255648,7053391660.437212,4,120.85031091,41.914729637,-22.569366,20.56196035533603,10.13641,-1.135387,-11.271797,2,4
1237655369826697298,880504893364791296,1996,193.650873731,62.229005845,-22.501415,0.038219862,74570318839.01816,1,193.650873731,62.229005845,-22.501415,0.0,11.29345,-1.065562,-12.359012,1,1
1237655464844263595,881675598454351872,1996,193.872530373,62.255860993,-20.511489,0.038575359,11928768215.139482,2,193.650873731,62.229005845,-22.501415,6.702166943683188,10.28438,-0.2703895,-10.5547695,4,3
1237655369826697452,880505992876419072,1996,193.688282108,62.214044036,-20.366804,0.038065536,10440507267.040115,3,193.650873731,62.229005845,-22.501415,1.4435086228391063,10.18829,-0.6897612,-10.8780512,2,4
1237655464844198086,881678622111328256,1996,193.55528508,62.264795479,-20.336643,0.038023742,10154468576.78688,4,193.650873731,62.229005845,-22.501415,3.5886936782426706,10.20707,-1.628407,-11.835477,3,5
1237662225140088842,2246257232863848448,2009,181.532591752,40.150741768,-22.548799,0.038208505,77896796910.50511,1,181.532591752,40.150741768,-22.548799,0.0,11.24787,-1.336941,-12.584811,1,1
1237664668981264486,2224799163701291008,2009,181.486101105,40.16227393,-20.726093,0.037779774,14535741801.765282,2,181.532591752,40.150741768,-22.548799,2.3471912161062662,10.40338,-1.761662,-12.165042,2,3
1237664668981330034,2224799713457104896,2009,181.655789039,40.176781279,-20.500459,0.037925489,11808197271.463476,3,181.532591752,40.150741768,-22.548799,6.137574274378515,10.3767,-1.869349,-12.246049,4,4
1237662225140088946,2246256683108034560,2009,181.472367578,40.144912453,-20.357636,0.038069239,10352718373.594542,4,181.532591752,40.150741768,-22.548799,2.915522119337612,10.06654,-0.2876688,-10.3542088,3,5
1237654391103619080,613734508306393088,2018,120.704789863,40.457385799,-22.422512,0.042713554,69343347008.41582,1,120.704789863,40.457385799,-22.422512,0.0,11.21529,-0.7749413,-11.9902313,1,1
1237654391103553687,613721589044766720,2018,120.644886349,40.421276092,-21.710816,0.043221014,36001981135.12179,2,120.704789863,40.457385799,-22.422512,3.654284349587788,10.901,0.4698708,-10.4311292,4,2
1237654391103619286,613735058062206976,2018,120.7521881,40.416449374,-21.171385,0.041063452,21905541837.55891,3,120.704789863,40.457385799,-22.422512,3.4283698459158445,10.61642,-1.435295,-12.051715,3,3
1237654391103553879,4281913986448551936,2018,120.737213802,40.413368355,-20.756724,0.043127092,14951666450.046965,4,120.704789863,40.457385799,-22.422512,3.170732649332179,,,,2,5
1237661874027102309,1521237605755152384,2021,224.214446986,38.75647079,-22.367839,0.029331391,65937974159.87594,1,224.214446986,38.75647079,-22.367839,0.0,11.14395,-1.249995,-12.393945,1,1
1237661852019261469,1521235956487710720,2021,224.222276326,38.627923321,-20.976939,0.029551741,18313679098.879528,2,224.214446986,38.75647079,-22.367839,8.085996929073987,10.61803,-1.726981,-12.345011,4,4
1237661874027102311,1521238155510966272,2021,224.195080656,38.746151928,-19.873441,0.029198313,6627906909.152967,3,224.214446986,38.75647079,-22.367839,1.1493013403236785,9.781072,-0.1203436,-9.9014156,2,6
1237661852019196066,1521214790888876032,2021,224.056438532,38.726893275,-19.442396,0.029992191,4456135621.262811,4,224.214446986,38.75647079,-22.367839,7.963447795211889,9.60392,-0.4004455,-10.0043655,3,7
1237671260671443039,2916116562895202304,2025,155.701722866,14.93127371,-22.409382,0.04177148,68509815823.942825,1,155.701722866,14.93127371,-22.409382,0.0,11.08339,-0.9838245,-12.0672145,1,1
1237671260671443267,2916119861430085632,2025,155.65431396,14.942572694,-21.181608,0.04189431,22112772609.66423,2,155.701722866,14.93127371,-22.409382,2.96440208595966,10.59335,-0.9380919,-11.5314419,3,3
1237671260671443213,2916119586552178688,2025,155.625568551,14.933379554,-20.896208,0.041799021,17001341853.492964,3,155.701722866,14.93127371,-22.409382,4.625227079994937,10.50095,-0.3234978,-10.8244478,4,6
1237671260671443273,2916121785575434240,2025,155.662639095,14.926366103,-20.508562,0.042709116,11896653155.417583,4,155.701722866,14.93127371,-22.409382,2.3927692182851796,10.07745,-0.4317533,-10.5092033,2,7
1237659326018420756,1307201997908240384,2038,218.233513549,55.7265399,-22.237499,0.041563777,58478954553.31568,1,218.233513549,55.7265399,-22.237499,0.0,11.12232,-0.6678346,-11.7901546,1,1
1237659326018355451,1308397991094151168,2038,218.13436436,55.719048799,-21.647181,0.043010154,33952550199.485073,2,218.233513549,55.7265399,-22.237499,3.5399960351187763,10.86108,0.09867199,-10.76240801,3,3
1237659326018355471,1307202822541961216,2038,218.158684972,55.7276364,-20.014656,0.042977526,7548530253.801886,3,218.233513549,55.7265399,-22.237499,2.6485438283100344,10.1022,-0.3904719,-10.4926719,2,5
1237659149921091774,1308402114262755328,2038,218.292025462,55.587275781,-19.602843,0.042548823,5165795385.538383,4,218.233513549,55.7265399,-22.237499,8.992664352514698,9.839446,-0.7331139,-10.5725599,4,6
1237662267539980352,5410181145214775296,2039,234.221560251,4.757954003,-22.35037,0.039517829,64885551454.10454,1,234.221560251,4.757954003,-22.35037,0.0,,,,1,1
1237662267539980622,2067213328479971328,2039,234.22315039,4.703461529,-20.627209,0.040229601,13270387359.38692,2,234.221560251,4.757954003,-22.35037,3.425310649748781,10.31967,-0.1873788,-10.5070488,3,5
1237662267539980658,2067217176770668544,2039,234.253242307,4.790985011,-20.474484,0.040577166,11529052052.92613,3,234.221560251,4.757954003,-22.35037,2.8709731259726614,10.44177,-1.096202,-11.537972,2,6
1237662267539980522,2067226247741597696,2039,234.163888078,4.734392803,-19.363311,0.037885897,4143090309.626932,4,234.221560251,4.757954003,-22.35037,3.902884241145555,9.576892,-0.6769968,-10.2538888,4,9
1237668293375950973,2824932689298089984,2041,176.373408815,19.400163018,-22.168197,0.026034851,54862905019.85362,1,176.373408815,19.400163018,-22.168197,0.0,11.09771,-1.23483,-12.33254,1,1
1237668293375951070,2824934613443438592,2041,176.374751809,19.444689845,-21.136812,0.022358072,21218994488.652905,2,176.373408815,19.400163018,-22.168197,2.7988346620933044,10.72956,-0.8164693,-11.5460293,3,2
1237668293375951157,6620545540789301248,2041,176.315306748,19.392107947,-20.854208,0.023741057,16356229663.321877,3,176.373408815,19.400163018,-22.168197,3.480462731236487,,,,4,3
1237668293376016459,2821523653479393280,2041,176.397011749,19.416509687,-19.975589,0.025799074,7281747242.201912,4,176.373408815,19.400163018,-22.168197,1.7353380164152792,10.1287,-0.9894376,-11.1181376,2,4
1237655374647853180,919868510174210048,2051,250.11672302,39.32014086,-22.236185,0.030104063,58408223867.065865,1,250.11672302,39.32014086,-22.236185,0.0,11.10067,-1.076883,-12.177553,1,1
1237655473432101295,921091167339177984,2051,250.123093701,39.235103733,-21.371847,0.02974915,26347462799.788013,2,250.11672302,39.32014086,-22.236185,5.352017207256829,10.61224,-0.4678157,-11.0800557,2,2
1237655374647918701,921102437333362688,2051,250.313071672,39.290040043,-19.96735,0.030563998,7226699561.610204,3,250.11672302,39.32014086,-22.236185,9.731680211462994,9.692585,-0.1141439,-9.8067289,4,5
1237655374647918862,919871258953279488,2051,250.268046228,39.331537134,-19.611459,0.029759533,5206952309.634717,4,250.11672302,39.32014086,-22.236185,7.389665379841627,9.339087,-0.4724298,-9.8115168,3,6
1237667142330548371,2579468084968450048,2052,140.881271409,24.445690568,-22.055918,0.035449507,49472880798.08267,1,140.881271409,24.445690568,-22.055918,0.0,11.54541,0.3350771,-11.2103329,1,1
1237667142330548370,2579467260334729216,2052,140.873346271,24.479397251,-20.971788,0.035406342,18227000269.544712,2,140.881271409,24.445690568,-22.055918,2.1658114866675144,10.84392,-1.992845,-12.836765,3,3
1237667142330548459,2579468909602170880,2052,140.914141175,24.433630549,-20.555308,0.033899442,12420045876.007772,3,140.881271409,24.445690568,-22.055918,2.027165222660743,10.31715,-1.610977,-11.928127,2,4
1237667142330548469,2579469184480077824,2052,140.877889218,24.531654945,-19.146305,0.033582334,3392516745.348398,4,140.881271409,24.445690568,-22.055918,5.404762191259267,9.713595,-1.360018,-11.073613,4,8
1237651272962211930,502298449991985152,2055,131.158497561,55.01891698,-22.205302,0.025798999,56770249119.12366,1,131.158497561,55.01891698,-22.205302,0.0,11.09967,-1.248769,-12.348439,1,1
1237651272962211932,502297900236171264,2055,131.105993502,55.024345376,-20.905428,0.025260262,17146330870.68621,2,131.158497561,55.01891698,-22.205302,1.921677380785928,10.55095,-1.624726,-12.175676,2,4
1237651272962212132,502299549503612928,2055,131.22315637,55.05402117,-20.630037,0.026020284,13304997583.213943,3,131.158497561,55.01891698,-22.205302,3.2070304694360448,10.48272,-1.19842,-11.68114,3,5
1237651272962277451,502298999747799040,2055,131.226416477,55.069951365,-19.750362,0.025492479,5917589021.804985,4,131.158497561,55.01891698,-22.205302,4.032400561886013,9.999923,-2.033855,-12.033778000000002,4,7
1237657242433028141,936778997851777024,2057,139.308826396,44.489189572,-22.096547,0.032691682,51359265007.381454,1,139.308826396,44.489189572,-22.096547,0.0,11.01179,-1.173443,-12.185233,1,1
1237657242433028261,936900768764553216,2057,139.27676747,44.522801134,-20.118803,0.033387785,8308472753.589009,2,139.308826396,44.489189572,-22.096547,2.554163474072218,10.12171,-0.8042743,-10.9259843,2,5
1237657242433093724,936912313636644864,2057,139.40748553,44.558312846,-19.514376,0.032185023,4761572485.622306,3,139.308826396,44.489189572,-22.096547,6.196424868982048,9.522794,-0.2927964,-9.8155904,3,7
1237657242433028277,936901593398274048,2057,139.262940966,44.59100596,-19.406008,0.031702428,4309264979.907074,4,139.308826396,44.489189572,-22.096547,6.719252462648265,9.439952,-0.1878611,-9.6278131,4,8
1237662198286909631,1941110877767886848,2064,235.09312497,7.283228634,-22.396357,0.038558166,67692850137.099655,1,235.09312497,7.283228634,-22.396357,0.0,11.10952,-1.332,-12.44152,1,1
1237662264862441723,1941110602889979904,2064,235.161920436,7.437600605,-21.46759,0.038064657,28776369409.906956,2,235.09312497,7.283228634,-22.396357,10.604602670703066,10.6284,-0.2245172,-10.852917199999998,3,2
1237662264862376390,1941108128988817408,2064,235.132429083,7.457967603,-21.172225,0.03805255,21922496024.86833,3,235.09312497,7.283228634,-22.396357,11.249024377366348,10.65192,-0.2014011,-10.8533211,4,3
1237662264862376025,1941111977279514624,2064,235.053108444,7.378679954,-21.037623,0.037882619,19366413481.694023,4,235.09312497,7.283228634,-22.396357,6.495186071690752,10.57125,-1.173974,-11.745224,2,5
1237658491204665406,1380354706047526912,2065,177.896070781,8.752132474,-22.190721,0.036387926,56012944067.860435,1,177.896070781,8.752132474,-22.190721,0.0,11.1178,-1.392257,-12.510057000000002,1,1
1237658491204665353,1380357729704503296,2065,177.777125293,8.761657077,-20.983145,0.037039594,18418658681.677265,2,177.896070781,8.752132474,-22.190721,7.410650939473692,10.32369,0.3969554,-9.9267346,4,3
1237658491204665407,6059805054977372160,2065,177.901834567,8.741907686,-20.141939,0.035434397,8487418167.414564,3,177.896070781,8.752132474,-22.190721,0.7354259690707643,,,,2,6
1237658491204730988,1381547401268979712,2065,177.94156734,8.758675465,-20.084935,0.037050793,8053302268.800943,4,177.896070781,8.752132474,-22.190721,2.85507510861041,10.20066,-1.629133,-11.829793,3,7
1237659161195249685,1497530486329731072,2067,225.984755685,48.550244272,-22.217136,0.026276035,57392401825.58679,1,225.984755685,48.550244272,-22.217136,0.0,11.15442,-1.246647,-12.401067,1,1
1237661385998401730,1497533784864614400,2067,226.079857352,48.614738626,-19.996706,0.02600016,7424759658.745008,2,225.984755685,48.550244272,-22.217136,5.661023532348835,10.07869,-1.52427,-11.60296,3,2
1237659161195249868,1181225179083204608,2067,225.983932785,48.432659034,-19.905221,0.027127856,6824775973.108049,3,225.984755685,48.550244272,-22.217136,7.388177860278402,9.836985,-0.1386424,-9.9756274,4,3
1237659161195249691,1497532685352986624,2067,225.971418782,48.576105611,-19.795988,0.025123015,6171563473.538638,4,225.984755685,48.550244272,-22.217136,1.7169452806978276,9.661281,-0.3347768,-9.9960578,2,4
1237660343935041576,1366899157574379520,2068,141.219650702,38.351776353,-22.13996,0.028512098,53454466568.09416,1,141.219650702,38.351776353,-22.13996,0.0,11.08276,-1.347353,-12.430113,1,1
1237660343935041725,1366900531963914240,2068,141.256222346,38.344022978,-20.87949,0.027817159,16741562942.867994,2,141.219650702,38.351776353,-22.13996,1.8668031377003291,10.51304,-1.856794,-12.369834,2,2
1237660635989737560,1366914000981354496,2068,141.073012686,38.563414196,-20.621412,0.028384226,13199722467.921812,3,141.219650702,38.351776353,-22.13996,15.128772049332582,10.41265,-1.291703,-11.704353,4,3
1237660343934976007,1366910152690657280,2068,140.957094134,38.315062946,-19.799637,0.02870053,6192340086.414783,4,141.219650702,38.351776353,-22.13996,13.144414412261437,9.821256,-0.6904323,-10.5116883,3,5
1237667112257650760,6502188611063705600,2070,137.50756065,22.855095538,-22.194339,0.03705098,56199907401.66012,1,137.50756065,22.855095538,-22.194339,0.0,,,,1,1
1237667112257650761,2574983451765663744,2070,137.512069225,22.851788385,-21.521673,0.039370282,30246087206.81065,2,137.50756065,22.855095538,-22.194339,0.3336509925508373,10.7314,0.01464625,-10.71675375,2,2
1237667112257716415,2574986200544733184,2070,137.577859938,22.878633683,-20.463845,0.0370378,11416631937.614674,3,137.50756065,22.855095538,-22.194339,4.330285576773937,10.26954,-0.9503754,-11.2199154,4,5
1237667141792170057,2574984551277291520,2070,137.538910051,22.838494326,-20.216206,0.038801465,9088294675.528482,4,137.50756065,22.855095538,-22.194339,2.0935626775280283,9.761284,0.01409927,-9.74718473,3,6
1237665026510946314,5200708785014501376,2071,171.571906211,35.340183731,-22.439473,0.035158144,70435110456.47377,1,171.571906211,35.340183731,-22.439473,0.0,,,,1,1
1237665026510946313,2376778609802110976,2071,171.576679913,35.349323712,-21.006242,0.034914115,18814678429.999046,2,171.571906211,35.340183731,-22.439473,0.6242250736466493,10.5795,-1.411896,-11.991396,2,3
1237665026510881018,2376942162156742656,2071,171.556883776,35.392841775,-20.776517,0.0354122,15226735367.61923,3,171.571906211,35.340183731,-22.439473,3.3969546926067355,10.738,0.3391255,-10.3988745,4,5
1237665026510880997,2379095280818612224,2071,171.56530902,35.32853362,-20.130216,0.037217807,8396270081.163823,4,171.571906211,35.340183731,-22.439473,0.8063318231543968,10.22613,-1.190722,-11.416852,3,8
1237658800431104015,1876979380979263488,2072,199.124243875,52.933656799,-22.196027,0.033202128,56287349660.12112,1,199.124243875,52.933656799,-22.196027,0.0,11.04993,-1.306116,-12.356046,1,1
1237662303503974501,1170948043411843072,2072,199.154917472,52.913173027,-20.706807,0.032715277,14279822199.526152,2,199.124243875,52.933656799,-22.196027,1.7339310622008888,10.4375,-1.136122,-11.573622,3,2
1237662303503909059,1876976632200194048,2072,199.000393791,52.890991158,-20.094857,0.033352744,8127234670.400866,3,199.124243875,52.933656799,-22.196027,5.404404735906522,10.09428,-0.1002984,-10.1945784,4,3
1237658800431104162,1170959588283934720,2072,199.120039501,52.960308939,-19.822744,0.033974564,6325539907.203902,4,199.124243875,52.933656799,-22.196027,1.6821513881941008,10.11542,-1.605521,-11.720941,2,5
1237668293906530358,2791233207561906176,2073,161.096015005,18.48778427,-22.114943,0.032541493,52236876447.276,1,161.096015005,18.48778427,-22.114943,0.0,10.92852,-0.1668461,-11.0953661,1,1
1237668293906530412,2791235681463068672,2073,161.087536683,18.555068683,-20.471115,0.031987899,11493333268.945185,2,161.096015005,18.48778427,-22.114943,4.257673272618467,10.2119,0.3574495,-9.8544505,2,6
1237668293906464929,2791226335614232576,2073,160.952516586,18.47076204,-20.423983,0.03149792,11005079899.952557,3,161.096015005,18.48778427,-22.114943,8.618002853097565,10.27241,-1.928945,-12.201355,4,7
1237668293906464988,2791235131707254784,2073,160.992827914,18.481355124,-19.874536,0.031614464,6634594739.037524,4,161.096015005,18.48778427,-22.114943,6.162204207318017,10.1547,-0.2770057,-10.4317057,3,8
1237655128762744915,700380420138625024,2074,241.799535117,48.572553933,-22.069765,0.043524137,50107876689.8351,1,241.799535117,48.572553933,-22.069765,0.0,11.04549,-1.235692,-12.281182,1,1
1237651250439979263,7115727101928075264,2074,241.914966541,48.572884258,-20.628089,0.044019384,13281147500.429974,2,241.799535117,48.572553933,-22.069765,4.7989773117043075,,,,2,4
1237655128762810629,700366126487463936,2074,241.899822627,48.506238826,-20.387179,0.044335224,10638284487.953217,3,241.799535117,48.572553933,-22.069765,5.896414964367597,10.2014,-1.435295,-11.636695,4,6
1237651250439979264,700368600388626432,2074,241.915190289,48.574496891,-19.69627,0.043958684,5629994881.325548,4,241.799535117,48.572553933,-22.069765,4.809707380348794,10.17492,-1.802127,-11.977047,3,8
1237665442070528055,2443327932307892224,2077,238.541085075,19.106211009,-21.976092,0.036636711,45966009237.41971,1,238.541085075,19.106211009,-21.976092,0.0,10.92226,-1.280724,-12.202984,1,1
1237665442070593666,2443347448639285248,2077,238.590983824,19.03709055,-20.556107,0.036466436,12429189228.631378,2,238.541085075,19.106211009,-21.976092,5.257523826440787,9.959658,-0.01731761,-9.976975609999998,3,5
1237665442070593542,2445504971286800384,2077,238.553620751,19.003240958,-19.545065,0.03614437,4898081419.387861,3,238.541085075,19.106211009,-21.976092,6.512492222577077,9.36334,-0.3778986,-9.7412386,4,8
1237665442070528252,2443350197418354688,2077,238.549702643,19.066903754,-19.068571,0.036160417,3158118342.028407,4,238.541085075,19.106211009,-21.976092,2.522197795364032,9.594501,-0.9904164,-10.584917399999998,2,9
1237667429568086038,2490512647737337856,2078,167.759193862,25.906848807,-22.02983,0.041753545,48298317264.902336,1,167.759193862,25.906848807,-22.02983,0.0,11.06702,-1.314165,-12.381185,1,1
1237667429568086113,2490510448714082304,2078,167.716070985,25.868188761,-19.966533,0.041115673,7221263625.461478,2,167.759193862,25.906848807,-22.02983,3.4412698559053543,10.33145,-0.5556163,-10.8870663,3,4
1237667429568086156,2490512097981523968,2078,167.763409493,25.88835496,-19.950171,0.040622912,7113255363.417046,3,167.759193862,25.906848807,-22.02983,1.1861811341883413,10.12272,-1.909188,-12.031908,2,5
1237667429568086121,2492822996629088256,2078,167.726898849,25.856669173,-19.111581,0.041704963,3285733986.6661696,4,167.759193862,25.906848807,-22.02983,3.643288852309885,9.283918,-0.4318181,-9.7157361,4,9
1237651752919105558,532574327799834624,2079,140.009040144,1.038291217,-22.33879,0.018108335,64197187219.017944,1,140.009040144,1.038291217,-22.33879,0.0,10.96925,-1.621677,-12.590927,1,1
1237651752919040182,532575427311462400,2079,139.979946757,0.945150242,-20.634109,0.018723292,13354991009.713886,2,140.009040144,1.038291217,-22.33879,6.130989354101684,10.42299,-1.807159,-12.230149,2,2
1237651752919040221,532573228288206848,2079,139.9987243,0.930946251,-20.017358,0.018370269,7567339177.159195,3,140.009040144,1.038291217,-22.33879,6.775746631248721,10.05882,-1.750577,-11.809397,3,3
1237653664180732221,532590820474251264,2079,140.065038436,1.288826716,-19.658809,0.018569108,5439056873.007721,4,140.009040144,1.038291217,-22.33879,16.129873736580898,9.920506,-1.704333,-11.624839,4,4
1237661958300238042,1884788388008060928,2080,219.726696125,46.665612101,-22.014832,0.036265947,47635727257.05248,1,219.726696125,46.665612101,-22.014832,0.0,10.96713,-1.20312,-12.17025,1,1
1237661958300238036,1885979708890310656,2080,219.74133962,46.689605008,-20.770847,0.036765009,15147424622.0692,2,219.726696125,46.665612101,-22.014832,1.634353748366545,10.51537,-1.747402,-12.262772,3,3
1237661958300238043,1885976960111241216,2080,219.720673685,46.67445078,-20.608104,0.036676781,13038919377.576103,3,219.726696125,46.665612101,-22.014832,0.6130552596867548,10.55103,-2.081485,-12.632515,2,4
1237661958300238168,1884785364351084544,2080,219.704680797,46.608190688,-19.251683,0.036507722,3738291816.2811184,4,219.726696125,46.665612101,-22.014832,3.7308137639511423,9.589351,-0.5278332,-10.1171842,4,7
1237665024374931478,2374652429208676352,2081,203.370913575,33.04238043,-22.046682,0.025209679,49053816258.02885,1,203.370913575,33.04238043,-22.046682,0.0,11.01259,-1.505804,-12.518394,1,1
1237665024375062540,2374652154330769408,2081,203.668102722,32.951118848,-21.509198,0.024746317,29900551587.273502,2,203.370913575,33.04238043,-22.046682,16.67776231606809,10.77925,-1.631489,-12.410739,4,2
1237665024374866095,2374643633115654144,2081,203.277382868,33.151051301,-20.818275,0.025707873,15823771392.296988,3,203.370913575,33.04238043,-22.046682,8.417807019848235,9.958449,-0.03881726,-9.99726626,3,3
1237665024374865968,2374651054819141632,2081,203.30527475,33.109762385,-20.552985,0.025205556,12393500824.48256,4,203.370913575,33.04238043,-22.046682,5.465117729097428,10.43867,0.1956563,-10.2430137,2,4
1237664131554541630,1968237191482075136,2083,160.118749412,13.622762766,-22.035296,0.032853486,48542082049.7335,1,160.118749412,13.622762766,-22.035296,0.0,10.99175,-1.183983,-12.175733,1,1
1237664131554541775,1968223722464634880,2083,160.086509919,13.470130335,-20.894502,0.032562019,16974648892.51713,2,160.118749412,13.622762766,-22.035296,9.790286881851404,10.3168,-0.8603189,-11.1771189,2,2
1237661069789561066,1968235817092540416,2083,160.191883172,13.783311573,-20.019247,0.032880474,7580516545.711991,3,160.118749412,13.622762766,-22.035296,11.031298013618882,10.24366,-1.296264,-11.539924,3,3
1237661069789561112,1968233892947191808,2083,160.23268615,13.806435696,-20.013653,0.033414499,7541560163.118061,4,160.118749412,13.622762766,-22.035296,13.47411811553588,9.856933,-0.32859,-10.185523,4,4
1237654604776407246,635037546463651840,2084,131.683175161,2.537426265,-21.902868,0.029060842,42968203874.26851,1,131.683175161,2.537426265,-21.902868,0.0,11.06732,-1.326775,-12.394095,1,1
1237654604776472806,635035622318303232,2084,131.726220131,2.560068269,-20.327002,0.029651026,10064699204.227287,2,131.683175161,2.537426265,-21.902868,3.053567080904707,10.22042,0.1214586,-10.0989614,3,4
1237654604776472790,635036996707837952,2084,131.725198927,2.501469971,-20.075614,0.029196728,7984460927.79063,3,131.683175161,2.537426265,-21.902868,3.4730953457094107,9.841734,0.04398751,-9.797746490000002,4,6
1237654604776472776,635036721829931008,2084,131.713442285,2.569701859,-19.283859,0.030547233,3850734713.075147,4,131.683175161,2.537426265,-21.902868,2.7788407490647447,9.222021,-0.2703473,-9.4923683,2,9
1237673705578758181,488675500688959488,2086,116.758533832,41.536219112,-22.026446,0.029084511,48148016424.06972,1,116.758533832,41.536219112,-22.026446,0.0,11.09334,-1.443886,-12.537226,1,1
1237651272418132006,488674126299424768,2086,116.930294114,41.386375286,-20.827686,0.02906833,15961525644.325111,2,116.758533832,41.536219112,-22.026446,12.411697492332722,10.62678,-1.500952,-12.127732,4,2
1237673705578758184,4127560140591919104,2086,116.753174526,41.526078271,-20.503615,0.028437319,11842571077.93098,3,116.758533832,41.536219112,-22.026446,0.6852199226705163,,,,2,3
1237673705578758555,488676325322680320,2086,116.785053959,41.646030206,-19.421388,0.029850107,4370742288.536112,4,116.758533832,41.536219112,-22.026446,7.011280462895424,9.857841,-0.7507102,-10.6085512,3,4
1237657117875372073,933543959496517632,2088,132.978419399,40.835889015,-21.875541,0.029662965,41900229332.835,1,132.978419399,40.835889015,-21.875541,0.0,10.90979,-1.284469,-12.194259,1,1
1237657400806277320,934534344544905216,2088,133.173568786,40.684458639,-21.560228,0.029420771,31339437701.250675,2,132.978419399,40.835889015,-21.875541,13.296116226054448,10.39822,0.4710253,-9.9271947,2,3
1237657400806342833,933541760473262080,2088,133.313738349,40.722412805,-19.755417,0.030169854,5945204529.520615,3,132.978419399,40.835889015,-21.875541,17.474630298829737,10.09906,-0.6100746,-10.7091346,4,6
1237657400806277191,934531870643742720,2088,133.162649883,40.640629762,-19.135872,0.029095496,3360073674.251548,4,132.978419399,40.835889015,-21.875541,15.0811908337485,9.283221,-0.6554657,-9.9386867,3,8
1237660635461779469,1619118059434305536,2089,166.704836498,45.96461865,-21.897932,0.025639812,42773304158.81892,1,166.704836498,45.96461865,-21.897932,0.0,10.93703,-0.133459,-11.070489,1,1
1237660635461779518,1619117509678491648,2089,166.767369484,45.822123859,-21.240157,0.025951423,23337955101.83355,2,166.704836498,45.96461865,-21.897932,9.361521605744969,10.81917,0.4932349,-10.3259351,4,2
1237661357538869384,1619119708701747200,2089,166.655661941,46.038788104,-20.569901,0.025746039,12588106252.25203,3,166.704836498,45.96461865,-21.897932,5.13067691306184,10.43892,-0.2295911,-10.6685111,3,4
1237660635461779634,1616955594940377088,2089,166.6892227,45.907247741,-19.40889,0.02541461,4320718774.331103,4,166.704836498,45.96461865,-21.897932,3.6687211041958903,9.82612,-1.838447,-11.664567,2,7
1237667255619420207,2240547744815015936,2090,166.528706927,29.932798266,-21.838643,0.030680256,40500202995.963715,1,166.528706927,29.932798266,-21.838643,0.0,10.68942,-0.1028435,-10.7922635,1,1
1237667255619354751,2489510167960381440,2090,166.314525405,29.866334752,-21.03309,0.031295657,19285726343.07299,2,166.528706927,29.932798266,-21.838643,12.391142745422414,10.70814,-0.4106364,-11.1187764,3,4
1237665328771563541,2240547469937108992,2090,166.313470186,29.978374049,-20.606591,0.029553537,13020761978.321066,3,166.528706927,29.932798266,-21.838643,12.061975537293176,10.08522,0.1904069,-9.8948131,2,6
1237667255619354715,2489508518692939776,2090,166.289149629,29.838107889,-19.415818,0.030898258,4348377100.624589,4,166.528706927,29.932798266,-21.838643,14.342497518965777,9.769403,-0.477995,-10.247398,4,8
1237654879669452830,665471750053586944,2091,228.974379304,3.050323587,-21.863261,0.03849746,41428995176.60403,1,228.974379304,3.050323587,-21.863261,0.0,11.07672,-1.638053,-12.714773,1,1
1237654879669453071,665472299809400832,2091,229.021848577,3.00232231,-20.024358,0.037206018,7616285229.718384,2,228.974379304,3.050323587,-21.863261,4.238786788873952,10.38784,0.5675927,-9.8202473,4,6
1237654879669452848,665470375664052224,2091,228.998013151,3.027506697,-19.690834,0.037820209,5601877402.180201,3,228.974379304,3.050323587,-21.863261,2.0625692044247756,10.19687,-1.296068,-11.492938,2,7
1237654879669453281,665479171757074432,2091,228.952668459,3.007627149,-19.111679,0.039299,3286030574.7893987,4,228.974379304,3.050323587,-21.863261,3.0087408396150677,9.279489,-0.3716,-9.651089,3,9
1237665549439795241,2479297075636889600,2093,245.357183661,14.531522895,-21.921574,0.029729409,43714911147.25145,1,245.357183661,14.531522895,-21.921574,0.0,11.06496,-1.312771,-12.377731,1,1
1237665549439795506,2479295701247354880,2093,245.361463246,14.474168038,-20.390389,0.03028486,10669783321.438507,2,245.357183661,14.531522895,-21.921574,3.6131024645184375,10.08331,-0.5199997,-10.6033097,3,4
1237665549439795565,2479294601735727104,2093,245.38879908,14.472792523,-20.286723,0.02991472,9698156766.09182,3,245.357183661,14.531522895,-21.921574,4.161210889008099,10.21542,-1.713451,-11.928871,4,6
1237665549439795426,2479340231468279808,2093,245.35436302,14.579351693,-19.406939,0.028940462,4312961684.731754,4,245.357183661,14.531522895,-21.921574,3.010063801489234,9.733265,-0.7390365,-10.4723015,2,7
1237662263779197043,2037993794003036160,2095,213.332801176,8.850562897,-21.855682,0.024734544,41140806396.37346,1,213.332801176,8.850562897,-21.855682,0.0,10.88029,-1.590158,-12.470448,1,1
1237662237478682689,2037992144735594496,2095,213.272589547,8.631885368,-20.322063,0.025208285,10019018995.397398,2,213.332801176,8.850562897,-21.855682,14.239639576013012,10.24881,-0.2767805,-10.5255905,2,5
1237662237478682633,6138415737897414656,2095,213.284273616,8.618881394,-20.098632,0.025532673,8155541462.469493,3,213.332801176,8.850562897,-21.855682,14.865667442764366,,,,3,6
1237662237478617282,2037993519125129216,2095,213.17051963,8.652627801,-19.606801,0.025274822,5184661415.089879,4,213.332801176,8.850562897,-21.855682,16.007197954841082,10.01759,-1.323393,-11.340983,4,7
1237651538179850261,560772678806431744,2252,209.473051131,64.910976419,-23.031369,0.032254616,121491977208.72234,1,209.473051131,64.910976419,-23.031369,0.0,11.37721,-1.078435,-12.455645,1,1
1237651537642914009,560785323190151168,2252,209.119616883,64.628640503,-20.754684,0.031896961,14923599998.289215,2,209.473051131,64.910976419,-23.031369,20.107107391136072,10.54657,-0.5069337,-11.053503699999998,4,2
1237651538179850262,560771304416897024,2252,209.706631201,64.926134014,-20.680728,0.03185732,13940912456.278091,3,209.473051131,64.910976419,-23.031369,6.293830602196806,10.47468,-1.771577,-12.246257,2,4
1237651538179784880,560770204905269248,2252,209.459162345,65.01203434,-20.167071,0.032162973,8686171503.347979,4,209.473051131,64.910976419,-23.031369,6.360388586829454,10.01986,-0.3476417,-10.3675017,3,5
1237659324953854088,1317332898935760896,2283,242.717533802,41.885826449,-22.744998,0.038383687,93325258168.0622,1,242.717533802,41.885826449,-22.744998,0.0,11.28551,-1.073137,-12.358647,1,1
1237659329239777432,1317354889168316416,2283,242.585332866,41.854895221,-22.143747,0.039678669,53641238927.604546,2,242.717533802,41.885826449,-22.744998,6.483573375491975,10.74183,-0.411408,-11.153238,3,2
1237659324953854292,1317333448691574784,2283,242.797206877,41.972197147,-19.944545,0.037862742,7076491673.556232,3,242.717533802,41.885826449,-22.744998,6.581881150050805,10.07977,-1.737098,-11.816868,4,5
1237659324953854326,1317333723569481728,2283,242.740145942,41.871060032,-19.817187,0.037406447,6293247326.706309,4,242.717533802,41.885826449,-22.744998,1.4070733805921902,10.10033,-1.622856,-11.723186,2,6
1237668296601174132,2973514919078553600,2306,203.524701886,17.856852289,-22.75028,0.027739543,93780382553.14868,1,203.524701886,17.856852289,-22.75028,0.0,11.24391,-1.199668,-12.443578,1,1
1237668496867000461,2973535260043667456,2306,203.266275689,17.59708486,-21.420034,0.027143227,27543149537.93623,2,203.524701886,17.856852289,-22.75028,22.48569241253242,10.64308,-0.7713642,-11.4144442,4,3
1237668296601239639,2934261528058161152,2306,203.581040661,17.848047212,-20.896313,0.028796742,17002986108.52355,3,203.524701886,17.856852289,-22.75028,3.414539156982297,10.65933,-1.211567,-11.870897,2,4
1237668296601174268,2973527563462273024,2306,203.47915379,17.902684192,-19.978728,0.026788295,7302830151.821425,4,203.524701886,17.856852289,-22.75028,3.9637061602112698,9.693898,-0.2786981,-9.9725961,3,5
1237651191895752745,505604406595577856,2318,133.020617451,53.617307546,-22.747075,0.031511985,93503959110.44975,1,133.020617451,53.617307546,-22.747075,0.0,11.35979,-1.252072,-12.611862,1,1
1237651252023525473,503422150506473472,2318,132.498126853,53.517705545,-21.382482,0.031120156,26606809490.34272,2,133.020617451,53.617307546,-22.747075,20.476098332732967,10.81207,-0.6481031,-11.4601731,4,2
1237651251486785701,505605780985112576,2318,133.162664671,53.47806227,-21.057788,0.031681096,19729460060.335014,3,133.020617451,53.617307546,-22.747075,10.23064282777073,10.66437,-1.742188,-12.406558,2,3
1237651252023722212,505623373171156992,2318,132.900896383,53.853721342,-19.797921,0.031360211,6182560857.580722,4,133.020617451,53.617307546,-22.747075,15.506416347887711,9.697733,-0.3513926,-10.0491256,3,5
1237661949178216472,1812747831031654400,2345,178.869590386,11.968362452,-22.994571,0.022356521,117443341688.76796,1,178.869590386,11.968362452,-22.994571,0.0,11.17039,-1.065534,-12.235924,1,1
1237661949178216474,1812743158107236352,2345,178.904202554,11.997351853,-20.304709,0.021709484,9860151775.326923,2,178.869590386,11.968362452,-22.994571,2.8006003200102763,9.880844,-2.95893,-12.839774,2,2
1237661949178216473,1812743707863050240,2345,178.877042852,11.923716219,-20.26223,0.022123723,9481826406.889236,3,178.869590386,11.968362452,-22.994571,2.8423659402894703,10.18718,-1.550192,-11.737372,3,3
1237661811198459942,1812755527613048832,2345,178.759425099,11.316444836,-20.194016,0.02314568,8904435655.583694,4,178.869590386,11.968362452,-22.994571,41.518429875732544,10.41725,-0.5380006,-10.9552506,4,4
1237648705135771804,354755255579207680,2355,233.241797746,0.440734784,-22.794096,0.037062529,97642389745.17822,1,233.241797746,0.440734784,-22.794096,0.0,11.19496,-0.96501,-12.15997,1,1
1237648721790894241,4515077519011672064,2355,233.259640424,0.419928209,-21.013588,0.037626857,18942408583.00476,2,233.241797746,0.440734784,-22.794096,1.7221622471625926,,,,2,3
1237648705135772257,408841887286323200,2355,233.293466634,0.490755848,-21.004996,0.037459704,18793098931.570023,3,233.241797746,0.440734784,-22.794096,4.518481522306682,10.66006,-1.61763,-12.27769,3,4
1237648705135837483,354754980701300736,2355,233.367343838,0.430494633,-20.073625,0.039630696,7969847290.503576,4,233.241797746,0.440734784,-22.794096,7.914262597405914,10.25935,-0.36374,-10.62309,4,5
1237659329773633700,1315169884266588160,2376,236.112220529,47.006745529,-22.5704,0.03809311,79462092997.3783,1,236.112220529,47.006745529,-22.5704,0.0,11.294,-1.067855,-12.361855,1,1
1237659325487644730,1315167135487518720,2376,236.084492446,47.158851074,-20.586793,0.038182785,12785484792.5722,2,236.112220529,47.006745529,-22.5704,9.630423006237455,10.4133,-1.19061,-11.60391,3,3
1237659329773699247,1315172083289843712,2376,236.139724105,46.835958601,-20.038939,0.037028716,7719258772.214876,3,236.112220529,47.006745529,-22.5704,10.795574622966248,10.22129,-1.59144,-11.81273,4,4
1237659329773633620,1315167685243332608,2376,236.162595949,46.993940916,-20.015883,0.038227123,7557065736.097565,4,236.112220529,47.006745529,-22.5704,2.3036889575208574,10.0102,-0.2442708,-10.2544708,2,5
1237662696499314794,2081844792492320768,2417,235.691177471,24.986078917,-22.490229,0.033922607,73805988293.82994,1,235.691177471,24.986078917,-22.490229,0.0,11.18717,-0.643979,-11.831149,1,1
1237662696499183930,2081858261509761024,2417,235.407294359,25.111482814,-21.154481,0.034066681,21567132178.48572,2,235.691177471,24.986078917,-22.490229,17.9779584517621,10.74732,-0.4026702,-11.1499902,4,2
1237662696499380362,2081824726405113856,2417,235.804607849,25.035856885,-20.650448,0.034086667,13557487103.906715,3,235.691177471,24.986078917,-22.490229,7.176151395605163,10.4252,0.06006578,-10.36513422,3,3
1237662696499380384,2081823901771393024,2417,235.806497925,25.004764361,-19.718942,0.03377779,5748794707.007551,4,235.691177471,24.986078917,-22.490229,6.6712862553646195,9.996214,-0.1117431,-10.1079571,2,5
1237662267537948677,2063929087147141120,2423,229.535041508,5.31065696,-22.390845,0.038464113,67350062022.52068,1,229.535041508,5.31065696,-22.390845,0.0,10.91405,0.7503464,-10.1637036,1,1
1237662267538014312,2063944205432023040,2423,229.735818567,5.19177943,-22.161496,0.038168127,54525342214.67486,2,229.535041508,5.31065696,-22.390845,14.61507449452916,11.04586,-1.237477,-12.283337,4,2
1237662267537949046,2063942556164581376,2423,229.609373865,5.219220818,-21.633689,0.038332358,33533246391.19105,3,229.535041508,5.31065696,-22.390845,7.391585351272577,10.73447,-1.148239,-11.882709,3,3
1237662267537949098,2065020902210299904,2423,229.621165791,5.245303653,-20.579297,0.038273614,12697516913.640158,4,229.535041508,5.31065696,-22.390845,6.774684627540343,10.4528,-1.32407,-11.77687,2,7
1237673809192157408,5052165868093108224,2435,121.719932211,19.844138219,-22.329155,0.037866845,63630011246.92979,1,121.719932211,19.844138219,-22.329155,0.0,,,,1,1
1237673809192223014,2164154498916837376,2435,121.74634591,19.851649723,-21.705245,0.039493127,35817725187.7113,2,121.719932211,19.844138219,-22.329155,1.630821902749131,10.93475,-1.314893,-12.249643,3,2
1237674371289907217,2164139930387769344,2435,121.681174924,19.807374607,-21.360201,0.03821542,26066360662.423824,3,121.719932211,19.844138219,-22.329155,3.2532708524098237,10.80039,-0.6040628,-11.4044528,4,3
1237673809192157411,2164151200381954048,2435,121.720438094,19.859210632,-19.753821,0.039925404,5936471675.386562,4,121.719932211,19.844138219,-22.329155,0.9474994271001218,10.02903,-1.476839,-11.505869,2,6
1237648721249435820,347986667551877120,2454,222.748835979,-0.03750439,-22.550685,0.043557509,78032226706.11517,1,222.748835979,-0.03750439,-22.550685,0.0,11.35226,-0.7933003,-12.1455603,1,1
1237648721249501332,346809085028493312,2454,222.80149453,-0.06085058,-20.660608,0.04418809,13684949527.667427,2,222.748835979,-0.03750439,-22.550685,3.619226818340739,10.44216,-0.2493622,-10.6915222,3,3
1237648704594313302,347987492185597952,2454,222.727418691,0.027662027,-19.728062,0.043740498,5797286985.998809,3,222.748835979,-0.03750439,-22.550685,4.309991288491411,10.05111,-1.213605,-11.264715,4,6
1237648721249435833,346809909662214144,2454,222.758775754,-0.056016871,-19.634141,0.045150302,5316874386.048319,4,222.748835979,-0.03750439,-22.550685,1.3202331665704308,9.855238,-0.3610175,-10.2162555,2,7
1237668349207511099,3089555177955420160,2456,209.761696625,15.565743914,-22.412417,0.026418867,68701591850.79955,1,209.761696625,15.565743914,-22.412417,0.0,11.15768,-1.394978,-12.552658,1,1
1237668314847051864,3089578542577510400,2456,210.010908265,15.920579566,-21.090754,0.02694618,20337688910.934273,2,209.761696625,15.565743914,-22.412417,26.91099502461463,10.22725,0.2969973,-9.9302527,4,2
1237668349207445599,3088360283475830784,2456,209.731108745,15.635762513,-21.054562,0.026296814,19670925790.828503,3,209.761696625,15.565743914,-22.412417,4.772969175178041,10.07664,0.2089718,-9.8676682,3,3
1237668349207511108,3089556277467047936,2456,209.787781766,15.560303226,-19.436495,0.025599208,4431982123.629572,4,209.761696625,15.565743914,-22.412417,1.6154695317231582,10.1142,-0.8360543,-10.9502543,2,5
1237654609606148156,676727180641724416,2457,190.646823108,64.597620306,-22.402288,0.04287809,68063644517.9281,1,190.646823108,64.597620306,-22.402288,0.0,11.24583,-0.130016,-11.375846,1,1
1237654609606148138,676728005275445248,2457,190.605811834,64.488617901,-20.771462,0.042748394,15156007098.147589,2,190.646823108,64.597620306,-22.402288,6.9378053127314026,10.36182,0.01221027,-10.34960973,2,2
1237654875361378383,676740374781257728,2457,190.387842442,64.387433908,-20.316448,0.043038072,9967338326.67253,3,190.646823108,64.597620306,-22.402288,14.950262042211644,10.34381,-2.021168,-12.364978,4,3
1237654609606279302,676730754054514688,2457,191.113442197,64.541484739,-19.824195,0.042087209,6333999138.986719,4,190.646823108,64.597620306,-22.402288,13.07452659267589,9.758004,-0.1665761,-9.9245801,3,5
1237665355622121532,1318463196838782976,2462,245.224216515,40.104151091,-22.449045,0.033950262,71058821417.60817,1,245.224216515,40.104151091,-22.449045,0.0,11.23132,-1.266237,-12.497557,1,1
1237659325491839305,1318453301234132992,2462,245.338697923,40.309994649,-21.481505,0.033415355,29147546243.82659,2,245.224216515,40.104151091,-22.449045,14.051846262990251,10.82214,-1.522031,-12.344171,4,2
1237659325491904550,1318452201722505216,2462,245.43611544,40.204663109,-20.854007,0.033323437,16353201950.095266,3,245.224216515,40.104151091,-22.449045,11.976431724563737,10.43687,0.1984539,-10.2384161,2,3
1237665355622187254,1318466220495759360,2462,245.300679438,40.29124854,-19.525089,0.033208103,4808787654.424175,4,245.224216515,40.104151091,-22.449045,12.31512009117603,9.359344,-0.3370414,-9.6963854,3,6
1237661124540956698,1787963736426833920,2471,131.704961994,28.171313304,-22.293873,0.021809217,61595530500.64703,1,131.704961994,28.171313304,-22.293873,0.0,11.092,-1.218,-12.31,1,1
1237661124540956928,1787953565944276992,2471,131.778791847,28.236557262,-21.151084,0.021956383,21499759408.40788,2,131.704961994,28.171313304,-22.293873,5.789440005956941,10.46675,-0.8839175,-11.3506675,2,2
1237664094510907472,1787937073269860352,2471,131.779093113,27.873618119,-20.031182,0.021540256,7664305368.737887,3,131.704961994,28.171313304,-22.293873,19.15133336248156,9.810265,-0.2545161,-10.0647811,3,3
1237661124541087880,1787945319607068672,2471,132.060745093,28.260852907,-19.53817,0.021561197,4867074567.102013,4,131.704961994,28.171313304,-22.293873,20.485789361599927,9.383293,-0.6477388,-10.0310318,4,4
1237655744023691333,2067313384038098944,2477,236.015281024,4.7694667,-22.320336,0.042004332,63115263544.867,1,236.015281024,4.7694667,-22.320336,0.0,11.12093,0.5661265,-10.5548035,1,1
1237662267540766897,2067316132817168384,2477,236.020408955,4.697451669,-20.855432,0.04109319,16374679185.412174,2,236.015281024,4.7694667,-22.320336,4.536216681081227,10.37203,-0.003685585,-10.375715585,3,2
1237655744023691585,2067313933793912832,2477,236.038146105,4.754263172,-20.290979,0.040647398,9736247380.447803,3,236.015281024,4.7694667,-22.320336,1.7211298136219386,10.08682,-0.1052884,-10.1921084,2,4
1237655744023626322,2067301289410193408,2477,235.954144398,4.812563826,-19.524879,0.041671742,4807857642.374652,4,236.015281024,4.7694667,-22.320336,4.688862794793392,9.735352,-0.7198148,-10.4551668,4,7
1237665129066070264,2188905056588294144,2482,145.729779259,28.980767214,-22.462287,0.029311316,71930785016.70879,1,145.729779259,28.980767214,-22.462287,0.0,11.14531,0.2960854,-10.8492246,1,1
1237665129066070035,2188903957076666368,2482,145.613816568,28.952806663,-21.302282,0.030120659,24712279086.65466,2,145.729779259,28.980767214,-22.462287,6.612310320274768,10.78765,-0.7438216,-11.5314716,4,2
1237665098464952456,2188917975849920512,2482,145.799960119,28.922541266,-19.532123,0.02980857,4840042776.788367,3,145.729779259,28.980767214,-22.462287,5.317178447948032,9.681924,-0.2882861,-9.9702101,3,3
1237665129066070261,2188905881222014976,2482,145.71522118,29.000067712,-19.493455,0.029915272,4670700286.486455,4,145.729779259,28.980767214,-22.462287,1.452847223589589,9.28987,-0.2432432,-9.5331132,2,4
1237667254005923865,2652673845231642624,2485,159.341079528,27.358733979,-22.350946,0.043105578,64919983384.24809,1,159.341079528,27.358733979,-22.350946,0.0,11.10824,-0.3636953,-11.4719353,1,1
1237667254005923866,7270182919921659904,2485,159.32224701,27.375212971,-21.023262,0.04285397,19111941174.084816,2,159.341079528,27.358733979,-22.350946,1.4752456750977982,,,,2,2
1237667211056382122,2652669722063038464,2485,159.377984664,27.20059055,-20.634817,0.043255651,13363702533.874063,3,159.341079528,27.358733979,-22.350946,10.147921747048605,10.43438,-1.419673,-11.854053,3,3
1237667211056447529,2652664499382806528,2485,159.559722159,27.229184028,-19.826844,0.043541265,6349471819.069493,4,159.341079528,27.358733979,-22.350946,14.67304878600475,9.797628,-0.4088466,-10.2064746,4,4
1237657606427246665,933481562211641344,2489,131.558782915,41.579804651,-22.180427,0.03100677,55484387990.67393,1,131.558782915,41.579804651,-22.180427,0.0,11.05915,-0.3295293,-11.388679300000002,1,1
1237657769628926213,933486235136059392,2489,131.409405605,41.565726735,-20.718347,0.030332084,14432408074.744925,2,131.558782915,41.579804651,-22.180427,7.07702975170188,10.50787,-0.01503766,-10.52290766,2,3
1237657606427181201,933472766118619136,2489,131.326680809,41.476754478,-20.495107,0.030917428,11750133475.534576,3,131.558782915,41.579804651,-22.180427,12.693158565366074,10.39319,-1.822402,-12.215592,4,4
1237657402416758934,933493107083732992,2489,131.668339862,41.426263146,-19.452265,0.031308608,4496825137.275099,4,131.558782915,41.579804651,-22.180427,10.93835486471105,9.513554,-0.4678989,-9.9814529,3,5
1237648721754587439,301903655274047488,2491,150.298371429,0.225689884,-22.329443,0.033810897,63646891842.655594,1,150.298371429,0.225689884,-22.329443,0.0,11.07523,-1.332664,-12.407894,1,1
1237648721754652794,301914650390325248,2491,150.373737636,0.257196543,-20.562022,0.03484289,12497087194.885471,2,150.298371429,0.225689884,-22.329443,5.13249471671515,10.40068,-1.536158,-11.936838,2,2
1237654670272561322,301771988756621312,2491,150.231714637,0.086493177,-20.389483,0.033913112,10660883561.538317,3,150.298371429,0.225689884,-22.329443,9.697057104119024,10.24053,0.1189493,-10.1215807,4,3
1237651801234210980,301915200146139136,2491,150.31876052,0.120926771,-19.772412,0.033353097,6038996807.225697,4,150.298371429,0.225689884,-22.329443,6.705963631672286,9.93179,-0.2895998,-10.2213898,3,4
1237665228385157136,2377947116908603392,2494,201.182002808,32.540286773,-22.259165,0.040559868,59657630509.94023,1,201.182002808,32.540286773,-22.259165,0.0,10.84026,0.6824999,-10.1577601,1,1
1237665228385157137,7309481390180593664,2494,201.166896576,32.563193589,-22.118482,0.0401774,52407422406.84385,2,201.182002808,32.540286773,-22.259165,1.6466919342466586,,,,3,2
1237665228385157229,2377946292274882560,2494,201.261133146,32.552961671,-21.563851,0.039281557,31444189144.55621,3,201.182002808,32.540286773,-22.259165,4.266080963107401,10.71749,-1.311668,-12.029158,4,4
1237665228385157138,2377946567152789504,2494,201.170800381,32.559236205,-20.492012,0.039399669,11716686235.999332,4,201.182002808,32.540286773,-22.259165,1.33026688064772,9.961924,-2.075404,-12.037328,2,6
1237664294761529400,2289098879829829632,2497,208.389739938,37.387006279,-22.106167,0.025552419,51816347905.84377,1,208.389739938,37.387006279,-22.106167,0.0,11.11291,-1.454597,-12.567507,1,1
1237664294761594986,2289099704463550464,2497,208.51202018,37.380948087,-21.147797,0.025227244,21434768628.30445,2,208.389739938,37.387006279,-22.106167,6.1167221394437465,10.64182,-1.802577,-12.444397,2,2
1237662224612392982,2289079638376343552,2497,208.244980706,37.363330569,-20.88066,0.024745902,16759613539.559711,3,208.389739938,37.387006279,-22.106167,7.3794760442662755,10.57776,-1.724794,-12.302554,4,3
1237664294761594907,2267577588715120640,2497,208.515494722,37.417190709,-20.783,0.024688968,15317927158.934238,4,208.389739938,37.387006279,-22.106167,6.5570800074306455,10.4442,-1.871046,-12.315246,3,4
1237671932283519102,1373745816346322944,2498,165.586416424,10.243138065,-22.118039,0.036911489,52386043592.823135,1,165.586416424,10.243138065,-22.118039,0.0,11.01851,-1.335839,-12.354349,1,1
1237658493883711521,1373724100991674368,2498,165.442728152,10.329951093,-21.495805,0.036727924,29533981601.788967,2,165.586416424,10.243138065,-22.118039,10.424115749170152,10.71851,-1.040677,-11.759187,4,3
1237658493883711562,6030325498918924288,2498,165.485100764,10.290735707,-21.035868,0.035988243,19335134612.19594,3,165.586416424,10.243138065,-22.118039,6.9412303879536035,,,,2,4
1237658493883711660,1373741968055625728,2498,165.51372473,10.333647038,-19.984059,0.037078279,7338775458.957415,4,165.586416424,10.243138065,-22.118039,7.2481379293734784,9.412642,0.002619058,-9.410022942,3,7
1237667253995503631,2570540050802567168,2499,134.469556322,20.122523475,-22.18794,0.031794365,55869656342.78235,1,134.469556322,20.122523475,-22.18794,0.0,11.11896,-0.3160388,-11.4349988,1,1
1237667253995503633,2569328663094913024,2499,134.478720274,20.120402456,-20.55929,0.031651186,12465680741.954788,2,134.469556322,20.122523475,-22.18794,0.5568279693258017,10.22835,-0.896225,-11.124575,2,3
1237667211582767354,2569337734065842176,2499,134.366422903,20.128975281,-20.180186,0.03219334,8791731171.26648,3,134.469556322,20.122523475,-22.18794,6.097878616759675,9.931507,0.08385416,-9.84765284,4,4
1237667253995503858,2569326738949564416,2499,134.515225242,20.114888753,-19.544739,0.033344977,4896610956.45378,4,134.469556322,20.122523475,-22.18794,2.7367438367321677,10.0448,-1.564856,-11.609656,3,5
1237671129667666121,1383836584310237184,2500,181.308538629,10.613217036,-22.322325,0.034582596,63230992684.347565,1,181.308538629,10.613217036,-22.322325,0.0,11.13554,-1.816173,-12.951713000000002,1,1
1237671129667731700,1383822290659076096,2500,181.401096998,10.687033214,-20.650653,0.035514373,13560047161.535574,2,181.308538629,10.613217036,-22.322325,7.360522780385463,10.50129,-1.659886,-12.161176,4,3
1237671129667731636,1382768958603552768,2500,181.302112308,10.640347845,-20.431147,0.034539935,11077934678.937729,3,181.308538629,10.613217036,-22.322325,1.750263541964398,9.916598,-0.09513263,-10.01173063,2,4
1237658493353656373,1383828337973028864,2500,181.297588316,10.561387522,-19.871832,0.034600543,6618091998.197642,4,181.308538629,10.613217036,-22.322325,3.326031288768598,10.13692,-2.131035,-12.267955,3,5
1237665548887261266,2385890268114085888,2501,208.93785703,25.203124554,-22.264693,0.037547928,59962150483.55246,1,208.93785703,25.203124554,-22.264693,0.0,11.10709,-1.057642,-12.164732,1,1
1237665531709816970,6761102160287166464,2501,208.851012645,25.29152198,-20.948039,0.037789552,17832638265.030712,2,208.93785703,25.203124554,-22.264693,7.430110992587528,,,,3,2
1237665548887195936,2385887244457109504,2501,208.805724729,25.21640271,-20.328293,0.036773312,10076673802.372702,3,208.93785703,25.203124554,-22.264693,7.557568011383133,10.29245,-1.44192,-11.73437,4,5
1237665531709817003,2381284409593587712,2501,208.88654821,25.245767155,-19.96752,0.03795133,7227831176.36602,4,208.93785703,25.203124554,-22.264693,3.9603324083356815,10.0676,-1.059852,-11.127452,2,6
1237667292114976785,2573842708367960064,2503,137.666343332,18.696584237,-22.104272,0.029336714,51725988628.39569,1,137.666343332,18.696584237,-22.104272,0.0,11.19246,-1.117288,-12.309748,1,1
1237667292114845769,2573864148844701696,2503,137.39563091,18.615698202,-21.563346,0.029288729,31429567155.24619,2,137.666343332,18.696584237,-22.104272,16.897983327542512,10.52545,0.1868162,-10.3386338,2,2
1237667429555437686,2572688770914609152,2503,137.315227054,18.855045843,-20.512998,0.028828063,11945358825.15449,3,137.666343332,18.696584237,-22.104272,23.13891511916009,10.06359,-0.2724389,-10.3360289,4,3
1237667429555437726,2573865798112143360,2503,137.339524625,18.875293217,-19.971391,0.028695672,7253646720.37707,4,137.666343332,18.696584237,-22.104272,22.450446580111684,9.896671,-0.3345028,-10.2311738,3,4
1237662665889611790,1771043356365842432,2504,247.511403429,23.354426451,-22.102865,0.037515211,51659000598.132355,1,247.511403429,23.354426451,-22.102865,0.0,11.12726,-1.286817,-12.414077,1,1
1237662665889546707,1769965834148538368,2504,247.433577865,23.352885216,-21.573705,0.037324051,31730871476.537567,2,247.511403429,23.354426451,-22.102865,4.490364364950141,10.68894,-0.1141766,-10.8031166,3,2
1237662665889611792,1769964734636910592,2504,247.504978242,23.351344323,-19.625322,0.037052327,5273862467.320945,3,247.511403429,23.354426451,-22.102865,0.4181781662096493,9.676372,-1.198113,-10.874485,2,5
1237662665889546613,1771054626360027136,2504,247.4324408,23.43816895,-19.180814,0.036911821,3502076268.897201,4,247.511403429,23.354426451,-22.102865,6.958398762026286,9.47954,-0.8296378,-10.3091778,4,7
1237665330395152439,2375743419604559872,2510,200.937575352,31.565755539,-22.176285,0.016973542,55273122560.67737,1,200.937575352,31.565755539,-22.176285,0.0,11.00629,-1.634939,-12.641229,1,1
1237665226774347799,2369054272198305792,2510,200.41887518,31.351002272,-20.750185,0.017003537,14861888543.60134,2,200.937575352,31.565755539,-22.176285,30.902170009884543,10.09352,-0.985613,-11.079133,4,2
1237665330395152577,2375737647168514048,2510,200.923224939,31.646311615,-20.01804,0.017388737,7572094058.262784,3,200.937575352,31.565755539,-22.176285,5.119409965534556,9.83899,-1.24471,-11.0837,3,3
1237665330395152533,2375745893505722368,2510,200.928332469,31.515498816,-19.718526,0.018350207,5746592477.318053,4,200.937575352,31.565755539,-22.176285,3.1962780751469366,10.06063,-1.890617,-11.951247,2,4
1237667538550456387,7226250558846988288,2513,164.987075023,24.175996796,-22.166676,0.044596331,54786101781.94922,1,164.987075023,24.175996796,-22.166676,0.0,,,,1,1
1237667538550456486,2799122198491588608,2513,165.069949832,24.180122933,-20.051517,0.044726275,7809204574.307477,2,164.987075023,24.175996796,-22.166676,4.757457708246677,10.11737,-1.708239,-11.825609,4,4
1237667538550456390,2799114501910194176,2513,164.982681013,24.168966437,-19.731431,0.045230614,5815303695.04941,3,164.987075023,24.175996796,-22.166676,0.5084951265905029,9.530393,-1.830684,-11.361077,2,5
1237667538550456457,2799115876299728896,2513,165.011808724,24.157547955,-19.635996,0.043867718,5325966126.870147,4,164.987075023,24.175996796,-22.166676,1.8313984730564483,9.965424,-1.877958,-11.843382,3,6
1237653613184286875,6450330704777244672,2514,138.500705919,52.639011963,-22.08339,0.039284471,50740646922.72598,1,138.500705919,52.639011963,-22.08339,0.0,,,,1,1
1237654381978124528,6450332354044686336,2514,138.627145789,52.580410513,-20.801167,0.038731355,15576389552.849684,2,138.500705919,52.639011963,-22.08339,6.068794756881559,,,,4,4
1237653613184286930,622768642190239744,2514,138.491772578,52.660002493,-20.08539,0.03985261,8056677877.363654,3,138.500705919,52.639011963,-22.08339,1.3621275698913942,10.24607,-2.02419,-12.27026,2,6
1237654381978124522,622770566335588352,2514,138.497497705,52.603313436,-19.493778,0.039699212,4672089998.474763,4,138.500705919,52.639011963,-22.08339,2.246340392650733,9.994289,-2.19301,-12.187299,3,7
1237662641734025605,1771162378499549184,2519,247.192214312,25.494703293,-22.157553,0.040204293,54327685079.813484,1,247.192214312,25.494703293,-22.157553,0.0,11.11351,-1.256263,-12.369773,1,1
1237662641733960172,1772330064042551296,2519,247.143167941,25.565657864,-21.36643,0.040501234,26216336330.950333,2,247.192214312,25.494703293,-22.157553,5.254361764371571,11.02291,-1.047555,-12.070465,4,2
1237662641734025606,1772328689653016576,2519,247.18016664,25.497480147,-20.934951,0.04002322,17618965290.503185,3,247.192214312,25.494703293,-22.157553,0.7051839391671711,10.62664,-1.762108,-12.388748,2,4
1237662641734025672,1771161828743735296,2519,247.230819844,25.51989248,-20.655083,0.040260268,13615487632.062336,4,247.192214312,25.494703293,-22.157553,2.701409181857211,10.50177,-1.667052,-12.168822,3,5
1237655743485051017,2066074234366486528,2524,231.954920117,4.856796853,-21.975781,0.042512432,45952844546.39892,1,231.954920117,4.856796853,-21.975781,0.0,10.98935,-1.225628,-12.214978,1,1
1237655743485050967,2066084129971136512,2524,231.942471601,4.881512615,-21.867015,0.042270347,41572486408.67924,2,231.954920117,4.856796853,-21.975781,1.737522803053508,11.00798,-1.304783,-12.312763,2,2
1237655743485051105,2066072859976951808,2524,232.01789484,4.870289543,-21.350793,0.042186531,25841469107.381123,3,231.954920117,4.856796853,-21.975781,4.03268985745547,10.6687,0.1117709,-10.5569291,3,4
1237655743485051204,2066085504360671232,2524,231.90831896,4.906116512,-19.076418,0.042287419,3181025862.2100954,4,231.954920117,4.856796853,-21.975781,4.25607374307094,9.665943,-9999.0,-10008.665943,4,8
1237667781749309604,2674071990507169792,2526,156.501695274,19.327805565,-22.149321,0.043006281,53917332770.303925,1,156.501695274,19.327805565,-22.149321,0.0,11.0266,-0.8803715,-11.9069715,1,1
1237667781749309505,2674047526373451776,2526,156.529274456,19.297290413,-21.535757,0.04250873,30640990487.189915,2,156.501695274,19.327805565,-22.149321,2.5200138624158908,10.67562,-0.3311983,-11.0068183,2,3
1237667734497198213,2674045877106010112,2526,156.545701928,19.467025123,-21.051483,0.043271679,19615220747.74515,3,156.501695274,19.327805565,-22.149321,9.127947929438424,10.6746,-1.608929,-12.283529,4,4
1237667781749309646,2674050824908335104,2526,156.579078842,19.307662206,-20.056183,0.043569404,7842837198.045906,4,156.501695274,19.327805565,-22.149321,4.759761995213507,9.931991,-0.6538739,-10.5858649,3,6
1237657856065994762,984114073375369216,2530,155.481279853,48.031227682,-22.160583,0.042328689,54479510904.73181,1,155.481279853,48.031227682,-22.160583,0.0,11.1388,-1.215461,-12.354261,1,1
1237657856065929302,982958767169628160,2530,155.413912587,48.016015786,-20.916906,0.041609053,17328557030.385895,2,155.481279853,48.031227682,-22.160583,2.9879977140277036,10.52037,-1.608478,-12.128848,3,4
1237657856065994763,984115447764903936,2530,155.480706582,48.050877244,-20.736448,0.041953365,14675036834.336754,3,155.481279853,48.031227682,-22.160583,1.234853251455266,10.20906,-0.453561,-10.662621,2,5
1237657856065929446,982957392780093440,2530,155.480342635,47.954603362,-20.597945,0.041625385,12917486014.02024,4,155.481279853,48.031227682,-22.160583,4.814609302639934,10.1252,0.02553229,-10.09966771,4,7
1237667324328738825,2506353037384116224,2538,179.7312342,28.398970222,-21.964081,0.02917142,45460310741.962265,1,179.7312342,28.398970222,-21.964081,0.0,10.9268,-1.409364,-12.336164,1,1
1237667324328673395,2506357160552720384,2538,179.685966561,28.28955634,-21.733725,0.028387929,36769692674.611725,2,179.7312342,28.398970222,-21.964081,7.316246641634564,10.7422,-1.328727,-12.070927,4,2
1237667324328739003,2506354136895744000,2538,179.754917255,28.33880806,-19.768364,0.029104457,6016523259.559718,3,179.7312342,28.398970222,-21.964081,4.000442718092869,9.968341,-1.797536,-11.765877,3,5
1237667324328738997,2506353862017837056,2538,179.743376348,28.367089241,-19.231769,0.028352855,3670351014.0950103,4,179.7312342,28.398970222,-21.964081,2.1126022453360265,9.74928,-1.601563,-11.350843,2,6
1237651250968199288,682320671992211456,2539,215.329762352,61.579246461,-21.851011,0.036760053,40964192658.43886,1,215.329762352,61.579246461,-21.851011,0.0,10.9962,-1.057849,-12.054049,1,1
1237651250968199290,682322871015467008,2539,215.287824547,61.582357999,-20.849682,0.036397296,16288188999.178925,2,215.329762352,61.579246461,-21.851011,1.2692083037534303,10.60789,-1.587123,-12.195013,2,3
1237651250968199408,683519964350539776,2539,215.399311497,61.583998028,-19.214254,0.037568597,3611616263.243836,3,215.329762352,61.579246461,-21.851011,2.1009839054807484,9.894928,-1.63595,-11.530878,4,6
1237651250968199390,682318472968955904,2539,215.325084943,61.556605429,-19.113424,0.035459571,3291316143.9282165,4,215.329762352,61.579246461,-21.851011,1.429443054070697,9.579519,-1.392967,-10.972486,3,7
1237665428090454023,2264188619654719488,2540,196.572062707,29.063178539,-22.15133,0.024240516,54017191463.58819,1,196.572062707,29.063178539,-22.15133,0.0,10.90084,-0.1440171,-11.0448571,1,1
1237665441516355626,2262041829996259328,2540,196.355248557,29.29647896,-21.051947,0.024405481,19623605295.910427,2,196.572062707,29.063178539,-22.15133,18.87709009596752,10.55399,-1.696541,-12.250531,3,2
1237665441516421312,2262008294891612160,2540,196.589413267,29.170123709,-19.930113,0.025151199,6983050776.854591,3,196.572062707,29.063178539,-22.15133,6.786722556432517,10.08865,-1.420454,-11.509104,2,3
1237665428627324992,2264352172009351168,2540,196.637571318,29.365629286,-19.283773,0.025192469,3850429712.589148,4,196.572062707,29.063178539,-22.15133,19.34012208267303,9.199415,-0.5344769,-9.7338919,4,4
1237658204514746432,1441182438142273536,2543,196.423105958,49.42159815,-21.820946,0.034758387,39845419177.18126,1,196.423105958,49.42159815,-21.820946,0.0,10.9809,-0.7344539,-11.7153539,1,1
1237658204514811907,1441181888386459648,2543,196.495735506,49.362369417,-21.338001,0.033750656,25538794879.881783,2,196.423105958,49.42159815,-21.820946,4.761474165466195,10.74086,-1.205655,-11.946515,3,2
1237658204514746433,1442385304114718720,2543,196.419544174,49.421542121,-20.732054,0.034825903,14615766629.386276,3,196.423105958,49.42159815,-21.820946,0.145617619009485,10.72596,-1.412166,-12.138126,2,3
1237658204514811929,1441181613508552704,2543,196.508788473,49.337314416,-20.330233,0.034614404,10094694959.268208,4,196.423105958,49.42159815,-21.820946,6.35053215665334,10.21541,0.1569393,-10.0584707,4,5
1237671956981153874,594596955649239040,2547,204.088269401,3.330855843,-21.956837,0.023847885,45158010477.44059,1,204.088269401,3.330855843,-21.956837,0.0,10.96649,-1.353857,-12.320347,1,1
1237671956981088440,594597780282959872,2547,204.03298182,3.509454643,-20.168676,0.024578056,8699021415.431181,2,204.088269401,3.330855843,-21.956837,11.745249327913257,9.642216,-0.2528481,-9.8950641,4,5
1237671990803562762,594585685655054336,2547,203.917964286,3.293139,-20.043385,0.024195178,7750933306.770646,3,204.088269401,3.330855843,-21.956837,10.94241289324891,9.900757,-0.3426635,-10.2434205,3,6
1237671956981219542,594622519294584832,2547,204.200914199,3.280079566,-19.7685,0.023743401,6017276940.250253,4,204.088269401,3.330855843,-21.956837,7.752772088206191,10.17684,-0.4426573,-10.6194973,2,7
1237661416603910214,1494127772031805440,2548,219.396619672,51.583145902,-21.953534,0.044019755,45020840640.873634,1,219.396619672,51.583145902,-21.953534,0.0,11.00397,0.499579,-10.504391,1,1
1237661386532978835,1494108530578319360,2548,219.36148611,51.654592351,-20.600627,0.043168138,12949434403.038464,2,219.396619672,51.583145902,-21.953534,4.69369004501075,10.72606,0.03095656,-10.69510344,4,2
1237661416603910440,1494115677403899904,2548,219.32644959,51.612817747,-19.969797,0.044683272,7243005250.105961,3,219.396619672,51.583145902,-21.953534,3.3130476685506007,10.67934,0.3790247,-10.3003153,3,3
1237661416603910488,1494107705944598528,2548,219.444480539,51.574080777,-18.998136,0.04421684,2959745711.734522,4,219.396619672,51.583145902,-21.953534,1.95365931014634,9.663465,-1.032575,-10.69604,2,8
1237667549272080451,2802436126218938368,2549,166.713187834,23.016324367,-22.026437,0.022274394,48147617312.066414,1,166.713187834,23.016324367,-22.026437,0.0,10.9474,-1.729333,-12.676733,1,1
1237667549272014990,2802444647434053632,2549,166.572520572,22.889480881,-20.437221,0.023091435,11140082317.877586,2,166.713187834,23.016324367,-22.026437,11.390998681145998,10.34563,0.2336574,-10.1119726,4,2
1237667549272080652,2802434476951496704,2549,166.745810682,23.006319856,-20.308804,0.021872615,9897410882.474203,3,166.713187834,23.016324367,-22.026437,1.988614935831956,9.393138,-0.2005049,-9.5936429,2,3
1237667549272145983,2802425131102660608,2549,166.827886003,22.942015099,-20.270848,0.022191611,9557387617.929928,4,166.713187834,23.016324367,-22.026437,8.112973521497704,9.745625,-0.1841541,-9.9297791,3,4
1237667211585650917,2578452961076209664,2550,140.842762938,22.630237934,-21.84584,0.033497718,40769557708.25901,1,140.842762938,22.630237934,-21.84584,0.0,10.86703,-1.403911,-12.270941,1,1
1237667211585585288,2578447738395977728,2550,140.751043576,22.618562154,-21.304768,0.03234461,24768927388.98508,2,140.842762938,22.630237934,-21.84584,5.369770626459482,10.56228,-1.517327,-12.079607,4,2
1237667211585650886,6501038521783611392,2550,140.779730031,22.692323434,-21.249795,0.032199867,23546046643.59384,3,140.842762938,22.630237934,-21.84584,5.345499693714021,,,,3,3
1237667211585650986,2578460932535511040,2550,140.874258547,22.678712691,-20.154516,0.03316441,8586306753.896083,4,140.842762938,22.630237934,-21.84584,3.551310592416091,10.21764,-1.784481,-12.002121,2,6
1237654653642997820,861471246469064704,2554,137.634053855,50.433295073,-21.813605,0.016629392,39576920635.42391,1,137.634053855,50.433295073,-21.813605,0.0,11.05377,-0.3855843,-11.4393543,1,1
1237655108902584442,862513858252662784,2554,137.665282507,50.379818852,-21.596668,0.017568741,32409117100.15425,2,137.634053855,50.433295073,-21.813605,3.5851840825393237,10.82493,-1.828152,-12.653082,2,2
1237654653642932295,861468222812088320,2554,137.549533935,50.401325684,-21.082767,0.016990874,20188627734.7681,3,137.634053855,50.433295073,-21.813605,3.935120129264715,10.70877,-1.844962,-12.553732,3,3
1237654653642932418,862537222874753024,2554,137.477243722,50.418268863,-19.45278,0.016196958,4498958633.668992,4,137.634053855,50.433295073,-21.813605,6.3475178978927005,9.893956,-1.435626,-11.329581999999998,4,4
1237671122692472846,2907074728420206592,2689,147.972488906,12.94471271,-23.054563,0.042493585,124115265318.81226,1,147.972488906,12.94471271,-23.054563,0.0,11.35248,-1.032416,-12.384896,1,1
1237671122692407542,2907075553053927424,2689,147.935643883,12.987129066,-21.242569,0.043784039,23389858796.430714,2,147.972488906,12.94471271,-23.054563,3.4917555617164826,10.71229,-1.388335,-12.100625,2,3
1237671122692473127,1962543369544558592,2689,148.084607231,13.016730152,-20.776935,0.042391586,15232598670.977451,3,147.972488906,12.94471271,-23.054563,8.221800894086266,10.40841,-1.477969,-11.886379,3,4
1237661070858059829,2907076377687648256,2689,147.839899133,13.090010999,-20.429692,0.042967901,11063099031.435936,4,147.972488906,12.94471271,-23.054563,12.215858404335307,10.07541,-0.6254734,-10.7008834,4,5
1237665530651082852,2845305271897581568,2832,243.513702543,14.282121472,-22.860288,0.030523379,103780366483.02086,1,243.513702543,14.282121472,-22.860288,0.0,11.23856,0.04050088,-11.19805912,1,1
1237665566619468087,2845295376292931584,2832,243.302845478,14.185506945,-21.820055,0.031263097,39812733792.83012,2,243.513702543,14.282121472,-22.860288,14.204322119218691,10.94648,-1.410252,-12.356732,3,2
1237665530651083244,2845306371409209344,2832,243.515127825,14.142926689,-20.920438,0.031284335,17385020214.613255,3,243.513702543,14.282121472,-22.860288,8.746296993740737,10.33504,-0.1559375,-10.4909775,2,3
1237665530650952005,2845294001903396864,2832,243.237979577,14.292035353,-20.545901,0.031059302,12312901351.351656,4,243.513702543,14.282121472,-22.860288,16.799923336388023,10.27936,-0.08484472,-10.36420472,4,5
1237662264320852078,2043606527494875136,2838,224.399216543,8.285269431,-22.683049,0.037577727,88149448598.43686,1,224.399216543,8.285269431,-22.683049,0.0,11.35801,-0.5632031,-11.9212131,1,1
1237662264320852039,2043604328471619584,2838,224.378898795,8.390658175,-22.129935,0.037683857,52963173536.69125,2,224.399216543,8.285269431,-22.683049,6.741163123369871,11.08445,-0.5909874,-11.6754374,2,2
1237662197745320335,2043596906768132096,2838,224.33403521,8.503802427,-20.231253,0.035393873,9215124349.643965,3,224.399216543,8.285269431,-22.683049,14.316113544517144,9.564481,-0.781781,-10.346262,4,4
1237662264320917765,2043604603349526528,2838,224.472175257,8.20278674,-19.86648,0.038101317,6585549220.126767,4,224.399216543,8.285269431,-22.683049,6.887736542716916,9.895693,-1.31636,-11.212053,3,5
1237665440988463229,2403812857989851136,2857,218.940580173,24.725796222,-22.707351,0.036666296,90144741981.73,1,218.940580173,24.725796222,-22.707351,0.0,11.20517,0.5967101,-10.6084599,1,1
1237665440988463230,2403811758478223360,2857,218.946588452,24.752863778,-21.419867,0.034975101,27538913377.970127,2,218.940580173,24.725796222,-22.707351,1.734921329492982,10.689,-1.078515,-11.767515,2,2
1237665440988528752,6773575294785351680,2857,218.994493592,24.717761923,-20.252067,0.036373224,9393486163.571465,3,218.940580173,24.725796222,-22.707351,3.118149177923102,,,,4,3
1237665440988528754,2403798289460783104,2857,218.991916721,24.726278837,-20.005948,0.035238756,7488230427.04271,4,218.940580173,24.725796222,-22.707351,2.930001200439357,9.701484,-0.1115101,-9.8129941,3,6
1237651735235919946,343519895171917824,2892,216.138223157,1.177318646,-22.703339,0.039580321,89812254842.32716,1,216.138223157,1.177318646,-22.703339,0.0,11.12835,-0.7947621,-11.9231121,1,1
1237651735235919950,343516596637034496,2892,216.156814565,1.170588116,-21.213836,0.03885128,22778986646.21176,2,216.138223157,1.177318646,-22.703339,1.2420943622878098,10.27859,-0.02117635,-10.29976635,2,2
1237651735235920177,343539411503310848,2892,216.192493241,1.170882591,-20.53365,0.040244774,12174748541.031528,3,216.138223157,1.177318646,-22.703339,3.4330741666676454,10.37909,-1.56931,-11.9484,3,3
1237648722857033814,343517971026569216,2892,215.867417143,1.102089816,-20.398267,0.04043816,10747483820.67296,4,216.138223157,1.177318646,-22.703339,17.656337666957057,10.35126,-1.164048,-11.515308,4,4
1237665372795502619,2441100871690381312,2904,237.488918072,20.805199298,-22.880665,0.035465542,105746499513.85464,1,237.488918072,20.805199298,-22.880665,0.0,10.77733,0.5631928,-10.2141372,1,1
1237665536003539140,2441118463876425728,2904,237.499092929,21.189632207,-20.847813,0.03526174,16260174424.390747,2,237.488918072,20.805199298,-22.880665,24.162004911568943,10.47271,-0.07151216,-10.54422216,4,2
1237665372795502891,2441113241196193792,2904,237.582223183,20.761969421,-20.292843,0.036800332,9752976999.098051,3,237.488918072,20.805199298,-22.880665,6.117159476136013,9.733648,-1.515511,-11.249159,2,3
1237665372258697307,2441101971202009088,2904,237.513166712,20.468060066,-19.891296,0.036302696,6737804413.029918,4,237.488918072,20.805199298,-22.880665,21.231014134252337,10.21331,-0.9038907,-11.1172007,3,4
1237662302989451426,1899530086734915584,2917,255.99375277,24.177653737,-22.645613,0.030959913,85161872119.94153,1,255.99375277,24.177653737,-22.645613,0.0,11.31032,-1.612456,-12.922776,1,1
1237662302989451434,1906151898633758720,2917,256.007696668,24.171969183,-20.91014,0.031312584,17220906152.40282,2,255.99375277,24.177653737,-22.645613,0.8754588738790113,10.652,0.5367023,-10.1152977,2,2
1237662501088199136,1899529536979101696,2917,256.013994932,24.264427624,-20.048144,0.030771266,7784981771.379156,3,255.99375277,24.177653737,-22.645613,5.574176147683756,10.16157,-1.127911,-11.289481,3,4
1237662501088395735,1900631525897037824,2917,256.463830054,24.076583517,-20.035091,0.031246717,7691949069.618072,4,255.99375277,24.177653737,-22.645613,27.693526091523907,9.819155,-0.1463828,-9.9655378,4,5
1237662199895556189,1937788428473100288,2959,230.896855335,9.346152919,-22.486245,0.036215676,73535660902.52708,1,230.896855335,9.346152919,-22.486245,0.0,11.21689,-1.165616,-12.382506,1,1
1237662199895556320,1937784580182403072,2959,230.93273644,9.37703283,-21.140861,0.033907384,21298273515.12204,2,230.896855335,9.346152919,-22.486245,2.951731078551365,10.3562,-0.1278629,-10.4840629,2,2
1237662199895687252,1937795025542866944,2959,231.175997564,9.302805417,-20.032772,0.034634327,7675537538.097271,3,230.896855335,9.346152919,-22.486245,17.520265078558236,10.32348,-0.6119266,-10.9354066,3,3
1237662199895687423,1937799698467284992,2959,231.202122431,9.234006469,-19.876266,0.035960501,6645174655.268924,4,230.896855335,9.346152919,-22.486245,20.197900381671676,10.05264,-1.266622,-11.319262,4,4
1237651496830238876,488730201392441344,2975,116.782600605,43.314051102,-22.355134,0.042120868,65170882206.2588,1,116.782600605,43.314051102,-22.355134,0.0,11.27564,-1.432092,-12.707732,1,1
1237651496830239120,488732400415696896,2975,116.703562857,43.374829626,-21.9887,0.042024352,46502896029.84569,2,116.782600605,43.314051102,-22.355134,5.256107329403062,11.09221,-1.579959,-12.672169,2,2
1237651274029465878,1954566962407303168,2975,116.58649967,43.508717088,-20.891813,0.041907553,16932660466.662886,3,116.782600605,43.314051102,-22.355134,15.156450665635736,10.33883,-0.3204414,-10.6592714,4,4
1237651496830173526,488746968944764928,2975,116.609393478,43.204623484,-19.529707,0.042490948,4829284599.434122,4,116.782600605,43.314051102,-22.355134,10.492280649987151,9.769549,-0.5329866,-10.3025356,3,6
1237661210974945409,1454727046973384704,2995,228.30718695,40.537884451,-22.247282,0.031592665,59008258829.61313,1,228.30718695,40.537884451,-22.247282,0.0,11.08855,-0.03789777,-11.12644777,1,1
1237661210975010820,1454724573072222208,2995,228.314861875,40.518750625,-21.562408,0.032111847,31402425937.334946,2,228.30718695,40.537884451,-22.247282,1.25684772175001,10.72387,0.9536588,-9.7702112,2,3
1237661210974945541,5817776708589907968,2995,228.247456389,40.53971369,-20.520254,0.030068106,12025457284.418056,3,228.30718695,40.537884451,-22.247282,2.8544534053801516,,,,4,5
1237661210974945542,1454726222339663872,2995,228.260829826,40.539396215,-19.335981,0.031864939,4040102652.7423096,4,228.30718695,40.537884451,-22.247282,2.2155983124137313,10.09706,1.232796,-8.864264,3,6
1237661949715808296,1813896545855105024,2999,180.605342802,12.337725227,-22.456074,0.041651706,71520344877.5419,1,180.605342802,12.337725227,-22.456074,0.0,11.22226,-1.091551,-12.313811,1,1
1237661949715808398,1813900119267895296,2999,180.585357372,12.290205379,-20.21744,0.041124485,9098629903.55915,2,180.605342802,12.337725227,-22.456074,3.2279839003623714,9.808573,-0.06298953,-9.87156253,2,3
1237661949715808406,1813890773419059200,2999,180.610739415,12.278834381,-19.96,0.042622568,7177942912.713644,3,180.605342802,12.337725227,-22.456074,3.715021576835684,10.01768,-1.505068,-11.522748,3,4
1237661949715808537,1813900943901616128,2999,180.546866107,12.405363652,-19.896675,0.042345645,6771267952.011847,4,180.605342802,12.337725227,-22.456074,5.562486945175285,9.661783,-0.08562285,-9.74740585,4,5
1237667324335882319,2525505430008915968,3000,198.362288397,27.802372038,-22.425774,0.02217331,69551996341.10495,1,198.362288397,27.802372038,-22.425774,0.0,11.1427,-1.236771,-12.379471,1,1
1237667324335882318,2525505979764729856,3000,198.357081326,27.763457323,-20.822726,0.021382819,15888774448.856928,2,198.362288397,27.802372038,-22.425774,2.4621570950933975,10.43343,0.05657067,-10.37685933,2,2
1237667444586971212,2525516700003100672,3000,198.758959757,28.036362402,-19.745231,0.022638136,5889689503.902907,3,198.362288397,27.802372038,-22.425774,26.47917580853314,9.710072,-0.263193,-9.973265,4,3
1237667324335882422,2525494160014731264,3000,198.216047188,27.880056204,-19.732641,0.022303644,5821788179.793256,4,198.362288397,27.802372038,-22.425774,9.478388583061218,9.788852,-0.4892662,-10.2781182,3,4
1237667536920707358,2722457924235454464,3008,121.193391691,10.776672617,-22.421673,0.035547699,69289782804.8756,1,121.193391691,10.776672617,-22.421673,0.0,10.82055,0.2417008,-10.5788492,1,1
1237667783344586992,2722446104485455872,3008,121.232528591,10.846749431,-21.42544,0.035613931,27680631895.229477,2,121.193391691,10.776672617,-22.421673,5.022054040058041,10.49796,0.3590101,-10.1389499,2,2
1237667731267715317,2722446379363362816,3008,121.419482578,10.707478217,-21.418544,0.034920042,27505376876.80287,3,121.193391691,10.776672617,-22.421673,14.61824751508299,10.41082,0.2974012,-10.1134188,4,3
1237667731267715534,2723696804750190592,3008,121.350922595,10.669398289,-20.412707,0.036053394,10891377220.532114,4,121.193391691,10.776672617,-22.421673,11.832533504578814,10.37946,-1.431087,-11.810547,3,4
1237654605856309257,641891902655850496,3017,145.604026493,4.283178717,-22.454921,0.029997184,71444434000.74066,1,145.604026493,4.283178717,-22.454921,0.0,11.16521,-1.285165,-12.450375,1,1
1237654602098344230,641878983394224128,3017,145.590497492,4.35448715,-20.847566,0.028490011,16256475730.123123,2,145.604026493,4.283178717,-22.454921,4.559916909783189,10.49059,-1.796386,-12.286976,4,2
1237654605856309258,5400951843722031104,3017,145.600646908,4.280209582,-20.580646,0.030427952,12713303064.820734,3,145.604026493,4.283178717,-22.454921,0.2822101074730224,,,,2,3
1237654605856243957,641880907539572736,3017,145.555616898,4.273735919,-19.749359,0.029257982,5912124894.25634,4,145.604026493,4.283178717,-22.454921,3.0906707518744776,9.680129,-0.3703065,-10.0504355,3,5
1237667735035248723,6613641157472350208,3018,159.270285408,20.440941323,-22.409915,0.043420471,68543456312.42486,1,159.270285408,20.440941323,-22.409915,0.0,,,,1,1
1237667735035248725,2675287775489583104,3018,159.261420195,20.431430814,-19.808724,0.044319709,6244383967.470038,2,159.270285408,20.440941323,-22.409915,0.7934252653889613,10.88277,-0.3018614,-11.1846314,2,6
1237667735035183229,2675287500611676160,3018,159.182053935,20.436284057,-19.514929,0.043511597,4763998323.740526,3,159.270285408,20.440941323,-22.409915,5.2029860150628435,9.939171,-0.174909,-10.11408,3,7
1237667782824231001,2675286950855862272,3018,159.199174605,20.492826325,-19.457655,0.044369538,4519204560.58892,4,159.270285408,20.440941323,-22.409915,5.30567649346594,9.632853,-1.103362,-10.736215,4,8
1237648722834686048,311976011031930880,3025,164.824374774,1.153473532,-22.289086,0.040702657,61324554231.34843,1,164.824374774,1.153473532,-22.289086,0.0,11.00532,-0.9876607,-11.9929807,1,1
1237648722834686003,572017115754686464,3025,164.774381703,1.182050667,-21.910845,0.040159431,43285057622.4135,2,164.824374774,1.153473532,-22.289086,3.61756634278784,10.6289,0.2988097,-10.3300903,2,2
1237648722834751727,311985082002860032,3025,165.004379873,1.112231736,-21.485258,0.040128189,29248473173.266342,3,164.824374774,1.153473532,-22.289086,11.600954341476912,10.6867,0.53308,-10.15362,3,3
1237654028715098212,571992651620968448,3025,164.969943905,1.314983796,-19.803201,0.041382676,6212700245.655397,4,164.824374774,1.153473532,-22.289086,13.660126316711183,9.978612,-1.65602,-11.634632,4,5
1237668365852147751,5858222243280777216,3026,242.285615312,12.085000665,-22.470209,0.041165442,72457542460.47441,1,242.285615312,12.085000665,-22.470209,0.0,,,,1,1
1237668365852082663,2843043851357153280,3026,242.259539694,12.171328541,-19.901802,0.041417187,6803318451.414668,2,242.285615312,12.085000665,-22.470209,5.655713651111952,10.13214,-1.335055,-11.467195,3,3
1237668365852082564,2842922905078097920,3026,242.190625869,12.130542499,-19.763992,0.04092203,5992344872.443387,3,242.285615312,12.085000665,-22.470209,6.499401907338005,10.04887,-1.781439,-11.830309000000002,4,5
1237668365852148088,2842919881421121536,3026,242.307342483,12.009334605,-19.645759,0.040032189,5374073476.660194,4,242.285615312,12.085000665,-22.470209,4.938143115845886,10.03241,-1.032737,-11.065147,2,6
1237660636001075217,1625926510311401472,3027,174.588114223,47.437343895,-22.222866,0.034128757,57696092325.16834,1,174.588114223,47.437343895,-22.222866,0.0,11.0139,-1.001067,-12.014967,1,1
1237661358078165070,1625920462997448704,3027,174.491701151,47.470666368,-21.163496,0.034341077,21746952205.52318,2,174.588114223,47.437343895,-22.222866,4.600254310501337,10.73943,-1.481912,-12.221342,4,3
1237660636001075218,1623721164796880896,3027,174.565995222,47.436884218,-20.97084,0.035252296,18211092487.53114,3,174.588114223,47.437343895,-22.222866,0.9404879342527348,10.60637,-1.718594,-12.324964,2,4
1237661358078165201,1623720615041067008,3027,174.508533819,47.483500919,-19.545312,0.034411519,4899195837.1724415,4,174.588114223,47.437343895,-22.222866,4.45413940040942,9.680322,-0.5290009,-10.2093229,3,6
1237662199887036439,1917546143554758656,3030,211.245369136,11.871623831,-22.387663,0.024600961,67152966113.1675,1,211.245369136,11.871623831,-22.387663,0.0,11.00008,-0.7407247,-11.7408047,1,1
1237662199887102065,6139645542391279616,3030,211.390877107,11.847543537,-19.622262,0.024337735,5259019728.33746,2,211.245369136,11.871623831,-22.387663,9.074404441300004,,,,4,4
1237661950802657501,1917539821362898944,3030,211.206041165,11.912668792,-19.49467,0.024359995,4675929988.945393,3,211.245369136,11.871623831,-22.387663,3.5352051058659373,9.836893,-1.674757,-11.51165,2,5
1237661950802722870,1917547243066386432,3030,211.307656515,11.878449719,-19.389307,0.02493382,4243486256.9590354,4,211.245369136,11.871623831,-22.387663,3.853813891895282,9.691191,-1.650873,-11.342064,3,6
1237668315919876168,3087387490126948352,3034,208.033124163,16.969721099,-22.378511,0.023240758,66589292406.24844,1,208.033124163,16.969721099,-22.378511,0.0,11.12014,-1.34711,-12.46725,1,1
1237668315919876132,3088435325144426496,3034,207.971427235,16.950706904,-20.520563,0.023413875,12028880210.817348,2,208.033124163,16.969721099,-22.378511,3.8956467639220342,10.36693,-1.60559,-11.97252,2,2
1237668315383070773,3087382267446716416,3034,208.053817002,16.519866745,-20.204296,0.02263554,8989145291.845217,3,208.033124163,16.969721099,-22.378511,28.29259026135126,10.30168,-2.084911,-12.386591,4,3
1237668350817468531,3103048388610910208,3034,208.383973507,17.095467615,-19.803065,0.022960995,6211922087.651773,4,208.033124163,16.969721099,-22.378511,22.50975464550284,10.02804,-0.6363282,-10.6643682,3,4
1237654390566748171,613665239073843200,3035,121.129593303,40.206047035,-22.317425,0.040805915,62946269961.2496,1,121.129593303,40.206047035,-22.317425,0.0,10.72243,0.7447891,-9.9776409,1,1
1237653587944669285,613666338585470976,3035,121.076289458,40.195728772,-22.192606,0.041398604,56110275360.032104,2,121.129593303,40.206047035,-22.317425,2.6389326153710626,10.99935,-1.085422,-12.084772,2,2
1237653587944734748,613665513951750144,3035,121.135528149,40.252790682,-20.610852,0.041274852,13071962701.237226,3,121.129593303,40.206047035,-22.317425,2.950755943012582,10.10821,-1.249032,-11.357242,3,4
1237653587944735007,613670461754075136,3035,121.046255504,40.412512321,-19.86188,0.040639394,6557706873.464372,4,121.129593303,40.206047035,-22.317425,13.573214558605333,9.64779,-0.2314049,-9.8791949,4,7
1237665536542179835,3340692160189065216,3040,241.595094191,19.777952158,-22.51571,0.039375731,75558616975.70995,1,241.595094191,19.777952158,-22.51571,0.0,10.80764,-9999.0,-10009.80764,1,1
1237665536542179811,3340688586776274944,3040,241.579061024,19.763232676,-20.906135,0.039052645,17157499701.223036,2,241.595094191,19.777952158,-22.51571,1.3244165152716292,10.26411,-0.8720798,-11.1361898,2,2
1237665101149176029,3340703705061156864,3040,241.808341169,19.858238072,-20.661954,0.039551955,13701925441.718231,3,241.595094191,19.777952158,-22.51571,13.577068969398749,10.11785,-9999.0,-10009.11785,4,3
1237665536542245055,3340690236043716608,3040,241.619311747,19.75336638,-20.43629,0.039769383,11130533984.490437,4,241.595094191,19.777952158,-22.51571,2.1063937552047713,10.04874,-9999.0,-10009.04874,3,4
1237654953203531789,7117972300259586048,3043,248.788280166,46.213918289,-22.538344,0.030800622,77150296595.87505,1,248.788280166,46.213918289,-22.538344,0.0,,,,1,1
1237651714798584020,705980234368837632,3043,249.080911925,46.245188468,-20.288924,0.031327698,9717836770.75244,2,248.788280166,46.213918289,-22.538344,12.870156916603818,10.03117,-0.1466967,-10.1778667,2,2
1237654952666595635,706012120206043136,3043,248.37269479,46.027352229,-20.271954,0.03017169,9567128341.657066,3,248.788280166,46.213918289,-22.538344,21.56376370815198,10.16507,-0.1113544,-10.2764244,4,3
1237651714261582084,705995077775812608,3043,248.488608556,46.28379201,-19.668836,0.0305483,5489520357.868514,4,248.788280166,46.213918289,-22.538344,13.74094202081325,9.436426,-0.2955053,-9.7319313,3,4
1237665128006615097,2250794094194354176,3046,183.795533311,34.611924366,-22.231842,0.032594704,58175054658.32729,1,183.795533311,34.611924366,-22.231842,0.0,11.03854,-0.7494813,-11.7880213,1,1
1237665024367722528,2250781174932727808,3046,183.650647263,34.546786255,-21.129902,0.033371311,21084378309.29459,2,183.795533311,34.611924366,-22.231842,8.539867638212039,10.6608,-1.684673,-12.345473,3,3
1237665024367722513,2352178412040251392,3046,183.62431026,34.551387272,-20.750832,0.03326062,14870747516.37814,3,183.795533311,34.611924366,-22.231842,9.639636046330182,10.47509,-1.918004,-12.393094,4,4
1237665128006680670,2250792444926912512,3046,183.843572622,34.64026196,-19.325618,0.032848595,4001724627.2756314,4,183.795533311,34.611924366,-22.231842,3.0560303189864113,9.838316,-0.6049715,-10.4432875,2,5
1237670964854718472,2912712199396943872,3050,154.168023654,16.971539198,-22.22455,0.028460202,57785649629.05684,1,154.168023654,16.971539198,-22.22455,0.0,11.12451,-0.5503415,-11.6748515,1,1
1237670964854784136,2915017051250649088,3050,154.358159238,17.097029905,-21.631365,0.028743577,33461545808.239376,2,154.168023654,16.971539198,-22.22455,13.879590961144858,10.82294,-0.2104221,-11.0333621,2,2
1237668288546406511,2912711374763223040,3050,154.420723277,16.874693044,-20.199738,0.029462473,8951487303.231815,3,154.168023654,16.971539198,-22.22455,16.363505155009683,10.3684,0.5710527,-9.7973473,3,3
1237668288546275407,2915035742948321280,3050,154.055289553,16.719514753,-19.414609,0.029086309,4343537746.4986515,4,154.168023654,16.971539198,-22.22455,17.225324610764734,9.488924,-0.4893776,-9.9783016,4,6
1237655501889994832,1101164234705758208,3053,258.74360722,29.160314192,-22.422514,0.044988519,69343474743.69923,1,258.74360722,29.160314192,-22.422514,0.0,11.0304,-0.495987,-11.526387,1,1
1237655473974345996,1101163410072037376,3053,258.794017232,29.263202288,-21.889994,0.044785285,42461721741.83695,2,258.74360722,29.160314192,-22.422514,7.03095682995336,10.53587,-0.3658321,-10.9017021,3,2
1237655501889994956,1101165059339479040,3053,258.742685076,29.138491134,-20.890275,0.044791038,16908691481.211235,3,258.74360722,29.160314192,-22.422514,1.3721165628402692,10.47085,-1.722957,-12.193807,2,3
1237655501889929814,1101165883973199872,3053,258.683356677,29.259586394,-19.505587,0.04500215,4723183297.253917,4,258.74360722,29.160314192,-22.422514,7.058610907710358,10.19935,-0.3645776,-10.5639276,4,5
1237667550878302344,2664008709847410688,3059,155.828333536,22.390778426,-22.297432,0.040857009,61797769478.89683,1,155.828333536,22.390778426,-22.297432,0.0,11.07526,-0.5495777,-11.6248377,1,1
1237667538009850042,2664009259603224576,3059,155.90679433,22.334389071,-19.93934,0.041352118,7042648285.807312,2,155.828333536,22.390778426,-22.297432,5.773946608348406,10.10364,-0.5163676,-10.6200076,2,3
1237667538009850089,2664012833016014848,3059,155.930492769,22.362395402,-19.938,0.041631406,7033961712.162487,3,155.828333536,22.390778426,-22.297432,6.197646325364288,9.76854,-0.1539683,-9.9225083,3,4
1237667538546655418,2664006510824155136,3059,155.772442864,22.576402162,-19.528964,0.040786466,4825980913.895698,4,155.828333536,22.390778426,-22.297432,12.106037076587844,9.803891,-0.2583199,-10.0622109,4,5
1237665330921013325,2364423401767987200,3062,171.297556151,32.258833053,-22.194126,0.045015481,56188883171.18379,1,171.297556151,32.258833053,-22.194126,0.0,10.94599,-0.2990052,-11.2449952,1,1
1237665330921078839,2228317601413490688,3062,171.370163192,32.269160455,-21.853412,0.045080826,41054881223.15347,2,171.297556151,32.258833053,-22.194126,3.911838792345271,10.90482,-1.224891,-12.129711,4,2
1237665330921078921,2364426975180777472,3062,171.311792845,32.279911668,-20.533109,0.044883882,12168683625.598104,3,171.297556151,32.258833053,-22.194126,1.5251668543907877,9.773371,0.1857145,-9.5876565,3,5
1237665330921013326,2228320350192560128,3062,171.300331964,32.257683214,-20.0568,0.044859026,7847295376.5129795,4,171.297556151,32.258833053,-22.194126,0.1642337409330716,9.617968,-0.69247,-10.310438,2,7
1237664668975890441,2238346797363783680,3067,165.531780567,38.664252076,-22.054165,0.031228716,49393067686.35079,1,165.531780567,38.664252076,-22.054165,0.0,11.11664,-1.160879,-12.277519,1,1
1237662225671520364,2238414692206798848,3067,165.524008032,38.787248329,-21.716063,0.031139803,36176387755.64291,2,165.531780567,38.664252076,-22.054165,7.737468370589302,11.02314,-0.6722251,-11.6953651,2,2
1237662225671454772,2238413317817264128,3067,165.390850542,38.80366928,-20.364097,0.031029762,10414509009.098877,3,165.531780567,38.664252076,-22.054165,11.155544468687806,10.29388,-1.831833,-12.125713,4,3
1237662225671520433,2238420189764937728,3067,165.589085166,38.792328408,-19.900627,0.030012904,6795959780.729656,4,165.531780567,38.664252076,-22.054165,8.523400034874257,9.830337,-0.1511678,-9.9815048,3,4
1237655368760098952,891796603457792000,3072,222.764492464,55.520646544,-22.185816,0.038615189,55760466695.850204,1,222.764492464,55.520646544,-22.185816,0.0,11.06325,-1.233053,-12.296303,1,1
1237655368760164378,891800726626396160,3072,222.844707677,55.401345227,-22.146816,0.038454123,53793078619.221825,2,222.764492464,55.520646544,-22.185816,8.022122719898316,11.05887,-1.282199,-12.341069,4,2
1237655368760098912,891798527603140608,3072,222.629650454,55.536201628,-19.787729,0.038260241,6124795603.279532,3,222.764492464,55.520646544,-22.185816,4.893925412833298,10.09324,-1.880476,-11.973716,2,5
1237655368760164476,891800176870582272,3072,222.814524441,55.417592455,-19.372982,0.03852811,4180158987.729119,4,222.764492464,55.520646544,-22.185816,6.715802151086916,9.954612,-0.7742071,-10.7288191,3,6
1237658205048930354,7515422667731300352,3075,186.950006646,50.387817379,-22.52369,0.04059099,76116007458.3258,1,186.950006646,50.387817379,-22.52369,0.0,,,,1,1
1237658613596618862,1093382719443855360,3075,186.950229022,50.407931284,-20.59375,0.039446916,12867672530.296738,2,186.950006646,50.387817379,-22.52369,1.2638253096492695,10.39975,0.2605067,-10.1392433,2,3
1237658613596618864,7515422117975486464,3075,186.937279575,50.412822146,-20.556913,0.041791869,12438419505.576857,3,186.950006646,50.387817379,-22.52369,1.6517140101810763,,,,3,4
1237658613596618841,1093376122374088704,3075,186.834949459,50.410099948,-19.921936,0.041266208,6930656903.720188,4,186.950006646,50.387817379,-22.52369,4.816189355829893,9.919874,-0.3510128,-10.2708868,4,6
1237670450523144332,2746151025441269760,3085,138.553150619,16.742323238,-22.292779,0.028836499,61533497409.85231,1,138.553150619,16.742323238,-22.292779,0.0,11.05712,-1.543648,-12.600768,1,1
1237667783889190972,2746151850074990592,3085,138.431303766,16.862852543,-21.870321,0.028187134,41699264992.75093,2,138.553150619,16.742323238,-22.292779,10.538778795592062,10.85674,-1.425655,-12.282395,4,2
1237670450523144290,2746149651051735040,3085,138.631602794,16.817169107,-20.111109,0.029128171,8249803417.903616,3,138.553150619,16.742323238,-22.292779,6.662454182347007,10.5264,-1.727254,-12.253654,3,3
1237670450523078792,2743847274592364544,3085,138.494382249,16.764713649,-19.950233,0.028419226,7113661571.133914,4,138.553150619,16.742323238,-22.292779,3.8053901267860257,10.17541,-0.5362594,-10.7116694,2,4
1237671767461331011,891878517074061312,3092,226.727754394,56.509002859,-22.217633,0.029771613,57418679436.17976,1,226.727754394,56.509002859,-22.217633,0.0,10.95669,-0.3841894,-11.3408794,1,1
1237671767461265510,891883189998479360,3092,226.43249332,56.392417148,-20.714264,0.030363747,14378235744.685291,2,226.727754394,56.509002859,-22.217633,12.600713558236928,10.08469,0.2377705,-9.8469195,3,3
1237671767461396524,689130217582651392,3092,227.053867634,56.422783559,-20.565157,0.029757903,12533223951.945988,3,226.727754394,56.509002859,-22.217633,12.549044337115744,10.25585,0.1521243,-10.1037257,2,4
1237671767461265556,891874943661271040,3092,226.694279537,56.298159268,-19.788888,0.029258406,6131337181.466932,4,226.727754394,56.509002859,-22.217633,13.298717106490557,9.62265,-1.961031,-11.583681,4,6
1237662246593429648,2027883790658988032,3094,204.109164179,7.369588176,-22.272178,0.024413319,60376954110.137375,1,204.109164179,7.369588176,-22.272178,0.0,10.9632,-1.277953,-12.241153,1,1
1237671992949342322,2027888188705499136,3094,203.907454925,7.545196615,-21.515899,0.023603621,30085663934.30742,2,204.109164179,7.369588176,-22.272178,16.72313661766953,10.92124,-0.7448838,-11.6661238,2,2
1237671992949407904,2027878842856663040,3094,203.832971592,7.468752844,-20.077522,0.024855703,7998504620.118331,3,204.109164179,7.369588176,-22.272178,18.301661417106637,10.11446,-0.6309665,-10.7454265,3,3
1237662247130300506,2027893961141544960,3094,204.101593507,7.799899588,-19.631737,0.024146096,5305114967.939776,4,204.109164179,7.369588176,-22.272178,27.041374605638275,9.251437,-1.645472,-10.896909,4,5
1237661383308083205,1793692467321661440,3097,142.514842525,34.223704022,-22.087883,0.042910693,50951057228.9892,1,142.514842525,34.223704022,-22.087883,0.0,11.12932,-1.477036,-12.606356,1,1
1237661138492522549,1793687519519336448,3097,142.365680443,34.325089633,-20.669616,0.042433654,13798961406.645292,2,142.514842525,34.223704022,-22.087883,10.027947981566411,10.28582,-1.513157,-11.798977,4,3
1237661383308017837,1793694666344916992,3097,142.499103337,34.120599145,-20.655862,0.043471818,13625260052.583546,3,142.514842525,34.223704022,-22.087883,6.529733570428245,10.5633,-0.4223745,-10.9856745,3,4
1237661383308083258,1793694391467010048,3097,142.546116753,34.226698632,-20.655139,0.042999392,13616189908.515482,4,142.514842525,34.223704022,-22.087883,1.6356006714880842,10.33516,-1.093774,-11.428934,2,5
1237657591393157289,1140655948059142144,3103,169.18440647,54.702352186,-22.172534,0.04091362,55082494530.51142,1,169.18440647,54.702352186,-22.172534,0.0,11.10089,-1.017588,-12.118478,1,1
1237657591393157159,1139558909359450112,3103,169.207439258,54.72797782,-21.420154,0.042290523,27546193887.55601,2,169.18440647,54.702352186,-22.172534,1.8141853409523372,10.16345,0.5080333,-9.6554167,2,2
1237657591393157322,1139554236435032064,3103,169.194424446,54.751382389,-20.657203,0.042499823,13642099098.6673,3,169.18440647,54.702352186,-22.172534,3.1020287024294846,10.59638,0.2601019,-10.3362781,3,3
1237657591393157204,1139534445225732096,3103,169.03387218,54.751248036,-19.613394,0.041238278,5216240418.708782,4,169.18440647,54.702352186,-22.172534,6.266704116986875,10.16856,-1.189291,-11.357851,4,5
1237665429705785489,2384779212083980288,3110,209.080178695,28.536360932,-22.112455,0.035393543,52117310983.96321,1,209.080178695,28.536360932,-22.112455,0.0,11.1361,-1.486394,-12.622494,1,1
1237665429705719871,2382416911922128896,3110,208.883568388,28.647863001,-21.085669,0.035316032,20242660901.04492,2,209.080178695,28.536360932,-22.112455,12.912671587806992,10.65916,-1.79372,-12.45288,4,2
1237665429705785563,2384769041601423360,3110,208.987115731,28.477671935,-20.013137,0.035724119,7537976861.334418,3,209.080178695,28.536360932,-22.112455,6.324626619827565,10.10192,-0.2992167,-10.4011367,3,5
1237665429705785479,2384782510618863616,3110,209.057763268,28.556128195,-19.474485,0.035869869,4589802519.316797,4,209.080178695,28.536360932,-22.112455,1.7530620556970984,9.888805,-2.194874,-12.083679,2,7
1237667550881841220,2799098284113684480,3113,164.470491958,23.855789238,-22.005375,0.04468115,47222611422.19376,1,164.470491958,23.855789238,-22.005375,0.0,10.9428,-1.432889,-12.375689,1,1
1237667550881841386,2799099933381126144,3113,164.48310976,23.843541238,-20.992711,0.045068307,18581655325.161625,2,164.470491958,23.855789238,-22.005375,1.0573565857656249,10.62618,-1.769462,-12.395642,2,3
1237667550881841390,2799099108747405312,3113,164.49108486,23.862303975,-19.567739,0.045018729,5001446182.622233,3,164.470491958,23.855789238,-22.005375,1.2521167833114353,9.527534,-0.2799277,-9.8074617,3,4
1237667550881841346,2799102407282288640,3113,164.425516287,23.885966933,-19.423402,0.044847894,4378857376.065856,4,164.470491958,23.855789238,-22.005375,3.2051894132293652,9.930333,-2.332881,-12.263214,4,7
1237663546367082689,2007508727766214656,3116,129.243787654,55.64575529,-22.092808,0.044892507,51182700925.77833,1,129.243787654,55.64575529,-22.092808,0.0,11.20022,-1.227373,-12.427593,1,1
1237663529724084390,2007509277522028544,3116,129.099724181,55.721290722,-21.144549,0.04576533,21370741936.544533,2,129.243787654,55.64575529,-22.092808,6.9689316125644085,10.78387,-1.530513,-12.314383,4,2
1237663546367148079,5801855788792868864,3116,129.284280382,55.680776094,-20.414197,0.045475047,10906334161.601149,3,129.243787654,55.64575529,-22.092808,2.627039510457001,,,,2,4
1237663546367082821,2007496633138309120,3116,129.3564026,55.60621043,-19.983107,0.045132736,7332343461.821978,4,129.243787654,55.64575529,-22.092808,4.704596290140087,10.186,-1.403215,-11.589215,3,5
1237662224596271124,2249552469514283008,3119,161.445560357,37.211309717,-22.051254,0.024846514,49260815818.17568,1,161.445560357,37.211309717,-22.051254,0.0,10.93395,-1.265914,-12.199864,1,1
1237662224596205572,2249551644880562176,3119,161.24508661,37.137999483,-21.101651,0.024140354,20542836044.777855,2,161.445560357,37.211309717,-22.051254,11.04309115029094,10.66315,-1.705512,-12.368662,4,2
1237662224596336711,2249558516828235776,3119,161.565407737,37.340322555,-20.29927,0.025564965,9810880818.87087,3,161.445560357,37.211309717,-22.051254,10.080349345157876,10.02925,-0.1409575,-10.1702075,3,3
1237662224596271276,2249551370002655232,3119,161.476041323,37.184265178,-19.92737,0.024388019,6965431089.291115,4,161.445560357,37.211309717,-22.051254,2.2835826356425857,9.73172,-0.09243107,-9.82415107,2,5
1237667112793800780,2571682992787318784,3125,135.613662945,22.653904632,-22.080644,0.03720089,50612477883.533226,1,135.613662945,22.653904632,-22.080644,0.0,11.02909,-1.308502,-12.337592,1,1
1237667112793800838,2571683817421039616,3125,135.642880354,22.632041876,-21.48347,0.03841463,29200346167.41313,2,135.613662945,22.653904632,-22.080644,2.181190278557331,11.15877,-0.5371742,-11.6959442,2,2
1237667112793801028,2571690964246620160,3125,135.692563974,22.620722136,-19.672319,0.037023888,5507158804.716265,3,135.613662945,22.653904632,-22.080644,5.028193557289921,10.01214,-1.496638,-11.508778,3,4
1237667112793800968,2571684367176853504,3125,135.559283185,22.730681985,-19.517301,0.037231733,4774417573.559387,4,135.613662945,22.653904632,-22.080644,5.762682079639043,9.93139,-1.909557,-11.840947,4,5
1237648721771888672,326659989374527488,3126,189.754670505,0.365546508,-22.087241,0.024143606,50920938578.10691,1,189.754670505,0.365546508,-22.087241,0.0,11.03809,-1.479214,-12.517304,1,1
1237648705116766267,326660539130341376,3126,189.843489571,0.460233319,-20.467777,0.024713899,11458052293.544643,2,189.754670505,0.365546508,-22.087241,8.157018662648303,10.3189,-0.9973779,-11.3162779,4,2
1237648721771823351,326648719380342784,3126,189.693647067,0.32253107,-20.310265,0.023938204,9910738107.439476,3,189.754670505,0.365546508,-22.087241,4.69100000006597,10.27747,-1.398573,-11.676043,2,3
1237648721771823374,326662188397783040,3126,189.700595152,0.27002681,-19.58682,0.023865719,5090119754.037562,4,189.754670505,0.365546508,-22.087241,6.8966555372012674,9.920454,-1.909155,-11.829609,3,5
1237668289085898782,2791193625143306240,3127,160.523501095,18.249389095,-22.00568,0.031185514,47235878843.51378,1,160.523501095,18.249389095,-22.00568,0.0,11.07976,-1.445669,-12.525429,1,1
1237668293906268167,2791204070503770112,3127,160.495892563,18.34257041,-21.423158,0.031732855,27622513849.806377,2,160.523501095,18.249389095,-22.00568,6.08200357582696,10.72702,-1.075197,-11.802217,2,2
1237668293906202788,2791204895137490944,3127,160.430054253,18.339532111,-20.506175,0.031404257,11870526995.158834,3,160.523501095,18.249389095,-22.00568,7.947086161524491,9.941301,-0.009287478,-9.950588477999998,3,3
1237668289085833234,2791190326608422912,3127,160.379603499,18.253890124,-19.76603,0.031090734,6003603470.728158,4,160.523501095,18.249389095,-22.00568,8.591139497859166,9.750896,-0.09067784,-9.84157384,4,4
1237662263248224347,2045844307981658112,3130,226.858266396,7.116740929,-22.035932,0.031513082,48570525246.250175,1,226.858266396,7.116740929,-22.035932,0.0,11.07161,-1.382031,-12.453641,1,1
1237662263248290058,5467628153814577152,3130,226.929151195,7.053087903,-20.714546,0.030863106,14381970711.862226,2,226.858266396,7.116740929,-22.035932,5.960727399320793,,,,3,3
1237662263248289975,2045845682371192832,3130,226.890857576,7.120798137,-20.26156,0.030629287,9475977045.021238,3,226.858266396,7.116740929,-22.035932,2.047907008684662,10.21727,-1.644017,-11.861287,2,5
1237662263248158975,2044696968738924544,3130,226.734534526,7.278571862,-19.082186,0.03131604,3197970107.994141,4,226.858266396,7.116740929,-22.035932,12.762521688205153,9.44473,-0.6684741,-10.1132041,4,7
1237661064952480025,5994445410310746112,3131,148.151175843,9.882006198,-21.939033,0.031196527,44423543741.24914,1,148.151175843,9.882006198,-21.939033,0.0,,,,1,1
1237661064952480026,1470474256868468736,3131,148.130392483,9.883149154,-20.777709,0.029541995,15243461562.681017,2,148.151175843,9.882006198,-21.939033,1.2884829872080754,10.44566,-1.689852,-12.135512,2,2
1237660669814964240,1470473157356840960,3131,148.205345782,9.835802347,-19.955308,0.030849389,7146990420.614524,3,148.151175843,9.882006198,-21.939033,4.435390484101852,10.09096,-1.46317,-11.55413,4,5
1237661064952545415,1470472332723120128,3131,148.171884975,9.921705622,-19.408211,0.030661992,4318017518.848335,4,148.151175843,9.882006198,-21.939033,2.8044626602140066,9.517274,-1.231591,-10.748865,3,6
1237658312943665169,1078727050153453568,3133,196.903186616,60.157197971,-21.995658,0.028129658,46801869359.10672,1,196.903186616,60.157197971,-21.995658,0.0,10.99619,-1.516993,-12.513183,1,1
1237658312943599687,1078716329915082752,3133,196.718925852,60.187750307,-20.222616,0.027727705,9142109104.991083,2,196.903186616,60.157197971,-21.995658,6.070054023169138,10.17091,-1.517312,-11.688222,2,3
1237658312943796369,1078729249176709120,3133,197.379012868,60.10263909,-20.018564,0.028709881,7575749398.198208,3,196.903186616,60.157197971,-21.995658,15.27925702991726,9.94845,-0.5129225,-10.4613725,4,4
1237655109454266500,1078715505281361920,3133,196.784265395,60.325355262,-19.174773,0.028160082,3482644941.199316,4,196.903186616,60.157197971,-21.995658,11.197645113806734,9.393152,-0.4734541,-9.8666061,3,5
1237665225703555117,2382475460916307968,3135,207.928209723,29.33194567,-22.059559,0.035675744,49639065852.05074,1,207.928209723,29.33194567,-22.059559,0.0,11.07452,-1.579331,-12.653851,1,1
1237665328787357712,2382474636282587136,3135,207.987046994,29.312399487,-20.611351,0.036271719,13077971903.601868,2,207.928209723,29.33194567,-22.059559,3.4492590526862683,10.15967,0.2063464,-9.9533236,2,3
1237665225703489844,2382454570195380224,3135,207.915186751,29.470026576,-19.754631,0.035755446,5940902158.738453,3,207.928209723,29.33194567,-22.059559,8.705117082755894,10.0061,-0.8176581,-10.8237581,3,4
1237665225703555198,2382454845073287168,3135,207.95218283,29.503114626,-19.088068,0.036400267,3215342196.4197307,4,207.928209723,29.33194567,-22.059559,10.834600743398097,9.480035,-0.7951251,-10.2751601,4,6
1237667550348509249,2820456572025595904,3136,173.315755823,24.446890264,-22.022138,0.024128663,47957352529.62769,1,173.315755823,24.446890264,-22.022138,0.0,10.92664,-1.487254,-12.413894,1,1
1237667911662370970,2820471140554663936,3136,173.412484185,24.684613209,-20.42778,0.023716435,11043633869.365433,2,173.315755823,24.446890264,-22.022138,15.92653306022555,10.12161,-0.2054377,-10.3270477,4,2
1237667550348574796,2820460420316293120,3136,173.393377138,24.534305516,-19.365056,0.02427579,4149754456.469602,3,173.315755823,24.446890264,-22.022138,7.061558236715503,9.518834,-0.4489318,-9.9677658,2,3
1237667911662305462,2820472240066291712,3136,173.28208924,24.652567469,-19.283427,0.024455472,3849202861.703776,4,173.315755823,24.446890264,-22.022138,13.065534300489157,9.429671,-0.5498358,-9.9795068,3,4
1237657775534702644,967230247344826368,3140,118.032642316,27.483912545,-21.89107,0.027442048,42503823552.04316,1,118.032642316,27.483912545,-21.89107,0.0,10.99073,-0.8427919,-11.8335219,1,1
1237657775534637474,966137607647946752,3140,117.902013472,27.379656672,-20.468235,0.027442927,11462886704.453772,2,118.032642316,27.483912545,-21.89107,9.796849753376486,9.68584,0.2583398,-9.4275002,4,3
1237657630042161415,966134034235156480,3140,117.925668188,27.607384428,-20.29322,0.027099641,9756364111.682417,3,118.032642316,27.483912545,-21.89107,9.782701440653572,9.684565,-0.09679867,-9.78136367,3,5
1237657775534637628,966133759357249536,3140,117.960926051,27.459250704,-19.74876,0.027403776,5908864078.1465645,4,118.032642316,27.483912545,-21.89107,4.287749011447507,9.409879,-0.07276576,-9.48264476,2,6
1237665128026800224,2437590956216707072,3142,235.647922425,23.670053661,-22.001741,0.02283995,47064819776.4877,1,235.647922425,23.670053661,-22.001741,0.0,10.89457,-1.521096,-12.415666,1,1
1237665102219903152,2442169316578191360,3142,235.689835249,23.792630861,-21.306889,0.023866828,24817361107.965103,2,235.647922425,23.670053661,-22.001741,8.070245268232078,10.71025,-1.203968,-11.914218,3,2
1237665102219903237,2442166018043308032,3142,235.71463516,23.773176396,-21.022754,0.023802209,19103001069.56372,3,235.647922425,23.670053661,-22.001741,7.530549848807845,10.66317,-1.288944,-11.952114,2,3
1237665102219837516,2437593155239962624,3142,235.581853017,23.807645399,-20.839921,0.023205536,16142410976.446566,4,235.647922425,23.670053661,-22.001741,9.443446712592724,10.48454,-1.566928,-12.051468000000002,4,4
1237658298999832594,1129364237412493312,3143,164.59645663,6.714880937,-21.906383,0.036295784,43107536043.64283,1,164.59645663,6.714880937,-21.906383,0.0,10.87568,-0.4687067,-11.3443867,1,1
1237658298999832729,1129364787168307200,3143,164.606036492,6.667454326,-20.781071,0.03686653,15290736347.706724,2,164.59645663,6.714880937,-21.906383,3.0392769659129257,10.51591,-1.45649,-11.9724,2,2
1237658298999898164,1128191608345356288,3143,164.712865788,6.73047841,-20.63121,0.037590828,13319379710.00974,3,164.59645663,6.714880937,-21.906383,7.329725388696597,9.853498,0.2042419,-9.6492561,4,3
1237658298999832751,1128199579804657664,3143,164.641431353,6.653254496,-20.011578,0.037213543,7527160907.310287,4,164.59645663,6.714880937,-21.906383,4.78230089690324,10.24072,-1.047989,-11.288709,3,5
1237665026522021948,2244039523732318208,3147,202.678156697,34.830651698,-21.886019,0.024429768,42306548920.83396,1,202.678156697,34.830651698,-21.886019,0.0,10.943,-1.750364,-12.693364,1,1
1237665129624043636,2243971628889303040,3147,202.772949639,34.685491198,-21.247507,0.025710171,23496479695.39758,2,202.678156697,34.830651698,-21.886019,10.350421644091488,10.63772,-1.558818,-12.196538,3,2
1237665129624043700,2243971354011396096,3147,202.703140486,34.640271469,-20.835768,0.024875894,16080783316.730877,3,202.678156697,34.830651698,-21.886019,12.031302675914626,10.46659,-1.756889,-12.223479,4,3
1237664671644844043,2244035950319527936,3147,202.659466749,34.937141493,-19.279402,0.02474165,3834959660.365118,4,202.678156697,34.830651698,-21.886019,6.7599407091257815,9.840479,-1.689383,-11.529862,2,4
1237668271372042277,6176815632966414336,3150,226.924210773,14.622058186,-21.916572,0.044814059,43513979219.2289,1,226.924210773,14.622058186,-21.916572,0.0,,,,1,1
1237668271372042420,3113139157027809280,3150,226.895211533,14.639157586,-21.31261,0.045044056,24948474764.780235,2,226.924210773,14.622058186,-21.916572,2.064571464689662,10.85515,-1.523538,-12.378688,4,2
1237668271372042279,3113129536301066240,3150,226.925801187,14.627995281,-21.19649,0.045076883,22417955358.150375,3,226.924210773,14.622058186,-21.916572,0.3853660329294819,10.79521,-1.753346,-12.548556,3,4
1237668271372042278,6172189987330256896,3150,226.927457753,14.626769474,-20.786765,0.045824816,15371137234.80354,4,226.924210773,14.622058186,-21.916572,0.3558027409024993,,,,2,6
1237662663754645539,1864649459313436672,3156,241.85615735,25.443638334,-21.842942,0.041644813,40660882472.73405,1,241.85615735,25.443638334,-21.842942,0.0,10.92889,-1.314492,-12.243382,1,1
1237662663754645873,1864648634679715840,3156,241.929897628,25.492570357,-21.260804,0.041208371,23786010157.11563,2,241.85615735,25.443638334,-21.842942,5.191338382691086,10.68785,-1.626425,-12.314275,3,3
1237662663754645815,1864647260290181120,3156,241.902493085,25.49779729,-20.892223,0.041450437,16939055852.33071,3,241.85615735,25.443638334,-21.842942,4.299792808908764,10.16313,0.3203916,-9.8427384,2,4
1237662663754645845,1864658530284365824,3156,241.944651505,25.537499624,-19.984657,0.040888507,7342818610.96498,4,241.85615735,25.443638334,-21.842942,7.744066110102233,10.01533,-0.2432371,-10.2585671,4,5
1237661435921629212,7504313751580635136,3172,194.201306877,48.296957749,-21.907752,0.029172177,43161924427.86567,1,194.201306877,48.296957749,-21.907752,0.0,,,,1,1
1237661149767467017,1441233290555058176,3172,193.997989771,48.445456708,-21.593816,0.029062511,32324096899.4087,2,194.201306877,48.296957749,-21.907752,12.612490954497048,10.92748,-1.750494,-12.677974,4,2
1237661435921563811,1640576954035890176,3172,193.934372683,48.287265933,-20.920627,0.029983354,17388046782.953266,3,194.201306877,48.296957749,-21.907752,11.17554512242288,10.2845,0.08746516,-10.19703484,3,3
1237661435921629323,1640577778669611008,3172,194.097866452,48.256188723,-20.011045,0.029633303,7523466647.005546,4,194.201306877,48.296957749,-21.907752,5.027140973797675,9.567115,-0.1615776,-9.7286926,2,5
1237667539085557931,2788980306290436096,3476,160.658834893,23.95188926,-22.917527,0.044642182,109398357102.86656,1,160.658834893,23.95188926,-22.917527,0.0,11.21524,0.1817551,-11.0334849,1,1
1237667539085623427,2788976457999738880,3476,160.709529727,24.065079226,-21.784345,0.045404399,38524587745.71889,2,160.658834893,23.95188926,-22.917527,7.684129880086498,10.7235,-0.02637871,-10.74987871,4,2
1237667539085557915,2788980581168343040,3476,160.636276776,23.902980469,-21.063019,0.045092373,19824744551.716595,3,160.658834893,23.95188926,-22.917527,3.334964369285117,10.67664,-1.386633,-12.063273,2,4
1237667539085557903,2788977007755552768,3476,160.599183082,24.034899201,-20.892494,0.04480485,16943284372.1649,4,160.658834893,23.95188926,-22.917527,6.239244192224556,10.5715,-1.599758,-12.171258,3,6
1237667782826065948,2796878099755591680,3602,163.622820167,21.16365764,-22.483279,0.032593755,73335051279.52795,1,163.622820167,21.16365764,-22.483279,0.0,11.09183,-0.853312,-11.945142,1,1
1237667782289260577,2796778868831184896,3602,163.837547627,20.765680141,-22.480413,0.033131456,73141725223.04486,2,163.622820167,21.16365764,-22.483279,28.000119895999276,11.21428,-1.414994,-12.629274,3,2
1237667782826000453,2796876725366056960,3602,163.560338785,21.13261814,-21.636688,0.03366046,33625999331.076847,3,163.622820167,21.16365764,-22.483279,4.1484389178241345,11.00434,-1.164746,-12.169086,2,3
1237667781752324107,6614931984106582016,3602,163.738705898,20.405519024,-21.333546,0.03342266,25434218622.981182,4,163.622820167,21.16365764,-22.483279,48.11920529658136,,,,4,4
1237665103295610891,2446690788604667904,3607,240.369551152,22.42760412,-22.719668,0.032714375,91173200430.522,1,240.369551152,22.42760412,-22.719668,0.0,11.35253,-1.31558,-12.66811,1,1
1237664852044415211,2446704532500015104,3607,240.606721874,22.284012568,-20.701573,0.032798136,14211149231.346174,2,240.369551152,22.42760412,-22.719668,16.472334437719965,10.1124,-0.0394941,-10.1518941,3,2
1237662696501543051,2084078444961884160,3607,240.636864082,22.665361159,-20.077176,0.032972875,7995956080.550751,3,240.369551152,22.42760412,-22.719668,21.535742061341377,9.479878,0.2592392,-9.2206388,4,3
1237665103295611145,2446692987627923456,3607,240.415141546,22.503856758,-19.839435,0.034122325,6423533597.68206,4,240.369551152,22.42760412,-22.719668,5.473747182141194,10.10391,-0.4635796,-10.5674896,2,4
1237667209986113541,2491631675746838528,3623,168.293340607,27.818225226,-22.636553,0.032257888,84454189813.05081,1,168.293340607,27.818225226,-22.636553,0.0,11.29751,-1.325781,-12.623291000000002,1,1
1237667209986113724,2491629201845676032,3623,168.381696633,27.87683215,-21.243326,0.032972857,23406172424.93655,2,168.293340607,27.818225226,-22.636553,6.1363616021087735,10.92576,-0.04737825,-10.97313825,2,2
1237667209986179154,2491628926967769088,3623,168.436478426,27.867490478,-20.622845,0.032113897,13217155514.95865,3,168.293340607,27.818225226,-22.636553,8.533637182412436,10.23758,-0.6457504,-10.8833304,3,4
1237667252935655564,2491630851113117696,3623,168.297258962,28.012132451,-19.869158,0.032946391,6601812718.208396,4,168.293340607,27.818225226,-22.636553,12.185492410093762,9.822002,-0.2480278,-10.0700298,4,6
1237662529524531258,6114763044666667008,3649,203.058274944,13.892377201,-22.635006,0.026428999,84333941821.72556,1,203.058274944,13.892377201,-22.635006,0.0,,,,1,1
1237664290472919102,6116114344406872064,3649,202.963867628,14.1374885,-20.755495,0.026189858,14934751474.039982,2,203.058274944,13.892377201,-22.635006,16.441014818582598,,,,3,2
1237664290472919101,1998536995495766016,3649,202.949550438,14.132045613,-20.532477,0.025388194,12161602374.990995,3,203.058274944,13.892377201,-22.635006,16.452940806126104,10.36969,-1.756195,-12.125885,4,3
1237662529524596965,1998524900867860480,3649,203.13484961,13.933280164,-20.247421,0.024009424,9353376149.269407,4,203.058274944,13.892377201,-22.635006,5.330618596032119,9.986615,-0.1102661,-10.0968811,2,4
1237655465930653734,914239285031364608,3664,240.50633533,48.663721332,-22.420419,0.043469611,69209800918.8882,1,240.50633533,48.663721332,-22.420419,0.0,11.19774,-1.121153,-12.318893,1,1
1237655465930588299,914405586165065728,3664,240.429023023,48.827922026,-22.347071,0.042964104,64688696493.74291,2,240.50633533,48.663721332,-22.420419,10.802839931394171,11.05967,-1.235494,-12.295164,2,2
1237655465930522846,914402837385996288,3664,240.161122511,48.895401229,-19.783271,0.043743182,6099698936.218514,3,240.50633533,48.663721332,-22.420419,20.40077829243985,9.710165,-0.04534288,-9.75550788,4,4
1237655465930522935,914403662019717120,3664,240.310056389,48.891168689,-19.710682,0.044565285,5705225307.466045,4,240.50633533,48.663721332,-22.420419,16.440145110745355,9.869906,-0.3776805,-10.2475865,3,5
1237659161735921721,1500859531989641216,3684,236.213481523,43.514058173,-22.489593,0.036860169,73762767055.87769,1,236.213481523,43.514058173,-22.489593,0.0,11.16682,-1.183425,-12.350245,1,1
1237659161736052817,1500838366390806528,3684,236.677614543,43.372476069,-21.581394,0.036597076,31956381706.828564,2,236.213481523,43.514058173,-22.489593,22.96629345776225,10.7765,-0.3353972,-11.1118972,4,2
1237659161735856432,1500860356623362048,3684,236.179270083,43.619262722,-19.786169,0.036696324,6116001735.818853,3,236.213481523,43.514058173,-22.489593,6.791212295960666,10.05817,-1.747603,-11.805773,2,4
1237661386002268342,1500857882722199552,3684,236.353633301,43.277612134,-19.681365,0.03644709,5553234332.597611,4,236.213481523,43.514058173,-22.489593,16.175705932613933,9.842322,-0.3466389,-10.1889609,3,5
1237667210523508832,2493895845083113472,3688,169.569507854,28.260438381,-22.316766,0.033720179,62908075595.61439,1,169.569507854,28.260438381,-22.316766,0.0,11.24343,-1.393721,-12.637151,1,1
1237667252936114226,2493890897280788480,3688,169.574162542,28.226042811,-21.876497,0.032759999,41937139089.86571,2,169.569507854,28.260438381,-22.316766,2.1764409673621445,10.89123,-0.2219907,-11.1132207,2,2
1237667210523508947,7214960223277740032,3688,169.610085699,28.322067328,-20.948812,0.048055509,17845338898.50939,3,169.569507854,28.260438381,-22.316766,4.476000118910249,,,,3,4
1237667210523443238,2491626178188699648,3688,169.376388912,28.228957382,-19.654876,0.032438125,5419389929.790268,4,169.569507854,28.260438381,-22.316766,10.8707478654986,10.22587,-0.1906296,-10.4164996,4,6
1237665226239508564,2357768060200314880,3718,205.786812923,30.33773177,-22.52877,0.035491034,76472977515.21358,1,205.786812923,30.33773177,-22.52877,0.0,11.07438,1.329822,-9.744558,1,1
1237665226239574107,2357776306537523200,3718,205.879574975,30.303098145,-20.304756,0.035764195,9860578616.729227,2,205.786812923,30.33773177,-22.52877,5.481616877313811,10.19322,-1.648424,-11.841644,2,3
1237665226239508661,2357682298293348352,3718,205.648774055,30.19196856,-19.557342,0.03540403,4953780964.652884,3,205.786812923,30.33773177,-22.52877,11.832000434116638,9.339573,-0.4892476,-9.8288206,3,5
1237665329860313106,2357775756781709312,3718,206.146613808,30.314571223,-19.539165,0.03583933,4871536939.14416,4,205.786812923,30.33773177,-22.52877,19.567715315005916,9.903361,-1.629145,-11.532506,4,6
1237667253999763470,2581864195951716352,3730,144.313311822,23.590608738,-22.512283,0.026118988,75320500983.21617,1,144.313311822,23.590608738,-22.512283,0.0,11.15434,-1.392311,-12.546651,1,1
1237667211050221621,2585132494349166592,3730,144.406877167,23.240744444,-21.52552,0.025935471,30353445770.72623,2,144.313311822,23.590608738,-22.512283,22.634899571721288,10.49272,0.5112904,-9.9814296,2,2
1237667253462892711,2585133318982887424,3730,144.475847958,23.153774556,-19.956912,0.026194179,7157556748.50597,3,144.313311822,23.590608738,-22.512283,29.00385670320517,9.498533,-0.008963232,-9.507496232,4,3
1237667253462892551,2585148162389862400,3730,144.38508574,23.203208138,-19.78782,0.025710868,6125308969.008042,4,144.313311822,23.590608738,-22.512283,24.6904695998032,7.424318,-0.8250972,-8.2494152,3,4
1237667733966487677,2810252559766284288,3739,171.578053849,21.09622529,-22.435255,0.043909568,70162006414.03401,1,171.578053849,21.09622529,-22.435255,0.0,11.15124,-1.206312,-12.357552,1,1
1237667781755535478,7239590932504047616,3739,171.567932029,21.107011363,-21.247592,0.045191197,23498319257.29649,2,171.578053849,21.09622529,-22.435255,0.90073624369983,,,,2,4
1237667733966487717,2810253659277912064,3739,171.579507913,21.054966661,-20.89044,0.044151641,16911261300.737312,3,171.578053849,21.09622529,-22.435255,2.5937574674949477,10.1202,0.2284852,-9.8917148,3,5
1237667781755601077,2810252834644191232,3739,171.734634914,21.119953898,-19.525736,0.042444904,4811654108.360698,4,171.578053849,21.09622529,-22.435255,9.298460542137956,9.728387,-1.100034,-10.828421,4,7
1237661950802133052,1917499414310578176,3743,210.018502316,12.111508476,-22.432656,0.040402377,69994255744.11432,1,210.018502316,12.111508476,-22.432656,0.0,11.13886,-0.9635325,-12.1023925,1,1
1237661950802198689,6133961617232818176,3743,210.1364577,12.089312771,-21.181098,0.039154298,22102388074.52784,2,210.018502316,12.111508476,-22.432656,7.379660253002239,,,,4,2
1237661950802133206,1917499689188485120,3743,209.9795203,12.055348935,-20.82652,0.039703654,15944393352.976458,3,210.018502316,12.111508476,-22.432656,4.2646587411545624,9.790735,0.2501276,-9.5406074,2,3
1237661950802198690,1917501063578019840,3743,210.130297793,12.081077678,-19.58914,0.039487033,5101007945.461541,4,210.018502316,12.111508476,-22.432656,7.129525034803265,9.843162,-0.1479876,-9.9911496,3,4
1237651539782271105,551808909338241024,3745,163.04712032,66.788194787,-22.504436,0.042374868,74778095491.68422,1,163.04712032,66.788194787,-22.504436,0.0,11.57854,-0.06330274,-11.64184274,1,1
1237651539782336736,551809733971961856,3745,163.292913514,66.681406305,-20.656243,0.042369451,13630042185.66553,2,163.04712032,66.788194787,-22.504436,9.06811197014548,10.31963,-0.3232537,-10.6428837,3,2
1237651539782205662,551811932995217408,3745,162.575221616,66.722675275,-20.350589,0.042110229,10285741370.06341,3,163.04712032,66.788194787,-22.504436,12.404663249012028,10.08719,-0.0252261,-10.1124161,4,3
1237651539782271165,551806710314985472,3745,163.076740327,66.761305976,-20.272895,0.042848085,9575423699.343445,4,163.04712032,66.788194787,-22.504436,1.8419954352641252,10.24649,-1.485937,-11.732427,2,4
1237662238020468925,2043616148221618176,3754,224.672174962,7.984993099,-22.541795,0.038262484,77395908053.28523,1,224.672174962,7.984993099,-22.541795,0.0,11.25308,-0.7255837,-11.9786637,1,1
1237662238020468888,2043616972855339008,3754,224.682338572,8.01601712,-20.334625,0.038485322,10135612536.194738,2,224.672174962,7.984993099,-22.541795,2.0493086211985063,10.29527,-1.311499,-11.606769,2,2
1237662238020469063,2043618347244873728,3754,224.66123589,8.073231321,-20.038041,0.037534078,7712876901.101104,3,224.672174962,7.984993099,-22.541795,5.585787970108619,10.11128,0.3851967,-9.7260833,3,3
1237662263784112396,2043580963849529344,3754,224.658259967,7.882957454,-19.898046,0.037368993,6779823687.782722,4,224.672174962,7.984993099,-22.541795,6.46930463747756,10.01517,-0.4975609,-10.5127309,4,4
1237655465383428181,883980724816865280,3762,204.798477422,61.506039074,-22.320865,0.031400073,63146022498.42445,1,204.798477422,61.506039074,-22.320865,0.0,11.15581,-1.376954,-12.532764,1,1
1237655370902732815,883982648962213888,3762,204.666812689,61.74923137,-21.322233,0.031138445,25170578666.197742,2,204.798477422,61.506039074,-22.320865,15.7778105499727,10.63116,-1.528024,-12.159184,3,2
1237655465383428182,885064293190494208,3762,204.799016091,61.487746684,-19.668822,0.031037353,5489449573.833515,3,204.798477422,61.506039074,-22.320865,1.1494582407224574,9.973141,-2.128828,-12.101969,2,3
1237655370902732937,885046151248635904,3762,204.742721811,61.832693262,-19.560421,0.031586712,4967849151.068435,4,204.798477422,61.506039074,-22.320865,20.591507417794073,9.443351,-0.2390398,-9.6823908,4,5
1237648705129349140,344688951312803840,3770,218.52437548,0.620087707,-22.566217,0.031165708,79156539532.24654,1,218.52437548,0.620087707,-22.566217,0.0,11.1686,-1.226143,-12.394743,1,1
1237648705129480247,344690050824431616,3770,218.832171063,0.475729976,-20.647618,0.030326863,13522195171.52235,2,218.52437548,0.620087707,-22.566217,21.35992498034346,10.15588,0.2209152,-9.9349648,4,2
1237648705129349141,344688126679083008,3770,218.546906984,0.615752687,-20.170116,0.030686454,8710566486.321192,3,218.52437548,0.620087707,-22.566217,1.4415796535600405,10.17372,-1.319584,-11.493304,2,4
1237648722321342726,345746681934931968,3770,218.509332211,0.656005418,-19.832971,0.032033731,6385404294.444437,4,218.52437548,0.620087707,-22.566217,2.446696751410787,9.993007,-1.375465,-11.368472,3,5
1237654954275373295,3247270504494557184,3772,246.240991173,50.303569568,-22.378876,0.042973375,66611681986.23233,1,246.240991173,50.303569568,-22.378876,0.0,10.85019,-9999.0,-10009.85019,1,1
1237654954275438624,3247105577750390784,3772,246.398113745,50.167180748,-21.522374,0.042810157,30265621743.06095,2,246.240991173,50.303569568,-22.378876,10.644828327245426,10.67636,0.7463476,-9.9300124,4,2
1237654954275373373,703812822089361408,3772,246.28135559,50.259208908,-20.336582,0.042545512,10153898083.530563,3,246.240991173,50.303569568,-22.378876,3.2241843041166263,10.16969,-0.03208704,-10.20177704,2,3
1237651715870359850,3247269130105022464,3772,246.323823588,50.32667814,-20.231339,0.04346575,9215854298.666536,4,246.240991173,50.303569568,-22.378876,3.626745598964784,10.01783,-0.5484856,-10.5663156,3,4
1237654653635985662,853548715418347520,3776,121.67825354,39.090217005,-22.556738,0.042096308,78468472764.86519,1,121.67825354,39.090217005,-22.556738,0.0,11.04883,0.2572438,-10.7915862,1,1
1237654653635920245,853547890784626688,3776,121.61149716,38.940705059,-21.688824,0.042402131,35280083147.594475,2,121.67825354,39.090217005,-22.556738,9.943350375982645,10.89715,-0.2460427,-11.1431927,2,2
1237653586333794636,853573179552065536,3776,121.780098145,38.95178488,-20.446071,0.042659824,11231257901.724651,3,121.67825354,39.090217005,-22.556738,10.01850891476692,10.41513,-1.535934,-11.951064,3,3
1237654653635919928,853551464197416960,3776,121.588489884,38.902912586,-20.31419,0.042460922,9946630844.51219,4,121.67825354,39.090217005,-22.556738,12.558480744440809,10.20955,-1.224424,-11.433974,4,4
1237655370364354565,881720128675276800,3777,197.309985145,62.174997401,-22.269268,0.028215497,60215347917.35785,1,197.309985145,62.174997401,-22.269268,0.0,11.08753,-1.311303,-12.398833,1,1
1237655370364223569,881720953308997632,3777,196.904048757,62.215890154,-22.031819,0.028048421,48386877818.74449,2,197.309985145,62.174997401,-22.269268,12.171587318478618,10.90699,-1.213227,-12.120217,3,2
1237655370364354632,881722602576439296,3777,197.377642385,62.162795816,-21.055543,0.027771491,19688707180.61217,3,197.309985145,62.174997401,-22.269268,2.1275907203212716,10.62903,-1.765709,-12.394739,2,3
1237655370364223561,881719853797369856,3777,196.953141719,62.347208874,-21.008852,0.027782483,18859961419.653652,4,197.309985145,62.174997401,-22.269268,15.03276953835864,10.52125,-1.641254,-12.162504,4,4
1237662236934340746,2018769934196172800,3779,196.062678401,9.223459863,-22.377366,0.036035641,66519105421.26991,1,196.062678401,9.223459863,-22.377366,0.0,10.95101,-0.5149978,-11.4660078,1,1
1237658491749400635,2018767735172917248,3779,196.058733936,9.006582645,-21.542146,0.036328897,30821828528.62252,2,196.062678401,9.223459863,-22.377366,13.628994538597018,10.81208,-1.423016,-12.235096,2,2
1237662236397535434,2018741621771757568,3779,196.232327246,8.900672955,-20.625692,0.036039257,13251858806.727327,3,196.062678401,9.223459863,-22.377366,22.85024904405819,10.2965,-0.8854803,-11.1819803,3,3
1237662236397469828,2018754266155476992,3779,196.017614938,8.805726157,-20.528471,0.036800628,12116812848.482813,4,196.062678401,9.223459863,-22.377366,26.39553361898089,10.17358,-0.1242744,-10.2978544,4,4
1237674649388056620,315253375350368256,3789,171.396154703,-0.768241644,-22.424643,0.026518365,69479582480.013,1,171.396154703,-0.768241644,-22.424643,0.0,11.14839,-1.341963,-12.490353,1,1
1237648720153149538,315253650228275200,3789,171.154415404,-0.991867311,-21.266184,0.026806281,23904166216.93263,2,171.396154703,-0.768241644,-22.424643,20.6899546503483,10.63393,-1.579077,-12.213007,4,2
1237674649387991118,315255849251530752,3789,171.264206431,-0.816404494,-19.733703,0.026927524,5827485478.817103,3,171.396154703,-0.768241644,-22.424643,8.82483976187711,9.810713,-1.309208,-11.119921,3,3
1237674649388056846,316448269645408256,3789,171.447950579,-0.712375881,-19.677945,0.027524581,5535769518.562988,4,171.396154703,-0.768241644,-22.424643,4.786512326834818,10.06059,-0.4442022,-10.5047922,2,4
1237662662135578691,1853269513378752512,3826,221.639037641,33.408609856,-22.3433,0.030966138,64464408187.79121,1,221.639037641,33.408609856,-22.3433,0.0,11.10516,-1.201857,-12.307017,1,1
1237662662135578692,1853267589233403904,3826,221.666408031,33.401233305,-21.043568,0.029941323,19472746044.55787,2,221.639037641,33.408609856,-22.3433,1.5085952158240454,10.57783,-1.410905,-11.988735,2,2
1237662224080633907,1853266489721776128,3826,221.684603188,33.240381901,-19.365263,0.030644695,4150545699.3698177,3,221.639037641,33.408609856,-22.3433,10.837396440431236,9.896813,0.2881475,-9.6086655,4,3
1237662224617439529,1853271712402008064,3826,221.70880774,33.479098663,-19.351278,0.031300398,4097426765.119327,4,221.639037641,33.408609856,-22.3433,5.744222167463522,9.760905,-1.122612,-10.883517,3,4
1237659327103696926,919923210877691904,3829,249.135694381,39.027892843,-22.501466,0.030027984,74573821693.17949,1,249.135694381,39.027892843,-22.501466,0.0,11.1706,-0.8007292,-11.9713292,1,1
1237659327103631521,919936954773039104,3829,249.016746521,39.048883354,-20.352437,0.030587317,10303263338.728275,2,249.135694381,39.027892843,-22.501466,5.95294987367513,10.58118,0.1026058,-10.4785742,2,2
1237655472358228205,919933656238155776,3829,248.90917262,38.972785959,-20.104559,0.030029087,8200184048.736223,3,249.135694381,39.027892843,-22.501466,11.59016873502916,10.61546,0.1721064,-10.4433536,4,3
1237655373573980487,919923485755598848,3829,249.126849427,39.123321075,-19.667668,0.029960094,5483618084.181731,4,249.135694381,39.027892843,-22.501466,6.0114343255469365,8.64559,-1.749313,-10.394903,3,4
1237665128011923466,2356652055344474112,3849,198.306065312,33.984433587,-22.260058,0.035914039,59706718104.53116,1,198.306065312,33.984433587,-22.260058,0.0,10.96117,0.1989094,-10.7622606,1,1
1237665128011989012,2356655628757264384,3849,198.505497582,33.936804637,-21.636803,0.0359044,33629561149.0462,2,198.306065312,33.984433587,-22.260058,10.815498642979511,10.84369,-1.589425,-12.433115,4,2
1237665128011923659,2356655903635171328,3849,198.430428912,33.980764808,-20.792723,0.035147477,15455718528.556442,3,198.306065312,33.984433587,-22.260058,6.483521348252141,9.754007,0.1008196,-9.6531874,3,3
1237665128011923585,2356655353879357440,3849,198.317273237,34.030979006,-19.364914,0.036266261,4149211758.714965,4,198.306065312,33.984433587,-22.260058,2.9822288576795057,9.392172,-0.4683892,-9.8605612,2,4
1237667211059462180,2491692423764273152,3853,167.213328275,28.475711211,-22.264379,0.037310204,59944811655.90538,1,167.213328275,28.475711211,-22.264379,0.0,11.12504,-0.4819457,-11.6069857,1,1
1237667253472133218,2491697371566598144,3853,167.261516623,28.282136564,-20.675866,0.036944035,13878623680.204391,2,167.213328275,28.475711211,-22.264379,12.450963098987112,10.7406,-0.3591812,-11.0997812,3,2
1237667253472067776,2491691874008459264,3853,167.165309354,28.317561787,-19.791353,0.036135894,6145273270.00834,3,167.213328275,28.475711211,-22.264379,10.28516365706236,9.552094,-0.08410837,-9.63620237,2,3
1237667253472198798,2489385098512721920,3853,167.36193947,28.256286162,-19.778695,0.036643406,6074044928.725592,4,167.213328275,28.475711211,-22.264379,16.049506447250767,9.761603,-0.4390601,-10.2006631,4,4
1237665024910229511,2277753025634265088,3857,199.200951408,33.978885739,-22.287825,0.037935651,61253371771.63242,1,199.200951408,33.978885739,-22.287825,0.0,11.14034,-1.489283,-12.629623,1,1
1237665128012251184,2277731310279616512,3857,199.272939521,33.935993758,-20.091167,0.037719915,8099660207.928306,2,199.200951408,33.978885739,-22.287825,4.619356438696595,9.668192,-0.1948668,-9.8630588,3,5
1237665128012185846,2277751926122637312,3857,199.192603104,33.955504622,-19.989443,0.038419915,7375257705.692371,3,199.200951408,33.978885739,-22.287825,1.5321372591058118,10.14018,-1.779005,-11.919185,2,6
1237665024910164061,2356664974606100480,3857,198.973199179,34.033030284,-19.606505,0.038160549,5183248133.855417,4,199.200951408,33.978885739,-22.287825,12.340945677144203,9.630554,-0.5166666,-10.1472206,4,7
1237668332029935843,3097471111433054208,3867,224.797607998,13.42186319,-22.398428,0.044267193,67822094867.44052,1,224.797607998,13.42186319,-22.398428,0.0,11.58129,0.3374878,-11.2438022,1,1
1237668332029935885,3097426581212129280,3867,224.819121219,13.399717291,-20.958488,0.044702595,18005085996.324493,2,224.797607998,13.42186319,-22.398428,1.914427438039028,10.55945,0.1870315,-10.3724185,3,2
1237668332029935842,6167924981675782144,3867,224.790419148,13.421555588,-20.780586,0.043071277,15283907478.06787,3,224.797607998,13.42186319,-22.398428,0.4397771431842368,,,,2,3
1237668332029935785,3097460391194683392,3867,224.723926709,13.470222692,-19.58865,0.043682592,5098706345.912766,4,224.797607998,13.42186319,-22.398428,5.431969432512483,9.879955,-0.4333765,-10.3133315,4,7
1237667254532047008,5826714086994014208,3868,133.696174614,20.220262021,-22.255065,0.031265717,59432773829.54872,1,133.696174614,20.220262021,-22.255065,0.0,,,,1,1
1237667254532046894,2569381439653046272,3868,133.601306524,20.22478674,-21.246855,0.032062463,23482373961.643093,2,133.696174614,20.220262021,-22.255065,5.600521724185085,10.70671,-1.447982,-12.154692,2,2
1237667211582570791,2569370719414675456,3868,133.861421224,20.05434919,-20.308426,0.031684099,9893965690.061886,3,133.696174614,20.220262021,-22.255065,14.272245994881956,9.946365,-0.05759728,-10.00396228,4,3
1237667254532112625,2569374017949558784,3868,133.791394652,20.261650828,-20.160403,0.032756525,8632989247.657284,4,133.696174614,20.220262021,-22.255065,6.1865083841341955,10.08233,0.2851975,-9.7971325,3,4
1237664289399636012,1998486692838795264,3873,203.926658508,13.330909656,-22.203427,0.043702902,56672294976.86282,1,203.926658508,13.330909656,-22.203427,0.0,11.07372,0.529468,-10.544252,1,1
1237662528988053670,1998486417960888320,3873,203.956278557,13.417535056,-21.883956,0.04317513,42226238856.587845,2,203.926658508,13.330909656,-22.203427,5.736092269461746,10.86603,0.1489234,-10.7171066,4,2
1237664289399636221,1998483669181818880,3873,203.985416483,13.343047321,-21.477385,0.04332807,29037150798.27136,3,203.926658508,13.330909656,-22.203427,3.672363133937695,10.70772,0.4554564,-10.2522636,2,3
1237662528988053660,1998488891862050816,3873,203.934512906,13.41551738,-19.405362,0.042607527,4306701781.618506,4,203.926658508,13.330909656,-22.203427,5.3376974727570605,9.234194,-0.2446428,-9.4788368,3,5
1237655692479037666,1038218293275551744,3879,226.592784829,-1.75183595,-22.231891,0.037448197,58177680196.640335,1,226.592784829,-1.75183595,-22.231891,0.0,11.10931,-1.213444,-12.322754,1,1
1237655692479037882,1038219667665086464,3879,226.580403686,-1.777896689,-21.123378,0.038510756,20958065822.412876,2,226.592784829,-1.75183595,-22.231891,1.8126847139611977,10.62266,-1.477765,-12.100425,2,4
1237655692479102982,1038220492298807296,3879,226.642685208,-1.858254948,-20.980142,0.038168876,18367785540.90335,3,226.592784829,-1.75183595,-22.231891,7.384434907139588,10.59359,-1.359531,-11.953121,4,5
1237655692479037791,1038218018397644800,3879,226.512793612,-1.682739174,-20.233236,0.038743646,9231970328.62947,4,226.592784829,-1.75183595,-22.231891,6.6397579919190655,9.976303,-0.1297873,-10.1060903,3,6
1237668311094788501,2847554598078539776,3895,244.995307784,10.493547914,-22.278917,0.036204502,60752870129.76744,1,244.995307784,10.493547914,-22.278917,0.0,11.11503,-1.14614,-12.26117,1,1
1237668272453582997,2849740152098547712,3895,244.803637663,10.711655407,-21.195088,0.036680707,22389025964.98337,2,244.995307784,10.493547914,-22.278917,18.10871745772032,10.74878,-1.726327,-12.475107,4,2
1237668311094788500,2849728607226456064,3895,245.008425091,10.499285366,-20.884025,0.037002574,16811636842.556831,3,244.995307784,10.493547914,-22.278917,0.8869573566547586,10.52829,-1.391092,-11.919382,2,3
1237668311094853830,2847551574421563392,3895,244.999844609,10.371111585,-19.39843,0.036986553,4279292770.205746,4,244.995307784,10.493547914,-22.278917,7.698007907954274,9.788883,-0.5017803,-10.2906633,3,4
1237665129616834566,2370082584072841216,3899,182.533166778,35.877598694,-22.202113,0.023358311,56603749457.44162,1,182.533166778,35.877598694,-22.202113,0.0,11.01836,-0.8726794,-11.8910394,1,1
1237665129616900136,2370069664811214848,3899,182.83725736,35.845415981,-21.920837,0.023757328,43685247443.43194,2,182.533166778,35.877598694,-22.202113,15.616110022411023,10.8217,-0.782785,-11.604485,2,2
1237665129617031224,2370065541642610688,3899,183.113313977,35.883487032,-19.884373,0.023728558,6694978705.439006,3,182.533166778,35.877598694,-22.202113,29.53694461223692,10.11785,-2.096347,-12.214197,4,3
1237665025978073097,2370077636270516224,3899,182.795330961,35.681279693,-19.875279,0.022456186,6639136533.769773,4,182.533166778,35.877598694,-22.202113,18.18618338008903,9.60321,0.1734992,-9.4297108,3,4
1237661951327666291,6074409318525628416,3901,183.530724294,13.587259135,-22.150646,0.044110056,53983172037.014824,1,183.530724294,13.587259135,-22.150646,0.0,,,,1,1
1237661951327666292,1815122501353629696,3901,183.536885227,13.576583747,-20.47263,0.043974456,11509381876.165648,2,183.530724294,13.587259135,-22.150646,0.7690879542718827,10.32214,-1.700861,-12.023001,3,5
1237661951327666295,1816166487073777664,3901,183.532049318,13.589373508,-19.753827,0.044471057,5936504481.6320715,3,183.530724294,13.587259135,-22.150646,0.1555561079653132,9.852967,-0.7996799,-10.6526469,2,6
1237661951327666286,1816167311707498496,3901,183.516061655,13.573026776,-19.619979,0.043098515,5247973096.717267,4,183.530724294,13.587259135,-22.150646,1.2655584723182445,9.422676,-0.4088897,-9.8315657,4,7
1237667141792497682,2575083782201698304,3906,138.317172902,23.089996974,-22.148744,0.038990966,53888686736.617714,1,138.317172902,23.089996974,-22.148744,0.0,11.00405,-1.23234,-12.23639,1,1
1237667141792497724,6502157274982313984,3906,138.340240809,23.068321688,-21.306788,0.038599819,24815052594.277103,2,138.317172902,23.089996974,-22.148744,1.905967087319285,,,,3,2
1237667141792497802,2575087080736581632,3906,138.341724054,23.078330028,-20.901546,0.038254949,17085134418.8663,3,138.317172902,23.089996974,-22.148744,1.5972336047631033,10.24455,0.4461633,-9.7983867,2,3
1237667141792432266,2575085706347046912,3906,138.193199313,23.074216188,-20.021917,0.037246716,7599181195.728639,4,138.317172902,23.089996974,-22.148744,7.2341680488584,9.916013,-0.1358099,-10.0518229,4,4
1237668367461384355,2839664227508054016,3917,239.698671891,14.203728839,-22.223973,0.034720621,57754948376.21682,1,239.698671891,14.203728839,-22.223973,0.0,10.97214,-1.101377,-12.073517,1,1
1237668367461384250,2838420404442261504,3917,239.62117088,14.36014792,-21.321991,0.034150429,25164969015.144833,2,239.698671891,14.203728839,-22.223973,10.902330554152822,10.55919,-1.686895,-12.246085,4,2
1237668367461319004,2838418755174819840,3917,239.568749549,14.289295812,-20.129442,0.033669284,8390286678.231982,3,239.698671891,14.203728839,-22.223973,9.565979035077875,10.00157,-0.1604459,-10.162015899999998,2,4
1237668367461449908,2839664777263867904,3917,239.857882636,14.193070908,-19.757786,0.035715715,5958190709.778162,4,239.698671891,14.203728839,-22.223973,9.721013820374962,10.28847,-0.7707178,-11.0591878,3,6
1237661356998197278,1371521504088451072,3935,155.132240308,43.021594672,-22.070323,0.022945392,50133635599.955765,1,155.132240308,43.021594672,-22.070323,0.0,10.95587,-0.554187,-11.510057000000002,1,1
1237660634921041978,1371517655797753856,3935,155.208197012,42.972068162,-21.849585,0.024061221,40910425827.84673,2,155.132240308,43.021594672,-22.070323,4.67628160842056,11.01033,-0.3516938,-11.3620238,2,2
1237660634921107512,1371518205553567744,3935,155.252289211,42.985317401,-21.815382,0.023982591,39641748326.85818,3,155.132240308,43.021594672,-22.070323,5.96859498836334,10.73679,-0.3467417,-11.0835317,3,3
1237661356998262822,1529024625403521024,3935,155.350288847,43.100522782,-19.305403,0.024388954,3927907031.0878105,4,155.132240308,43.021594672,-22.070323,11.170991749060304,9.056405,-0.005806419,-9.062211419,4,5
1237668297142370342,3106438733151365120,3939,213.828894048,16.8879647,-22.219761,0.044659806,57531328133.317245,1,213.828894048,16.8879647,-22.219761,0.0,11.07607,-1.270889,-12.346959,1,1
1237668297142304960,3106439557785085952,3939,213.683952465,16.941175963,-20.439226,0.044342356,11160673416.50025,2,213.828894048,16.8879647,-22.219761,9.332419364034136,10.15513,0.05938445,-10.09574555,3,2
1237668297142304954,3105233118466959360,3939,213.663207899,16.883142881,-20.052435,0.04534214,7815810121.112033,3,213.828894048,16.8879647,-22.219761,9.966149727400868,10.14559,-1.489952,-11.635542,4,3
1237668297142370419,3106438183395551232,3939,213.730727169,16.94685304,-19.950776,0.045213628,7117220155.890892,4,213.828894048,16.8879647,-22.219761,6.965149089225362,10.0961,-1.597234,-11.693334,2,4
1237668590266876053,2932989673519212544,3943,201.670164446,16.873811548,-22.20131,0.028404827,56561901348.73117,1,201.670164446,16.873811548,-22.20131,0.0,10.99753,-1.284353,-12.281883,1,1
1237668624629891241,2933134259298265088,3943,201.292983116,17.053315042,-20.607129,0.028424172,13027215577.075815,2,201.670164446,16.873811548,-22.20131,25.31870922309339,9.935982,-0.04975127,-9.98573327,4,2
1237668590266876172,2934203253941889024,3943,201.615032576,16.980445532,-20.561315,0.028121051,12488952102.272087,3,201.670164446,16.873811548,-22.20131,7.474789524388715,10.37317,-0.7670521,-11.1402221,2,3
1237668624629891243,2934193908093052928,3943,201.293428865,17.050192814,-19.221085,0.028165027,3634410679.8598824,4,201.670164446,16.873811548,-22.20131,25.208037494943827,8.982884,-0.8471013,-9.8299853,3,4
1237668310558441537,2849690674075297792,3951,245.923597328,9.744907235,-22.034207,0.034645426,48493418455.97634,1,245.923597328,9.744907235,-22.034207,0.0,11.07254,-1.528834,-12.601374,1,1
1237668310558441504,2850877597162694656,3951,245.93761264,9.788101893,-21.636198,0.034633459,33610827116.935062,2,245.923597328,9.744907235,-22.034207,2.8493778463805413,10.71649,-0.9246548,-11.6411448,3,2
1237668310558441523,2849689574563670016,3951,245.919062727,9.708980823,-21.393044,0.034063196,26866902545.221016,3,245.923597328,9.744907235,-22.034207,2.274723716704492,10.82452,-1.563816,-12.388336,2,3
1237668310558376403,2849690124319483904,3951,245.878481518,9.692394125,-21.298197,0.03364318,24619475705.99857,4,245.923597328,9.744907235,-22.034207,4.323570828458441,10.6666,-1.228705,-11.895305,4,5
1237654601026175091,644091750930999296,3959,149.244424374,3.777948201,-22.000742,0.035658105,47021534740.43603,1,149.244424374,3.777948201,-22.000742,0.0,10.96525,-1.212603,-12.177853,1,1
1237654601026175068,644087902640302080,3959,149.246036975,3.81306583,-21.55806,0.035106167,31276921492.87896,2,149.244424374,3.777948201,-22.000742,2.2088206661375027,10.72631,0.09755509,-10.62875491,3,2
1237654601026175190,644091476053092352,3959,149.210533402,3.749738052,-21.11327,0.034498941,20763855601.766125,3,149.244424374,3.777948201,-22.000742,2.7670715580915517,10.6437,-1.652156,-12.295856,4,3
1237654601026175095,642895757107554304,3959,149.242893789,3.776779164,-19.824679,0.035834461,6336823341.565639,4,149.244424374,3.777948201,-22.000742,0.1208459322409589,9.767878,-1.67766,-11.445538,2,4
1237663530260299864,2007539514091792384,3964,126.878811199,54.904673948,-22.184475,0.030937022,55691639086.43649,1,126.878811199,54.904673948,-22.184475,0.0,11.1277,-0.8879627,-12.0156627,1,1
1237663546903363732,2007516149469702144,3964,127.040585902,54.821141285,-20.37515,0.031093557,10521072177.66743,2,126.878811199,54.904673948,-22.184475,7.859408147979519,10.32845,-1.577947,-11.906397,3,2
1237663530260299843,2007537864824350720,3964,126.854269771,54.876704943,-20.169771,0.03122111,8707799084.789804,3,126.878811199,54.904673948,-22.184475,1.968443161599707,9.741514,0.00163637,-9.73987763,2,3
1237663546903363801,2006516142184622080,3964,127.183434104,54.850696214,-19.472838,0.030910892,4582845328.407064,4,126.878811199,54.904673948,-22.184475,11.522149927728528,9.990502,-0.4610872,-10.4515892,4,5
1237657628446097522,981817468479629312,3966,152.781708565,46.91535756,-22.152887,0.02535977,54094710386.506775,1,152.781708565,46.91535756,-22.152887,0.0,11.23107,-1.452044,-12.683114,1,1
1237657628446097434,981827089206372352,3966,152.545367585,46.952250457,-20.614509,0.02599957,13116066200.19556,2,152.781708565,46.91535756,-22.152887,10.401618774247858,10.48151,-0.9226072,-11.4041172,2,2
1237657851234156610,981802075316840448,3966,153.214228129,46.912821002,-19.307596,0.024852807,3935848744.0362782,3,152.781708565,46.91535756,-22.152887,18.56443257410133,9.716967,-0.5338262,-10.2507932,4,3
1237657851234025624,981788331421493248,3966,152.77212995,46.636378027,-19.203125,0.025517189,3574785601.3560996,4,152.781708565,46.91535756,-22.152887,17.53364626718363,9.17615,-0.4547452,-9.6308952,3,4
1237664853105442825,2069436797414303744,3977,210.444394229,34.667814326,-22.099997,0.02754049,51522722095.436745,1,210.444394229,34.667814326,-22.099997,0.0,11.02127,-1.39881,-12.42008,1,1
1237664853105377330,2069443119606163456,3977,210.278044093,34.580915664,-20.535323,0.028175469,12193522949.565895,2,210.444394229,34.667814326,-22.099997,10.187651887735289,10.30356,-0.0523498,-10.3559098,3,2
1237664853105508500,2069421129373607936,3977,210.681381882,34.564575938,-19.535428,0.027999021,4854798398.458873,3,210.444394229,34.667814326,-22.099997,13.86532819436028,9.724587,-1.33792,-11.062507,4,3
1237664853105377484,2069433224001513472,3977,210.344806691,34.61577402,-19.296099,0.026503257,3894391422.446626,4,210.444394229,34.667814326,-22.099997,6.098634591233465,9.83156,-1.589044,-11.420604,2,4
1237665128563212505,2437705580303902720,3978,234.819510773,24.455093321,-22.001451,0.034773689,47052250447.91469,1,234.819510773,24.455093321,-22.001451,0.0,11.05737,0.3297442,-10.7276258,1,1
1237665102756446380,2437718499565529088,3978,235.133033855,24.563060181,-21.321514,0.034761966,25153915636.116184,2,234.819510773,24.455093321,-22.001451,19.165013246094468,10.79218,-1.546229,-12.338409,4,2
1237665128563343628,2437713551763204096,3978,235.025305704,24.393161867,-20.610844,0.034575907,13071866383.811422,3,234.819510773,24.455093321,-22.001451,12.399720454830325,10.34861,0.06706596,-10.28154404,3,4
1237665102756249888,2437698708356229120,3978,234.704158525,24.59545239,-20.009746,0.034098651,7514470779.362418,4,234.819510773,24.455093321,-22.001451,11.011558750926614,9.49773,0.1600748,-9.3376552,2,5
1237667735594074280,3121126284269217792,3980,213.164893545,20.38700002,-22.043566,0.029344156,48913236471.96243,1,213.164893545,20.38700002,-22.043566,0.0,11.05051,-1.308094,-12.358604,1,1
1237667783382991002,3121113639885498368,3980,212.942357414,20.528001015,-20.528364,0.029342949,12115618787.63656,2,213.164893545,20.38700002,-22.043566,15.814912800209918,9.985817,-0.05245451,-10.03827151,2,2
1237667783383253177,3121133156216891392,3980,213.440187986,20.454139634,-20.025292,0.029163945,7622839925.94904,3,213.164893545,20.38700002,-22.043566,16.750155773780854,10.06836,-1.546131,-11.614491,4,3
1237667783383187598,3121134805484333056,3980,213.401248531,20.532763156,-19.516107,0.029441934,4769169962.620442,4,213.164893545,20.38700002,-22.043566,16.657523440189774,9.924733,-0.512401,-10.437134,3,4
1237671129130205319,1382619425022175232,3993,180.998053184,9.216477898,-21.923304,0.035928322,43784621523.87471,1,180.998053184,9.216477898,-21.923304,0.0,11.05534,-1.348233,-12.403573,1,1
1237671129130270882,1382622998434965504,3993,180.951254345,9.365518041,-20.634665,0.036352418,13361831784.2426,2,180.998053184,9.216477898,-21.923304,9.803784110567992,10.36582,-1.185786,-11.551606,3,3
1237671129130205403,1382621349167523840,3993,180.965187727,9.153151893,-19.823194,0.036052529,6328162167.485521,3,180.998053184,9.216477898,-21.923304,4.47069755724439,10.0198,-1.528491,-11.548291,2,5
1237674598925664381,1383809371397449728,3993,181.143479263,9.338117947,-19.18802,0.035976388,3525396751.5688105,4,180.998053184,9.216477898,-21.923304,11.820972949684087,9.499898,-0.5390091,-10.0389071,4,6
1237664854189473891,2081956667800446976,3994,236.290102834,26.506108748,-21.9479,0.032386438,44787827824.06642,1,236.290102834,26.506108748,-21.9479,0.0,10.91911,-0.5889879,-11.5080979,1,1
1237662661605064715,2081956942678353920,3994,236.370737694,26.603038508,-21.626817,0.032455255,33321673141.961533,2,236.290102834,26.506108748,-21.9479,7.591458694555078,11.01519,-0.7378312,-11.7530212,4,2
1237664854189539553,2081937701224867840,3994,236.272399037,26.39485146,-19.552482,0.032897915,4931656278.852363,3,236.290102834,26.506108748,-21.9479,7.061088312837554,9.730418,-0.8430137,-10.5734317,3,3
1237664854189474090,2081958591945795584,3994,236.324580527,26.490694942,-19.207627,0.032791712,3589639206.739882,4,236.290102834,26.506108748,-21.9479,2.1671613335279845,9.503304,-0.5499997,-10.0533037,2,4
1237665128548925484,2356663050460751872,3995,198.780934335,34.3287723,-22.067467,0.038744048,50001933709.666885,1,198.780934335,34.3287723,-22.067467,0.0,11.52736,-1.777515,-13.304875,1,1
1237665128548990982,2277763745872635904,3995,198.910608567,34.254122404,-20.185558,0.037892411,8835338644.914211,2,198.780934335,34.3287723,-22.067467,8.20441037588208,10.29137,-1.853651,-12.145021,3,2
1237665025446904003,2277768418797053952,3995,198.779625301,34.458444613,-19.603078,0.037972603,5166913606.793736,3,198.780934335,34.3287723,-22.067467,8.14783439498908,9.238877,-0.8799343,-10.1188113,2,3
1237665025446903972,2277769793186588672,3995,198.72033655,34.464229849,-19.276076,0.03896009,3823229776.974381,4,198.780934335,34.3287723,-22.067467,9.072397160577422,9.36902,-0.6006925,-9.9697125,4,5
1237657873793482757,1058383340622604288,3997,144.283838937,41.62639751,-22.18947,0.041499448,55948442360.02763,1,144.283838937,41.62639751,-22.18947,0.0,11.08774,-0.9285241,-12.0162641,1,1
1237657873793417354,1058406155488880640,3997,144.191348651,41.601257385,-19.636633,0.041592409,5329091780.994457,2,144.283838937,41.62639751,-22.18947,4.623007994311938,9.792908,-1.372172,-11.16508,3,2
1237658203961884806,1058379767209814016,3997,144.371313295,41.586460703,-19.465286,0.041911954,4551079269.508729,3,144.283838937,41.62639751,-22.18947,4.815140800830455,9.732166,-0.06550997,-9.79767597,4,3
1237658203961884821,1058382790866790400,3997,144.375226989,41.616067928,-19.25605,0.041774582,3753358086.926808,4,144.283838937,41.62639751,-22.18947,4.34129283219548,8.783231,-0.108923,-8.892154000000001,2,4
1237648704595492963,349091401792776192,4000,225.438501471,0.008479337,-22.030907,0.041584416,48346250727.347786,1,225.438501471,0.008479337,-22.030907,0.0,11.09604,-1.370457,-12.466497,1,1
1237648704595493353,349091676670683136,4000,225.454565406,0.056537044,-19.95241,0.041300425,7127939420.041673,2,225.438501471,0.008479337,-22.030907,3.1837794069807708,9.446967,-0.3820747,-9.8290417,3,4
1237648673987232019,349090577159055360,4000,225.4943556,-0.114316913,-19.092493,0.040842773,3228473306.90892,3,225.438501471,0.008479337,-22.030907,8.47615411963537,9.564772,-0.80644,-10.371212,4,6
1237648721250615590,349101297397426176,4000,225.420100892,-0.014936353,-19.049666,0.041312865,3103604693.72366,4,225.438501471,0.008479337,-22.030907,1.8711615313574776,9.160706,-0.3082105,-9.4689165,2,7
1237661817636651052,1910797879916652544,4005,198.753823514,12.725261195,-22.132105,0.026341375,53069133911.57874,1,198.753823514,12.725261195,-22.132105,0.0,10.98316,-1.364187,-12.347347,1,1
1237671955902693480,6104892728364691456,4005,198.848341066,12.895082067,-20.577012,0.026510487,12670822292.314943,2,198.753823514,12.725261195,-22.132105,12.140296202294769,,,,2,2
1237661950260347049,1910779188218980352,4005,198.585517428,12.552637222,-20.051335,0.026463357,7807895641.152215,3,198.753823514,12.725261195,-22.132105,14.970572145680764,10.11704,-1.592688,-11.709728,4,4
1237671955902693479,1910800628695721984,4005,198.841289321,12.90519359,-19.625856,0.025831415,5276456960.54878,4,198.753823514,12.725261195,-22.132105,12.511200080697703,9.854807,-1.403624,-11.258431,3,5
1237654879667552297,663242215904012288,4007,224.657721432,3.291310124,-21.932451,0.044266015,44155051943.38177,1,224.657721432,3.291310124,-21.932451,0.0,10.97401,-1.391486,-12.365496,1,1
1237654879667617934,663239742002849792,4007,224.766915132,3.268206323,-19.518461,0.044476245,4779521284.743022,2,224.657721432,3.291310124,-21.932451,7.001741940257754,10.10938,-1.199329,-11.308709,4,4
1237654879667486952,662030828800337920,4007,224.550721927,3.290639667,-19.048778,0.04496689,3101067360.781683,3,224.657721432,3.291310124,-21.932451,6.71202231827937,9.625319,-1.416864,-11.042183,3,5
1237654879667552298,662034127335221248,4007,224.656710948,3.284698318,-18.983038,0.045045356,2918873004.9021697,4,224.657721432,3.291310124,-21.932451,0.4202398806142286,9.664899,-2.412892,-12.077791,2,7
1237655691940266371,1035847471076501504,4008,222.290848999,-2.291533697,-22.128332,0.043370811,52885035473.560455,1,222.290848999,-2.291533697,-22.128332,0.0,11.07,-1.024334,-12.094334,1,1
1237655691940266355,1035844722297432064,4008,222.271736419,-2.308955156,-21.139964,0.043311964,21280684839.666374,2,222.290848999,-2.291533697,-22.128332,1.6241876007083922,10.73029,-1.629247,-12.359537,2,2
1237655691940331751,1035848020832315392,4008,222.322319485,-2.306894419,-19.938174,0.044574432,7035089064.653446,3,222.290848999,-2.291533697,-22.128332,2.1988897887117957,10.02181,-1.376394,-11.398204,3,3
1237655691940266337,1035846646442780672,4008,222.256972429,-2.366446597,-19.229444,0.043542412,3662499718.6495953,4,222.290848999,-2.291533697,-22.128332,5.16509523946245,9.867603,-0.9414298,-10.8090328,4,6
1237651250945589326,496593908269082624,4010,123.721774007,45.792004679,-21.922861,0.040749441,43766760250.84261,1,123.721774007,45.792004679,-21.922861,0.0,10.96404,-1.067401,-12.031441,1,1
1237651250945589502,496595282658617344,4010,123.842596585,45.742084881,-20.486535,0.040521823,11657730199.17645,2,123.721774007,45.792004679,-21.922861,6.15483548704305,10.04909,-0.1217403,-10.1708303,4,3
1237651191354556696,494435292216846336,4010,123.718454795,45.871347009,-19.428142,0.041509826,4398015949.43963,3,123.721774007,45.792004679,-21.922861,4.987343004971329,9.505301,-0.2498952,-9.7551962,3,5
1237651250945589513,496595832414431232,4010,123.762404285,45.798013386,-19.252248,0.041244614,3740237670.6452985,4,123.721774007,45.792004679,-21.922861,1.8195341325501329,9.865484,-1.734281,-11.599765,2,6
1237658802577080326,1169905706137053184,4011,193.776663821,55.149719866,-21.843662,0.031920356,40687855456.09111,1,193.776663821,55.149719866,-21.843662,0.0,10.89045,-1.245129,-12.135579,1,1
1237658802577080463,1169903781991704576,4011,193.877377604,55.210689338,-21.786822,0.032579208,38612578123.19163,2,193.776663821,55.149719866,-21.843662,5.266029892682504,10.73302,-1.18323,-11.91625,2,2
1237658802577145864,1168859520252798976,4011,194.073262625,55.190723238,-20.635545,0.032811209,13372666071.94642,3,193.776663821,55.149719866,-21.843662,10.951039006317645,10.46634,-1.688454,-12.154794,3,3
1237658802577145925,1168857870985357312,4011,194.064430511,55.225725517,-19.081343,0.032448423,3195488066.3404727,4,193.776663821,55.149719866,-21.843662,11.373379634100104,9.806422,-0.729905,-10.536327,4,5
1237655744020349119,5492219830847860736,4012,228.359028921,5.66148308,-21.917649,0.043138679,43557164485.44274,1,228.359028921,5.66148308,-21.917649,0.0,,,,1,1
1237655744020349122,2063907646670399488,4012,228.363161163,5.661416537,-21.124566,0.043431102,20981010446.262543,2,228.359028921,5.66148308,-21.917649,0.2584037826851011,10.72031,0.4036093,-10.3167007,2,3
1237662268074295517,2062819949725902848,4012,228.374621385,5.698769878,-20.079166,0.04365485,8010624969.380542,3,228.359028921,5.66148308,-21.917649,2.5375424557014576,9.931292,-0.1016561,-10.0329481,4,5
1237655744020349114,2062658321516619776,4012,228.354230122,5.640639759,-19.130619,0.04342485,3343856256.485842,4,228.359028921,5.66148308,-21.917649,1.3435577875866012,9.708745,-1.610726,-11.319471,3,7
1237667254526607590,2553655674580002816,4013,121.819108693,14.95093678,-21.912988,0.030266465,43370576998.06369,1,121.819108693,14.95093678,-21.912988,0.0,10.99193,-1.230971,-12.222901,1,1
1237667254526607541,2552476174001399808,4013,121.801262193,14.985205877,-21.184866,0.029996326,22179226700.833557,2,121.819108693,14.95093678,-21.912988,2.410338254098586,10.72226,-1.362793,-12.085053,2,2
1237667254526608028,2552481121803724800,4013,121.836602132,15.02676674,-19.921725,0.030405909,6929310143.326218,3,121.819108693,14.95093678,-21.912988,4.88140560272987,10.03959,-1.293355,-11.332945,4,3
1237667254526608010,2553652376045119488,4013,121.884631966,14.93440109,-19.888181,0.030460207,6718501214.382959,4,121.819108693,14.95093678,-21.912988,4.1111799074012385,9.997963,-1.151792,-11.149755,3,4
1237657591386079240,939158341081393152,4016,144.89457517,48.421818123,-22.022886,0.025248776,47990403338.02644,1,144.89457517,48.421818123,-22.022886,0.0,11.20991,0.4896389,-10.7202711,1,1
1237657632188727350,939125355732559872,4016,144.352289217,48.515458686,-20.546982,0.024982186,12325166646.175762,2,144.89457517,48.421818123,-22.022886,23.34483429823757,9.840386,0.1785716,-9.6618144,4,2
1237657244046000150,939145146941859840,4016,144.692146749,48.562784839,-20.207143,0.025414364,9012747414.96928,3,144.89457517,48.421818123,-22.022886,12.227007928673483,9.429942,0.1090517,-9.3208903,2,3
1237657244045934827,939124805976745984,4016,144.617103659,48.525557798,-19.581503,0.025507864,5065253671.302607,4,144.89457517,48.421818123,-22.022886,13.269392084979025,9.689755,-0.5258098,-10.2155648,3,4
1237662697573515303,2083014946735548416,4023,237.159587776,25.404159521,-21.977463,0.032835155,46024088910.571465,1,237.159587776,25.404159521,-21.977463,0.0,11.04699,-1.077228,-12.124218,1,1
1237662697573515596,2083027591119267840,4023,237.265112396,25.324309921,-20.910689,0.033634471,17229616065.645073,2,237.159587776,25.404159521,-21.977463,7.814430224778152,10.83222,-1.394862,-12.227082,4,2
1237664853653127598,2083029790142523392,4023,237.193996262,25.477924672,-19.455012,0.033090205,4508216871.793491,3,237.159587776,25.404159521,-21.977463,5.029200325941559,9.955454,-1.464208,-11.419662,2,4
1237664853653127479,2083016046247176192,4023,237.110374031,25.487485012,-18.986145,0.032398132,2927237768.690349,4,237.159587776,25.404159521,-21.977463,5.933541716420956,9.679726,-1.469053,-11.148779,3,5
1237658491211808865,2017778730956515328,4026,194.421678439,8.665302058,-21.944993,0.029010588,44668071228.47025,1,194.421678439,8.665302058,-21.944993,0.0,10.94116,-1.361229,-12.302389,1,1
1237658491211874420,2017779005834422272,4026,194.446643833,8.684692585,-19.812005,0.028626237,6263282490.9976,2,194.421678439,8.665302058,-21.944993,1.9720438622305367,9.787234,-0.851521,-10.638755,2,3
1237662236396814569,2018820236853143552,4026,194.569667115,8.857582204,-19.747788,0.028553836,5903576563.791425,3,194.421678439,8.665302058,-21.944993,15.17934224553247,10.00635,-0.4511269,-10.4574769,4,4
1237658491211809011,2017780105346050048,4026,194.380780048,8.671917524,-19.297391,0.029509264,3899028413.087258,4,194.421678439,8.665302058,-21.944993,2.5741480410139914,9.718451,-1.658233,-11.376684,3,5
1237667783916847167,2988281635134269440,4032,205.727891114,22.145183784,-21.889107,0.028387433,42427046498.94103,1,205.727891114,22.145183784,-21.889107,0.0,11.02556,-1.339836,-12.365396,1,1
1237667783916912820,2988284109035431936,4032,205.782122159,22.175791941,-20.581722,0.028616185,12725908608.137684,2,205.727891114,22.145183784,-21.889107,3.695567818421914,10.39428,-1.807509,-12.201789,3,2
1237667783916847168,2988283284401711104,4032,205.744317469,22.159331281,-19.471575,0.02753806,4577517359.826909,3,205.727891114,22.145183784,-21.889107,1.3053500971771197,10.09799,-0.3682418,-10.4662318,2,3
1237667783916912862,2988285208547059712,4032,205.830369159,22.125733457,-19.004941,0.02875232,2978354578.2411065,4,205.727891114,22.145183784,-21.889107,6.088229404328426,9.224757,-0.6111747,-9.8359317,4,5
1237665566619271198,2845261566310377472,4036,242.821759563,14.258754135,-21.88035,0.033141416,42086227648.79452,1,242.821759563,14.258754135,-21.88035,0.0,10.99196,-1.145629,-12.137589,1,1
1237665566619337116,2845275035327817728,4036,242.937047826,14.159650737,-19.957496,0.032390698,7161407718.47936,2,242.821759563,14.258754135,-21.88035,9.385326832070172,10.14676,-1.889831,-12.036591,3,3
1237665566619271478,2845262116066191360,4036,242.809974335,14.227256771,-19.14062,0.032268997,3374799685.7878537,3,242.821759563,14.258754135,-21.88035,2.1051652559453964,9.689776,-1.106406,-10.796182,2,5
1237665566619206089,2841941590933530624,4036,242.768492301,14.399818713,-18.938391,0.033071828,2801279222.1270733,4,242.821759563,14.258754135,-21.88035,9.437924569544345,9.508166,-0.5558949,-10.0640609,4,6
1237665548357075217,2420753594853648384,4040,225.006970347,21.013666,-21.897425,0.045175855,42753335217.38259,1,225.006970347,21.013666,-21.897425,0.0,10.94235,-1.160047,-12.102397,1,1
1237665531179761770,2420743424371091456,4040,225.101659466,21.057231994,-19.637566,0.044215675,5333673169.661031,2,225.006970347,21.013666,-21.897425,6.191034033335817,10.00125,-1.900835,-11.902085,4,5
1237665548357075183,2418433350709569536,4040,224.959522382,21.016691381,-19.617944,0.045572016,5238146010.707354,3,225.006970347,21.013666,-21.897425,2.7894320378030275,10.01867,-1.446175,-11.464845,3,6
1237665548357075200,2420753869731555328,4040,224.977404627,21.025466289,-19.237662,0.045277471,3690326569.078216,4,225.006970347,21.013666,-21.897425,1.885914745532968,9.792435,-1.054895,-10.84733,2,7
1237659161197019316,1183447287334987776,4045,230.728609291,46.075303404,-21.876568,0.037315588,41939881592.34474,1,230.728609291,46.075303404,-21.876568,0.0,10.95581,0.1660241,-10.7897859,1,1
1237659120938516594,1183431344416385024,4045,230.641954675,46.047510656,-20.706565,0.037732017,14276639721.256552,2,230.728609291,46.075303404,-21.876568,4.162046755261441,10.51038,-1.7032,-12.21358,3,2
1237659161197019293,1183443164166383616,4045,230.767756203,46.148378117,-20.675399,0.037335063,13872655450.03148,3,230.728609291,46.075303404,-21.876568,4.897831751537299,10.30812,-0.7399329,-11.0480529,4,4
1237659161197019182,1183442339532662784,4045,230.71858044,46.119919357,-20.456293,0.03838809,11337497387.665298,4,230.728609291,46.075303404,-21.876568,2.8371527485506927,10.37569,-0.222645,-10.598335,2,5
1237662336261161188,1603361230792189952,4047,251.704874271,22.905163195,-21.859047,0.035699,41268511049.68462,1,251.704874271,22.905163195,-21.859047,0.0,10.96653,-0.8594201,-11.8259501,1,1
1237662336261226880,1592036539645323264,4047,251.81040528,22.904760955,-19.452331,0.035878201,4497098499.69833,2,251.704874271,22.905163195,-21.859047,6.107940903863715,9.913578,-1.537388,-11.450966,3,3
1237662336261226927,1592038188912764928,4047,251.85915975,22.922115064,-18.980855,0.035030602,2913010164.2721496,3,251.704874271,22.905163195,-21.859047,8.992414207381554,9.61602,-1.86885,-11.48487,4,4
1237662336261161190,1592046710127880192,4047,251.708015705,22.901252424,-18.860699,0.034876193,2607831939.1486135,4,251.704874271,22.905163195,-21.859047,0.3056759120095926,9.745799,-1.482766,-11.228565,2,5
1237654601570451464,5466322762224824320,4051,166.09813773,4.828621342,-22.019493,0.026798776,47840664135.313614,1,166.09813773,4.828621342,-22.019493,0.0,,,,1,1
1237654601570451465,654231998042236928,4051,166.098524644,4.824828069,-20.884262,0.026638016,16815306972.380962,2,166.09813773,4.828621342,-22.019493,0.2395662666919545,7.392337,-0.2923236,-7.684660600000001,2,2
1237654601570386085,653194609022756864,4051,166.068995076,4.869366577,-20.357506,0.026677034,10351478871.021635,3,166.09813773,4.828621342,-22.019493,3.1437281809962925,10.29635,-1.800593,-12.096943,4,3
1237654601570451467,653196808046012416,4051,166.110018363,4.834330485,-20.243237,0.027033963,9317401279.983353,4,166.09813773,4.828621342,-22.019493,0.8258086207597126,9.554019,-0.1215625,-9.6755815,3,5
1237657595152302205,1007746155745929216,4060,128.302270062,41.094842605,-21.85165,0.024924342,40988308851.0846,1,128.302270062,41.094842605,-21.85165,0.0,10.94869,-1.378507,-12.327196999999998,1,1
1237657595152367644,1007799482059876352,4060,128.343418296,41.255159706,-19.540001,0.024890062,4875289391.339266,2,128.302270062,41.094842605,-21.85165,10.259281161199937,9.959105,-0.0178749,-9.9769799,3,2
1237657595152367891,1007800856449411072,4060,128.471034726,41.222469981,-19.02171,0.024971022,3024711795.8378534,3,128.302270062,41.094842605,-21.85165,11.3155398621492,9.278368,-0.6689286,-9.9472966,4,3
1237657595152302415,1007744506478487552,4060,128.290143049,41.117309397,-18.853585,0.024375105,2590800665.86231,4,128.302270062,41.094842605,-21.85165,1.5239191813981838,9.613127,-1.606736,-11.219863,2,4
1237667324334702748,2523287446469240832,4101,195.226908524,28.007634379,-22.003073,0.017505933,47122595146.044395,1,195.226908524,28.007634379,-22.003073,0.0,10.70847,-1.622507,-12.330977,1,1
1237667324334571534,2523256660143663104,4101,194.832832445,28.084296005,-21.647227,0.01616288,33953988716.85988,2,195.226908524,28.007634379,-22.003073,22.377465515447582,10.52828,-1.702874,-12.231154,3,2
1237667444048658523,2522170336850503680,4101,194.886633925,27.983599919,-21.00888,0.020314423,18860447804.584698,3,195.226908524,28.007634379,-22.003073,18.938558384070923,10.42047,-1.622285,-12.042755,2,3
1237667444048593040,2523279200132032512,4101,194.813531153,27.970725784,-20.77645,0.016970399,15225795765.726868,4,195.226908524,28.007634379,-22.003073,23.052266473263224,10.21257,-2.046601,-12.259170999999998,4,4
1237662263252549810,2050287422993885184,4437,236.726389523,5.891212441,-22.805606,0.042304616,98683012785.41995,1,236.726389523,5.891212441,-22.805606,0.0,11.25471,-0.2888102,-11.5435202,1,1
1237662263252615290,2050288247627606016,4437,236.814955482,5.921271127,-22.287748,0.042312931,61249027859.76568,2,236.726389523,5.891212441,-22.805606,5.84856132118114,10.99106,0.4734555,-10.5176045,3,2
1237662263252681154,5491162375489515520,4437,237.014610621,5.939012113,-21.320895,0.042524859,25139578971.196,3,236.726389523,5.891212441,-22.805606,18.26170373390483,,,,4,3
1237662263252615522,2050286323482257408,4437,236.789026439,5.947106049,-21.149058,0.042406523,21459677943.66581,4,236.726389523,5.891212441,-22.805606,5.2590501069262,10.65463,-1.182681,-11.837311,2,4
1237661872403447862,1543680562743502848,4499,184.684728078,44.781181626,-22.553622,0.039064039,78243595641.01,1,184.684728078,44.781181626,-22.553622,0.0,11.13071,-0.8733791,-12.0040891,1,1
1237661850395541514,1542496393233459200,4499,184.543733878,44.400480996,-22.548593,0.038984688,77882018718.62813,2,184.684728078,44.781181626,-22.553622,24.73807949334097,11.1952,-1.027337,-12.222537,4,2
1237661850395476104,1543694306638850048,4499,184.360941885,44.521570552,-20.675012,0.03871132,13867711559.484264,3,184.684728078,44.781181626,-22.553622,21.80673715875613,10.05042,0.04462278,-10.005797220000002,3,3
1237661872403448003,1542640154378790912,4499,184.642305362,44.748246492,-19.991835,0.038936274,7391524146.725291,4,184.684728078,44.781181626,-22.553622,2.804269934505818,10.12939,-1.38685,-11.51624,2,4
1237667211038753056,2550270553021769728,4653,118.999830532,12.981465289,-22.650712,0.045225868,85562762921.15883,1,118.999830532,12.981465289,-22.650712,0.0,11.2721,-1.321787,-12.593887,1,1
1237667253988295147,2550270003265955840,4653,118.941300493,13.007444308,-21.566989,0.045864747,31535200748.96292,2,118.999830532,12.981465289,-22.650712,3.937640799711997,10.60696,0.002922118,-10.604037882,2,2
1237667253988229410,2549063564266596352,4653,118.899480126,12.994825581,-20.203826,0.045074299,8985254858.836786,3,118.999830532,12.981465289,-22.650712,6.200976103795932,10.13063,-0.06620925,-10.19683925,4,5
1237667253988295201,2550268353998514176,4653,118.963197635,13.043599092,-19.911355,0.045944601,6863442505.757267,4,118.999830532,12.981465289,-22.650712,4.502261626051495,10.17124,-1.008687,-11.179927,3,6
1237662268613591175,2049151095191660544,4659,234.076788469,5.665366286,-22.700461,0.040085979,89574501518.70734,1,234.076788469,5.665366286,-22.700461,0.0,11.004,0.8349986,-10.1690014,1,1
1237662262714564822,2049153569092823040,4659,234.067664287,5.917609556,-21.10715,0.039679395,20647144632.151302,2,234.076788469,5.665366286,-22.700461,15.859171716309676,10.34784,0.2093844,-10.1384556,3,2
1237662262714695999,2067241915782293504,4659,234.366049577,5.820449437,-20.918313,0.040211832,17351027575.48616,3,234.076788469,5.665366286,-22.700461,20.5417798549592,10.64335,-1.364797,-12.008147,4,3
1237662268613656968,2067245764072990720,4659,234.214012935,5.665585537,-19.953274,0.039667542,7133613902.188532,4,234.076788469,5.665366286,-22.700461,8.579961754147297,9.855787,-0.2857747,-10.1415617,2,4
1237662696504164508,3344069859993479168,4690,246.114354133,19.482569222,-22.632586,0.035144378,84146179029.12668,1,246.114354133,19.482569222,-22.632586,0.0,11.25511,-0.1407023,-11.3958123,1,1
1237662696504164651,2087484732689377280,4690,246.154134169,19.506831847,-21.485481,0.036171123,29254481151.406574,2,246.114354133,19.482569222,-22.632586,2.8063342489134464,9.773781,-2.478369,-12.25215,2,2
1237662696504230022,3344080030476036096,4690,246.213580624,19.426579214,-20.51469,0.036049499,11963988860.66399,3,246.114354133,19.482569222,-22.632586,6.85085782362664,10.38766,-0.2609285,-10.6485885,3,3
1237665107578782173,2087488031224260608,4690,246.456358953,19.402292598,-20.119658,0.035536363,8315018120.64076,4,246.114354133,19.482569222,-22.632586,20.88175093339568,10.39225,-0.1009731,-10.4932231,4,4
1237662195055263782,1613533639558064128,4742,160.434793445,40.041482288,-22.581876,0.043714412,80306444812.34094,1,160.434793445,40.041482288,-22.581876,0.0,11.11507,0.8479087,-10.2671613,1,1
1237662195055198357,1612439075195742208,4742,160.254392006,40.092182714,-20.954348,0.04390568,17936561873.595264,2,160.434793445,40.041482288,-22.581876,9.241011087824262,10.26928,0.145935,-10.123345,3,3
1237661383314702493,1612442648608532480,4742,160.143813163,39.863946088,-20.652419,0.044712457,13582121150.80742,3,160.434793445,40.041482288,-22.581876,17.91246285561529,10.26202,-0.0906692,-10.3526892,4,4
1237661383314768033,1613489109337139200,4742,160.389270813,39.929664465,-19.701512,0.044260685,5657242560.585667,4,160.434793445,40.041482288,-22.581876,7.359597594080377,9.857689,-0.7535636,-10.6112526,2,5
1237650371552346155,367196241592870912,4776,172.363770946,-1.746921459,-22.453293,0.0442197,71337387390.0383,1,172.363770946,-1.746921459,-22.453293,0.0,11.15656,-1.280555,-12.437115,1,1
1237650371552280661,367192393302173696,4776,172.29059842,-1.711687092,-22.045925,0.04629133,49019626740.80669,2,172.363770946,-1.746921459,-22.453293,5.100926135364513,11.0334,-1.230665,-12.264065,4,3
1237650371552346120,367193217935894528,4776,172.324711065,-1.708011925,-21.935949,0.044022353,44297539084.56154,3,172.363770946,-1.746921459,-22.453293,3.463306121763362,10.90268,1.125739,-9.776941,2,4
1237650371552280809,367195691837057024,4776,172.290843705,-1.768028226,-19.474248,0.044454755,4588800743.307552,4,172.363770946,-1.746921459,-22.453293,4.768136932403512,9.466909,-0.4517542,-9.9186632,3,5
1237655124465483920,940164119510673408,4779,168.680620844,4.024539619,-22.417414,0.042879914,69018513285.11162,1,168.680620844,4.024539619,-22.417414,0.0,11.21129,-1.12891,-12.3402,1,1
1237655124465483921,940181711696717824,4779,168.670094187,4.011085709,-21.107294,0.041866599,20649883221.864067,2,168.680620844,4.024539619,-22.417414,1.072335969602522,10.62427,-1.495297,-12.119567,2,2
1237655124465484023,5369552270046982144,4779,168.761232042,4.085489185,-20.855857,0.043624211,16381090135.75296,3,168.680620844,4.024539619,-22.417414,6.339643703518077,,,,4,3
1237655124465483965,940182261452531712,4779,168.675127374,3.965722901,-20.38663,0.042730194,10632906623.781277,4,168.680620844,4.024539619,-22.417414,3.711569641046114,10.35925,-1.803829,-12.163079,3,4
1237654605863452834,650941984088811520,4797,162.049622697,4.998581487,-22.427056,0.035491083,69634169452.3239,1,162.049622697,4.998581487,-22.427056,0.0,11.20176,-0.7115133,-11.9132733,1,1
1237654601568682162,652005761571907584,4797,162.134526203,4.810599722,-21.431924,0.034896626,27846434798.743397,2,162.049622697,4.998581487,-22.427056,12.952059196740802,10.81287,-1.26824,-12.08111,3,2
1237654605863518421,650943633356253184,4797,162.113951161,4.825496159,-20.655652,0.035248408,13622624948.491323,3,162.049622697,4.998581487,-22.427056,11.59691828966874,10.11298,-0.2361423,-10.3491223,2,3
1237654605863583845,650944732867880960,4797,162.236355585,4.887898684,-19.442008,0.035321377,4454543455.767221,4,162.049622697,4.998581487,-22.427056,13.60145451240669,9.882591,-0.6130484,-10.4956394,4,5
1237662266459619414,2058180547745703936,4805,219.084947816,5.33096596,-22.460308,0.029726052,71799794295.1779,1,219.084947816,5.33096596,-22.460308,0.0,11.17095,-1.36901,-12.53996,1,1
1237662266459488385,2058204187245701120,4805,218.786514008,5.359069077,-21.881965,0.029566586,42148876230.96692,2,219.084947816,5.33096596,-22.460308,18.752932667659117,10.66701,-1.423955,-12.090965,3,2
1237655742405672966,5382043542594711552,4805,218.934883882,4.993082233,-21.224913,0.030587906,23012574103.53257,3,219.084947816,5.33096596,-22.460308,23.21398784100417,,,,4,3
1237654881812545849,2058168727995705344,4805,219.128953483,5.382629322,-19.506867,0.030460863,4728754852.931052,4,219.084947816,5.33096596,-22.460308,4.256237210131921,9.877316,-1.6678,-11.545116,2,4
1237668336860200991,2838528706337597440,4816,239.815841072,15.176509808,-22.416302,0.04285104,68947861411.02885,1,239.815841072,15.176509808,-22.416302,0.0,11.12207,-1.022568,-12.144638,1,1
1237668336860201271,2838531180238759936,4816,239.83811404,15.139274623,-20.579517,0.043034729,12700090040.282824,2,239.815841072,15.176509808,-22.416302,2.70149633828131,9.857761,-0.06712099,-9.92488199,3,3
1237668336860200977,2838530080727132160,4816,239.799389597,15.153978222,-20.42152,0.043024531,10980143096.343674,3,239.815841072,15.176509808,-22.416302,1.731927836193179,10.1388,-1.080459,-11.219259,2,4
1237668336860201261,2838534753651550208,4816,239.854654595,15.2011851,-19.419658,0.042852611,4363783541.824304,4,239.815841072,15.176509808,-22.416302,2.818305977406013,9.674462,-1.27907,-10.953532,4,6
1237671128591761538,946993461930780672,4850,179.511560011,5.912252179,-22.478913,0.04058477,73040745965.40158,1,179.511560011,5.912252179,-22.478913,0.0,11.20328,-1.101819,-12.305099,1,1
1237671128591761639,946993736808687616,4850,179.565664282,5.894081611,-20.857846,0.040175671,16411126760.155497,2,179.511560011,5.912252179,-22.478913,3.568980947503909,10.48206,-1.329587,-11.811647,3,2
1237671128591761530,946986315105200128,4850,179.47425798,5.91434518,-19.603842,0.040156633,5170550688.416795,3,179.511560011,5.912252179,-22.478913,2.3349906407984524,9.989422,-1.626738,-11.61616,2,3
1237671141483937928,946984665837758464,4850,179.367813205,5.889135026,-19.494136,0.03986106,4673630781.583168,4,179.511560011,5.912252179,-22.478913,9.100682018806507,9.939662,-1.116662,-11.056324,4,4
1237667783386399001,3125639779920668672,4855,221.048263946,19.020230306,-22.572345,0.04490044,79604569860.15752,1,221.048263946,19.020230306,-22.572345,0.0,11.35344,-0.9000666,-12.2535066,1,1
1237667783386398973,3125640879432296448,4855,221.003516002,19.058602134,-20.641963,0.044020307,13451948624.680866,2,221.048263946,19.020230306,-22.572345,3.588400449537349,10.47006,0.2659363,-10.2041237,3,2
1237667783386398985,3125635381874157568,4855,220.98803129,18.983732251,-19.750969,0.045930348,5920898279.418967,3,221.048263946,19.020230306,-22.572345,4.250080410718707,10.10355,-1.852279,-11.955829,4,3
1237667783386464368,3125638405531133952,4855,221.082941653,19.01339618,-19.63994,0.046032064,5345348190.950032,4,221.048263946,19.020230306,-22.572345,2.104227565253943,9.877413,-0.6670454,-10.5444584,2,4
1237665532798763287,2478134347761215488,4871,244.665046477,15.558365328,-22.602608,0.029941431,81854620624.83589,1,244.665046477,15.558365328,-22.602608,0.0,11.3109,-0.8825375,-12.1934375,1,1
1237665532798763625,2478133523127494656,4871,244.671062597,15.639755153,-20.625991,0.031032034,13255508727.770697,2,244.665046477,15.558365328,-22.602608,5.126817466942117,10.41685,-0.6414353,-11.0582853,2,2
1237665428110639527,2474884191624390656,4871,244.828829084,15.676070374,-20.602219,0.030725311,12968435907.253103,3,244.665046477,15.558365328,-22.602608,12.366087997780108,10.38652,-0.2036452,-10.5901652,3,3
1237665549976142073,2474875120653461504,4871,244.42502443,15.450567616,-20.285979,0.030993403,9691513387.172382,4,244.665046477,15.558365328,-22.602608,16.03311481258542,10.17573,-1.692274,-11.868004,4,4
1237657401347407877,939050863819778048,4905,143.552227436,46.707975703,-22.388335,0.027425466,67194542290.8661,1,143.552227436,46.707975703,-22.388335,0.0,11.1873,-0.1055232,-11.2928232,1,1
1237657590311616620,939061309180241920,4905,143.467181041,46.863703378,-20.622868,0.027505519,13217435507.27666,2,143.552227436,46.707975703,-22.388335,10.446397805368036,10.1079,-0.3228068,-10.4307068,3,3
1237657400810471527,939037119924430848,4905,143.631532634,46.461595678,-20.503695,0.02715685,11843443702.963362,3,143.552227436,46.707975703,-22.388335,15.854791371267275,10.17335,-0.1117933,-10.2851433,4,4
1237657242434732134,939052238209312768,4905,143.759820214,46.771891932,-19.760389,0.02793175,5972492320.480966,4,143.552227436,46.707975703,-22.388335,9.799506304359054,9.538992,-0.2816488,-9.8206408,2,5
1237664130481651748,1969224831912142848,4912,162.142013378,12.982984382,-22.332427,0.037007963,63822057367.83158,1,162.142013378,12.982984382,-22.332427,0.0,11.19802,-1.334718,-12.532738,1,1
1237664130481717277,1969214386551678976,4912,162.245043053,13.016283037,-21.71071,0.037350986,35998466447.38985,2,162.142013378,12.982984382,-22.332427,6.645574915647657,10.76002,0.1034231,-10.6565969,3,2
1237661068716540080,1969226481179584512,4912,161.924069038,13.023886663,-20.562035,0.037382167,12497236828.93609,3,162.142013378,12.982984382,-22.332427,13.587938484765544,10.18962,0.1016929,-10.0879271,4,3
1237664130481651900,1969221808255166464,4912,162.167686538,12.914517505,-19.586903,0.036846074,5090508887.315579,4,162.142013378,12.982984382,-22.332427,4.580148728526733,9.783127,-0.9084197,-10.6915467,2,4
1237657770705289289,1011211541938202624,4953,136.793861679,46.211152479,-22.301132,0.040954171,62008724765.90719,1,136.793861679,46.211152479,-22.301132,0.0,11.10837,-1.267328,-12.375698,1,1
1237657770705289291,1011209342914947072,4953,136.831632198,46.222588251,-21.696143,0.040876211,35518711283.944046,2,136.793861679,46.211152479,-22.301132,1.7924079534968758,10.78405,-1.364336,-12.148386,2,2
1237657770705289247,1012255253585750016,4953,136.735687628,46.204456423,-21.563818,0.040341926,31443233440.520542,3,136.793861679,46.211152479,-22.301132,2.56430056245698,10.53413,-0.0840259,-10.6181559,3,3
1237657608040349898,6458249377219276800,4953,136.58477757,46.201689579,-21.157643,0.041038826,21630033895.30521,4,136.793861679,46.211152479,-22.301132,9.11113869682981,,,,4,4
1237667429548228801,2553596850707916800,4956,121.546723486,12.543507671,-22.408975,0.037000836,68484138988.85547,1,121.546723486,12.543507671,-22.408975,0.0,11.10715,-1.329851,-12.437001,1,1
1237667429548163637,2553596575830009856,4956,121.461849106,12.479982616,-21.635542,0.037376719,33590525645.050068,2,121.546723486,12.543507671,-22.408975,6.560140253514147,10.83639,-0.4644679,-11.3008579,2,2
1237667429548098253,2550171871853176832,4956,121.374990826,12.369881044,-21.230753,0.037737775,23136688525.97998,3,121.546723486,12.543507671,-22.408975,15.166586571060057,10.76848,-1.946916,-12.715396,4,3
1237667429548163563,2553609220213729280,4956,121.454407491,12.417413465,-21.056862,0.037538742,19712640420.96421,4,121.546723486,12.543507671,-22.408975,9.738730758762802,10.55801,-1.46423,-12.02224,3,4
1237654399152750671,671100705670457344,4961,167.509462443,63.641935214,-22.339437,0.033181644,64235454302.79104,1,167.509462443,63.641935214,-22.339437,0.0,11.00744,-9999.0,-10010.00744,1,1
1237654399152750749,671100430792550400,4961,167.617694228,63.550510669,-21.446139,0.033972846,28213411291.616764,2,167.509462443,63.641935214,-22.339437,6.491762641471616,10.77624,-1.301774,-12.078014,2,2
1237654398615879748,671086961775110144,4961,167.741153738,63.313761195,-21.440802,0.033553819,28075066912.033173,3,167.509462443,63.641935214,-22.339437,21.62016842533202,10.59486,0.2203225,-10.3745375,3,3
1237654398615945288,671074867147204608,4961,167.812493789,63.289416756,-19.40558,0.033790437,4307566591.362696,4,167.509462443,63.641935214,-22.339437,23.726383762151375,10.06296,-0.9577694,-11.0207294,4,4
1237661136887939142,1610053134946691072,4967,158.804662581,38.525089655,-22.347673,0.043877517,64724573894.9186,1,158.804662581,38.525089655,-22.347673,0.0,11.13398,-1.464085,-12.598065,1,1
1237661382240370700,1612370080841099264,4967,158.793751757,38.705545117,-21.269114,0.043629406,23968761831.1528,2,158.804662581,38.525089655,-22.347673,11.35099689681575,10.75521,-1.204075,-11.959285,4,3
1237661136887939145,1612368156695750656,4967,158.786156679,38.527069834,-20.920547,0.043501988,17386765631.519043,3,158.804662581,38.525089655,-22.347673,0.918125221196614,10.54221,-1.760841,-12.303051,2,4
1237661382240305326,1610052310312970240,4967,158.714812964,38.576849812,-20.62617,0.043749341,13257694278.600904,4,158.804662581,38.525089655,-22.347673,5.483532782607209,10.24972,0.112,-10.13772,3,5
1237662262178807906,2050284124459001856,4977,236.507604058,5.137027067,-22.374582,0.042610848,66348758366.207664,1,236.507604058,5.137027067,-22.374582,0.0,11.18784,-0.5193873,-11.7072273,1,1
1237662268614705491,2050282200313653248,4977,236.526920156,5.382704973,-20.820479,0.042824078,15855925624.578585,2,236.507604058,5.137027067,-22.374582,15.483636220194906,10.26183,0.1967292,-10.0651008,4,2
1237662268077900134,3321534818923079680,4977,236.665350697,4.999670806,-20.246973,0.042894899,9349517524.950516,3,236.507604058,5.137027067,-22.374582,13.113132804768451,9.849862,0.2390053,-9.6108567,3,3
1237662262178807908,3321521624783546368,4977,236.508861294,5.147233269,-19.638082,0.041751297,5336208619.282853,4,236.507604058,5.137027067,-22.374582,0.6460828830523448,9.659914,-0.3852223,-10.0451363,2,4
1237662267539128450,2066158072128104448,5025,232.313452032,5.060015878,-22.191044,0.038081608,56029610061.20148,1,232.313452032,5.060015878,-22.191044,0.0,11.07921,-1.258295,-12.337505,1,1
1237662267539128718,2066156422860662784,5025,232.357424578,5.08513605,-22.153924,0.038222372,54146401591.099495,2,232.313452032,5.060015878,-22.191044,3.1725368079565177,11.0139,-1.093355,-12.107255,2,2
1237662267539193951,2066157797250197504,5025,232.440852411,5.01512992,-20.940035,0.03764607,17701660208.081657,3,232.313452032,5.060015878,-22.191044,8.457937189126019,9.918068,0.3327945,-9.5852735,4,3
1237662267539128563,2066156147982755840,5025,232.239969965,5.041706416,-19.801982,0.039583336,6205728909.761874,4,232.313452032,5.060015878,-22.191044,4.740786294217894,10.0448,-0.7156817,-10.7604817,3,4
1237665023836815484,2356517640047978496,5050,200.036211933,33.087958176,-22.107253,0.040028206,51868202772.6868,1,200.036211933,33.087958176,-22.107253,0.0,11.2948,-0.9104066,-12.2052066,1,1
1237665023836815486,2356519014437513216,5050,200.054593293,33.091624812,-21.402572,0.039939073,27103713627.19458,2,200.036211933,33.087958176,-22.107253,0.9946707110429462,10.86043,-1.595424,-12.455854,2,2
1237665023836815661,2356530284431697920,5050,199.930106375,33.18573125,-19.680296,0.039116431,5547769390.022787,3,200.036211933,33.087958176,-22.107253,8.300887465768504,10.05803,-2.00839,-12.06642,4,4
1237665126938771573,2377999068833015808,5050,199.903582224,33.023538053,-19.407041,0.039699065,4313366886.985207,4,200.036211933,33.087958176,-22.107253,8.072610426895706,9.848246,-1.968969,-11.817215,3,5
1237661388148244492,1499846332007868416,5055,233.988626788,46.748477056,-22.171165,0.037475137,55013085023.95676,1,233.988626788,46.748477056,-22.171165,0.0,11.07534,-1.220785,-12.296125,1,1
1237661388148178986,7583192715874725888,5055,233.876184778,46.755285689,-21.537089,0.036714405,30678604453.57461,2,233.988626788,46.748477056,-22.171165,4.85947427389862,,,,3,2
1237661388148244663,1499844957618333696,5055,233.988843005,46.703870298,-21.032666,0.038506163,19278196381.855873,3,233.988626788,46.748477056,-22.171165,2.8027407360976793,10.72187,-1.130855,-11.852725,2,3
1237659163882029415,1499857876879960064,5055,234.280443559,46.798051605,-19.630286,0.038337298,5298029839.545605,4,233.988626788,46.748477056,-22.171165,12.938209899101372,9.446896,-0.3245033,-9.7713993,4,4
1237667431181713461,2500741954216683520,5064,175.357664134,27.859148042,-22.261105,0.034145305,59764322414.48324,1,175.357664134,27.859148042,-22.261105,0.0,11.01335,-1.219185,-12.232535,1,1
1237667431181713523,2500730409344591872,5064,175.196175862,27.898626099,-20.923195,0.033956948,17429221933.966564,2,175.357664134,27.859148042,-22.261105,9.305655068505358,10.38152,0.009631787,-10.371888213,4,2
1237667431181713603,2500727385687615488,5064,175.294881711,27.994786342,-19.530511,0.033923906,4832862063.982318,3,175.357664134,27.859148042,-22.261105,9.207555250964688,9.982621,-1.049082,-11.031703,3,3
1237667431181779025,2500741679338776576,5064,175.395909415,27.826163333,-19.303382,0.034663736,3920602387.066232,4,175.357664134,27.859148042,-22.261105,2.9681861814749286,9.506509,-0.608657,-10.115166,2,4
1237661970110152760,1827358140618795008,5070,181.244712966,6.302954842,-22.26457,0.038606773,59955357924.9852,1,181.244712966,6.302954842,-22.26457,0.0,10.73777,-9999.0,-10009.73777,1,1
1237661970110218384,1827358965252515840,5070,181.293007328,6.286739137,-20.791523,0.038910714,15438645673.70176,2,181.244712966,6.302954842,-22.26457,3.1835697713429827,10.2437,-9999.0,-10009.2437,3,2
1237661970110152878,1827374083537397760,5070,181.24428675,6.324492747,-19.531926,0.039163416,4839164661.159679,3,181.244712966,6.302954842,-22.26457,1.353528228464942,9.680965,-9999.0,-10008.680965,2,3
1237661970110152833,1827373258903676928,5070,181.156464197,6.342900214,-19.507315,0.038851354,4730706449.730001,4,181.244712966,6.302954842,-22.26457,6.0557059438588725,9.683925,-9999.0,-10008.683925,4,4
1237661068724207645,1986172705988175872,5074,179.961534107,14.197042193,-22.219176,0.044743872,57500338320.620415,1,179.961534107,14.197042193,-22.219176,0.0,11.11837,-1.322531,-12.440901,1,1
1237661068724207699,1986172431110268928,5074,180.01843337,14.203481972,-21.359114,0.04439601,26040277019.739178,2,179.961534107,14.197042193,-22.219176,3.4893857134301167,10.60158,0.8547524,-9.7468276,3,3
1237661068724207750,1984985783118882816,5074,179.93597673,14.195059565,-20.29986,0.044720837,9816213599.23268,3,179.961534107,14.197042193,-22.219176,1.5617554432509058,9.865894,-0.149175,-10.015069,2,4
1237661068724273255,1984963243130513408,5074,180.083371437,14.255306796,-19.505719,0.044821517,4723757560.222288,4,179.961534107,14.197042193,-22.219176,8.274408924468572,9.867951,-0.5302122,-10.3981632,4,5
1237661959373455366,1883803500433926144,5098,218.600021603,48.037464216,-22.099527,0.036797118,51500423457.2218,1,218.600021603,48.037464216,-22.099527,0.0,11.07513,-1.205777,-12.280907,1,1
1237661959373455458,1884856007973169152,5098,218.662614644,47.968314403,-21.832564,0.03673286,40274077365.526695,2,218.600021603,48.037464216,-22.099527,5.079549441698228,10.71994,-1.037656,-11.757596,2,2
1237661959910195401,1883805974335088640,5098,218.538336917,48.338381388,-19.617246,0.036701514,5234779584.414473,3,218.600021603,48.037464216,-22.099527,19.082929942131607,9.658537,-0.5058607,-10.1643977,4,3
1237661959373390003,1883793055073462272,5098,218.399601417,47.996130525,-19.456939,0.036781604,4516225306.732319,4,218.600021603,48.037464216,-22.099527,8.814731633585435,9.960811,-0.5148915,-10.4757025,3,4
1237651272424685655,500065341607536640,5101,129.804005202,53.623507487,-22.198784,0.032519393,56430461235.60992,1,129.804005202,53.623507487,-22.198784,0.0,10.89995,0.1492126,-10.7507374,1,1
1237651272424751161,502209939305949184,5101,130.140496757,53.726282372,-21.574366,0.032046536,31750195223.691357,2,129.804005202,53.623507487,-22.198784,14.090802491677316,10.68678,-1.151971,-11.838751,2,2
1237651272424882309,502212138329204736,5101,130.335239112,53.938646435,-21.429838,0.032059564,27792985445.935787,3,129.804005202,53.623507487,-22.198784,27.94698541625726,10.55116,-0.2375,-10.78866,4,3
1237651272961556647,500066990874978304,5101,129.526351432,53.849187321,-19.959951,0.032053322,7177618974.666198,4,129.804005202,53.623507487,-22.198784,17.537123729985744,9.841798,-0.3253442,-10.1671422,3,4
1237667446737862740,3001721790377519104,5117,205.012176668,23.142976778,-22.074438,0.032507969,50324005367.461334,1,205.012176668,23.142976778,-22.074438,0.0,10.92722,0.3872703,-10.5399497,1,1
1237667911138279446,6753178529691267072,5117,205.35570519,23.247495301,-21.528321,0.032798641,30431853180.91844,2,205.012176668,23.142976778,-22.074438,20.898435190388604,,,,4,2
1237667911138148471,3001714093796124672,5117,205.041637462,23.341086456,-21.350723,0.03275426,25839803100.00407,3,205.012176668,23.142976778,-22.074438,12.563263948882607,10.52937,0.2556667,-10.2737033,3,4
1237667446737862801,3001723164767053824,5117,204.890642324,23.123969937,-20.622548,0.032424344,13213540494.739325,4,205.012176668,23.142976778,-22.074438,7.123040094033899,9.867534,0.07445657,-9.79307743,2,5
1237659325489152123,1316230638478583808,5118,239.736732124,44.764384893,-22.030903,0.041993102,48346072613.50581,1,239.736732124,44.764384893,-22.030903,0.0,11.13378,-1.262441,-12.396221,1,1
1237659329775140940,1316227889699514368,5118,239.690647845,44.683947485,-21.187638,0.041100265,22235924972.947197,2,239.736732124,44.764384893,-22.030903,5.456714146905332,10.29975,0.3521297,-9.9476203,3,3
1237659325489217804,1316229813844862976,5118,239.755155373,44.701483332,-19.625583,0.042537201,5275130402.899492,3,239.736732124,44.764384893,-22.030903,4.036865349884822,9.771594,-0.3304285,-10.1020225,2,5
1237659325489217798,1316223491653003264,5118,239.947832602,44.845556566,-19.515448,0.041535215,4766276138.70616,4,239.736732124,44.764384893,-22.030903,10.703975054112224,9.902593,-0.6431819,-10.5457749,4,6
1237657878077702182,1046000089421604864,5143,120.087455422,26.613560354,-22.192291,0.027412003,56093998687.15244,1,120.087455422,26.613560354,-22.192291,0.0,10.93388,-0.3347842,-11.2686642,1,1
1237657878077636811,1046007786002999296,5143,120.004444061,26.665863593,-21.480578,0.02773972,29122670731.884453,2,120.087455422,26.613560354,-22.192291,5.703923342342231,10.57642,0.01744587,-10.55897413,4,2
1237657878077702252,1046001188933232640,5143,120.082361403,26.701445489,-21.438921,0.028500104,28026469948.986942,3,120.087455422,26.613560354,-22.192291,5.529389646877778,10.98487,-0.09592432,-11.08079432,2,3
1237657878077702256,1045999814543697920,5143,120.059597363,26.698006225,-20.553966,0.028671481,12404703839.088364,4,120.087455422,26.613560354,-22.192291,5.5316935609082325,10.32718,-1.687656,-12.014836,3,5
1237662266461585585,662173765311948800,5146,223.554723241,4.841553012,-22.26042,0.035379562,59726628498.45561,1,223.554723241,4.841553012,-22.26042,0.0,11.05469,-1.185065,-12.239755,1,1
1237662266461585767,5379795041718562816,5146,223.547513303,4.946560727,-20.401118,0.035194853,10775742380.335606,2,223.554723241,4.841553012,-22.26042,6.613250295124388,,,,3,2
1237662266461585515,662175139701483520,5146,223.56112241,4.826127942,-20.05287,0.035948046,7818942151.303943,3,223.554723241,4.841553012,-22.26042,1.0487300210502757,10.09133,-1.751509,-11.842839,2,3
1237654881277509759,662143803620091904,5146,223.279855549,4.751101221,-19.733105,0.035600796,5824276709.697112,4,223.554723241,4.841553012,-22.26042,18.124081867241927,9.630129,-0.3103501,-9.9404791,4,4
1237661949178740758,1813912763651614720,5151,180.124138693,11.992268844,-22.264828,0.044760975,59969606616.596954,1,180.124138693,11.992268844,-22.264828,0.0,10.96177,0.548643,-10.413127,1,1
1237661949178740908,1812708523490961408,5151,180.108863423,11.99591426,-20.385749,0.044971765,10624282253.381222,2,180.124138693,11.992268844,-22.264828,0.9663578388994368,10.37375,-1.210284,-11.584034,2,2
1237661812272791651,1812705774711891968,5151,180.119117819,12.042465417,-20.296773,0.044385952,9788343465.29807,3,180.124138693,11.992268844,-22.264828,3.169001159885908,9.771472,-0.1789468,-9.9504188,4,3
1237661949178740942,1812704675200264192,5151,180.163823879,11.990974787,-19.284661,0.044862185,3853580183.383197,4,180.124138693,11.992268844,-22.264828,2.440435579411931,9.680775,-0.5426122,-10.2233872,3,6
1237662698115104812,2087579840445179904,5153,247.472396101,20.232561474,-22.126003,0.035851397,52771713989.91413,1,247.472396101,20.232561474,-22.126003,0.0,11.0019,-1.074112,-12.076012,1,1
1237662698115039245,4572435742299189248,5153,247.322212283,20.364959547,-21.41748,0.036105637,27478435354.876957,2,247.472396101,20.232561474,-22.126003,12.14621031828804,,,,4,3
1237662698115105077,2087580939956807680,5153,247.35727559,20.143289724,-20.196007,0.035229811,8920779401.457575,3,247.472396101,20.232561474,-22.126003,8.806293583513217,10.06666,-0.6056201,-10.6722801,3,4
1237662224092168567,2087591110439364608,5153,247.479954368,20.292021859,-19.404346,0.036849644,4302673581.816087,4,247.472396101,20.232561474,-22.126003,3.7624756211078294,10.01191,-1.239214,-11.251124,2,5
1237659324943237142,1304932880215992320,5161,212.30046496,56.398915125,-22.281563,0.042017342,60901108839.88167,1,212.30046496,56.398915125,-22.281563,0.0,11.07908,-1.101702,-12.180782,1,1
1237659144558477427,1304933155093899264,5161,211.945312098,56.346200818,-20.239728,0.041634376,9287336901.009214,2,212.30046496,56.398915125,-22.281563,12.793931147045097,10.18042,-0.6923562,-10.8727762,4,2
1237659324943237245,1304921060465993728,5161,212.342252778,56.42009332,-19.649591,0.042404094,5393074255.624468,3,212.30046496,56.398915125,-22.281563,1.969972156421134,9.945284,-0.9582044,-10.9034884,2,3
1237659324943237240,1304923534367156224,5161,212.372775741,56.475922929,-19.311019,0.042232318,3948276873.224665,4,212.30046496,56.398915125,-22.281563,5.451671523557299,9.484775,-0.5742908,-10.0590658,3,4
1237664289928773726,1989515770572335104,5169,185.80107883,14.388953618,-22.104659,0.043568448,51744429134.97323,1,185.80107883,14.388953618,-22.104659,0.0,10.49437,0.8875202,-9.6068498,1,1
1237661068726698006,1989518244473497600,5169,185.831576051,14.303728307,-21.643861,0.042894349,33848887543.251465,2,185.80107883,14.388953618,-22.104659,5.667534315730523,10.95142,0.004348578,-10.947071422,4,2
1237661068726697998,1989517144961869824,5169,185.793346871,14.346416917,-20.650005,0.044352516,13551956532.432842,3,185.80107883,14.388953618,-22.104659,2.713778184972606,10.33299,-0.06210477,-10.39509477,2,3
1237664289928773832,1989516045450242048,5169,185.806804602,14.437041069,-20.127845,0.04486167,8377954549.904731,4,185.80107883,14.388953618,-22.104659,3.0414486600257806,9.696408,0.02657441,-9.66983359,3,5
1237664292076519438,1989608404426975232,5170,186.35465895,16.124189004,-22.163526,0.031854037,54627383561.27687,1,186.35465895,16.124189004,-22.163526,0.0,11.14498,-1.171681,-12.316661,1,1
1237664292076454119,1989609778816509952,5170,186.309337725,16.120306074,-20.823066,0.031688194,15893750822.70205,2,186.35465895,16.124189004,-22.163526,2.7464813203853606,10.45174,-0.07227702,-10.52401702,2,2
1237664292076454111,1989610878328137728,5170,186.302292637,16.09333965,-20.564165,0.031587483,12521778003.978891,3,186.35465895,16.124189004,-22.163526,3.7080391481842336,10.30944,-0.5353703,-10.8448103,3,3
1237664292076388510,1989590262485116928,5170,186.195138548,16.198847627,-20.118294,0.03186667,8304578601.88437,4,186.35465895,16.124189004,-22.163526,10.708939918690591,9.989859,-1.244182,-11.234041,4,4
1237661069243449478,1957960330134972416,5174,138.979146408,10.132510642,-22.033012,0.032284406,48440074231.31112,1,138.979146408,10.132510642,-22.033012,0.0,10.84422,-1.38873,-12.23295,1,1
1237661069243514969,1958115636152395776,5174,139.092151649,10.231723688,-21.47815,0.03186647,29057617323.924583,2,138.979146408,10.132510642,-22.033012,9.36475780075881,10.68842,-1.494397,-12.182817,4,2
1237661069243515028,1958104641036118016,5174,138.997749341,10.164867347,-19.892328,0.031362637,6744211788.786458,3,138.979146408,10.132510642,-22.033012,2.3360278389993754,9.732089,-0.268247,-10.000336,2,4
1237661069243449619,1957961154768693248,5174,138.900249065,10.1592465,-19.218936,0.031446992,3627224197.458219,4,138.979146408,10.132510642,-22.033012,5.160801189490487,9.82472,-1.05657,-10.88129,3,5
1237661357547388937,1642777351697754112,5191,194.985055269,47.205559196,-22.004217,0.029460773,47172272645.192,1,194.985055269,47.205559196,-22.004217,0.0,10.99419,-1.195426,-12.189616,1,1
1237661357547454497,1640441439227766784,5191,195.324961808,47.085808433,-21.255551,0.029775656,23671206822.101406,2,194.985055269,47.205559196,-22.004217,16.35869163683227,10.7491,-0.946852,-11.695952,4,2
1237661357547389137,1640439789960325120,5191,195.142558683,47.109710282,-19.642565,0.029320545,5358287351.258401,3,194.985055269,47.205559196,-22.004217,9.030612653107566,9.592447,-0.4282907,-10.0207377,2,3
1237661434848215231,1642780375354730496,5191,195.075190608,47.353586358,-19.17838,0.028685713,3494234118.8991427,4,194.985055269,47.205559196,-22.004217,10.0631690027058,9.744498,-1.231242,-10.97574,3,4
1237659133287923957,1184570438429206528,5195,233.283415114,44.535683791,-22.077951,0.036970624,50487097052.29301,1,233.283415114,44.535683791,-22.077951,0.0,10.88784,-0.1705757,-11.0584157,1,1
1237659133287923757,1184560542824556544,5195,233.242237184,44.54492448,-21.600377,0.038386895,32520019699.302048,2,233.283415114,44.535683791,-22.077951,1.933348482054794,11.09869,-1.620276,-12.718966,2,2
1237659133287923758,6801753304390627328,5195,233.228263653,44.538726429,-21.484895,0.037372194,29238696009.10692,3,233.283415114,44.535683791,-22.077951,2.4774137684811905,,,,3,3
1237659133287923800,1184569064039671808,5195,233.314521203,44.585434017,-20.412975,0.038234775,10894065948.564812,4,233.283415114,44.535683791,-22.077951,3.4220583389498733,10.37163,-0.8313633,-11.2029933,4,5
1237648722284314869,528110310322628608,5200,133.948594184,0.794284344,-22.148959,0.042493262,53899358955.91302,1,133.948594184,0.794284344,-22.148959,0.0,10.95607,0.6314804,-10.3245896,1,1
1237650797288358041,526952799439710208,5200,133.849256933,0.854363729,-21.653259,0.0422429,34143151097.662537,2,133.948594184,0.794284344,-22.148959,7.293741319071654,10.88108,-1.179892,-12.060972,4,2
1237648722284314732,528111959590070272,5200,133.959478049,0.83113982,-21.032658,0.042760779,19278054335.37892,3,133.948594184,0.794284344,-22.148959,2.41454300579394,10.44744,0.1517816,-10.2956584,2,3
1237650797288358106,528111684712163328,5200,133.859371803,0.858172109,-19.492764,0.042997284,4667728637.323318,4,133.948594184,0.794284344,-22.148959,6.89452514555779,9.746153,-0.2869597,-10.0331127,3,5
1237662195072761905,1553834557038422016,5206,213.158940975,39.310165484,-22.137287,0.026394354,53323027597.700935,1,213.158940975,39.310165484,-22.137287,0.0,11.05218,0.3776996,-10.6744804,1,1
1237662195072762046,1552791395381569536,5206,213.230209466,39.312640036,-20.025613,0.025631858,7625093966.443562,2,213.158940975,39.310165484,-22.137287,3.46812568087978,10.21329,-1.248896,-11.462186,3,2
1237662195072762009,1553848300933769216,5206,213.12366634,39.251186789,-19.382857,0.02569222,4218351838.964269,3,213.158940975,39.310165484,-22.137287,4.083596789832691,9.649191,-1.299812,-10.949003,4,5
1237662195072761907,1552791945137383424,5206,213.155755138,39.309800816,-19.331386,0.027012174,4023040457.00531,4,213.158940975,39.310165484,-22.137287,0.1565647654264716,7.861711,-0.9799713,-8.8416823,2,6
1237663787427889321,2115591838608943104,5208,149.570797514,68.102430297,-22.083887,0.037685245,50763878969.454445,1,149.570797514,68.102430297,-22.083887,0.0,11.14244,-1.357793,-12.500233,1,1
1237663787427823775,2115602009091500032,5208,149.445479091,68.065510384,-19.69944,0.036331114,5646456672.816251,2,149.570797514,68.102430297,-22.083887,3.7441441550456984,10.37032,-0.524603,-10.894923,3,3
1237663916275269716,2115590464219408384,5208,149.518675245,68.037598537,-19.528489,0.036295069,4823870051.645994,3,149.570797514,68.102430297,-22.083887,4.253160587047216,9.945723,-1.459091,-11.404813999999998,4,4
1237663916275269775,2115592388364756992,5208,149.633785498,68.102893286,-19.347672,0.036514588,4083840765.376905,4,149.570797514,68.102430297,-22.083887,1.4762717402805678,9.709297,-0.5159222,-10.2252192,2,5
1237650797288226901,526970391625754624,5210,133.518347475,0.85323147,-22.036853,0.041820464,48611743759.54781,1,133.518347475,0.85323147,-22.036853,0.0,10.96947,-1.132013,-12.101483,1,1
1237648722284052878,526973965038544896,5210,133.413657876,0.758170118,-21.501024,0.042140596,29676289562.431965,2,133.518347475,0.85323147,-22.036853,8.884522483519223,10.75498,-1.203961,-11.958941,3,2
1237648722284118374,526975064550172672,5210,133.434065141,0.803639907,-19.089536,0.040724045,3219692530.0910053,3,133.518347475,0.85323147,-22.036853,6.143833900623357,9.202526,-0.5691356,-9.7716616,2,4
1237648722284052811,526976164061800448,5210,133.360826759,0.8328721,-19.057886,0.04188735,3127190945.7490277,4,133.518347475,0.85323147,-22.036853,9.978582149178512,9.282079,-0.3766055,-9.6586845,4,5
1237654604253233185,651933193804474368,5217,162.896101015,3.66464865,-22.020006,0.043133411,47863273733.75836,1,162.896101015,3.66464865,-22.020006,0.0,11.00259,-1.29264,-12.29523,1,1
1237654604253233184,5375116618953846784,5217,162.891167362,3.66484471,-21.145346,0.042039206,21386435190.804173,2,162.896101015,3.66464865,-22.020006,0.3096018412030945,,,,2,2
1237654604253233354,651934293316102144,5217,162.881617388,3.679731766,-20.805625,0.0434558,15640477217.947289,3,162.896101015,3.66464865,-22.020006,1.31259231471986,10.30075,-1.329706,-11.630456,3,3
1237654604253167748,651930994781218816,5217,162.839431538,3.63017028,-20.610885,0.042405563,13072360018.120403,4,162.896101015,3.66464865,-22.020006,4.161722583750677,10.21857,0.295764,-9.922806,4,5
1237667736107679789,2673053018022242304,5222,156.033831274,20.621230738,-22.165276,0.04262283,54715503497.81773,1,156.033831274,20.621230738,-22.165276,0.0,10.95979,-1.285562,-12.245352,1,1
1237667736107680056,2673052743144335360,5222,156.122141129,20.641234334,-20.786542,0.042577216,15367980472.049168,2,156.033831274,20.621230738,-22.165276,5.342762030931494,10.45232,-1.486406,-11.938726,3,2
1237667736107680053,2673052193388521472,5222,156.11381523,20.679864541,-19.964584,0.04287729,7208312396.612393,3,156.033831274,20.621230738,-22.165276,5.9738784439252095,10.0781,-0.2999997,-10.3780997,4,4
1237667783359856810,2673056866312939520,5222,156.046595268,20.560304692,-19.307577,0.042845782,3935779868.676415,4,156.033831274,20.621230738,-22.165276,3.9010190478329263,9.865232,-1.387476,-11.252708,2,5
1237648705131053137,346931130819176448,5232,222.489099895,0.558296006,-22.047289,0.040531152,49081248327.80358,1,222.489099895,0.558296006,-22.047289,0.0,10.88253,-1.315105,-12.197634999999998,1,1
1237648705131053204,347996838034434048,5232,222.509032938,0.578780558,-21.371595,0.04111351,26341348248.082775,2,222.489099895,0.558296006,-22.047289,1.7958305939604264,10.68184,-1.506484,-12.188324,2,2
1237648705131118796,346937453011036160,5232,222.549578403,0.543575285,-20.997498,0.040197123,18663762528.393948,3,222.489099895,0.558296006,-22.047289,3.9107523342464607,10.44133,0.3221888,-10.1191412,3,3
1237648705131118799,347998762179782656,5232,222.558161808,0.557515173,-19.130608,0.040492309,3343822378.7977386,4,222.489099895,0.558296006,-22.047289,4.339359611498795,9.116517,-0.4729916,-9.5895086,4,6
1237654874824245265,675544655902828544,5238,188.925181064,63.973706263,-22.084068,0.036468682,50772342377.0208,1,188.925181064,63.973706263,-22.084068,0.0,10.94281,0.5994823,-10.3433277,1,1
1237654874824179773,675553726873757696,5238,188.779305528,63.960092392,-21.451773,0.036635357,28360194173.399494,2,188.925181064,63.973706263,-22.084068,4.112644131356492,10.44809,0.7402371,-9.7078529,3,2
1237654874824245338,675544106147014656,5238,188.935229375,63.991933547,-21.244523,0.037213017,23431991438.901707,3,188.925181064,63.973706263,-22.084068,1.1782619295995655,10.19777,0.4299776,-9.7677924,2,3
1237654874824245357,675545205658642432,5238,189.058162704,63.921105042,-20.147569,0.036537408,8531543314.030737,4,188.925181064,63.973706263,-22.084068,4.938611062848693,10.05396,0.2795425,-9.7744175,4,4
1237659153685479679,1903918512519276544,5249,254.174391126,26.83846988,-22.014113,0.033572436,47604192203.10049,1,254.174391126,26.83846988,-22.014113,0.0,11.05393,-1.402745,-12.456675,1,1
1237662303524880897,1905148044970584064,5249,253.943032505,26.946704418,-21.297499,0.03384881,24603653380.663673,2,254.174391126,26.83846988,-22.014113,14.639996195022851,10.24542,0.2136818,-10.0317382,3,2
1237659153685479964,1903915488862300160,5249,254.223191741,26.859541822,-19.393603,0.033969015,4260309984.874019,3,254.174391126,26.83846988,-22.014113,3.039237000154121,9.832336,-1.041297,-10.873633,2,4
1237662501086888279,1905163438133372928,5249,253.914100057,26.675439338,-19.2291,0.033523943,3661339491.765628,4,254.174391126,26.83846988,-22.014113,17.837832942511845,10.12063,-0.5592955,-10.6799255,4,5
1237660561894801791,1356733072040552448,5253,120.81884412,24.676780796,-21.824806,0.043621129,39987329377.604576,1,120.81884412,24.676780796,-21.824806,0.0,11.04457,-1.422827,-12.467397,1,1
1237660561894801429,1356732522284738560,5253,120.78643394,24.656427755,-21.779814,0.042390057,38364151733.98459,2,120.81884412,24.676780796,-21.824806,2.2494451259512496,10.88146,-1.283907,-12.165367,3,2
1237660561894801766,1356742692767295488,5253,120.763074732,24.705803333,-20.186476,0.043836038,8842812164.451029,3,120.81884412,24.676780796,-21.824806,3.6689744310066073,10.12789,-0.1427084,-10.2705984,4,4
1237660561894801475,1356732247406831616,5253,120.781178279,24.686185302,-18.909331,0.042365055,2727296781.6808133,4,120.81884412,24.676780796,-21.824806,2.2301168535799083,9.62071,-0.6458975,-10.2666075,2,6
1237664296366047350,2235011153325484032,5260,190.902058486,41.018542982,-21.904175,0.024671166,43019959777.69543,1,190.902058486,41.018542982,-21.904175,0.0,10.97644,-1.486574,-12.463014,1,1
1237664296366047574,2235015551371995136,5260,190.926341277,40.966208815,-19.977253,0.025689664,7292915808.960485,2,190.902058486,41.018542982,-21.904175,3.4840824033842845,9.768694,-0.3312079,-10.0999019,3,3
1237661965821477083,1639383434147162112,5260,190.920992101,41.15452088,-19.533379,0.024130819,4845645068.820319,3,190.902058486,41.018542982,-21.904175,8.590665110804816,9.942958,-1.62508,-11.568038,4,4
1237664296366047287,2235015826249902080,5260,190.865004206,41.040741262,-18.933856,0.02402348,2789602990.89212,4,190.902058486,41.018542982,-21.904175,2.2427659459297633,9.608746,-1.927777,-11.536523,2,5
1237654600497365149,654163003687593984,5261,167.607400784,3.986583674,-21.895404,0.030316969,42673827761.62414,1,167.607400784,3.986583674,-21.895404,0.0,10.98458,-1.243465,-12.228045,1,1
1237654600497365012,654163553443407872,5261,167.641899788,4.071016392,-20.931745,0.029946118,17567016127.361115,2,167.607400784,3.986583674,-21.895404,5.728800799678602,10.28553,0.3831565,-9.9023735,2,2
1237654604792135835,654164652955035648,5261,167.656030998,4.191404919,-20.292405,0.030161201,9749043315.784971,3,167.607400784,3.986583674,-21.895404,13.225263783572997,9.513436,0.5702128,-8.9432232,4,3
1237654604792070364,654176472705034240,5261,167.517050151,4.147302339,-20.154743,0.030772797,8588102121.308229,4,167.607400784,3.986583674,-21.895404,11.57755285735903,10.10615,-1.049024,-11.155174,3,4
1237662193992007793,1639347425141352448,5265,192.194002873,41.654512941,-21.973569,0.039774392,45859318865.69911,1,192.194002873,41.654512941,-21.973569,0.0,11.15481,-1.086917,-12.241727,1,1
1237662193992007768,1639344951240189952,5265,192.17169239,41.709065908,-20.775278,0.040492821,15209369119.1689,2,192.194002873,41.654512941,-21.973569,3.58398724464145,9.939874,0.1868184,-9.7530556,4,2
1237661966358741190,1639348799530887168,5265,192.261875233,41.634966352,-19.72296,0.039780532,5770108770.750359,3,192.194002873,41.654512941,-21.973569,3.4152731259441995,9.602703,-0.344748,-9.947451,3,5
1237662193992007785,1639346050751817728,5265,192.178171164,41.674546252,-19.086442,0.040141547,3210530499.5245814,4,192.194002873,41.654512941,-21.973569,1.4617196580251806,9.692798,-0.3411002,-10.0338982,2,6
1237667912199176251,2816015098630400000,5285,173.188577083,25.049057228,-21.929381,0.034341539,44030376592.204926,1,173.188577083,25.049057228,-21.929381,0.0,10.67563,0.2285222,-10.4471078,1,1
1237667912199241833,2820468116897687552,5285,173.370147478,25.142369153,-21.673364,0.034162031,34781283154.76044,2,173.188577083,25.049057228,-21.929381,11.8791104186466,10.46349,0.5286831,-9.9348069,3,2
1237667551422316593,2820468391775594496,5285,173.319209482,25.243408994,-21.42099,0.034879054,27567412196.482212,3,173.188577083,25.049057228,-21.929381,14.29422457015623,10.48236,-1.415621,-11.897981,4,3
1237667912199242042,2820472514944198656,5285,173.353886128,24.984368488,-19.309119,0.034285146,3941373570.216361,4,173.188577083,25.049057228,-21.929381,10.25234358942126,9.387413,-0.4662212,-9.8536342,2,6
1237654879656542226,958193362265991168,5291,199.494399558,4.403410906,-21.909555,0.021763398,43233659717.58643,1,199.494399558,4.403410906,-21.909555,0.0,10.84966,-0.6902885,-11.5399485,1,1
1237655125015855301,958193912021805056,5291,199.64408524,4.486307576,-21.347676,0.021457489,25767388176.41308,2,199.494399558,4.403410906,-21.909555,10.726242711231915,10.46023,-0.004061602,-10.464291602,4,2
1237655125015855124,958190613486921728,5291,199.567818937,4.464305591,-21.116489,0.02179103,20825507807.044533,3,199.494399558,4.403410906,-21.909555,5.982685031977292,10.54215,-1.578059,-12.120209,2,3
1237655125015789657,958204357382268928,5291,199.405950175,4.485541549,-20.023753,0.022429218,7612042422.87863,4,199.494399558,4.403410906,-21.909555,7.571630494171918,10.2423,-0.3719912,-10.6142912,3,4
1237665372258894034,2445547302484469760,5301,238.023615753,20.145229339,-22.002425,0.036610865,47094479355.94826,1,238.023615753,20.145229339,-22.002425,0.0,10.98546,-1.503704,-12.489164,1,1
1237665372258828479,2440962058347374592,5301,237.877930575,20.211833162,-21.122498,0.03663529,20941085983.567516,2,238.023615753,20.145229339,-22.002425,9.556807951471,10.83927,-1.053342,-11.892612000000002,4,2
1237665372258959704,2445565994182141952,5301,238.167042925,20.160220998,-20.354253,0.03633081,10320510974.598486,3,238.023615753,20.145229339,-22.002425,8.51234863400515,10.14744,-0.09694871,-10.24438871,3,3
1237665372258894093,2440958759812491264,5301,237.904243099,20.16222903,-19.889202,0.035987716,6724822101.553338,4,238.023615753,20.145229339,-22.002425,7.121721387210114,10.09681,-1.888913,-11.985723,2,4
1237667917029441552,2975757372674304000,5303,181.313566778,21.214459713,-21.959417,0.023614208,45265445601.13074,1,181.313566778,21.214459713,-21.959417,0.0,10.97818,-1.447199,-12.425379,1,1
1237667781222596633,2975766993401047040,5303,181.234410087,21.240480583,-20.979497,0.023505813,18356877086.992264,2,181.313566778,21.214459713,-21.959417,4.91594489078238,10.13927,-0.270036,-10.409306,3,2
1237667917029441696,2937561442733287424,5303,181.310765447,21.081599141,-19.640623,0.024501674,5348711826.94161,3,181.313566778,21.214459713,-21.959417,8.34948984818104,9.480202,-0.3579517,-9.8381537,4,4
1237667781222662266,2975757097796397056,5303,181.322712226,21.272797059,-19.068712,0.023936721,3158528500.2232027,4,181.313566778,21.214459713,-21.959417,3.70436510479638,9.66982,-1.766431,-11.436251,2,5
1237664092898852896,2173056420470089728,5304,129.367594615,24.946720354,-22.459657,0.026903005,71756756533.62027,1,129.367594615,24.946720354,-22.459657,0.0,11.17102,-1.233228,-12.404248,1,1
1237664667887534208,2173045700231718912,5304,129.520605626,24.890913839,-20.111354,0.028019681,8251665223.645327,2,129.367594615,24.946720354,-22.459657,9.397620548521695,10.16307,-1.895189,-12.058259,3,2
1237664668424405146,2173047899254974464,5304,129.335978673,25.154393423,-19.932016,0.027761742,6995300896.316201,3,129.367594615,24.946720354,-22.459657,13.1720000143545,9.959984,-0.2531022,-10.2130862,4,3
1237664092898853172,2173054221446834176,5304,129.336381106,24.940898905,-19.641662,0.027935347,5353832749.923655,4,129.367594615,24.946720354,-22.459657,1.815493471210142,9.856819,-1.702363,-11.559182,2,4
1237664105779560493,1963744311136774144,5305,152.14464057,12.555465369,-21.840192,0.031668647,40558025132.46577,1,152.14464057,12.555465369,-21.840192,0.0,10.94322,-1.443699,-12.386919,1,1
1237664105779560653,6004527932843421696,5305,152.187590713,12.687935567,-21.203273,0.031317186,22558447102.050137,2,152.14464057,12.555465369,-21.840192,8.730007451004218,,,,3,2
1237664105779495085,1963743761380960256,5305,152.057420486,12.485900238,-21.165259,0.031986298,21782293222.287197,3,152.14464057,12.555465369,-21.840192,6.9083939764991085,10.5426,-1.468112,-12.010712,2,3
1237664105779626180,1964768506318710784,5305,152.32672216,12.604188506,-21.077552,0.031785925,20091890379.41953,4,152.14464057,12.555465369,-21.840192,11.57794229925294,10.49698,-0.836824,-11.333804,4,4
1237667914343186500,2824920594670184448,5307,176.804105563,18.925839264,-21.91306,0.038373836,43373453189.418465,1,176.804105563,18.925839264,-21.91306,0.0,11.07919,-1.773363,-12.852553,1,1
1237668292302405647,2824918945402742784,5307,176.812585896,18.71588228,-21.152795,0.038908644,21533667358.440937,2,176.804105563,18.925839264,-21.91306,13.201623696627916,10.59385,-1.418655,-12.012505,4,2
1237667914343186661,2824941760269019136,5307,176.780123361,18.843950784,-19.873157,0.039270524,6626173449.964607,3,176.804105563,18.925839264,-21.91306,5.339087015768349,9.929276,0.1347587,-9.7945173,2,4
1237667914343121026,2824942584902739968,5307,176.611975849,18.850232303,-19.113988,0.038306251,3293026305.679203,4,176.804105563,18.925839264,-21.91306,12.370355618714068,9.558726,-0.6205374,-10.1792634,3,5
1237663787420811489,2107716843132184576,5308,124.772587998,56.534503828,-21.915594,0.039681559,43474800724.185974,1,124.772587998,56.534503828,-21.915594,0.0,11.10951,-1.465995,-12.575505,1,1
1237663787420811490,5799685902427680768,5308,124.779428985,56.547467556,-21.024298,0.040065122,19130186324.660572,2,124.772587998,56.534503828,-21.915594,0.848309263628024,,,,2,2
1237663787420811660,2107837514533332992,5308,124.883771733,56.580989837,-20.351938,0.040413081,10298529088.274494,3,124.772587998,56.534503828,-21.915594,4.832467937939804,10.32318,-1.487058,-11.810238,3,3
1237663787420745954,2107716293376370688,5308,124.563148965,56.433120473,-20.181169,0.03986463,8799694602.106438,4,124.772587998,56.534503828,-21.915594,9.663174796441586,10.36187,-1.786151,-12.148021,4,4
1237665226233479173,2223739789834741760,5309,189.703328858,31.984885068,-21.837221,0.024043494,40447194179.53801,1,189.703328858,31.984885068,-21.837221,0.0,10.90242,-1.434095,-12.336515,1,1
1237665329854152782,2219159769753610240,5309,189.826391487,31.989875037,-20.857212,0.024508018,16401546516.733889,2,189.703328858,31.984885068,-21.837221,6.565714608182431,10.43898,-1.378881,-11.817861,2,2
1237665329854021699,2219169390480353280,5309,189.423833443,32.086722467,-20.475148,0.024161534,11536104992.55072,3,189.703328858,31.984885068,-21.837221,16.20379985101363,9.789306,-0.0681816,-9.8574876,4,3
1237665226233479315,2219156471218726912,5309,189.689661556,31.879547452,-19.88826,0.023302851,6718990081.663639,4,189.703328858,31.984885068,-21.837221,6.658561612135522,9.426419,-0.3243521,-9.7507711,3,4
1237662268076458141,2049172810546309120,5310,233.448925849,5.291525187,-21.856958,0.03322006,41189185117.01423,1,233.448925849,5.291525187,-21.856958,0.0,10.96078,-1.537463,-12.498243,1,1
1237662268076523582,2066180612116473856,5310,233.461028571,5.273700322,-21.726385,0.032922202,36521953568.09075,2,233.448925849,5.291525187,-21.856958,1.351922007258738,10.91404,-1.351485,-12.265525,2,2
1237662268076523936,2049173360302123008,5310,233.536189981,5.245153981,-19.50444,0.032486325,4718196238.117236,3,233.448925849,5.291525187,-21.856958,6.188575485738313,9.235365,-0.632622,-9.867987,3,4
1237662268076523721,2066196005279262720,5310,233.534907427,5.1937502,-18.991937,0.032894565,2942895222.8245854,4,233.448925849,5.291525187,-21.856958,8.16597875590579,9.216413,-1.093776,-10.310189,4,5
1237665369043894294,2355510481390692352,5322,167.663061242,31.655803044,-21.822752,0.028800314,39911752702.10705,1,167.663061242,31.655803044,-21.822752,0.0,10.91285,-1.329329,-12.242179,1,1
1237665369043894382,2355511580902320128,5322,167.72955806,31.55408444,-20.826754,0.028440346,15947830090.290844,2,167.663061242,31.655803044,-21.822752,7.315013897279683,10.52411,-1.847799,-12.371909,2,2
1237665369043959951,2355515704070924288,5322,167.864569926,31.560274081,-20.390941,0.02933748,10675209333.595146,3,167.663061242,31.655803044,-21.822752,12.340927666861113,10.30939,-0.4329574,-10.7423474,4,3
1237665369043959893,7250854880565981184,5322,167.785843067,31.597811449,-20.292315,0.028276731,9748235221.212963,4,167.663061242,31.655803044,-21.822752,7.511754273974226,,,,3,4
1237667912217133187,3138049692751915008,5323,217.975401846,21.938420386,-21.855669,0.044945167,41140313802.24317,1,217.975401846,21.938420386,-21.855669,0.0,10.79171,0.6813712,-10.1103388,1,1
1237667912217133167,3138051342019356672,5323,217.946892549,21.970024375,-20.255711,0.044371224,9425065998.252373,2,217.975401846,21.938420386,-21.855669,2.5890881437752093,9.706758,0.02533343,-9.68142457,3,4
1237665567145263330,3139111546123216896,5323,217.916628688,22.039473825,-20.227429,0.044957273,9182725455.40976,3,217.975401846,21.938420386,-21.855669,7.213852870394319,9.982386,-0.09605587,-10.07844187,4,5
1237667912217133190,3139120342216239104,5323,217.976047204,21.944920215,-19.405045,0.045009928,4305444546.9629755,4,217.975401846,21.938420386,-21.855669,0.4101246060849012,9.885836,-1.918901,-11.804737,2,6
1237663916810109034,2113347460263864320,5324,140.10021555,65.44682295,-21.819287,0.038214448,39784582048.53469,1,140.10021555,65.44682295,-21.819287,0.0,11.06252,0.8385041,-10.2240159,1,1
1237663787425857577,2113348284897585152,5324,140.36172375,65.305554705,-21.442295,0.038191429,28113699599.61197,2,140.10021555,65.44682295,-21.819287,11.209599240409926,10.87389,-1.363309,-12.237199,3,2
1237663787425792289,2113348010019678208,5324,140.191634311,65.260549054,-20.020408,0.037925502,7588626883.087463,3,140.10021555,65.44682295,-21.819287,11.946533288616385,9.77303,-0.1684085,-9.9414385,4,4
1237663916810109132,2113356256356886528,5324,139.954936851,65.45302678,-19.848381,0.037854529,6476679404.233984,4,140.10021555,65.44682295,-21.819287,3.812609586893005,10.10573,-0.2721381,-10.3778681,2,6
1237654398616076318,671082563728599040,5326,168.659910527,63.365071945,-22.041539,0.033247886,48822003779.53681,1,168.659910527,63.365071945,-22.041539,0.0,11.00144,-0.4974782,-11.4989182,1,1
1237654398616076434,671081739094878208,5326,168.53441837,63.359663682,-20.012545,0.034514013,7533867883.560225,2,168.659910527,63.365071945,-22.041539,3.551461413293446,9.886205,0.001377958,-9.884827042,3,2
1237654398616076319,671082013972785152,5326,168.695610406,63.352727074,-19.824229,0.033527698,6334197492.271573,3,168.659910527,63.365071945,-22.041539,1.270146716955174,9.913427,-1.082487,-10.995914,2,3
1237654398616010921,671081189339064320,5326,168.440548852,63.375352098,-19.186376,0.033328498,3520062705.8382564,4,168.659910527,63.365071945,-22.041539,6.211497557490495,9.588697,-0.7377155,-10.3264125,4,4
1237655473968840814,919872633342814208,5328,250.290872125,39.756850098,-22.046213,0.030513803,49032631303.99041,1,250.290872125,39.756850098,-22.046213,0.0,10.96077,-1.246031,-12.206801,1,1
1237655473968840815,919874007732348928,5328,250.312831483,39.752368594,-21.055608,0.030159807,19689885923.910873,2,250.290872125,39.756850098,-22.046213,1.0974741777623525,10.33735,0.215849,-10.121501,2,2
1237655473968840945,919873732854441984,5328,250.370456838,39.725248507,-19.972982,0.030377964,7264283753.179788,3,250.290872125,39.756850098,-22.046213,4.327473411117652,9.600058,-0.1550714,-9.7551294,4,5
1237655473968841043,919876481633511424,5328,250.299203069,39.800038778,-19.103532,0.029982547,3261465583.4582872,4,250.290872125,39.756850098,-22.046213,2.743281086962147,9.625986,-0.8467408,-10.472726799999998,3,6
1237661418211508275,1489705811411232768,5329,209.726188882,55.561799138,-21.829386,0.041458038,40156365639.48557,1,209.726188882,55.561799138,-21.829386,0.0,11.03359,-1.164883,-12.198473,1,1
1237661388140511326,1489698939463559168,5329,209.622492131,55.698342989,-20.962579,0.041333321,18073056238.36491,2,209.726188882,55.561799138,-21.829386,9.33453419687029,10.52826,-1.488543,-12.016803,4,2
1237661388140576978,1490783887444436992,5329,209.773942268,55.699428005,-20.727646,0.041304955,14556548107.352177,3,209.726188882,55.561799138,-21.829386,8.811803461759636,10.4909,-1.272475,-11.763375,3,3
1237661388140642314,1490780863787460608,5329,209.897599883,55.592539065,-20.217602,0.04149667,9099987588.794016,4,209.726188882,55.561799138,-21.829386,6.387296422269554,10.17431,-0.02788873,-10.20219873,2,4
1237665549964214340,2400568193572694016,5332,216.98180921,24.401449786,-21.86313,0.039352792,41423996843.724365,1,216.98180921,24.401449786,-21.86313,0.0,10.87861,-1.263387,-12.141997,1,1
1237665549964214368,2400569567962228736,5332,217.007690109,24.395294999,-20.242221,0.039213319,9308686408.163082,2,216.98180921,24.401449786,-21.86313,1.5305821064284932,10.26615,-1.815799,-12.081949,2,3
1237665549964214388,2400572041863391232,5332,217.017338282,24.37659157,-19.716124,0.040434877,5733893206.88511,3,216.98180921,24.401449786,-21.86313,2.563822255894189,9.823878,-0.5702379,-10.3941159,3,4
1237665549964214335,2400567918694787072,5332,216.980779075,24.460187939,-19.637455,0.039318551,5333127910.640608,4,216.98180921,24.401449786,-21.86313,3.691097448657265,9.771291,-0.5410643,-10.3123553,4,5
1237651755078582359,573227678191085568,5334,167.451507713,3.402281758,-21.8178,0.041701013,39730131271.39985,1,167.451507713,3.402281758,-21.8178,0.0,10.70034,0.481987,-10.218353,1,1
1237654031400566817,573238673307363328,5334,167.523321119,3.476708768,-21.262097,0.040858211,23814353719.275806,2,167.451507713,3.402281758,-21.8178,6.492686904032725,10.76208,-1.432071,-12.194151,4,2
1237654031400566969,573239772818991104,5334,167.533281668,3.444300459,-21.11293,0.041887311,20757354385.716297,3,167.451507713,3.402281758,-21.8178,5.768466449522815,10.56471,0.375251,-10.189459,2,3
1237654031400566818,654160529786431488,5334,167.521581568,3.476029822,-20.855934,0.041251859,16382251917.65085,4,167.451507713,3.402281758,-21.8178,6.386464856752646,10.0469,-0.04841606,-10.09531606,3,4
1237662264860213600,2047011725995173888,5336,230.140249049,7.953368369,-21.88229,0.043913399,42161494798.101295,1,230.140249049,7.953368369,-21.88229,0.0,10.82013,-0.7005541,-11.5206841,1,1
1237662197747875912,2047012550628894720,5336,230.185633449,7.80578287,-20.904864,0.043575676,17137426295.835342,2,230.140249049,7.953368369,-21.88229,9.693737538781813,10.55696,-1.411114,-11.968074,4,2
1237662238559633679,2047012000873080832,5336,230.02399328,7.922225986,-19.862439,0.044450067,6561084030.789184,3,230.140249049,7.953368369,-21.88229,7.494525540674805,9.973391,-0.9855908,-10.9589818,3,4
1237662238559764652,2047012275750987776,5336,230.226501743,7.894190386,-19.580334,0.043671235,5059802904.375212,4,230.140249049,7.953368369,-21.88229,6.529731556617043,9.939192,-1.678266,-11.617458,2,5
1237662224615342095,1851023480061978624,5337,216.145788698,35.279829663,-21.863349,0.029095383,41432353173.978874,1,216.145788698,35.279829663,-21.863349,0.0,10.85575,0.1810104,-10.6747396,1,1
1237662662133415970,1851027878108489728,5337,216.076684572,35.242852158,-21.124892,0.028836756,20987311089.39199,2,216.145788698,35.279829663,-21.863349,4.23878129116418,10.62798,-1.494511,-12.122491,2,2
1237662662133416006,1851026503718955008,5337,216.101246949,35.1989316,-20.473037,0.02922641,11513697101.62892,3,216.145788698,35.279829663,-21.863349,5.573280036236803,10.38239,-1.473673,-11.856063,3,4
1237662224615342283,1851022655428257792,5337,216.242909291,35.354553718,-19.546456,0.029465452,4904360658.767511,4,216.145788698,35.279829663,-21.863349,6.8437002894878205,9.415359,-0.3293351,-9.7446941,4,5
1237667730195939406,2728200129667426304,5341,125.95885794,11.550363883,-21.849151,0.03271385,40894076021.524216,1,125.95885794,11.550363883,-21.849151,0.0,10.92308,-1.343915,-12.266995,1,1
1237667730195939677,2728203153324402688,5341,126.00918695,11.497401126,-20.914361,0.032372677,17287985913.264034,2,125.95885794,11.550363883,-21.849151,4.546946661663161,10.47206,-0.4134832,-10.8855432,3,2
1237667730195939631,2728203428202309632,5341,125.947700098,11.534477186,-19.601435,0.031724987,5159100641.6838045,3,125.95885794,11.550363883,-21.849151,1.2116940493182555,9.813096,-1.521974,-11.33507,2,4
1237667730196005305,2729276556567406592,5341,126.070702735,11.581231311,-19.540051,0.032422903,4875513911.8825245,4,125.95885794,11.550363883,-21.849151,7.152686902198087,9.902859,-1.839212,-11.742071,4,5
1237668348675817507,6162271842960338944,5343,221.81189763,13.456422829,-22.043347,0.028734912,48903371351.43568,1,221.81189763,13.456422829,-22.043347,0.0,,,,1,1
1237668331491819640,3095126677731174400,5343,221.742290627,13.564394352,-20.756037,0.028128374,14942208769.856855,2,221.81189763,13.456422829,-22.043347,8.006696156436504,10.48045,-1.843115,-12.323565,4,2
1237668348675817506,3096306178846648320,5343,221.805420795,13.467447839,-20.594809,0.02887214,12880229459.83746,3,221.81189763,13.456422829,-22.043347,0.7978081001228136,10.51607,-1.315795,-11.831865,2,3
1237668331491885233,3095128052120709120,5343,221.889582987,13.533024346,-19.832979,0.029628564,6385451344.015347,4,221.81189763,13.456422829,-22.043347,6.759659053372414,9.702148,-0.3260868,-10.0282348,3,4
1237653665796390983,564244940738029568,5344,151.54376594,2.912875575,-21.990992,0.023770052,46601167798.859665,1,151.54376594,2.912875575,-21.990992,0.0,10.89073,-1.418794,-12.309524,1,1
1237654599953481746,564241092447332352,5344,151.584043302,3.124517446,-19.840845,0.023812826,6431880989.959119,2,151.54376594,2.912875575,-21.990992,13.535860524659713,9.660787,-0.3379176,-9.9987046,3,2
1237654599953416329,564245490493843456,5344,151.534849573,2.969041608,-19.430294,0.023310269,4406741748.708457,3,151.54376594,2.912875575,-21.990992,3.573092073379497,9.476453,-0.301927,-9.77838,2,3
1237653665796325491,645200059255777280,5344,151.310709726,2.7434898,-19.400443,0.023751196,4287234116.1823153,4,151.54376594,2.912875575,-21.990992,18.0879872426514,10.10193,-0.3629781,-10.4649081,4,4
1237667212130255022,2652757682993260544,5352,159.507643875,28.154345176,-21.983215,0.042564534,46268561777.36884,1,159.507643875,28.154345176,-21.983215,0.0,10.98391,-0.9161344,-11.9000444,1,1
1237667212130254868,2652747237632796672,5352,159.445482691,28.144857188,-19.763553,0.042191644,5989922453.783378,2,159.507643875,28.154345176,-21.983215,3.494950082937972,9.321749,-0.09623177,-9.41798077,3,2
1237667212130320477,2652753284946749440,5352,159.553132123,28.117802376,-19.189397,0.042515388,3529870721.3809247,3,159.507643875,28.154345176,-21.983215,3.409414932039104,9.177943,-0.3507507,-9.528693700000002,2,5
1237667255079797055,2652754659336284160,5352,159.46726749,28.221297708,-19.105442,0.042490387,3267208121.796108,4,159.507643875,28.154345176,-21.983215,4.764104864363178,9.169434,-0.3322726,-9.5017066,4,6
1237667783923531789,3126713453025191936,5361,221.662906657,19.284064922,-21.844787,0.04425611,40730036567.82464,1,221.662906657,19.284064922,-21.844787,0.0,11.10154,-0.8583737,-11.9599137,1,1
1237667783923531928,3141340531104180224,5361,221.648408192,19.329002982,-21.293334,0.044969918,24509451938.403217,2,221.662906657,19.284064922,-21.844787,2.951530531409259,10.70197,-1.208315,-11.910285,2,2
1237667783923466450,3126716476682168320,5361,221.546787069,19.285196999,-20.877563,0.044447046,16711875823.980818,3,221.662906657,19.284064922,-21.844787,6.88699393915495,10.19659,-0.01135306,-10.20794306,4,3
1237667736134484127,3141341630615808000,5361,221.606983894,19.236060421,-20.010939,0.043526962,7522732169.760375,4,221.662906657,19.284064922,-21.844787,4.48335740834683,9.787475,-0.2220714,-10.0095464,3,4
1237655691404902756,1038140227949979648,5374,225.757975758,-2.582283697,-21.866848,0.040759275,41566092524.69827,1,225.757975758,-2.582283697,-21.866848,0.0,10.37702,0.1594829,-10.2175371,1,1
1237655691404968127,1038139128438351872,5374,225.766735794,-2.539701062,-20.329609,0.040104733,10088894950.158478,2,225.757975758,-2.582283697,-21.866848,2.7314631970478995,9.716541,0.1348018,-9.5817392,3,2
1237655691404902574,1038138028926724096,5374,225.732533979,-2.530614807,-19.843287,0.040401467,6446363633.1528635,3,225.757975758,-2.582283697,-21.866848,3.617974914791767,9.158954,0.3407945,-8.8181595,4,3
1237655691404902745,1038135280147654656,5374,225.751548177,-2.54934232,-19.277769,0.040517916,3829196030.199476,4,225.757975758,-2.582283697,-21.866848,2.1087228471623525,9.125071,-0.00515461,-9.13022561,2,5
1237665567686525012,3144751211408812032,5383,228.516921289,19.980591279,-21.889013,0.040250087,42423373443.07592,1,228.516921289,19.980591279,-21.889013,0.0,10.9385,-1.280527,-12.219027,1,1
1237665567686525302,2427510094057990144,5383,228.56694279,19.922519967,-20.708969,0.040421455,14308285590.701824,2,228.516921289,19.980591279,-21.889013,4.694800962599251,10.27895,0.4354194,-9.8435306,3,2
1237665567686525218,2427511468447524864,5383,228.502149191,19.975566303,-20.501509,0.039799441,11819622334.265896,3,228.516921289,19.980591279,-21.889013,0.9276854720008774,9.858394,-0.0987987,-9.9571927,2,3
1237665531181203620,2427491127482411008,5383,228.513522711,20.106165807,-19.253058,0.040293154,3743029069.583581,4,228.516921289,19.980591279,-21.889013,7.892630082525962,9.218011,-0.3402596,-9.5582706,4,5
1237654601034235941,654155581984106496,5413,167.687029232,4.510837459,-21.810726,0.030071599,39472115232.4555,1,167.687029232,4.510837459,-21.810726,0.0,10.71093,-0.4986895,-11.2096195,1,1
1237654605329006744,654169325879453696,5413,167.605470263,4.599515791,-21.462929,0.029843724,28653098978.336952,2,167.687029232,4.510837459,-21.810726,7.5591066430652685,10.66855,-0.7592071,-11.4277571,2,2
1237654601034170430,654168501245732864,5413,167.53569034,4.532922518,-20.529046,0.030467172,12123231546.293642,3,167.687029232,4.510837459,-21.810726,9.580332690945696,10.61732,-0.1068519,-10.7241719,3,4
1237654601034170529,654178396850382848,5413,167.50901248,4.433360672,-19.372844,0.030068497,4179627712.011334,4,167.687029232,4.510837459,-21.810726,12.16732631078692,9.831003,-1.462517,-11.29352,4,5
1237667253998256248,2578449662541326336,5500,140.858121039,22.316667138,-21.841698,0.031152703,40614321281.366394,1,140.858121039,22.316667138,-21.841698,0.0,10.61254,-0.1037165,-10.7162565,1,1
1237667253998256261,2578462581802952704,5500,140.880458179,22.308143731,-20.684509,0.030051842,13989545334.927828,2,140.858121039,22.316667138,-21.841698,1.40451107897847,10.43651,-0.6533806,-11.0898906,2,4
1237667253998256264,2578452686198302720,5500,140.827800534,22.299725684,-19.406159,0.03000595,4309864337.52226,3,140.858121039,22.316667138,-21.841698,2.0590081051663076,9.84705,-0.8110461,-10.6580961,3,5
1237667253998256266,2578450487175047168,5500,140.852028396,22.283132792,-18.858294,0.029993537,2602061757.9741006,4,140.858121039,22.316667138,-21.841698,2.136585929806651,9.458669,-1.416132,-10.874801,4,6
1237659150459142239,1309557701000325120,6134,222.693838384,54.411207509,-22.714938,0.037842034,90776869137.46104,1,222.693838384,54.411207509,-22.714938,0.0,11.30054,-0.9158132,-12.2163532,1,1
1237659326019600545,1309552203442186240,6134,222.518632049,54.366474425,-21.173879,0.038951995,21955917993.497875,2,222.693838384,54.411207509,-22.714938,6.999195698080548,10.70445,-1.492075,-12.196525,4,2
1237659150459142296,1309556326610790400,6134,222.6780614,54.511012652,-20.119281,0.038534219,8312131399.502308,3,222.693838384,54.411207509,-22.714938,6.297357920856567,10.28221,-0.05600788,-10.338217879999998,3,3
1237659150459142313,1309558525634045952,6134,222.626399717,54.430497565,-19.896664,0.037696615,6771199350.108545,4,222.693838384,54.411207509,-22.714938,2.7471953401126465,10.05722,-1.457324,-11.514544,2,4
1237662262176317568,2065063233407969280,6411,230.945184501,5.775213029,-22.532684,0.042888643,76749154533.51167,1,230.945184501,5.775213029,-22.532684,0.0,11.25699,-1.04048,-12.29747,1,1
1237662268612280782,2065070929989363712,6411,231.028142022,5.880036169,-21.209846,0.04371707,22695429188.063133,2,230.945184501,5.775213029,-22.532684,8.382553191490183,10.57995,-0.8638646,-11.4438146,3,2
1237662268612215204,2065069830477735936,6411,230.885922978,5.920251645,-20.64426,0.043053088,13480437896.98054,3,230.945184501,5.775213029,-22.532684,9.837082720121892,10.40012,-1.368369,-11.768489,4,4
1237662262176317780,2048090621796706304,6411,230.901892097,5.803582066,-20.129232,0.043207706,8388664009.844341,4,230.945184501,5.775213029,-22.532684,3.2405425588580945,10.16816,-1.88813,-12.05629,2,5
1237663530255056942,1954721993546819584,6449,116.657118312,44.790517796,-22.581127,0.031248995,80251064154.9948,1,116.657118312,44.790517796,-22.581127,0.0,11.1562,0.1702257,-10.9859743,1,1
1237663530255056944,4133233075835039744,6449,116.649891477,44.804701388,-21.187699,0.032551887,22237174290.71084,2,116.657118312,44.790517796,-22.581127,0.947641703869588,,,,2,2
1237663530791796929,1954703851604961280,6449,115.964014783,44.724319187,-20.336909,0.031756339,10156956676.136692,3,116.657118312,44.790517796,-22.581127,31.202251388910163,10.33836,-0.2465889,-10.5849489,4,3
1237663547434991794,1954712647697983488,6449,116.504587163,44.873563077,-20.19483,0.031580198,8911114007.4167,4,116.657118312,44.790517796,-22.581127,8.56856591542737,10.0638,-0.5457839,-10.6095839,3,4
1237671690155786376,2486151711270397952,6457,247.400500647,15.658416737,-22.643106,0.034325686,84965457454.9994,1,247.400500647,15.658416737,-22.643106,0.0,11.32325,-1.293852,-12.617102,1,1
1237665534934450552,2486026092066924544,6457,247.072152376,15.641363009,-20.731693,0.035065002,14610907792.90135,2,247.400500647,15.658416737,-22.643106,19.89478317405413,10.45122,-0.99125,-11.44247,4,2
1237671690692591743,2484943342589208576,6457,247.414895992,15.96938202,-20.240952,0.03397298,9297812843.866598,3,247.400500647,15.658416737,-22.643106,19.557896008456556,10.09338,-0.0447406,-10.1381206,3,4
1237665535471518151,2487202569961629696,6457,247.671473887,15.647517284,-19.986665,0.033560899,7356411252.079161,4,247.400500647,15.658416737,-22.643106,16.40862242308315,10.31338,-0.4855123,-10.7988923,2,5
1237658311329906861,1075320488235919360,6466,182.46278339,59.447994827,-22.626513,0.044781808,83676826321.81403,1,182.46278339,59.447994827,-22.626513,0.0,11.45236,0.4091271,-11.0432329,1,1
1237658311329906902,1075317464578942976,6466,182.469486926,59.478542996,-20.715304,0.044377861,14392014901.285671,2,182.46278339,59.447994827,-22.626513,1.93129161337926,10.50731,-1.397988,-11.905298,2,2
1237658311329906723,1075321037991733248,6466,182.511221609,59.420740469,-20.547883,0.045177453,12335398951.330029,3,182.46278339,59.447994827,-22.626513,2.308194304758088,10.188,0.1508232,-10.0371768,3,3
1237658311329906831,1075320763113826304,6466,182.358510755,59.400632521,-19.648491,0.044909937,5387613097.093677,4,182.46278339,59.447994827,-22.626513,4.467929481477819,9.712737,-1.330623,-11.04336,4,5
1237665441518518285,2227096044699674624,6488,201.971915204,28.508180536,-22.486117,0.037806585,73526992121.1589,1,201.971915204,28.508180536,-22.486117,0.0,11.19488,-1.267215,-12.462095,1,1
1237665428629422165,2227091371775256576,6488,202.0620033,28.690806868,-21.172866,0.036611739,21935442511.16103,2,201.971915204,28.508180536,-22.486117,12.504734559859289,10.62935,-1.270953,-11.900303,3,2
1237665441518518400,2227093845676419072,6488,202.058301328,28.669247605,-21.093488,0.038125941,20388965922.32531,3,201.971915204,28.508180536,-22.486117,11.18625385437777,10.51426,0.8847873,-9.6294727,2,3
1237665440981581946,2227110063472928768,6488,201.786145382,28.262278378,-20.898374,0.037711609,17035292699.779814,4,201.971915204,28.508180536,-22.486117,18.551764672273112,9.958364,0.4358752,-9.5224888,4,4
1237662264322949370,2045914401847928832,6516,229.131866792,7.743762908,-22.488879,0.044885662,73714275256.50934,1,229.131866792,7.743762908,-22.488879,0.0,11.26517,0.1840237,-11.0811463,1,1
1237662264322883777,2045917700382812160,6516,228.99816863,7.66481364,-21.272896,0.045607705,24052399019.404022,2,229.131866792,7.743762908,-22.488879,9.690563462766317,10.69613,-1.356915,-12.053045,3,2
1237662264322949365,2045917425504905216,6516,229.119110971,7.700778644,-20.532227,0.045003598,12158802384.930584,3,229.131866792,7.743762908,-22.488879,2.815133520324328,10.45769,0.3767507,-10.0809393,2,3
1237662238022369493,2046991385030060032,6516,228.989193095,7.610705878,-20.277006,0.045397382,9611748531.497885,4,229.131866792,7.743762908,-22.488879,12.19919852883413,9.994009,0.1521349,-9.8418741,4,4
1237662662680707125,1864620047377393664,6618,240.976882807,25.010126559,-22.547467,0.033399325,77801290366.03693,1,240.976882807,25.010126559,-22.547467,0.0,10.795,-9999.0,-10009.795,1,1
1237662662680838318,1864630217859950592,6618,241.297837072,24.960128708,-21.699845,0.03402647,35640024999.62918,2,240.976882807,25.010126559,-22.547467,18.546930549621283,10.90436,0.7125868,-10.1917732,4,2
1237662662680838298,1864545280586704896,6618,241.205148087,24.839407789,-20.275242,0.033675216,9596144963.833832,3,240.976882807,25.010126559,-22.547467,16.859080504232754,10.04423,-9999.0,-10009.04423,3,3
1237662662680707319,1864620872011114496,6618,240.919097012,24.948622641,-19.725141,0.034044987,5781711271.859978,4,240.976882807,25.010126559,-22.547467,5.075961629177701,9.817205,-9999.0,-10008.817205,2,4
1237662529529511944,6145226113825828864,6725,214.616556323,12.883069553,-22.321568,0.02565634,63186921962.06197,1,214.616556323,12.883069553,-22.321568,0.0,,,,1,1
1237662636901138665,6145249203570012160,6725,214.415196971,12.959156629,-21.047336,0.025534726,19540442759.112812,2,214.616556323,12.883069553,-22.321568,13.225694426848523,,,,4,2
1237662636901269762,1920807289053276160,6725,214.706887846,12.972119593,-19.844425,0.025653311,6453123845.874367,3,214.616556323,12.883069553,-22.321568,7.868116392009888,9.884056,-0.4315704,-10.3156264,2,3
1237662636901204084,1920818284169553920,6725,214.41939337,12.95924234,-19.497829,0.025968531,4689554635.949476,4,214.616556323,12.883069553,-22.321568,12.988393895055223,9.285069,0.02443448,-9.26063452,3,4
1237667910591447150,2989304180159571968,6726,180.545130993,24.300303647,-22.453159,0.044918733,71328583575.63057,1,180.545130993,24.300303647,-22.453159,0.0,11.22666,-1.30325,-12.52991,1,1
1237667446728097995,2989305279671199744,6726,180.637633453,24.46656907,-20.335366,0.044261738,10142532313.155416,2,180.545130993,24.300303647,-22.453159,11.711443066290729,9.797547,-0.1751543,-9.9727013,3,2
1237667446728097923,2989303355525851136,6726,180.517199685,24.341931878,-20.294468,0.044315705,9767585016.78013,3,180.545130993,24.300303647,-22.453159,3.0657416010441425,10.39794,-1.903374,-12.301314,2,3
1237667910591578195,2990478188733294592,6726,180.78881103,24.207109234,-19.631301,0.044618406,5302985016.156527,4,180.545130993,24.300303647,-22.453159,15.13784141714173,9.457874,-0.2911762,-9.7490502,4,4
1237661435920187583,1636099467272808448,6728,189.126854687,48.502650365,-22.279043,0.040034263,60759920927.00031,1,189.126854687,48.502650365,-22.279043,0.0,11.23103,-1.092196,-12.323226,1,1
1237661435920056391,1636092045569320960,6728,188.831412614,48.59813974,-21.254652,0.040450436,23651614947.871704,2,189.126854687,48.502650365,-22.279043,13.674584810320075,10.37403,0.2022791,-10.1717509,4,2
1237661435920187631,1636098917516994560,6728,189.162719476,48.543984959,-20.107518,0.041803806,8222562817.024821,3,189.126854687,48.502650365,-22.279043,2.9954332511717414,9.925309,0.03128354,-9.89402546,2,3
1237661435920187571,1636098367761180672,6728,189.101704226,48.567140025,-20.042884,0.039401902,7747357556.256571,4,189.126854687,48.502650365,-22.279043,4.184932844040934,10.15187,-1.991843,-12.143713,3,4
1237654381977731176,622686178818156544,6736,137.526619928,51.911776676,-22.24393,0.038819946,58826363200.82874,1,137.526619928,51.911776676,-22.24393,0.0,11.14239,-1.370326,-12.512716,1,1
1237654381977796751,622659790539089920,6736,137.5194607,52.067097445,-21.663106,0.038523149,34454218216.27882,2,137.526619928,51.911776676,-22.24393,9.763022280175562,10.88749,-1.250494,-12.137984,3,2
1237654381977796849,622658416149555200,6736,137.58756829,52.134252855,-20.22635,0.038416131,9173604235.163427,3,137.526619928,51.911776676,-22.24393,14.175819840473856,10.04861,-0.3479187,-10.3965287,4,3
1237654381977731138,622688102963505152,6736,137.437060228,51.898734643,-19.65703,0.040257982,5430152169.233758,4,137.526619928,51.911776676,-22.24393,3.5671775908276446,10.24472,-1.266416,-11.511136,2,4
1237661948636954654,6039343143886450688,6788,168.693539902,11.127681679,-22.146072,0.041979594,53756229575.31255,1,168.693539902,11.127681679,-22.146072,0.0,,,,1,1
1237661948636954627,1805948724896098304,6788,168.620928157,11.146621884,-21.375231,0.041730406,26429710130.139812,2,168.693539902,11.127681679,-22.146072,4.63189696253618,10.73608,-1.587557,-12.323637,3,2
1237661948636954655,1805947900262377472,6788,168.69735207,11.128775789,-20.609427,0.040362391,13054817350.430029,3,168.693539902,11.127681679,-22.146072,0.2448697303474719,10.137,-0.8903697,-11.0273697,2,3
1237661948636889161,1805947350506563584,6788,168.522874275,10.997660039,-20.553579,0.042194522,12400283092.226168,4,168.693539902,11.127681679,-22.146072,13.322716673833176,10.1066,-0.1048981,-10.2114981,4,4
1237659146705764387,1305083513308997632,6816,212.517269418,58.039331928,-22.240324,0.039973753,58631310305.168304,1,212.517269418,58.039331928,-22.240324,0.0,11.13365,-1.092678,-12.226328,1,1
1237659146705698884,1305074992093882368,6816,212.068922645,58.100286961,-21.290507,0.039638436,24445718138.695587,2,212.517269418,58.039331928,-22.240324,15.383302083292588,10.46904,0.4081879,-10.0608521,4,2
1237659146705698902,1305076366483417088,6816,212.195868926,58.118405239,-20.231864,0.040180595,9220311636.869495,3,212.517269418,58.039331928,-22.240324,11.776979856109095,10.2382,-0.9619981,-11.2001981,3,3
1237659327090458728,1305086536965974016,6816,212.421551614,58.138242698,-19.31502,0.039738509,3962853340.338277,4,212.517269418,58.039331928,-22.240324,6.9806659728366744,9.562809,-1.142447,-10.705256,2,4
1237667143396753437,2344136581645887488,6852,123.783928436,17.891269026,-22.330634,0.045175662,63716747705.81405,1,123.783928436,17.891269026,-22.330634,0.0,11.10485,-1.244759,-12.349609,1,1
1237667143396688329,2554815659833845760,6852,123.77790679,17.821456275,-20.24753,0.045086018,9354315207.18572,2,123.783928436,17.891269026,-22.330634,4.401222688643801,10.13902,-0.08426747,-10.22328747,3,2
1237667143396688238,2344135482134259712,6852,123.669459888,17.845636736,-20.075235,0.045421527,7981674263.244739,3,123.783928436,17.891269026,-22.330634,7.421543104167527,10.05176,-1.113975,-11.165735,4,3
1237667143396753438,2344137406279608320,6852,123.799851963,17.893463339,-19.484537,0.045716349,4632493301.397954,4,123.783928436,17.891269026,-22.330634,0.9620463075727336,9.759854,-0.6549823,-10.4148363,2,4
1237661137425334280,1612315655015524352,6858,160.002382256,39.122247254,-22.203734,0.031705872,56688321756.182045,1,160.002382256,39.122247254,-22.203734,0.0,10.85643,0.4194795,-10.4369505,1,1
1237661382240829503,1613495981284812800,6858,160.185115869,39.074322895,-21.573285,0.030813234,31718599261.03036,2,160.002382256,39.122247254,-22.203734,9.405431307555602,10.34485,0.438138,-9.906712,4,2
1237661382240829504,1612311531846920192,6858,160.165212724,39.065582587,-20.790723,0.030949621,15427274249.080845,3,160.002382256,39.122247254,-22.203734,8.702039951748803,10.50927,-1.123325,-11.632595,3,3
1237661382240829459,1610046537876924416,6858,160.099161257,39.068068939,-19.965548,0.030536351,7214715332.130353,4,160.002382256,39.122247254,-22.203734,5.818929531539364,9.753313,-0.2573563,-10.0106693,2,4
1237662267537228017,2063822159641339904,6888,227.905591853,5.397574149,-22.095703,0.040719563,51319356256.24891,1,227.905591853,5.397574149,-22.095703,0.0,11.36348,-0.7895226,-12.1530026,1,1
1237655743483281580,2062680861504989184,6888,227.883023987,5.205731057,-21.931213,0.040978748,44104733273.99315,2,227.905591853,5.397574149,-22.095703,12.1362666926122,10.69239,0.4138632,-10.2785268,3,2
1237655743483281567,2062677013214291968,6888,227.879778999,5.245636207,-21.154536,0.040011811,21568224729.613323,3,227.905591853,5.397574149,-22.095703,9.682164266140957,10.12941,0.2974028,-9.8320072,2,3
1237655743483281638,5377540492219838464,6888,227.922018355,5.105136898,-21.148841,0.040182339,21455389346.891453,4,227.905591853,5.397574149,-22.095703,18.4030963260191,,,,4,4
1237659120399613971,1180106700628191232,6945,224.749636462,48.409849987,-22.251025,0.036188255,59212036748.30096,1,224.749636462,48.409849987,-22.251025,0.0,11.10378,-1.226352,-12.330132,1,1
1237659133284909256,1180115496721213440,6945,224.823069024,48.417158831,-20.90648,0.037384676,17162952478.725777,2,224.749636462,48.409849987,-22.251025,3.0967182885871636,10.46855,-1.289574,-11.758124,2,2
1237659133284843828,1180116871110748160,6945,224.867479535,48.510742588,-20.128112,0.036476806,8380015077.060505,3,224.749636462,48.409849987,-22.251025,8.01842672552055,9.818525,-0.0538707,-9.872395699999998,3,3
1237659133284778240,1181168279356467200,6945,224.614734115,48.571886392,-19.883064,0.036492774,6686911878.259686,4,224.749636462,48.409849987,-22.251025,11.627974633998225,9.906488,-0.1737383,-10.0802263,4,4
1237660613973049348,1375943465883428864,6950,168.45727333,9.586314187,-22.333674,0.03043002,63895400990.51259,1,168.45727333,9.586314187,-22.333674,0.0,10.85039,0.6597235,-10.1906665,1,1
1237660613972918418,1375948138807846912,6950,168.22703485,9.514013124,-20.300558,0.030254372,9822526292.828257,2,168.45727333,9.586314187,-22.333674,14.9716611903801,10.18911,-1.010374,-11.199484,3,2
1237660613972983968,1375947039296219136,6950,168.394512299,9.492041332,-20.164092,0.030484844,8662371395.80447,3,168.45727333,9.586314187,-22.333674,7.08584503910307,10.36444,-0.1313918,-10.4958318,2,3
1237660613972918322,1375948413685753856,6950,168.107888498,9.566832645,-19.551094,0.030480045,4925355701.094651,4,168.45727333,9.586314187,-22.333674,21.68114974681153,9.706136,-0.3370502,-10.0431862,4,4
1237673705041756259,486553992986388480,6954,116.49471776,41.11938221,-22.156548,0.040538667,54277420511.47382,1,116.49471776,41.11938221,-22.156548,0.0,11.09286,-1.27049,-12.36335,1,1
1237651495755579693,486547670794528768,6954,116.330448064,40.993493194,-21.131191,0.040360036,21109424819.49037,2,116.49471776,41.11938221,-22.156548,11.096845498273264,10.79237,-0.9934924,-11.7858624,4,2
1237673705041691045,486543547625924608,6954,116.400283458,41.193819113,-20.621623,0.041029821,13202287927.262426,3,116.49471776,41.11938221,-22.156548,6.467770622739283,10.6603,0.1802246,-10.4800754,3,3
1237673705041756411,486547121038714880,6954,116.466028634,41.075687149,-19.332504,0.040500213,4027185179.9257727,4,116.49471776,41.11938221,-22.156548,3.0631271219830736,9.715945,-0.5613416,-10.2772866,2,4
1237671936578093073,710444250487089152,6978,254.844996313,41.042456812,-22.128561,0.040595781,52896190992.12219,1,254.844996313,41.042456812,-22.128561,0.0,11.04916,-1.193365,-12.242525,1,1
1237671936578093441,6826509633256615936,6978,254.916449633,40.961375221,-21.013135,0.040196019,18934506920.33619,2,254.844996313,41.042456812,-22.128561,6.11832619054306,,,,4,3
1237654954280157539,710445899754530816,6978,254.815291638,41.038478292,-19.935193,0.04060952,7015799998.947313,3,254.844996313,41.042456812,-22.128561,1.429747334031582,10.10311,-2.006873,-12.109983,3,4
1237671936578093285,710447549021972480,6978,254.872699158,41.049048069,-19.550875,0.041633756,4924362325.249316,4,254.844996313,41.042456812,-22.128561,1.3765275637711918,9.503205,-0.3649414,-9.8681464,2,5
1237661125612077126,1785755916742715392,6989,125.603263242,25.509073247,-22.030133,0.028555912,48311797917.2846,1,125.603263242,25.509073247,-22.030133,0.0,10.89954,-1.404939,-12.304479,1,1
1237661087494045845,1785758115765970944,6989,125.74042513,25.738713973,-21.630504,0.028672638,33435020976.180386,2,125.603263242,25.509073247,-22.030133,16.388116956023694,11.11918,-0.5979312,-11.7171112,3,2
1237661125612142601,1785755366986901504,6989,125.718984619,25.558396747,-20.562569,0.028369131,12503384883.8996,3,125.603263242,25.509073247,-22.030133,7.255962687881774,10.28244,-1.082989,-11.365429,2,3
1237661125612273738,1785733376754345984,6989,126.081181581,25.674455078,-20.285188,0.028923157,9684455323.480198,4,125.603263242,25.509073247,-22.030133,29.00758920246037,9.786526,0.1720341,-9.6144919,4,4
1237662696501870746,2085246401356261376,7000,241.307872758,22.15902293,-22.245158,0.040044531,58892935210.864845,1,241.307872758,22.15902293,-22.245158,0.0,11.08435,-0.7617648,-11.8461148,1,1
1237664886388293744,2446750162232567808,7000,241.211413056,21.989794389,-22.147002,0.039785183,53802294826.30968,2,241.307872758,22.15902293,-22.245158,12.025146930060188,11.18527,-1.316698,-12.501968,3,2
1237662696501936400,2085250249646958592,7000,241.403341794,22.186391209,-21.918393,0.040192973,43587022231.779274,3,241.307872758,22.15902293,-22.245158,5.8149850338651135,10.89832,-1.22409,-12.12241,2,3
1237665129102901279,2446749612476753920,7000,241.193230463,21.957260757,-20.587808,0.040327532,12797442885.88654,4,241.307872758,22.15902293,-22.245158,14.32748116125781,10.41433,-0.01565911,-10.42998911,4,4
1237667323793899533,2512025142943574016,7007,185.019858031,27.975314094,-22.014215,0.028653099,47608664611.47444,1,185.019858031,27.975314094,-22.014215,0.0,10.80971,-1.356017,-12.165727,1,1
1237667444044922941,2512033114402875392,7007,185.290732822,28.165104961,-21.900628,0.029239082,42879646858.029884,2,185.019858031,27.975314094,-22.014215,19.176308459682144,11.01353,-1.647516,-12.661046,4,2
1237667323793965152,2514252479110080512,7007,185.297283742,28.078321345,-20.570417,0.028376657,12594090216.439789,3,185.019858031,27.975314094,-22.014215,16.69273646142787,10.35618,-1.501198,-11.857378,3,3
1237667323793965194,2512021569530783744,7007,185.166249382,28.122020575,-19.261004,0.027898058,3770523049.428612,4,185.019858031,27.975314094,-22.014215,12.282744756836832,9.800545,-1.863267,-11.663812,2,4
1237661970116378721,2019920583533291520,7009,195.4992488,6.283036286,-22.097019,0.044839617,51381597175.1649,1,195.4992488,6.283036286,-22.097019,0.0,11.04158,-1.017872,-12.059452,1,1
1237661974404268151,2019924706701895680,7009,195.470676885,6.370874951,-21.01516,0.045128893,18969854507.210564,2,195.4992488,6.283036286,-22.097019,5.800326539432812,10.33086,-0.5578379,-10.8886979,3,3
1237661970116378780,2019898593300736000,7009,195.545991898,6.249116746,-19.55917,0.045773895,4962128424.193028,3,195.4992488,6.283036286,-22.097019,3.6145652120440825,9.373397,-0.1466102,-9.5200072,2,4
1237661974404268187,2019899143056549888,7009,195.537965957,6.495195645,-19.428833,0.045446688,4400815889.502793,4,195.4992488,6.283036286,-22.097019,13.547813331358164,9.304218,-0.367029,-9.671247,4,5
1237667916489425042,2817125606985066496,7010,173.647969992,20.369675415,-22.010479,0.03697548,47445125527.1162,1,173.647969992,20.369675415,-22.010479,0.0,11.05686,-1.254328,-12.311188,1,1
1237667916489490458,2817148146973435904,7010,173.719857942,20.349473209,-21.019307,0.035954168,19042448950.549744,2,173.647969992,20.369675415,-22.010479,4.420825722338679,10.46918,-1.284745,-11.753925,2,3
1237667916489490634,2821593747345664000,7010,173.779875316,20.29711305,-19.267177,0.036129345,3792021578.273444,3,173.647969992,20.369675415,-22.010479,9.01007080163322,9.875648,-1.961991,-11.837639,3,4
1237668294985449611,2817125332107159552,7010,173.575335541,20.497126331,-19.200371,0.036718322,3565729548.8390126,4,173.647969992,20.369675415,-22.010479,9.078380352050903,9.292867,-0.442232,-9.735099,4,5
1237655743484330087,2064941462495193088,7021,230.341262724,5.066839476,-22.039895,0.044793575,48748134419.81155,1,230.341262724,5.066839476,-22.039895,0.0,11.14465,-1.383625,-12.528275,1,1
1237655743484330109,2064943936396355584,7021,230.357942372,4.962171094,-21.87712,0.045171589,41961209701.87727,2,230.341262724,5.066839476,-22.039895,6.658858960079146,10.93824,-1.241404,-12.179644,4,2
1237655743484330046,2064940637861472256,7021,230.283139015,5.058128824,-21.493301,0.045476307,29465946772.279312,3,230.341262724,5.066839476,-22.039895,3.6787150076343194,10.7235,-0.9702781,-11.6937781,3,3
1237662267538276481,2064944211274262528,7021,230.342606351,5.082877731,-19.113671,0.044390254,3292064988.4106736,4,230.341262724,5.066839476,-22.039895,1.0112158345239908,9.639691,-1.586565,-11.226256,2,4
1237662264860082397,1937754343612639232,7023,229.764117063,8.138722742,-21.93545,0.034318308,44277184791.20633,1,229.764117063,8.138722742,-21.93545,0.0,11.12346,-0.4787526,-11.6022126,1,1
1237662264860147778,1937753244101011456,7023,229.973058541,8.099227316,-21.770046,0.033975287,38020550436.101944,2,229.764117063,8.138722742,-21.93545,13.23139005903999,10.97778,-1.256149,-12.233929,2,2
1237662198284484650,1937760390926592000,7023,229.629787122,8.318557941,-19.941977,0.03397595,7059774024.632692,3,229.764117063,8.138722742,-21.93545,14.051818937774886,10.15539,-1.0621,-11.217490000000002,3,3
1237662264860213622,1937740874595198976,7023,230.155088722,8.051584694,-19.782817,0.034358089,6097148883.634265,4,229.764117063,8.138722742,-21.93545,24.9293412818306,10.08511,-1.469107,-11.554217,4,4
1237668272988749955,2843007842351343616,7035,241.142144517,12.246025325,-22.110038,0.041601363,52001419634.44622,1,241.142144517,12.246025325,-22.110038,0.0,11.04726,-1.283253,-12.330513,1,1
1237668272988750083,2843011965519947776,7035,241.143179329,12.1814951,-21.332258,0.041454628,25404064106.538944,2,241.142144517,12.246025325,-22.110038,4.05505157839592,10.4303,0.5311413,-9.8991587,2,2
1237668365851689395,2843022410880411648,7035,241.300273102,12.405599209,-19.631405,0.041666803,5303493000.374068,3,241.142144517,12.246025325,-22.110038,13.955038297309594,9.675788,-0.8283852,-10.5041732,3,4
1237668365314687448,2839522665385977856,7035,240.91851686,12.180488676,-19.397227,0.041450375,4274553922.7427297,4,241.142144517,12.246025325,-22.110038,14.336993256239351,9.506061,-0.3706327,-9.8766937,4,5
1237661435921891397,1441185461799249920,7044,195.126786898,48.308458233,-22.159469,0.029588818,54423641854.31302,1,195.126786898,48.308458233,-22.159469,0.0,11.17706,-1.321779,-12.498839,1,1
1237661435921825846,1441212399834130432,7044,194.843260059,48.34541784,-21.66338,0.029821394,34462914294.62871,2,195.126786898,48.308458233,-22.159469,12.06999813899258,10.8838,-1.389439,-12.273239,4,2
1237661435921891368,1640597020123097088,7044,194.997508464,48.239360763,-20.558119,0.029327688,12452243368.227762,3,195.126786898,48.308458233,-22.159469,6.93374599326838,10.36364,-1.697122,-12.060762,3,3
1237661435921891590,1640596470367283200,7044,195.095551587,48.274463925,-19.883955,0.030276733,6692401686.771719,4,195.126786898,48.308458233,-22.159469,2.503445887596169,9.607081,-0.231948,-9.839029,2,5
1237661387620876410,1512230681378318336,7051,253.094460735,30.711045019,-21.989686,0.036415141,46545146331.097664,1,253.094460735,30.711045019,-21.989686,0.0,11.02716,-1.102759,-12.129919,1,1
1237661387620876411,1512231231134132224,7051,253.123242084,30.721161017,-21.35151,0.036311096,25858539969.068512,2,253.094460735,30.711045019,-21.989686,1.679595495061838,10.69569,-1.265585,-11.961275,2,2
1237661387620876699,1512227657721341952,7051,253.200713558,30.854906659,-19.788956,0.036554867,6131721201.068601,3,253.094460735,30.711045019,-21.989686,10.705183674480518,10.01755,-0.08495282,-10.10250282,3,3
1237659162817855979,1512125678017865728,7051,253.123093062,30.499900233,-19.520384,0.036947448,4787994027.502845,4,253.094460735,30.711045019,-21.989686,13.35667304485907,10.17096,-0.3830785,-10.5540385,4,4
1237661387069194275,1494166804694591488,7052,217.629972246,52.70717681,-22.207301,0.045150454,56874867774.880775,1,217.629972246,52.70717681,-22.207301,0.0,11.06168,-0.3822991,-11.4439791,1,1
1237661417140125866,1494165155427149824,7052,217.52309491,52.655881315,-21.103568,0.04481637,20579138972.35973,2,217.629972246,52.70717681,-22.207301,5.1924609021269985,10.61008,-1.237548,-11.847628,3,2
1237661387069194392,1492973834293241856,7052,217.726476159,52.761366562,-19.646778,0.04564612,5379119593.242616,3,217.629972246,52.70717681,-22.207301,5.007307367752959,9.277762,-0.1253181,-9.4030801,2,3
1237661417140125853,1492959815519987712,7052,217.4758218,52.665676508,-19.292322,0.045733772,3880867362.602928,4,217.629972246,52.70717681,-22.207301,6.42415581673207,9.803498,-1.952311,-11.755809,4,5
1237671991878221902,595637093699446784,7058,205.562611233,1.857488009,-22.14835,0.029527836,53869134758.422195,1,205.562611233,1.857488009,-22.14835,0.0,11.08065,-0.3864309,-11.4670809,1,1
1237671957518876723,595671728315721728,7058,205.300126475,1.77978241,-20.429823,0.029473915,11064433935.25626,2,205.562611233,1.857488009,-22.14835,17.19194846140146,9.788877,0.3245306,-9.4643464,3,2
1237671991878156520,595653586373863424,7058,205.548856046,1.906313939,-20.204348,0.029503848,8989575826.211636,3,205.562611233,1.857488009,-22.14835,3.187112877483586,10.23708,-1.62661,-11.86369,2,3
1237671957518876726,594476559125997568,7058,205.297324944,1.783816769,-19.33131,0.029824342,4022758859.7143927,4,205.562611233,1.857488009,-22.14835,17.29111804427717,8.423131,-1.635366,-10.058497,4,4
1237665531723710540,2473649433976268800,7059,241.312944964,15.926076579,-21.819402,0.044974864,39788796211.446045,1,241.312944964,15.926076579,-21.819402,0.0,11.18272,-1.334878,-12.517598,1,1
1237665531723710531,2473649708854175744,7059,241.339346005,15.977315541,-21.112204,0.043690703,20743479190.28604,2,241.312944964,15.926076579,-21.819402,3.5928617977595168,10.70818,-1.250358,-11.958538,2,2
1237665531723579578,2473647234953013248,7059,241.13881071,16.01207728,-20.442083,0.044832637,11190080221.771416,3,241.312944964,15.926076579,-21.819402,11.825702024381645,10.1465,-0.02310116,-10.16960116,4,3
1237665567692095954,2472490548368271360,7059,241.219627926,15.860515257,-20.25654,0.043700952,9432265134.967815,4,241.312944964,15.926076579,-21.819402,6.983477022420875,10.10137,-0.1373978,-10.2387678,3,4
1237657772321472671,1063976281093203968,7067,152.542524533,54.308640563,-22.236251,0.044410931,58411774508.49075,1,152.542524533,54.308640563,-22.236251,0.0,11.06514,-1.398398,-12.463538,1,1
1237657772321472648,1063976006215297024,7067,152.464779888,54.285274605,-20.507075,0.045221077,11880370918.021605,2,152.542524533,54.308640563,-22.236251,3.2065520808274575,10.20752,-0.375146,-10.582666,2,2
1237655106759426069,1063980129383901184,7067,152.588272624,54.43545306,-19.467511,0.04410922,4560415362.554417,3,152.542524533,54.308640563,-22.236251,8.141899090523873,9.722048,-0.7476714,-10.4697194,3,3
1237658302202970401,1063993873279248384,7067,152.676428529,54.48033462,-19.271159,0.044923092,3805954569.99667,4,152.542524533,54.308640563,-22.236251,11.847833904264723,9.865941,-1.179634,-11.045575,4,4
1237651192433344532,504419682816649216,7069,134.436888853,55.073273103,-22.172776,0.03873937,55094773249.12435,1,134.436888853,55.073273103,-22.172776,0.0,11.10474,-1.399724,-12.504464,1,1
1237651192433279109,504416659159672832,7069,134.419258467,55.053152577,-20.869375,0.037663292,16586318473.339346,2,134.436888853,55.073273103,-22.172776,1.4144475134309815,10.43038,-1.294837,-11.725217,2,2
1237651252024312012,505654709252548608,7069,134.484286865,54.853511679,-20.199682,0.038827108,8951025616.1669,3,134.436888853,55.073273103,-22.172776,13.913464540225888,9.919941,-0.09648798,-10.01642898,4,3
1237651192433279182,504415559648045056,7069,134.387334675,54.971740492,-19.863065,0.038087218,6564868028.101443,4,134.436888853,55.073273103,-22.172776,6.624466997918175,9.693874,-0.3010956,-9.9949696,3,4
1237665227312857217,2357749368502642688,7090,204.859581045,31.208015726,-22.216815,0.036361321,57375436159.54228,1,204.859581045,31.208015726,-22.216815,0.0,11.06338,-1.408745,-12.472125,1,1
1237665330933596220,2357757614839851008,7090,205.089588743,31.383173902,-21.391747,0.036145772,26834827012.210247,2,204.859581045,31.208015726,-22.216815,16.54146714109494,10.69408,-0.2414645,-10.9355445,4,2
1237665330933465219,2357745245334038528,7090,204.857757386,31.40761239,-20.610101,0.036834186,13062923995.960075,3,204.859581045,31.208015726,-22.216815,12.541410374550871,10.32956,-1.258255,-11.587815,2,3
1237665330933465156,7314046562475896832,7090,204.878773994,31.437522467,-20.28742,0.03674687,9704384600.628843,4,204.859581045,31.208015726,-22.216815,14.457083707105824,,,,3,4
1237661357538148407,1616856364015970304,7114,164.404693445,45.634446539,-22.075339,0.043429102,50365784159.93426,1,164.404693445,45.634446539,-22.075339,0.0,11.05428,-1.425087,-12.479367,1,1
1237660635461058688,1616857188649691136,7114,164.569106713,45.587993417,-20.711347,0.043013594,14339658212.722134,2,164.404693445,45.634446539,-22.075339,7.7935307191185075,10.08218,0.1827022,-9.8994778,4,3
1237661357538148520,7503044365288927232,7114,164.369546442,45.622457757,-20.691312,0.044085907,14077476142.42109,3,164.404693445,45.634446539,-22.075339,1.718239562834246,,,,2,4
1237661357538148509,1616853340358993920,7114,164.354969309,45.616739992,-20.295063,0.043823743,9772939269.317844,4,164.404693445,45.634446539,-22.075339,2.4518696232088213,9.893231,0.08076011,-9.81247089,3,5
1237662695960608987,2432091473395607552,7121,231.387352522,26.547608227,-21.977764,0.034655056,46036849994.8531,1,231.387352522,26.547608227,-21.977764,0.0,11.06373,-1.31021,-12.37394,1,1
1237662695960608988,4458814414758014976,7121,231.392223361,26.555462992,-21.028324,0.033521498,19201254325.596596,2,231.387352522,26.547608227,-21.977764,0.5643750918254117,,,,2,2
1237662695960609039,2432088449738631168,7121,231.281205026,26.62098056,-19.777126,0.034589404,6065273651.018576,3,231.387352522,26.547608227,-21.977764,7.53833027281021,10.17846,-0.5710065,-10.7494665,3,3
1237665129098510627,2432089824128165888,7121,231.334804043,26.38633776,-19.436397,0.034542235,4431582105.056915,4,231.387352522,26.547608227,-21.977764,10.55519248435385,9.293317,-0.2797934,-9.5731104,4,5
1237659120414490818,1906323147569784832,7123,256.410448021,25.208346553,-22.140435,0.037495172,53477857541.38939,1,256.410448021,25.208346553,-22.140435,0.0,11.19298,-1.25702,-12.45,1,1
1237661386012950941,1899547678920960000,7123,256.278528767,25.197220506,-20.464734,0.03694962,11425983695.469948,2,256.410448021,25.208346553,-22.140435,7.532207214960891,10.05476,0.1452042,-9.9095558,3,2
1237661386012951043,1899536958682589184,7123,256.219321231,25.102673642,-19.638842,0.037369202,5339945197.529904,3,256.410448021,25.208346553,-22.140435,12.73731771416649,9.468972,-0.217826,-9.686798,4,3
1237661386012951041,1906322872691877888,7123,256.365788984,25.204434858,-19.449324,0.036213218,4484660794.841151,4,256.410448021,25.208346553,-22.140435,2.550689504548155,9.495053,-0.3652174,-9.8602704,2,4
1237658492278669408,1380362677506828288,7128,178.494572955,9.627211062,-21.883333,0.037290673,42202016213.35506,1,178.494572955,9.627211062,-21.883333,0.0,10.89433,-1.254196,-12.148526,1,1
1237658492278734920,1381532008106190848,7128,178.604008201,9.609049965,-21.747389,0.036266668,37235363681.714554,2,178.494572955,9.627211062,-21.883333,6.874727772435388,10.65873,0.6560812,-10.0026488,3,2
1237658492278734937,1381528709571307520,7128,178.637445862,9.544547046,-20.892077,0.036900467,16936778194.21187,3,178.494572955,9.627211062,-21.883333,10.26295246668227,9.819897,0.3938394,-9.4260576,4,3
1237658492278735050,1381533107617818624,7128,178.575987315,9.668079785,-19.153994,0.036140647,3416627247.106135,4,178.494572955,9.627211062,-21.883333,5.659189423534875,9.359884,-0.61875,-9.978634,2,4
1237667735599579273,6169077544773152768,7144,226.122523855,17.692295954,-21.929912,0.038577526,44051915754.34159,1,226.122523855,17.692295954,-21.929912,0.0,,,,1,1
1237667735599579274,3129010607458641920,7144,226.125307245,17.670800915,-21.498041,0.038724677,29594867505.42537,2,226.122523855,17.692295954,-21.929912,1.3608127310319127,10.66242,0.6019495,-10.0604705,3,2
1237667735599579345,3129013356237711360,7144,226.156763449,17.686590288,-21.163595,0.038783132,21748935234.565964,3,226.122523855,17.692295954,-21.929912,2.0807326389319756,10.75663,-0.5028441,-11.2594741,4,3
1237667735599579276,3129010057702828032,7144,226.126617885,17.706397337,-19.100796,0.038036813,3253257202.807027,4,226.122523855,17.692295954,-21.929912,0.919281474017068,9.623108,-1.570516,-11.193624,2,5
1237662665888759971,1771150558749550592,7146,245.917001794,24.474182037,-22.061904,0.038833969,49746393401.011734,1,245.917001794,24.474182037,-22.061904,0.0,11.07545,-1.165953,-12.241403,1,1
1237662306739290404,1771112900476299264,7146,245.682682266,24.379818303,-20.434954,0.038672987,11116846269.123564,2,245.917001794,24.474182037,-22.061904,14.657570454669974,9.89341,-0.03104557,-9.92445557,4,2
1237662665888759972,1772209667519309824,7146,245.923472644,24.479422166,-19.581758,0.03876828,5066443455.130411,3,245.917001794,24.474182037,-22.061904,0.4953083660915309,9.965748,1.049839,-8.915909,2,3
1237662665888760313,1771148359726295040,7146,245.87082988,24.530022335,-19.341948,0.039760447,4062367415.118843,4,245.917001794,24.474182037,-22.061904,4.390733193147162,9.705305,-0.814173,-10.519478,3,4
1237660669818241081,1799251049060526080,7158,155.862761599,10.60350484,-21.908792,0.044935931,43203287980.83722,1,155.862761599,10.60350484,-21.908792,0.0,10.84569,-1.105496,-11.951186,1,1
1237660669818241082,6013589831627239424,7158,155.855884576,10.615762284,-21.697299,0.046602329,35556548740.439606,2,155.862761599,10.60350484,-21.908792,0.8795004772207164,,,,2,2
1237660669818241070,1799249949548898304,7158,155.864738843,10.577183279,-21.524623,0.046012765,30328379095.427723,3,155.862761599,10.60350484,-21.908792,1.6583348647525924,10.71118,-1.135494,-11.846674,3,3
1237660669818306648,1799252423450060800,7158,155.887917586,10.629923309,-18.949165,0.046068906,2829215312.895621,4,155.862761599,10.60350484,-21.908792,2.2735051310158307,9.497333,-0.7493182,-10.2466512,4,5
1237662300841377924,1603443694164273152,7162,253.650731708,24.06362488,-21.983611,0.035428072,46285440363.6592,1,253.650731708,24.06362488,-21.983611,0.0,11.00634,-1.344287,-12.350627,1,1
1237662300841377866,1603441495141017600,7162,253.658303569,24.094378628,-21.256178,0.035844355,23684880615.91445,2,253.650731708,24.06362488,-21.983611,1.9805317614254268,10.71367,-1.402386,-12.116056,2,2
1237662300841378074,1603442869530552320,7162,253.595789689,24.127811013,-19.840334,0.036125304,6428854547.758103,3,253.650731708,24.06362488,-21.983611,5.118134057589639,10.06835,-1.461436,-11.529786,3,3
1237662300841443759,1603442319774738432,7162,253.652621895,23.898518698,-19.51734,0.035260137,4774589075.282189,4,253.650731708,24.06362488,-21.983611,10.374494876343798,9.997707,-1.655075,-11.652782,4,4
1237648704594575485,4525084724309979136,7163,223.396096989,0.010396721,-22.032088,0.04307272,48398867547.58315,1,223.396096989,0.010396721,-22.032088,0.0,,,,1,1
1237648704594575483,347965501953042432,7163,223.403838186,0.005705445,-21.264112,0.044524326,23858591424.747993,2,223.396096989,0.010396721,-22.032088,0.5687383020451597,10.89773,-1.705437,-12.603167,2,2
1237648721249763542,347956980737927168,7163,223.426682417,-0.012720527,-20.242279,0.043779899,9309183691.232738,3,223.396096989,0.010396721,-22.032088,2.4089076512366536,9.71757,0.02892388,-9.68864612,4,4
1237648704594575487,347965776830949376,7163,223.408489629,0.02099257,-19.094315,0.04546036,3233895633.8956075,4,223.396096989,0.010396721,-22.032088,1.0244666296255889,9.70014,-1.803425,-11.503565,3,5
1237661386530816015,1491882294091212800,7183,212.057332877,53.883487187,-22.131986,0.041915869,53063317691.36207,1,212.057332877,53.883487187,-22.131986,0.0,11.05246,-1.14916,-12.20162,1,1
1237661386530881736,1490719016258398208,7183,212.271924412,53.795436791,-19.662672,0.041884801,5458443257.292377,2,212.057332877,53.883487187,-22.131986,9.690249009246514,9.668012,-0.09703493,-9.76504693,4,2
1237661386530750680,1490729736496769024,7183,211.981068057,53.846786249,-19.617465,0.041401299,5235835579.739644,3,212.057332877,53.883487187,-22.131986,3.647213802400599,9.787773,-1.289425,-11.077198,3,3
1237661386530816154,1490717092113049600,7183,212.10870577,53.877953583,-19.614784,0.042020185,5222922720.873236,4,212.057332877,53.883487187,-22.131986,1.9342231239116363,9.867658,-1.270194,-11.137852,2,4
1237651737375015076,591186275160057856,7184,196.961660613,3.194675342,-22.078402,0.039591275,50508073059.57074,1,196.961660613,3.194675342,-22.078402,0.0,11.11864,-0.497528,-11.616168,1,1
1237651737374949472,590141184861562880,7184,196.926453608,3.220953804,-20.487354,0.039379105,11666527255.895252,2,196.961660613,3.194675342,-22.078402,2.757602231765964,10.28072,0.9086841,-9.3720359,3,3
1237651737374949690,590132663646447616,7184,196.886589594,3.170840966,-19.127758,0.039263631,3335056532.230538,3,196.961660613,3.194675342,-22.078402,4.941941090691016,8.978126,-0.5032319,-9.4813579,4,4
1237651737375015062,591189023939127296,7184,196.951529234,3.182544057,-19.098954,0.038855181,3247742585.7730446,4,196.961660613,3.194675342,-22.078402,0.9924556036140236,9.091445,-0.4434188,-9.5348638,2,5
1237655742946672747,5376327182078111744,7185,228.537336986,4.714415238,-22.053732,0.038713291,49373373276.15139,1,228.537336986,4.714415238,-22.053732,0.0,,,,1,1
1237655742946672748,2063827657199478784,7185,228.534310634,4.717721012,-21.1152,0.039218896,20800798166.77333,2,228.537336986,4.714415238,-22.053732,0.281168411536627,10.87846,-0.5216111,-11.4000711,2,2
1237655742946672960,2063827932077385728,7185,228.486009591,4.68878378,-19.553445,0.039048177,4936032380.3004675,3,228.537336986,4.714415238,-22.053732,3.595043624410501,9.63916,-0.18814,-9.8273,4,4
1237655742946673034,2063824633542502400,7185,228.538139204,4.686599208,-19.077707,0.039579232,3184804659.740767,4,228.537336986,4.714415238,-22.053732,1.748454520678398,9.529585,-0.553084,-10.082669,3,5
1237657630590238967,979633013518264320,7186,142.041809333,44.664767331,-22.055703,0.026387656,49463085033.47109,1,142.041809333,44.664767331,-22.055703,0.0,10.90527,0.2630081,-10.6422619,1,1
1237657630053433424,979646482535704576,7186,142.383801648,44.424240737,-21.383715,0.026144675,26637042277.038914,2,142.041809333,44.664767331,-22.055703,21.51582826840209,10.55064,0.1804902,-10.3701498,4,2
1237657776082780208,979634113029892096,7186,141.940787754,44.556257263,-20.438138,0.026271748,11149495074.477308,3,142.041809333,44.664767331,-22.055703,8.179365623264415,10.27822,-1.803794,-12.082014,2,3
1237657630590369984,979643184000821248,7186,142.183934928,44.816131221,-19.895076,0.025765468,6761303019.012121,4,142.041809333,44.664767331,-22.055703,11.4316590524359,10.09987,-1.299071,-11.398941,3,4
1237657628439347341,1348832806100297728,7197,134.713554637,38.809536086,-22.196272,0.029046418,56300052521.68936,1,134.713554637,38.809536086,-22.196272,0.0,11.12856,-1.615498,-12.744058,1,1
1237657628439347343,1348855895844481024,7197,134.693510856,38.817790668,-19.643415,0.030188956,5362483884.009451,2,134.713554637,38.809536086,-22.196272,1.109932147530858,9.988159,-1.80305,-11.791209,2,2
1237657628439347487,1348829507565414400,7197,134.686013614,38.74456498,-19.291375,0.029561628,3877483871.2352934,3,134.713554637,38.809536086,-22.196272,4.299386046165442,9.662024,-1.569462,-11.231486,3,3
1237657628439412747,1348857819989829632,7197,134.733417139,38.919985709,-19.262717,0.029437707,3776476617.012621,4,134.713554637,38.809536086,-22.196272,7.007456449562227,9.700765,-2.566546,-12.267311,4,4
1237664853116780599,2082957222375090176,7213,238.086377107,24.626603708,-22.052174,0.032328795,49302574724.93272,1,238.086377107,24.626603708,-22.052174,0.0,10.64018,0.2456897,-10.3944903,1,1
1237662697037103254,2082960246032066560,7213,237.873869219,24.435004801,-20.908777,0.032332446,17199301117.891453,2,238.086377107,24.626603708,-22.052174,17.10195189432828,10.44366,0.1292428,-10.3144172,3,3
1237662697037103314,2082979212607645696,7213,237.880868337,24.39648415,-19.555063,0.032648648,4943393702.679666,3,238.086377107,24.626603708,-22.052174,18.6304002184726,9.497869,-0.380521,-9.87839,4,4
1237664853116715184,2082962994811136000,7213,238.024705325,24.623669142,-19.054676,0.032691526,3117958999.4283423,4,238.086377107,24.626603708,-22.052174,3.527360964187949,9.08326,-0.7670621,-9.8503221,2,5
1237659327099896118,1316349935490197504,7219,241.271451928,45.442991058,-22.070116,0.043473572,50124078330.59803,1,241.271451928,45.442991058,-22.070116,0.0,10.96433,-0.674852,-11.639182,1,1
1237659327099896083,1316350760123918336,7219,241.292617018,45.494718491,-20.588379,0.042994393,12804174964.724735,2,241.271451928,45.442991058,-22.070116,3.381289183203237,9.935945,0.1899613,-9.7459837,3,2
1237659327099896158,1316351584757639168,7219,241.301603156,45.45329839,-20.267636,0.043671062,9529155193.456291,3,241.271451928,45.442991058,-22.070116,1.4784577454577954,10.38403,-0.3804738,-10.7645038,2,3
1237655463784284387,915392123006642176,7219,241.365476667,45.63803137,-19.447433,0.043032223,4476856769.629326,4,241.271451928,45.442991058,-22.070116,12.93445793395782,9.9679,-2.001103,-11.969003,4,4
1237667550342217756,7234010361220493312,7220,157.706167701,22.350588329,-21.902523,0.044815854,42954552606.76589,1,157.706167701,22.350588329,-21.902523,0.0,,,,1,1
1237667550342217757,2665055995041966080,7220,157.693137395,22.354808824,-19.849308,0.04408003,6482211545.065072,2,157.706167701,22.350588329,-21.902523,0.8022924266975235,10.0337,-1.491246,-11.524946,2,3
1237667550342152307,2665069464059406336,7220,157.595553945,22.369402366,-19.486247,0.043841418,4639795079.575955,3,157.706167701,22.350588329,-21.902523,6.535305997690244,9.238325,-0.1855745,-9.4238995,4,4
1237667550342217758,2665054895530338304,7220,157.719482585,22.359029481,-19.034205,0.044513254,3059722217.15316,4,157.706167701,22.350588329,-21.902523,0.9380547222622936,9.513812,-1.965129,-11.478941,3,5
1237657775006286005,1350093946507782144,7224,135.718072642,40.325257908,-21.823898,0.042236956,39953901997.390305,1,135.718072642,40.325257908,-21.823898,0.0,10.84204,-0.3586132,-11.2006532,1,1
1237657629513810033,1351157998298359808,7224,135.833453392,40.464651186,-21.6073,0.041942095,32728040204.7835,2,135.718072642,40.325257908,-21.823898,10.353388301368284,11.15879,-0.1310915,-11.2898815,3,2
1237657629513810174,1351158822932080640,7224,135.80522879,40.485296077,-20.250503,0.041671914,9379964613.949127,3,135.718072642,40.325257908,-21.823898,10.885853241535074,10.20837,-1.4681,-11.67647,4,3
1237657775006351385,1351161846589057024,7224,135.720010936,40.346684682,-19.781424,0.042136775,6089331255.176122,4,135.718072642,40.325257908,-21.823898,1.3494807909327398,9.402662,-0.05314156,-9.45580356,2,4
1237665330400395323,2393835064292042752,7233,214.628184942,29.170092861,-21.936896,0.035545719,44336193105.075195,1,214.628184942,29.170092861,-21.936896,0.0,11.02899,-0.8893215,-11.9183115,1,1
1237665180057993364,2393834514536228864,7233,214.476184181,29.230870682,-20.669304,0.035510888,13794996670.633389,2,214.628184942,29.170092861,-21.936896,9.169799091315694,9.914527,-0.7751571,-10.6896841,2,2
1237665330937266334,2393831216001345536,7233,214.67417983,29.439748075,-20.348659,0.035498085,10267473721.573988,3,214.628184942,29.170092861,-21.936896,17.129332682139587,9.716331,0.02570204,-9.69062896,4,3
1237665180058058906,2398255377373227008,7233,214.748412975,29.305705624,-19.40869,0.03521735,4319922941.820968,4,214.628184942,29.170092861,-21.936896,10.772887954520955,9.507473,-0.5751382,-10.0826112,3,4
1237664818753896461,2239481773325051904,7240,192.368619392,37.230286573,-22.027419,0.041402555,48191184384.98999,1,192.368619392,37.230286573,-22.027419,0.0,11.04237,-1.353413,-12.395783,1,1
1237664818753896585,2239483422592493568,7240,192.412266074,37.117165709,-20.238285,0.041578387,9275001745.100204,2,192.368619392,37.230286573,-22.027419,7.435914763799826,9.936934,-0.3106682,-10.2476022,4,2
1237664818753896557,2239482048202958848,7240,192.325596421,37.126706975,-19.94665,0.041196938,7090224718.716751,3,192.368619392,37.230286573,-22.027419,6.855231985401056,10.12844,-1.431992,-11.560432,3,3
1237664818753896597,2276735427220105216,7240,192.437639665,37.18863028,-19.466385,0.041759499,4555688278.878263,4,192.368619392,37.230286573,-22.027419,4.3335433236649425,9.801664,-1.363166,-11.16483,2,5
1237668332571721814,2832797222117074944,7241,236.12157339,11.549507913,-21.982256,0.034708533,46227712112.18103,1,236.12157339,11.549507913,-21.982256,0.0,11.2979,-0.7029139,-12.0008139,1,1
1237668332571787353,2832796397483354112,7241,236.176478837,11.49226665,-21.742249,0.03434886,37059503788.71556,2,236.12157339,11.549507913,-21.982256,4.935767761111667,10.76546,-1.321434,-12.086894,2,2
1237668332571787671,2832783478221727744,7241,236.279161034,11.497763163,-19.792782,0.03469859,6153366743.342381,3,236.12157339,11.549507913,-21.982256,10.232199523937611,9.489694,-0.181111,-9.670805,4,4
1237668332571656316,2832907173279852544,7241,236.013273592,11.568874179,-19.259387,0.034508576,3764911743.5908265,4,236.12157339,11.549507913,-21.982256,6.776804695182495,9.44793,-0.8144158,-10.2623458,3,5
1237665330933989398,2278906957249144832,7256,206.168841495,31.211478661,-21.867791,0.043431397,41602209817.202065,1,206.168841495,31.211478661,-21.867791,0.0,11.05892,-0.7687017,-11.8276217,1,1
1237665330933989474,2278909431150307328,7256,206.154849289,31.272769747,-21.302063,0.044014033,24707294963.148026,2,206.168841495,31.211478661,-21.867791,3.923703572087661,10.71691,-1.242035,-11.958945,2,2
1237665227313315992,2278904208470075392,7256,206.177507598,31.133309775,-20.841449,0.043854954,16165144830.63186,3,206.168841495,31.211478661,-21.867791,4.933542750177382,10.44737,0.7107057,-9.7366643,4,3
1237665330933989419,2278909156272400384,7256,206.203280365,31.284013723,-20.159598,0.043363635,8626590842.006432,4,206.168841495,31.211478661,-21.867791,4.918662474641217,9.573429,0.1812395,-9.3921895,3,4
1237660764842164279,1434469923966445568,7264,140.219666057,35.368292357,-21.825144,0.025747583,39999779751.161804,1,140.219666057,35.368292357,-21.825144,0.0,10.35304,-1.272933,-11.625973,1,1
1237660961866776723,1434460028361795584,7264,140.521653588,35.424972658,-19.891691,0.02597673,6740256129.124548,2,140.219666057,35.368292357,-21.825144,15.871931961924355,9.664832,-0.05902753,-9.72385953,4,2
1237660961866580160,1433439131781851136,7264,140.097392799,35.241489669,-19.519577,0.026229677,4784436556.041818,3,140.219666057,35.368292357,-21.825144,10.138364909718206,9.313786,-0.2562765,-9.5700625,3,3
1237660764842164280,1434470198844352512,7264,140.200306244,35.373357244,-19.245395,0.025353501,3716704213.4156737,4,140.219666057,35.368292357,-21.825144,1.0416915999665968,9.443384,-0.3403764,-9.7837604,2,4
1237657629511712956,972921319580526592,7269,130.739133081,37.54711776,-21.925878,0.042405144,43888546689.25765,1,130.739133081,37.54711776,-21.925878,0.0,10.67591,-0.2693782,-10.9452882,1,1
1237657629511712801,973983172985382912,7269,130.803219004,37.538224697,-21.400159,0.043202816,27043543726.97227,2,130.739133081,37.54711776,-21.925878,3.2412466367460904,10.58615,0.4629596,-10.1231904,2,2
1237657629511713101,973981523717941248,7269,130.831301643,37.574957921,-20.850502,0.041904856,16300495266.442698,3,130.739133081,37.54711776,-21.925878,4.9126278136576955,10.56518,-1.576524,-12.141704,3,3
1237657775541190877,972932589574711296,7269,130.847500397,37.729472824,-19.809528,0.042176889,6249009717.2698,4,130.739133081,37.54711776,-21.925878,12.662981659111368,9.550306,0.07938673,-9.47091927,4,4
1237665367967989858,7256530009765638144,7271,162.291916276,29.815895111,-21.883565,0.032337893,42211034899.33881,1,162.291916276,29.815895111,-21.883565,0.0,,,,1,1
1237665367967989859,7261125968201969664,7271,162.278287321,29.815717405,-20.072143,0.032533253,7958976089.708758,2,162.291916276,29.815895111,-21.883565,0.7430622204580093,,,,2,3
1237665367967989860,2230469895961733120,7271,162.279650694,29.80879907,-19.905955,0.032677269,6829391347.628936,3,162.291916276,29.815895111,-21.883565,0.8036905798953656,9.837792,-0.4102709,-10.2480629,3,4
1237665367968055323,2230472369862895616,7271,162.360711431,29.823922818,-19.284161,0.032349087,3851805952.689288,4,162.291916276,29.815895111,-21.883565,3.78396115840109,9.495412,-0.6989158,-10.1943278,4,5
1237664337175773190,2290219556888668160,7274,166.995899254,35.463252583,-21.924906,0.02963459,43849273265.87601,1,166.995899254,35.463252583,-21.924906,0.0,10.84178,-1.182959,-12.024739,1,1
1237664337175707794,2290213234696808448,7274,166.959012912,35.402983999,-20.980769,0.029311214,18378395786.26076,2,166.995899254,35.463252583,-21.924906,4.231522899910283,10.46791,-0.09923445,-10.56714445,2,2
1237664818208047228,2290201964702623744,7274,166.958205948,35.684814533,-20.592777,0.029362364,12856146123.71405,3,166.995899254,35.463252583,-21.924906,14.053792032054991,10.30449,-0.2426009,-10.5470909,4,3
1237664818207981738,5209747870559432704,7274,166.868889498,35.46365163,-20.003202,0.029192251,7469315427.780945,4,166.995899254,35.463252583,-21.924906,6.499854776681193,,,,3,4
1237668332027117606,3092877901440247808,7297,218.193175114,14.588226736,-21.815953,0.042187575,39662601819.02828,1,218.193175114,14.588226736,-21.815953,0.0,10.94688,-1.267559,-12.214439,1,1
1237668332027117605,3094070596695255040,7297,218.204187618,14.588814602,-21.105573,0.04208127,20617177028.81729,2,218.193175114,14.588226736,-21.815953,0.6706457177991025,10.36236,-1.135451,-11.497811,2,2
1237668349211050186,3092879550707689472,7297,218.124801626,14.57094122,-19.463482,0.041937418,4543523723.349041,3,218.193175114,14.588226736,-21.815953,4.297209373156606,9.331013,-0.3857724,-9.7167854,3,3
1237668332027183316,3092868830469318656,7297,218.349341053,14.658218828,-19.209694,0.042462975,3596479589.791064,4,218.193175114,14.588226736,-21.815953,10.46339733222568,9.452198,-0.5844546,-10.0366526,4,4
1237661949737828379,1937680951211485184,7300,231.622742335,8.590604033,-21.948693,0.035027769,44820551906.42448,1,231.622742335,8.590604033,-21.948693,0.0,10.9714,-1.192906,-12.164306,1,1
1237662199359013245,1940016589592094720,7300,231.583906913,8.727662641,-20.359791,0.034736319,10373287148.514885,2,231.622742335,8.590604033,-21.948693,8.943130502983472,10.19143,-1.150136,-11.341566,4,2
1237661949737828733,1937680401455671296,7300,231.72217531,8.535468216,-19.151464,0.035884503,3408675036.022545,3,231.622742335,8.590604033,-21.948693,7.082929945123716,9.693367,-1.718412,-11.411779,2,4
1237662199359078682,1940014665446746112,7300,231.652359483,8.711426317,-19.03056,0.034874972,3049467435.5257263,4,231.622742335,8.590604033,-21.948693,7.81122844102152,9.430074,-0.4499998,-9.8800738,3,5
1237648722289623054,299616121282127872,7327,146.020908347,0.733551682,-22.019332,0.037313006,47833570537.58385,1,146.020908347,0.733551682,-22.019332,0.0,11.10819,-1.555075,-12.663265,1,1
1237648722289623248,299617495671662592,7327,146.016869509,0.716795969,-20.003642,0.036304703,7472343018.459731,2,146.020908347,0.733551682,-22.019332,1.0829403310222057,10.17868,-1.935431,-12.114111,2,2
1237648722289557692,299602652264687616,7327,145.969659075,0.83092803,-19.980889,0.037491948,7317379847.797608,3,146.020908347,0.733551682,-22.019332,6.913831327130082,10.14206,-1.686863,-11.828923,4,3
1237648722289623239,299602927142594560,7327,146.012245135,0.765634264,-19.187829,0.038590117,3524776627.128833,4,146.020908347,0.733551682,-22.019332,2.0879947123767124,9.420765,-0.3197586,-9.7405236,3,4
1237668292832854092,2791140573707266048,7336,161.376791111,17.619643567,-21.836047,0.043144851,40403482509.6273,1,161.376791111,17.619643567,-21.836047,0.0,10.81296,-1.054226,-11.867186,1,1
1237668288549355656,6627096980689186816,7336,161.405688219,17.819265788,-21.113125,0.042907241,20761082775.35154,2,161.376791111,17.619643567,-21.836047,12.661315376896772,,,,4,2
1237668292832854039,2791142772730521600,7336,161.390300295,17.667821934,-20.713242,0.042538391,14364707925.435516,3,161.376791111,17.619643567,-21.836047,3.133342903601062,10.58033,0.03252485,-10.54780515,3,3
1237668292832854137,2791142222974707712,7336,161.374004065,17.665596184,-19.102607,0.042254855,3258688140.0042486,4,161.376791111,17.619643567,-21.836047,2.892106669284744,9.391256,-0.3003481,-9.6916041,2,4
1237661974405906489,2023277667461130240,7339,199.256677735,6.357083184,-21.8551,0.024625712,41118759113.7228,1,199.256677735,6.357083184,-21.8551,0.0,10.8122,-1.371756,-12.183956,1,1
1237661974406037572,5449406496994160640,7339,199.577441046,6.335380137,-21.359647,0.024236443,26053063620.14988,2,199.256677735,6.357083184,-21.8551,20.077013145967953,,,,4,2
1237661974405906560,2023276842827409408,7339,199.314559789,6.401699691,-20.760387,0.024551621,15002194787.021784,3,199.256677735,6.357083184,-21.8551,4.574056323836269,10.55726,-1.738262,-12.295522,2,3
1237661970654888086,2023297458670430208,7339,199.188235879,6.561431066,-20.245303,0.025129961,9335147835.12038,4,199.256677735,6.357083184,-21.8551,13.531924147549908,10.28277,-1.000078,-11.282848,3,4
1237667254546595932,2493997000152868864,7340,169.05643026,29.385244198,-21.842587,0.03028429,40647589875.83077,1,169.05643026,29.385244198,-21.842587,0.0,10.99931,-1.483851,-12.483161,1,1
1237667254546661638,2491785332496820224,7340,169.091491618,29.439725132,-20.151648,0.030125762,8563655734.430819,2,169.05643026,29.385244198,-21.842587,3.924349625722394,10.18538,0.1424461,-10.0429339,2,2
1237667212134055972,2494001123321473024,7340,169.275834781,29.531560536,-19.707667,0.030171249,5689404343.69462,3,169.05643026,29.385244198,-21.842587,15.119395965711576,10.17247,-0.8524759,-11.0249459,4,3
1237667254546661738,2494004421856356352,7340,169.218506245,29.430886206,-18.992278,0.030706725,2943819650.759556,4,169.05643026,29.385244198,-21.842587,9.323337827048968,9.64487,-1.037544,-10.682414,3,4
1237655744020545540,2063920291054118912,7359,228.794975106,5.577597737,-22.071937,0.033358291,50208217123.42441,1,228.794975106,5.577597737,-22.071937,0.0,10.99319,-1.201308,-12.194498,1,1
1237662268074492193,2064999186855651328,7359,228.874375318,5.632419745,-19.554815,0.032673103,4942264679.231201,2,228.794975106,5.577597737,-22.071937,6.0428779382659465,9.719339,-1.51164,-11.230979,3,2
1237655744020545738,2063917817152956416,7359,228.82972092,5.631058827,-19.506297,0.033924471,4726272958.293572,3,228.794975106,5.577597737,-22.071937,4.000492674136728,9.36869,-0.3226759,-9.6913659,2,3
1237662268074426602,2064995888320768000,7359,228.760986539,5.774320249,-19.191303,0.033536446,3536072819.492434,4,228.794975106,5.577597737,-22.071937,12.541790043606529,9.358059,-0.746811,-10.10487,4,4
1237662198823911469,1941100982163236864,7367,235.49283264,7.77663389,-21.890419,0.038015853,42478346189.033066,1,235.49283264,7.77663389,-21.890419,0.0,11.01036,-1.244363,-12.254723,1,1
1237662198823911677,1941098233384167424,7367,235.478585836,7.759702487,-20.12117,0.038575841,8326605710.266799,2,235.49283264,7.77663389,-21.890419,1.3850620705324113,9.966968,-0.1835089,-10.1504769,2,2
1237662198823846384,1941099882651609088,7367,235.469089353,7.789479884,-19.381314,0.037659451,4212361162.815074,3,235.49283264,7.77663389,-21.890419,1.684110026073122,9.713241,-1.261519,-10.97476,3,3
1237662198823911735,1941097408750446592,7367,235.513871372,7.644463003,-19.29102,0.038107451,3876216268.887152,4,235.49283264,7.77663389,-21.890419,8.407222096274351,9.667496,-0.2903071,-9.9578031,4,4
1237668298756456539,3110994009372256256,7372,222.270380472,16.735092819,-21.862527,0.040266046,41400997025.812515,1,222.270380472,16.735092819,-21.862527,0.0,10.91426,0.4748419,-10.4394181,1,1
1237668272980558058,3110986037912954880,7372,222.307531886,16.845170148,-21.197839,0.040167249,22445826416.31465,2,222.270380472,16.735092819,-21.862527,7.268446117650531,10.75337,-0.8364128,-11.5897828,3,2
1237668298756522275,3110995658639697920,7372,222.31322533,16.650856828,-21.064247,0.039756289,19847179613.50606,3,222.270380472,16.735092819,-21.862527,5.887423132649307,10.2074,0.3785875,-9.8288125,2,3
1237668272980426893,3126690913036822528,7372,222.13147425,16.891206257,-19.721119,0.04004017,5760333128.031347,4,222.270380472,16.735092819,-21.862527,12.884665510889825,9.303688,-0.1231132,-9.4268012,4,5
1237658918530056305,1147438010657171456,7386,185.422974205,55.787170825,-21.817179,0.034812276,39707413638.04313,1,185.422974205,55.787170825,-21.817179,0.0,10.97177,-0.8661852,-11.8379552,1,1
1237658918530056413,1147440209680427008,7386,185.446250785,55.821528155,-20.323612,0.035229863,10033323147.997026,2,185.422974205,55.787170825,-21.817179,2.3099254197249155,10.31571,-1.584907,-11.900617,3,3
1237658803111854218,1147436361389729792,7386,185.486776291,55.93922231,-20.221065,0.034315834,9129058708.248758,3,185.422974205,55.787170825,-21.817179,9.81496398285912,10.19962,-1.30121,-11.50083,4,4
1237658918530056399,1147439659924613120,7386,185.42677049,55.809084587,-19.123985,0.034664783,3323487119.78621,4,185.422974205,55.787170825,-21.817179,1.3833950742783927,9.779221,-2.404891,-12.184112,2,5
1237655473436360831,1098937998067656704,7407,256.864372058,31.247718405,-21.907421,0.031077292,43148767991.31861,1,256.864372058,31.247718405,-21.907421,0.0,10.80094,-0.294936,-11.095876,1,1
1237655128235049080,1097883016627251200,7407,256.945641362,31.139717189,-20.676383,0.031328493,13885233901.930395,2,256.864372058,31.247718405,-21.907421,8.07021690247726,10.41593,-1.05931,-11.47524,3,2
1237655473436295765,1098949817817655296,7407,256.671917895,31.289134175,-20.183938,0.031076734,8822165485.88185,3,256.864372058,31.247718405,-21.907421,10.658337053019212,9.871582,-0.3100344,-10.1816164,4,3
1237655473436361135,1097879168336553984,7407,256.84181537,31.252922498,-19.608279,0.030689742,5191724040.093635,4,256.864372058,31.247718405,-21.907421,1.254989717436293,9.895964,-1.419611,-11.315575,2,4
1237654399689556171,3245014306164598784,7422,166.994367083,63.92631973,-22.024808,0.044249893,48075432504.16391,1,166.994367083,63.92631973,-22.024808,0.0,10.95067,-0.9693002,-11.9199702,1,1
1237654399689621625,671155956129753088,7422,167.145989841,63.973755906,-19.59172,0.044976252,5113143719.68567,2,166.994367083,63.92631973,-22.024808,5.136810807613435,10.15608,-0.292284,-10.448364,3,2
1237654399689556113,3245019528844830720,7422,166.730535533,63.884073169,-19.440478,0.043971521,4448270613.794793,3,166.994367083,63.92631973,-22.024808,7.7596607754706115,9.82636,-0.5484263,-10.3747863,4,3
1237651250958696543,3245018154455296000,7422,166.986813513,63.87587095,-19.395887,0.044343138,4269281583.9943023,4,166.994367083,63.92631973,-22.024808,3.1766591879209467,9.881517,-0.6383621,-10.5198791,2,4
1237665228378865701,2250724550083897344,7425,184.161608369,33.560898792,-22.013625,0.023471373,47582800611.15216,1,184.161608369,33.560898792,-22.013625,0.0,10.84146,-1.395745,-12.237205,1,1
1237665331462668473,2250723725450176512,7425,184.142038542,33.449515501,-19.701227,0.023154807,5655757759.27826,2,184.161608369,33.560898792,-22.013625,7.073124079552235,9.62011,-0.5734424,-10.1935524,2,2
1237665331462602904,2250736369833895936,7425,184.047202997,33.442480374,-19.334109,0.022934143,4033142807.573895,3,184.161608369,33.560898792,-22.013625,9.5545563058543,9.538443,-0.5786493,-10.1170923,4,3
1237665228378931266,2250725374717618176,7425,184.190433804,33.699032581,-19.015189,0.023675014,3006599632.210426,4,184.161608369,33.560898792,-22.013625,8.809238588584916,9.307146,-0.5434538,-9.8505998,3,4
1237654953207332988,711730678957369344,7436,255.006962225,38.816027972,-21.854696,0.03552314,41103461762.16307,1,255.006962225,38.816027972,-21.854696,0.0,10.81054,-0.00492247,-10.81546247,1,1
1237654953207267630,712741405155420160,7436,254.956889687,38.984161833,-19.686872,0.034858313,5581472637.424973,2,255.006962225,38.816027972,-21.854696,10.8441918127702,9.376874,-0.2296331,-9.6065071,3,2
1237654953207333212,712739481010071552,7436,255.051281878,38.850238227,-19.589781,0.034507718,5104020382.064126,3,255.006962225,38.816027972,-21.854696,3.0538107833689274,9.998996,-1.596922,-11.595918,2,3
1237671935505138058,712744153934489600,7436,255.151909735,39.020735366,-18.952663,0.035468727,2838345113.0877585,4,255.006962225,38.816027972,-21.854696,14.684829719601344,9.145617,-0.5651457,-9.7107627,4,4
1237667783905837142,2830580875530364928,7455,178.421858453,23.382206389,-21.855958,0.022575968,41151265940.663734,1,178.421858453,23.382206389,-21.855958,0.0,10.69224,0.3077544,-10.3844856,1,1
1237667736653594755,2830580050896644096,7455,178.192893277,23.476014574,-21.299504,0.02300924,24649130266.631207,2,178.421858453,23.382206389,-21.855958,14.45634636679628,10.93775,-0.4532218,-11.3909718,2,2
1237667736653594738,7210375809562505216,7455,178.15483443,23.548246679,-19.517172,0.023057936,4773850342.516365,3,178.421858453,23.382206389,-21.855958,18.59288970716803,,,,3,3
1237667910053658868,2830583624309434368,7455,178.177474895,23.704383554,-19.119152,0.023018821,3308725968.418264,4,178.421858453,23.382206389,-21.855958,24.656370652291475,9.609139,-1.587361,-11.1965,4,4
1237654605329137794,940224042894387200,9394,167.919441761,4.668873548,-22.583292,0.042362321,80411247534.72842,1,167.919441761,4.668873548,-22.583292,0.0,11.23892,-1.063127,-12.302047,1,1
1237654605329137953,940224867528108032,9394,167.921682203,4.70055204,-20.04181,0.041227851,7739697732.465648,2,167.919441761,4.668873548,-22.583292,1.995356997607688,9.882125,-0.4367867,-10.3189117,3,2
1237654605329137931,940214147289737216,9394,167.897739604,4.652189861,-19.851943,0.041617887,6497962489.743914,3,167.919441761,4.668873548,-22.583292,1.716379065555165,10.06368,-1.598876,-11.662556,2,3
1237654605329072383,654157506129455104,9394,167.790730095,4.676488287,-19.680333,0.042574277,5547958451.568454,4,167.919441761,4.668873548,-22.583292,8.074500908924508,9.853103,-1.242357,-11.09546,4,4
1237665179521187863,7314995990196056064,9578,214.514332371,28.866402214,-22.377063,0.042970367,66500544304.20105,1,214.514332371,28.866402214,-22.377063,0.0,,,,1,1
1237665179521187909,2393838362826926080,9578,214.577141764,28.968318742,-22.197547,0.042812289,56366205543.89501,2,214.514332371,28.866402214,-22.377063,7.275912057281208,10.90285,-0.09882627,-11.00167627,3,2
1237665179521056969,2393827092832741376,9578,214.194706828,28.911999271,-19.943777,0.042971623,7071487857.813781,3,214.514332371,28.866402214,-22.377063,17.815353659802813,9.945629,-0.7197835,-10.6654125,4,3
1237665179521187864,2393673985838573568,9578,214.525794411,28.866258316,-19.900583,0.044154399,6795684376.658111,4,214.514332371,28.866402214,-22.377063,0.6307623292107698,10.08385,-1.350629,-11.434479,2,4
1237674603216633993,341183982752262144,9765,213.752623869,-0.796946989,-22.200554,0.039316906,56522530907.293846,1,213.752623869,-0.796946989,-22.200554,0.0,11.13641,-1.254345,-12.390755,1,1
1237648720171696336,342358810825877504,9765,213.554877832,-0.894392621,-22.173834,0.038624485,55148486738.33384,2,213.752623869,-0.796946989,-22.200554,13.850201235778414,10.93987,-0.8761289,-11.8159989,4,2
1237674603216699610,341175186659239936,9765,213.785750473,-0.782990081,-20.454945,0.038886365,11323430008.281662,3,213.752623869,-0.796946989,-22.200554,2.2584171484971054,10.21569,-0.5392457,-10.7549357,2,3
1237674603216634080,341182058606913536,9765,213.603414601,-0.829346301,-19.649675,0.040459039,5393491516.9815445,4,213.752623869,-0.796946989,-22.200554,9.592643478510992,9.557896,-0.1878108,-9.7457068,3,4
1237665355084005428,1505343065278146560,9774,245.837747666,37.258412755,-22.534811,0.033947347,76899656522.46783,1,245.837747666,37.258412755,-22.534811,0.0,11.19512,-1.010395,-12.205514999999998,1,1
1237665355083940130,1505340316499077120,9774,245.824173323,37.215540124,-20.881482,0.033167829,16772306879.409227,2,245.837747666,37.258412755,-22.534811,2.778031545716378,9.997058,0.1867449,-9.8103131,2,2
1237659162813858137,1505344439667681280,9774,245.986740782,37.324036355,-20.178258,0.033020233,8776133076.066204,3,245.837747666,37.258412755,-22.534811,8.51290112990962,10.2711,-0.2920633,-10.5631633,4,3
1237665355084005737,1505342790400239616,9774,245.812690489,37.311850393,-19.554955,0.033495846,4942901999.4785185,4,245.837747666,37.258412755,-22.534811,3.583639136980462,9.82069,-0.8864071,-10.7070971,3,4
1237661417673916574,1487486446636918784,9790,206.511630181,55.715391463,-22.222803,0.040394942,57692744598.210045,1,206.511630181,55.715391463,-22.222803,0.0,11.0988,0.1570131,-10.9417869,1,1
1237661417673851010,1488572489700239360,9790,206.446269968,55.757048135,-21.629263,0.040181579,33396826471.24964,2,206.511630181,55.715391463,-22.222803,3.49232853492093,10.82481,-1.352775,-12.177585,2,2
1237661387602919620,1487485622003197952,9790,206.52248753,55.876947774,-20.524709,0.040506853,12074901591.277405,3,206.511630181,55.715391463,-22.222803,10.158123477134078,10.36785,-1.215847,-11.583697,3,3
1237661387602985091,1489656058510075904,9790,206.788848742,55.98597693,-20.124351,0.040596135,8351036848.695752,4,206.511630181,55.715391463,-22.222803,19.612476916622647,9.704643,0.02012726,-9.68451574,4,4
1237658205578657826,1084350506282805248,9833,162.038804899,48.331531739,-22.450846,0.042081502,71176790348.24214,1,162.038804899,48.331531739,-22.450846,0.0,10.82147,0.7259301,-10.0955399,1,1
1237658205578723439,1084347207747921920,9833,162.052660756,48.504918592,-21.156843,0.042163588,21614102167.53667,2,162.038804899,48.331531739,-22.450846,10.90952892775826,10.46667,-0.2843881,-10.7510581,3,2
1237658205578657877,1084351056038619136,9833,161.907581252,48.480093595,-20.843491,0.041586285,16195576058.902782,3,162.038804899,48.331531739,-22.450846,10.82081514608288,10.44815,-1.438768,-11.886918,2,3
1237658614126346384,1084348307259549696,9833,161.78616893,48.538239028,-20.256473,0.0419995,9431683094.631742,4,162.038804899,48.331531739,-22.450846,16.721190014841753,9.713471,0.1049492,-9.6085218,4,4
1237665015240458268,2364476178326120448,9869,169.976403797,33.090220844,-22.48436,0.043695276,73408102788.60916,1,169.976403797,33.090220844,-22.48436,0.0,9.250072,-0.6760494,-9.9261214,1,1
1237665015240523906,2364461609797052416,9869,170.063057499,33.228256204,-20.344262,0.044000781,10225976727.150948,2,169.976403797,33.090220844,-22.48436,9.797773494856868,10.11195,-0.1786656,-10.2906156,2,2
1237665015240589399,2364462434430773248,9869,170.233044587,33.084305385,-20.059234,0.044578498,7864907152.177624,3,169.976403797,33.090220844,-22.48436,13.515461076428627,10.08337,-0.8200571,-10.9034271,3,3
1237665015240589418,2372445714706884608,9869,170.269403133,33.227869081,-19.68897,0.043897967,5592268308.190503,4,169.976403797,33.090220844,-22.48436,17.672641963908855,9.967389,-0.8894741,-10.8568631,4,4
1237651752415854747,343559202712610816,9995,216.834858851,1.025842952,-22.285289,0.026447369,61110466638.798386,1,216.834858851,1.025842952,-22.285289,0.0,11.08024,-1.314641,-12.394881,1,1
1237651752415920197,344614734277928960,9995,217.018896646,1.006277406,-21.19629,0.026457409,22413826198.485836,2,216.834858851,1.025842952,-22.285289,11.626791201801636,10.23991,0.3121536,-9.9277564,4,2
1237651752415789223,601233332537157632,9995,216.721118316,0.962873891,-19.937334,0.026964991,7029648342.13694,3,216.834858851,1.025842952,-22.285289,8.167685250344448,9.581052,-0.03600385,-9.61705585,3,3
1237651752415854874,343563051003308032,9995,216.873535781,1.055815727,-19.512559,0.026563053,4753610568.400456,4,216.834858851,1.025842952,-22.285289,3.074127329065062,9.421911,-0.2390186,-9.6609296,2,4
1237665329311514762,2260895032137508864,10027,174.379041427,31.362327965,-22.526331,0.043330574,76301381273.53088,1,174.379041427,31.362327965,-22.526331,0.0,10.65414,0.9112576,-9.7428824,1,1
1237665329311580293,2260881837997975552,10027,174.586320855,31.324275743,-20.386784,0.043735952,10634414894.157606,2,174.379041427,31.362327965,-22.526331,11.3771966498733,10.2354,0.4082662,-9.8271338,3,2
1237665329311514810,2260879364096813056,10027,174.409754219,31.353307428,-20.107254,0.043699824,8220563719.377908,3,174.379041427,31.362327965,-22.526331,1.742618496052748,9.588666,0.1400001,-9.4486659,2,3
1237665329311580311,2222527298286938112,10027,174.612357899,31.336233391,-19.557602,0.043848067,4954967382.931457,4,174.379041427,31.362327965,-22.526331,12.62646094049216,9.422273,-0.1759661,-9.5982391,4,4
1237667912733294683,2802457841573586944,10074,166.256515005,24.813000906,-22.103879,0.044210744,51707268947.86668,1,166.256515005,24.813000906,-22.103879,0.0,11.03912,-0.6492396,-11.6883596,1,1
1237667551956435111,2802455642550331392,10074,166.36722394,25.01655424,-22.014633,0.044444358,47626997106.02134,2,166.256515005,24.813000906,-22.103879,14.260931274460036,10.93884,-0.5436066,-11.4824466,4,2
1237667912733294659,2802453718404982784,10074,166.23018181,24.781169616,-21.135833,0.044980631,21199870107.68257,3,166.256515005,24.813000906,-22.103879,2.5012220761727435,10.35009,0.2795193,-10.0705707,3,3
1237667912733294684,2802458116451493888,10074,166.2763829,24.797183151,-20.843137,0.044693826,16190296416.064856,4,166.256515005,24.813000906,-22.103879,1.5072555065962845,10.44291,-1.260085,-11.702995,2,4
1237654880741228570,663252936142383104,10120,224.52660375,4.101014713,-22.285875,0.045057866,61143458445.66936,1,224.52660375,4.101014713,-22.285875,0.0,11.06011,-0.9482996,-12.0084096,1,1
1237654880741294238,662200153591015424,10120,224.716155609,4.212043703,-21.00429,0.044559608,18780882690.657032,2,224.52660375,4.101014713,-22.285875,13.77559858317223,10.80756,0.1702361,-10.6373239,2,2
1237654880741294303,662202627492177920,10120,224.749586807,4.120911265,-20.77767,0.044846471,15242914022.384134,3,224.52660375,4.101014713,-22.285875,14.03019756076553,10.60062,-0.4068835,-11.0075035,4,3
1237654880741294218,663260907601684480,10120,224.704628906,4.231691538,-20.024053,0.044570669,7614145998.534164,4,224.52660375,4.101014713,-22.285875,13.851835576722673,9.74244,-0.0368419,-9.7792819,3,4
1237648705667137705,345818974824458240,10121,220.598357453,0.907996398,-22.196804,0.033946782,56327645750.14541,1,220.598357453,0.907996398,-22.196804,0.0,11.05283,-1.097961,-12.150791,1,1
1237648705667137570,345818425068644352,10121,220.641818045,0.978873142,-21.229369,0.034187089,23107214721.40958,2,220.598357453,0.907996398,-22.196804,5.223675505872168,10.70381,-1.59418,-12.29799,2,2
1237651735237951685,603484857925920768,10121,220.782444017,1.100021396,-20.532858,0.034551293,12165870800.020948,3,220.598357453,0.907996398,-22.196804,16.71268550604267,10.29237,-0.1480391,-10.4404091,4,3
1237648705667072024,345819799458179072,10121,220.443234548,0.920499604,-19.673128,0.034102383,5511263808.971897,4,220.598357453,0.907996398,-22.196804,9.777031941180883,9.578831,-0.182327,-9.761158,3,4
1237657629512826964,1350035397513603072,10163,133.406529632,39.135817294,-22.332498,0.02961326,63826231046.68421,1,133.406529632,39.135817294,-22.332498,0.0,11.21109,-0.5935245,-11.8046145,1,1
1237657629512827188,1348892179728197632,10163,133.311678603,39.172879916,-20.466033,0.029625753,11439662188.611378,2,133.406529632,39.135817294,-22.332498,5.174971605247684,9.877542,-0.3503689,-10.2279109,3,2
1237657629512892647,1350035947269416960,10163,133.598841327,39.250844315,-20.357907,0.028623613,10355302736.935858,3,133.406529632,39.135817294,-22.332498,11.829355393555876,10.19333,-1.49453,-11.68786,4,3
1237657629512827171,1348891629972383744,10163,133.395223677,39.089345861,-20.055135,0.029281226,7835270601.470157,4,133.406529632,39.135817294,-22.332498,2.9714542626007368,10.07846,-1.285879,-11.364339,2,4
1237659326562304075,1316290836740204544,10218,239.183983286,46.344610795,-22.204892,0.040260102,56748815360.31582,1,239.183983286,46.344610795,-22.204892,0.0,11.15274,-0.972145,-12.124885,1,1
1237659330848292959,1316277092844857344,10218,239.046319991,46.181142392,-21.106002,0.041282321,20625324971.683456,2,239.183983286,46.344610795,-22.204892,11.885007852776733,10.70973,-0.9702072,-11.6799372,4,2
1237659326562304351,1316288362839042048,10218,239.243362507,46.364126417,-20.710185,0.040651323,14324319524.187551,3,239.183983286,46.344610795,-22.204892,2.8521029029524434,10.46145,-1.455618,-11.917068,3,3
1237659326562304335,1316289187472762880,10218,239.20866926,46.344943508,-19.911531,0.042589883,6864555173.629832,4,239.183983286,46.344610795,-22.204892,1.070931231850231,10.19507,-1.920381,-12.115451,2,4
1237659162816020815,1507592940946483200,10236,250.094534086,33.679750968,-22.096308,0.030907197,51347960683.76516,1,250.094534086,33.679750968,-22.096308,0.0,11.02857,-0.7882735,-11.8168435,1,1
1237661387619172464,1507597888748808192,10236,250.250316772,33.773055867,-22.094361,0.031222338,51255963297.29981,2,250.094534086,33.679750968,-22.096308,10.032001116920547,11.13752,-1.41749,-12.55501,2,2
1237661387619238463,1509936825177761792,10236,250.343901846,33.595330354,-19.570476,0.030650534,5014070083.982846,3,250.094534086,33.679750968,-22.096308,14.08191484796792,9.961979,-1.347092,-11.309071,3,3
1237661387619172794,1507597613870901248,10236,250.334658042,33.80546322,-19.504311,0.031686118,4717635686.5249195,4,250.094534086,33.679750968,-22.096308,14.82523073141859,9.542334,-0.2954066,-9.8377406,4,4
1237674648847450200,310816576037218304,10247,162.900580454,-1.087878301,-22.216008,0.039515349,57332806307.556206,1,162.900580454,-1.087878301,-22.216008,0.0,10.953,-1.061266,-12.014266,1,1
1237674648847450346,310817125793032192,10247,162.910024691,-1.126179847,-21.299873,0.039322997,24657508982.210537,2,162.900580454,-1.087878301,-22.216008,2.4786100839231273,10.62606,0.08761248,-10.53844752,2,2
1237648720149479679,310815751403497472,10247,162.886970009,-1.002880586,-20.766666,0.03852537,15089206429.817932,3,162.900580454,-1.087878301,-22.216008,5.408576012844987,10.24305,0.04738735,-10.19566265,3,3
1237674649384386795,310818500182566912,10247,162.94905038,-0.838985236,-19.423393,0.039786105,4378821078.526116,4,162.900580454,-1.087878301,-22.216008,15.932109284925708,9.395709,-0.173125,-9.568834,4,4
1237662499475554415,4712061076438183936,10324,251.681236818,26.946603922,-22.337421,0.035873903,64116292279.07316,1,251.681236818,26.946603922,-22.337421,0.0,,,,1,1
1237662499475489129,1903979810292525056,10324,251.405228262,26.981033258,-21.597129,0.036001524,32422880825.847435,2,251.681236818,26.946603922,-22.337421,15.607559736643015,10.83594,-0.7678658,-11.6038058,3,2
1237662301913546775,1902818179864881152,10324,251.481910406,27.25539313,-21.10271,0.035755407,20562882789.37541,3,251.681236818,26.946603922,-22.337421,22.376968127584917,10.70464,-1.491853,-12.196493,4,3
1237662301376872719,1903984208339036160,10324,251.579360024,26.722159461,-19.71297,0.035601728,5717260753.240419,4,251.681236818,26.946603922,-22.337421,15.215072079542225,9.127062,-0.04814258,-9.17520458,2,4
1237657612341543037,1481792626108688384,10423,186.735739179,57.770167542,-22.153464,0.043968626,54123465937.80716,1,186.735739179,57.770167542,-22.153464,0.0,11.22813,-0.450871,-11.679001,1,1
1237661353244557433,1481793450742409216,10423,186.661826782,57.672667356,-21.008298,0.044512519,18850340525.216877,2,186.735739179,57.770167542,-22.153464,6.609096923717911,10.59821,-1.521703,-12.119913,3,2
1237657612341543027,1480732696916289536,10423,186.721923075,57.754041493,-20.285758,0.044056716,9689540894.700134,3,186.735739179,57.770167542,-22.153464,1.114032719932222,10.22487,-1.035436,-11.260306,2,3
1237661353244557397,1481789602451712000,10423,186.521245801,57.652213024,-19.588562,0.044126887,5098293107.435733,4,186.735739179,57.770167542,-22.153464,10.332298323055046,9.879648,-0.5672165,-10.4468645,4,4
1237668289621196919,2917335920703203328,10427,156.809312339,18.082923129,-22.265472,0.042782293,60005187895.48483,1,156.809312339,18.082923129,-22.265472,0.0,11.05825,-1.200386,-12.258636,1,1
1237668289621197082,2917337020214831104,10427,156.764601719,18.129101779,-20.501417,0.042939706,11818620839.445534,2,156.809312339,18.082923129,-22.265472,3.943136187171157,9.607869,0.2911901,-9.3166789,3,2
1237670965392703635,2917338394604365824,10427,156.823923003,17.959394252,-20.15569,0.042978686,8595596096.87506,3,156.809312339,18.082923129,-22.265472,7.81048807092524,9.878436,-0.1136111,-9.9920471,4,3
1237668289621197071,2917336470459017216,10427,156.75301615,18.085551024,-19.549215,0.042836767,4916839139.056916,4,156.809312339,18.082923129,-22.265472,3.36651221768833,9.316831,-0.1550563,-9.4718873,2,4
1237658608219848819,1075382885520795648,10458,185.253089397,60.918862421,-22.122066,0.044338433,52580704417.341896,1,185.253089397,60.918862421,-22.122066,0.0,10.95547,-1.039696,-11.995166,1,1
1237658313478045858,1075380961375447040,10458,185.460866833,61.139672966,-20.858088,0.044245405,16414785047.771675,2,185.253089397,60.918862421,-22.122066,15.246986960925367,10.24989,0.06430686,-10.18558314,4,2
1237658608219848803,1075358696264984576,10458,185.231122585,60.899671598,-20.55278,0.043567653,12391161003.982183,3,185.253089397,60.918862421,-22.122066,1.3799467415998514,10.42566,-1.963204,-12.388864,2,3
1237658608219848869,1075379861863819264,10458,185.260950581,60.951333417,-19.738279,0.044199001,5852098131.158784,4,185.253089397,60.918862421,-22.122066,2.054274977655916,10.35497,-1.198202,-11.553172,3,4
1237668310021964289,2850903160808040448,10485,246.751175967,9.050990826,-22.163075,0.034305185,54604696803.97759,1,246.751175967,9.050990826,-22.163075,0.0,11.20129,-1.442591,-12.643881,1,1
1237668270843953463,5868428734541524992,10485,246.636588913,8.776781937,-20.735065,0.034636232,14656355818.461912,2,246.751175967,9.050990826,-22.163075,18.63951507724157,,,,3,2
1237668310021898820,2850902885930133504,10485,246.572395532,8.98930255,-20.039364,0.034397708,7722280986.213451,3,246.751175967,9.050990826,-22.163075,11.751778957425874,9.670843,-0.08811355,-9.75895655,2,3
1237668349760372834,2850823721092933632,10485,246.554609074,8.723094339,-19.455664,0.034209244,4510924933.039977,4,246.751175967,9.050990826,-22.163075,23.94482123010689,9.557149,-0.3579819,-9.9151309,4,4
1237662223535374440,2287956218058139648,10497,198.712612151,38.03775253,-21.960572,0.045121657,45313624346.32912,1,198.712612151,38.03775253,-21.960572,0.0,10.77687,-0.3158244,-11.0926944,1,1
1237662223535374354,2287956767813953536,10497,198.759215055,38.085776978,-21.930871,0.045384053,44090842751.31413,2,198.712612151,38.03775253,-21.960572,3.797403072208409,10.98957,-1.505514,-12.495084,2,2
1237664293684445268,2287955393424418816,10497,198.662516575,38.172416323,-20.496055,0.045515392,11760397470.519346,3,198.712612151,38.03775253,-21.960572,8.816231482187273,10.17756,-0.4063019,-10.5838619,3,3
1237664846121730104,2287957867325581312,10497,198.532283543,37.909887114,-19.283705,0.045238933,3850188566.516782,4,198.712612151,38.03775253,-21.960572,12.013314087918236,9.793362,-1.989649,-11.783011,4,4
1237654948913283207,696992549969094656,10506,238.333836194,54.708132104,-22.112658,0.043911226,52127056263.89242,1,238.333836194,54.708132104,-22.112658,0.0,11.02911,-1.082995,-12.112105,1,1
1237651538187452545,697001895817930752,10506,238.013867382,54.67221906,-21.145825,0.043709737,21395872439.434452,2,238.333836194,54.708132104,-22.112658,11.837248339979135,10.14442,0.2686521,-9.8757679,4,2
1237651538187518173,696989801190025216,10506,238.341622844,54.529080535,-20.964088,0.043987044,18098192364.947487,3,238.333836194,54.708132104,-22.112658,11.253707893890349,10.29814,0.07950258,-10.21863742,3,3
1237654948913348733,696990625823746048,10506,238.373029561,54.64506354,-20.928801,0.043512489,17519447259.12738,4,238.333836194,54.708132104,-22.112658,4.210754158678867,10.28667,-0.5706906,-10.857360600000002,2,4
1237671123220168862,1979447261813303296,10574,127.136810682,8.733790593,-21.960596,0.045072988,45314626006.7686,1,127.136810682,8.733790593,-21.960596,0.0,10.9834,-1.24246,-12.22586,1,1
1237671123220103629,1979445612545861632,10574,127.051341165,8.647331485,-21.769548,0.045081028,38003115360.83365,2,127.136810682,8.733790593,-21.960596,7.595494204403993,10.88957,0.02748013,-10.86208987,3,2
1237671123220168924,1979442314010978304,10574,127.156247626,8.717081757,-20.399888,0.044867577,10763541757.136572,3,127.136810682,8.733790593,-21.960596,1.5997906339839596,10.28066,-1.698363,-11.979023,2,3
1237671260122055017,1979447536691210240,10574,127.127132425,8.516947018,-19.71194,0.045259793,5711839559.589635,4,127.136810682,8.733790593,-21.960596,13.637942502675314,9.762287,-0.5251172,-10.2874042,4,4
1237667549272539209,2802369605765457920,10581,167.861845843,22.970784009,-22.200201,0.033326046,56504157005.64678,1,167.861845843,22.970784009,-22.200201,0.0,11.19507,-1.478214,-12.673284,1,1
1237667910049529919,2802369880643364864,10581,168.005111757,22.971523165,-19.829477,0.033999697,6364888498.629082,2,167.861845843,22.970784009,-22.200201,8.287973897203715,9.68699,-0.3518181,-10.0388081,3,2
1237667910586335349,2802384174294525952,10581,167.830392273,23.200456129,-19.375223,0.033694476,4188795902.0953903,3,167.861845843,22.970784009,-22.200201,14.544793881254822,9.480914,-0.6494933,-10.1304073,4,3
1237667910049464459,2802365757474760704,10581,167.871976596,22.906385353,-19.250519,0.033267863,3734286202.420888,4,167.861845843,22.970784009,-22.200201,4.088528670283879,9.501868,-0.573477,-10.075345,2,4
1237658425163776048,1124917812305881088,10610,158.393452892,7.806524974,-21.968317,0.037120132,45638020594.667,1,158.393452892,7.806524974,-21.968317,0.0,10.89841,0.6700925,-10.2283175,1,1
1237658425163841661,1396195095190988800,10610,158.547410921,7.928366839,-21.949146,0.037305525,44839256216.14186,2,158.393452892,7.806524974,-21.968317,12.26499498113119,10.96078,-1.479635,-12.440415,4,2
1237658425163776192,1124919461573322752,10610,158.393826719,7.790921111,-20.76814,0.036823358,15109705511.07218,3,158.393452892,7.806524974,-21.968317,0.9806957649374096,10.375,-0.5018933,-10.8768933,2,3
1237658425163841691,1124920561084950528,10610,158.571910667,7.814193522,-19.19391,0.037794409,3544573611.994861,4,158.393452892,7.806524974,-21.968317,11.119258787242984,9.774452,-1.217049,-10.991501,3,4
1237655123929333774,941318607558699008,10657,170.326098576,3.664743894,-22.000997,0.040564631,47032579688.07817,1,170.326098576,3.664743894,-22.000997,0.0,11.03878,-1.284453,-12.323232999999998,1,1
1237654031401812159,575480307034122240,10657,170.426795518,3.573488775,-21.032845,0.040251201,19281374945.49855,2,170.326098576,3.664743894,-22.000997,8.52917020051202,10.43668,0.08458939,-10.35209061,3,2
1237655123929268365,575447596563195904,10657,170.17377097,3.597576016,-20.191495,0.040282729,8883784192.597912,3,170.326098576,3.664743894,-22.000997,10.44259882081804,9.932844,0.06496361,-9.86788039,4,3
1237655123929333841,941320806581954560,10657,170.287167276,3.770970436,-19.721222,0.040454288,5760879616.628951,4,170.326098576,3.664743894,-22.000997,7.106766203435387,9.783316,-0.3898563,-10.1731723,2,4
1237668349210853684,3092896043382106112,10673,217.71086105,14.503192261,-21.918158,0.041278068,43577589146.880745,1,217.71086105,14.503192261,-21.918158,0.0,10.58785,0.5133579,-10.0744921,1,1
1237668331490050131,3092892195091408896,10673,217.756405048,14.418278061,-21.371842,0.041188261,26347341465.517216,2,217.71086105,14.503192261,-21.918158,6.0119707637319095,10.2493,0.4360842,-9.8132158,2,2
1237668349210919183,3092886972411176960,10673,217.850265051,14.596054047,-20.968821,0.040819016,18177259195.17411,3,217.71086105,14.503192261,-21.918158,10.29183478501995,10.48547,0.05089979,-10.43457021,3,3
1237668349210984599,3092888621678618624,10673,217.885716409,14.501822878,-19.054045,0.042176864,3116147453.9331646,4,217.71086105,14.503192261,-21.918158,10.63676805470923,9.249636,-0.6003236,-9.8499596,4,4
1237665565541924998,3132410848039954432,10693,234.477661709,16.311783617,-22.006464,0.043324472,47269999749.34353,1,234.477661709,16.311783617,-22.006464,0.0,10.88094,0.267412,-10.613528,1,1
1237668336321036598,3132408923894605824,10693,234.513654677,16.401508059,-21.107136,0.042876884,20646878399.746105,2,234.477661709,16.311783617,-22.006464,6.040761285703957,10.63776,-1.165286,-11.803046,4,2
1237665565541859681,3132410023406233600,10693,234.447382087,16.282259137,-20.236231,0.042816789,9257471847.304026,3,234.477661709,16.311783617,-22.006464,2.6030531411900326,10.18266,-1.461873,-11.644533,2,3
1237665565541925108,3132408099260884992,10693,234.52308804,16.372140746,-19.470697,0.043042458,4573817164.862598,4,234.477661709,16.311783617,-22.006464,4.677984577485883,9.565931,-0.4490276,-10.014958600000002,3,4
1237664870822772966,1433273930159777792,10757,139.464982525,33.974332746,-21.957599,0.043643885,45189714754.915886,1,139.464982525,33.974332746,-21.957599,0.0,11.04547,-1.515913,-12.561383,1,1
1237664870822772925,1433272006014429184,10757,139.43666858,34.00210077,-21.33033,0.043329167,25358992777.276424,2,139.464982525,33.974332746,-21.957599,2.284707294487553,10.80405,-1.453236,-12.257286,2,2
1237660960792379568,1433274205037684736,10757,139.459154591,33.930927427,-21.200355,0.042754732,22497900928.937,3,139.464982525,33.974332746,-21.957599,2.7440993580625315,10.64754,-1.583781,-12.231321,3,3
1237664870822772913,1433275854305126400,10757,139.435040596,34.052805115,-19.50334,0.043259651,4713418477.527556,4,139.464982525,33.974332746,-21.957599,5.1712928778370495,9.932925,-1.067385,-11.00031,4,4
1237667211059986461,2493926081652877312,10767,168.570745774,28.558273624,-21.944732,0.035380029,44657334766.54213,1,168.570745774,28.558273624,-21.944732,0.0,10.97582,-0.6512316,-11.6270516,1,1
1237667211060051979,2491633325014280192,10767,168.6214454,28.624365078,-20.832488,0.035993616,16032276710.650694,2,168.570745774,28.558273624,-21.944732,5.006815930402172,10.40322,-1.576148,-11.979368,2,2
1237667253472591937,2493939275792410624,10767,168.365844461,28.407887315,-20.108457,0.035316088,8229677184.368727,3,168.570745774,28.558273624,-21.944732,14.742323906646837,10.28356,-1.569633,-11.853193,4,3
1237667253472591986,2493939825548224512,10767,168.461697397,28.5188327,-19.699531,0.035331155,5646929945.318893,4,168.570745774,28.558273624,-21.944732,6.509375905495236,9.894344,-1.024321,-10.918665,3,4
1237668496314662949,2800270912862054400,10806,166.134108065,17.127914627,-21.973547,0.044582765,45858389639.254166,1,166.134108065,17.127914627,-21.973547,0.0,10.8259,-0.2690118,-11.0949118,1,1
1237668496314597534,2800256344332986368,10806,166.021672915,17.124950228,-20.461501,0.044770327,11392011114.29042,2,166.134108065,17.127914627,-21.973547,6.753817905947148,10.03037,-0.06739397,-10.09776397,4,2
1237668496314663045,2800284931635308544,10806,166.127953552,17.085668018,-20.130827,0.044012605,8400996426.992875,3,166.134108065,17.127914627,-21.973547,2.680039316146108,9.553067,0.04356585,-9.50950115,2,3
1237668496314663169,2800288505048098816,10806,166.112004723,17.036215866,-19.655751,0.044632289,5423759202.425544,4,166.134108065,17.127914627,-21.973547,5.912562751231177,9.254015,-0.1937498,-9.447764800000002,3,4
1237664668436398093,2359989616649463808,10843,158.387322947,36.706776575,-22.018287,0.045146712,47787553804.060005,1,158.387322947,36.706776575,-22.018287,0.0,10.98999,-1.317129,-12.307119,1,1
1237664668436398224,2221429435960158208,10843,158.450343521,36.728612875,-21.305526,0.046036735,24786225699.73076,2,158.387322947,36.706776575,-22.018287,3.4579010031370374,10.75534,-1.538811,-12.294151,3,2
1237664668436398267,2221431909861320704,10843,158.522913228,36.736479682,-20.657119,0.045423311,13641043693.1354,3,158.387322947,36.706776575,-22.018287,7.079154651926791,10.43838,-0.2768249,-10.7152049,4,3
1237664668436398189,2221443729611319296,10843,158.374655946,36.69567126,-19.120025,0.045188767,3311387461.4621387,4,158.387322947,36.706776575,-22.018287,0.9455535465173676,9.630564,-2.044834,-11.675398,2,4
1237674368067829775,1003322270761904128,10883,120.935409034,35.342862415,-21.865866,0.034170963,41528514843.06852,1,120.935409034,35.342862415,-21.865866,0.0,10.87086,-1.176244,-12.047104,1,1
1237674290756583782,1003299730773534720,10883,120.753693214,35.159134066,-21.335692,0.034285222,25484540063.9025,2,120.935409034,35.342862415,-21.865866,14.839107721906975,10.80568,-1.331716,-12.137396,4,2
1237674290756583895,1003321171250276352,10883,120.839390809,35.134245957,-20.803985,0.034659099,15616870176.128582,3,120.935409034,35.342862415,-21.865866,14.003338483983304,10.20373,-0.09953551,-10.30326551,3,3
1237674290756583884,1003298356384000000,10883,120.825454395,35.147180561,-19.31928,0.034709562,3978432554.8681927,4,120.935409034,35.342862415,-21.865866,13.527865095053777,9.835494,-0.656546,-10.49204,2,4
1237658493891903500,1384978151402137600,10900,184.445511478,10.844657778,-21.885197,0.025459832,42274531178.303345,1,184.445511478,10.844657778,-21.885197,0.0,10.84702,0.3155903,-10.5314297,1,1
1237658493891903612,1384980350425393152,10900,184.528584398,10.896242173,-20.723187,0.024788749,14496888545.76561,2,184.445511478,10.844657778,-21.885197,6.064694953223136,10.47864,-1.753536,-12.232176,2,2
1237658493891706939,1384968530675394560,10900,184.11131715,10.895107617,-20.330859,0.025570478,10100516908.57029,3,184.445511478,10.844657778,-21.885197,20.863508570195233,10.09189,-0.1415204,-10.2334104,4,3
1237658493891903616,1384980075547486208,10900,184.539599836,10.948520935,-20.243068,0.025324659,9315951095.06219,4,184.445511478,10.844657778,-21.885197,8.734265732992645,10.0812,-0.3063257,-10.3875257,3,4
1237651539793215634,685811620974192640,10908,223.702658703,63.019976295,-21.891069,0.042743812,42503784404.59322,1,223.702658703,63.019976295,-21.891069,0.0,11.03314,-0.4239905,-11.4571305,1,1
1237674479735013541,685824815113725952,10908,223.896821064,63.090719394,-20.515947,0.042444913,11977848067.68201,2,223.702658703,63.019976295,-21.891069,7.093371916793451,10.28765,-0.7908239,-11.0784739,2,2
1237674479735013407,685842132421863424,10908,223.935426229,63.119820806,-19.651656,0.042874992,5403341294.382333,3,223.702658703,63.019976295,-21.891069,9.123067724879265,9.992251,-0.339201,-10.331452,4,3
1237674479735013527,685841857543956480,10908,223.897997659,63.118253145,-19.361537,0.042560192,4136326382.128152,4,223.702658703,63.019976295,-21.891069,8.308453960421174,9.680744,-0.4159509,-10.0966949,3,4
1237664887463346414,2086331344991840256,10913,244.530697995,21.066452965,-21.840742,0.031900297,40578575764.07562,1,244.530697995,21.066452965,-21.840742,0.0,11.12958,-0.1828041,-11.3123841,1,1
1237662697040183439,2086349761811605504,10913,244.603036644,20.890022112,-21.534332,0.032340154,30600801378.408913,2,244.530697995,21.066452965,-21.840742,11.87006689720465,10.89663,-1.448678,-12.345308,3,2
1237664887463411913,2086332719381374976,10913,244.582255445,21.125637298,-19.758428,0.032415888,5961714852.712069,3,244.530697995,21.066452965,-21.840742,4.791968411712855,9.573237,-0.1295,-9.702737,2,3
1237662697040183695,2086328871090677760,10913,244.628512408,20.879236016,-19.221338,0.032542094,3635257674.773271,4,244.530697995,21.066452965,-21.840742,13.088361483818677,9.442821,-0.5720719,-10.0148929,4,4
1237661872407576591,1546996419330598912,10914,197.676450176,44.024383056,-22.034073,0.036925222,48487433837.36746,1,197.676450176,44.024383056,-22.034073,0.0,10.96986,0.1874046,-10.7824554,1,1
1237661850936541214,1546995319818971136,10914,197.718363829,44.093104508,-21.379951,0.036344964,26544857605.570984,2,197.676450176,44.024383056,-22.034073,4.714428265443285,10.69378,-0.3397462,-11.0335262,3,2
1237661850936606846,1548175920446072832,10914,197.921257092,44.171147715,-21.159322,0.036375876,21663508805.412247,3,197.676450176,44.024383056,-22.034073,14.3895310713019,10.21668,0.2412437,-9.9754363,4,3
1237661872407576592,1548176470201886720,10914,197.671111788,44.018724659,-19.44194,0.036487926,4454264475.045901,4,197.676450176,44.024383056,-22.034073,0.4296211527791255,9.415302,-0.6827502,-10.0980522,2,4
1237665566073749555,3142485397603379200,10929,223.045942503,20.076657725,-21.869979,0.044281022,41686132057.95952,1,223.045942503,20.076657725,-21.869979,0.0,10.90457,-1.376623,-12.281193,1,1
1237667966957519065,3142482099068495872,10929,222.953558717,19.954275999,-21.584143,0.044070806,32037395307.675148,2,223.045942503,20.076657725,-21.869979,9.427330145861324,10.92973,-2.073755,-13.003485,4,2
1237667966957584513,3141291877714651136,10929,222.965375341,19.950148754,-21.015351,0.043464187,18973191930.15871,3,223.045942503,20.076657725,-21.869979,9.263234484309184,10.59282,-0.3363647,-10.9291847,3,3
1237665566073749695,3141292977226278912,10929,223.058345386,20.09569442,-19.139045,0.044131657,3369907653.9339566,4,223.045942503,20.076657725,-21.869979,1.402267615933438,9.584412,-0.8770187,-10.4614307,2,4
1237662306189770849,1554966779221010432,10955,215.694536173,37.995250695,-22.041338,0.028059412,48812966303.93054,1,215.694536173,37.995250695,-22.041338,0.0,10.95878,-0.632291,-11.591071,1,1
1237662306189770850,1553749070009362432,10955,215.686720958,38.011777478,-20.453286,0.028626794,11306141070.623035,2,215.694536173,37.995250695,-22.041338,1.1081546092134096,10.49291,-1.368858,-11.861768,2,2
1237662306189836510,1553743572451223552,10955,215.843311861,37.857424007,-19.522513,0.027815728,4797391927.319335,3,215.694536173,37.995250695,-22.041338,11.373824435403307,9.347853,-0.5969663,-9.9448193,4,3
1237662194536874012,1553749619765176320,10955,215.67355075,38.030758643,-19.183972,0.028891735,3512277325.533832,4,215.694536173,37.995250695,-22.041338,2.4610372142868724,9.49991,-0.3445832,-9.8444932,3,4
1237658304886079663,865920458455803904,10964,146.467411118,54.908831905,-21.860371,0.044589041,41318866593.67882,1,146.467411118,54.908831905,-21.860371,0.0,10.92094,-1.051162,-11.972102,1,1
1237655109442469957,865906714560456704,10964,146.448319445,54.776598057,-21.798093,0.044844094,39015502070.44471,2,146.467411118,54.908831905,-21.860371,8.337160819799285,10.9865,-1.782238,-12.768738,3,2
1237658304886014057,626022371840518144,10964,146.110862356,54.85104556,-21.04761,0.044676943,19545374672.53355,3,146.467411118,54.908831905,-21.860371,13.389697834214555,10.61699,-1.115133,-11.732123,4,3
1237658304886079607,865906164804642816,10964,146.375258081,54.860363937,-19.710937,0.048586603,5706565415.039212,4,146.467411118,54.908831905,-21.860371,4.513002312742124,10.08701,-1.495095,-11.582105,2,4
1237674599462207503,1382641140376823808,10990,180.613115199,8.930064707,-21.853953,0.035789226,41075343122.764694,1,180.613115199,8.930064707,-21.853953,0.0,10.9255,-1.249293,-12.174793,1,1
1237674599462273168,1382642514766358528,10990,180.599359239,8.984622855,-20.872186,0.03572787,16629316531.908066,2,180.613115199,8.930064707,-21.853953,3.5327097879108686,10.59563,-1.300059,-11.895689,3,2
1237671129130074248,1382640865498916864,10990,180.66462507,8.940033449,-20.786473,0.035877938,15367003847.19863,3,180.613115199,8.930064707,-21.853953,3.257962612646026,10.64115,-0.7703233,-11.4114733,2,3
1237674599462273202,1382641690132637696,10990,180.553579971,9.066811852,-19.033242,0.035014929,3057009582.02566,4,180.613115199,8.930064707,-21.853953,9.352772889098736,9.219453,-0.4700564,-9.6895094,4,4
1237664853641461771,2288989203544958976,11021,208.296626641,35.579238184,-21.843218,0.040410912,40671220002.266525,1,208.296626641,35.579238184,-21.843218,0.0,10.76402,-0.6270924,-11.3911124,1,1
1237662685216636964,2288980132574029824,11021,208.404796634,35.688260022,-20.906842,0.040424424,17168675806.947636,2,208.296626641,35.579238184,-21.843218,8.799819655315483,10.54506,-1.384447,-11.929507,3,2
1237664853641461874,2288979307940308992,11021,208.371287895,35.44825977,-20.612731,0.040615484,13094604926.893076,3,208.296626641,35.579238184,-21.843218,9.07232670729166,10.47519,-0.6624939,-11.1376839,4,3
1237664853641462227,2288992227201935360,11021,208.32187341,35.49142899,-19.017731,0.040797335,3013647136.1195216,4,208.296626641,35.579238184,-21.843218,5.6662142509568305,8.895717,-0.5872726,-9.4829896,2,4
1237654610141249556,673461631107229696,11071,181.000920836,65.097122752,-21.926905,0.03978192,43930080591.82902,1,181.000920836,65.097122752,-21.926905,0.0,10.9879,-1.300324,-12.288224,1,1
1237651066815578330,673449811357231104,11071,180.848134428,65.164012939,-20.149489,0.039758855,8546643717.983711,2,181.000920836,65.097122752,-21.926905,5.827783011696056,10.10338,-1.084145,-11.187525,3,2
1237654610141249558,674520460821555200,11071,181.024983827,65.081801842,-19.786794,0.03915772,6119523402.945282,3,181.000920836,65.097122752,-21.926905,1.1542204647956935,10.04503,-1.772467,-11.817497,2,3
1237651066815578363,674519361309927424,11071,181.01338865,65.216791804,-19.407257,0.039376677,4314225088.01613,4,181.000920836,65.097122752,-21.926905,7.526227984121181,9.958166,0.1004092,-9.8577568,4,4
1237668349218390048,2832829932588001280,11076,234.904229077,11.156997481,-21.851303,0.044896354,40975211129.434456,1,234.904229077,11.156997481,-21.851303,0.0,11.0996,-1.168438,-12.268038,1,1
1237668349218390247,2832828008442652672,11076,234.919746578,11.219176289,-20.540578,0.044151015,12252683066.576092,2,234.904229077,11.156997481,-21.851303,4.0221866846934144,10.04902,0.1235789,-9.9254411,3,2
1237668349218390261,2832829657710094336,11076,234.914772389,11.129246067,-19.565617,0.04469802,4991680731.093623,3,234.904229077,11.156997481,-21.851303,1.860873893383336,9.99643,-1.198052,-11.194482,2,3
1237668332034392412,2832828283320559616,11076,234.964267685,11.270591606,-18.870884,0.044920533,2632410412.601347,4,234.904229077,11.156997481,-21.851303,8.039515577554104,9.249562,-0.6865758,-9.9361378,4,4
1237651753485729911,596745401437022208,11078,208.117291532,1.945024189,-21.875236,0.033440657,41888460567.02481,1,208.117291532,1.945024189,-21.875236,0.0,10.8724,0.2839163,-10.5884837,1,1
1237651753485861130,4544252509963350016,11078,208.338229641,2.052929483,-21.346464,0.033489521,25738640263.378178,2,208.117291532,1.945024189,-21.875236,15.44153260533968,,,,4,2
1237674602140139550,596759145332369408,11078,208.046532431,2.099163045,-20.108716,0.033452384,8231640590.058176,3,208.117291532,1.945024189,-21.875236,10.655400641956913,9.670757,-0.1189125,-9.7896695,3,3
1237651753485729932,596744851681208320,11078,208.121362571,1.917146243,-19.680257,0.033534889,5547570115.908702,4,208.117291532,1.945024189,-21.875236,1.7701801770152277,9.275077,-0.3294338,-9.6045108,2,4
1237665531713814595,2404970638147086336,11108,218.618241851,23.303601654,-21.995011,0.03958649,46773988011.1046,1,218.618241851,23.303601654,-21.995011,0.0,10.97575,-1.28412,-12.25987,1,1
1237665531713814551,2404971187902900224,11108,218.59029866,23.305489082,-21.18926,0.039460902,22269168429.210533,2,218.618241851,23.303601654,-21.995011,1.6168368643280155,10.66852,-1.110187,-11.778707,2,2
1237665531713814706,2405059698588936192,11108,218.621300774,23.375707391,-20.033973,0.039863622,7684032622.723403,3,218.618241851,23.303601654,-21.995011,4.533972659345007,10.04277,-0.2921402,-10.3349102,3,3
1237665531713814804,2404963766199412736,11108,218.706628358,23.292631955,-19.584293,0.039478035,5078286515.47972,4,218.618241851,23.303601654,-21.995011,5.147011038436767,10.37114,-0.124914,-10.496054,4,4
1237661966356381766,1634880933981087744,11129,184.974455003,41.845814633,-21.959151,0.038546525,45254357149.20953,1,184.974455003,41.845814633,-21.959151,0.0,10.90541,-1.302266,-12.207676,1,1
1237662193989714026,1634880384225273856,11129,185.092958889,41.918528519,-20.584253,0.038626013,12755609050.890917,2,184.974455003,41.845814633,-21.959151,7.18362394869459,10.4328,-1.714956,-12.147756,4,2
1237662193989582993,1632568386284185600,11129,184.873837348,41.914052625,-19.434654,0.038361159,4424473517.553136,3,184.974455003,41.845814633,-21.959151,6.367006136435722,9.832049,-1.595835,-11.427884,3,3
1237662193989582996,1634892478853179392,11129,184.87505706,41.884098427,-18.97758,0.038211225,2904236638.6445875,4,184.974455003,41.845814633,-21.959151,5.236251609805056,9.060438,-0.4281921,-9.4886301,2,4
1237664835934814390,2191060924800985088,11153,146.644760695,30.653085365,-22.057533,0.034068735,49546524980.7794,1,146.644760695,30.653085365,-22.057533,0.0,10.65665,0.2252997,-10.4313503,1,1
1237664835934814435,2191057076510287872,11153,146.681592044,30.610052867,-20.105745,0.03420241,8209146384.095814,2,146.644760695,30.653085365,-22.057533,3.3579353841329285,9.752666,-0.5810255,-10.3336915,2,2
1237664835934748855,2191070270649821184,11153,146.444826175,30.604800552,-19.588567,0.033846076,5098316585.997215,3,146.644760695,30.653085365,-22.057533,11.227295010532725,9.484913,-0.3054007,-9.7903137,4,3
1237664878341062790,2191035910911453184,11153,146.821609962,30.582893251,-19.521187,0.034549481,4791536491.419193,4,146.644760695,30.653085365,-22.057533,10.530612962177564,9.697658,-0.5002413,-10.1978993,3,4
1237663917341016282,2106694847040612352,11198,121.664743249,55.147084358,-21.809984,0.033233694,39445148918.04865,1,121.664743249,55.147084358,-21.809984,0.0,10.99287,-0.8828501,-11.8757201,1,1
1237663788493635946,2106687700215031808,11198,121.417273177,55.319607897,-20.973532,0.033373242,18256301523.55458,2,121.664743249,55.147084358,-21.809984,14.004321357848433,10.65368,0.4666195,-10.1870605,4,2
1237663788493635962,2106686050947590144,11198,121.45542012,55.311743629,-19.646368,0.034241565,5377088692.308583,3,121.664743249,55.147084358,-21.809984,12.778685146760736,9.675072,-0.263844,-9.938916,3,3
1237663917340950801,2106689349482473472,11198,121.442698045,55.101523512,-18.865472,0.033888503,2619321453.292513,4,121.664743249,55.147084358,-21.809984,8.475520696218299,9.726141,-1.859447,-11.585588,2,4
1237651272961490958,502233303928039424,11252,129.174854651,53.727225496,-21.826551,0.031914619,40051648862.55507,1,129.174854651,53.727225496,-21.826551,0.0,10.91903,-1.483849,-12.402879,1,1
1237651272961490952,502229455637342208,11252,129.221553278,53.706363995,-20.878469,0.032646131,16725826983.043455,2,129.174854651,53.727225496,-21.826551,2.1755657140044025,10.45058,-1.31894,-11.76952,3,2
1237651272961425646,502231104904783872,11252,129.148047182,53.707310345,-19.110652,0.032513024,3282923781.6330795,3,129.174854651,53.727225496,-21.826551,1.5997776601098763,9.63608,-0.8797101,-10.5157901,2,3
1237651534946304186,502237152218736640,11252,128.989409954,53.812218639,-18.837174,0.032170033,2551934951.0378475,4,129.174854651,53.727225496,-21.826551,8.714575526276535,9.214596,-0.3484992,-9.5630952,4,4
1237658297923797032,649766331750574080,11265,159.400802856,5.603688233,-21.980877,0.029789632,46169035291.33704,1,159.400802856,5.603688233,-21.980877,0.0,10.85108,-1.382449,-12.233529,1,1
1237658297923797167,649767981018015744,11265,159.388073143,5.628606129,-20.667184,0.029445678,13768086948.708498,2,159.400802856,5.603688233,-21.980877,1.7563668550101732,10.25456,-0.02246486,-10.27702486,2,2
1237654602641244319,649756985901737984,11265,159.347120549,5.438504192,-20.36471,0.030500901,10420390637.199677,3,159.400802856,5.603688233,-21.980877,10.908318936302772,10.2986,-1.692071,-11.990671,3,3
1237658297923731566,649755061756389376,11265,159.191553756,5.554449021,-19.801283,0.029769614,6201734929.969007,4,159.400802856,5.603688233,-21.980877,13.445993478602729,10.0214,-1.311573,-11.332973,4,4
1237667429026955403,7234070284604207104,11278,157.317751637,23.728960487,-21.96576,0.039174588,45530665685.59735,1,157.317751637,23.728960487,-21.96576,0.0,,,,1,1
1237667429026955516,2644750488691566592,11278,157.317622563,23.745911871,-19.621221,0.037969904,5253979815.493649,2,157.317751637,23.728960487,-21.96576,1.0651127403348477,9.400273,-0.2366047,-9.6368777,3,2
1237667322172211267,2644755161615984640,11278,157.14419993,23.86808564,-19.454242,0.039063469,4505020794.937028,3,157.317751637,23.728960487,-21.96576,13.265040222876666,9.487761,-0.3803459,-9.8681069,4,3
1237667429026955404,2644751313325287424,11278,157.32710134,23.718531335,-19.189755,0.038452786,3531034818.2164164,4,157.317751637,23.728960487,-21.96576,0.8477277267806699,9.282084,-0.2428571,-9.5249411,2,4
1237667254016278565,2513027073098934272,11305,186.24003011,29.829339971,-21.813434,0.04242825,39570687887.09607,1,186.24003011,29.829339971,-21.813434,0.0,11.0197,-1.444962,-12.464662,1,1
1237667254016278686,2513028722366375936,11305,186.216666169,29.914540291,-19.587982,0.042016956,5095570327.894098,2,186.24003011,29.829339971,-21.813434,5.5025620575519625,9.306328,-0.1073453,-9.4136733,4,2
1237667254016278705,2515345118421084160,11305,186.271310583,29.808816417,-19.545359,0.041181155,4899407921.090513,3,186.24003011,29.829339971,-21.813434,2.1378883981961994,9.965709,-0.6564923,-10.6222013,3,3
1237667254016278711,2513027622854748160,11305,186.276571024,29.818985605,-19.515549,0.042190578,4766719539.487387,4,186.24003011,29.829339971,-21.813434,2.0954061609478267,9.48142,-0.2932158,-9.7746358,2,4
1237659327091900425,889520890742597632,11370,218.094603014,56.852313869,-21.859197,0.043303635,41274212899.04666,1,218.094603014,56.852313869,-21.859197,0.0,10.82187,0.6804266,-10.1414434,1,1
1237655368758788270,889518691719342080,11370,218.177925909,56.964803762,-19.727632,0.042934246,5794991456.180808,2,218.094603014,56.852313869,-21.859197,7.624050825063379,10.08617,-1.497445,-11.583614999999998,4,2
1237659327091835101,889531336103061504,11370,218.04197606,56.857569596,-19.607922,0.043362015,5190017234.3404,3,218.094603014,56.852313869,-21.859197,1.837856413716236,9.836951,-1.677101,-11.514052,2,3
1237659327091900583,889517867085621248,11370,218.071812739,56.816343121,-19.202188,0.04349482,3571701860.4314013,4,218.094603014,56.852313869,-21.859197,2.3920193941044565,9.248343,-0.4027705,-9.6511135,3,4
1237665548900958660,2473651083243710464,11562,240.991597983,16.00057498,-21.860901,0.032299138,41339041241.11639,1,240.991597983,16.00057498,-21.860901,0.0,10.81618,-0.8701571,-11.6863371,1,1
1237665531723514229,2473656855679756288,11562,240.934576949,16.074758232,-19.91708,0.032140634,6899728470.492625,2,240.991597983,16.00057498,-21.860901,5.794987866463207,9.90285,-1.171616,-11.074466,3,2
1237665531723514265,2472496320804317184,11562,240.979019456,16.12364118,-19.701216,0.032628485,5655700458.969101,3,240.991597983,16.00057498,-21.860901,7.769685671757865,9.440617,-0.2101561,-9.6507731,4,3
1237665567691965133,2473656305923942400,11562,240.929173522,15.94840007,-19.386993,0.032754367,4234451861.084021,4,240.991597983,16.00057498,-21.860901,4.996570118128431,9.807324,-1.771623,-11.578947,2,4
