objID,P_edge_on,TType,P_S0
587722982832668754,8.17586e-09,3.34335,0.994351
587722982832668797,0.0116818,-2.25342,0.252309
587722982832668823,0.0613119,-1.9879,0.799724
587722982832669003,2.87624e-07,3.72047,0.961414
587722983355056285,0.000441835,-0.97382,0.973198
587722983369408573,0.0111161,-2.41733,0.104036
587722983369408606,0.579896,2.94121,0.981094
587722983369408874,0.979765,-0.54389,0.900369
587722983369670802,0.0748129,-2.39634,0.299575
587722983369670840,0.764416,-0.15665,0.902411
587722983369736234,6.71295e-06,-2.21089,0.832533
587722983370588250,0.00218857,-2.54293,0.238713
587722983370588508,0.00171418,4.81799,0.657181
587722983370653940,6.62848e-07,3.13705,0.987181
587722983375765878,0.0638949,-2.30469,0.290385
587722983375766054,0.992909,4.29417,0.905107
587722983890944073,0.199099,-2.30295,0.254955
587722983890944160,0.698741,0.58849,0.873004
587722983891861561,0.851375,1.96758,0.772076
587722983904444632,4.6803e-05,0.26518,0.991784
587722983904575550,0.000831551,2.4187,0.939713
587722983906148463,0.000626153,-2.26744,0.736228
587722983906148504,0.000456045,-1.99911,0.837997
587722983906214137,0.632437,3.35302,0.982285
587722983906214151,0.994959,4.79047,0.994372
587722983906214182,0.993018,5.88236,0.988697
587722983910867445,0.0165792,-2.60387,0.169171
587722983910932754,0.879042,0.69118,0.989262
587722984427749573,0.358791,4.04102,0.679379
587722984441446684,0.101093,3.60517,0.771868
587722984442167329,0.00132621,-1.72736,0.95676
587722984442232907,0.00121,-1.65496,0.970557
587724650327310431,0.222307,-2.04555,0.813267
587724650327375979,0.218871,-2.44827,0.106349
587724650327376094,0.00525079,3.75535,0.972523
587724650327441416,1.43841e-06,3.96018,0.979719
587724650327441446,0.0165206,-2.45011,0.115274
587725469060497515,0.003168,-2.60803,0.0764617
587725469590814856,0.103949,-2.68992,0.132284
587725469590814886,0.897551,-1.98664,0.431803
587725469590814900,0.892355,-1.90035,0.691142
587725470129651996,0.998654,5.33365,0.823457
587725471206998059,0.0143868,-2.4389,0.388564
587725471206998181,1.17756e-05,3.5437,0.80319
587725471206998197,3.3656e-06,4.637,0.961537
587725471208374425,5.91641e-05,-2.05867,0.853016
587725471208374497,3.32272e-05,4.7672,0.993614
587725471208439832,0.00754526,-2.24879,0.165725
587725550662713352,0.939935,-1.46,0.734093
587725550662713507,0.834355,4.26593,0.999135
587725551193227296,3.55775e-07,-2.26482,0.943183
587725551199322155,0.61463,-2.44505,0.373697
587725551199322281,0.0163546,-1.48546,0.619316
587725551199846453,0.000474295,-2.12142,0.568775
587725551199977587,9.36346e-05,3.70771,0.987877
587725551200764063,0.56561,0.12902,0.831915
587725551200764069,0.0252744,-2.11799,0.753063
587725551200829505,0.742078,-2.26567,0.664357
587725551206924373,1.01735e-07,5.04976,0.990385
587725551206924443,0.999738,3.57579,0.493995
587725551216885859,0.00130922,1.78209,0.947597
587725551736520947,0.839848,2.91073,0.910272
587725551736586248,0.736068,2.26936,0.960983
587725551736586252,0.00231026,0.6114,0.941424
587725551736651944,0.894263,4.7121,0.996464
587725551737307217,0.0400992,-2.37682,0.543022
587725551737307285,0.352654,-0.6639,0.719216
587725551737372749,3.41995e-05,-1.2386,0.765296
587725552273653919,0.992319,1.50947,0.935572
587725552290889770,0.0554862,-2.37533,0.255815
587725552290889892,2.85363e-06,-0.19809,0.935557
587725552810459154,4.25778e-06,3.92739,0.973076
587725552811966469,0.3014,-2.11913,0.758936
587725552811966588,0.0114124,-2.23537,0.136938
587725552811966589,0.000620069,3.77828,0.96511
587725552811966601,0.00315412,-2.18856,0.232265
587725552811966619,0.2148,-2.19765,0.893148
587725774530674959,0.997512,2.52392,0.995885
587725775605268836,0.384635,-1.93182,0.867611
587725775605334167,0.0147814,-2.77621,0.167478
587725775605334211,0.417143,-2.28992,0.249
587725775605465446,0.000204129,3.17613,0.959465
587725775605596281,0.24239,-2.43747,0.694666
587725775605596502,0.110036,-2.34145,0.401503
587725775605596552,0.0370831,3.27015,0.985873
587725775605727276,4.68161e-07,-1.91384,0.372694
587725816418009261,0.010663,3.84404,0.915349
587725816944853171,0.854274,3.82115,0.998517
587725816944918693,0.227497,2.72035,0.950829
587725816954880193,0.00412817,2.76902,0.984414
587725816954945648,0.000816795,-2.07136,0.678773
587725816962547849,3.11413e-08,5.23383,0.998897
587725816962613355,2.10769e-06,3.19203,0.991517
587725818557300877,0.596119,3.84058,0.939197
587725818557366382,0.522628,2.96362,0.718219
587725818557366402,0.0250158,-2.30782,0.846299
587725818557431984,3.89696e-05,1.52465,0.906031
587725818568310856,0.940807,2.32755,0.890458
587725993036677401,0.0010486,5.45976,0.924999
587725993573679329,0.000701032,-1.64106,0.974893
587726014009573396,0.0874918,-1.76996,0.822107
587726014009573549,0.449368,-2.20964,0.676828
587726014011015243,0.00961557,4.42725,0.908054
587726014011015394,0.962345,-2.04868,0.613917
587726014013047028,0.750779,4.66498,0.99369
587726014551556169,0.12377,-2.24798,0.305942
587726014551556316,0.411501,1.73102,0.995041
587726015089803333,0.00106826,1.08563,0.984403
587726015089869114,0.13316,-0.46368,0.979034
587726015089869117,0.194995,-2.04775,0.808632
587726015089934589,0.944993,-1.84002,0.965341
587726016150044757,0.00665013,-1.43098,0.674298
587726016150044847,0.000598453,6.15828,0.971418
587726016150110316,4.37284e-05,4.61432,0.998788
587726016150110325,0.585243,3.27971,0.905306
587726031189180524,0.682152,-2.04374,0.880527
587726031694135435,0.940976,-0.76449,0.697268
587726031704883303,0.0337202,4.10088,0.990973
587726031704948739,0.14387,-2.48594,0.193054
587726031704948872,0.0467765,-2.47746,0.364092
587726031705014373,0.0513519,-2.53659,0.126732
587726031705014465,0.260794,-2.53426,0.137708
587726031726051344,0.83758,-2.06744,0.932484
587726032227860530,0.000404622,-1.36805,0.970986
587726032227860751,0.494716,-0.09496,0.832326
587726032260825180,0.297178,-1.97595,0.72289
587726032260825188,0.0111432,2.01316,0.757709
587726033853677647,0.00107876,2.89192,0.996335
587726033866588249,0.697313,0.771,0.990735
587726033873862912,0.0416126,3.18208,0.811919
587726033873928410,0.926682,2.12812,0.700549
587726100412629011,0.526124,-2.28816,0.374296
587726100413874262,0.898766,-0.53738,0.62445
587726100413874322,0.146812,-2.58494,0.146663
587726100414070942,0.989933,1.22195,0.958825
587726100416430248,0.0453252,-2.56434,0.0926048
587726100948582592,0.0180914,0.33901,0.95211
587726100948648077,0.00158473,-0.62599,0.919683
587726100948713486,5.78692e-07,3.11324,0.955262
587726100954939643,0.000183552,-1.50917,0.840433
587726101491614084,0.237493,-2.65178,0.470653
587726102021668988,0.0484085,2.87554,0.937759
587726102021734490,5.12881e-06,5.03153,0.716015
587726102024552656,0.900915,1.32976,0.961405
587726102024618176,0.0711722,4.62098,0.964916
587727866181779558,0.000198324,-2.13394,0.901585
587727866181779679,0.488725,-1.84656,0.927237
587727866181779835,0.790689,-0.73468,0.982449
587727866719764610,0.00384446,-2.11271,0.204575
587727866719830049,0.000125451,-2.18032,0.935574
587727866719830257,5.03834e-07,4.45618,0.929467
587727867256635444,0.000925265,0.06464,0.980118
587727942955827473,0.0363057,-2.29864,0.131539
587727943489487008,0.000675875,4.18431,0.975155
587727943489487024,0.00692822,-2.16547,0.715412
587727944571420796,0.929203,2.04713,0.993255
587728307490062439,0.000400273,2.18737,0.491684
587728307490062547,0.645256,4.07625,0.962827
587728307490127925,0.00011602,-2.15352,0.878365
587728307490193517,0.509551,-2.28117,0.627873
587728308027064409,0.0056006,-2.32693,0.344941
587728309638922268,0.300116,-2.58332,0.0886359
587728309638987911,0.153663,-2.16124,0.121443
587728309638987941,0.652382,-2.15534,0.757657
587728310175662246,0.0271772,-0.49572,0.881042
587728310175662274,0.0179245,4.43402,0.976551
587728310176907451,0.813054,3.55674,0.998179
587728669341712478,0.567722,-2.23154,0.685384
587728669341843479,0.0199142,-1.53428,0.417569
587728669878648987,0.000333084,2.65191,0.889122
587728669878714389,0.0535275,-1.95886,0.433957
587728669878714582,0.0410973,-2.21675,0.149131
587728670414602532,2.50364e-08,2.23685,0.990611
587728677390975058,2.11389e-10,4.13143,0.98344
587728677391040594,0.456647,1.24626,0.913108
587728677391106228,0.000138639,3.50374,0.995869
587728677391171643,0.566414,-0.04848,0.43203
587728677391171730,5.434e-05,4.30315,0.9899
587728677927846027,0.810683,-2.0679,0.460356
587728678464651417,0.41752,4.47421,0.708204
587728678464651453,0.99842,3.64221,0.980614
587728678464716922,0.974587,1.56859,0.987412
587728879272460307,0.387689,3.38865,0.934047
587728879793668141,7.54905e-08,4.52595,0.965787
587728879793668242,0.446982,4.57856,0.904281
587728879801270382,0.142697,-2.11057,0.224842
587728879801270386,0.0148502,-1.71997,0.327165
587728879801270400,1.87327e-11,4.41845,0.989334
587728879801270482,0.40819,3.89915,0.923591
587728879809265722,0.959759,-1.44438,0.955932
587728879809265824,0.0792469,-1.41819,0.968594
587728879809331240,4.36056e-05,3.43117,0.894147
587728880343777377,0.99859,-1.22666,0.917452
587728880343777485,0.00161145,2.39735,0.9951
587728880345481286,0.964791,0.16362,0.95506
587728880345546762,3.33794e-07,4.6988,0.996615
587728880346136643,0.00703591,-2.00789,0.330616
587728880346202202,6.0073e-05,3.84197,0.996895
587728880873439304,6.52425e-05,-0.0886,0.5765
587728880881827963,0.0205011,-2.31163,0.503716
587728880881827974,4.15143e-06,-0.99263,0.872623
587728880881827991,0.000867317,1.84806,0.979238
587728881416339505,0.96099,0.38474,0.968911
587728906101915737,2.14577e-05,-0.28671,0.854669
587728931336683876,0.000141701,3.64874,0.997069
587728931336749125,0.00275889,-1.75272,0.676081
587728931336749329,0.00238108,-2.08085,0.835956
587728931336749357,0.165181,-1.69351,0.878724
587728932411015220,0.347179,-2.03863,0.680686
587728932411015485,0.99991,3.84354,0.981182
587728932411080803,4.42627e-07,4.03422,0.774289
587728932418027715,0.00299258,-2.03178,0.919998
587728948514979953,0.0778546,5.80219,0.993186
587728948515045403,0.33823,3.9984,0.986853
587728949047656624,0.505583,2.76803,0.981529
587729153599275064,0.000153157,3.98518,0.987279
587729153599340563,0.287625,3.13063,0.984634
587729153599340637,1.37793e-10,4.55853,0.99918
587729153599340653,0.00560018,0.68467,0.967609
587729154136473688,0.234463,-2.10407,0.799965
587729157893324830,0.000374499,-0.0984,0.850171
587729157893324938,0.996292,2.96657,0.970027
587729157897977888,4.01112e-05,-0.84805,0.87847
587729157897978009,0.982814,2.41943,0.999143
587729157905252532,0.993425,1.23132,0.727982
587729158439895199,0.0488769,0.45655,0.985135
587729158440681507,0.913058,-1.09359,0.485056
587729158442582057,0.999905,3.52833,0.939045
587729158442582211,0.287513,-1.82827,0.92648
587729158442647606,4.20437e-06,-1.64801,0.848425
587729158442647607,0.00889743,1.65634,0.908055
587729158442647733,0.0147487,-0.5783,0.878646
587729158442713265,0.199983,0.42458,0.786208
587729158443368659,0.983826,1.49065,0.987647
587729158443434237,0.932162,-2.01554,0.591486
587729158443499553,0.0880095,-2.39022,0.383204
587729158443499672,0.120566,-2.21861,0.55586
587729158443499710,0.000297966,0.78186,0.843864
587729158443630598,0.000789951,1.47454,0.924021
587729158444482841,0.000265158,1.07899,0.980598
587729158444548140,2.16403e-08,-0.28798,0.947601
587729158444548153,0.999352,2.99371,0.982424
587729158444548246,0.82615,-2.13391,0.183503
587729158444548280,0.128709,4.63068,0.987709
587729158444548359,0.839017,-1.38714,0.975362
587729158982861073,0.289115,-2.22822,0.475969
587729158986268909,0.596655,-2.16917,0.901093
587729159512784935,3.54024e-06,4.18844,0.978316
587729159515734237,0.480932,1.449,0.542862
587729159516323868,1.21797e-05,-2.3924,0.511772
587729159516389549,0.780547,4.40931,0.99621
587729159516389564,6.80527e-08,1.87409,0.913231
587729159516389611,0.999833,4.61504,0.832678
587729160052605048,0.402117,3.6694,0.984316
587729227688444057,1.77216e-11,3.47161,0.999445
587729231441690932,0.730951,4.91325,0.998157
587729231982362939,0.418742,5.00302,0.993578
587729231982428218,0.382615,-2.38629,0.870749
587729231982428267,9.88177e-11,4.31582,0.943295
587729233050533926,0.00103435,-1.90092,0.838006
587729233055252817,0.916858,-1.88404,0.937489
587729233318903932,0.546491,-1.51417,0.724178
587729385534521360,0.0893145,-0.89281,0.724247
587729387674009778,0.000280068,4.31039,0.876408
587729387674009786,9.22137e-06,-0.92938,0.913073
587729387674075301,0.989109,3.43968,0.836481
587729387674075353,0.999998,6.40969,0.570627
587729387688689675,0.0619359,-2.46967,0.182985
587729387688689754,0.953892,-1.35626,0.767976
587729388214222955,4.17957e-07,4.50407,0.975709
587729388217565271,0.999332,3.07531,0.952196
587729388229361672,0.216616,-2.29263,0.546796
587729388229361814,1.58783e-05,4.36166,0.995885
587729407537840211,3.8172e-07,0.61937,0.904483
587729407537905755,0.986858,-1.85327,0.98834
587729407542428016,0.998911,2.81108,0.993614
587729408619512277,0.0226547,-2.61062,0.0673827
587729652886012025,0.901917,0.02607,0.463956
587729653423014004,0.000248581,4.39641,0.903429
587729653423014135,1.10491e-07,5.45028,0.994132
587729653960212700,0.650679,-2.14316,0.987079
587729751133323512,0.958689,1.49053,0.961136
587729752204837104,0.587905,4.30016,0.999048
587729752207196533,0.159388,4.84611,0.999609
587729752211391105,9.23796e-06,4.28893,0.998057
587729752211456131,0.59043,-2.1285,0.899186
587729752743870843,8.62252e-07,5.39969,0.99927
587729752743936171,0.843252,3.84565,0.993837
587729752743936193,0.00155082,-1.13038,0.956734
587729752743936293,0.796191,2.90558,0.989096
587729752744001696,0.00892829,-1.8992,0.850537
587729752744067364,2.61237e-10,4.33012,0.999273
587729752744394862,0.0161304,-2.10805,0.120511
587729752744395080,1.91858e-05,1.03569,0.830723
587729752749441271,4.03448e-07,1.71973,0.924656
587729753279168641,8.75454e-06,-1.89988,0.894711
587729774757085408,3.61734e-06,5.11318,0.996572
587729776910860480,0.96503,4.61486,0.968284
587729776912302297,0.942965,4.14852,0.997956
587729782273278067,0.856117,-2.11631,0.649723
587729782273343955,1.26083e-06,5.05398,0.971549
587729782273409404,0.0394309,-2.21773,0.927444
587729970179997864,0.00432617,2.83643,0.984338
587729970179998046,0.15658,6.18997,0.994751
587729970179998056,2.22477e-09,4.89964,0.990209
587729970180063449,0.0564413,4.54419,0.9955
587729970715361504,0.00373641,-2.48378,0.0725143
587729970715361671,0.935303,0.62302,0.987101
587729970715361690,0.529776,-2.19649,0.88399
587729970715427064,0.000319366,1.82537,0.998423
587729971254067390,0.000694744,0.98136,0.918953
587729971254067520,7.02409e-05,3.35828,0.979668
587729971254133067,0.507785,3.08506,0.990064
587729971254133142,0.00549732,0.7172,0.973532
587729971254198276,0.253595,-2.28864,0.206366
587730021721767963,0.0302484,-2.43944,0.104655
587730021721768050,0.792323,0.44002,0.448332
587730021721768070,0.0141867,-1.96507,0.795008
587730021721768204,0.000263813,1.93639,0.801381
587730021721768226,0.00389048,2.85223,0.971193
587730021721768282,1.63668e-05,1.95167,0.994332
587730021721833697,0.998807,0.74103,0.99047
587730022257787002,0.0189655,-2.00719,0.916579
587730022257787070,0.035265,2.87489,0.995224
587730022257852453,0.0566213,-1.00381,0.12675
587730022257852621,0.989514,1.43291,0.98756
587730022257852659,0.0157815,5.21264,0.958852
587730022258376765,1.6208e-06,4.60013,0.988167
587730022258376919,0.00867625,4.28206,0.982869
587730022259425339,0.0123985,-2.1407,0.232518
587730022259425410,0.709901,1.02457,0.952985
587730022259425603,0.033346,0.65421,0.943272
587730022260146271,0.788069,-1.96295,0.178604
587730022260146310,0.0309682,-2.38645,0.393388
587730022260146397,0.0137361,-0.30921,0.385573
587730022260146458,0.669261,1.06266,0.950004
587730022260605064,0.493235,3.43704,0.854568
587730022260670492,0.233457,-2.66296,0.126632
587730022260670790,0.0193253,-2.29652,0.245656
587730022261063985,4.23938e-05,-1.26757,0.931925
587730022261129456,0.997024,0.1392,0.956197
587730022794330293,0.00626028,-2.09628,0.380293
587730022795444406,0.17474,1.31887,0.993791
587730022795444411,0.563137,4.33824,0.188749
587730022795641021,0.000966019,4.02823,0.978103
587730022797541566,0.996452,1.69379,0.997537
587730022797607135,4.34542e-05,4.58564,0.975048
587730022798065776,4.90113e-05,0.63619,0.807988
587730022798721581,0.000161485,0.85306,0.951084
587730022798786648,6.54815e-07,0.09267,0.911145
587730022798786824,0.00357817,1.91722,0.934669
587731499189403700,0.596574,5.98017,0.999629
587731499189403797,5.31424e-08,3.80581,0.995306
587731521208057992,0.000107064,0.75066,0.87554
587731521208123542,0.00367747,-2.38591,0.512485
587731521208123562,0.388183,5.54369,0.997086
587731521208189015,0.234977,4.93441,0.909305
587731521209827454,0.992576,5.8693,0.98407
587731522821030096,5.14061e-05,3.42839,0.95474
587731679581372501,0.000302478,3.83558,0.998891
587731679581372618,5.20788e-05,4.17129,0.998341
587731679581438148,0.981554,2.80425,0.990905
587731679583928502,2.1839e-05,3.17914,0.988113
587731679585566825,0.999085,3.0841,0.959509
587731679585566832,1.49679e-06,4.10303,0.996284
587731681191854241,0.00012623,4.52703,0.755182
587731869632495783,0.9988,2.91483,0.803845
587731869632626764,2.76899e-09,4.60613,0.998443
587731870168187126,0.981443,5.31632,0.61182
587731870168252467,0.99991,4.11864,0.969437
587731870168252470,1.79649e-06,5.42219,0.995449
587731870168252508,0.991861,2.36039,0.919803
587731870168252613,0.0187003,-2.29828,0.523144
587731870709121029,0.00178784,-1.96868,0.886808
587731870709121030,0.158112,-2.24513,0.869487
587731870709121125,6.31799e-07,3.93062,0.993805
587731870709121156,0.100153,-1.48537,0.984661
587731873927397596,0.605707,-1.92944,0.925185
587731887348908142,1.16857e-12,4.75908,0.995776
587731890038571029,0.000259931,-1.89224,0.319497
587731890038571116,1.70573e-07,4.37466,0.998716
587731891116638309,0.000102932,-0.65217,0.971755
587731891116638314,0.0816803,-2.4417,0.568239
587732049480384538,1.26589e-06,1.47344,0.942377
587732049480384567,0.00677997,-2.36982,0.0812482
587732049480384715,0.00778438,2.49524,0.898303
587732053781381329,4.57865e-08,3.75167,0.957089
587732053781446688,0.153426,5.75548,0.99773
587732054309732720,5.31212e-07,4.12076,0.99719
587732054309732732,0.999994,4.63678,0.857085
587732054309732882,0.928601,4.34775,0.994123
587732054316286010,0.168916,3.58634,0.998215
587732054857875490,0.176802,-1.36596,0.904186
587732134840959022,0.00312543,-2.03974,0.597957
587732134841024633,7.9682e-06,0.35778,0.860967
587732134841024644,0.336202,-1.97557,0.33387
587732134841024652,0.000158924,3.52482,0.990684
587732134841090060,0.166285,-2.17633,0.0963016
587732134841090153,0.960692,5.09521,0.967266
587732136997486775,0.000132178,4.77458,0.999766
587732136997552132,0.00821147,-2.02039,0.210456
587732136997552241,0.00216321,4.26374,0.994956
587732152029937693,0.0046918,-2.16594,0.547173
587732152030003282,0.036666,-2.37245,0.531612
587732152030003333,0.860739,4.18599,0.980308
587732152568512617,0.376245,-1.83454,0.920074
587732152568578053,0.312024,-2.32049,0.363698
587732153643630621,0.183393,5.52049,0.999389
587732156852732408,0.0335662,1.72822,0.912756
587732156852797555,0.00618546,-2.03576,0.840541
587732156852797599,0.982725,-0.15275,0.926397
587732470919856513,7.55951e-05,1.53746,0.954177
587732482198405349,5.08899e-06,4.66468,0.981641
587732482736980124,0.732194,-0.36458,0.938676
587732482736980138,0.0169186,4.27118,0.989663
587732482746613920,0.00277979,-2.24328,0.18252
587732482763456537,4.53686e-05,-2.19214,0.733779
587732483289841737,0.36608,-1.94704,0.135935
587732483289841738,0.533114,-2.22091,0.149104
587732483289907203,0.740366,1.39911,0.811155
587732483289907215,6.75858e-07,4.14643,0.967874
587732483289907396,4.84776e-07,5.73302,0.992221
587732483824091150,0.158382,-2.48116,0.366174
587732484348969030,0.0263561,-1.69078,0.974637
587732484353753113,0.000141653,2.21224,0.993528
587732484353818728,0.000180023,3.36814,0.994814
587732484370137297,0.553698,3.00375,0.99808
587732484370202694,0.0438284,-1.3882,0.158344
587732484370202828,0.000713131,3.89271,0.959318
587732484370202836,0.0138767,-2.23933,0.702077
587732577774927889,0.027315,-1.63094,0.171576
587732577774928001,0.047347,-2.18042,0.506355
587732577774928022,0.905001,-1.62904,0.985726
587732577774993474,0.0313639,4.08247,0.987254
587732578831696300,6.47668e-05,3.72826,0.997592
587732578831761584,0.313453,-0.6674,0.860412
587732578831762003,0.958955,-0.32052,0.989749
587732580978065625,0.354267,-2.13965,0.953534
587732589569507458,0.000272614,3.46137,0.998205
587732589569572995,0.0651724,-2.21923,0.717052
587732589569573003,1.25937e-11,2.85744,0.990262
587732590105001996,0.0936774,0.86178,0.994895
587732590105002040,0.597319,4.3551,0.994564
587732590105002175,0.955177,0.8215,0.85738
587732590105002196,0.835498,0.79994,0.964607
587732591714893937,0.0355215,4.57056,0.994007
587732591718695083,0.0209051,-2.56141,0.155898
587732591718891658,8.67031e-06,3.19003,0.987077
587732592253141134,7.98807e-07,2.93945,0.998084
587732702850908412,6.47571e-08,1.62067,0.935189
587732703938871352,1.82778e-08,3.89474,0.965573
587732703938871507,1.17145e-05,2.84571,0.903458
587732703938936984,0.00480895,-1.70898,0.857404
587732703947260052,0.00263005,-2.23107,0.246749
587732769979760661,7.97983e-05,4.16842,0.975594
587732769979826291,0.104487,-2.181,0.6595
587732769986904264,0.26871,-1.60515,0.748458
587732769986969705,0.00802494,-1.85077,0.769457
587732770510078187,0.00010168,-1.15574,0.970308
587732770510143545,0.000650888,4.52737,0.994793
587732770510274694,2.23447e-05,4.61107,0.930157
587732770524495947,0.642727,-2.2666,0.876464
587732771053764712,0.120338,-2.39983,0.0865704
587732771053830198,0.0112051,2.31223,0.85865
587732771053830214,2.65715e-07,3.40786,0.932834
587732771053830317,0.275022,2.68276,0.995393
587732771584540744,0.0433815,-2.21029,0.122786
587732771853041822,1.00703e-08,5.5871,0.978715
587732772128751703,0.142041,-2.11442,0.666796
587732772130652231,0.00191958,4.32328,0.910201
587732772130717774,0.997213,0.64112,0.982114
587732772658675774,0.156592,-2.05624,0.626264
587732772658806821,0.196297,-0.86118,0.819897
587732772658806956,0.00305994,4.84898,0.997579
587732772666802222,0.00021533,3.5893,0.962833
587732772666998878,0.381858,-2.17346,0.780997
587732772666998882,0.34853,-2.18132,0.729048
587732772667719710,4.94811e-10,3.58945,0.979753
587733079206199441,0.809528,-1.0093,0.923039
587733079742349345,9.417e-05,4.2383,0.997867
587733079742349373,0.843872,0.83084,0.983806
587733080280596517,0.452362,4.00093,0.940242
587733080816746644,0.258239,4.06101,0.999805
587733080816812054,0.529894,-1.9915,0.743605
587733080816812204,0.000365313,4.83751,0.806755
587733081347194950,0.160056,-2.16216,0.703104
587733081352175620,0.0509298,-2.38759,0.149538
587733081352175734,2.88596e-06,3.92629,0.76229
587733081352241160,0.000381814,-2.15953,0.754527
587733081352241232,0.999901,3.50696,0.826339
587733081352634415,0.00132983,-2.09871,0.315045
587733081886949531,0.825206,-2.11297,0.824744
587733081889570993,0.999547,4.51827,0.693742
587733195161337976,3.38726e-06,1.85675,0.990169
587733196770443375,0.00193135,4.06574,0.999321
587733197844643981,0.000420083,2.06883,0.959249
587733398652649658,0.0131646,-1.8414,0.330892
587733398652649679,0.996643,3.14311,0.98605
587733398652649735,0.423839,-1.20627,0.643342
587733399179428002,0.274212,4.67086,0.958348
587733399189586117,0.93251,-2.03655,0.322991
587733399189717130,0.957241,4.41921,0.898872
587733399713611891,0.0352484,-2.30606,0.312743
587733410450243707,0.0420795,-2.21942,0.326633
587733410450243708,0.0235787,-2.44361,0.720001
587733410450243779,0.47886,2.18009,0.994269
587733410450309163,0.00450574,-2.13756,0.578584
587733411526672511,7.08456e-06,5.00347,0.990818
587733411526737936,0.00229878,0.33399,0.966299
587733412059873503,1.66738e-06,4.21737,0.960323
587733412059939110,0.00294082,4.35277,0.922901
587733412060004357,0.000218149,0.27007,0.841567
587733412063019036,0.986009,-0.40446,0.976822
587733412063019071,0.912646,-2.18308,0.753825
587733412063019103,1.2125e-05,2.84479,0.981467
587733412064788537,0.00508633,-2.24815,0.127242
587733412064788748,0.00120739,-1.81802,0.828856
587733423333572712,0.120852,-2.18636,0.667241
587733425480794188,3.65894e-07,3.80938,0.996226
587733425480794201,0.513207,-0.00157,0.596305
587733425480859679,0.166272,-2.79904,0.102236
587733428696055911,0.055733,-2.37322,0.0826343
587733428696187039,3.07127e-06,3.15334,0.998434
587733428696252564,1.16521e-09,5.18515,0.998397
587733429234237590,0.784333,3.20444,0.955855
587733429234237604,0.00606588,-2.12182,0.944805
587733432460575225,9.28447e-06,0.30643,0.965109
587733432461951426,9.44569e-05,3.31968,0.934451
587733439970344990,0.659448,4.70919,0.965824
587733440510951800,0.34188,-2.19969,0.736523
587733440511148120,1.67959e-05,-1.36674,0.960551
587733440511213830,9.19606e-06,3.0435,0.937787
587733441588560046,3.90331e-07,-0.2796,0.937687
587733441588625533,5.4084e-08,4.08699,0.925028
587733441588953245,0.992798,0.61068,0.992596
587733441592951251,0.998684,2.74368,0.89192
587733442655944814,0.56442,1.8441,0.988363
587733442656010273,0.0675493,-2.30093,0.150415
587733442656010446,0.120026,-2.22474,0.385938
587733442656010474,0.376097,4.73946,0.98264
587733442657124596,0.000206468,3.98509,0.644305
587733603187556583,0.0122918,1.96233,0.851033
587733603187621977,0.462767,-2.2417,0.10039
587733603718332439,0.0113146,-2.521,0.0863567
587733603718332533,4.04236e-05,3.12365,0.914531
587733603718332538,0.109149,-2.26377,0.459557
587733603725803727,1.87055e-06,3.33805,0.997168
587733603728752863,7.96084e-08,4.76578,0.984273
587733603728949598,0.855658,-2.28692,0.95701
587733603728949639,0.242096,-2.28058,0.501264
587733603732357553,0.0339881,-2.38101,0.168628
587733603732422719,0.172247,0.89675,0.700817
587733604262740046,0.999574,4.78615,0.990501
587733604264247463,0.544826,-2.28379,0.353405
587733604264313024,0.00380791,-2.34688,0.13839
587733604264313089,0.481946,2.06352,0.974474
587733604264313094,0.971333,3.83412,0.999524
587733604266934547,5.26709e-09,2.52127,0.989093
587733604266999854,2.92324e-06,3.45417,0.974027
587733604267000014,2.47627e-05,-0.70862,0.84652
587733604267655304,0.00313856,1.1187,0.951938
587733604267655572,0.00248572,-2.2359,0.868133
587733604793450759,4.34596e-12,4.28835,0.999754
587733604793450775,9.98451e-05,1.15321,0.977967
587733604793516053,0.00512154,-2.45125,0.152056
587733604794695761,0.00323044,-2.22773,0.666349
587733604801511590,8.13207e-09,4.52503,0.999725
587733604801642842,0.998989,3.44508,0.990026
587733605337399408,0.722279,-2.44855,0.137387
587733605337399435,0.902879,-1.4479,0.956879
587733605337399612,0.29246,-1.19915,0.907076
587733605342773350,0.999912,4.94519,0.901155
587733605865554016,0.0187617,3.42115,0.976144
587733608014872696,0.0117234,-2.29058,0.276192
587733608015069431,0.000190607,-1.49231,0.860244
587733608548728955,0.846066,0.41503,0.936009
587733608548794562,0.485227,-2.05652,0.608529
587733608550236254,1.71026e-06,4.00594,0.955546
587733608553578570,0.196742,-2.49991,0.143106
587733608555216924,0.00756017,0.55023,0.700627
587733609087107273,0.000661915,0.72709,0.928146
587733609087631577,0.630184,-0.84754,0.990237
587733609623388284,0.870984,1.55002,0.977531
587733609623847024,0.000110882,-1.95415,0.208983
587733609623847117,0.997681,2.29886,0.999003
587733609623847127,0.999968,4.31213,0.868548
587733609623912550,0.0050635,0.65477,0.819689
587733609623912608,0.996572,-0.01653,0.967641
587733609623912636,0.999992,4.21716,0.958925
587733609624371418,0.655389,-2.18727,0.457302
587733609628565776,0.000222702,-1.21323,0.895007
587734621637967922,0.300459,-2.4418,0.398128
587734621638033417,0.597438,-2.06494,0.665369
587734621638033606,3.04008e-05,3.2226,0.980356
587734622710071301,0.221228,3.384,0.983941
587734622710136896,9.73401e-05,-2.23685,0.652543
587734623783813234,0.99991,4.74554,0.828328
587734891678400630,4.93209e-06,1.99325,0.982587
587734892748013617,0.683618,-1.57873,0.601412
587734892748013633,0.543765,5.25515,0.988991
587734892748079266,0.994272,4.56483,0.70558
587734948590059629,0.0164796,-2.55741,0.297169
587734948593336382,0.000280671,-2.24845,0.693085
587734948593336404,0.966589,-0.18827,0.755945
587734948593401973,0.489592,3.2763,0.997608
587734949130666043,0.641661,-2.58219,0.410287
587734949130666188,0.986712,3.47009,0.781053
587734949130731607,0.528959,-2.20804,0.443535
587734949663998006,0.872584,0.25888,0.900103
587734949663998055,1.82305e-05,3.81403,0.997274
587734949663998077,0.000123275,-2.19539,0.690584
587734950204997656,8.04909e-06,4.26695,0.980826
587734950205063186,0.93015,-1.88477,0.777131
587734950205063189,0.255209,-2.62926,0.148311
587734950205063293,0.0471131,-1.62852,0.921063
587735043617259582,0.000343116,0.33016,0.99433
587735239567474848,0.034298,-2.2665,0.091156
587735240641675412,2.79181e-07,4.56791,0.991127
587735240641871999,1.82395e-05,5.15898,0.963378
587735343727575171,0.0174026,1.29877,0.945329
587735343727575293,1.18226e-05,2.24393,0.953343
587735343727640711,0.000257362,4.5933,0.719926
587735343727640718,0.999569,3.32596,0.82957
587735344264577187,0.585947,0.77359,0.937375
587735344264708121,0.902454,-2.51127,0.745562
587735346956861532,0.998844,3.42641,0.941693
587735346956861548,0.0914497,-2.14142,0.872575
587735346956927080,0.0159438,-2.17386,0.124353
587735346956927112,0.0933504,-2.23952,0.608745
587735346964004875,0.000809895,1.04464,0.921986
587735347489538221,0.984939,1.46641,0.991539
587735347489603638,0.286225,-1.31479,0.729115
587735347489603782,1.82223e-07,5.0764,0.98253
587735347491635378,0.0111417,3.65656,0.845858
587735347499302949,0.013188,-2.5789,0.280505
587735347499302983,2.91495e-05,0.79628,0.90762
587735347499303035,3.0115e-06,4.8641,0.996823
587735347499368572,0.887058,2.34359,0.976083
587735347499434068,0.00109373,3.94933,0.989349
587735347501793293,0.629369,-2.31809,0.716067
587735347501793299,0.847352,3.07076,0.786152
587735348018544889,0.993252,1.80932,0.970582
587735348018610271,2.52915e-06,-1.29255,0.939664
587735348018610332,2.50973e-07,4.69255,0.993009
587735348018675929,0.000105321,2.51876,0.994783
587735348025884725,0.455161,-1.93812,0.620999
587735348025884818,0.00569888,-1.32715,0.930402
587735348562755758,0.888849,4.80725,0.991078
587735348564656372,0.995148,4.27273,0.99383
587735348564656408,4.33627e-07,3.29436,0.976771
587735348564918314,0.140919,-1.77087,0.931824
587735349099954194,0.00465757,-2.03229,0.21996
587735349099954216,0.000538515,1.82874,0.624866
587735349099954217,7.40596e-08,4.27889,0.966288
587735349101985841,0.562129,-0.84781,0.992481
587735349101985979,0.143928,3.19965,0.926927
587735349102182531,0.00465469,-2.42995,0.326082
587735428542496845,3.57856e-05,5.27003,0.998871
587735428542562313,0.00630324,-2.1815,0.554487
587735431225344007,0.735013,-2.16958,0.623686
587735431225344158,0.0010582,1.14321,0.93215
587735489750040778,0.111777,-0.11072,0.942035
587735489750106120,0.0101932,3.26876,0.959557
587735491356721178,0.000284393,3.35926,0.946375
587735660476956856,0.0604656,-2.07161,0.974879
587735660476956881,0.487875,3.64692,0.993939
587735660479119460,0.999162,0.34069,0.92582
587735660479184982,0.0142628,-0.16242,0.913357
587735660479578244,1.06816e-06,5.03092,0.994142
587735660479643676,0.994721,0.43415,0.981633
587735660479643691,0.00256567,-1.02552,0.677272
587735660479643716,0.293205,-2.52901,0.26167
587735660479643842,3.48819e-09,1.78072,0.99168
587735661009567822,0.026611,-2.06397,0.201215
587735661010747420,1.07906e-06,3.57113,0.994164
587735661010747523,0.0585319,-2.29489,0.685015
587735661010747524,0.0804511,-2.02549,0.278347
587735661010747525,0.954412,-0.71129,0.990193
587735661011861684,0.957169,4.14496,0.997267
587735661015400535,2.13785e-05,3.52612,0.987362
587735661015465997,0.998824,-2.18509,0.959457
587735661015924767,0.0947318,-2.01907,0.895074
587735661015924822,5.35625e-05,4.6587,0.978238
587735661015924823,0.998431,2.22905,0.998548
587735661546504464,0.127479,2.67893,0.460335
587735661546569886,0.886151,5.26025,0.998935
587735661549256781,7.62772e-09,4.62675,0.991036
587735662083113137,0.581227,1.68824,0.938798
587735662083178503,0.00944084,-2.37032,0.172659
587735662083178544,0.131493,2.75924,0.978137
587735662086127741,0.000101101,0.153,0.995739
587735662086193304,0.000298905,3.48044,0.916226
587735662089797791,0.00153577,4.70339,0.742438
587735662089797816,0.999653,3.18759,0.975405
587735662089863353,0.00125539,-1.23362,0.942049
587735664773496976,0.993065,3.32364,0.98632
587735664777363663,0.991531,4.43219,0.998866
587735664778477781,0.28297,-0.33247,0.957289
587735665305846007,0.014476,-0.08532,0.965983
587735665305911299,0.00521415,-2.35811,0.0802229
587735665305911444,0.101472,-2.20814,0.815781
587735665305977023,0.0296128,5.16471,0.896877
587735665308008693,5.34735e-06,2.82232,0.961165
587735665308074078,0.999343,4.2856,0.774507
587735665315348489,1.22091e-06,1.44336,0.979363
587735665844224104,0.00701694,0.86238,0.953236
587735665844289599,4.91202e-08,3.08489,0.981305
587735665844289698,6.316e-08,5.60851,0.993118
587735665854841008,0.999824,0.91911,0.972496
587735666378014853,0.811947,-0.5915,0.92772
587735666378080387,0.000462736,4.86565,0.988548
587735666391777315,0.00318458,-2.10627,0.80914
587735666391842886,0.00496415,-2.55726,0.213996
587735666394268082,0.00434337,-1.29495,0.888597
587735666394333718,0.355387,1.20683,0.813502
587735666395971733,0.0302592,-2.44804,0.129733
587735666395971758,0.998697,1.7096,0.906002
587735666395971935,0.336979,3.69952,0.94628
587735666915606656,0.167306,-1.70628,0.891086
587735666915672237,0.952627,1.26903,0.99131
587735666915737619,0.0459572,-2.27218,0.918819
587735666916261999,0.000729602,4.79814,0.976966
587735666923339784,0.00108459,-2.2485,0.554421
587735666923339924,0.989856,0.17284,0.966507
587735667454443651,0.0581649,-1.57189,0.872482
587735667459162316,0.0358159,-2.24808,0.748423
587735695379005517,0.00582576,-2.55681,0.282264
587735695379005628,0.962995,2.53544,0.763313
587735695379005668,0.772009,-1.48274,0.602905
587735695915221133,0.563716,1.08034,0.967219
587735695915221149,0.0237345,-2.37659,0.122128
587735696448946230,0.284043,-2.32176,0.640169
587735696449011832,3.93056e-07,4.78491,0.995147
587735696986603566,0.00524409,-2.25659,0.581163
587735696987389997,0.472695,-2.24514,0.86928
587735696987390072,0.0627917,-2.31473,0.445037
587735696987390166,0.531951,-1.36964,0.216066
587735697522557042,8.46574e-05,3.44951,0.942229
587735697522557119,0.0505427,-1.97236,0.873357
587735697522622540,0.755325,4.96737,0.999273
587735697524260896,0.010994,-2.29798,0.222775
587735697525309583,0.113142,-2.31019,0.346269
587735697525374991,0.00706256,-2.38068,0.129179
587735697525375086,0.00859574,-2.05467,0.868904
587735697525375123,2.32135e-05,4.19158,0.998756
587735697525571719,0.00437193,-2.13202,0.184288
587735697525571752,0.717604,-1.50407,0.870225
587735697525571769,0.113627,-1.64068,0.976633
587735742617485667,1.94881e-09,1.75311,0.978155
587735742617550867,7.98501e-07,1.16768,0.93869
587736477059252333,0.00424409,-2.29347,0.618804
587736477059252395,0.000466191,-0.20347,0.863872
587736477059252456,0.999996,6.02592,0.942838
587736477059252474,0.791886,4.76298,0.953043
587736477059579950,0.0788075,-1.75661,0.694781
587736477593960676,0.074174,-2.11331,0.535943
587736477596778727,0.986554,-1.8211,0.985276
587736477596844288,0.0349342,-2.12954,0.910518
587736477598941668,0.316205,-2.32248,0.919409
587736477599006758,0.0042826,-2.46925,0.216961
587736477599007002,1.51846e-07,3.11548,0.999289
587736477599007066,0.913938,3.84942,0.968101
587736478134108563,0.227963,-0.40208,0.72119
587736478134173984,0.0111853,-1.30192,0.67598
587736478134174077,0.155751,1.72876,0.95163
587736478135943311,0.989391,0.7787,0.869217
587736478670651586,0.0369975,4.68814,0.960437
587736478670782559,0.85517,-1.17412,0.914275
587736478670782742,0.0157269,-0.79936,0.905995
587736525905395768,0.00132249,-0.69954,0.987483
587736525905395871,5.49773e-10,6.25775,0.996329
587736540944269327,0.873945,-2.4911,0.553543
587736541489660188,2.53869e-06,3.70866,0.99854
587736541489791362,0.975836,-1.7863,0.963314
587736542023254319,0.317228,3.69695,0.99956
587736542023385309,0.000501932,-2.24918,0.592091
587736542027710608,0.0442687,-2.10583,0.774925
587736542027710850,0.000741275,-2.10462,0.564365
587736542553768045,0.356705,-2.31155,0.324429
587736542553899149,0.0196057,-2.36891,0.177255
587736542558617814,0.895631,1.4699,0.953049
587736542558617839,9.90274e-05,-2.22563,0.74175
587736542559207668,0.670626,1.85409,0.999016
587736543094309011,0.013457,-1.89494,0.793271
587736543094309099,8.34636e-06,-0.38043,0.582603
587736543094374455,0.0146531,-2.52669,0.209948
587736543094374497,1.23504e-05,2.15118,0.778578
587736543094374546,0.0585293,4.0535,0.998967
587736543094374705,0.862705,4.02371,0.994566
587736543095947349,0.763861,-2.28852,0.590101
587736543096012880,0.849913,-0.57065,0.974489
587736543097323634,0.143442,-2.42239,0.735387
587736543097978913,0.0502757,-2.20672,0.351275
587736543098044720,0.940597,-1.08531,0.983507
587736543098044730,0.960693,4.28719,0.98714
587736543098568872,1.78419e-10,2.89885,0.968853
587736543098634345,0.00222315,-2.35347,0.779366
587736543630721138,2.77244e-08,3.19611,0.995685
587736543632818292,0.307644,-2.33045,0.285348
587736543635308716,2.76506e-10,5.02904,0.982188
587736545776238709,2.20811e-07,4.47979,0.971012
587736546311274818,0.519296,-1.37172,0.982228
587736546311340046,0.000215519,4.53916,0.907939
587736546313044118,1.95461e-05,2.40944,0.848475
587736546313044156,0.16286,-2.20791,0.188389
587736546313109641,0.759838,-1.95595,0.192541
587736546313175365,1.57426e-05,4.29749,0.954168
587736546313371798,0.00559507,0.4775,0.978657
587736546314027186,3.841e-06,3.55647,0.988721
587736546314223879,0.999512,5.1706,0.805868
587736546314224038,0.544001,4.28995,0.924259
587736546314289251,6.50374e-10,5.03202,0.998696
587736546314879004,0.0340033,-2.33034,0.212451
587736546315075839,0.00504165,2.91887,0.994869
587736546315075982,0.93089,1.41981,0.993231
587736546315862189,0.525625,3.53336,0.728691
587736546315862195,0.502205,2.23039,0.943893
587736546848407726,0.00766555,-2.21683,0.612592
587736546848473326,7.21735e-06,3.1644,0.942448
587736546849325225,1.70712e-06,3.29098,0.972025
587736546849325410,3.66204e-07,4.31579,0.997452
587736546849390881,0.0403029,2.05861,0.997801
587736546849521961,0.000367608,3.61747,0.961697
587736546849587519,0.00149291,-1.92026,0.93356
587736546851553490,1.76105e-05,-2.07279,0.549054
587736546851618848,5.55169e-07,4.43301,0.934662
587736546851618970,0.966917,3.71391,0.997283
587736546851619180,4.94961e-07,4.90317,0.998572
587736546852995482,0.996006,5.90366,0.945865
587736547387310234,0.682681,-1.37464,0.95492
587736547387376053,0.00703,2.64617,0.995686
587736547388752280,0.0906226,2.21859,0.990412
587736547389800772,0.91495,2.47777,0.998647
587736584964866176,0.743973,2.64833,0.969882
587736584964931834,0.000111894,3.19728,0.830593
587736584965390397,0.160463,-0.60926,0.95983
587736584965390433,0.0628989,-2.26208,0.290628
587736584965390455,0.0361443,-2.1808,0.511589
587736584965390526,0.025557,1.27605,0.996764
587736584974762064,0.000262144,-2.09587,0.900459
587736584974762133,0.83483,-2.16393,0.569011
587736584974762355,0.0106957,-1.21963,0.902314
587736585514385753,7.34874e-06,4.75932,0.99385
587736585515237906,3.22189e-05,-0.27374,0.941049
587736585515696379,0.8267,1.95233,0.998912
587736586049552492,0.402873,4.32664,0.980306
587736586049749300,0.999888,5.14423,0.949832
587736619328537121,0.959371,-1.27553,0.856818
587736619862523965,0.0580306,-0.19996,0.375455
587736619865407654,0.172469,-2.39337,0.158572
587736783607365680,0.318139,-1.90393,0.175499
587736807226146947,3.19269e-06,3.06894,0.865821
587736807761903760,0.995009,4.68155,0.961774
587736807763148949,0.000751452,5.02956,0.998827
587736807763148957,0.0214155,3.43217,0.989938
587736807769047282,0.0179387,-2.31445,0.604033
587736807769112603,0.00954704,-2.18937,0.618522
587736808298840234,0.000169185,3.3344,0.996067
587736808299692192,0.0419641,2.84036,0.999627
587736808838594796,0.252991,1.73394,0.884486
587736808838660249,0.481258,3.41234,0.984879
587736808845410529,0.99497,1.49995,0.995938
587736808845541535,0.916096,-1.909,0.897509
587736808845607135,0.921939,3.86726,0.975121
587736809375465553,0.0137052,-2.18068,0.959873
587736809375465633,0.00880591,0.56669,0.993662
587736809912664101,0.0245312,-2.5067,0.257296
587736809912664160,0.00504351,-2.3394,0.517211
587736809912664172,0.000272475,1.55787,0.987534
587736809912664176,0.00249968,-1.02467,0.938035
587736809912729681,0.0549538,2.11532,0.97864
587736914603868378,0.00563467,3.91351,0.963574
587736915142574288,0.0604256,-2.24409,0.524306
587736915676299414,0.00172368,4.6054,0.988806
587736915676364973,0.00264418,-1.49817,0.756781
587736915680624703,3.82673e-05,3.03857,0.894111
587736916217364510,0.924201,-2.19334,0.949122
587736920509055197,0.996062,3.29392,0.979104
587736920509120614,0.00625133,-2.54898,0.0668891
587736920509120615,0.692324,-2.1657,0.685334
587736921043566767,0.000768485,-2.36878,0.587944
587736921045991776,4.85206e-09,1.57522,0.999556
587736921045991780,1.77121e-05,-2.1839,0.448549
587736921046122533,0.00329971,-2.14712,0.332139
587736940908511282,0.0309454,-2.1437,0.574294
587736940908511310,0.931485,-0.80674,0.918849
587736940908511450,1.57146e-09,4.11586,0.996469
587736940910674062,0.0146898,-2.30688,0.093285
587736942529740846,1.55028e-07,2.25086,0.89806
587736942529740880,0.0451361,-2.00207,0.726506
587736942529740906,0.00365452,-2.28247,0.158083
587736942529741100,0.000649828,4.21342,0.937726
587736975274279243,0.00223251,-1.11254,0.877819
587736975274279271,0.999909,2.65523,0.996311
587736975274475701,0.98691,3.51005,0.97451
587736975274475734,0.98665,4.24521,0.986189
587736975276638329,2.13238e-05,4.81359,0.95145
587736975276966061,0.781701,-1.65026,0.311954
587736975277031503,5.10013e-07,4.87937,0.942952
587736975811346586,0.820541,-0.555,0.901814
587736975811346686,0.0539769,-2.19733,0.64314
587736975811346701,0.000457988,-0.7794,0.904617
587736975812198568,0.000265511,4.67838,0.957285
587736975812198607,0.000372011,3.03761,0.985884
587736975812264140,1.47561e-09,4.06794,0.999452
587736975815278796,0.987733,-0.77882,0.993248
587736975815279018,0.000963803,5.70087,0.832741
587736976348545045,4.08648e-05,-1.39988,0.802311
587736976348610888,0.996105,1.33281,0.98324
587736976883908936,0.915312,2.33272,0.997972
587736976883974224,0.266952,0.39127,0.930538
587736976883974412,0.00404813,2.5795,0.991064
587736976890200124,0.00464745,-2.13699,0.264179
587736976890200394,0.999995,5.59249,0.216253
587737808499179700,0.986123,-2.42041,0.813775
587737809035395142,0.0722692,3.93829,0.994765
587737809566892231,0.998636,2.07451,0.959194
587737809576263846,0.000526538,4.27714,0.869949
587737810113069150,5.2022e-06,4.55028,0.905715
587737825141653719,0.000153023,2.64064,0.958426
587737825142177927,0.00923184,-2.31996,0.215935
587737825142177966,0.000409599,-1.68041,0.814775
587737825142178010,0.000411491,0.11531,0.875441
587737825678459031,0.784887,-1.83203,0.951102
587737825678459040,0.671285,-0.29192,0.657017
587737825678459095,0.737198,3.01959,0.866359
587737826210087100,0.593651,3.53275,0.990788
587737826756198415,0.265206,-2.18964,0.405581
587738065658445990,0.0145445,-0.74685,0.754284
587738065658511390,1.58589e-05,-1.56917,0.834456
587738065658511605,6.22641e-08,2.65601,0.895927
587738065660870793,5.13514e-09,3.66729,0.99535
587738065661002045,0.00110224,-1.8479,0.917775
587738066192564437,0.385761,-2.38303,0.547745
587738066192695586,0.133375,2.31659,0.995841
587738066195841204,0.0209772,-2.4261,0.497596
587738066195906725,0.139387,-2.54098,0.577605
587738066195906853,0.00881221,-2.02073,0.865679
587738066200887522,4.29184e-05,2.73096,0.998358
587738066200952874,0.963106,-2.41513,0.942392
587738066202919061,0.973119,-0.25834,0.889202
587738066202919069,0.999905,4.20232,0.591459
587738066202984608,0.0274239,-2.25231,0.551576
587738066729566260,0.0141789,-2.30677,0.26106
587738066730680550,4.34573e-06,-1.54172,0.893593
587738067268731198,0.942298,2.86451,0.998801
587738067268731205,0.999568,5.66711,0.964466
587738067807043874,0.601489,-2.24171,0.708433
587738195042631777,0.158091,-2.4033,0.474449
587738195042631818,0.0958849,-1.59679,0.976948
587738195043221711,0.892224,-0.65065,0.840015
587738195043352725,9.16153e-05,-2.13392,0.828009
587738195043352737,0.174535,-2.25341,0.642111
587738195045253291,0.0105796,-2.43241,0.51674
587738195050365020,2.20111e-05,-1.57131,0.972296
587738195050365070,0.0853559,0.63947,0.935315
587738195576750256,4.04645e-06,1.28887,0.963289
587738195576815896,0.870446,-2.03561,0.753579
587738195576881431,0.99812,1.39428,0.965793
587738195576946895,5.91395e-05,2.69858,0.980896
587738195585204296,0.0402619,-2.55169,0.486608
587738195585204379,0.0177062,1.9318,0.646824
587738196114866308,0.311118,4.07085,0.746203
587738196114866373,0.00164823,-2.1012,0.562782
587738196114866387,0.0982892,-2.57837,0.078344
587738196114931855,0.243313,1.53328,0.990568
587738196114931872,0.046398,-2.33213,0.874317
587738196116045975,0.928935,-1.522,0.958315
587738196116111595,0.789255,3.23715,0.981917
587738197189853229,0.0530557,-2.51426,0.138583
587738197189853369,9.29459e-05,4.85974,0.838836
587738197189918875,0.0159544,-2.45035,0.185225
587738197189984364,0.296415,-2.28488,0.375771
587738197189984580,2.83823e-08,4.86953,0.980211
587738197191295003,1.58132e-10,2.38111,0.943586
587738409254649985,8.7693e-07,1.42418,0.938474
587738409256747162,0.000172642,2.73955,0.838661
587738409256812571,7.11656e-05,2.76687,0.947308
587738410329637020,4.16228e-09,4.01685,0.974379
587738410866966557,0.256061,-2.37363,0.169969
587738568167063728,0.836721,0.70496,0.986356
587738568174469256,0.00591938,-2.58048,0.0849371
587738568174469339,0.00905876,1.95748,0.995678
587738568174534706,0.0359136,-2.1381,0.557187
587738568174534766,0.044159,-0.62465,0.937054
587738568174731329,4.60443e-06,3.77858,0.996245
587738568174731481,0.995862,4.04144,0.971035
587738568703869023,1.1128e-06,4.86272,0.983119
587738568703869158,8.12222e-07,5.7472,0.999467
587738568710291594,4.738e-05,5.41476,0.976831
587738568710357048,0.89887,0.4928,0.885896
587738568711602293,0.640876,3.29705,0.998934
587738569248014386,0.902579,-1.51166,0.479589
587738570323918874,0.909764,-1.98145,0.921592
587738570323918903,0.805827,-2.12411,0.420644
587738570323918904,0.0847088,2.67248,0.641562
587738570323984428,0.660852,-1.82607,0.420242
587738570323984493,0.174852,3.63439,0.870173
587738570324181104,0.0362667,-2.37854,0.226095
587738570851483826,0.980098,-0.6136,0.981038
587738570851549362,0.999664,3.02188,0.989132
587738570851549375,1.70935e-05,2.56036,0.97354
587738572459540570,4.38286e-05,1.54562,0.995192
587738573536690209,0.0226662,-2.28991,0.118217
587738573536690243,0.0534024,-1.628,0.919434
587738575141142586,0.0216885,-2.23314,0.695938
587738575141142831,1.66721e-07,4.77389,0.997881
587738615950803104,0.696211,4.29702,0.998903
587738615952572488,1.8832e-07,-1.56001,0.921554
587738615952638035,0.00105476,4.13177,0.999767
587738615952638054,0.00495976,-1.93808,0.857527
587738617028214791,0.0207145,-2.69303,0.284571
587738617028214849,0.0110628,-2.28298,0.153515
587738946145747047,0.979688,2.24423,0.918459
587738946662629698,0.128828,-1.98516,0.92267
587738946675540119,0.0220096,3.30623,0.99153
587738946676719816,0.995361,2.42351,0.995219
587738946676719843,0.0228244,5.0393,0.936202
587738946676785159,0.0104921,-2.27045,0.441693
587738946676785233,0.0179556,-2.33001,0.677305
587738946682552386,0.0175166,-2.24907,0.110023
587738946682683414,0.0367224,-2.25482,0.832132
587738947199500416,0.79686,3.52605,0.952588
587738947199631434,5.06044e-05,-2.35548,0.752147
587738947203694707,0.970271,5.44915,0.988401
587738947211493391,0.0181771,-2.54573,0.101257
587738947211493472,0.0288094,-1.88209,0.84936
587738947211493514,0.692925,0.74783,0.885787
587738947211493553,2.48235e-05,3.62852,0.991037
587738947212345425,3.43734e-07,4.26304,0.929971
587738947213197363,4.74475e-08,4.33455,0.994614
587738947749085337,0.621815,2.80424,0.344872
587738947756359754,0.00139888,-2.24672,0.88608
587738947756425349,0.00585582,-2.42535,0.371686
587738947756490825,0.99992,4.19344,0.488537
587738950420267015,0.000953172,-0.40254,0.918338
587738950420332620,0.583996,-1.50675,0.89604
587739096449089665,0.996993,1.75104,0.994372
587739096449155236,0.474171,-2.1811,0.690764
587739096449286227,0.305208,-2.55247,0.398315
587739096449351752,1.41983e-05,2.85213,0.988229
587739096449351759,0.326928,4.94037,0.983299
587739096983142460,3.33243e-05,-2.23131,0.757105
587739097528926379,4.40807e-05,4.02201,0.986446
587739097528991758,0.0153897,-2.29064,0.0913158
587739097528991827,0.988527,0.62026,0.996765
587739097528991852,0.000148693,2.00686,0.992149
587739097528991864,0.0288078,-0.65429,0.901778
587739098060488790,0.00128267,0.85352,0.341331
587739098594082848,0.0450442,-2.35006,0.152396
587739098594082926,0.00330099,3.77444,0.989552
587739114709844165,0.000481122,3.66048,0.994946
587739114709909671,8.69881e-08,4.61762,0.996788
587739114709909699,0.0681046,2.90498,0.301191
587739115237343333,2.3605e-07,0.94899,0.97259
587739115772772746,0.0233216,-2.18177,0.368734
587739115781947490,5.57744e-05,4.12463,0.984312
587739131880472623,0.00637227,0.5725,0.97075
587739131880472774,0.924389,2.15142,0.934826
587739131880603834,2.39623e-06,3.25944,0.992889
587739132416557077,0.00145598,-2.4574,0.373661
587739132416557289,0.00122628,5.56085,0.865836
587739132416557356,0.984121,2.84394,0.97533
587739132426715205,0.0172034,-2.21227,0.763843
587739132426780745,0.301708,-2.34607,0.4607
587739132428222814,0.0332969,-1.99087,0.62713
587739132428222915,0.0650375,-2.32121,0.740898
587739132958408966,0.611241,3.92486,0.998503
587739132964569367,0.0519812,1.96471,0.95935
587739157116158102,0.991325,3.88672,0.960631
587739158725001338,0.120448,-2.37973,0.545032
587739158725001442,0.0246766,-2.44787,0.157446
587739166238441695,0.965528,2.89819,0.976489
587739166238507193,0.112441,4.16941,0.987417
587739294015553580,0.00363946,-1.64072,0.605008
587739294015619205,0.000103828,0.88783,0.993643
587739294015684686,0.706333,-1.35248,0.814311
587739294015684700,0.0305904,-2.01693,0.905216
587739295089557509,0.00137768,-2.04814,0.583899
587739295089688589,0.0231342,-2.40443,0.0928861
587739295089688622,0.173018,-2.32784,0.260219
587739295089688698,0.0566758,-2.14243,0.792814
587739295089754249,2.46262e-06,3.37625,0.826346
587739302611910755,0.194003,-2.2538,0.169262
587739302611910758,0.935724,-1.14734,0.915152
587739302611910821,0.00055647,-2.05181,0.82885
587739302611976229,0.502856,-2.06033,0.947448
587739302611976236,0.0112824,-2.33436,0.697926
587739302611976271,0.0159525,-0.96106,0.814283
587739302611976286,0.819135,-2.39509,0.604149
587739302613090309,0.0252983,-2.1721,0.269238
587739302613090461,0.957944,-1.09802,0.814872
587739302613155880,0.915691,-2.56684,0.297189
587739302613156004,0.79719,0.19117,0.879855
587739303142817807,0.765074,0.25408,0.941174
587739303142817832,0.193963,-2.16364,0.618283
587739303147667602,0.06015,-2.33879,0.477481
587739303149961255,5.72911e-10,5.24258,0.995373
587739303149961304,0.256294,4.98484,0.993261
587739303684407495,0.757356,4.01878,0.995446
587739303685259380,0.61992,4.81252,0.991992
587739303687028893,0.999987,4.90291,0.829991
587739303687094372,0.879387,-0.81952,0.863891
587739304221605914,0.406055,0.03768,0.802866
587739304221606035,0.805952,0.53313,0.967482
587739304221606039,0.0772525,-1.8481,0.867832
587739304221606063,0.960816,-1.05311,0.985934
587739304221999241,0.0143914,3.24074,0.777878
587739304221999262,0.665013,5.4708,0.992443
587739304222064645,0.548142,3.18471,0.978277
587739304753168389,0.888668,2.10387,0.987189
587739305554477135,1.08318e-06,4.15459,0.953107
587739376164536507,5.38263e-07,4.57734,0.996693
587739376165257438,0.999835,1.1814,0.994298
587739376702062796,0.0109885,2.48736,0.992519
587739377240047757,0.883274,4.59157,0.995196
587739377779146888,0.970919,4.07259,0.994684
587739380455637056,0.0046734,-2.24552,0.470732
587739380455702756,0.0275531,-1.36198,0.852141
587739380455768133,1.21072e-05,-2.05457,0.8013
587739380455768207,0.0297454,-2.28309,0.227687
587739380455768222,0.658433,-2.28425,0.598147
587739380455768301,0.000237119,-1.96852,0.745912
587739380994932831,0.0248997,0.62108,0.817355
587739380994998479,0.106139,-2.2014,0.298411
587739381531476276,0.961293,2.07599,0.976925
587739381531541541,0.858442,1.71793,0.963874
587739382070706427,0.792281,2.20083,0.983116
587739405705150521,0.466457,-2.50617,0.662914
587739405705150653,0.00765324,-2.28029,0.193494
587739405713866872,0.933719,0.93412,0.95777
587739405714980911,0.0010595,-2.022,0.734337
587739405715177491,0.435679,-2.7161,0.309011
587739406228848653,0.0148756,-2.59709,0.0900223
587739406228848682,0.000195798,-2.23814,0.598966
587739406228848694,0.200183,-2.58309,0.113488
587739406228848795,0.997201,1.6916,0.97486
587739406250803505,0.010942,2.1651,0.985356
587739406250868793,0.353971,-2.62048,0.221862
587739406766374998,0.307206,-2.95627,0.140224
587739406766375135,0.0208488,-2.13744,0.232475
587739406766375136,0.819954,-0.58643,0.499932
587739406766375163,0.00588816,-2.08566,0.869211
587739406781644825,0.0202098,-2.41638,0.216444
587739406781775975,0.000398705,3.89356,0.980123
587739406786494592,0.386901,-2.49091,0.236742
587739406786560033,0.996232,4.64574,0.680547
587739406787018853,4.20702e-05,4.19832,0.96838
587739406787018929,6.48752e-11,4.96296,0.99903
587739406787084320,0.00710341,-2.1284,0.615825
587739406787280993,0.48498,-2.25106,0.616814
587739406787346482,0.000164768,2.24178,0.967518
587739406787411993,0.000226747,0.12768,0.883676
587739406787412034,0.2226,-2.1872,0.250005
587739406787412092,0.792934,4.43552,0.980444
587739407313797249,0.780178,0.63875,0.775689
587739407313928314,0.00147562,0.08562,0.918677
587739407324020780,0.568535,-2.18987,0.19141
587739407324086280,0.978124,-0.38529,0.988476
587739407325790240,0.000736512,-2.0366,0.759615
587739407325855864,0.0204024,-2.39375,0.098286
587739407338307755,0.480886,-1.71017,0.596765
587739407338438844,0.45587,3.16272,0.925244
587739407841165347,0.0531252,-2.32085,0.353298
587739407841165560,0.000908831,4.40763,0.997887
587739407862661202,0.0170088,4.49697,0.981765
587739407862661271,0.774175,3.51335,0.997926
587739407862726696,0.0149698,1.89226,0.983296
587739407873605783,0.998522,5.34065,0.93716
587739407873605963,0.000899913,5.53228,0.912293
587739407874654439,0.00124391,-2.34255,0.737332
587739407877996580,0.105684,-2.21542,0.678243
587739408392126529,9.42526e-06,-1.66694,0.960546
587739408399138848,3.31337e-07,0.90575,0.980637
587739408399138936,3.41965e-06,-0.14844,0.954037
587739458296152226,0.502812,5.07711,0.99927
587739458296283182,0.000251285,5.33369,0.911448
587739458296283333,0.910227,1.14307,0.996439
587739458833088679,4.70127e-09,4.98473,0.993547
587739458833154213,4.08839e-05,2.64949,0.985066
587739504469016652,0.00148084,-2.16547,0.615346
587739504477667490,0.706504,-1.6749,0.319554
587739504477732884,0.0185549,-2.42269,0.126186
587739504477732937,0.399341,-2.53111,0.34436
587739504477733030,0.0122636,-2.35463,0.828267
587739504477733125,0.000279646,-1.80402,0.788977
587739504478519431,0.263409,-2.42855,0.366532
587739504478585052,0.0564613,-0.05831,0.98511
587739504478650398,0.00611781,-2.35094,0.589032
587739504478650466,0.674819,2.5916,0.997754
587739505008574575,0.98921,5.29458,0.997988
587739505014603915,0.00955631,5.62324,0.763414
587739505014669321,7.99199e-05,-1.89318,0.961899
587739505014734916,0.687694,-2.30127,0.610083
587739506087952525,0.715013,4.33872,0.994893
587739506088411188,0.00154398,2.78473,0.99715
587739506623840264,0.198921,-1.8274,0.743299
587739506623840269,4.71816e-05,-1.51564,0.915684
587739507154026582,0.994392,5.49121,0.993901
587739507160252450,9.18953e-12,4.96101,0.995405
587739507160252499,0.923281,-2.05069,0.924759
587739607546658825,3.45038e-12,5.22154,0.998135
587739607546658853,5.27057e-06,3.00724,0.957808
587739607546658901,0.167865,-2.31877,0.58779
587739607552557079,0.054621,-2.4156,0.113819
587739607552688210,0.00629673,-0.12133,0.969122
587739607561535535,0.0187828,-2.24879,0.297053
587739607562453006,0.000339721,3.50789,0.972855
587739608086610037,6.00808e-07,5.61465,0.997977
587739608086610065,3.64033e-05,5.22993,0.995006
587739608086675575,0.991456,5.72357,0.597539
587739608086675588,0.000568643,4.30211,0.985899
587739608089493620,0.000162339,4.43332,0.982777
587739608089755716,1.03251e-06,3.75213,0.97601
587739608098406503,0.93429,2.39941,0.998286
587739608098406546,4.79415e-06,-1.12413,0.966256
587739608098472075,0.0629017,-2.30386,0.502537
587739608098537657,0.0848682,4.07634,0.988903
587739608629117022,7.13479e-05,5.64731,0.938024
587739608629248032,4.87547e-06,2.14234,0.936808
587739608635408408,0.866398,1.90417,0.848396
587739608635408428,8.28922e-05,-2.17053,0.966186
587739609170247740,0.481156,-2.10257,0.586272
587739609170247806,1.10766e-07,4.47644,0.976632
587739609175490637,0.16872,-2.0055,0.233289
587739609696108637,4.35635e-08,3.55518,0.949625
587739609696108638,1.87611e-07,3.6628,0.951772
587739609696174139,0.219048,-2.52858,0.26531
587739609696174211,1.15627e-05,5.19675,0.997498
587739609696174217,8.17187e-06,3.40267,0.921439
587739609696174241,9.38224e-12,5.15853,0.994006
587739609708560491,0.00601355,-2.13131,0.540702
587739609708691526,0.998485,4.24726,0.934933
587739609709084696,0.946377,3.00234,0.949326
587739609709084708,0.0252703,3.05682,0.939259
587739609709084774,0.00868869,-2.22753,0.253028
587739609712361602,0.973476,5.13933,0.964932
587739610232258597,7.07163e-06,1.60943,0.894403
587739610232258636,0.00164288,-0.73315,0.831348
587739610237698186,4.13635e-08,3.4868,0.994405
587739610237763660,0.169122,4.13209,0.92272
587739646743085160,0.0110597,1.67376,0.945667
587739646743085255,0.91117,3.26547,0.975108
587739646743150617,0.00502068,4.58681,0.942448
587739647818989624,0.907679,-2.04513,0.949268
587739647819055267,0.535303,3.87669,0.963008
587739648893321341,0.619603,-0.51848,0.973618
587739648893386769,0.727004,-2.45798,0.540715
587739648895877324,0.000475165,3.05836,0.978278
587739648895942718,2.14222e-08,4.46671,0.893196
587739648895942817,0.0550099,-2.27989,0.750279
587739651032350828,0.000135784,-2.18735,0.600695
587739651032678648,1.05093e-07,4.4839,0.978014
587739651033792630,0.999835,2.24403,0.960965
587739651033858247,5.17401e-05,3.81696,0.944201
587739651033858248,1.00457e-06,3.59178,0.941262
587739651033923677,6.65718e-05,4.55768,0.782588
587739651033923702,0.765699,-2.24688,0.703218
587739651033923785,0.542687,0.58322,0.443146
587739651033923878,0.174153,-2.26657,0.782598
587739651033923939,2.26505e-06,4.01481,0.994672
587739651033989177,0.0697737,1.23376,0.643738
587739651033989314,3.18666e-05,-2.27519,0.645247
587739651034054987,0.571718,1.21063,0.997707
587739651570598154,0.000103651,4.54631,0.867361
587739706335101031,0.0609022,-2.16155,0.768225
587739706342899883,1.92914e-05,4.9957,0.994365
587739706884030550,0.00567446,-2.12005,0.42981
587739706884030676,0.0108504,-2.1074,0.402744
587739706884030704,0.0010029,-2.30106,0.54649
587739706885734785,0.330613,2.88916,0.999883
587739707402420304,0.0110694,5.66824,0.989303
587739707404517388,0.999595,1.65138,0.985996
587739707408842852,0.247747,-2.34156,0.143972
587739707408842896,0.999223,5.2325,0.48256
587739707408842952,0.00189111,3.54117,0.947527
587739707408908408,0.259557,1.0638,0.652693
587739707409498137,5.05616e-06,4.19692,0.977556
587739707420836030,0.0179906,-2.06324,0.345006
587739707420901697,0.926438,-2.36119,0.808416
587739707420967062,0.00605126,-1.41086,0.342061
587739707946828007,0.000205958,3.72891,0.976468
587739707946893338,1.2001e-06,3.62608,0.836473
587739707946893373,2.12815e-05,-1.82109,0.841311
587739707946893407,0.0178541,-2.42589,0.0826508
587739707946893564,0.76462,0.6805,0.869849
587739707946958966,0.000810267,-1.86734,0.949442
587739707956592663,0.000688027,2.71717,0.957994
587739707960590421,0.000339115,-1.46762,0.660297
587739708480815139,0.00673587,1.22583,0.897867
587739708480815182,0.168919,-2.19578,0.307994
587739708480880731,0.0728176,-2.2632,0.408041
587739708480880788,0.000329528,3.80302,0.976538
587739719756677174,1.43333e-06,5.17812,0.998372
587739719763558465,0.00267915,-2.19981,0.448862
587739719763624065,0.0604488,1.84777,0.976076
587739719773127035,0.0440404,-2.28546,0.852902
587739720291450938,0.446003,-0.90285,0.871919
587739720291516570,0.00690128,-2.29143,0.456608
587739720293613620,1.53579e-05,4.61082,0.978494
587739720297873442,0.0268207,-2.18034,0.153456
587739720298004638,0.0052459,-2.11414,0.760257
587739720298594391,0.000775279,4.34979,0.930103
587739720298725458,4.83492e-05,3.76371,0.899336
587739720835596352,0.0272221,-2.16845,0.151054
587739720836120591,0.000654677,-2.19262,0.656748
587739720845623367,3.48735e-07,3.07001,0.961694
587739720845623554,0.956252,3.66389,0.993041
587739720845688838,0.998787,6.08172,0.680831
587739720845688862,9.50482e-05,5.12815,0.997133
587739720845754400,0.999967,1.65378,0.993684
587739720845754603,0.999913,4.23812,0.983515
587739720846999588,0.0433514,-2.02524,0.236956
587739720847065314,0.964714,4.14,0.735518
587739720847065341,0.226195,-2.23657,0.449479
587739720847065354,0.107147,-2.11435,0.11912
587739720847130983,0.00184386,3.35316,0.928181
587739721906847757,0.0957955,-2.06327,0.713403
587739809410777242,0.221238,2.38861,0.994703
587739809418838057,0.00190485,4.13005,0.978927
587739809947779200,0.252717,-2.00569,0.814409
587739809954857103,0.792159,-1.71213,0.987615
587739809955578090,0.986564,2.46432,0.977702
587739809955774482,0.0402167,-2.19952,0.531216
587739809956233407,0.720991,0.62793,0.998121
587739809956298917,4.63543e-07,5.79401,0.985412
587739810484912305,0.00222979,-2.06618,0.398438
587739810488909850,0.0399198,-2.22317,0.293783
587739810488909894,5.7581e-06,-2.12666,0.961588
587739810488910004,0.959569,4.07141,0.998101
587739810488910093,0.995547,2.01026,0.983265
587739810498412683,0.972293,0.04149,0.954221
587739810498609511,0.0247759,1.4099,0.992445
587739810498609548,0.474255,4.85073,0.990194
587739810498674864,8.79336e-05,2.27018,0.956552
587739810498805825,0.0201851,-1.44995,0.869888
587739810498806095,0.0125988,-2.09431,0.402767
587739811035087044,0.567405,-1.32055,0.960523
587739811035152405,0.999311,2.63119,0.998173
587739811035676872,0.45139,0.27742,0.868433
587739811035676933,0.99959,2.07171,0.988427
587739811035677114,0.000243125,0.98221,0.319143
587739811037380978,0.839483,3.83213,0.994876
587739811037446483,0.0530757,4.97785,0.994515
587739811560161342,0.995175,2.74424,0.947834
587739811560161431,1.76537e-06,4.98854,0.99299
587739811561930776,0.79812,2.682,0.893984
587739811571957865,0.00085828,-2.33193,0.261728
587739811572088944,0.000682473,-1.92252,0.870526
587739814240714941,0.00160759,-2.02547,0.939741
587739814240714988,0.512811,-2.32427,0.292789
587739814243860565,0.00533599,-2.29887,0.154433
587739814243860607,0.0201283,-2.316,0.306043
587739814243860803,0.166242,-2.2577,0.48425
587739814243860811,0.423864,-2.24792,0.69146
587739814246613417,0.989874,-0.43145,0.971207
587739814778634376,0.00129323,-1.83781,0.822727
587739815317275022,1.67517e-10,4.80148,0.998617
587739815317340339,0.0428152,-1.24643,0.972385
587739827125289043,0.99228,0.60686,0.970449
587739827132170392,0.0146031,-2.24239,0.875433
587739827132170419,0.950616,-1.06576,0.963125
587739827132170464,0.0382552,-1.91576,0.866596
587739827132170477,0.339267,-0.24646,0.92953
587739827132170503,0.0132117,-2.2433,0.111632
587739827132235951,0.00117355,-0.78646,0.913218
587739827138527326,6.63463e-05,2.93569,0.902568
587739827139051543,3.618e-09,4.82337,0.996585
587739827139051618,0.0111423,-1.07052,0.753028
587739827139051768,4.37174e-05,-1.37292,0.954919
587739827662291026,0.0482346,-2.26147,0.350826
587739827662291126,0.144436,-2.26676,0.668394
587739827662356531,0.0956369,-2.31807,0.266791
587739827662356621,7.83676e-10,2.97116,0.99284
587739827662422183,0.000186414,1.51771,0.958979
587739827676053933,1.21557e-05,-0.92717,0.802871
587739827676381413,0.940746,-1.69979,0.98661
587739828212727843,0.00226971,-0.22724,0.392513
587739828213055666,0.994158,-2.03659,0.948247
587739828213055792,3.92128e-05,0.8882,0.987802
587739828213055799,0.0330846,-2.23538,0.100594
587739828214890569,3.2086e-05,2.72609,0.90705
587739828214890718,0.0120795,2.00078,0.286527
587739828214890823,0.99952,2.29684,0.99526
587739828739309583,0.25674,-2.34228,0.10499
587739828739309646,0.000117486,3.10332,0.985833
587739828739309659,0.0180751,-2.2504,0.825348
587739828739309675,0.000238421,-1.79809,0.901636
587739828744683657,0.0599373,-2.31724,0.234728
587739828744749179,0.0549572,-2.45601,0.185895
587739828749336905,0.358083,-2.12732,0.940402
587739828749402290,0.476136,-2.04399,0.976363
587739828751237358,0.0019117,-0.72656,0.930836
587739843773792274,0.000429675,-2.11426,0.71965
587739843773792295,0.497176,-2.06176,0.8706
587739843773792456,0.999139,-1.42615,0.944691
587739843773857915,0.000517717,3.63996,0.981437
587739844316954980,0.778491,-1.78871,0.905469
587739844317020310,6.54541e-08,3.93222,0.984158
587739844317020376,0.000248257,2.03317,0.973141
587739844320297336,0.00441002,1.53936,0.973958
587739844848844853,0.0173486,-2.42095,0.129942
587739844848845008,0.909115,1.40791,0.998483
587739844856184892,0.44199,2.39357,0.993407
587739844857037217,2.77798e-12,5.07224,0.997476
587739844857495792,0.0945515,0.0358,0.604699
587739845393711248,0.00016499,3.86892,0.852993
587739845393711452,0.999762,2.77557,0.963403
587739845393776961,1.44939e-07,4.57436,0.958382
587739845394301397,0.732879,3.25708,0.700367
587739845394366778,0.638394,-0.08694,0.949492
587739845394432179,0.112083,-2.02983,0.353928
587739845394432359,0.0348259,-2.10977,0.837277
587739845920358555,0.939427,2.62863,0.999927
587739845920358599,0.903689,0.7833,0.851957
587739845920424045,0.593979,-2.45116,0.0916746
587739845921210509,0.860646,2.6445,0.958689
587739845921210538,0.00967901,-2.40066,0.251328
587739845929926848,8.56111e-08,4.49208,0.74804
587739845930057817,0.00872037,-1.78756,0.803102
587739845930123334,0.861039,-2.13697,0.965074
587741391032746120,0.0508236,0.88047,0.828486
587741391032811771,0.0627669,-1.53026,0.837615
587741391034187860,0.059256,-2.53511,0.289051
587741391568896086,0.00340008,-2.48939,0.185468
587741391568896124,0.000850423,-2.28336,0.766461
587741391568896253,0.992392,1.28728,0.923806
587741391568896306,0.0280575,-0.59612,0.984997
587741420567134367,0.37544,-1.37798,0.810928
587741420567265300,1.18626e-07,4.05093,0.936165
587741420567265379,4.43096e-06,2.47335,0.990956
587741420567527573,0.829122,1.26969,0.982726
587741420567592977,0.0129833,-2.4119,0.256289
587741420567593096,2.07178e-08,3.91094,0.999555
587741421103415448,3.45934e-07,3.97707,0.998638
587741421105643528,0.774344,-1.23082,0.952934
587741421105643621,0.0818179,4.10466,0.829268
587741421105643659,0.0640353,2.43844,0.957044
587741421105643695,0.960565,1.52325,0.99646
587741422171783615,0.00252539,-0.24459,0.8527
587741488761208974,0.999935,3.70312,0.787175
587741488761274453,1.1781e-07,1.99743,0.980722
587741489298210843,1.4218e-05,4.48352,0.837956
587741489823678561,0.000175966,4.19469,0.997551
587741489823678587,0.000404834,6.13491,0.990478
587741489831477347,0.264553,-2.31588,0.583005
587741489831542828,0.0224892,1.85211,0.710198
587741489835147290,0.0020148,-1.61234,0.923418
587741490357666046,9.36774e-09,4.23972,0.99753
587741490357862526,8.00175e-06,4.88386,0.998904
587741490360680576,3.65459e-05,-1.93277,0.767302
587741490360746106,1.25781e-10,3.4401,0.991135
587741490360746154,0.724789,-2.20436,0.820856
587741490371166352,0.96534,1.47811,0.651451
587741490371231823,0.0389886,5.43489,0.984923
587741490905350165,2.85614e-06,4.40654,0.996263
587741490905350202,0.208851,3.67003,0.990072
587741490905350298,0.323539,0.94788,0.967894
587741490905415749,0.000243712,4.3733,0.992138
587741490909151277,0.991867,2.50025,0.967514
587741531710750851,0.938983,4.65214,0.994897
587741532237988027,0.000610234,4.7944,0.98969
587741532247163033,0.71118,5.4157,0.997655
587741532247228442,0.994097,4.42729,0.98704
587741532247294053,0.234825,3.70271,0.988352
587741532247359680,0.0260471,-1.96493,0.622778
587741532247425030,0.0791798,-2.30353,0.443396
587741532247425093,0.251869,-2.06051,0.674845
587741532247425114,0.0169119,-2.09351,0.891517
587741532247425125,9.54497e-05,3.27539,0.915795
587741532247687237,0.851589,0.46256,0.949839
587741532247687299,0.451048,0.68052,0.99937
587741532763324554,8.91258e-05,0.18372,0.908061
587741532763324734,0.996099,4.74792,0.687468
587741532763390432,7.71464e-05,4.28284,0.916097
587741532763390482,0.933387,1.9715,0.953411
587741532770598933,0.150407,-2.29377,0.374376
587741532770599100,0.012396,-1.67514,0.714821
587741532770664487,0.00822217,-2.30664,0.282872
587741532773351488,0.0848716,3.8986,0.55121
587741532773351681,0.00275461,2.4494,0.796259
587741532773351694,0.00225906,-1.24727,0.85206
587741532773351720,0.493737,1.73995,0.997444
587741532773417081,0.999994,3.93312,0.755457
587741532781019196,0.19253,-2.32619,0.0742613
587741532783902845,0.23542,4.35169,0.997894
587741532783968278,0.000944057,4.3135,0.966209
587741532784295964,0.0125433,-2.34688,0.459339
587741532784296159,0.885744,1.41212,0.910392
587741532784296177,0.510861,-0.55883,0.592057
587741532791373854,0.000305777,-2.34595,0.548693
587741532791373946,0.016074,4.77154,0.994614
587741532791373976,0.625834,2.73566,0.998733
587741532791373979,2.55728e-06,3.95054,0.994736
587741533301702977,0.973047,-1.77974,0.883247
587741533301703226,0.0217263,-2.64984,0.082162
587741533307142202,0.201953,-2.65195,0.14291
587741533307207913,0.245346,2.35081,0.966253
587741533310222432,0.988149,3.41039,0.96839
587741533321756870,0.00637604,0.82641,0.874962
587741533321756972,0.00408968,0.93329,0.96373
587741533327720483,1.95004e-07,3.92126,0.981935
587741533327786177,0.185823,-2.20487,0.559815
587741533327786190,0.0682316,-1.97627,0.634252
587741533854892176,0.00406085,5.33784,0.856886
587741533854892236,0.997711,5.15775,0.830932
587741534394449962,0.346503,0.06368,0.998048
587741534394450054,0.998764,4.24872,0.960435
587741600423018639,4.80494e-06,3.84185,0.942985
587741600947306584,0.999949,5.31462,0.973379
587741600951566536,0.00073839,2.23961,0.982946
587741600954712170,0.999647,1.07664,0.988955
587741600959889429,0.000140515,-2.05372,0.871708
587741600960217155,5.0602e-05,-2.12727,0.571435
587741601488502966,5.48563e-06,4.01489,0.988212
587741601489027248,0.999984,3.78324,0.572603
587741602025308299,0.99952,3.1718,0.998944
587741602026029237,0.000545827,-1.45384,0.575715
587741602562048140,0.667361,4.64975,0.998267
587741602562244825,0.249949,-0.1853,0.996715
587741602562310203,0.0212536,-2.30622,0.40483
587741602562310292,0.901978,-2.1998,0.887742
587741602569060477,0.989068,-1.63138,0.984014
587741602569060506,0.66044,0.81497,0.99251
587741603103768606,0.998562,-0.4199,0.98469
587741603103834261,0.0217602,-2.17357,0.486149
587741603103834264,0.000168902,-1.3121,0.782928
587741603109666945,0.0206217,-2.29286,0.57765
587741603109732378,0.21291,-2.72679,0.174877
587741603109732465,0.0193906,-2.13957,0.532161
587741603110977658,0.0227158,3.98871,0.929532
587741603110977698,0.000562832,4.77487,0.998224
587741707802050761,0.989776,4.60921,0.992972
587741707802050767,0.758501,3.84236,0.994254
587741708323193271,0.523594,-0.15404,0.896704
587741708323258853,0.0900064,-2.36177,0.151278
587741708323258934,0.00302051,2.66948,0.981726
587741708330533012,0.00395283,3.29057,0.96751
587741708334661745,0.992447,-2.12429,0.918017
587741708338135159,0.00230552,-2.218,0.742732
587741708343115928,0.998789,3.81987,0.744578
587741708343181347,0.352909,-2.17313,0.561867
587741708343181437,0.999995,2.75175,0.783706
587741708343181448,0.999955,6.21807,0.755913
587741708343181470,0.743162,-2.01089,0.921554
587741708346327131,0.222188,-2.37489,0.504686
587741708871467050,0.291326,-2.29499,0.86075
587741708871467095,0.952938,2.53537,0.672515
587741708880117783,0.304894,-2.17636,0.273644
587741708880117827,0.71269,-0.89578,0.840918
587741708880117936,0.435178,0.13722,0.992674
587741708880773200,4.57169e-07,4.71722,0.963959
587741709411680328,0.10498,-1.67865,0.189971
587741709412073483,1.16601e-06,1.17556,0.96788
587741709416792103,0.000688106,4.77063,0.877334
587741709416792143,0.401349,-2.23045,0.30434
587741709416792233,0.035015,-2.37775,0.852787
587741709416792288,0.910302,2.28575,0.963879
587741709417185361,0.0129958,3.57143,0.994945
587741709953859685,0.00233557,3.63362,0.99327
587741709956808816,3.94629e-09,4.76161,0.990104
587741709956808870,0.482108,-1.33105,0.949686
587741709956874332,0.00652373,1.45694,0.998718
587741710490861597,0.929334,-2.41332,0.743741
587741710490861761,0.909413,-2.27675,0.717017
587741710490861762,0.0474302,-2.23637,0.333463
587741721210847254,0.349435,-2.47203,0.18777
587741721210847331,0.81382,-1.97033,0.890614
587741721210847388,3.30266e-05,1.5588,0.966983
587741721747783811,0.997051,1.84864,0.986676
587741722823688327,0.166815,-2.38182,0.202558
587741722823753842,0.433592,-2.46932,0.220449
587741722823819274,0.512054,-1.63831,0.293424
587741722823819409,0.00447373,-2.1996,0.634162
587741722823885009,0.0906471,2.05657,0.886387
587741723360886786,2.08041e-09,4.95165,0.98705
587741723362066541,0.000780491,0.91317,0.96287
587741724967632919,0.502785,-2.26611,0.19768
587741724967632978,0.448073,-2.57529,0.125476
587741724967633082,0.0950199,3.86752,0.817142
587741725503193217,0.728647,0.73323,0.948551
587741725503193296,0.00324984,1.48534,0.836384
587741725512958094,1.12233e-06,4.88997,0.987691
587741726050353203,0.00834456,5.42025,0.947724
587741726577459364,0.449686,-1.69078,0.877622
587741726577524773,0.840168,-2.53312,0.584355
587741726577524954,0.719496,-0.16197,0.917894
587741815174004813,0.0207095,-2.22468,0.115584
587741815174004881,8.56241e-05,5.4552,0.997701
587741815174070465,0.999721,3.68366,0.453926
587741815710941296,0.00168917,0.1765,0.944606
587741815713234950,7.45592e-06,3.67429,0.948586
587741816240799878,0.998272,-1.50295,0.937718
587741816240800053,1.17759e-05,2.90156,0.997803
587741816248664083,0.0236624,1.43544,0.926352
587741816784945262,0.000135577,2.14499,0.966187
587741816784945313,0.999915,3.56579,0.927759
587741816784945336,9.38259e-05,3.78593,0.988026
587741817321750712,0.997172,2.87538,0.972007
587741817325551695,0.0320028,-0.00498,0.723546
587741817325551737,0.862707,-2.03671,0.964094
587741817325551769,0.855224,-1.72374,0.973159
587741817325551774,0.00122885,-1.78778,0.922738
587741817860587545,0.051243,-2.28264,0.59468
587741817860653219,0.214702,-2.09938,0.462762
587741817860718722,0.000317614,1.35969,0.994309
587741828042457367,0.000898945,1.78054,0.971788
587741828044816508,1.30872e-05,2.23478,0.989419
587741828047110291,0.99942,4.53831,0.989119
587741828047175800,1.20024e-06,5.66013,0.984176
587741828047241286,1.37255e-07,4.25439,0.955526
587741828585816260,0.193625,3.61379,0.99918
587741829117181957,0.0141278,-2.24819,0.283145
587741829117182022,0.0501414,-2.10836,0.330575
587741829117182118,8.50715e-05,-1.7799,0.915995
587741829117182206,2.28288e-06,5.74286,0.99402
587741829117247493,0.996456,-1.07313,0.866016
587741829117247630,0.560725,-1.00108,0.900279
587741829117247656,0.899312,6.17371,0.998725
587741829117313058,0.079298,-2.18724,0.810013
587741829117313214,0.07683,-2.11107,0.723572
587741829122555934,0.0191195,-2.65512,0.24552
587741829122621563,0.993605,3.32332,0.94686
587741829122686990,5.44907e-07,0.87367,0.973898
587741829653397820,0.000136538,4.19029,0.994234
587741829656936476,0.584962,-2.31299,0.226164
587741829656936529,0.0149236,-2.26718,0.286461
587741829656936554,0.302156,-2.30478,0.913969
587741829656936643,0.0177815,-2.17151,0.852589
587741829656936688,0.468978,2.9684,0.993215
587741829657198596,0.00716158,-1.90102,0.555748
587741830731530308,6.48138e-07,4.32715,0.908759
587742008968806432,1.41879e-06,5.06791,0.955329
587742008971034714,0.00499019,-2.49191,0.0639253
587742008971034928,0.00716677,-1.86414,0.915235
587742008971034965,0.395802,4.59342,0.996934
587742008971100538,0.0718764,-1.93362,0.825452
587742009505677361,1.92831e-06,4.24162,0.98298
587742009505742924,0.00496107,0.44635,0.95085
587742010042810554,0.0146214,3.23184,0.882721
587742010042810761,0.0902411,-2.21696,0.409334
587742012741582968,0.0131461,4.45598,0.997349
587742012741582989,9.33981e-10,0.75484,0.986368
587742012762619960,0.886853,1.88514,0.919406
587742012763668584,0.792626,-1.05667,0.821466
587742012763734167,0.00260747,-1.98403,0.813437
587742013272293457,0.00350664,-2.43662,0.128008
587742013272293499,0.404584,-0.8306,0.987544
587742013272817844,0.000546289,0.01188,0.744877
587742013272817857,0.000188647,-1.89729,0.936456
587742013808836635,0.0357197,-2.19714,0.576125
587742013808836636,0.00053958,3.74193,0.919056
587742013810278463,0.00320136,-1.70089,0.864564
587742013810278502,0.999967,3.79775,0.993236
587742013810343949,5.10864e-09,4.80104,0.765304
587742013810344129,0.999934,4.47235,0.565649
587742013816569904,2.79581e-06,-0.38586,0.946483
587742013816569920,0.0537478,-2.38731,0.338277
587742013837672582,0.00898295,-1.09109,0.76795
587742013837672624,1.11149e-05,5.34452,0.91744
587742014350557248,0.684438,-2.07785,0.431477
587742014352916508,7.16724e-06,1.16034,0.88712
587742014352982184,0.994374,2.35619,0.818561
587742014352982208,0.895837,0.66103,0.96974
587742014374674593,0.000460891,2.75894,0.980249
587742014374674603,1.74367e-05,2.85549,0.95922
587742014374674751,0.0561665,-1.16175,0.912837
587742014882775069,0.0277254,-2.0489,0.285989
587742014882775293,0.999889,3.24187,0.94592
587742014882775296,2.96292e-07,-0.93416,0.928956
587742014903812167,1.342e-06,0.33165,0.958118
587742014903877727,0.632507,-1.73297,0.983194
587742014903877770,0.998926,3.48032,0.997755
587742014903943371,0.969597,0.51649,0.964355
587742014904008725,0.000407014,-2.06675,0.555596
587742014909579437,0.0551435,3.66346,0.991508
587742015425347644,6.44335e-05,5.51154,0.991196
587742059993759832,0.00120346,-1.11693,0.974583
587742059997691935,9.96635e-09,4.23323,0.992175
587742059997757522,0.631083,-1.04548,0.798696
587742059997823085,0.000561806,0.98538,0.942213
587742060524404805,0.944398,3.50196,0.994253
587742060524404810,1.39093e-05,1.41133,0.843615
587742060524404950,2.6324e-07,3.29756,0.987728
587742060530696249,7.08199e-06,5.39908,0.996422
587742060530696376,0.401408,-1.1139,0.988887
587742060535414851,0.0775238,-2.40351,0.461871
587742060535414924,0.98562,-0.66481,0.982292
587742060535414930,0.119918,-2.25252,0.455669
587742061045744056,0.782149,0.09182,0.985007
587742061047971925,0.355977,-1.3556,0.992129
587742061054001457,0.993072,4.14887,0.974032
587742061056163924,0.93897,0.77379,0.982565
587742061056229498,0.994483,0.96063,0.986185
587742061060882633,2.35154e-05,-0.07884,0.947315
587742061061800093,0.817723,-1.47934,0.944023
587742061061996578,2.03269e-07,4.21469,0.989483
587742061089849428,1.153e-05,-2.01767,0.769373
587742061089914904,0.331867,-2.12085,0.287837
587742061089915102,8.86838e-10,4.09242,0.998338
587742061095354592,0.0765076,-2.35959,0.126293
587742061097124240,0.0052998,-2.26807,0.856698
587742061097189777,0.928185,-1.99611,0.94797
587742061597819033,0.972789,-0.01383,0.991668
587742061599195300,0.999688,4.83675,0.971792
587742061599326311,0.00293185,-0.24013,0.935526
587742061601095738,0.999998,5.12014,0.607716
587742061602734109,0.0492909,-2.48019,0.223974
587742061625147419,0.319188,-2.41953,0.380101
587742061625147420,0.01131,-2.32848,0.702261
587742061625147526,0.099967,4.62352,0.987305
587742062119682294,4.07316e-07,4.27178,0.972092
587742062134952090,0.91099,-0.2341,0.972573
587742062139605064,0.000111246,2.19913,0.970204
587742062142095478,0.435237,4.01441,0.94997
587742062158086296,6.36655e-06,4.50533,0.997307
587742062158282923,0.877947,1.90762,0.982524
587742062158348443,0.778861,1.02882,0.982213
587742062161494145,0.0788404,-2.35105,0.189707
587742062161494270,0.194402,0.53226,0.983264
587742062161494276,0.987798,0.06405,0.933358
587742062161559692,0.000454827,1.72539,0.987516
587742062162280455,0.0251635,-2.46674,0.132471
587742062162280506,0.747947,-2.16512,0.413611
587742062162280616,3.07175e-05,0.15988,0.859748
587742062162280637,0.73962,-2.37095,0.699584
587742062163722387,0.0733489,-2.10309,0.703799
587742062671757456,5.20309e-07,3.96099,0.992351
587742062672478309,0.00086118,2.99287,0.984904
587742062672478326,1.88292e-05,0.59335,0.963017
587742062678376522,3.08652e-05,2.08155,0.956864
587742062678442085,1.93083e-05,-1.91296,0.856369
587742062678442138,0.00141302,-0.59504,0.704531
587742062691942488,5.74111e-05,-0.14618,0.923434
587742062692007968,2.31836e-09,1.12831,0.927197
587742062692008098,0.000652335,5.49245,0.941581
587742062693187611,0.00265797,-2.04436,0.639448
587742062693187648,0.0102005,0.56315,0.917738
587742062693187675,0.793407,5.09655,0.999043
587742062698561706,0.000386524,2.34283,0.974345
587742062698627081,0.16,-2.47108,0.441266
587742062698627100,0.0141886,-2.27934,0.249527
587742188824559748,0.99811,5.00186,0.889869
587742188824625218,4.99274e-05,-1.45982,0.895173
587742188828754059,0.155831,1.14946,0.988001
587742189361430656,0.0645287,3.85743,0.994139
587742189362151505,0.720632,-2.40494,0.756021
587742189362151623,0.00581651,-2.2115,0.484506
587742189366542385,0.000223871,-2.2232,0.390122
587742189366673493,1.17598e-05,2.67974,0.998257
587742189899612297,0.714308,4.82286,0.983965
587742189899677770,0.0425269,-1.97221,0.787175
587742189899808802,1.67689e-05,4.8387,0.955532
587742189913243671,0.889063,4.84056,0.994553
587742189913767955,0.998698,1.09331,0.980933
587742189913768025,0.058672,-2.17705,0.280866
587742189913899051,0.00395712,-2.00907,0.909823
587742190436286568,0.045623,-1.57582,0.82956
587742190437400746,0.243075,4.23516,0.992993
587742190437466176,0.105438,4.61526,0.997815
587742190974271512,8.48251e-07,4.86573,0.991241
587742190974337072,1.46362e-05,4.28185,0.996323
587742190974337178,0.00191701,4.58277,0.981756
587742190974337238,5.55241e-05,3.76141,0.951338
587742190978924555,0.0184703,-2.15448,0.896289
587742190978990136,0.0742638,-2.39514,0.728252
587742191508389957,0.00167589,2.61742,0.994977
587742191508389982,0.725721,1.19739,0.928252
587742191508390003,0.0172372,-1.78889,0.708867
587742191515730072,0.999998,3.01721,0.659532
587742191515992243,0.999986,3.34404,0.996693
587742550147137571,0.00227964,0.07147,0.544679
587742550147137703,0.952907,-0.85177,0.992227
587742550147137746,0.00212455,-0.39922,0.798596
587742550689054883,0.51125,4.6965,0.88982
587742551227957505,0.197504,-2.18086,0.574038
587742551227957788,0.0010029,-0.0476,0.987377
587742551227957804,0.000469681,-2.25012,0.438315
587742551228678284,0.951994,-0.59138,0.981531
587742551755522172,0.494313,4.78872,0.881022
587742551755653313,0.048665,0.54308,0.902425
587742551755784328,0.95771,4.37647,0.998835
587742551762403427,0.000889532,-2.12032,0.135246
587742551763845338,0.144848,-1.89043,0.742768
587742567321370727,0.00205794,-1.51013,0.967937
587742567321501836,0.514939,0.65257,0.983964
587742567321501844,7.26674e-06,4.98242,0.986465
587742567860928540,0.533327,-1.20894,0.9663
587742567861190762,1.94494e-08,5.01187,0.98691
587742567861256306,2.52465e-06,4.91803,0.987152
587742568396292218,0.111076,-2.48933,0.0952407
587742568396292304,0.99826,4.84356,0.998263
587742568396292312,0.225101,4.47767,0.995568
587742568398061700,0.849983,0.84239,0.814767
587742571077500942,0.0269026,-2.29129,0.353455
587742571077566552,7.35993e-09,1.95833,0.987953
587742571607949328,0.993424,1.45867,0.983225
587742571607949406,2.27744e-05,3.72665,0.968499
587742571607949430,0.998576,3.93287,0.99253
587742572151111798,0.0135518,-2.25227,0.104437
587742572681363470,2.31765e-05,-1.80892,0.807944
587742572681560102,0.101292,-2.05857,0.383185
587742572681560252,0.865075,-0.36284,0.856818
587742572681625659,0.862406,-0.1359,0.963941
587742572949733565,0.726703,4.66253,0.992526
587742573760544929,0.630547,3.69489,0.936741
587742575376269465,0.949577,4.9827,0.9983
587742575376334855,0.999879,0.99584,0.977565
587742575904358517,0.999733,2.89818,0.991927
587742575904423990,0.0169353,-2.39208,0.15338
587742575917400261,0.00347862,-2.29692,0.86841
587742575917400266,0.040504,0.13323,0.848498
587742575917465636,0.0728446,-2.29611,0.156344
587742575917465704,0.282988,-2.3594,0.570866
587742577531551814,5.7765e-10,5.1125,0.990531
587742577531617476,0.000344605,0.00582,0.788169
587742577531682944,0.486068,4.39417,0.997589
587742577531682981,0.00215917,2.50849,0.978821
587742589330063453,0.00366882,0.38011,0.856476
587742589330129033,0.000184873,4.4275,0.982085
587742589333471697,0.00996234,-2.25488,0.669658
587742589333536790,0.00482877,-2.2087,0.187589
587742589333536828,0.00046918,-1.52548,0.731514
587742589333536841,0.997359,1.90511,0.972832
587742589333668210,0.999974,2.56488,0.998058
587742589866934639,0.00273869,-2.29671,0.542906
587742589869883529,0.950181,-1.81116,0.729244
587742589869949155,0.268923,-1.70867,0.886186
587742593622147157,2.98171e-07,4.2801,0.945496
587742594158166031,0.0812534,-2.35213,0.438784
587742594694971442,0.774691,-2.08096,0.973309
587742610265145476,7.24547e-07,4.56976,0.983939
587742610266849358,0.0327537,-2.5277,0.228138
587742610266914886,0.354714,-2.06633,0.97132
587742610266914895,0.0716849,-2.09393,0.83804
587742610266980548,0.00260836,3.44405,0.975896
587742610268946499,0.470063,-2.06623,0.596186
587742610269012103,1.09166e-07,5.47395,0.994334
587742610802212886,0.307845,-2.31855,0.407758
587742610802212887,0.0357123,-2.20544,0.788841
587742610802278598,0.00179113,-0.98195,0.99651
587742610805031047,0.997004,4.09273,0.855909
587742610805031086,0.998586,3.87641,0.990006
587742610805031139,0.000374642,1.69892,0.969331
587742610809487667,0.00086389,3.10044,0.957207
587742611346817332,0.999403,5.24495,0.315887
587742611346882591,9.53366e-13,3.46741,0.997388
587742611346882735,0.159683,5.06685,0.997484
587742615096131850,0.0318993,-2.19603,0.238202
587742615099801891,0.973752,3.50211,0.996103
587742615635296281,0.0242766,-2.2647,0.833405
587742615635296294,0.00209837,-2.2991,0.718968
587742615635296550,0.00260196,-1.62319,0.895817
587742615635296557,0.000316807,4.54797,0.980399
587742615636607434,0.541606,5.37983,0.991049
587742615636672625,0.886801,4.1366,0.981859
587742627450912808,0.487102,-2.42511,0.559768
587742627982540925,6.61858e-08,5.1198,0.998973
587742627982606418,0.999098,4.16352,0.92849
587742627985948960,5.78491e-10,4.75774,0.999145
587742627986014501,0.986171,2.60111,0.990319
587742627986079901,0.557422,4.70069,0.894543
587742627986145466,0.00369802,4.48598,0.985767
587742627989881102,0.0324421,5.19989,0.999076
587742627993485348,0.00260183,-2.18881,0.424615
587742627993485560,4.79453e-06,3.65452,0.999626
587742627993485578,0.289911,2.32387,0.901377
587742628519411856,0.958906,4.47055,0.783083
587742628530815036,6.60453e-06,4.59573,0.952281
587742628535468137,0.988175,4.6305,0.99644
587742629592563751,0.490524,0.66009,0.735928
587742644626325557,1.17552e-06,3.91827,0.945175
587742644626522191,0.876711,0.57764,0.968978
587742644626719065,1.70952e-05,4.50932,0.95509
587742644626784732,0.00621711,-0.79285,0.892281
587742644627177900,0.0255084,-0.96864,0.83935
587742644627177980,0.021702,-2.12109,0.934608
587742644627243403,0.0107507,-2.20116,0.682908
587742646236414329,0.000659994,3.81338,0.986545
587742646236545489,0.999725,2.54936,0.944517
587742773474623610,0.205548,-2.28266,0.433276
587742774011560134,6.98767e-11,3.95031,0.989439
587742775085760596,1.05895e-08,4.11526,0.988744
587742775085760619,0.241125,-2.68408,0.198715
587742775085760708,0.41242,-0.93838,0.908131
587742775089037354,1.42825e-07,2.65551,0.918812
587742775089692822,0.00152264,1.61133,0.973255
587742775089758333,1.10729e-09,4.74788,0.991663
587742775089758339,3.88907e-06,4.91399,0.978114
587742775089758469,0.000742928,3.90417,0.919587
587742775642095751,0.375601,0.46111,0.913499
587742865279811595,0.000257075,-2.1398,0.730777
587742865279877322,0.99608,3.30349,0.996431
587742865279942770,0.0851485,-1.6581,0.864718
587742903404986565,6.07696e-06,4.49784,0.999983
587742903404986567,3.88991e-08,4.62569,0.999653
587744728761630951,0.957334,-1.67732,0.642271
587744729298174088,0.385337,-2.35912,0.402554
587744729298239635,0.591582,0.3048,0.853426
587745243622015018,0.534518,1.23874,0.971925
587745243629879444,0.999838,4.77913,0.997922
587745244158886143,0.000354114,2.21867,0.960117
587745244159017159,0.105728,3.53385,0.962077
587745244167798928,0.000512236,0.86635,0.967927
587745402004307974,9.43528e-06,4.81175,0.978901
587745402542882980,0.000411286,4.4749,0.878669
587745402542883015,0.000884263,1.69748,0.96374
587745403079950402,0.0436912,2.71324,0.934455
587745403080147145,0.000136752,-1.65051,0.783689
587745404154937532,0.999965,4.15601,0.735415
587745404154937575,0.994716,0.93156,0.997926
587745404155002986,0.999009,4.23116,0.938922
587745539444834374,0.209931,-2.51861,0.241235
587745539444834429,0.0120272,-2.26249,0.551453
587745539444834485,0.305893,0.87417,0.905003
587745539445620785,5.15603e-07,-1.65696,0.937172
587745539446538351,0.015519,-2.10489,0.17722
587745539446538481,0.0816594,-1.32559,0.942985
587745539446538523,0.861804,-0.0768,0.991865
587745539446538528,0.0110756,2.08457,0.990191
587745539981901955,0.0522888,-1.0366,0.322189
587745539982032999,0.997451,5.00035,0.854466
587745539982098559,6.92813e-06,3.92563,0.998073
587746210521022563,0.999895,5.12075,0.904994
587746210521022659,0.999958,2.15132,0.983551
587746210521088048,0.825003,-0.93326,0.712702
587748927622545523,0.0192029,-2.24799,0.238786
587748927622545647,0.93175,3.01197,0.943699
587748928159219933,0.629592,0.32382,0.908786
587748928159350798,0.0183732,-1.58483,0.963069
587748928159350856,0.190023,4.65052,0.994565
587748928163086408,0.648452,-1.64667,0.954577
588007003633745929,0.238252,-0.69325,0.455559
588007004191785023,0.0945314,-2.50598,0.251754
588007004191785035,0.0106693,0.20765,0.878486
588007004191785073,0.0692951,-1.73966,0.868637
588007004697329900,0.146033,0.82803,0.901521
588007004697395287,0.00708411,-1.93739,0.114864
588007004697395309,0.976703,-1.11568,0.889575
588007004697395416,3.23297e-08,4.19805,0.996616
588007004697395422,0.00731558,-0.77715,0.853805
588007004720005193,0.597638,-2.29847,0.266022
588007004720005199,0.395453,-2.56476,0.11256
588007004720005293,0.104792,-2.0549,0.774843
588007004720005310,0.156969,-2.41366,0.766565
588007005238394981,0.949215,0.75121,0.947603
588007005238591519,9.49917e-07,-1.47569,0.816467
588007005775331446,0.163174,-2.55354,0.206826
588007005775527965,0.635825,3.77024,0.975155
588007005776117928,4.62589e-07,3.28203,0.996806
588007005805281533,0.0128561,-0.80631,0.874214
588007005805281550,0.999738,4.64273,0.253114
588007005805281616,0.00552129,3.8747,0.993494
588009366398238815,0.00802027,4.73,0.977333
588009366936092835,0.0124774,-2.41883,0.764163
588009368546115585,4.19824e-07,3.42317,0.973128
588010135729537052,0.018945,-2.57002,0.085632
588010135729537116,0.995831,1.71621,0.99608
588010135729602699,0.00334884,-2.35969,0.12476
588010135729602768,0.000559015,1.8901,0.963522
588010135729864872,1.76501e-05,3.90649,0.99508
588010135729930438,0.018438,-2.36565,0.821148
588010135729995868,0.0818657,-1.89475,0.327342
588010137337135311,3.87771e-05,-2.24934,0.577652
588010137337200650,0.440194,-2.36767,0.29074
588010358004973614,0.000556108,4.88373,0.990596
588010358004973669,7.2622e-05,-1.29516,0.710983
588010358005039132,0.614517,-2.16253,0.939658
588010358005039138,0.209117,-2.00792,0.459178
588010358528278561,0.00772985,-1.76462,0.937452
588010358528278759,0.00159291,3.52749,0.914673
588010358528278769,1.37442e-06,3.66768,0.975305
588010358543351857,0.00827512,1.31978,0.870372
588010358543351885,6.36535e-08,4.05547,0.89501
588010358543351949,0.314958,-2.07377,0.618664
588010358543876329,0.494997,1.20813,0.977584
588010358543941775,0.000175294,4.89603,0.977535
588010359080812624,0.891263,-0.40893,0.948333
588010359080812714,0.421283,-2.33063,0.176803
588010359080878331,1.29337e-05,2.07744,0.986949
588010359349379305,0.000406326,-2.11725,0.865062
588010359349379324,0.646146,2.26192,0.978319
588010359608049919,0.979167,5.27947,0.998616
588010359615324383,9.40896e-09,2.30062,0.949089
588010359615389797,0.988215,4.40368,0.959517
588010359617028218,0.00212895,-1.56007,0.334865
588010877681139727,0.0114859,-2.48755,0.474914
588010877681139783,0.483176,1.37591,0.689224
588010877692411975,0.512583,-0.29244,0.744864
588010877692412030,0.00289715,2.89954,0.909292
588010877692412146,0.418462,-1.83139,0.82275
588010877692412160,0.00405863,-2.30496,0.515258
588010878217224267,0.231654,1.86152,0.971072
588010878217224307,6.57089e-05,1.62931,0.967137
588010878217289829,0.0595975,-2.39395,0.159952
588010878217289900,4.75317e-05,0.14824,0.788913
588010878217289913,0.169352,-2.53625,0.0821364
588010878217289938,0.991705,0.20341,0.988512
588010878217289963,0.192914,-2.40089,0.661659
588010878217355321,0.00685459,-0.32946,0.739215
588010878767595526,0.913407,-1.55239,0.857657
588011102107009059,0.00310153,-2.18662,0.626861
588011102107533477,0.895272,4.08931,0.991933
588011102107599014,0.225674,-2.18137,0.985793
588011102644404341,2.1335e-06,4.0081,0.956891
588011122508431532,0.00829496,-2.13777,0.588639
588011122510594203,0.685464,-2.10253,0.914143
588011122511904856,0.00348822,-1.58836,0.610825
588011122511904882,0.0160243,-2.35962,0.105765
588011122511970328,0.00389538,-2.19177,0.116906
588011122511970408,0.0160959,-2.16178,0.809866
588011122512035865,0.000672093,-2.24129,0.29954
588011123578503391,9.51853e-05,3.43748,0.993704
588011124116029516,6.96982e-05,-0.7973,0.888105
588011124116160562,0.0001878,-2.31236,0.645996
588011124654538769,6.25157e-06,-1.29639,0.923323
588011124654538798,0.00365414,4.99678,0.884694
588011124654669923,4.28616e-07,3.92323,0.987495
588011124656570447,0.92999,-2.28904,0.880203
588011124656570533,0.348175,-0.64282,0.876379
588011217525932153,0.00218153,-2.11713,0.842129
588011217525932219,2.38491e-06,5.36337,0.99787
588011217536090312,0.00153175,-1.57263,0.972838
588011218596004020,0.998641,0.32565,0.947023
588011218596069536,0.00018544,-1.51453,0.909113
588011218596134966,0.389353,-2.64621,0.235232
588011218608586847,0.809874,-0.59411,0.889467
588011219135234179,2.04311e-05,-0.99232,0.956856
588011219137200361,0.0991012,0.02011,0.93706
588011219137265667,0.0880604,-2.31428,0.789593
588011219674005629,0.218544,4.0705,0.934722
588011219682263252,5.39783e-09,4.13678,0.99169
588011219682328819,0.999971,5.13674,0.949039
588011219682328885,0.364853,3.00231,0.999122
588011219682394142,7.70364e-11,4.18655,0.984671
588011219682459693,0.715761,-2.36556,0.205978
588013381671125076,0.167132,-2.23709,0.533317
588013381671125077,0.00375438,2.2658,0.916897
588013381671125150,0.000237684,1.20043,0.915543
588013381671190605,0.0088478,-2.18185,0.110092
588013382191153418,0.680478,1.82291,0.976283
588013382191153458,0.0114667,-2.20132,0.747375
588013382191218699,0.888052,-0.35923,0.938189
588013382197903390,0.615436,0.53543,0.816902
588013382204194911,0.990659,4.0286,0.970396
588013382204194936,0.141897,-2.52395,0.178242
588013382204194957,0.00488487,-2.24338,0.280138
588013383257161769,6.36818e-06,-1.31522,0.859193
588013383263518729,2.35651e-10,4.74548,0.993868
588013383263518776,1.49928e-06,4.31894,0.960602
588013383263518811,0.901855,-2.22626,0.283489
588013383264632903,0.511679,-2.04999,0.885615
588013383264632916,1.71614e-06,4.08225,0.980718
588013383264698531,5.75566e-05,-1.42818,0.772319
588013383265615959,0.850487,2.38369,0.806672
588013383265616108,0.0055818,-2.2315,0.504498
588013383793967392,4.32136e-08,5.63668,0.994856
588013384342175859,0.142453,-2.06957,0.522527
588016878292762809,4.90289e-07,3.64978,0.927921
588016878292893841,0.112661,4.73488,0.970334
588016879363948551,0.00471134,-2.2318,0.221096
588016879364079692,6.8587e-05,-0.66014,0.979035
588016890638172258,0.00386044,-0.61371,0.889526
588016890639745113,0.00543092,-2.52945,0.203035
588016890639745114,0.647777,-1.43241,0.625792
588016890640728121,0.0181984,-2.13013,0.609663
588016891170914424,0.0711203,3.26262,0.999151
588016891173011521,2.62979e-07,4.72296,0.964222
588016891173011547,0.999888,3.16179,0.730866
588016891173077039,0.0112498,-2.44659,0.0929304
588016891173077135,0.038759,-2.35835,0.848333
588016891173077151,0.0301901,-1.39344,0.948009
588016891173142676,0.696581,1.2218,0.990479
588016891176681545,0.00309923,-1.88331,0.769321
588016891710472288,0.992038,0.81475,0.993946
588016891710668833,0.406305,-2.25589,0.122685
588016892244263087,0.486555,-2.10809,0.793055
588016892244328499,0.366342,-0.941,0.967953
588016892782641220,4.89508e-05,-2.2457,0.320803
588016892782706721,0.435706,-2.31192,0.555298
588016892782706877,2.91553e-09,2.41286,0.79145
588016892785524810,0.47595,-2.18795,0.274203
588016892785524821,0.000156191,1.89242,0.945285
588017109678162027,0.997579,3.77418,0.979898
588017109678293099,4.45111e-05,1.99231,0.907558
588017110216605791,0.000102151,3.6841,0.995869
588017110216671267,0.866116,-2.04967,0.72412
588017110760161351,0.75736,-2.30892,0.897355
588017111289954365,0.00187516,2.70494,0.993179
588017111289954370,0.0040501,-2.38692,0.141331
588017111290544176,0.70461,5.92904,0.99691
588017111290675353,4.71852e-06,1.8245,0.992573
588017111299195040,0.000504906,4.52398,0.998273
588017111299260536,0.999653,4.21149,0.996179
588017111829971027,0.102291,-2.07859,0.271137
588017111829971028,0.945571,0.85357,0.651102
588017111829971122,0.000202717,1.12635,0.973519
588017115585380417,1.58634e-08,3.56412,0.989725
588017564948365435,0.00486561,-2.32685,0.614838
588017564948430886,4.913e-06,3.8135,0.983608
588017564948430956,0.121075,3.69728,0.998868
588017564950265893,0.999931,3.09081,0.986678
588017566024597623,0.000145702,4.84441,0.969525
588017566557012052,0.0778044,-2.1917,0.159912
588017566557077557,0.997823,1.94876,0.996878
588017566561665069,0.104399,-1.2688,0.965912
588017566563369047,0.999922,4.34465,0.520169
588017567100239997,0.976651,1.22989,0.988227
588017567636652100,0.0157197,-2.44978,0.755389
588017570847457400,0.97505,1.55787,0.877792
588017570847457484,0.00189817,-2.15747,0.803921
588017571388325944,0.0162256,-2.29848,0.141959
588017603614146616,0.0345627,-2.45186,0.135558
588017603614146617,0.185709,-2.39262,0.709004
588017603614146717,0.0508919,-2.31355,0.375695
588017603614212127,0.54455,-2.36617,0.449796
588017603614539789,0.198766,-2.52443,0.0994606
588017603614539815,0.0818887,-2.28418,0.431491
588017604147282059,2.99803e-11,4.22521,0.991921
588017604151279751,0.998304,-1.21033,0.837161
588017604151279757,0.252243,2.08064,0.10149
588017604688347164,0.540825,-2.14295,0.848548
588017604688412782,4.49268e-11,4.78367,0.9966
588017605225218154,0.000816369,-0.99129,0.886859
588017605758484568,0.377869,-2.41577,0.76618
588017605771001969,1.28938e-06,2.08209,0.997699
588017605771067416,0.949938,0.39929,0.963048
588017625622315182,0.00048635,-2.06078,0.92713
588017625622380628,0.0141056,-2.3354,0.127147
588017626155253939,0.00143926,-1.62748,0.891881
588017626159382545,0.0144743,-0.47113,0.840709
588017627233124397,1.85676e-08,4.85494,0.971833
588017627233190085,0.0281554,4.63978,0.977007
588017627234697284,0.0593389,4.4724,0.949002
588017627234697295,0.00808669,-2.14776,0.232295
588017627234697446,0.599867,2.8432,0.991998
588017627234762838,0.00360557,4.26175,0.990544
588017627241840909,0.000624774,3.89268,0.993642
588017627766390819,1.84616e-06,4.75914,0.970073
588017627766456427,1.6624e-06,4.54855,0.996636
588017627766456456,0.603175,4.92614,0.995396
588017627778908250,0.632748,-2.38946,0.533384
588017702388695118,0.00132183,2.77855,0.969253
588017702388760578,0.997936,0.38898,0.97351
588017702388760608,0.136194,-2.12592,0.117453
588017702391251048,0.999467,4.81552,0.67161
588017702403244170,0.0012471,4.6556,0.961223
588017702930022444,0.62188,2.14886,0.97054
588017702930546711,1.87089e-07,1.89247,0.965675
588017702930546808,0.393485,0.03818,0.963581
588017702930546812,0.628399,-0.40876,0.994875
588017702930546838,0.0129644,3.69288,0.86242
588017702938214513,0.781265,-2.24709,0.918125
588017702938214603,3.82311e-06,0.32778,0.982815
588017702938280071,0.140453,-1.83368,0.663808
588017702952239437,0.169593,-2.42388,0.295131
588017703463026804,0.175094,1.37257,0.959564
588017703463026839,0.000981502,-1.62111,0.879246
588017703463026851,0.0110596,-1.86469,0.856435
588017703463026864,0.0268231,-2.47872,0.143047
588017703463092373,1.77067e-05,5.57024,0.818514
588017703467614320,0.000121669,4.36477,0.998514
588017703467614336,0.926731,1.50715,0.883794
588017703467614369,8.16503e-05,4.92664,0.945748
588017703471218804,0.0134621,-2.12205,0.532353
588017703471284365,0.771746,1.08551,0.989795
588017703471284376,0.00510039,-2.12518,0.761831
588017703489241159,0.0647603,-1.96071,0.48875
588017703489241284,0.153458,-1.33709,0.0726416
588017703489241360,0.00537957,-2.38715,0.118662
588017703489241401,0.0160017,-2.18706,0.307386
588017703489306719,0.156719,-2.45571,0.194941
588017703489634333,0.00920208,-2.15588,0.147476
588017703489634681,0.00208841,0.91256,0.919464
588017703491404095,4.18061e-05,4.34619,0.877647
588017704006254729,0.030217,5.23533,0.995907
588017704012152880,0.0493235,-2.728,0.103888
588017704024277153,0.00037974,-1.36364,0.563036
588017704024277241,0.63079,1.19507,0.996702
588017704024277257,0.000469728,-0.23652,0.988296
588017704024277265,0.0633928,-2.24975,0.248349
588017704026177570,1.1992e-05,-2.22281,0.857716
588017704028274940,0.000779743,-2.25216,0.761764
588017704028406071,0.307473,3.83895,0.997063
588017704531853432,0.00133743,5.08176,0.998486
588017704531853436,0.0332282,-1.78137,0.88413
588017704553939173,1.39722e-06,4.43397,0.979597
588017704554004512,0.236085,4.20266,0.987053
588017704554397844,0.999998,4.05558,0.0991435
588017704554397900,0.678432,2.21809,0.954194
588017704554463460,0.543603,-2.00009,0.808118
588017704554528837,0.989907,2.81378,0.950979
588017705072394255,0.0518722,-0.56707,0.693035
588017705079472215,8.70532e-05,1.51081,0.154595
588017705079472248,0.000110275,3.90559,0.946579
588017705079472253,0.414686,-2.33883,0.381143
588017705079472256,0.048366,-1.46178,0.285782
588017712052043885,0.0046911,-2.60841,0.169256
588017712052043886,0.394284,-2.51884,0.335016
588017712052043914,0.747416,-1.81391,0.855046
588017712052044013,0.868362,1.5087,0.990107
588017713125195975,0.999996,4.26145,0.425108
588017713125261318,0.263709,-2.64986,0.0835291
588017713125261396,0.0417368,-2.05137,0.695875
588017713662001387,0.00557465,0.80869,0.96496
588017719573282981,0.997851,1.87537,0.993742
588017720108187734,0.0731728,-2.32729,0.067027
588017720110547087,0.000172397,3.11461,0.863411
588017721174917303,0.999998,4.87816,0.841131
588017721175179340,0.252714,-2.50178,0.445853
588017723861958728,0.220755,-2.59804,0.11731
588017723861958793,0.00362962,-1.66441,0.896327
588017723861958857,0.0170142,-2.40204,0.542689
588017723862024313,0.00426656,-1.59926,0.83273
588017723868184615,0.0304875,-2.30043,0.218632
588017723868184701,0.933171,4.20759,0.970329
588017724406693895,0.00100249,-1.7825,0.767144
588017725482139760,0.892706,0.38375,0.896647
588017728156074053,0.0457987,3.85565,0.887386
588017728156074065,0.0111511,0.84058,0.906855
588017728156074106,0.00021631,2.09256,0.96855
588017728157712479,0.0433276,-2.26757,0.220327
588017947212972130,0.996819,5.63934,0.866003
588017947741388940,0.878912,1.18821,0.988985
588017947741388942,0.681669,5.08726,0.991527
588017947741519877,0.669839,-2.35814,0.432006
588017947743748181,2.72003e-06,3.50944,0.98911
588017947743813668,0.130242,-2.35577,0.266645
588017947743813749,0.00181952,4.5847,0.996667
588017947743813761,0.00486677,-1.65632,0.960314
588017947743813765,0.000699289,1.99088,0.998241
588017947752267835,0.000232735,-2.25155,0.682695
588017948288679980,0.213513,-1.6119,0.876791
588017948808446051,0.0100577,-0.56738,0.900787
588017948824567908,0.819666,4.163,0.994811
588017948824567933,0.011763,-0.13348,0.919063
588017948824567968,0.961148,1.46982,0.979124
588017948824633493,0.964232,4.97516,0.991329
588017977277612181,0.429151,-1.5835,0.864728
588017977277612195,0.018028,4.04267,0.980418
588017977277677607,0.0578832,-2.52785,0.0931479
588017977277677636,0.0775044,-1.86572,0.834742
588017977287180305,0.259092,-2.52087,0.169511
588017977287180375,1.58627e-06,1.09916,0.858843
588017977812254799,0.00240222,3.54889,0.984218
588017977818153099,0.994949,-1.16192,0.941571
588017977822674951,0.86776,-1.97658,0.16236
588017977822675011,0.353641,0.75025,0.92978
588017977822675045,0.0379093,-1.96203,0.33221
588017977822675055,0.148476,-2.41281,0.131881
588017977822675056,0.247547,-2.61006,0.113718
588017977822675111,0.269638,5.58452,0.995251
588017977822675124,0.18839,-0.78845,0.796896
588017977829032066,0.0057609,-2.522,0.148601
588017977832439858,0.45365,-2.14084,0.736008
588017978348011528,0.793533,-2.15545,0.732574
588017978348077182,0.848608,5.52137,0.951595
588017978348142677,0.996702,4.59584,0.978611
588017978348732509,0.999997,5.7128,0.541546
588017978348732519,0.158363,-0.17846,0.100308
588017978349125750,0.998985,2.17766,0.995244
588017978364198937,0.995345,-1.49322,0.98874
588017978367148240,0.933149,5.52274,0.9663
588017978369245497,0.000213264,0.90346,0.994952
588017978374946996,0.759998,2.36502,0.996936
588017978884489337,8.72362e-07,5.09583,0.942086
588017978884882566,0.949332,0.60019,0.983896
588017978885472419,0.992023,5.7049,0.98967
588017978891894872,3.04139e-07,3.34319,0.990815
588017978911752434,1.46659e-09,5.29354,0.986789
588017978911817773,0.0164126,4.57163,0.967162
588017978915160212,0.00278512,0.92795,0.725147
588017978915225966,0.000116209,-2.03836,0.708766
588017978917257898,3.08569e-07,5.56895,0.953606
588017978917323136,0.000940492,1.88385,0.951704
588017978917323229,1.65546e-05,4.85686,0.84131
588017979423260722,9.65585e-05,-2.10712,0.598169
588017979423326240,0.040485,-2.37113,0.362306
588017979423326352,0.999794,5.1759,0.994951
588017990148489433,1.87361e-05,-1.8433,0.899706
588017990148620457,0.88447,1.69269,0.971276
588017990149275764,0.701272,2.66445,0.87899
588017990149341359,9.73941e-06,0.71832,0.910739
588017990157336701,0.0616742,-2.37188,0.086797
588017990699581631,1.0,4.62162,0.647329
588017991229964372,0.671059,0.4542,0.935483
588017991230423201,0.000765177,2.61793,0.879286
588017991230488742,0.830608,1.89388,0.985389
588017991234748581,0.00248438,-2.25644,0.581527
588017991234748600,0.813085,-1.87803,0.934101
588017991234814079,0.99591,-2.21683,0.756595
588017991237370050,0.609143,-2.65325,0.329426
588017991237435564,0.01743,-1.12862,0.227656
588017991237435568,0.0897403,-2.13667,0.0825943
588017991772274821,0.126065,-2.46644,0.488001
588017991772274952,0.206825,-1.94445,0.805474
588017991773520165,4.84544e-05,3.29651,0.811135
588017991773520259,0.971196,3.92284,0.937403
588017991773520269,0.946903,-1.71972,0.880428
588017991774175478,0.980775,4.20083,0.99931
588017992311439653,0.0412882,-2.43076,0.632226
588017992311570600,0.0291696,-2.38951,0.587011
588017992312488194,0.840451,-2.61152,0.174019
588017992312488275,0.650308,-1.66396,0.897283
588018055128678723,7.85575e-06,4.52341,0.968479
588018055651524623,0.546769,-2.04483,0.820745
588018055665352725,0.0208681,-2.20991,0.689076
588018056204780049,3.55556e-07,2.09051,0.986487
588018056204780081,1.95407e-09,4.90798,0.995498
588018056204845140,0.910898,3.58972,0.824707
588018056204845540,0.687531,-0.62364,0.990573
588018057255715010,0.925944,1.77291,0.975379
588018089471770824,2.54103e-06,-1.81479,0.889217
588018090008510712,0.719808,-2.46444,0.247242
588018090008641768,0.920124,2.48245,0.993969
588018090012967168,0.0262264,-2.47609,0.0516631
588018090012967169,0.0714649,3.05388,0.1772
588018090013032848,0.206105,-2.34686,0.898274
588018090013032888,0.0243001,-2.20722,0.913381
588018090013098149,0.154319,-1.98467,0.837416
588018091086839912,0.000249466,-1.71384,0.541329
588018253227295019,0.418954,-1.13891,0.566338
588023045866651742,1.63684e-07,3.79075,0.991977
588023046407716914,3.43703e-06,-1.41373,0.983327
588023046411190371,0.955681,-2.20579,0.695316
588023046411190382,0.0115254,-2.28724,0.406945
588023046940459058,0.000810944,-1.50638,0.857669
588023046940524715,0.0154853,2.5712,0.978728
588023046940524747,0.852844,-2.0124,0.968106
588023046941311060,0.937012,-2.18346,0.919207
588023046941311273,2.80174e-05,-1.96183,0.687584
588023046941376722,1.55337e-09,4.75649,0.999863
588023240206975201,0.000387999,1.24303,0.889039
588023240207040666,6.73046e-10,2.90988,0.981095
588023240207106058,0.0125049,-2.13133,0.552867
588023240207106211,0.0294814,-0.76336,0.900105
588023668094926999,0.999958,4.23836,0.996784
588023668094992470,0.511286,-2.02061,0.784246
588023668094992573,0.00312411,-0.09891,0.958012
588023668097417444,0.000175561,-0.40156,0.874028
588023668097548301,0.231407,2.38427,0.925445
588023669707374632,0.162197,-2.09925,0.350397
588023669707374712,0.895699,1.2078,0.694563
588023670241230969,0.601991,-2.26095,0.187745
588023670241296436,0.868014,-1.53869,0.874763
588023670241296547,0.00591956,-2.22875,0.869039
588023670241296589,0.000273691,4.24831,0.998077
588023670242410519,0.863364,3.52847,0.989492
588023670781247627,0.00086236,4.67118,0.995914
588023720709325021,6.40351e-06,-2.33252,0.802258
588023720709390454,0.94526,-0.10193,0.983998
588295840710787165,1.95628e-05,2.82106,0.99401
588295841247657996,0.124178,-2.53952,0.377194
588295841247657998,0.027097,-2.3448,0.25386
588295841247657999,0.159986,-1.77311,0.315772
588295841247658170,0.596439,2.47357,0.987689
588295841247723539,0.000190973,-0.50397,0.557442
588295841247789197,0.00416568,-1.43103,0.692807
588295842325135447,0.029991,3.333,0.99532
588295842325135466,0.0788198,-0.71478,0.940921
588295842854862972,0.00895283,3.78566,0.987678
588297863109345414,2.86119e-06,4.14441,0.855327
588297863114522728,0.329648,-2.22661,0.907926
588297863114653790,0.119435,-2.13349,0.222385
588297863114653804,0.0100573,1.06371,0.971605
588297863646281923,2.50178e-05,3.55212,0.978817
588297863649493239,0.998791,4.36225,0.98431
588297863653163151,0.0636865,4.1283,0.675118
588297864181317772,0.000612373,5.21025,0.996681
588297864186953857,0.594935,2.05257,0.99246
588297864189575315,2.75322e-09,4.4175,0.994182
588297864189640754,1.33494e-07,3.09616,0.993122
588297864190296100,0.986193,2.69122,0.977632
588297864190296173,0.293617,2.86918,0.98749
588297864718254165,0.956693,-2.18115,0.900923
588297864723824657,0.00254244,-2.13775,0.65377
588297864723824723,0.998172,4.65546,0.602958
588297864724611117,0.0108494,-1.01523,0.879374
588297864724676644,0.0921438,-2.52196,0.157859
588297864729591826,0.849473,-1.94689,0.465692
588297865261547631,8.07859e-08,4.0822,0.963288
588298662500696193,0.612211,-1.16616,0.909352
588298662500761759,0.999755,2.27817,0.969841
588298662500827209,0.982307,-2.15301,0.916293
588298662500827310,1.68551e-05,4.43055,0.974524
588298663040712856,0.94487,4.91933,0.998242
588298663576731826,1.0,4.80671,0.529551
588298663577649284,0.023832,-2.27782,0.663807
588298663577714887,7.30934e-11,3.77425,0.997681
588298664114389154,4.60166e-06,4.37283,0.986312
588298664648573010,0.0018563,4.03708,0.68083
588298664648704035,0.0136646,-2.29779,0.109513
588298664648704181,0.00362095,-2.07925,0.935893
588298664648704193,0.834014,4.06147,0.998441
588298664649097346,0.078443,1.7091,0.999061
588298664649162757,0.000284326,-2.20925,0.457692
588298664649162874,5.69512e-05,-0.05256,0.832958
588298664649162912,5.22027e-11,4.69582,0.993034
588298664650080330,0.00192839,4.5651,0.964724
588298664650145873,1.98686e-05,4.59294,0.992895
588298664650407992,0.941572,-2.23694,0.907551
588298664650408184,6.7739e-07,4.40274,0.995566
588848898831155399,0.163092,-2.16512,0.0913796
588848898831417537,2.72701e-05,2.20488,0.997547
588848898835087367,0.120501,-2.41337,0.161004
588848898853634244,0.000559814,5.20629,0.994733
588848899368091673,1.31795e-06,2.08657,0.974626
588848899907584097,0.929484,0.75534,0.837137
588848899907584135,0.587095,-2.26435,0.161289
588848899931373877,0.00868514,-1.58643,0.824143
588848899931439284,0.00105657,-0.7193,0.959198
588848899931701462,9.05566e-05,3.05388,0.998779
588848899932553439,0.0111894,5.2052,0.569486
588848900436590603,7.90118e-06,1.79333,0.981981
588848900439867405,0.894129,-1.12315,0.95006
588848900439867499,6.15419e-05,0.27728,0.980192
588848900441899063,0.686675,-2.28485,0.694384
588848900441899191,0.999986,3.45244,0.993912
588848900441899246,0.642439,1.06507,0.983921
588848900453761226,0.897362,1.59846,0.982769
588848900453761236,0.0326012,0.22912,0.455934
588848900965990617,0.0525474,-2.12539,0.85029
588848900965990774,3.76224e-06,0.83177,0.955553
588848900971495625,0.363475,-2.38495,0.134738
588848900971560978,0.0246011,-2.21196,0.198792
588848900971561170,0.282792,4.23886,0.47642
588848900971561175,0.884357,-2.03198,0.826888
588848900976607330,0.00291411,-0.66086,0.929282
588848900989780194,0.349692,-2.26969,0.222246
588848901516558418,0.5353,2.91302,0.997671
588848901516623973,0.0310144,-2.59311,0.102385
588848901516689605,0.0291806,2.69023,0.987934
588848901522915437,0.33114,3.87655,0.993692
588848901522980870,0.835975,3.59625,0.986742
588848901522980966,0.912282,5.6514,0.999045
588848901522981001,0.267264,-1.76192,0.833565
