Group,Lum_BGG,Lum_group,FracLumBGG,z_group,DeltaR12,NbGal,RA_BGG,Dec_BGG,RA_Bary,Dec_Bary,Radius_Bary_arcmin,Offset_Bary,V_BGG,V_moy,Vdisp,Voffset,size_Group_Bary_kpc,M_group,M_virial,M_virial_over_L,t_cr,BGG_SFRcategory,all_SFR,Prop_M_Sat,Prop_M_Tot,Prop_G_Sat,Prop_G_Tot,Prop_Q_Sat,Prop_Q_Tot,lMass_200,r_200_kpc
1,187918700268.03207,4414497899807.863,0.0425685331679988,0.023882166195167285,0.43615799999999894,538,195.033861807,27.976940934,194.7837391338021,27.871534731288122,49.39943296859193,0.29739215487553466,-437.72545833972526,4.1671086242941787e-13,649.8700267774503,0.6735584660063509,1545.0689352919194,-26.932203286350642,857827991208924.6,194.32062505823387,2.1088465218188244,Q,False,0.09124767225325885,0.09107806691449814,0.19553072625698323,0.19516728624535315,0.6238361266294227,0.6245353159851301,14.505655184677533,1431.1773419852068
3,139023046100.58777,1988783276886.783,0.06990356753110512,0.037408634514124295,0.2065739999999998,177,240.58274434,16.345990189,240.6357138767487,16.165252394529205,24.75623264825187,0.4550498674583856,355.8078257030902,-3.198646620642078e-13,535.0947899432801,0.6649435434435944,1224.9688615167836,-26.066468648635208,458686158501592.2,230.63657253776483,2.03056991132461,Q,True,0.09659090909090909,0.096045197740113,0.2897727272727273,0.288135593220339,0.6136363636363636,0.615819209039548,14.265589522172696,1185.2341995227298
5,118114822052.82896,1593051067575.9028,0.07414377634017764,0.021936020102564104,0.24816200000000066,156,176.008979695,19.949825155,176.05594126070181,19.883817546768263,35.873404832612536,0.1328225056242079,-16.251734748541345,-3.2940032468057977e-13,444.62426653599016,0.036551614411773264,1029.0926286602653,-25.825574244918606,275610685647325.16,173.00806688307458,2.0529809781485873,Q,False,0.12903225806451613,0.1282051282051282,0.14838709677419354,0.14743589743589744,0.5483870967741935,0.5512820512820513,14.087754849587986,1039.10623832314
6,189941209867.56116,1840413500439.9783,0.10320572513848267,0.041736899194630875,1.058330999999999,149,234.912689103,21.782715602,234.92927152625913,21.7269935413173,29.06662833078018,0.11933549003118078,153.93332825392946,-5.966651483107633e-13,536.9545333436914,0.28667851502317254,1609.706377131019,-25.982288525980213,566774413503283.6,307.960365085231,2.659088373132904,X,False,0.17567567567567569,0.174496644295302,0.14189189189189189,0.14093959731543623,0.6418918918918919,0.6375838926174496,14.611553596125969,1543.557342802054
13,108826534598.27013,1102395659455.2786,0.09871821760623047,0.0276594197398374,0.6267239999999994,123,220.178480735,3.465422858,220.15144895644386,3.4959755902833187,31.04167228853871,0.07878715317379661,128.30242863557726,-6.839695927967144e-13,386.2807041577683,0.3321481690764846,1127.5982244732056,-25.425843736467083,222806066097476.0,202.11079768544272,2.589255984941021,M,True,0.14754098360655737,0.15447154471544716,0.21311475409836064,0.21138211382113822,0.639344262295082,0.6341463414634146,14.065053002894864,1019.3119233981396
27,85701416472.6734,1029747368695.0829,0.08322567173080132,0.03300349158333333,0.06006400000000056,96,167.661523674,28.768887329,167.68203372297148,28.65834456150942,19.04068343437013,0.3529182429960827,755.7000581132086,1.2718714970105793e-12,427.9835043892312,1.765722394351753,828.5424098295259,-25.35182672720196,190704465311538.53,185.19538977137972,1.7171622503712582,X,False,0.29473684210526313,0.2916666666666667,0.24210526315789474,0.23958333333333334,0.45263157894736844,0.4479166666666667,13.832720949085925,851.3840956935612
30,149157947985.6218,1305431772579.8499,0.11425947423575382,0.040821998344086015,0.653027999999999,93,229.853077991,20.896319496,229.98455554082403,20.82698202104756,26.242207253482,0.3225503334677916,20.717057493040073,1.8953918482512436e-12,378.33368156358773,0.05475869187067394,1420.4927455092422,-25.609385446685444,233376271802393.06,178.7732432321491,3.3303327899843085,X,False,0.2608695652173913,0.25806451612903225,0.25,0.24731182795698925,0.42391304347826086,0.41935483870967744,14.349118410016672,1262.3273530355552
32,113472755207.11925,1060480227715.3005,0.10700129266114188,0.03507168250561798,0.7293850000000006,89,229.185364781,7.021621675,229.1941482024801,7.01267338009273,21.98632140974844,0.03409236185145992,4.398242907883778,-9.771958523262501e-14,458.5190802552338,0.009592278919855639,1018.2119343668722,-25.38375643914656,289430790658553.94,272.92426873634776,1.9697195267875802,X,False,0.13636363636363635,0.1348314606741573,0.18181818181818182,0.1797752808988764,0.6022727272727273,0.5955056179775281,14.115124139621509,1056.7529042723154
33,88793259757.69518,830605337709.2667,0.1069018650934496,0.024349241730337083,0.17004200000000225,89,181.025699464,20.235082536,180.92449263284618,20.296814911594346,26.825327386754,0.25329781482160313,-651.0778600987703,-1.3105920842963826e-12,377.04863001040246,1.7267742362060996,855.7228718002062,-25.118486794210813,145097856735073.78,174.68929002459862,2.013072391393763,Q,False,0.22727272727272727,0.2247191011235955,0.3068181818181818,0.30337078651685395,0.36363636363636365,0.3707865168539326,13.777710826859328,818.4294868032022
36,111114720968.04568,948469474852.2161,0.11715160467906341,0.03292502296428571,0.5150600000000018,84,176.058210937,33.514508725,176.33373375684226,33.34979456402261,28.86322226799574,0.5879668146994469,-73.6927574042379,6.90241514738383e-13,262.143437447775,0.28111616343216633,1252.9053627540686,-25.26255839574076,109232949651004.88,115.16759637206542,4.2393853822270895,Q,False,0.37349397590361444,0.36904761904761907,0.20481927710843373,0.20238095238095238,0.40963855421686746,0.4166666666666667,14.03841487213525,997.0134839984144
37,98867783980.0591,950404406206.0553,0.10402706819798116,0.03313359953571429,0.06638200000000083,84,173.705394332,49.077634975,173.65475185674407,49.090581585738676,24.147938260034522,0.08846841880981945,256.52458403434474,-1.8328619045773633e-12,378.626667766713,0.6775132495220901,1055.024071038383,-25.264771102727423,189620472301568.3,199.51556523029953,2.4715806642220812,Q,False,0.1686746987951807,0.16666666666666666,0.3253012048192771,0.32142857142857145,0.4939759036144578,0.5,13.969528069282756,945.6053079559244
39,93384414457.54831,756113366216.3511,0.12350583739162163,0.027314086867469882,0.4675489999999982,83,123.936833501,58.32099189,123.86833845471857,58.13797036622021,28.583064237203175,0.39157623022562615,23.001126705742003,-7.177337706762265e-13,282.0720036771323,0.08154345842868714,1025.0639711242823,-25.016467288459005,110342868381678.78,145.934291485737,3.2234029982924897,Q,False,0.3902439024390244,0.3855421686746988,0.1951219512195122,0.1927710843373494,0.4024390243902439,0.40963855421686746,13.87905715095626,883.804103115993
40,122190769557.20798,1033248393724.886,0.11825885266243409,0.037132761725,0.31329000000000207,80,229.756033316,4.52067575,229.5643107041413,4.4883710056838515,28.189452819900254,0.41258248939028824,-21.75796222859391,6.544098596350522e-13,355.2127446291413,0.061253326513695035,1384.284496141928,-25.355511847013666,215478647562682.5,208.54486575670023,3.456690016457134,Q,False,0.34177215189873417,0.3375,0.13924050632911392,0.1375,0.46835443037974683,0.475,14.171171799903576,1102.4780049423714
46,158180447555.8916,1095530598824.51,0.1443870647936417,0.04050363780821918,0.7887120000000003,73,155.421773619,23.923065206,155.31564092168367,23.976255618441368,26.256570438077755,0.25278710176242886,-80.60767462998263,-9.91718123147359e-13,407.5502761387242,0.19778584226144397,1409.861076174445,-25.419061280426547,284040961433712.7,259.27250387938494,3.0684478646778413,Q,True,0.25,0.2465753424657534,0.05555555555555555,0.0547945205479452,0.6944444444444444,0.6986301369863014,14.443508325284188,1357.311973269655
50,139662689164.63968,962589967454.458,0.14509053063785166,0.039226694704225344,1.2187850000000005,71,233.133396618,4.680996916,233.11088000082015,4.715809453831843,22.4296014668357,0.11079654489040919,39.21067380908956,2.254522077634301e-12,397.055593969493,0.0987536113446622,1165.3209718115322,-25.278603327381308,216593091713310.34,225.0107512403071,2.603261905123157,Q,False,0.2857142857142857,0.28169014084507044,0.17142857142857143,0.16901408450704225,0.42857142857142855,0.43661971830985913,14.2124442627463,1137.1983118483245
51,90009344721.85501,1021386382436.3812,0.08812467668420418,0.03801029967605633,0.06388600000000011,71,241.566797134,18.249954686,241.4215564258737,18.15796672726701,17.984073316275147,0.5532392741479875,-242.7906867693407,1.3272137692465421e-12,341.9281590726912,0.7100634455722808,904.5821392215946,-25.342975158392104,129759966514631.97,127.04297682636697,2.3465875395158027,Q,True,0.4,0.39436619718309857,0.17142857142857143,0.16901408450704225,0.42857142857142855,0.43661971830985913,13.781447321261734,817.2215338132883
61,85251337240.46135,946627377442.4656,0.09005796712829889,0.034868094296875,0.35681100000000043,64,241.149144579,17.721559028,241.29701686665322,17.672255327785415,14.466663461703234,0.6190226831201322,144.57681459369508,4.1389114358025836e-13,370.0947954828001,0.3906480619515055,665.9797831014457,-25.26044765139759,118025633003474.73,124.68013900289729,1.596142595954003,Q,True,0.38095238095238093,0.375,0.15873015873015872,0.15625,0.4603174603174603,0.46875,13.679088931072222,756.2347095870606
70,128200228719.58524,1006452534328.1891,0.12737831576444822,0.04199523049180327,0.42761299999999736,61,212.506606523,54.881720834,212.6060818312418,54.97365108156926,27.112610543175073,0.2395595904131124,125.49004577763176,1.7041377416672567e-12,301.06175401468107,0.41682493410142896,1511.0687367452635,-25.326983244471435,160469509184233.5,159.44071251342967,4.451970240722404,Q,True,0.5,0.4918032786885246,0.1,0.09836065573770492,0.4,0.4098360655737705,14.23994536622749,1160.4256050282734
71,118549902190.4876,663513097568.0526,0.178670025693545,0.029857316360655736,0.3153550000000003,61,139.016329083,17.628364762,139.02722719432992,17.581218152478513,23.731111129462683,0.12206103015313106,-73.88560516866231,3.7181187090921966e-13,384.7785436796375,0.19202111547617645,932.0481796001171,-24.874623750350004,150948308144129.7,227.49861110111365,2.148578055832624,Q,True,0.4,0.39344262295081966,0.18333333333333332,0.18032786885245902,0.4166666666666667,0.4262295081967213,14.12306685201492,1064.9818011909556
76,167630715993.58972,1022525736757.6952,0.16393789414545823,0.04357740263793104,0.9195689999999992,58,232.373444842,7.573251432,232.30160706253193,7.6434835964674,25.78006369967054,0.23277005093898628,169.0351746826607,-2.2227736892467687e-12,380.2392600760376,0.44454950456420633,1492.6370202921185,-25.34418561979425,270182792643308.1,264.2307992168734,3.4819367067313114,Q,False,0.24561403508771928,0.2413793103448276,0.19298245614035087,0.1896551724137931,0.45614035087719296,0.46551724137931033,14.520131678702262,1438.1087353127696
78,121635739547.38411,725440928692.5397,0.1676714598480236,0.029598984396551724,0.18337199999999854,58,139.208372488,20.198497201,139.40661264832298,20.055323870636524,26.572235888586203,0.5302421799330304,-283.74859925733836,1.1907716192393402e-13,336.2279584424713,0.8439173249356298,1034.4080274352532,-24.971505136051086,149882773283347.12,206.60920463018329,2.728862657898384,Q,False,0.3333333333333333,0.3275862068965517,0.22807017543859648,0.22413793103448276,0.42105263157894735,0.43103448275862066,14.087657677978717,1036.5130169862434
79,114526924933.97787,932607065799.3151,0.12280297794636544,0.04563990499999999,0.643340000000002,58,230.466041678,7.708815434,230.48053806278168,7.6719480041371595,15.876761338582334,0.1495299745056641,-262.75049228771815,3.4968503188855687e-12,455.7476528797779,0.5765262654178339,964.1849429743435,-25.24424675379347,256317267996494.3,274.83950893810885,1.8765473371375654,Q,False,0.017543859649122806,0.017241379310344827,0.05263157894736842,0.05172413793103448,0.8245614035087719,0.8275862068965517,14.003776122917344,966.9067495437924
85,92409623324.85942,721539477020.4543,0.12807285847540642,0.030491855035087723,0.49917800000000057,57,244.418911431,35.004215289,244.46280803964862,35.03920328104551,18.057363630598502,0.16668293181987365,-156.67008151197624,-1.0171980217197224e-12,358.22659118625455,0.4373491118935862,724.6200298170947,-24.965650243227717,125718563104313.98,174.2365693190618,1.7942218201037483,Q,False,0.17857142857142858,0.17543859649122806,0.125,0.12280701754385964,0.625,0.631578947368421,13.74414463076079,796.0625948923462
94,125685969646.65051,627288217051.046,0.20036398935965144,0.025579643698113216,0.18178800000000095,53,214.538450174,7.56454998,214.53106600588035,7.487560129045167,33.17348152092385,0.13987757812191992,-49.4561258039679,-2.3933224375074167e-12,250.8042886181064,0.1971901121645936,1112.7155021812266,-24.813667824622982,85776511021424.28,136.7417858168443,3.93525428082929,Q,False,0.38461538461538464,0.37735849056603776,0.17307692307692307,0.16981132075471697,0.34615384615384615,0.3584905660377358,14.217553178165494,1146.6383885922662
95,142298656581.5044,455190391850.05554,0.31261348905707803,0.02411895405660377,1.3087460000000029,53,201.041759634,13.976539901,201.08527114812165,13.989757594166061,32.45345986449213,0.08179594581297149,-58.76012432477378,1.5690928640257005e-12,277.9044603982225,0.21144001877686733,1025.2929197851004,-24.4654827160107,107619841548603.83,236.4281924124069,3.272472915858247,Q,False,0.5,0.49056603773584906,0.28846153846153844,0.2830188679245283,0.15384615384615385,0.16981132075471697,14.2097115593738,1140.284188943603
96,123802210750.35738,843839335950.5769,0.1467130121528352,0.03588064554716981,0.2654330000000016,53,252.565417699,23.579821489,252.65460673301934,23.552480896678254,25.47391228437682,0.20303432828615145,62.156351927711185,-4.2578938278756194e-13,326.69047903029485,0.19026067766715568,1207.6503866612195,-25.135649415876372,151416428303114.38,179.4375088387474,3.2789014731866977,Q,False,0.3269230769230769,0.32075471698113206,0.07692307692307693,0.07547169811320754,0.5769230769230769,0.5849056603773585,14.040336692850884,997.5440638029146
99,129430670205.10014,781398517709.5914,0.16563976930041138,0.04368188409803921,0.5930740000000014,51,170.735308598,34.111490506,170.55426818783877,34.065389928312754,20.413832554060484,0.46104085609726864,-27.92311975289587,7.788105672350902e-13,306.27563545926427,0.0911699022712844,1184.8612687611837,-25.052181457613663,110050236914905.0,140.8375296608963,3.4314578886277523,Q,True,0.26,0.2549019607843137,0.16,0.1568627450980392,0.58,0.5882352941176471,14.226153072442631,1147.5833765632933
100,95223732372.17607,664622985256.5905,0.1432748106588777,0.03473410982352941,0.9463270000000001,51,230.772090356,8.609218112,230.77456416543646,8.583090227508595,16.816942900784394,0.09362746715395243,-26.506094317036364,3.856435867811681e-13,344.5430431807424,0.0769311551681281,771.1257102088146,-24.876438392001198,112319937308769.9,168.99797298675526,1.985204805300358,X,False,0.06,0.058823529411764705,0.14,0.13725490196078433,0.72,0.7058823529411765,13.79035849264509,823.6923519345272
102,166396121816.63455,619968279072.0243,0.2683945734541422,0.041367911359999995,1.5532250000000012,50,119.617121024,37.78661714,119.63849660912116,37.72627770967475,23.23707615773038,0.1617968795089845,4.143688957664775,1.2789769243681803e-12,318.33246896337545,0.013016859295431258,1275.1492684952705,-24.800923673034312,125316550279320.38,202.13380992152636,3.5530695465608773,Q,False,0.2857142857142857,0.28,0.20408163265306123,0.2,0.46938775510204084,0.48,14.42088839129456,1333.580337697002
106,95911879155.8458,485309511805.4835,0.1976303303824141,0.01643378306,0.9566840000000028,50,125.148698328,21.067794201,125.12025719302036,21.110946449822688,31.315617903874088,0.0970605245419476,-177.702255280333,4.376943252282217e-13,281.10354798906,0.6321594179496064,670.2500151289788,-24.535047008342573,71705110580627.52,147.75129857617046,2.1149208811926536,Q,False,0.14285714285714285,0.14,0.10204081632653061,0.1,0.42857142857142855,0.44,13.458713312954862,642.288837477148
112,137163955279.03188,571918305647.2495,0.23983137788149853,0.023564103469387757,1.3620319999999992,49,153.460530226,38.764911915,153.49249920351832,38.837011175461335,33.614765106691,0.13615898372630977,103.55285165825559,-5.35372200086998e-13,337.3783092027338,0.3069339339063148,1037.123909520889,-24.713334993571422,118031730092509.02,206.37865395640821,2.726698435115562,Q,False,0.2916666666666667,0.2857142857142857,0.1875,0.1836734693877551,0.4166666666666667,0.42857142857142855,14.222501527427932,1151.7348501189358
120,152757027906.4908,486392451295.6577,0.31406126369678417,0.029452745108695645,1.213522000000001,46,144.63695777,17.031291227,144.58870095528943,17.015782614166618,38.36721578461186,0.0761258513491616,-109.83540154472308,1.957390771206954e-12,400.07599763381313,0.274536343580543,1486.0256105779467,-24.53746706540429,241592255516636.2,496.7023128609007,3.294635830138181,Q,False,0.5111111111111111,0.5,0.15555555555555556,0.15217391304347827,0.28888888888888886,0.30434782608695654,14.379765906007828,1297.0727542245882
125,95979570020.03885,476206351530.7109,0.2015503777123583,0.033619406911111115,0.5880629999999982,45,238.758029329,41.578336722,238.79266508632404,41.617846284273675,21.943300860437937,0.12917696524318675,39.46277364618658,-1.1709744285326452e-12,408.62256769271534,0.09657512033418526,973.1058880050086,-24.51448795906833,193585247151638.38,406.51546651862316,2.112328077066778,Q,False,0.4318181818181818,0.4222222222222222,0.11363636363636363,0.1111111111111111,0.38636363636363635,0.4,13.898662280810033,895.4074896416779
126,106030790683.01562,469827605856.2551,0.225680205593232,0.03575745722222222,1.0679969999999983,45,168.013928628,27.589778419,168.0231839139118,27.701953294619006,18.75269427696231,0.35986536771901106,72.83153954877577,7.048583938740194e-13,380.34316212186155,0.1914890204479078,885.8835075887191,-24.4998463280325,141907407111787.53,302.0414410370012,2.0659729146896852,Q,False,0.29545454545454547,0.28888888888888886,0.2727272727272727,0.26666666666666666,0.4090909090909091,0.4222222222222222,13.854333904657496,864.8648614159281
129,112656226463.14844,476045692735.26764,0.23665002789090953,0.03066431474999999,0.7961419999999997,44,125.840271997,4.372479421,125.82698821119678,4.267276842003795,22.46632898762558,0.2831789850020513,377.77957225470203,2.7291300532603846e-12,424.1683058679761,0.8906360211936357,906.7604323818798,-24.514121600028137,199691369134940.66,419.47941590974636,1.8961730341376983,Q,True,0.3488372093023256,0.3409090909090909,0.18604651162790697,0.18181818181818182,0.46511627906976744,0.4772727272727273,14.085672819396036,1034.5849104289543
131,76011832032.94553,613691371473.2487,0.12386003057280878,0.03605395381818182,0.23107900000000114,44,170.72310273,34.340923831,170.46038507144362,34.330876658742326,17.206384796203807,0.7572896246948064,109.69146775118358,-6.834129222128964e-13,201.06340667695866,0.5455565961210515,819.7524617185996,-24.78987504281999,42813116328634.7,69.76326915898468,3.6163737875616326,Q,False,0.4418604651162791,0.4318181818181818,0.20930232558139536,0.20454545454545456,0.32558139534883723,0.3409090909090909,13.517534412444414,667.7910749545355
143,161369851743.81393,466084775442.7627,0.34622424984922273,0.033917305658536595,1.9242100000000022,41,161.086403897,14.084465099,161.1088938370991,14.134630898217745,23.67903718622738,0.1386095547790115,-53.49451807995091,-2.7971121354068336e-12,314.108267514797,0.1703059855864128,1059.6150188799684,-24.491162292575055,128848135910325.12,276.4478539079598,2.9922119821384716,Q,False,0.3,0.2926829268292683,0.15,0.14634146341463414,0.475,0.4878048780487805,14.222359699906422,1147.832742867327
146,106894460568.61185,422101562577.98663,0.253243460923844,0.029007930097560974,1.1136499999999998,41,198.15662788,47.063290904,198.03811252638616,47.11766450009721,27.3689626785106,0.21330866183203587,174.1795040589186,3.80573621397361e-13,298.91725966600416,0.5827013945382012,1043.6937184321698,-24.383542399680863,127756673131993.67,302.6680885797233,3.097032032488624,Q,False,0.55,0.5365853658536586,0.25,0.24390243902439024,0.175,0.1951219512195122,13.957776756253216,938.3451435261
152,108972672027.89758,573532449056.1304,0.19000262706536533,0.034926359149999996,0.7170139999999989,40,233.843550295,25.297130482,233.84078692185133,25.234871943353358,20.50159418840619,0.1823526669148625,22.681231850499927,1.3628209671878722e-12,227.137402734563,0.09985687771997759,945.4180298650591,-24.71639498561656,56253113423436.08,98.08183218929032,3.6919757926011614,Q,False,0.48717948717948717,0.475,0.10256410256410256,0.1,0.358974358974359,0.375,13.987205855717232,957.97498944255
153,116859063073.79828,273028154304.16278,0.42801103560775366,0.023122386900000003,2.030532000000001,40,188.921632042,26.523077863,189.01120153004013,26.555643193686198,29.4137043744403,0.17643989243291244,10.555680947378638,-9.904965736495797e-13,261.8781483970414,0.04030760493760572,890.204022766493,-23.910518583064242,66851408926298.22,244.85170438438902,3.0151846308181702,Q,False,0.2564102564102564,0.25,0.1794871794871795,0.175,0.358974358974359,0.375,13.953915362532614,937.3123212854988
154,90567087142.08617,395668032643.78564,0.2288966498934283,0.0229661434,0.28292199999999923,40,138.414479827,29.992941147,138.42645110115356,29.909041162346362,27.038069115341948,0.1875993378617236,117.16429405797363,2.842170943040401e-14,333.29519510057736,0.3515331027278006,812.6817212610823,-24.313327408914837,126113952744090.81,318.7367751228703,2.1627935156432483,Q,False,0.23076923076923078,0.225,0.15384615384615385,0.15,0.3333333333333333,0.35,13.819079082142704,845.2015925365098
157,140908892014.29587,445851209360.3112,0.3160446558314064,0.03712950897435898,1.5031560000000006,39,239.456737114,16.310172778,239.55085682570254,16.300781985124704,18.191226826758484,0.2995538753720402,58.88958422444963,-1.8973675906772624e-12,331.81813808454734,0.17747548269783384,893.2265531809608,-24.44297487248114,132723911236535.6,297.686556524008,2.3877294871374275,Q,True,0.5526315789473685,0.5384615384615384,0.3157894736842105,0.3076923076923077,0.13157894736842105,0.15384615384615385,14.20461241173045,1131.1423334550384
174,101713172394.40437,564105591718.7089,0.18030874695729593,0.03647933392105263,0.8136880000000026,38,161.918683713,38.93158051,161.77594393746492,38.905754529179084,21.28631642021051,0.3213906095899689,-48.63963399647262,-3.2011820095297146e-13,270.79607031770547,0.17961720766260356,1026.4132229994887,-24.698401011769356,82363475064429.2,146.00719488258457,3.3620448322326335,Q,True,0.40540540540540543,0.39473684210526316,0.13513513513513514,0.13157894736842105,0.4594594594594595,0.47368421052631576,13.95373130269164,933.2124482636556
180,117273530577.93794,390947053212.69775,0.29997292373536416,0.03239466662162162,1.2033939999999994,37,243.146769603,29.365063759,243.12315291279927,29.394309795182213,17.894635458041343,0.11990468847723028,549.5570220216864,9.469422243332578e-13,348.54919139265155,1.5766985997755258,763.9677039554109,-24.300294859892567,130480168770001.58,333.75406643367853,1.9441713541233483,Q,False,0.1111111111111111,0.10810810810810811,0.2777777777777778,0.2702702702702703,0.5833333333333334,0.5945945945945946,14.062044412868817,1015.4321505747153
189,101984741634.31075,447198851082.06464,0.22805233373820927,0.03326984661111112,0.8005129999999987,36,167.435194137,21.758940384,167.48804598713718,21.815676943510283,19.587025969354904,0.22979585355950644,-104.96164458220144,-2.3343796031996236e-12,317.8373189110107,0.33023700596841077,859.3623139968796,-24.4462516977876,101246640871402.31,226.401835841977,2.3982532168560455,Q,False,0.11428571428571428,0.1111111111111111,0.14285714285714285,0.1388888888888889,0.6857142857142857,0.6944444444444444,13.89079538626808,890.1164282245253
191,77415085896.38231,440390879029.0911,0.1757872144560661,0.030176332583333337,0.41538399999999953,36,196.48288252,53.659259269,196.45352082184914,53.64251038421752,19.27014951620436,0.07520431671061148,-65.52300166236127,-9.529167578471566e-13,191.481797566031,0.3421891923683515,765.1083743006366,-24.4295957892123,35804309365687.59,81.30120552138513,3.5442070036481517,Q,True,0.5142857142857142,0.5,0.08571428571428572,0.08333333333333333,0.4,0.4166666666666667,13.58658375579569,705.4568791828394
200,87482341784.55429,511688941426.7293,0.17096781794937663,0.036608907457142854,0.2630069999999982,35,200.061366255,33.14340258,200.0950225284457,33.214246325650436,15.290715357820078,0.2991568150158171,65.72430226532444,6.829330751705649e-13,281.63382190008093,0.2333679308184855,739.9977300039212,-24.59251507785512,84073993398606.55,164.30684072277418,2.330607815798311,Q,True,0.17647058823529413,0.17142857142857143,0.20588235294117646,0.2,0.6176470588235294,0.6285714285714286,13.66035616426243,745.0249524911777
202,78312087365.20381,366208256205.18304,0.21384577228462673,0.040183973428571426,1.042895999999999,35,231.103257185,20.761707686,231.13494505338855,20.779000934060562,12.946871981840196,0.15898511398941007,-157.99825562947944,6.33398095877575e-13,249.50985629257156,0.6332345261912766,689.543164750424,-24.229320328231594,59155068542297.45,161.53395653961834,2.451305115644185,Q,False,0.058823529411764705,0.05714285714285714,0.17647058823529413,0.17142857142857143,0.7352941176470589,0.7428571428571429,13.455408488638314,635.854308251894
213,82631797476.73099,420114596778.63116,0.1966887085341425,0.025331806382352943,0.42391999999999896,34,181.047063325,20.409840378,181.51638069091766,20.572495699034018,13.534808543419938,2.077962453309046,-103.75175013918283,-5.400124791776761e-13,173.78315713937857,0.5970184444052349,449.50774485476325,-24.3784194281385,16962854639578.955,40.37673237170834,2.2943153769867157,Q,False,0.42424242424242425,0.4117647058823529,0.30303030303030304,0.29411764705882354,0.24242424242424243,0.2647058823529412,13.723542215366416,784.8563856197006
214,88900294569.61876,300529338937.4666,0.29581236522174265,0.031515852,1.0700359999999982,34,246.855140244,42.679726377,247.0092828223566,42.72473679260548,18.99319479686531,0.38506102375802764,-20.02315461644482,7.999875272028422e-13,217.34420056535302,0.09212647296022457,788.3622303837029,-24.014717190153682,47851173626065.46,159.2229690293972,3.2173727043619893,Q,True,0.21212121212121213,0.20588235294117646,0.24242424242424243,0.23529411764705882,0.5454545454545454,0.5588235294117647,13.711640453844227,776.1954147766828
224,101208362907.72462,475100679509.51984,0.2130250855717765,0.03161408296969697,0.7933620000000019,33,175.636868024,26.488879217,175.83408942692506,26.41103143126547,25.88873306626732,0.4472430010054868,-79.93067180553781,-9.12939757461462e-14,271.94684083342224,0.29392020720144457,1078.0066121450172,-24.511964128915956,84359085926736.53,177.5604404814289,3.5160984479254687,Q,False,0.34375,0.3333333333333333,0.34375,0.3333333333333333,0.25,0.2727272727272727,13.83864609753457,855.6432206674142
225,75205915084.44658,374197958745.51965,0.20097895599583368,0.027148738393939394,0.4177839999999975,33,141.970101969,29.985751394,142.06398993598847,29.993934795994317,24.488980233052903,0.20024128266903193,115.52526877834225,7.23461694592102e-14,250.33784334148297,0.4614774467828082,872.8162464393538,-24.252753535221743,73447242852091.33,196.27911145832974,3.092572821823211,Q,False,0.4375,0.42424242424242425,0.15625,0.15151515151515152,0.375,0.3939393939393939,13.82295713248372,846.6009619075625
226,95834879253.10152,395815845698.61096,0.2421198653226071,0.03694509033333333,0.7407269999999997,33,197.157967543,43.73753701,197.1325733053396,43.562477038843696,19.473376355000337,0.5423454928740881,-135.84969923314137,-6.201100239360874e-14,229.5120985090525,0.5919064838657431,951.305748891987,-24.31373294083132,61535800051041.36,155.46573165213053,3.67653036484223,Q,True,0.34375,0.3333333333333333,0.1875,0.18181818181818182,0.46875,0.48484848484848486,13.796233828729534,826.8308681755594
227,69051767566.94012,402712728597.78076,0.1714665632928312,0.03337121600000001,0.33722299999999805,33,156.782440087,11.010721141,156.77614315266703,11.005194787442766,16.528034837902737,0.03009917590847366,33.42108858783475,-2.8688701246265378e-12,204.98402517660668,0.16304240566572564,727.4153792963676,-24.33248839157766,38252024651633.03,94.985884317151,3.147647436818467,Q,True,0.28125,0.2727272727272727,0.25,0.24242424242424243,0.46875,0.48484848484848486,13.446653673107113,632.9735277196417
229,67010058951.07287,623666144876.6362,0.107445400879228,0.040358985666666666,0.15311699999999817,33,164.554346406,1.606878998,164.66694831008485,1.6989056831281237,15.47133426884707,0.5638333780602923,-180.48876394565588,6.026156005177516e-14,241.3095344729297,0.7479553774776492,827.6882727865205,-24.807380423570486,64822031973449.375,103.93707034758387,3.0423973904106236,X,False,0.21875,0.21212121212121213,0.25,0.24242424242424243,0.40625,0.3939393939393939,13.425847570507452,621.5550363457336
240,96908974979.97495,540133809314.695,0.17941660623490693,0.040408660781249994,0.18158500000000188,32,162.495232384,0.322301336,162.44175443832498,0.3443843018374056,15.741522114936311,0.22052694183074356,-55.85296231649445,1.5631940186722204e-12,258.5885308020765,0.21599164565904833,843.2097070834825,-24.65125340626194,75590072397242.47,139.94693739528878,2.8923440953207313,Q,True,0.3870967741935484,0.375,0.3225806451612903,0.3125,0.2903225806451613,0.3125,13.878870702515677,879.9953498246929
242,77003275639.08005,368339005825.6808,0.20905544734928896,0.023959187,0.03373200000000054,32,203.116412501,7.316439183,203.1133183377868,7.310337984991824,26.38460102631685,0.015530858669575256,-90.46041707679329,-5.329070518200751e-15,306.93329471538624,0.29472337681930405,827.9414234957663,-24.235619278931196,97262985427527.86,264.0583372632501,2.392650309643748,Q,False,0.3548387096774194,0.34375,0.1935483870967742,0.1875,0.3225806451612903,0.34375,13.64379875836842,738.5797808138724
243,84150984259.0134,311926964049.04364,0.2697778453220944,0.0342557274375,0.9208399999999983,32,240.883682193,17.198696271,240.9363492716308,17.183446086022016,14.873717586989663,0.21208362663951172,14.714767892923478,-4.4586556668946287e-13,215.80389659664098,0.06818583039965813,672.3925504994667,-24.0551322957543,40663677108678.02,130.3628150026958,2.76367666061091,Q,True,0.22580645161290322,0.21875,0.25806451612903225,0.25,0.5161290322580645,0.53125,13.49688156301358,657.6664449147044
244,50135113214.84412,293222548238.3398,0.1709797337075621,0.023031438625,0.6123189999999994,32,182.023128718,25.237293934,182.0467572833317,25.237524047258447,18.488252461578597,0.06936652551588347,146.9413730081179,-2.255973186038318e-13,173.08598174204712,0.8489501664387082,557.3073197295146,-23.987993409115795,23720116089508.44,80.89458410349822,2.8559886111215516,Q,False,0.06451612903225806,0.0625,0.1935483870967742,0.1875,0.7096774193548387,0.71875,13.066348933864848,474.2870986670079
260,117518759906.59572,425566416019.33685,0.27614669645655476,0.04149743480645161,1.2949920000000006,31,145.887856213,39.415110396,145.89872784961977,39.388308653489915,18.223448808812137,0.0924768335485157,-53.57383763170028,2.051405640339644e-12,365.9096130089952,0.14641276349956217,1003.2483529761664,-24.392418369687316,163140553139400.94,383.34921882554795,2.4319702392404308,X,False,0.4,0.3870967741935484,0.23333333333333334,0.22580645161290322,0.3333333333333333,0.3225806451612903,13.906414350128104,898.4827978039773
273,63967945142.970474,311476024506.33594,0.20537036596750727,0.025713061533333335,0.04154799999999881,30,203.646086603,34.777769068,203.667468802545,34.684447036704874,22.736075566465686,0.2506028580488889,226.1840455106175,-4.0643044485477733e-13,239.5493980216784,0.9442062780310098,766.6740738317282,-24.053561557461236,64845285121844.586,208.18708349902394,2.8388295237010013,Q,False,0.3448275862068966,0.3333333333333333,0.13793103448275862,0.13333333333333333,0.41379310344827586,0.43333333333333335,13.542323058594542,682.8596373950858
286,119267468149.43094,508782561140.2136,0.23441736659005188,0.03843141893103449,0.13987900000000053,29,232.457649336,3.510881414,232.35513388392292,3.5137284186167212,26.01087831194161,0.23612234511188596,-304.5864262862905,-1.2476150381001483e-12,238.46582522591686,1.2772749554269727,1323.2228186621378,-24.586330542910005,74528728445530.67,146.48443979390157,4.9218735600431724,Q,True,0.32142857142857145,0.3103448275862069,0.25,0.2413793103448276,0.42857142857142855,0.4482758620689655,14.104260086233817,1046.8524818408778
288,96691077517.20387,383059538238.6809,0.25241788250931513,0.03839254900000001,1.2777069999999995,29,230.480303015,8.423789652,230.6857646922141,8.601445249075427,19.581386418034864,0.8270380290410979,341.3651274472884,-3.4476023568553e-12,309.79646592944016,1.1019012964629553,995.1067382505298,-24.27816570201656,134963558156972.9,352.33049874580684,2.849159928858763,Q,False,0.25,0.2413793103448276,0.10714285714285714,0.10344827586206896,0.5357142857142857,0.5517241379310345,14.061952988161988,1013.417799843503
290,81883651264.9402,268702973041.0998,0.30473667759684814,0.03288807341379311,1.5321330000000017,29,123.648095338,55.144305007,123.70703546224999,55.13494304369729,15.153041980476997,0.1384495850546215,-89.90725909697713,-1.3240596358784763e-12,298.9137385263536,0.3007799492262186,657.0128683736857,-23.893181179184904,76086403840095.67,283.16174912012525,1.9496273979259724,X,False,0.14285714285714285,0.13793103448275862,0.10714285714285714,0.10344827586206896,0.7142857142857143,0.6896551724137931,13.604270164138196,714.4819172255808
291,64130466634.62996,414335826889.3064,0.15477895579559187,0.03756442248275862,0.038626000000000715,29,227.881399961,4.517495902,228.0342804502401,4.502709405691619,15.64711964343395,0.5871599608340525,238.45485625496192,1.0447428363038163e-12,322.31605196457036,0.7398168809823109,777.5511593485915,-24.36338121900251,83632531768160.12,201.84721267297823,2.139787559876207,Q,False,0.14285714285714285,0.13793103448275862,0.14285714285714285,0.13793103448275862,0.5714285714285714,0.5862068965517241,13.516525033026836,666.9516626561295
292,50988894964.03672,299159432294.6511,0.17044053925672725,0.030735269758620686,0.30398999999999887,29,221.758663825,13.668369525,221.75746424428706,13.628711615563661,12.698758342254218,0.18745945272485487,90.04699937395323,1.1153070804068882e-12,193.18721704012754,0.4661126173542226,513.7455945570168,-24.009756751013356,22600712105746.105,75.54738265275883,2.3588120857780184,Q,True,0.25,0.2413793103448276,0.17857142857142858,0.1724137931034483,0.5714285714285714,0.5862068965517241,13.145111248405028,502.6154332821628
293,52289826400.86249,302798996673.3809,0.17268824195367385,0.02056056148275862,0.3147170000000017,29,210.702598749,9.341375704,210.643856831575,9.198121432913586,19.521200105238954,0.47499377745645927,2.402168069838781,3.5674145629886407e-13,190.68446803057952,0.012597607422609772,524.3490399777129,-24.022886079481445,28417682530822.34,93.8499890786479,2.439095345645273,Q,False,0.32142857142857145,0.3103448275862069,0.21428571428571427,0.20689655172413793,0.14285714285714285,0.1724137931034483,13.141317019851725,502.7693451614817
307,104654522376.19913,383741294827.045,0.27272155430488054,0.04164260160714285,1.5636600000000023,28,235.690132319,8.241109845,235.82753366321387,8.264544011519435,18.79406701687938,0.4405102071264387,-28.574845509385746,1.7124079931818414e-12,251.82998296061007,0.11346879816871125,1038.3908316403051,-24.280096341561904,91262865932280.33,237.82393806070095,3.657438470339002,Q,False,0.2962962962962963,0.2857142857142857,0.2962962962962963,0.2857142857142857,0.3333333333333333,0.35714285714285715,13.802066887279764,829.2911370159133
308,92694763343.65154,366993735858.7779,0.25257859817891065,0.028621552285714287,0.43084900000000204,28,223.636430927,2.966436646,223.3736193758467,3.1536620910558892,19.06148315892844,1.014746303405153,-208.5298438092331,-4.100846646386864e-13,244.8346709413549,0.8517169688731779,717.0083907494187,-24.23164662857856,61678597586525.54,168.06444241397065,2.597615934660953,Q,True,0.37037037037037035,0.35714285714285715,0.18518518518518517,0.17857142857142858,0.4444444444444444,0.4642857142857143,13.783557231245524,820.9990999977969
310,98255846146.39772,384647220925.29175,0.25544405575071477,0.043323874607142855,0.8223070000000021,28,217.452067863,53.96501454,217.52359448259008,53.99058682677074,13.719678353345751,0.21528719262404444,46.39059081064553,4.4361339998236613e-13,272.94194164768885,0.1699650501883132,789.588300666232,-24.282656497522805,76162256736890.84,198.00547773016015,2.565984613661805,Q,True,0.2962962962962963,0.2857142857142857,0.3333333333333333,0.32142857142857145,0.37037037037037035,0.39285714285714285,13.762656882169605,804.1472175838655
312,83169789059.58778,262780881120.58096,0.3164986307410396,0.030424702178571426,1.126928000000003,28,206.317352546,23.218962412,206.44012968815613,23.073714111274956,16.289141412371862,0.6776132319063406,284.84396083254893,6.090366306515144e-13,296.2054165833545,0.9616433221179498,652.1916571790099,-23.868984411295852,73946497455024.72,281.399838297571,1.9530162769828656,Q,False,0.4444444444444444,0.42857142857142855,0.18518518518518517,0.17857142857142858,0.3333333333333333,0.35714285714285715,13.65749346434366,744.8567623452287
313,83320602170.79395,331287660115.22217,0.25150529947845013,0.024277746678571428,0.4209799999999966,28,176.550752073,20.391651809,176.45223864171518,20.630111697064617,28.94944014411054,0.529934272705279,-21.678037919273258,3.166990479387875e-13,232.9513409063808,0.09305822338230545,920.7212874861962,-24.12051314868713,73345893985799.66,221.3963959909943,3.505795582986001,Q,False,0.37037037037037035,0.35714285714285715,0.14814814814814814,0.14285714285714285,0.2222222222222222,0.25,13.568936475880896,697.2678258769888
316,52956783626.18142,229611196304.1123,0.23063676544780481,0.024284818999999996,0.017261000000001303,28,140.543091777,33.848554343,140.18546210899538,33.5668799786105,22.189027116961803,1.1078281368771534,-47.15501157231771,1.3043534506453269e-12,189.28225514088692,0.24912536855195705,705.9192896961149,-23.72248265328848,27499138811985.457,119.76392812989735,3.3080248832326964,Q,False,0.25925925925925924,0.25,0.18518518518518517,0.17857142857142858,0.4074074074074074,0.42857142857142855,13.196467916120035,523.8928474053077
329,125078884676.11685,481401982148.55304,0.2598221222893085,0.040207827629629635,0.36758000000000024,27,187.549393643,47.006307429,187.66533118244294,47.05007746048457,20.64978324384603,0.2624892902406471,-125.6887079210578,-1.5526674596239225e-12,251.23042481088328,0.5002925422574512,1100.4677983806585,-24.526269685321182,79724705557640.8,165.6094252080562,3.885337287067943,Q,False,0.23076923076923078,0.2222222222222222,0.15384615384615385,0.14814814814814814,0.5769230769230769,0.5925925925925926,14.030434570000596,988.6205977578476
335,85314411626.9915,293973479943.3136,0.2902112518566047,0.03109331907407407,0.3636310000000016,27,243.892434941,19.461975282,243.8758691817423,19.500883707136186,20.79827373851663,0.12094966922076204,195.222219246823,8.947575191053113e-13,254.71018692359468,0.7664484157651019,851.448542678109,-23.99077038356633,70700423617492.67,240.49932541916948,2.9650751957636863,Q,True,0.3076923076923077,0.2962962962962963,0.2692307692307692,0.25925925925925924,0.4230769230769231,0.4444444444444444,13.593464909512416,708.9858965808108
336,68625512371.8459,282649416420.6365,0.24279375220686109,0.03329524059259259,0.6158900000000003,27,155.848980865,12.835046799,155.76835194675286,12.983145237680505,16.32621808214878,0.6161603886650184,85.72873844765384,9.726540560627149e-13,175.11966009244776,0.4895437691141911,716.8574938531004,-23.94812023279957,30448298685191.895,107.72461189121648,3.6309606626236364,Q,False,0.19230769230769232,0.18518518518518517,0.2692307692307692,0.25925925925925924,0.5,0.5185185185185185,13.444683848699777,632.0325653638131
348,86073210044.79735,425876719927.66693,0.20210827691970687,0.0374787448076923,0.5999240000000015,26,231.700860511,48.614973527,231.41553235088713,48.47816414840719,15.689015317932613,0.8919491945691408,230.24162382152767,1.3128643471505851e-12,232.29937834506327,0.9911417992669774,777.8064007814171,-24.393209751256897,61145428867851.35,143.57541984975512,2.9699359611212612,Q,True,0.4,0.38461538461538464,0.28,0.2692307692307692,0.32,0.34615384615384615,13.752901325703322,799.6470975000875
350,61250607428.43679,318094040208.4237,0.19255502991600773,0.03902896461538462,0.21892400000000123,26,241.663940367,17.761189576,241.65555157645068,17.742488745255148,10.042161750314031,0.12150344801287893,77.32998241105649,-6.132530380944865e-13,216.29505049585396,0.3575208135081177,519.0320985310005,-24.07638883066811,30355212120014.75,95.428421419418,2.1284882402143652,Q,True,0.28,0.2692307692307692,0.04,0.038461538461538464,0.68,0.6923076923076923,13.39926496404522,609.2618216973618
351,51611728020.95015,184060882158.0863,0.280405740838631,0.01975971476923077,0.295850999999999,26,239.262559987,48.16837353,239.1456673765677,48.0827782379775,19.41724050029351,0.35789223974544676,12.623422312627303,-4.285119267968604e-13,223.6695329977087,0.05643782657138667,500.94222150932035,-23.482403747902744,37097607926372.8,201.55074501115553,1.9865725319117067,Q,False,0.24,0.23076923076923078,0.2,0.19230769230769232,0.28,0.3076923076923077,13.152171014247696,507.1030176862697
369,117377376938.78201,448658082594.1412,0.261618772719096,0.0317751354,0.36471199999999726,25,249.474675718,36.073053206,249.16238565066732,36.22723285457885,33.0261461971586,0.5369663166003215,-108.34001588754766,-4.911271389573813e-13,274.9186823648685,0.3940802238523743,1382.3775131601662,-24.44978873997687,100981712551153.27,225.07498798924334,4.460114691462518,Q,True,0.4166666666666667,0.4,0.16666666666666666,0.16,0.4166666666666667,0.44,14.083689453302323,1032.6462565337904
379,76035989142.94809,254789222040.4252,0.29842702345895983,0.033039464360000007,0.8434829999999991,25,245.430275475,37.996042792,245.48041695892294,37.94185876134366,20.461421250117574,0.19667356330167107,37.89128593950494,-2.019078237935901e-12,229.65191010960086,0.16499442970634742,891.3587985786279,-23.835452631888163,64766648413616.19,254.1969707154262,3.442754967559007,Q,False,0.25,0.24,0.20833333333333334,0.2,0.5,0.52,13.689951032479158,763.0106203935966
387,134855790771.50748,309108589116.38245,0.43627319175117757,0.03741686975,1.0656629999999971,24,136.796203376,50.712731625,136.70819837647073,50.572683172836214,30.82306291083283,0.2934659780023767,182.39252537409786,4.121147867408581e-13,218.59365645627824,0.8343907519136012,1525.5079829079975,-24.045277682134355,63763330188264.625,206.28132777073077,6.190141117430083,G,False,0.4782608695652174,0.4583333333333333,0.08695652173913043,0.125,0.391304347826087,0.375,14.240021533012234,1162.198650668421
389,151467549747.76385,352907223364.37164,0.42919934679652555,0.040202486833333335,1.9375299999999989,24,147.467155964,34.714119475,147.34504546062442,34.77995041707101,21.05768861980043,0.3419283870104815,-170.16908780169717,-6.655416958286272e-13,291.17452803292304,0.5844229883407094,1122.0524785899197,-24.189151369158512,77554117403841.53,219.75780678132512,3.418089333682117,Q,False,0.5652173913043478,0.5416666666666666,0.21739130434782608,0.20833333333333334,0.17391304347826086,0.20833333333333334,14.183911040768404,1112.216215322154
402,90158608452.8542,489088853504.06805,0.18433993702149318,0.04178062170833333,0.36288499999999857,24,226.799902551,20.479606588,226.94062063128328,20.446379909014105,16.241817598420504,0.5022628991220847,257.57056669423594,1.6579330501069003e-13,249.3725133577013,1.0328747271547731,900.4406237860685,-24.543469413049742,70341052334627.336,143.82059993939785,3.2028021955755652,Q,True,0.391304347826087,0.375,0.21739130434782608,0.20833333333333334,0.391304347826087,0.4166666666666667,13.864073948201352,869.6745952307307
403,86910530328.76897,421657233874.57996,0.20611654051361564,0.030775115500000002,0.5770680000000006,24,208.805764405,25.051809808,208.8723452541795,25.092024061772626,13.218928939003156,0.3290083004243775,307.66129388808343,-5.494863823211441e-13,328.6596667960446,0.9361090665226303,535.4987918155947,-24.382398888509837,80214822217295.95,190.237035613518,1.4452257953367735,Q,True,0.391304347826087,0.375,0.21739130434782608,0.20833333333333334,0.391304347826087,0.4166666666666667,13.819952005067796,843.6789960922578
406,87137280148.43542,287721241279.2005,0.3028531357678896,0.040498947083333334,0.95702,24,188.703831023,50.805173203,188.65621620158973,50.76162561495643,13.863090284021716,0.22912798103121065,-70.32382817317306,-1.6579330501069003e-13,290.65681697120283,0.24194797461137924,744.2975667867418,-23.96742981313576,81451676309731.97,283.0923290459895,2.2713795211114878,X,False,0.4782608695652174,0.4583333333333333,0.17391304347826086,0.16666666666666666,0.30434782608695654,0.2916666666666667,13.695740486172106,764.5825599982161
407,96955578056.43675,410752540736.9999,0.23604376952233216,0.029738761000000002,0.7258620000000029,24,224.150664471,9.369744353,224.07660041845895,9.397134105988249,21.79151311474094,0.21486600796626457,-7.469055066473183,-6.252776074688882e-13,200.39049916789568,0.03727250092937124,852.3969723117546,-24.3539506461816,43626507722077.45,106.21116948856806,3.77301377849782,Q,True,0.30434782608695654,0.2916666666666667,0.30434782608695654,0.2916666666666667,0.391304347826087,0.4166666666666667,13.689999637525236,763.8407116086878
410,82733081407.60204,343165297038.6992,0.24108813484794797,0.042830546125,0.23733099999999752,24,240.493816117,47.096664581,240.44917882477975,47.20736255990901,17.95299746086208,0.38361725549656034,-129.69528580985215,-2.5579538487363607e-13,183.4230996106942,0.7070826198288179,1021.0934436782029,-24.158758407246562,30725341641586.242,89.53510715310267,4.937818009099656,X,False,0.30434782608695654,0.2916666666666667,0.17391304347826086,0.16666666666666666,0.43478260869565216,0.4166666666666667,13.629723447110718,726.2620506135619
412,69053421161.47408,215182371239.41217,0.3209064978870651,0.0267300635,0.7726910000000018,24,185.777759564,10.621234908,185.79498352454166,10.657898159344763,17.90640654230351,0.13531189395745577,-37.84845604607507,-2.652692880171041e-13,254.89455066071238,0.14848672106942967,628.1690961227721,-23.65201672246905,34670304836007.42,161.12056315911306,2.1859470389485245,Q,False,0.2608695652173913,0.25,0.13043478260869565,0.125,0.5652173913043478,0.5833333333333334,13.427045414257648,624.8356114948926
428,114205652648.9614,523807221907.68286,0.2180299313801544,0.044238698478260875,0.28824200000000033,23,128.893483404,52.788891254,129.00407771070655,52.75451126127184,18.612818529270093,0.24249328146402147,161.37765725199455,-1.6361018819936917e-12,332.9758113872518,0.4846527937860133,1094.53668827684,-24.61792870473923,151644422981601.2,289.5042615665337,2.9156893963461243,Q,False,0.5,0.4782608695652174,0.13636363636363635,0.13043478260869565,0.3181818181818182,0.34782608695652173,14.012651558149663,973.9557096416592
436,89244857411.87392,284280737472.6528,0.31393212992652764,0.03598317078260869,0.5526869999999988,23,212.983404017,27.113909924,212.97918139665998,26.831787386514918,20.94684476145312,0.808181773838487,-112.02169737606413,2.095174275619565e-12,211.74701992951802,0.5290355321805884,995.9460992849483,-23.95436858351427,54979063877288.805,193.39707771293396,4.1719793287282085,Q,False,0.5,0.4782608695652174,0.09090909090909091,0.08695652173913043,0.36363636363636365,0.391304347826087,13.765726975631674,807.9440526359483
442,81641692608.62369,317993395155.1382,0.25674021489909715,0.0374462077826087,0.6454899999999988,23,197.844318351,34.418043567,197.75339082758373,34.445824737972984,18.71079195627759,0.25646278417005725,24.973563721364286,-1.924026155788654e-12,239.6366279425924,0.10421430119334221,926.7882552884163,-24.076045249037605,65419772848063.6,205.7268290624323,3.430448798660942,Q,True,0.4090909090909091,0.391304347826087,0.09090909090909091,0.08695652173913043,0.5,0.5217391304347826,13.554948010450886,686.9394353435724
443,95158765658.83133,333589580328.6913,0.2852570082227084,0.02345217686956522,0.5243189999999984,23,202.358049323,11.007911159,202.41824217885588,11.270925163084161,27.49706656460208,0.5882005740907674,65.04002668338677,-8.427654709363275e-13,150.45323231879672,0.432293980534587,844.2733416572848,-24.128031192471028,29547626411510.258,88.57478816453589,4.977430145623081,Q,False,0.36363636363636365,0.34782608695652173,0.22727272727272727,0.21739130434782608,0.36363636363636365,0.391304347826087,13.513792424387388,668.5462901826646
444,77472719297.69682,290486256287.122,0.2667001196129615,0.03600280686956522,0.8080809999999978,23,164.426911875,37.654549203,164.36691901586775,37.615824917653775,13.309739475133437,0.27630248162800003,-10.137897118197294,2.5579538487363607e-13,242.39993138637243,0.041823019751760115,633.1839870021629,-23.97781397383083,54340612873256.32,187.06775861900005,2.316973413559692,Q,True,0.4090909090909091,0.391304347826087,0.18181818181818182,0.17391304347826086,0.4090909090909091,0.43478260869565216,13.504732634093571,661.2724804191454
446,62664272197.167366,241637469379.75888,0.25933176819810105,0.025921357608695652,0.4098540000000028,23,188.941066058,26.908879711,189.014991291219,26.99378637958888,14.366366193910745,0.44887243561855406,-61.280583349166555,-8.032222230331567e-15,210.99477389022786,0.29043649858857823,488.4421144585471,-23.777910697007904,30825463958875.035,127.56905639675259,2.053359652169077,Q,True,0.22727272727272727,0.21739130434782608,0.3181818181818182,0.30434782608695654,0.45454545454545453,0.4782608695652174,13.32556403001317,578.1623601910293
470,113711084091.15382,255739014327.51694,0.44463721888568636,0.026754374590909093,1.2813809999999997,22,217.606583924,11.927996728,217.5123833152088,11.896710974066297,30.68118778932647,0.19035157291991056,-147.19727728379092,-7.86764592868911e-13,267.16004407137507,0.5509704035101318,1077.3155055883026,-23.839492467452075,113139789871204.44,442.40332343781483,3.5768030237393202,Q,True,0.5714285714285714,0.5454545454545454,0.3333333333333333,0.3181818181818182,0.09523809523809523,0.13636363636363635,13.89876483179775,897.4334150071171
477,90180201216.40239,333523092235.3114,0.27038667881136497,0.03515851372727273,1.255426,22,240.400725981,12.360202334,240.53257741314636,12.567233558818653,18.77239781119905,0.7792193602413787,160.76588339615526,-1.007678788896142e-12,242.2598772431593,0.6636092002754278,871.5790708935957,-24.12781477166724,75097227052881.34,225.16350082259913,3.1911625015258243,Q,True,0.6190476190476191,0.5909090909090909,0.09523809523809523,0.09090909090909091,0.2857142857142857,0.3181818181818182,13.649543397090293,739.2099925011235
479,89837901748.04903,255188347859.64413,0.3520454695582757,0.03117041181818181,1.1254489999999997,22,219.817443997,20.043697721,219.74095733956224,20.04417267753257,19.244763982576785,0.22402592970299356,-126.29056228032843,2.4778563039779495e-12,194.65270658753983,0.6487994156070731,789.8484051155137,-23.83715210051672,26093588169513.77,102.25227126696818,3.5992077768637993,Q,True,0.5714285714285714,0.5454545454545454,0.09523809523809523,0.09090909090909091,0.3333333333333333,0.36363636363636365,13.62497569376941,726.3242471398089
480,72914986546.69844,333046847327.7939,0.21893312346816332,0.03144800513636364,0.28729900000000086,22,249.375656315,44.144491904,249.22078540311898,44.276231706567344,14.484129261420298,0.7136394414054826,248.16099001076995,-2.8421709430404007e-13,219.78837174507063,1.129090624951754,599.8775440592462,-24.12626331728648,40148106984142.58,120.54792683453239,2.420925990560213,Q,True,0.47619047619047616,0.45454545454545453,0.14285714285714285,0.13636363636363635,0.38095238095238093,0.4090909090909091,13.617097428631904,721.8818216407869
481,70240371519.49823,289096401665.4132,0.24296522237862783,0.035842925409090905,0.7069289999999988,22,240.51778299,17.075854864,240.369174421135,16.92262934860983,17.809528982927482,0.7040682910451775,376.78066684499447,1.2822066640761809e-12,286.2945842304501,1.3160593584323872,843.3915878235676,-23.972606715283696,82013908641059.53,283.6905204236289,2.6130020601344595,Q,True,0.42857142857142855,0.4090909090909091,0.14285714285714285,0.13636363636363635,0.42857142857142855,0.45454545454545453,13.57270633275304,696.7236232335244
482,67556135794.46969,362400172840.6241,0.1864130893342025,0.044884072272727275,0.34372000000000114,22,205.597141983,29.847835704,205.64537409586455,29.80158524521725,7.704336049049513,0.4857260428880261,43.13064049460009,-5.477638544768773e-13,330.63507630931844,0.13044786710485218,459.8806023745803,-24.21797099033555,65613676861060.055,181.0531058712148,1.233729037038519,Q,False,0.19047619047619047,0.18181818181818182,0.09523809523809523,0.09090909090909091,0.6190476190476191,0.6363636363636364,13.468137285391682,641.1271149546992
483,66140153728.10941,338430465001.5521,0.19543203277460874,0.03357137009090909,0.44521999999999906,22,230.045604094,25.722035929,230.0223701094054,25.726807467601375,11.009020791136088,0.1170038084694545,111.6070145526342,5.632666050752794e-13,269.83909178049436,0.4136058041709629,487.49547650339855,-24.143673626657268,51610135679596.266,152.49849235458035,1.6024679182149977,Q,False,0.09523809523809523,0.09090909090909091,0.23809523809523808,0.22727272727272727,0.6190476190476191,0.6363636363636364,13.327411774458334,577.5778613673725
484,45522447110.04411,288727784769.1465,0.15766562662627628,0.03515622295454545,0.018954000000000804,22,194.815374113,38.882747973,194.91907613740503,38.772725564378796,8.278273168064151,0.9893178422536384,12.126887654633551,1.2776850284849801e-12,258.87171141639374,0.04684516353015584,384.3242369550341,-23.971221446983577,35901304088978.01,124.34308709736074,1.3168514872248307,Q,True,0.09523809523809523,0.09090909090909091,0.3333333333333333,0.3181818181818182,0.5714285714285714,0.5909090909090909,13.031650575950438,460.0487689516525
510,149503031838.23178,428793314515.49,0.3486598945861854,0.02816730619047619,1.0429110000000001,21,216.825955529,4.802819477,216.77547998272183,4.7744051381110175,28.021623322616374,0.12369783651727516,143.07798074452856,1.4616879135636348e-13,319.7616933922791,0.4474519109110496,1036.9732099924904,-24.400620013705336,99240683041343.38,231.44176852075978,2.8765022711302297,Q,True,0.65,0.6190476190476191,0.05,0.047619047619047616,0.3,0.3333333333333333,13.950894706519064,933.6506662702814
521,76671648318.98474,391587706123.0421,0.19579687288470052,0.030107262761904757,0.035082999999996645,21,221.750426259,11.592023459,221.72250918264274,11.583555961012529,13.035414277128401,0.13177454351479997,502.8213216027984,1.2965713159203352e-12,224.90048005562642,2.235750326003885,516.3515292147354,-24.302072621727557,32859948821129.3,83.91465898269101,2.036473227181145,Q,True,0.3,0.2857142857142857,0.25,0.23809523809523808,0.45,0.47619047619047616,13.652574644415388,742.1248368587553
526,56792109431.545685,283081447434.3558,0.2006210931386286,0.036478293190476185,0.4623249999999999,21,203.239771067,32.605210818,203.17991812860245,32.64763572954032,13.863940404442939,0.2851368245649749,10.661383813974325,1.437326448337574e-12,203.77110371225865,0.05232039096685479,668.4911897670613,-23.949778518865713,39699068137904.14,140.23903190303568,2.9098909242827644,Q,False,0.15,0.14285714285714285,0.25,0.23809523809523808,0.55,0.5714285714285714,13.27217519349242,553.0893526086319
555,138415013685.87802,373939112775.2468,0.3701538805572106,0.037334349749999995,1.411517,20,225.582132171,5.646702936,225.8058168903208,5.784700304447486,34.784490918865274,0.45172082580909434,-74.65453470830424,1.5020873433968518e-12,146.0322813700852,0.5112193962039874,1717.6687309337449,-24.252002233185546,38408339575906.37,102.7128167761135,10.433118965505228,Q,True,0.42105263157894735,0.4,0.15789473684210525,0.15,0.42105263157894735,0.45,14.14656806163424,1081.7843078508645
567,109526699311.43823,374281843121.92004,0.2926316125780127,0.0437582507,0.9659210000000016,20,188.71599948,58.916776325,188.78035136758615,58.96861122449403,11.823825246687141,0.3123608433861311,-161.8029792664853,-8.952838470577262e-14,329.1507534185706,0.4915771195599406,687.5170193662143,-24.252996898648856,72790075162553.72,194.4793115140314,1.8527303669948876,Q,False,0.42105263157894735,0.4,0.10526315789473684,0.1,0.3684210526315789,0.4,13.831565575644785,847.7043382718787
568,92692628992.4216,232127695299.51697,0.3993174053307998,0.030993701800000002,0.5447120000000005,20,139.538725315,16.198091472,139.44963438696823,16.27690369200099,20.272169922082742,0.3442447773446874,3.8706321483455914,-6.821210263296962e-13,401.09813370897206,0.009650087654495841,827.1912872063712,-23.734317398729168,192341057354063.84,828.6002112151418,1.8292747088282921,Q,False,0.2631578947368421,0.25,0.47368421052631576,0.45,0.21052631578947367,0.25,13.803215886338442,832.8529849672742
574,83390619466.21419,287675078000.123,0.2898778025748151,0.0317334401,0.7575070000000004,20,223.980299922,11.861524368,224.17950920215924,11.795717082441858,19.909139714222462,0.6201722576267736,165.94832934031766,-1.113420466936077e-12,200.09767203077664,0.8293366317364981,832.2191736667247,-23.96725559880086,41792430114270.195,145.27650571890112,3.6890904304416248,Q,False,0.3684210526315789,0.35,0.10526315789473684,0.1,0.47368421052631576,0.5,13.679136897575637,757.0184874326504
576,92184605185.68965,310695226597.49475,0.296704285402861,0.042923356600000004,0.7835340000000031,20,226.548670411,3.142568188,226.56518335801744,3.1474258212601622,14.194165157756036,0.07265839506586823,46.02149538510166,-9.926282018568599e-13,214.90005824765404,0.2141530149427265,809.1099209035133,-24.050836452430218,39079201355826.51,125.77985759161199,3.339601234609022,Q,True,0.2631578947368421,0.25,0.10526315789473684,0.1,0.631578947368421,0.65,13.67502249454408,751.93459804659
578,80965797879.29308,247492215499.8224,0.3271448264171815,0.038202177,0.8941890000000008,20,256.005275451,25.054089724,256.01684401734303,25.065678826744527,12.858234403938848,0.07290868216976773,300.2789694326049,9.052314453583677e-13,158.77311104940048,1.8912457370642284,650.1127196712374,-23.80390385849074,12348788650626.002,49.89566490278101,3.631912094793994,Q,True,0.21052631578947367,0.2,0.2631578947368421,0.25,0.5263157894736842,0.55,13.63767713887368,731.7954823170998
581,86919496117.53938,224388764656.47574,0.38736117759998967,0.035109230350000006,1.0672369999999987,20,167.855055512,26.963602653,167.8273492521166,26.967007242981463,17.137867024782402,0.0872722223000463,-165.7927437467766,-1.91633375834499e-12,301.6751562764805,0.5495737394922513,794.5459005014645,-23.697502769051084,79583589998122.53,354.6683369818436,2.3361625877435386,Q,True,0.42105263157894735,0.4,0.15789473684210525,0.15,0.42105263157894735,0.45,13.623928795588691,724.8305045341535
583,79322282035.34492,333011689633.0871,0.23819668949982617,0.044669353700000004,0.48640299999999925,20,222.823566047,18.687108488,222.81269408359947,18.74872656800883,9.997837679269415,0.3749161451576152,-138.5366752088944,-1.2889245226688218e-12,302.1067556603107,0.45856861064260335,593.8356396978412,-24.12614869678412,54311439996614.62,163.09169223595444,1.7435300685703425,Q,False,0.3157894736842105,0.3,0.15789473684210525,0.15,0.47368421052631576,0.5,13.58340086175514,700.4794324913245
587,78107151544.64247,249251666365.9653,0.31336661729659676,0.0267106709,0.6486920000000005,20,213.713979073,3.130910557,213.63759505364297,3.099898020938267,13.256025592193387,0.3726685478622136,-175.0694132056483,-1.5747403381283221e-13,258.33563229963886,0.6776820202742618,464.68648549334074,-23.81159517614654,32271285990166.957,129.472699062258,1.5955093339757198,Q,False,0.5263157894736842,0.5,0.15789473684210525,0.15,0.21052631578947367,0.25,13.462508969090791,642.0807139497559
590,49845137688.63588,137234683839.83984,0.3632109339560821,0.02897075505,1.2969259999999991,20,195.074696936,28.202398185,195.15795653652455,28.060991440785912,18.996543082761185,0.5032475650953225,103.77715759776234,-4.1033842990145786e-13,221.61967876385575,0.46826688936924815,723.4699407343904,-23.163659715318758,53231314333125.1,387.8852841257598,2.895581479996545,Q,False,0.21052631578947367,0.2,0.10526315789473684,0.1,0.631578947368421,0.65,13.369860234252226,597.5793209931419
609,123427291813.19463,317619212987.5232,0.3886014660518762,0.03093417078947368,1.1288930000000015,19,135.084406639,52.494235994,135.15749299496568,52.721070421942784,31.309330365388828,0.44293955931386825,-88.88782632210469,8.092707790446615e-13,273.9133621619531,0.3245107344180967,1275.0450620364954,-24.07476691324539,90967957461839.22,286.4057139560151,4.128914928062841,Q,False,0.4444444444444444,0.42105263157894735,0.2222222222222222,0.21052631578947367,0.2222222222222222,0.2631578947368421,14.004990516883856,972.3772244488816
623,93700692375.65471,242891511550.1699,0.38577178666163714,0.03496736184210526,0.7573009999999982,19,238.015297018,12.898710622,238.09627791225105,13.06888894507166,23.019375501068367,0.4889360610412714,-61.5876672535282,-6.357487635748265e-15,190.27506091991722,0.3236770334260944,1062.8019406094218,-23.78353084391549,46307987283401.27,190.65296678281092,4.954434473771221,Q,False,0.2777777777777778,0.2631578947368421,0.16666666666666666,0.15789473684210525,0.5,0.5263157894736842,13.82086924443826,843.1463204653434
624,90819603180.60867,224544916774.03268,0.40446073990623255,0.02338642968421053,0.9297579999999996,19,169.527722992,23.397323462,169.48393879760567,23.463520847537154,25.171875873550714,0.1845728430526883,-78.93770864350216,-7.045592179852783e-13,232.92915670096383,0.3388914885603706,770.6760308671426,-23.698258069984526,53939261166323.26,240.215908430491,2.9347534205722163,Q,False,0.4444444444444444,0.42105263157894735,0.2222222222222222,0.21052631578947367,0.2222222222222222,0.2631578947368421,13.752123356236773,802.7570693901631
626,94281655557.575,341635744147.3267,0.2759712857121796,0.04512180831578947,0.9889179999999982,19,227.576711786,7.705439299,227.53524118075896,7.752694976061934,10.312001918852873,0.36437718018255294,-617.658056631321,1.2708430798930318e-12,346.8521704429525,1.780753039090207,618.9012853242207,-24.153908257749034,103421598155092.5,302.72475853841877,1.5827072362889343,Q,False,0.3888888888888889,0.3684210526315789,0.1111111111111111,0.10526315789473684,0.4444444444444444,0.47368421052631576,13.65922830528819,742.3485620233469
629,91098662340.87878,169564332175.56625,0.5372513262196886,0.024916221947368422,1.912589999999998,19,160.379969087,37.312842744,160.51299540530604,37.476330536030325,22.826444013347896,0.5117047091970883,-1.4081005679859022,-2.6439669167494253e-13,159.78592843338484,0.00881241910217819,745.4279205060927,-23.39333625941828,20755029101526.78,122.40209267617145,4.13800246349326,Q,False,0.3888888888888889,0.3684210526315789,0.2777777777777778,0.2631578947368421,0.2777777777777778,0.3157894736842105,13.614235257558668,721.7912339854913
631,62411755720.79331,191783914141.20486,0.32542747915156933,0.03706523036842105,0.8045340000000003,19,174.127292741,49.131351929,173.88196142996262,49.12823428437613,13.023361825365576,0.7397268662337764,205.54918837673893,1.4719453726061865e-12,493.23307553180683,0.4167384520089475,638.3368588810085,-23.52703044487756,226224222612689.34,1179.5787129786447,1.1479457115015437,Q,True,0.2777777777777778,0.2631578947368421,0.3333333333333333,0.3157894736842105,0.3888888888888889,0.42105263157894735,13.551014300590058,684.9520180032075
634,71602007704.49187,347172860571.6421,0.20624310202875487,0.037116669789473686,0.018267999999999063,19,165.188942695,10.55318586,165.1374562843585,10.577212923061396,16.191169273336627,0.2076208161386988,-608.0557595609893,-3.2385789956223515e-13,330.5238646417591,1.8396727879847194,794.7372846142576,-24.171364419683826,103640904182338.22,298.5282432840139,2.1327717809934623,Q,False,0.2777777777777778,0.2631578947368421,0.2777777777777778,0.2631578947368421,0.3888888888888889,0.42105263157894735,13.470232343112018,643.7625134211845
637,88091174423.65848,365982560617.40326,0.24069773782403978,0.031384657526315786,0.548763000000001,19,174.474096574,21.981062409,174.42015903325859,21.91174984260007,12.79847887089973,0.40074311083633396,-364.0726111947268,9.633463617463252e-13,274.07096900272376,1.3283880905719334,528.9719817081598,-24.228650978458184,37429009388243.86,102.2699259907414,1.71195858314521,X,False,0.2222222222222222,0.21052631578947367,0.3333333333333333,0.3157894736842105,0.3888888888888889,0.3684210526315789,13.37179289027981,598.0075654646031
639,58076602223.49187,178450026836.9861,0.3254502296967698,0.027706946052631583,0.3780770000000011,19,216.894621769,11.330623669,217.05735851488623,11.369744122045976,14.161850659280509,0.6960105203093261,-85.09855006780016,-1.172021544143239e-12,211.2092029459549,0.40291118417588256,515.3355587848006,-23.448791544012387,35755665449148.38,200.3679466062011,2.164217440653301,Q,True,0.2222222222222222,0.21052631578947367,0.2222222222222222,0.21052631578947367,0.5555555555555556,0.5789473684210527,13.237818446398322,540.2014059358479
640,61079742853.092384,201135274740.0175,0.3036749418123825,0.023486900578947367,1.0981789999999982,19,183.906521595,23.981864021,183.8092683270722,23.99350918846916,12.359667587605268,0.43502935186814384,-36.762488876524515,4.308132797871765e-13,172.27011034878996,0.21340027473189097,380.06444989598583,-23.578720607639262,15599404138978.934,77.55677943186416,1.9569103797239622,Q,True,0.2222222222222222,0.21052631578947367,0.2222222222222222,0.21052631578947367,0.5555555555555556,0.5789473684210527,13.223091543644037,534.8431401767647
641,56265061771.00452,186786462244.41003,0.3012266579436667,0.025791696000000003,0.6162139999999994,19,186.617909813,9.019891583,186.66977129709332,9.038158800980712,13.450217804224806,0.24257847470798086,114.78683795218907,-7.928161051639013e-13,207.49108504253027,0.5532133485574166,454.96289270925524,-23.498363491491006,26296310221056.52,140.78274145289933,1.9449128898737589,X,False,0.3888888888888889,0.3684210526315789,0.1111111111111111,0.10526315789473684,0.2777777777777778,0.2631578947368421,13.085038262852867,480.72020314215314
642,45900857614.67116,205731155220.27646,0.22311087285503786,0.03276939963157895,0.236421,19,235.374886879,27.986515203,235.39110940444854,28.159215113624143,11.818474549215459,0.8797688096105301,-144.82472466178515,-1.6963272891620075e-12,133.0521173584263,1.0884811721683705,510.53765260944107,-23.603250161853335,14085317077541.752,68.4646769346169,3.4035301869316332,Q,True,0.4444444444444444,0.42105263157894735,0.2222222222222222,0.21052631578947367,0.3333333333333333,0.3684210526315789,12.949825901798208,432.3740026084497
643,39826450317.356155,106834236219.91212,0.3727873360312672,0.01647779489473684,1.0160850000000003,19,147.181806238,44.08143029,147.46194659440343,44.145428420537435,19.449746202995765,0.6511141034887663,44.8881857616084,4.311872496481029e-13,79.30624393913317,0.5660107392812506,417.4127114788876,-22.89177612374282,2644907993672.362,24.757119882693512,4.668548864398787,Q,False,0.5555555555555556,0.5263157894736842,0.0,0.0,0.1111111111111111,0.15789473684210525,12.712338888035022,362.187042841747
689,107706918281.0979,226285316983.06946,0.47597837861108977,0.025239700722222216,1.598793999999998,18,208.559373098,-1.436476708,208.4805288979825,-1.6550277686961883,40.71123713978985,0.3424041984692776,-35.526522610631694,1.6816178079655704e-12,168.83643120404017,0.2104197675660373,1347.0626006757805,-23.706640936807823,31230670827492.49,138.0145704717958,7.076935459240063,G,False,0.7058823529411765,0.6666666666666666,0.11764705882352941,0.16666666666666666,0.058823529411764705,0.05555555555555555,13.86137610564816,872.4639164133955
691,84809089362.94652,258357477687.7068,0.3282625690651025,0.028539835444444446,0.32722300000000004,18,140.179279492,39.315739255,140.0206893593252,39.262509636336276,19.80405413132545,0.40533376173125146,-14.508531528146602,-3.4185000509347045e-13,217.33980615466598,0.06675505874805798,742.7690141987887,-23.85055258982043,43051487027823.266,166.63534345176706,3.0313642367265046,Q,True,0.5882352941176471,0.5555555555555556,0.058823529411764705,0.05555555555555555,0.35294117647058826,0.3888888888888889,13.807188820046484,836.0478527627664
693,85804487170.84488,327792326887.3686,0.26176478255492486,0.04203696733333333,0.42371499999999784,18,150.301358381,36.851381159,150.50558950484188,36.947469551487195,20.660342641640145,0.5503043164448574,137.50625864487228,1.4418096346465366e-12,193.39396056648215,0.7110163018643022,1152.6432477134956,-24.10899695797426,52432792858342.555,159.95735274291144,5.286589910704098,Q,False,0.47058823529411764,0.4444444444444444,0.29411764705882354,0.2777777777777778,0.17647058823529413,0.2222222222222222,13.765631225787365,806.3187585744686
697,78210740894.11171,283083849635.81464,0.2762811831007995,0.025131562277777776,0.4274060000000013,18,201.820209348,32.030709251,202.04541641728963,31.98969342485987,38.59337873506622,0.30365861241122416,6.467001294740423,5.092222939614052e-13,138.46219846911413,0.04670589782800875,1271.4133869210305,-23.9497877322778,36244633554713.54,128.0349748010775,8.144776600889466,Q,False,0.4117647058823529,0.3888888888888889,0.17647058823529413,0.16666666666666666,0.29411764705882354,0.3333333333333333,13.666427118085906,751.2410773725379
699,81977222548.90083,250831243231.54388,0.3268222151784622,0.03173390377777778,0.29605899999999963,18,154.095873707,60.234886873,154.18655746582465,60.242944740671916,15.451545232636782,0.17757264262257008,23.355910389193955,-7.231746066180575e-13,182.0474132219981,0.1282957553520042,645.8975453607438,-23.818454076787916,29066731213728.223,115.88162160045007,3.147043468485554,Q,True,0.4117647058823529,0.3888888888888889,0.17647058823529413,0.16666666666666666,0.4117647058823529,0.4444444444444444,13.635806869945972,732.2562363178879
704,81097226177.2291,284964215985.3285,0.28458740300713553,0.03319176755555556,0.0861869999999989,18,164.183639201,9.758924262,164.056468566212,9.816651440125515,16.126167703729713,0.5133624428398089,-158.56267700914574,-4.4843141545748547e-13,237.34142544790672,0.6680783883804039,705.8196390820477,-23.95697581865435,39304728772323.94,137.92864706334763,2.637811830295882,Q,True,0.11764705882352941,0.1111111111111111,0.17647058823529413,0.16666666666666666,0.7058823529411765,0.7222222222222222,13.59737336325126,710.6410361324639
705,89814984648.55295,275736684955.31683,0.325727367989165,0.035304407555555556,1.0384680000000017,18,238.346563368,11.959176128,238.3314618592318,12.058309166441372,20.033424296233015,0.3001806941251071,51.23161255833784,-2.2263672387149805e-13,102.62192782196453,0.4992267602613949,934.0860719693172,-23.921236374946943,13077482634318.346,47.42743112487029,8.073657973705014,M,False,0.8235294117647058,0.8333333333333334,0.058823529411764705,0.05555555555555555,0.058823529411764705,0.05555555555555555,13.59635550295551,709.6076659466878
708,82642985918.73717,276353945147.96344,0.29904760677286174,0.0429536625,0.8892160000000011,18,177.019182035,37.44393117,177.07201567025268,37.46140864333198,11.847074260650265,0.23012299067629513,-94.61459291023692,-1.1131836193574902e-12,203.62368937452578,0.46465415296650897,675.8102972869762,-23.923664172057112,29712999959657.07,107.51791491070753,2.9438801326843107,Q,True,0.11764705882352941,0.1111111111111111,0.29411764705882354,0.2777777777777778,0.5882352941176471,0.6111111111111112,13.571610283957662,694.5525291606936
711,85147754633.29443,272205998289.85532,0.3128063127493093,0.034264846555555555,1.055023000000002,18,237.409339616,42.034223583,237.30166847110507,42.012785660891225,15.301542402540333,0.3247075856063142,-273.11535840499283,1.105288700071267e-13,261.52173532186777,1.0443313939809107,691.9218792273082,-23.907244227549285,53688731103746.336,197.2356650516442,2.3467827869804725,Q,False,0.4117647058823529,0.3888888888888889,0.35294117647058826,0.3333333333333333,0.17647058823529413,0.2222222222222222,13.553028475201415,686.6257051864455
712,74322789272.10178,302645782568.2107,0.24557682133023218,0.03483362027777778,0.06860299999999953,18,241.897276088,13.943710714,241.8767935274198,14.041408692427545,15.632413923803936,0.38266280798338664,-66.37292449457934,-1.2252914732218617e-12,281.3668125878353,0.23589464544208902,718.9160533906961,-24.022336565767507,86031673592360.38,284.2652319893817,2.266360177636377,Q,True,0.35294117647058826,0.3333333333333333,0.23529411764705882,0.2222222222222222,0.4117647058823529,0.4444444444444444,13.549079765086576,684.4236327497646
713,74697350886.88097,237676343465.7689,0.31428180776282927,0.042438972944444445,0.558878,18,247.264713576,25.713383124,247.49596686438537,25.672204623956844,13.302696130931034,0.9580876544371087,0.4365738601407768,-2.1789977229976407e-13,136.65179430668337,0.003194790543044064,749.474166350225,-23.759964893597328,21428840245510.54,90.15975226241567,4.864799536116565,Q,True,0.47058823529411764,0.4444444444444444,0.29411764705882354,0.2777777777777778,0.23529411764705882,0.2777777777777778,13.525317149625886,670.418428983149
714,80398435916.65007,232966120903.90146,0.34510784488622887,0.03115257838888889,1.1715340000000012,18,167.996400573,3.135771437,167.84262915279913,3.2133293919543005,13.286161902671804,0.776805359770929,-39.47498965377458,-3.9158799659667746e-13,146.44161646135998,0.26956128051338496,544.9748588561691,-23.738231920866646,15206086622686.043,65.27166509742656,3.3009243648506827,Q,False,0.5294117647058824,0.5,0.11764705882352941,0.1111111111111111,0.29411764705882354,0.3333333333333333,13.495949085298268,657.8458455942623
715,83227567183.32278,242046842606.2097,0.34384900991551953,0.03470157399999999,0.5411519999999967,18,140.721087079,21.975184008,140.76276608659,22.145413787733947,16.130313808916544,0.6493017846595406,40.67488179575536,2.343212044151086e-12,237.43446199874109,0.1713099330794225,738.9305644174357,-23.779748554587034,48619878477617.086,200.8697075083009,2.7604729537607757,Q,False,0.6470588235294118,0.6111111111111112,0.17647058823529413,0.16666666666666666,0.11764705882352941,0.16666666666666666,13.481117045189054,649.6643875215328
716,72897057783.03116,205450609683.3311,0.35481548531489,0.04125006694444445,1.2865539999999989,18,119.380728925,52.682854059,119.5014166138124,52.68572424539134,12.216074969194255,0.359614350482306,40.75336104393041,-1.2252914732218617e-12,153.66648826746464,0.26520656197334486,668.3982077791716,-23.601768585967392,18360008144950.07,89.36458340644039,3.8581555222906183,Q,False,0.35294117647058826,0.3333333333333333,0.23529411764705882,0.2222222222222222,0.35294117647058826,0.3888888888888889,13.44258305553789,629.4102971938945
717,70636829840.13539,228383631497.1036,0.30929024719107867,0.029720782944444444,1.0122859999999996,18,136.233886563,17.455132541,136.15376946935416,17.427968669440602,11.446344447486188,0.425202942109603,64.9960500310438,2.2263672387149805e-13,243.93906786151194,0.26644379106975535,447.4586962943233,-23.716662435830052,30128283457198.2,131.91962690014537,1.6270286965201852,Q,False,0.29411764705882354,0.2777777777777778,0.17647058823529413,0.16666666666666666,0.47058823529411764,0.5,13.401386569307997,612.06976334776
718,71125281785.05617,208735289228.59283,0.3407439252265799,0.031738397,1.2306200000000018,18,117.341561806,43.767234541,117.26557409128964,43.819536007114756,16.882834315328388,0.2693493000080013,129.247670003703,-3.84679942221232e-13,153.91423003079703,0.839738274868035,705.8298062413658,-23.618989695036174,21708685050844.402,104.00102987411253,4.067661827050167,Q,True,0.7058823529411765,0.6666666666666666,0.0,0.0,0.29411764705882354,0.3333333333333333,13.401351007937537,611.6605967340874
721,61328564584.59723,273707224768.6304,0.22406629798113425,0.03853010133333333,0.3451039999999992,18,241.791169072,18.641280218,241.64130437230767,18.62394447295734,13.574891048861181,0.6323321639628511,148.61759883311356,7.800180254788655e-13,205.24096946621162,0.7241127306094672,692.4033788263854,-23.913215652967562,36073335190483.27,131.7953343064901,2.9923937633714597,Q,True,0.11764705882352941,0.1111111111111111,0.17647058823529413,0.16666666666666666,0.7058823529411765,0.7222222222222222,13.317472984644548,572.2810844894302
722,66834884212.67322,225536563059.93073,0.29633724707826425,0.03422788166666667,0.35264800000000207,18,120.370075458,55.599219366,120.48131321979685,55.60667146072928,12.227834098542624,0.31051086755934226,2.8240179059460373,-3.363235615931141e-13,141.28856459639883,0.019987590036132,552.3201510457017,-23.7030423948916,14862713656608.686,65.89935332418491,3.467428346922453,X,False,0.058823529411764705,0.05555555555555555,0.47058823529411764,0.4444444444444444,0.4117647058823529,0.3888888888888889,13.267292078559894,551.4164447725883
724,60503709194.962265,125749622859.0586,0.48114425967523905,0.02364327083333333,1.4006739999999986,18,182.290972301,31.569515347,182.29803720737175,31.558837993781275,18.83761696293484,0.039041064311631984,-42.115262319135525,9.031787663439496e-13,156.75289930671195,0.26867294005663794,583.1881485891897,-23.06876672804804,23674711426888.98,188.26864756027004,3.300021180383116,Q,False,0.4117647058823529,0.3888888888888889,0.23529411764705882,0.2222222222222222,0.23529411764705882,0.2777777777777778,13.11070465580147,490.61711907210656
725,51431643211.222664,183009107507.87936,0.28103324425538934,0.0241115235,0.5821729999999974,18,205.413805686,5.032875632,205.2068181966076,4.954580853397374,16.88073262578231,0.7839674782263725,46.35109265132021,3.3790254545035877e-13,102.38598597182305,0.45270934504723953,533.1409405302038,-23.47618175768666,6001026139653.308,32.7908606373316,4.6187572426214,Q,False,0.47058823529411764,0.4444444444444444,0.29411764705882354,0.2777777777777778,0.17647058823529413,0.2222222222222222,13.095909278226376,485.0055346835881
726,58125084866.85108,147587542691.4273,0.39383462727865653,0.03183196744444444,1.3939939999999993,18,167.602290775,4.830046938,167.60234639477036,4.824662438224546,12.242823220543272,0.02638991814043081,-75.90878404551985,5.005378827465595e-13,213.34353353387326,0.3558054129326027,513.3865856864747,-23.242624254681466,28643151417017.855,194.0756712570539,2.134463107275768,M,False,0.4117647058823529,0.4444444444444444,0.17647058823529413,0.16666666666666666,0.29411764705882354,0.2777777777777778,13.041562221882051,464.053418409704
727,41355492768.69017,204919603971.77448,0.20181325733181904,0.034791293444444454,0.1823859999999975,18,220.693308909,8.725569972,220.72671730526721,8.719980794125068,8.921679600287181,0.2252377177764148,8.077937955483426,-2.7963804111803053e-12,181.4670435584436,0.044514628094905986,409.7861684215702,-23.59895876971582,20181503915506.78,98.48498398565405,2.0030101568986525,M,True,0.29411764705882354,0.3333333333333333,0.35294117647058826,0.3333333333333333,0.35294117647058826,0.3333333333333333,12.907383317841154,418.2462432408007
757,124849612857.94785,387466160761.12524,0.3222206878987769,0.04568607411764706,1.1763109999999983,17,130.548902571,52.773058239,130.25274799937685,52.971865207620404,19.896595261388107,0.8062282787651104,-170.05747022286718,1.2706175980651204e-13,266.64022644406987,0.6377787496311564,1209.5691856055157,-24.290584448806207,100304835594908.53,258.87379532156604,4.023728459655881,Q,False,0.375,0.35294117647058826,0.125,0.11764705882352941,0.4375,0.47058823529411764,14.064782338345248,1013.2428082946144
774,102605065039.4828,257323809283.13644,0.3987391035649765,0.03959121270588235,1.1667389999999997,17,162.338072546,-0.668071678,162.3989008378335,-0.7525211723669413,22.44086766287182,0.27825980255841265,93.4633940744123,-1.2204616402467603e-13,232.57918922526596,0.4018562210391399,1177.0517887409947,-23.84619992959404,84619260005219.69,328.8434919448597,4.48898691276306,Q,True,0.5,0.47058823529411764,0.375,0.35294117647058826,0.125,0.17647058823529413,13.82572920536924,845.0461578222532
780,84159742883.83722,240313634249.44434,0.3502079403305092,0.0446642104117647,0.8050549999999994,17,125.596265722,15.519140563,125.58689428761288,15.512945114301692,11.294459339741405,0.05817500067091736,87.21529936235629,1.2773050591075682e-12,256.7668457860739,0.3396672926964205,670.7705821355048,-23.771946028251143,55930575241317.914,232.73991680081812,2.317174183967259,Q,False,0.125,0.11764705882352941,0.3125,0.29411764705882354,0.5,0.5294117647058824,13.634618736805848,728.5657192722791
784,83093222118.78915,287338876632.65186,0.28918196901361043,0.04090531382352941,1.242004999999999,17,205.853636643,30.069516329,205.9321435427771,30.084047385312818,13.02068876385712,0.32013497904329974,71.51958460714434,3.544354352497441e-13,187.07297085405318,0.38230848786242183,706.2919815246225,-23.96598597382774,33992571219636.35,118.30132983743138,3.348858922548974,Q,False,0.4375,0.4117647058823529,0.0,0.0,0.5,0.5294117647058824,13.57854149894606,698.7171537333295
786,85019627922.27513,312561516930.14435,0.2720092631917848,0.0380295534117647,0.6108599999999988,17,222.301634603,17.020936776,222.40405984939312,16.974512937223217,16.23147850885787,0.4006857910501871,16.978683614047938,1.8900436771218665e-12,208.95072640001277,0.08125687766953373,816.8532375880068,-24.057338764872448,38185940749441.95,122.17096053439069,3.467558281436622,Q,True,0.6875,0.6470588235294118,0.25,0.23529411764705882,0.0625,0.11764705882352941,13.55099883968583,684.7325352016852
788,68692417370.285835,276993540901.5442,0.24799284902712648,0.034023201058823525,0.02135600000000082,17,166.693557072,28.719532793,166.75584948342598,28.62250785131534,15.634378155064748,0.427364542868083,-429.2444764281072,1.0733374973129043e-12,273.1706768795641,1.5713417023063359,701.8626492215276,-23.926174105120296,73962046668468.25,267.0172251227968,2.278986079219501,Q,True,0.625,0.5882352941176471,0.25,0.23529411764705882,0.125,0.17647058823529413,13.47619186903087,647.3532482745504
789,76960733812.20033,253846815833.19507,0.3031778577154653,0.035940016235294116,0.8981619999999992,17,223.173072378,7.931864332,223.14563947516362,7.9023780535238055,10.353441192640796,0.23236603697639913,69.52889597698511,5.918403022566482e-13,190.1078530881734,0.36573394968979267,491.6625362436834,-23.831429300336925,28032689746774.773,110.43152010697386,2.2939855590598808,Q,True,0.125,0.11764705882352941,0.25,0.23529411764705882,0.625,0.6470588235294118,13.468284451463452,643.0426361154995
790,80086110126.84222,239066980305.98813,0.33499444391834415,0.04160885305882353,1.127483999999999,17,148.509261843,10.608248138,148.52395493145804,10.591660156498405,13.918914907764496,0.0948097813788826,-188.92551135705477,-3.510917047285201e-13,166.93241018889725,1.1317485390839936,768.3918449962617,-23.76629898983785,27665597508851.13,115.72320641454208,4.082871419279462,Q,True,0.5,0.47058823529411764,0.125,0.11764705882352941,0.375,0.4117647058823529,13.46622547567754,640.8621108101704
793,70970260609.14525,223810384943.3282,0.31709994434402977,0.03233420635294118,0.45248499999999936,17,242.844087027,23.965010131,242.86252591611216,23.92781520497001,16.826178556320595,0.1456100909795031,-13.353681705482124,-1.0641422383795382e-12,193.691202809733,0.06894315029164576,716.9800696773021,-23.694700585495845,39847087700223.43,178.03949405794216,3.28337742023568,Q,True,0.3125,0.29411764705882354,0.125,0.11764705882352941,0.5625,0.5882352941176471,13.418095478232525,619.4548050753558
795,60852776729.656204,197566207517.5998,0.3080120709622634,0.03282982429411765,0.6762329999999999,17,250.405693364,40.163495581,250.37138911623742,40.163264014354844,14.7575160610227,0.10658955279579253,239.0406325879299,1.1953836613375804e-13,243.70954131169023,0.9808423227969184,638.7029351120345,-23.5592816580218,53329322490276.52,269.93139748114965,2.324609452691951,Q,True,0.3125,0.29411764705882354,0.1875,0.17647058823529413,0.5,0.5294117647058824,13.35600217978094,590.531822997091
796,63221325932.5353,245833550815.80954,0.2571712678059302,0.029370583117647057,0.11416099999999929,17,136.209004837,13.561891317,136.08246767469737,13.638663816438989,17.767240739469038,0.4896107080858057,-26.11307053042528,5.316531528746162e-13,151.27203101754392,0.17262325596327402,686.193374825963,-23.796602885349035,23573562881683.344,95.8923743461925,4.023569455480108,Q,True,0.4375,0.4117647058823529,0.25,0.23529411764705882,0.3125,0.35294117647058826,13.312699323508818,571.8561619609544
797,65480079798.32495,205453504925.05533,0.3187099671149955,0.03178344117647059,0.30752700000000033,17,164.52151186,17.124418393,164.45316270300637,17.192478415670017,14.50882928863391,0.3900723657055619,-39.057667411618525,-5.893325043657301e-13,156.1069907789322,0.25019806747110174,607.4594390601203,-23.601783886221877,17186132472081.62,83.64974098811662,3.4515848377947473,X,False,0.6875,0.6470588235294118,0.1875,0.17647058823529413,0.125,0.11764705882352941,13.289003406665262,561.1191338831754
798,80051302013.68846,173776081338.47034,0.4606577694531474,0.018881477764705883,1.106897,17,210.083828827,38.915429538,210.23923680284895,38.79385138848045,24.76268736836479,0.4156533428387744,-89.63182565571948,-1.2706175980651204e-13,162.16198773776034,0.5527301860696672,610.053946986381,-23.419974999073734,26004102115600.22,149.6414346284575,3.3368970035812997,Q,True,0.25,0.23529411764705882,0.25,0.23529411764705882,0.5,0.5294117647058824,13.265542588369174,553.3585142167744
800,54053671751.97731,135422055269.05197,0.3991496927482403,0.025470849294117647,1.028962,17,183.326072262,21.634290799,183.36855284483653,21.666740163500936,13.134931863652787,0.23345506815791145,-22.72327543319068,-5.5171553600196014e-14,193.85304499310138,0.11721907919475431,438.6669003741396,-23.14922350174454,21135881299201.3,156.0741435891609,2.0071778632402117,Q,True,0.375,0.35294117647058826,0.0625,0.058823529411764705,0.5625,0.5882352941176471,13.092929309214115,483.6896540297837
801,53405255850.79643,166651735868.20322,0.32046024346864327,0.02524836805882353,0.33622199999999935,17,203.991175496,33.430019843,204.04887944978046,33.41182568683681,13.772251792844227,0.2242963219014297,141.52622579821943,-5.3499688339584013e-14,213.46033342847093,0.6630094852992626,455.8587888221172,-23.37452460423313,31808378937786.734,190.86737244034734,1.8942477002206677,Q,True,0.3125,0.29411764705882354,0.375,0.35294117647058826,0.3125,0.35294117647058826,13.073218861615464,476.46082986107575
802,54948368235.28204,119210713045.42406,0.46093481727891783,0.026587175823529412,1.5474749999999986,17,170.609792221,24.299064614,170.70253695363763,24.192385693168898,14.023495035948194,0.5824380322637169,-113.24704426810736,-2.967560837586301e-13,123.83670516086816,0.9144868972490445,489.2724294595791,-23.01078821417012,10749873084874.871,90.17539456188588,3.5044912117686398,Q,True,0.125,0.11764705882352941,0.25,0.23529411764705882,0.625,0.6470588235294118,12.990360247631022,446.9137328433143
803,52493798517.26614,226775289348.03064,0.23147935856760934,0.03727940911764706,0.11874200000000101,17,228.525766351,4.222147949,228.23650637998574,4.414657124628358,19.24094071122336,1.0813827768694162,276.4809779952424,1.1034310720039203e-13,280.43019746343646,0.9859172817196014,948.6873872349884,-23.708989324356573,76818104655172.23,338.7410721689344,3.000695788431097,X,False,0.375,0.35294117647058826,0.25,0.23529411764705882,0.3125,0.29411764705882354,12.989210177177824,445.0023970287706
804,48846021917.848206,131726973466.90677,0.3708126030096607,0.022545630294117647,0.8870719999999999,17,162.859667044,8.298678657,162.87737874630335,8.439898276582372,17.5022138310984,0.4878330263252739,-21.380124987827323,-1.1703056824284002e-13,179.63781477388628,0.1190179529557226,516.2693646275021,-23.119186784184713,25592245078650.617,194.28249511160334,2.549190029955559,Q,False,0.125,0.11764705882352941,0.1875,0.17647058823529413,0.625,0.6470588235294118,12.973659595065271,441.785451747685
805,44914854795.935356,226461827376.87683,0.19833300524060615,0.029898293529411764,0.1885559999999984,17,218.322967192,3.903396694,218.43091080530877,3.855019326704666,10.181990449124282,0.6957163898513818,119.85473466025216,4.1336868568631713e-13,177.1901353499753,0.6764187770584513,400.4623550914794,-23.70748751855735,16607442921015.525,73.33440303551683,2.004683320911475,G,False,0.1875,0.17647058823529413,0.1875,0.23529411764705882,0.5625,0.5294117647058824,12.952830748880436,433.7683221204437
841,98008106775.23068,263854891313.8114,0.37144699606370524,0.040304301437499995,0.5506489999999999,16,155.657263801,19.39685741,155.66377468487974,19.744497582116338,15.763655815869459,1.3234022656733073,40.12256117561599,1.000088900582341e-12,123.18737167229497,0.3257035248901135,842.1509216325611,-23.87341287373129,11294688909367.283,42.806441272048026,6.063834769323846,Q,True,0.5333333333333333,0.5,0.2,0.1875,0.26666666666666666,0.3125,13.859188459184873,866.8304797861957
844,97362473804.47804,291517249846.2203,0.3339852919710179,0.042548821562500005,1.0779090000000018,16,157.425995533,22.360642468,157.37205799514575,22.261370326490688,11.848546148899482,0.5626398068719779,-117.85376976942376,-1.3713474800169934e-12,261.04332107916184,0.4514720747583618,669.3282905657784,-23.981660645519543,64505344223389.84,221.27453609492193,2.274312904377303,Q,True,0.26666666666666666,0.25,0.06666666666666667,0.0625,0.6666666666666666,0.6875,13.857184174179077,864.8742059209881
847,100996424719.56546,240078575561.3649,0.4206807062371562,0.032717881625,0.9143660000000011,16,239.945697026,2.712762856,239.89210594094155,2.70890509529451,13.537496415115246,0.23787237394145128,43.30132713927662,-1.9184653865522705e-13,232.4819747306521,0.18625670738320538,583.8550091592122,-23.770883514151016,46203735451141.37,192.45255576473352,2.2276109523081242,Q,False,0.13333333333333333,0.125,0.26666666666666666,0.25,0.5333333333333333,0.5625,13.833709305911905,852.1077233010326
859,89283416390.90804,180811577400.8836,0.49379258604085224,0.038316562750000005,1.278458999999998,16,173.375286835,22.455868279,173.29634813000493,22.461736955874173,12.61201735890505,0.3481785441951668,68.69426851297264,-1.2470025012589758e-12,161.34849954574807,0.4257508976307314,639.626443696072,-23.463065587476997,20796032457657.867,115.01493851552583,3.5162933473549423,Q,True,0.2,0.1875,0.4,0.375,0.4,0.4375,13.664262865052809,746.8540205817418
864,86559512133.51047,239444866255.67484,0.3615008059562397,0.040494155875,1.0521470000000015,16,168.271681615,0.003071052,168.31922486687563,0.014907488721906397,10.170706593533273,0.28903307241401355,104.62228495336917,-7.105427357601002e-15,241.4726821055491,0.4332675814137774,545.9901206773075,-23.76801382530152,48584171539593.09,202.9033752083697,2.0055818853624374,Q,True,0.13333333333333333,0.125,0.13333333333333333,0.125,0.7333333333333333,0.75,13.583467621506973,701.4565376000266
867,81915031010.17389,215154784853.7057,0.3807260482999341,0.038560618562499996,1.3257449999999977,16,225.680703406,17.252525663,225.79415083091996,17.172295112703253,11.743886095029971,0.6888734535780529,15.604011917263632,1.1333156635373598e-12,283.13094346733243,0.05511235093617694,599.4985303634685,-23.65187752213584,69671005612307.46,323.81806270160433,1.8781246229052684,Q,True,0.7333333333333333,0.6875,0.13333333333333333,0.125,0.13333333333333333,0.1875,13.551975236598492,685.1293351723912
871,70774759131.40767,240003349455.04153,0.2948907142009095,0.0358758576875,0.373660000000001,16,167.660141442,28.316810751,167.66840474234178,28.272532738121946,11.66488614411515,0.2308047310143434,-146.11502221953623,6.181721801112872e-13,307.8923681203477,0.47456526159305124,552.9254859386365,-23.770543256775802,78658070350674.11,327.73738587097796,1.592910240100097,Q,True,0.26666666666666666,0.25,0.3333333333333333,0.3125,0.4,0.4375,13.503748180882868,660.7998194223513
879,66289997097.19535,166660184965.73367,0.3977554513744538,0.0271605715625,0.9567230000000002,16,173.750076931,51.217992014,173.67182972878715,51.246426794123316,16.836973037746954,0.20187377516081728,132.940362657818,2.433608869978343e-13,192.6824762426938,0.689945267728303,600.3564557378002,-23.37457964871558,22173872068690.56,133.0484066920341,2.7636980104443767,Q,True,0.4666666666666667,0.4375,0.26666666666666666,0.25,0.26666666666666666,0.3125,13.356096645157225,591.6392354053564
883,63951921820.04943,174706952594.83847,0.36605252893603973,0.040472416000000004,1.029826,16,168.758970232,4.085459081,168.73140501185284,4.085165720365105,7.422166603109453,0.22228073436535994,55.441897438924286,-1.1244338793403585e-12,170.78387658139414,0.3246319181219796,398.22112916605795,-23.425775471007576,17174857974728.129,98.30666564574685,2.068240566034644,Q,False,0.3333333333333333,0.3125,0.3333333333333333,0.3125,0.26666666666666666,0.3125,13.252395131290523,544.0593780060808
885,54289169750.60777,188914433638.60388,0.28737438799654536,0.0355645316875,0.4163080000000008,16,169.250435449,32.597504877,169.26213628178434,32.63514992223468,12.544654683820662,0.18612124644510167,47.91120628511531,7.460698725481052e-13,190.15260528121507,0.2519618714361504,589.3333378195695,-23.510662851529425,27079454195932.76,143.34243114391228,2.749048165145486,Q,True,0.3333333333333333,0.3125,0.13333333333333333,0.125,0.5333333333333333,0.5625,13.165729071794138,509.847241670529
886,47825508905.56875,141079632896.57303,0.33899655055545924,0.0260161174375,0.17884499999999903,16,161.015363586,43.903360216,161.11499868756758,43.90971649171329,16.56978560537586,0.2609514477876578,-60.44885027498273,6.394884621840902e-14,88.04022600434553,0.6866048966298557,565.4552590676869,-23.193660802297245,5801727299675.2295,41.123776554823735,5.6969278426009735,Q,True,0.06666666666666667,0.0625,0.4666666666666667,0.4375,0.4666666666666667,0.5,13.046584537744677,466.7062629748665
887,47585474034.367966,169059848200.4304,0.28147117450355563,0.031643256249999994,0.4266849999999991,16,151.447181187,14.338748964,151.6552314993363,14.338933923958242,10.39667010182579,1.1632718093707493,92.00817525232664,1.4352963262354024e-12,251.98075303557738,0.36513969477396746,433.32601799242997,-23.39010118671228,43027742765277.32,254.51189755160198,1.5253553032481701,Q,False,0.3333333333333333,0.3125,0.13333333333333333,0.125,0.4666666666666667,0.5,13.021847900807122,457.1119939679448
888,49640940377.48199,137179894721.793,0.36186746227029876,0.021438325874999997,0.7739830000000012,16,117.823527671,50.17930186,117.79680020231059,50.18989441090268,16.214071546180733,0.07447938830553844,-54.31777086297945,8.899547765395255e-13,165.33969676681258,0.3285222600812411,454.4080937919574,-23.16322616306222,16522289819801.97,120.44250254973528,2.4377689512877434,Q,False,0.13333333333333333,0.125,0.13333333333333333,0.125,0.6,0.625,12.95197875506476,434.6463310658147
889,45499308889.17179,183217127039.3658,0.24833545653947442,0.0261421484375,0.529987000000002,16,212.859298608,1.286520158,212.8471999520785,1.3391225567121507,17.111092358071033,0.18926359570232437,-103.52813860910298,3.8191672047105385e-13,109.24055065606782,0.9477079526544188,586.8111730555968,-23.477415172115315,10532577957364.299,57.48686341480118,4.764728000493678,Q,True,0.5333333333333333,0.5,0.26666666666666666,0.25,0.2,0.25,12.94401850430802,431.3577751063552
962,91137350744.37961,248499325091.31088,0.36675089846176145,0.028384600933333334,0.5881910000000019,15,212.698531902,35.913485755,212.8500571448083,35.81000164689984,34.55931683420253,0.2788070425457581,95.57939074204398,-6.821210263296962e-14,159.77210687243962,0.5982232606994013,1288.980818710123,-23.808313033885472,31865867764046.3,128.2332165382631,7.155979905232761,Q,True,0.5714285714285714,0.5333333333333333,0.07142857142857142,0.06666666666666667,0.35714285714285715,0.4,13.783560636546069,821.062957979497
974,90455462807.09647,208484478701.6985,0.43387144870636135,0.02827006933333333,1.1309639999999987,15,169.460885036,26.625788261,169.44065864999362,26.630589071976836,26.31105367285503,0.04266087654841582,-66.81118323877993,6.044350205532585e-13,202.844751548479,0.3293710225616213,977.2978756638619,-23.61768432015551,41814682872191.695,200.56496834961288,4.273530417210075,Q,True,0.2857142857142857,0.26666666666666666,0.42857142857142855,0.4,0.2857142857142857,0.3333333333333333,13.617140344229751,722.6346871946977
975,86928462831.23108,288013978745.9827,0.30182029084046175,0.04197292206666667,0.22981599999999958,15,242.315450929,25.712460516,242.4317261191333,25.648000398023555,9.016635206189916,0.8186794459947552,-168.61694354394865,-4.035882739117369e-13,200.51369357425315,0.8409248293134999,502.2496218550464,-23.96853391683659,25724460824257.785,89.31670933564573,2.2217705267119463,Q,False,0.35714285714285715,0.3333333333333333,0.21428571428571427,0.2,0.35714285714285715,0.4,13.614956626885936,718.2751428264954
984,75941784834.07567,173228380139.68066,0.4383911272092997,0.022885290933333337,1.0906159999999971,15,119.873821592,27.026448303,119.73182303655094,27.081420882453994,36.56065617658473,0.22629652864377128,-10.75268733496574,-1.0876040808701267e-12,165.32489737264677,0.06503973391695388,1094.9670980319418,-23.416547610779084,35805799774176.56,206.69707668746298,5.874709928082645,Q,False,0.07142857142857142,0.06666666666666667,0.21428571428571427,0.2,0.35714285714285715,0.4,13.499023239972695,661.1288399845433
985,62141366608.895996,250757513953.62625,0.24781457444337276,0.0435681842,0.6210459999999998,15,241.607477972,15.693778445,241.5219847427702,15.749704795835997,11.825543348701393,0.5048380286071625,246.29000037095315,6.536993168992922e-13,237.77117377534142,1.0358278358993176,684.5364204988136,-23.818134888824403,55509391337748.71,221.36681155649964,2.5536476745332743,Q,False,0.2857142857142857,0.26666666666666666,0.21428571428571427,0.2,0.42857142857142855,0.4666666666666667,13.493778382150554,654.146839509549
988,75339095173.6777,196022239494.8451,0.3843395288607492,0.0315250014,0.742362,15,152.3018066,15.005118282,152.15170349217016,14.921982204838246,19.40629792855138,0.51680296502159,54.25475491771795,-8.810729923425242e-13,161.02512584556322,0.33693347316339783,805.7484144171724,-23.550763366426573,25073050189253.086,127.90921200506153,4.438430585506816,Q,True,0.5,0.4666666666666667,0.2857142857142857,0.26666666666666666,0.21428571428571427,0.26666666666666666,13.480178548185318,649.8540653321801
993,70910410579.9525,194757831307.9877,0.36409529775373,0.03198322966666667,0.9352079999999994,15,128.422190183,54.549319096,128.58641881401817,54.502922458544674,18.243102963094277,0.3486261665612692,-28.484716515604312,-6.063298011819521e-13,223.19107103009094,0.12762480319727196,768.7208510560541,-23.543737324724976,41335668567133.06,212.24136811097128,3.0550298976556785,Q,True,0.07142857142857142,0.06666666666666667,0.5,0.4666666666666667,0.42857142857142855,0.4666666666666667,13.372769162502031,598.3418515879578
996,75647120273.86626,185656448059.1023,0.40745754356877806,0.025966074066666667,1.1950700000000012,15,146.817136158,22.089496909,146.7573297620425,21.950920199035696,22.868537604902038,0.3916030412261101,-64.36256267791835,-5.684341886080802e-14,168.59008572992406,0.38176955898240106,778.8744902141984,-23.491775093410652,25230514096308.69,135.89893785039317,4.097878412178593,Q,False,0.35714285714285715,0.3333333333333333,0.14285714285714285,0.13333333333333333,0.2857142857142857,0.3333333333333333,13.313736586697129,572.9295057118376
998,65521827193.39789,266880822676.43338,0.24550968681941088,0.0416350458,0.09649800000000042,15,208.111052914,14.490977298,208.21302979947075,14.560148698106786,13.409414323102643,0.539350385968635,-43.30951546153136,2.7000623958883807e-13,154.9258039009285,0.27955004506045406,740.7449573522964,-23.885793419247424,13501781824318.291,50.591052923603534,4.241002858320809,M,True,0.35714285714285715,0.4,0.2857142857142857,0.26666666666666666,0.35714285714285715,0.3333333333333333,13.303629972280266,565.6690793048485
1001,57096514865.58528,221672240762.90097,0.25757178557442967,0.024091665333333335,0.03971400000000003,15,208.11129364,14.091277733,207.95136664334166,14.095694873052283,15.396444478572718,0.6047215295011817,-70.34665860170091,-4.736951571734002e-13,213.0001819042007,0.33026572077454686,485.8553103035421,-23.68427827836236,28048852884051.996,126.5329965877543,2.0232548929609284,Q,False,0.35714285714285715,0.3333333333333333,0.07142857142857142,0.06666666666666667,0.35714285714285715,0.4,13.287152375262655,561.6905501190301
1004,55485563372.350365,183965416980.89236,0.30160866255701413,0.042447374333333336,0.618113000000001,15,240.236840688,45.41766417,240.33491142575258,45.41624075745841,8.40258032148479,0.4916683571396965,56.51758959564545,-9.34126849945945e-13,149.2462029678975,0.3786869513042364,473.4981327675906,-23.481840472931687,14137530639898.81,76.84884948439635,2.8140939964495604,Q,False,0.2857142857142857,0.26666666666666666,0.21428571428571427,0.2,0.42857142857142855,0.4666666666666667,13.1991377283676,521.9372548425915
1005,55452304580.04111,200399129387.03012,0.276709308816139,0.04402053046666667,0.5875209999999988,15,143.510349862,27.376123299,143.55019541989137,27.33773420409428,8.855652633979327,0.3537556770131991,16.96451190966136,-1.7223555914824829e-12,207.71509223226798,0.08167202357493257,518.1117342196344,-23.57473957613136,29324326762628.24,146.3296115722852,2.2124781753409035,Q,True,0.5,0.4666666666666667,0.21428571428571427,0.2,0.2857142857142857,0.3333333333333333,13.138975544068494,498.13193507729625
1006,47484689224.54077,207908482757.22952,0.22839226468689913,0.028265223133333333,0.08410699999999949,15,143.503961188,33.990717978,143.39236247314216,33.94485004356202,11.61462136472552,0.5336209568976842,9.754697389134089,0.0,195.7946586770981,0.04982105975230613,431.3380428246156,-23.614680522745463,24627842710993.695,118.45520867828718,1.954071916825921,Q,True,0.35714285714285715,0.3333333333333333,0.14285714285714285,0.13333333333333333,0.5,0.5333333333333333,13.089928608565698,482.15006157457464
1007,44928301444.13228,182932006084.59732,0.2456010974009386,0.029484367666666667,0.04668399999999906,15,129.493287392,25.173890606,129.5460027952772,25.09981879787081,9.933164987471361,0.5322427040206654,297.235073214257,-3.372709519074609e-13,188.7580246511435,1.5746884073596215,385.1499149553661,-23.475724242502793,21440871087084.387,117.20677833254071,1.8098725879167024,Q,True,0.07142857142857142,0.06666666666666667,0.35714285714285715,0.3333333333333333,0.5714285714285714,0.6,13.059348309550968,470.78300576651594
1088,91399622077.32393,191568056880.29398,0.477113061361985,0.02887679707142857,0.8728650000000009,14,196.518505008,55.656053552,196.09943426146648,55.504301623176595,13.611910628042743,1.240029977966622,-200.90191972800451,2.882773385083835e-13,223.23607639780784,0.8999527449586443,516.6829752512114,-23.525807735275336,40184020290711.73,209.76367848122874,2.0529737237951426,Q,True,0.6153846153846154,0.5714285714285714,0.0,0.0,0.38461538461538464,0.42857142857142855,13.740231613650694,794.0825205327438
1090,88774206685.99074,202175522758.98715,0.43909473053183695,0.031970965357142854,0.6766210000000008,14,212.768870919,25.697965997,212.7952630349286,25.593583764367526,13.737520337614862,0.4675927144266945,231.52171664644843,1.1632599645443926e-12,291.91685381491743,0.7931084266660321,578.639167915436,-23.58432143681474,63939270778070.76,316.2562406443859,1.7582162017490326,Q,True,0.8461538461538461,0.7857142857142857,0.07692307692307693,0.07142857142857142,0.07692307692307693,0.14285714285714285,13.698830398126235,768.489883871439
1093,93591412115.66997,170006294811.53745,0.5505173336047461,0.028788984,1.8179970000000019,14,184.94850872,30.339083796,184.9264632574584,30.338416473284468,11.391169747296898,0.10027834016292059,91.88061171661191,-1.395708945243054e-13,214.85819104240386,0.4276337395881674,431.0449956283553,-23.396162505670723,26017072905308.016,153.03593866420982,1.77948492104215,Q,True,0.15384615384615385,0.14285714285714285,0.3076923076923077,0.2857142857142857,0.5384615384615384,0.5714285714285714,13.674255962425434,754.8937923086561
1104,80101601651.95715,204806214205.3654,0.3911092344670599,0.02639322557142857,0.845682,14,137.491985214,62.247356283,137.53747708372055,62.083987786138636,22.134663655620535,0.44656712813888055,61.53363431119551,3.6339185628873697e-13,137.55281515529077,0.4473455104624832,766.5233649387744,-23.5983578245358,13890910663421.564,67.82465423384433,4.942873934881741,M,True,0.5384615384615384,0.5714285714285714,0.15384615384615385,0.14285714285714285,0.3076923076923077,0.2857142857142857,13.533458545161372,678.0834296645324
1109,78258946994.92456,183797300154.76282,0.4257894263355783,0.020535586714285715,0.8198709999999991,14,161.06221584,22.371182601,161.19407979005805,22.04741167284278,26.500518736111495,0.7834309210535577,-22.965479530208782,-2.172230649323735e-13,100.09577854540697,0.22943504575260998,710.9390914213976,-23.480847819087415,7920325339412.274,43.09271862395761,6.299995696668827,Q,False,0.5384615384615384,0.5,0.07692307692307693,0.07142857142857142,0.07692307692307693,0.14285714285714285,13.496096460104113,660.1338710447073
1110,80608938095.89757,275151532955.47314,0.29296198073133123,0.032034290928571435,0.06759500000000074,14,242.808799312,26.923399779,242.61258575995853,26.916434482008714,20.479946156928186,0.5129617150282969,28.674855652007782,-1.7311866226269298e-12,179.64052150899502,0.15962353822588796,864.386195460546,-23.918929841861654,40169947904863.92,145.99209196978921,4.268026773319701,Q,True,0.38461538461538464,0.35714285714285715,0.38461538461538464,0.35714285714285715,0.23076923076923078,0.2857142857142857,13.49100929338339,655.172558829602
1117,64715870903.883835,260078720452.0165,0.24883185672171768,0.03687305357142857,0.23424499999999782,14,187.131419886,53.596008054,187.14477517408574,53.61340150200553,12.099880895087308,0.09477890729591333,4.625068251251298,1.138898499318332e-12,182.35440550122644,0.025363073837111397,589.9151559616296,-23.85776204957534,19209685402644.574,73.86104241538163,2.8694384536514326,X,False,0.46153846153846156,0.42857142857142855,0.23076923076923078,0.21428571428571427,0.3076923076923077,0.2857142857142857,13.43674474619811,627.4758187241297
1118,74172684921.9791,181887679750.48044,0.40779389249305753,0.04141248921428571,1.303954000000001,14,154.970076294,63.951515238,155.004774940376,63.963465304182684,8.931675959628928,0.13006609310726663,21.47166069895489,8.556964660653778e-13,248.26249697271766,0.0864877335915687,490.67535721273146,-23.469508207285,47643624526982.91,261.9398113843775,1.7531002352543064,Q,True,0.5384615384615384,0.5,0.3076923076923077,0.2857142857142857,0.15384615384615385,0.21428571428571427,13.430757176692207,623.6906401713096
1122,71107203652.63463,158078884029.31116,0.44982101239688566,0.04039236764285714,1.0556700000000028,14,227.882383264,1.763884825,227.8072586063929,1.746386271886545,8.86736279261715,0.5216975466770918,-41.503188205569586,4.263256414560601e-13,239.76921506630603,0.17309640102918417,474.79165684646676,-23.31718465329324,39913741430692.41,252.49255569954275,1.756439831136593,Q,True,0.3076923076923077,0.2857142857142857,0.23076923076923078,0.21428571428571427,0.46153846153846156,0.5,13.411067761440126,614.5374221901633
1124,65765844308.09536,208139341497.8461,0.31597027181320225,0.0288129925,0.6195570000000004,14,223.574315519,4.283899398,223.35728557295684,4.551088702701453,21.63562637869517,0.9534845434853437,185.70739732574563,2.882773385083835e-13,146.27950426234042,1.2695380549874862,819.3952966036247,-23.61588544056493,26291875214233.406,126.31862398058699,4.96859509985727,Q,False,0.3076923076923077,0.2857142857142857,0.15384615384615385,0.14285714285714285,0.46153846153846156,0.5,13.388584247252064,606.2596166028378
1131,67367309042.92388,222720864359.9982,0.3024741720382053,0.03533179042857142,0.8350150000000021,14,164.531664118,9.27611185,164.53533654675695,9.396744135684308,14.348221404635538,0.5046759410699754,72.2183072022908,1.7220510731671571e-12,104.97385789527394,0.6879646861634533,669.5379106850216,-23.689402258480637,11094902146894.545,49.81527967205234,5.657409746435084,Q,True,0.23076923076923078,0.21428571428571427,0.3076923076923077,0.2857142857142857,0.46153846153846156,0.5,13.327391915800424,577.244723477682
1132,56272991101.34545,231638364765.60056,0.24293467603386512,0.04189323064285715,0.024202999999999975,14,164.738457832,1.436935072,164.70588288052403,1.4079213182323258,11.162687023118147,0.23443300259712643,233.39834892724502,-3.1284181594466125e-12,183.88108421838234,1.2692896059393348,620.5738953937266,-23.732026226003637,24302903764571.55,104.91743796052153,2.9935055449232983,X,False,0.3076923076923077,0.2857142857142857,0.23076923076923078,0.21428571428571427,0.46153846153846156,0.42857142857142855,13.32235365362444,573.8093702047677
1133,67715610770.644684,221550662960.0726,0.30564390946033076,0.037798298642857144,0.7017489999999995,14,216.168863812,26.625137076,216.12051821898967,26.533921161661596,14.068562648200071,0.4305091299038527,-5.092737165512723,-1.4616879135636348e-13,222.8961851525551,0.02284802300239905,703.5803442423552,-23.68368263484111,41466713163780.016,187.16582748954835,2.799849467660641,Q,True,0.0,0.0,0.46153846153846156,0.42857142857142855,0.5384615384615384,0.5714285714285714,13.303695770131368,566.3941525996827
1134,61557588764.05367,142117440813.77695,0.4331459137708188,0.029431394928571424,0.9723839999999981,14,125.190658598,56.490952175,125.18396585801315,56.41571248652947,15.937144610408069,0.28360363773548936,49.07519599897544,1.2964867274994114e-12,186.96622225738074,0.2624816151626385,616.8147711038588,-23.2016184457756,22141367783280.902,155.79627423979412,2.9262756414683064,Q,False,0.38461538461538464,0.35714285714285715,0.15384615384615385,0.14285714285714285,0.38461538461538464,0.42857142857142855,13.27229545825419,554.383715662264
1142,58033344504.83722,187344317711.38068,0.3097683730885415,0.035283460071428574,0.5517450000000004,14,240.533460708,15.696537741,240.6094546069063,15.825331109598633,11.996185541882546,0.740787949880101,-236.26127491888374,-7.014071863003274e-13,273.10919233865053,0.8650799077678911,558.9982936018434,-23.50160131290979,35900806870782.85,191.6300814956715,1.8155063993965201,Q,True,0.07692307692307693,0.07142857142857142,0.15384615384615385,0.14285714285714285,0.7692307692307693,0.7857142857142857,13.08291560435396,478.49187850020536
1143,44343462356.37554,152932336168.93976,0.28995478305772204,0.02552059207142857,0.6949199999999998,14,128.378213287,41.525452866,128.39031448619798,41.4373510886395,16.286129064123436,0.3262911537094492,-56.84777334021597,7.146029799644436e-13,142.30822920834848,0.3994693325639508,544.9896158114398,-23.28124830697348,15066204383678.877,98.5154922830427,3.39689273005435,Q,False,0.38461538461538464,0.35714285714285715,0.15384615384615385,0.14285714285714285,0.38461538461538464,0.42857142857142855,12.95487482384666,435.052635625121
1145,43634539804.293076,161574486609.24512,0.2700583533947392,0.04161041785714285,0.38873099999999994,14,132.437019362,57.156430741,132.433382595707,57.14399336883525,6.622689310936868,0.11408824000055136,-70.20180859810729,8.54681405014292e-13,187.31131500206283,0.37478680130634406,365.61884507212966,-23.340931961647286,15987702556080.904,98.94942507071599,1.731363188472664,Q,True,0.23076923076923078,0.21428571428571427,0.3076923076923077,0.2857142857142857,0.46153846153846156,0.5,12.932914816477268,425.5926879653362
1248,86470426288.70944,261771487139.0384,0.33032790252966393,0.03522158584615384,0.4071499999999979,13,206.412250683,56.616505963,206.69089121307266,56.64502056472535,14.185216637532612,0.6593818633620779,38.05047836566841,1.5369585945826168e-12,162.06082534369486,0.23479134013399167,659.8138204177266,-23.86480585064238,20334886021240.48,77.68182181904221,3.611328385310444,Q,True,0.5833333333333334,0.5384615384615384,0.08333333333333333,0.07692307692307693,0.3333333333333333,0.38461538461538464,13.65446590759504,741.9931900798629
1259,73786413275.87631,183478115956.69293,0.40215375491043526,0.033378792,0.3874460000000006,13,199.568348076,53.965205909,199.66482967157947,53.965952872970306,20.228476538491428,0.16836339972776143,31.513957301751795,6.176256087760871e-13,113.92039733582416,0.2766313850613747,890.4825767074294,-23.478960679835104,10640164066452.137,57.99146133026337,6.933420739493031,Q,True,0.5,0.46153846153846156,0.3333333333333333,0.3076923076923077,0.16666666666666666,0.23076923076923078,13.551072397454815,685.7893556546155
1264,70825948614.7514,227088363934.7031,0.31188717637296764,0.03515631600000001,0.3624250000000018,13,166.923745382,13.025669372,166.99943370660665,13.167743162631876,10.213854921399442,0.940258368930141,285.5550991181575,-2.0064633715194827e-12,207.84180926926936,1.3739059533888522,474.18617084723854,-23.710487203576438,29841993071017.855,131.41137024351724,2.0236695158700644,G,True,0.08333333333333333,0.07692307692307693,0.08333333333333333,0.15384615384615385,0.8333333333333334,0.7692307692307693,13.492927968538217,655.4853517358044
1265,73612234339.9267,234316803825.46585,0.31415687282401566,0.03724303953846154,0.6645819999999993,13,214.81910937,26.298597244,214.7886160266391,26.415820680738502,17.859785462002023,0.4043688857763701,54.73310900212298,2.7328566760003855e-15,181.72947250008778,0.30117904514413063,879.706229776953,-23.744508586910573,33569880112365.35,143.26706221791224,4.293741763938595,M,True,0.5833333333333334,0.6153846153846154,0.16666666666666666,0.15384615384615385,0.25,0.23076923076923078,13.485014660349718,651.0818143213124
1266,88217104687.93507,176243593954.46362,0.5005407726236444,0.03397834507692307,0.9306009999999993,13,157.113833184,12.704050192,157.13611478224354,12.695130004688759,15.930294402040277,0.08849420294703399,-146.45692408757097,1.3871980487377956e-12,187.12730837318827,0.782659278118259,714.1807313655042,-23.435283350884998,32999698489046.527,187.23913731339772,3.3852798622949014,X,False,0.8333333333333334,0.7692307692307693,0.08333333333333333,0.07692307692307693,0.08333333333333333,0.07692307692307693,13.46437311939092,641.5166925924841
1270,74518138934.36668,202051556484.97995,0.3688075470970509,0.04302202215384616,0.4434529999999981,13,149.12760587,35.91491678,149.08886082732482,35.96381803046896,11.829396122287964,0.2946794038243641,-134.35136766390548,-1.0843975290369529e-12,257.63526580072454,0.5214789491118128,675.9091266066987,-23.583655500844642,60773713939183.08,300.7832010623529,2.327054851892313,Q,True,0.4166666666666667,0.38461538461538464,0.25,0.23076923076923078,0.3333333333333333,0.38461538461538464,13.414968090396435,615.8592680188066
1272,75110594598.13466,149813795674.1902,0.5013596662451738,0.026411077153846156,1.1980280000000008,13,182.690365592,19.040834897,182.62888426270626,19.067571893263132,15.578759167661625,0.24636792520101186,-131.4674328793035,-6.209050367872876e-13,206.66319531368296,0.636143424956512,539.8644256249044,-23.25887951854391,30612810467872.598,204.33906190086972,2.3171022048819805,Q,True,0.3333333333333333,0.3076923076923077,0.4166666666666667,0.38461538461538464,0.25,0.3076923076923077,13.394537501929287,609.4999342009448
1274,64496775093.8156,214801937489.43814,0.3002616077286869,0.034831735999999995,0.1805570000000003,13,156.728308174,16.123367449,156.70819172754787,16.148393764405725,7.842641394609676,0.24189712555546428,-42.58150684187246,1.390477476748996e-12,173.6285471222137,0.24524484911977967,360.653708274509,-23.650095485832026,14745187985999.65,68.64550738386461,1.8424380353440284,Q,True,0.25,0.23076923076923078,0.3333333333333333,0.3076923076923077,0.4166666666666667,0.46153846153846156,13.383567943692626,602.7741941903113
1275,79878003238.93848,205325435877.042,0.38903121231785903,0.03818500446153846,0.9637799999999999,13,181.638484921,39.237665409,181.37617457806294,39.28315216529605,14.957564637793165,0.8348910336418165,-220.61383836597173,1.4648111783362066e-13,179.81951444837182,1.2268626074469384,755.9055372509254,-23.60110688361619,33713445829387.2,164.19517477404167,3.7286732399340083,M,True,0.25,0.3076923076923077,0.0,0.0,0.75,0.6923076923076923,13.358873066061596,590.8230380145371
1278,71237521326.92705,230091009608.2632,0.3096058444361257,0.03465450669230769,0.4379249999999999,13,197.148470534,33.975830815,197.05464191684683,34.01278490656875,10.596324113725453,0.48766209538233285,2.0703619830466917,3.060799477120432e-13,202.30796479490016,0.010233714649570614,484.74313167287227,-23.72474912431393,31087132850941.47,135.10798576558136,2.125310084700513,Q,True,0.4166666666666667,0.38461538461538464,0.25,0.23076923076923078,0.3333333333333333,0.38461538461538464,13.317544221924717,573.0220184329615
1282,61161819959.398796,222640587148.96057,0.27471100729031805,0.02591025123076923,0.09086899999999787,13,158.785847676,45.084646356,158.79790711447845,44.90747708575684,21.173614344155965,0.5026285723499446,-33.253933748076356,5.476644778704772e-13,177.82935615492968,0.18699912358173973,719.5674017953805,-23.689010846628133,20227913298977.83,90.85456321332857,3.5891502910039024,Q,True,0.25,0.23076923076923078,0.3333333333333333,0.3076923076923077,0.4166666666666667,0.46153846153846156,13.279235504452627,557.9669804363131
1283,66125839704.0402,163919603247.92062,0.4034040980689052,0.024251790461538456,0.8077529999999982,13,172.925069339,28.153591736,172.91322273342988,28.187090139348122,16.31161918998668,0.1290683159516034,-70.07344465394668,1.717327135198642e-12,142.89943503786427,0.4903689411744766,518.2176011499829,-23.35657723556302,9728550805009.492,59.349526305865446,3.2166608083386636,Q,True,0.6666666666666666,0.6153846153846154,0.16666666666666666,0.15384615384615385,0.16666666666666666,0.23076923076923078,13.2753213812231,556.5849879162366
1284,62975148460.925804,164518832029.13293,0.38278382896478497,0.03170101676923077,1.237648,13,211.489018571,65.690728006,211.51038078841106,65.67063068202813,8.25437407602872,0.15946806347337353,112.83518855195294,3.935313613440555e-13,145.73980401330766,0.7742235507716851,344.67920019064866,-23.360539044137838,9496001940719.271,57.7198477742519,2.0977827755359737,Q,False,0.3333333333333333,0.3076923076923077,0.16666666666666666,0.15384615384615385,0.4166666666666667,0.46153846153846156,13.274219911567585,554.8027920649163
1286,57129496959.72112,239616315041.71225,0.23842073086624363,0.04438025884615383,0.07236799999999732,13,203.409199517,13.236010895,203.45083928213757,13.229813571960294,8.962150345591647,0.2745221770797871,-75.04995556769242,3.83255820242294e-12,167.75630367280442,0.4473748760826022,528.7643558222934,-23.76879096262542,20916277546401.18,87.29070699029859,2.7958054233786016,Q,False,0.4166666666666667,0.38461538461538464,0.3333333333333333,0.3076923076923077,0.16666666666666666,0.23076923076923078,13.261199597748318,547.0605750310726
1288,72810564810.50262,105584665277.36777,0.689594124480401,0.021886068538461537,2.2735920000000007,13,151.021883971,31.185462997,151.02370496739496,31.065871638777597,17.781409920337726,0.40357266767780925,-89.43276193594592,3.104525183936438e-13,159.6950289660876,0.5600222030388806,508.91099735987444,-22.879002118671128,17985139766385.383,170.33855928925811,2.826663156522346,Q,False,0.5833333333333334,0.5384615384615384,0.08333333333333333,0.07692307692307693,0.08333333333333333,0.15384615384615385,13.212273746237608,530.6885944692259
1289,50226347839.18454,185365429450.216,0.27095854921898443,0.03420311053846154,0.09889099999999829,13,228.649665225,8.333943857,228.82423190875076,8.292141404787156,11.835608000755517,0.9009360250878029,-65.8366081178207,-7.717587253025088e-13,183.97158010644438,0.3578629268701581,534.207083381399,-23.490071854200902,24031323741462.312,129.6429642395453,2.575624358311975,Q,True,0.4166666666666667,0.38461538461538464,0.3333333333333333,0.3076923076923077,0.25,0.3076923076923077,13.183502109058642,517.0745418493684
1295,59812120556.663666,118571538204.46414,0.5044391045473658,0.022210795538461538,1.108346000000001,13,166.15398475,45.125195655,166.15554136817497,45.160773703493895,13.102395686968988,0.16300066049066195,53.07064123405372,1.595988298784225e-13,140.63951005068148,0.37735229036939044,380.651596581145,-23.004951134793107,8874427721234.523,74.84450194052056,2.4007333788762697,M,False,0.5,0.5384615384615384,0.0,0.0,0.25,0.23076923076923078,13.105803903562856,488.9960590916626
1296,52749749308.01787,143725278459.79755,0.3670178960395814,0.02288877007692308,0.7198620000000027,13,145.82979462,36.247814537,145.87668124128461,36.231459366173226,11.659181448276936,0.2120303303430477,80.8548529436195,-2.2587060427143186e-13,244.7410628819973,0.3303689703374548,349.23864192078594,-23.213832896851066,23573844467894.1,164.0201690371963,1.26572415652659,Q,False,0.16666666666666666,0.15384615384615385,0.25,0.23076923076923078,0.4166666666666667,0.46153846153846156,13.101848093448504,487.40941101816423
1297,50953919896.53957,110395025844.85666,0.4615599254276866,0.03317742146153846,0.9610869999999991,13,246.842087052,39.109640608,246.88292623064308,39.05359054752395,12.936090740762502,0.298671304167993,-19.657106532363333,9.29871564363356e-13,230.50418122424435,0.08527874170421658,565.9438020234056,-22.9273737637185,41215130302712.984,373.3422768579678,2.1778006356700375,M,True,0.6666666666666666,0.6923076923076923,0.16666666666666666,0.15384615384615385,0.16666666666666666,0.15384615384615385,13.090843681687312,481.7359316847351
1298,46672815484.93473,175828167241.4032,0.26544561214049006,0.03313292284615385,0.9461849999999998,13,234.063240099,27.304522918,233.93911989649195,27.262437998305334,13.488145569105539,0.5252035255312638,8.432037324374928,-1.0843975290369529e-12,130.70922550233982,0.06450988667379924,589.2851149324674,-23.432721123056286,14434984019192.797,82.097107907485,3.9989212309711215,Q,True,0.16666666666666666,0.15384615384615385,0.25,0.23076923076923078,0.5833333333333334,0.6153846153846154,12.958699441043816,435.27840242303944
1300,42516078475.95289,76115640345.794,0.5585721710124487,0.024179997999999998,1.2467600000000019,13,187.784877284,0.613706212,187.82235712320266,0.5959240058671228,16.473708266662022,0.15108579987344894,13.496485657265207,6.209050367872876e-13,161.34691025880727,0.08364886340628186,521.7900370349004,-22.523684763409936,16408079515037.068,215.5677787179484,2.8685257257642016,Q,False,0.08333333333333333,0.07692307692307693,0.4166666666666667,0.38461538461538464,0.3333333333333333,0.38461538461538464,12.836533801753635,397.4466219675676
1301,39401286291.247795,190988067700.9137,0.20630234530122585,0.038558765,0.14309500000000241,13,196.260621985,43.553466008,196.309860761263,43.53983570482226,7.953832884324079,0.2881871848710693,-208.1221321173516,-6.121598954240864e-13,430.05950131274386,0.4839379934219901,406.0049169903775,-23.522515587052204,71758150268779.02,375.7205941323617,0.8373872923890527,X,False,0.08333333333333333,0.07692307692307693,0.08333333333333333,0.07692307692307693,0.75,0.6923076923076923,12.823473691875732,391.6868332240445
1302,40407315628.65084,132323301149.53659,0.30536810431435,0.019352264769230767,0.1235810000000015,13,234.305274385,43.29832612,234.1032684458023,43.47153632957768,12.860966915424054,1.0592809529551508,7.7858020213514845,6.315631778236891e-13,175.0815127065365,0.044469583915470574,324.8573601593864,-23.12409081737774,15917473969886.643,120.29229796722304,1.6457961437902175,Q,False,0.3333333333333333,0.3076923076923077,0.0,0.0,0.25,0.3076923076923077,12.78826728092847,383.57525255441413
1404,101674114795.81627,205148771506.56815,0.49561161906622003,0.04091703574999999,1.1952649999999991,12,241.349357041,14.647671896,241.42782680327448,14.754889335576063,14.816710301549385,0.5319563249438806,45.465018577487875,3.003227296479357e-12,321.52807293971694,0.14140295172922296,803.9521974212802,-23.60017230155716,131322607305711.17,640.1335301269727,2.2178641901865137,Q,True,0.7272727272727273,0.6666666666666666,0.18181818181818182,0.16666666666666666,0.09090909090909091,0.16666666666666666,13.796172433597684,825.7401765927913
1436,82398328147.12923,180649077382.7402,0.45612371422496856,0.04256864458333332,0.8420050000000003,12,163.246073053,37.613414452,163.22492238444855,37.59519456819783,17.810114326901417,0.08339193873885883,137.79320218266557,3.154809746774845e-12,135.88432216270436,1.0140478311962464,1006.5823860162349,-23.462089369664504,22961459224188.117,127.1053224121361,6.570578284427386,Q,True,0.7272727272727273,0.6666666666666666,0.0,0.0,0.2727272727272727,0.3333333333333333,13.576543865677015,697.2738962035639
1437,82392029379.70836,195848500399.56006,0.42069267424369533,0.02464402158333333,1.0113599999999998,12,212.127917264,8.931924489,212.1938550623006,9.021901685184215,24.554621455543092,0.27141722840590915,-29.384186899708208,5.080380560684716e-13,107.24997559165408,0.27397849498434124,792.943810213043,-23.549800626323325,7330079680419.031,37.42729541183404,6.557961023104432,Q,False,0.18181818181818182,0.16666666666666666,0.18181818181818182,0.16666666666666666,0.45454545454545453,0.5,13.574843642192295,700.3553090733157
1443,76450653128.14917,198467150526.6128,0.38520557646590375,0.03828116475,0.9378789999999988,12,256.652143833,24.77505318,256.6327080952744,24.764579463898603,8.312484935612893,0.14812628848824583,120.27409123387653,3.552713678800501e-15,302.8732068425239,0.3971103700051352,421.1726413459679,-23.564221585989472,37819928716659.016,190.56014366260413,1.2334538824628123,Q,False,0.18181818181818182,0.16666666666666666,0.2727272727272727,0.25,0.45454545454545453,0.5,13.532280294835177,674.9109227195905
1447,73154593264.39613,167434236545.81802,0.43691538106889827,0.03079426808333333,0.7778229999999979,12,208.155995916,24.74884943,208.06478492082226,24.823827044276932,21.928465163775616,0.30565443346806387,76.3166012870851,1.2612133559741778e-12,160.50118058565494,0.4754893453656301,888.887436113449,-23.379610665544874,33179548997850.816,198.164662630222,4.912382282520716,Q,True,0.45454545454545453,0.4166666666666667,0.18181818181818182,0.16666666666666666,0.36363636363636365,0.4166666666666667,13.48609557611816,652.9638173367432
1451,75856709496.50807,128612549874.36983,0.5898079897382157,0.026008871833333336,1.5456249999999976,12,164.379877223,40.946150171,164.37642260086264,40.94301162905075,17.29867084865781,0.014156967630025136,-28.37801323879649,-7.596886083168405e-13,219.17931914895235,0.1294739547005814,590.1613935055608,-23.093208371611635,39408773446359.76,306.41468103116443,2.3883327955941165,Q,True,0.36363636363636365,0.3333333333333333,0.36363636363636365,0.3333333333333333,0.2727272727272727,0.3333333333333333,13.447749641498543,634.9891811470276
1455,72160643929.16402,170834901334.32336,0.4223998923261346,0.03981756416666667,1.3727620000000016,12,175.145443831,36.128277439,175.30739254877537,36.154835804199436,16.12552837565532,0.4965531799981349,-8.636738930695307,-1.839121447725726e-12,131.9061102664639,0.06547641283065937,850.7795460901255,-23.40144150295036,13973002123961.734,81.79243242934659,5.721050039740296,G,False,0.5454545454545454,0.5,0.18181818181818182,0.25,0.18181818181818182,0.16666666666666666,13.4278267905198,622.6081006639017
1459,77261155666.27385,144169009276.76404,0.5359068225124174,0.029967815166666672,1.5986720000000005,12,202.317549879,53.081983245,202.20699803827117,53.198633779506274,16.190515205470025,0.4972650029385924,-116.17849535380086,-1.4293751367707348e-12,146.22417236161476,0.7945231864023693,638.2937158217495,-23.21717978503309,12306864237510.758,85.36414517412014,3.8719078849272117,Q,False,0.6363636363636364,0.5833333333333334,0.2727272727272727,0.25,0.0,0.08333333333333333,13.3826558412192,603.2860348115274
1460,71331999852.21056,190731187727.58914,0.37399232239926133,0.03828325341666666,0.7833189999999988,12,241.923523695,38.930749236,241.9859249338628,38.96854803827694,10.207062330311205,0.3615907678461062,89.87352404448771,1.1652900866465643e-12,242.90426957109398,0.36999565385647565,517.1951004706152,-23.521054283094116,35394988135376.164,185.57525152063164,1.8886125588795661,Q,True,0.36363636363636365,0.3333333333333333,0.2727272727272727,0.25,0.36363636363636365,0.4166666666666667,13.3825276434999,601.6287973116061
1464,71209182502.55484,145301145580.44012,0.4900799798796682,0.03124745825,1.278229999999997,12,132.595033749,55.378726615,132.68890711409213,55.37617311929904,15.459770932742314,0.2072355300745565,-13.07207354228899,4.973799150320701e-13,178.4469204082841,0.07325468835427792,636.1081102909835,-23.225672595918873,21799824826410.91,150.0320230740529,3.161880813281377,Q,False,0.36363636363636365,0.3333333333333333,0.0,0.0,0.5454545454545454,0.5833333333333334,13.347156389831254,586.8315640400884
1466,67934627747.74223,195137485678.78516,0.34813725057198436,0.04214283124999999,0.8116909999999997,12,228.484486538,4.710968681,228.47892617784134,4.745158136682361,5.557026691642617,0.373965707566507,35.90565454903479,2.163602630389505e-12,134.67348596055606,0.2666126468245493,310.8317864946048,-23.545851762154662,3646283261833.614,18.68571407051817,2.0472314402069114,G,False,0.36363636363636365,0.3333333333333333,0.18181818181818182,0.25,0.18181818181818182,0.16666666666666666,13.318401771039436,572.0256458727813
1472,72279443475.86989,150633236742.3733,0.4798372858407656,0.024941585750000005,1.1109590000000011,12,171.206903802,23.945220563,171.30017673973757,24.02498584922345,16.983400904946137,0.4123738276359255,-77.2899498274875,-1.5170087408478139e-12,216.86474664168307,0.3563970217584007,555.1905809070463,-23.26480202031949,43368616824633.53,287.9086831202233,2.2707888344720786,Q,True,0.6363636363636364,0.5833333333333334,0.18181818181818182,0.16666666666666666,0.18181818181818182,0.25,13.268411197182893,553.5201493349387
1475,53074070867.54829,236070672018.72403,0.22482280587289002,0.038978647916666664,0.08576700000000059,12,228.252441688,2.026144251,228.1209479148465,1.9244703205708567,10.659580227160207,0.935246069774535,-69.93384688999795,8.337034766251842e-13,159.4418202634607,0.438616711565639,550.2131765443713,-23.752605090827025,17575466954966.822,74.4500229726665,3.060922703895531,Q,False,0.09090909090909091,0.08333333333333333,0.18181818181818182,0.16666666666666666,0.6363636363636364,0.6666666666666666,13.1666595665203,509.6544676153877
1480,53132028875.74179,161711377796.1916,0.3285608570023147,0.04418975775,0.2529900000000005,12,142.026018402,26.383147468,141.99677474805335,26.43781622910713,6.608095282517468,0.5504070981443467,53.56818657394465,-6.619889821498267e-13,166.0587512931149,0.322585748458331,388.148977750568,-23.341851443400294,13226935580472.617,81.79347526890047,2.0732911730562233,Q,True,0.2727272727272727,0.25,0.45454545454545453,0.4166666666666667,0.2727272727272727,0.3333333333333333,13.112350565227947,488.0291046412426
1482,51993278108.676476,148919096174.31143,0.34913774958597504,0.023852632666666665,0.32670399999999944,12,184.993238067,25.771719418,184.97541757888007,25.73297033883024,20.943609898791248,0.12015626707564053,-101.89276780448007,4.204044519913926e-13,117.44571821052537,0.8675732871064257,654.2301006129331,-23.252375979292623,11410306190898.438,76.62083966412574,4.9410238881885915,Q,True,0.45454545454545453,0.4166666666666667,0.18181818181818182,0.16666666666666666,0.36363636363636365,0.4166666666666667,13.089013473066927,482.48475766758526
1483,56209380651.04362,121826541908.31874,0.4613886249298967,0.024725303916666667,1.578880999999999,12,186.328996458,45.847464142,186.46673531096096,45.84139885400902,16.685464998580034,0.34571988149088206,69.09540368788542,5.921189464667501e-16,151.69241473191013,0.4554967617200866,540.6344409000571,-23.034354791935847,17617201414678.414,144.60889342107683,3.1612836404895974,Q,False,0.5454545454545454,0.5,0.0,0.0,0.36363636363636365,0.4166666666666667,13.08604018852832,481.25226382891253
1484,51447514708.12899,161964032822.5019,0.3176477753212707,0.03626068925,0.2749499999999969,12,218.316102176,45.781066448,218.2035696667061,45.82873660256785,12.326467663714602,0.4468196736535921,107.89690487888373,5.003405097644039e-13,183.14874919305456,0.5891217131117319,590.7181763701918,-23.34354645485989,19444742183485.22,120.05592750826919,2.860882341533514,Q,False,0.36363636363636365,0.3333333333333333,0.36363636363636365,0.3333333333333333,0.18181818181818182,0.25,13.077975344594648,476.53217103957337
1485,56368386024.21094,123312975106.89207,0.45711642246364437,0.03307165158333333,1.2472560000000001,12,216.850975396,37.471417026,216.8370225830976,37.43582183017621,7.904640418849713,0.2829634348459241,-51.878949633712416,1.682802045858504e-12,189.56775904455728,0.2736696888499912,344.6926308540736,-23.04752193968183,21243533764788.625,172.27330494924783,1.6128394675789757,Q,True,0.18181818181818182,0.16666666666666666,0.2727272727272727,0.25,0.5454545454545454,0.5833333333333334,13.07112518920136,474.5159856639257
1486,55594470727.46392,144232598492.1151,0.38545010842679334,0.024301664749999997,1.2790479999999995,12,206.929719978,3.411506865,206.80267447627517,3.5089938066516773,17.482839079785208,0.5489539559563353,38.03733188720442,8.514670450191867e-13,157.9074367176786,0.24088372706100092,556.5899101286336,-23.217658569565476,17187344248206.521,119.16407544405516,3.1264851139770684,Q,True,0.45454545454545453,0.4166666666666667,0.5454545454545454,0.5,0.0,0.08333333333333333,13.05844112531085,471.22815180501215
1488,55579725816.00366,97763082089.20479,0.5685144599398928,0.029822261333333332,1.4696309999999997,12,157.896515761,0.475364134,157.84404883427018,0.3589193277705459,13.389221013888099,0.5723344287753047,14.404360092462033,2.5135449277513544e-13,60.686110975011545,0.23735843113085633,525.2356577251408,-22.79543721181951,2732113296558.481,27.946268040788034,7.676946519015445,G,True,0.9090909090909091,0.8333333333333334,0.09090909090909091,0.16666666666666666,0.0,0.0,13.02779467272892,459.46908519812496
1490,49296263229.37919,119303381250.68169,0.413200889300843,0.030874566499999995,0.9895780000000016,12,130.421706069,40.657446961,130.4360314854192,40.686243363745724,11.766892720269183,0.15693859790473053,165.6400738926591,1.5981290365137586e-12,161.08407858626043,1.0282833371639355,478.252143581157,-23.011631881131084,13117807241890.812,109.95335676469655,2.633467286646347,Q,False,0.6363636363636364,0.5833333333333334,0.09090909090909091,0.08333333333333333,0.18181818181818182,0.25,13.01001748493071,453.09089141462056
1492,51661189310.59945,156585550954.93716,0.32992309313051954,0.03738409416666666,0.8674210000000002,12,237.778811666,20.20251018,237.77536328935966,20.25756730539708,5.179932260631516,0.6388360162168871,127.87319234857098,2.0037305148434825e-12,228.3504129560407,0.5599866919145252,256.13670984172546,-23.30687921183271,18225708881416.656,116.39457644889423,0.9949325630225464,M,False,0.5454545454545454,0.5833333333333334,0.09090909090909091,0.08333333333333333,0.2727272727272727,0.25,12.947778334979937,431.0594684643433
1493,49804478845.83275,105913953230.70761,0.4702352931473145,0.02974947066666667,0.992955000000002,12,154.727076611,16.155514838,154.8172089650876,16.137430438617056,11.158604345306768,0.4755733153319426,-12.103401917754372,-9.237055564881302e-13,144.28362458278488,0.08388617871745342,436.6406698054166,-22.882382945875893,12531021535612.262,118.31322647655782,2.684298202497576,Q,True,0.6363636363636364,0.5833333333333334,0.2727272727272727,0.25,0.09090909090909091,0.16666666666666666,12.945933419548856,431.4984619548372
1494,41305511067.64067,175558738947.98633,0.23528029031854952,0.04128552825,0.22046499999999725,12,196.225901131,3.824464759,196.1761733455901,3.7710089142974184,6.768894117305285,0.6465025122548719,221.16392572728859,-6.674660824046441e-13,114.61420447867933,1.9296380124370223,370.685533155524,-23.431056131533133,7516511720072.518,42.814796717692715,2.8687375129852533,M,True,0.45454545454545453,0.5,0.09090909090909091,0.08333333333333333,0.45454545454545453,0.4166666666666667,12.92305922444624,422.42954641784274
1496,39503684130.08239,88722094006.4871,0.44525193608701336,0.023790617500000003,0.9619,12,117.837556757,50.236081962,117.81584125747595,50.216822581545365,13.38355800948932,0.10646123366203734,109.26170669350951,-1.0145958147707763e-12,187.12944432975613,0.5838830285894053,416.96535596802795,-22.690079458549626,20044050966955.113,225.91949830996492,1.9764301233743893,Q,False,0.36363636363636365,0.3333333333333333,0.18181818181818182,0.16666666666666666,0.36363636363636365,0.4166666666666667,12.902632357160858,418.1817376560175
1497,39845492575.22348,168794883596.0681,0.23605865134262657,0.03368012858333333,0.1700879999999998,12,158.228974471,12.040317767,158.21811490251466,12.066244359160962,9.278094916533684,0.18118431671103646,18.514698423736096,8.372561903039847e-13,112.42480712734657,0.16468516955304327,412.21134291627476,-23.38839819607257,8370421873844.421,49.589310383809526,3.2522311624032874,Q,True,0.6363636363636364,0.5833333333333334,0.2727272727272727,0.25,0.09090909090909091,0.16666666666666666,12.900500246892832,416.18999611790065
1498,51811861985.74587,118077901001.24376,0.4387938940852287,0.024800887083333334,1.1114979999999974,12,203.738642489,34.044084523,203.7583551500136,33.969192862179746,15.916640275745982,0.2889570269489044,-123.20970333337155,-1.7526720815415805e-13,153.3159122761569,0.8036328486989832,517.3288530300268,-23.00042156089932,18171616388142.68,153.89515086274503,2.992975000605959,M,False,0.36363636363636365,0.4166666666666667,0.18181818181818182,0.16666666666666666,0.2727272727272727,0.25,12.892746116116182,414.8881723803506
1499,44624894255.07672,141488944649.37924,0.3153949191271497,0.035015610999999995,0.6451010000000004,12,121.025691292,9.814481284,120.95228150663398,9.997393913676497,10.481343795521889,1.1259372979312403,-27.031603045888243,1.011931279511676e-12,91.54765929030448,0.29527355757038004,484.60725044776575,-23.196806268107647,5497047175777.886,38.8514253845062,4.69533174828744,G,True,0.45454545454545453,0.4166666666666667,0.09090909090909091,0.16666666666666666,0.45454545454545453,0.4166666666666667,12.881742538223198,410.0662475631287
1599,93932612215.3219,291521006518.5631,0.32221558692148855,0.04146760518181818,0.2548239999999993,11,118.382027291,38.733294321,118.3629659679315,38.85590921097428,15.785909389614458,0.46945015209494106,-36.646106675266054,-5.438881668272767e-13,153.9738794617049,0.23800210011841533,868.4120177528208,-23.981674636900475,33806264990120.066,115.96510794829254,5.002676184036332,Q,True,0.3,0.2727272727272727,0.4,0.36363636363636365,0.3,0.36363636363636365,13.86212465650609,868.4617535077736
1600,108697711341.59512,247489402799.77454,0.4392014773640003,0.0369173609090909,0.5477720000000019,11,160.461415412,38.716805061,160.34180035078947,38.54481070866127,21.146189796657215,0.5553850319296795,-33.415474531188785,1.823511039137057e-12,162.84853972683362,0.20519357795435314,1032.2291920577084,-23.803891519243535,33436045534086.86,135.10091808309667,5.622324246143179,Q,True,0.6,0.5454545454545454,0.2,0.18181818181818182,0.2,0.2727272727272727,13.849393085848597,861.2719157640264
1616,106107186722.14197,225030890361.36334,0.4715227609496231,0.04328399063636363,1.4633649999999996,11,128.594579191,48.088150387,128.65360536695852,48.05333401803576,9.52833572928859,0.3312880088649013,51.59864660716016,1.8041326008890544e-12,276.35113834798165,0.18671407295665013,547.849585248164,-23.70060534630793,44259759207192.414,196.68303820919152,1.7584243908676145,Q,True,0.5,0.45454545454545453,0.2,0.18181818181818182,0.3,0.36363636363636365,13.770533618521934,809.0338941362525
1619,96470115835.67508,188569282726.15182,0.5115897692402691,0.04446794990909091,1.3546080000000025,11,241.39816408,44.20614256,241.34362706303952,44.261923977922976,20.090521915448253,0.20339826702034652,48.82019295527462,-1.085838489829753e-12,261.69013944416713,0.18655725072014698,1187.752259266319,-23.508677372792516,67439819296105.99,357.63947511029625,4.025892057709734,Q,True,0.2,0.18181818181818182,0.4,0.36363636363636365,0.4,0.45454545454545453,13.756728483524428,800.201652851579
1632,98057134993.86928,177552891541.53632,0.5522699976470392,0.03238145318181818,1.4128900000000009,11,236.095627041,25.327537611,236.17562283011623,25.370442754031753,14.967824881985027,0.3369895627283606,-17.768679555163352,-3.668984308288517e-13,207.66352215979254,0.0855647605817375,638.7478502900912,-23.443319373519003,36038158182210.2,202.97139556175304,2.728304602150339,Q,True,0.2,0.18181818181818182,0.3,0.2727272727272727,0.5,0.5454545454545454,13.699808024081834,768.9662416978787
1659,84496671203.91147,156563640396.19,0.5396953659872086,0.024554735909090908,1.3824070000000006,11,183.039842439,17.757031071,182.72612208181857,17.895817862079095,21.874822676623516,0.9033129403384668,-42.055287096414254,3.668984308288517e-13,247.11683495777334,0.1701838205543581,703.7990105215996,-23.306727277306972,49327074169757.14,315.0608534965921,2.5262128435698536,Q,True,0.8,0.7272727272727273,0.2,0.18181818181818182,0.0,0.09090909090909091,13.54332466515909,683.6350989441802
1664,74567365580.02156,216594431602.7274,0.3442718495957982,0.03671053590909091,0.7948580000000014,11,213.726749419,60.011110444,213.8563338347462,60.09112967502818,13.3371849323779,0.4629101814459085,38.197656387096984,-1.8215731953122569e-13,230.24573046947125,0.16589952095620672,647.2959026396592,-23.659118218035182,41870504174508.88,193.3129299062813,2.4936465248266813,Q,True,0.2,0.18181818181818182,0.2,0.18181818181818182,0.6,0.6363636363636364,13.5254205504211,671.7043599080794
1670,80927253200.82492,141393063634.7637,0.5723566002492904,0.02958774927272727,1.4699899999999992,11,221.590610028,32.780210666,221.5993819182118,32.61955091678324,11.724099963946664,0.8230699406445839,0.27886832704393244,3.6819032671205193e-13,206.65972312553342,0.0013494082099111708,456.2205304401611,-23.19607026164661,31910805830834.76,225.68862298128315,1.9581348720505714,Q,True,0.2,0.18181818181818182,0.3,0.2727272727272727,0.5,0.5454545454545454,13.501878986059705,661.1754904078291
1675,83914304616.49171,175413545550.7417,0.47837984434456293,0.04325508636363637,1.4244319999999995,11,157.584321087,21.221097068,157.53732712311302,21.200306357368746,11.274468105511524,0.25806997689657024,41.40711700547097,-1.2608903820033779e-12,175.60700444658121,0.23579422208109058,647.8003574622253,-23.43015781708475,23531657512852.883,134.14960309348461,3.27207288160185,Q,True,0.1,0.09090909090909091,0.3,0.2727272727272727,0.6,0.6363636363636364,13.462252263410797,638.5726361873178
1678,93542979759.1614,157887751594.34305,0.592465082405499,0.03167945845454545,1.8598779999999984,11,242.733987779,13.751852971,242.75444627788914,13.846648618357746,19.89827088759376,0.2920514605330348,-102.85333870788942,1.2828526120177808e-12,176.91859525048247,0.5813596844484905,830.3170521482465,-23.31587110049074,33528229521121.406,212.35484819154703,4.162881941340116,G,True,0.6,0.5454545454545454,0.3,0.36363636363636365,0.1,0.09090909090909091,13.452588728894517,636.2061892680964
1685,64551330773.919914,200666304241.7323,0.3216849536240936,0.044540787,0.0818329999999996,11,226.650594164,9.649493156,226.74223257959386,9.663077328025347,9.650676939077062,0.5679745937702525,52.22814985403956,5.413043750608764e-13,218.88657248817717,0.23860828583653776,571.512820838808,-23.57618613039078,34234135167202.387,170.60231061993497,2.3159569192459437,Q,True,0.3,0.2727272727272727,0.2,0.18181818181818182,0.5,0.5454545454545454,13.412971488344038,614.6156119872549
1698,81044733779.27513,188276270796.49548,0.430456442739271,0.03939052472727273,0.792313,11,130.261380818,59.936274956,130.23809496985078,59.92797499181813,6.621953714305439,0.1297316719443103,-349.3752490569156,-9.08202805889728e-13,293.0417325092648,1.1922371809137078,345.51890530021956,-23.506988969033515,46586941962312.15,247.43926446613742,1.0458417180959207,Q,False,0.2,0.18181818181818182,0.2,0.18181818181818182,0.5,0.5454545454545454,13.364774189688742,593.275898474298
1701,70547495416.09976,173684089201.76318,0.4061828330984712,0.045093394818181816,1.4098509999999997,11,189.115950354,12.405179826,189.0799194203268,12.43971093177665,6.766274061776733,0.4371735244186418,34.94613121869979,3.488118884640492e-13,283.87834450890676,0.12310249053746683,405.8313036373361,-23.41940008888731,33538204092386.64,193.09888572134201,1.2680515202702363,X,False,0.0,0.0,0.2,0.18181818181818182,0.7,0.6363636363636364,13.347917585179836,584.5768455944589
1714,66437854624.23283,152436807888.25122,0.43583866353943373,0.032781710181818184,0.6393880000000003,11,156.44275743,13.716849152,156.45060366846056,13.744813337951705,16.397531327978562,0.10605615009157764,141.4273958080578,-9.14662285305729e-13,236.2346686855001,0.5986733301890648,708.6174780334462,-23.27772461456689,22256199534775.33,146.0027918656691,2.660675109682774,Q,True,0.6,0.5454545454545454,0.1,0.09090909090909091,0.3,0.36363636363636365,13.22492298043016,534.0192300834046
1716,60662010516.09934,172302646462.77267,0.3520666209221914,0.038619167181818174,0.7655460000000005,11,167.283616532,26.627602189,167.27021004720143,26.675296831590057,11.243716360010062,0.2624223676567897,2.4912444128108255,2.184595938491508e-12,105.5252121212442,0.023608049325182137,574.8619349113646,-23.41072986998908,8964208317006.88,52.025946792080575,4.832044646169704,Q,True,0.7,0.6363636363636364,0.3,0.2727272727272727,0.0,0.09090909090909091,13.216943236020738,529.7696613465322
1718,61262624766.65358,97273073937.82977,0.6298004400046864,0.025779456363636367,1.8498340000000013,11,184.723632119,12.912680707,184.6729193215532,12.87093387264031,6.843901980690883,0.5672525551239713,324.73148736931967,-1.0244734353777445e-12,362.3079658515621,0.8962858064853134,231.3877484036954,-22.789981600708117,34445714210805.785,354.11355698310825,0.5664819771535612,Q,True,0.2,0.18181818181818182,0.4,0.36363636363636365,0.4,0.45454545454545453,13.199399804470213,524.8250671603724
1719,55692408500.1793,124464118931.72717,0.44745754019862133,0.03266886418181818,0.30176600000000064,11,237.498065558,0.201994357,237.3641789713025,0.1935414159175752,9.89591318316282,0.8133804003820946,24.895054772453253,1.4650099315490066e-12,169.07528473108857,0.14724242406006863,426.14342928087655,-23.05761042283841,19285219883506.547,154.9460201785958,2.235626705424883,Q,True,0.1,0.09090909090909091,0.2,0.18181818181818182,0.7,0.7272727272727273,13.197321927564593,522.8440334977727
1722,54250531826.677414,192774368501.61298,0.2814198394130571,0.03576811590909091,0.04893899999999718,11,240.377263787,15.503918899,240.30303970970547,15.564170930382655,14.129094679968697,0.3971015140915763,-48.45768613758667,-1.8603300718082624e-13,138.4971751281749,0.3498821264241699,667.6672756817262,-23.53262322279779,18419354155406.285,95.54877185476121,4.276050200891166,Q,True,0.2,0.18181818181818182,0.5,0.45454545454545453,0.3,0.36363636363636365,13.17460432845163,513.2987991288878
1729,58383321646.56489,122519085957.71454,0.47652429978717714,0.031227399727272728,1.1101729999999996,11,219.542540038,9.33606827,219.5614402322526,9.30301153643407,9.139983327017978,0.2491593034464227,-63.31107976185575,9.333947756121316e-14,207.5064168298011,0.3051042022174391,375.82703042413254,-23.040509370332227,25083554795496.71,204.7318146346104,1.60649767404364,Q,True,1.0,0.9090909090909091,0.0,0.0,0.0,0.09090909090909091,13.146087785361956,502.9135858840572
1731,56127228788.00075,140608553353.1486,0.3991736451980495,0.03339213009090909,1.0048010000000005,11,172.188830739,22.928643798,172.22747311638986,22.93140526551356,9.085135248911277,0.2357425640214005,103.6490590686183,-1.9378438248002733e-13,183.63784853798424,0.5644210052220221,400.10261960663274,-23.190029350093017,20738602047068.684,147.49175318646638,1.9325592540781507,Q,True,0.3,0.2727272727272727,0.3,0.2727272727272727,0.4,0.45454545454545453,13.125347085314583,494.6300032657077
1732,75609784455.58304,154874562590.57654,0.4882001484999421,0.027081623090909092,1.3039570000000005,11,208.094765332,21.539352854,208.06865474394152,21.584538725421957,12.336275756265426,0.24949647106492834,-299.4607182738453,-3.746498061280528e-13,185.34032256484159,1.6157343104282025,438.5707848036378,-23.294950232039522,21306756441730.703,137.5742800194816,2.098908001979603,Q,True,0.5,0.45454545454545453,0.2,0.18181818181818182,0.3,0.36363636363636365,13.121500943588536,494.16190354672824
1733,56430773082.72474,115437316207.51578,0.4888434254767498,0.043983253636363635,1.2722589999999983,11,216.833284713,54.288895615,216.88124872677264,54.274277732964855,10.399416615193267,0.18224543294746734,27.049628708932307,1.850640852684261e-13,149.40884558808546,0.18104435920418613,607.9001481312362,-22.975865553317043,21628331143461.047,187.35996170060727,3.6089391446004546,Q,True,0.3,0.2727272727272727,0.3,0.2727272727272727,0.4,0.45454545454545453,13.11728423482506,489.91322360973373
1737,53258680198.520584,136886405907.49876,0.3890720911652121,0.040650476727272726,0.7294139999999985,11,169.898528626,12.076570997,169.89393857526383,12.053393261252776,6.8395555892568485,0.20710449247582907,79.3729510742369,3.668984308288517e-13,185.88136142764233,0.42700866006479016,368.6243301329304,-23.16090080199124,19880992122122.133,145.23715478041515,1.75902402649008,Q,True,0.2,0.18181818181818182,0.4,0.36363636363636365,0.4,0.45454545454545453,13.091700218697085,480.9019178576027
1739,61187512800.19857,113353808969.82353,0.5397922959649957,0.03225641081818182,1.8781740000000013,11,245.661984514,43.464647835,245.62756924581666,43.5118270212399,12.056764905425288,0.2656384043106532,-52.11283186489376,-9.133703894225287e-13,163.0624598903817,0.3195881621062601,512.4853489569188,-22.95609029520537,17436575182437.695,153.82434292154727,2.787732411435308,Q,False,0.5,0.45454545454545453,0.1,0.09090909090909091,0.3,0.36363636363636365,13.076071208872966,476.44447373235687
1740,51667803592.19512,144270053765.07697,0.35813255934823945,0.04003624454545454,0.8037719999999986,11,167.896294148,26.307389245,167.8841159228044,26.25986361379864,8.2654803222876,0.3539820057357359,152.7033221029313,1.091490534318754e-12,152.72703738665456,0.9998447211172945,438.549545347929,-23.21794048410473,11987666033978.012,83.09185254410595,2.546984825868191,Q,True,0.7,0.6363636363636364,0.1,0.09090909090909091,0.2,0.2727272727272727,13.070020192734908,473.0591385978959
1741,42119344143.52319,190373783817.5292,0.22124550607185514,0.04417854572727273,0.237248000000001,11,187.741751381,51.344149479,187.7229745976371,51.30368781119187,4.449425333875807,0.5681014544721803,136.11014370302496,-3.694822225952521e-13,232.52328547600047,0.5853613474641607,261.2837261587225,-23.519017854773274,18101427393372.35,95.08361409006996,0.9967116395605354,Q,True,0.5,0.45454545454545453,0.3,0.2727272727272727,0.2,0.2727272727272727,13.069954767547674,472.4059495984108
1743,48274701826.87486,130963810566.34714,0.3686110049647538,0.033870467,0.6668910000000032,11,121.370107941,37.557840569,121.36474636728228,37.52579834372136,7.0541775504002935,0.27492657001706994,128.58822195664388,-3.694822225952521e-13,205.9164536009478,0.6244679320567532,315.22119885144105,-23.11287825740902,20491220267597.48,156.46475296483902,1.3578380867178128,X,False,0.4,0.36363636363636365,0.2,0.18181818181818182,0.4,0.36363636363636365,13.055334107614266,468.6801556442955
1744,53738061992.58998,138850139984.30508,0.38702202243846684,0.03074260290909091,0.7018160000000009,11,250.026934047,37.19134217,249.90242434144253,37.15397326068677,13.363052952283674,0.47601068720174045,-113.72676416761152,-6.427182018920906e-13,103.397221226458,1.099901552659035,540.752439647319,-23.17636580482103,9929522137991.38,71.5125108200378,4.638881086723406,Q,True,0.7,0.6363636363636364,0.2,0.18181818181818182,0.1,0.18181818181818182,13.0465037771303,465.9782545875355
1746,50507700903.706276,151846668737.7419,0.3326230422014681,0.022651498272727274,0.7741380000000007,11,226.735070124,12.846840043,226.65655519384205,12.760052286261313,12.20581397204755,0.5689041492507112,57.54450922272505,-2.7646571900483896e-13,163.54441816575806,0.3518585951640485,361.75859181205914,-23.273513171658333,9966867176721.102,65.63770716587219,1.9620349904701324,Q,True,0.6,0.5454545454545454,0.2,0.18181818181818182,0.2,0.2727272727272727,13.020005532879514,457.76813388247155
1747,50254528188.8997,115519150316.00374,0.4350320102894451,0.03762218463636364,1.524478000000002,11,226.680936775,5.327185773,226.61224896145532,5.319721547188152,9.585784780744772,0.4306230517427026,-18.094825953651902,-1.808654236480255e-13,171.0677994040408,0.1057757568443024,477.09820549881687,-22.976634964621475,21026363218266.617,182.0162558393894,2.473791734924571,Q,True,0.3,0.2727272727272727,0.3,0.2727272727272727,0.4,0.45454545454545453,13.017806311172592,454.8275434687297
1749,45998365522.081215,137022209787.00967,0.335700070766499,0.04131637981818182,0.7033700000000032,11,208.890519143,14.764644513,208.8824377685337,14.692157047896632,8.329356620286719,0.5251854269858931,96.64467636989262,-7.260454863585024e-13,103.40023265924765,0.9346659469169954,456.49232552984574,-23.161977418003765,6075943874389.128,44.342766649535925,3.9159359929037834,Q,True,0.3,0.2727272727272727,0.3,0.2727272727272727,0.4,0.45454545454545453,12.987161325176697,443.7285270951067
1750,47242535707.924545,187466386976.58194,0.2520053673079325,0.018965129545454543,0.1213179999999987,11,232.437521594,42.918647246,232.25678705483915,42.78787740757441,19.53768446668793,0.5716984133408006,-107.91325123382565,5.529314380096779e-13,196.73065291846407,0.5485329796498533,483.4933994727501,-23.502308523369607,21210449224440.06,113.14267889042765,2.179927931770103,Q,False,0.2,0.18181818181818182,0.3,0.2727272727272727,0.2,0.2727272727272727,12.983576188566191,445.6627984696038
1751,55712314363.049805,155039372467.02765,0.3593430073699388,0.036185843363636366,0.8901409999999998,11,198.026776721,44.678591176,197.98310012673065,44.77226785000728,9.691269771978588,0.610958554637452,-73.41901400913186,-7.350887575409036e-13,160.926729669205,0.4562263469844227,463.44834089087783,-23.296105004680513,19890171651950.684,128.29110009575626,2.554446232861419,Q,False,0.5,0.45454545454545453,0.2,0.18181818181818182,0.2,0.2727272727272727,12.98034519247801,442.1394136972178
1753,42577876702.4172,119565025108.7018,0.35610645055866286,0.019807846909090907,0.5830749999999973,11,173.901565058,54.948558074,174.09056403030428,54.992192848255996,21.25200735640417,0.33012939073635783,16.33473896634307,4.624987261856652e-13,75.58468045475043,0.21611176852327338,549.6323571473787,-23.014010398469104,3919761647800.1167,32.78351377617736,6.450035878389223,Q,False,0.1,0.09090909090909091,0.5,0.45454545454545453,0.3,0.36363636363636365,12.954960903609935,435.86592522511546
1754,41582634410.934166,134983106062.43867,0.3080580646269869,0.030885374454545454,0.21576600000000212,11,256.791938616,34.269761227,256.7935260532998,34.32794362340944,12.79567144918523,0.2728915344251598,44.31563213525998,3.720660143616525e-13,130.44503351314398,0.33972648050869836,520.2518842862027,-23.14569854340469,11772859155804.893,87.21727851157286,3.5376082088657177,X,False,0.3,0.2727272727272727,0.1,0.09090909090909091,0.5,0.45454545454545453,12.943942889935682,430.6842342027931
1756,44339827581.75646,180954048387.46143,0.24503363133835715,0.04061226527272727,0.04706099999999935,11,222.095381302,18.354672319,222.12794066523895,18.337910391159976,5.788954028029229,0.36439159315111974,-43.69332039323551,1.873249030640264e-13,243.1826490087282,0.17967285318808857,311.69925802147907,-23.463920759473595,12469075117504.713,68.90741173585545,1.1369118766986075,X,False,0.2,0.18181818181818182,0.0,0.0,0.7,0.6363636363636364,12.912223105235014,419.0213303997371
1757,40739341040.435165,143808112959.15652,0.2832895877856745,0.029145606999999997,0.15442900000000037,11,137.406023605,19.468966516,137.37243291103283,19.4775546008225,9.180744447683203,0.21444677842614968,-103.32666522993465,9.159541811889291e-13,103.99958325334657,0.9935296084622592,351.7977279179581,-23.214458468837687,6182050537348.789,42.98819037493786,3.000440721989025,G,True,0.3,0.2727272727272727,0.5,0.5454545454545454,0.2,0.18181818181818182,12.865064907788456,405.6078485774986
1758,41156458803.4537,183680160427.8283,0.2240658909900338,0.04205600090909091,0.36549499999999924,11,123.191561748,54.139735852,123.20664879300958,54.239113194659424,5.837901737927895,1.025388690300113,-109.8113294247904,-3.668984308288517e-13,159.08347988874377,0.6902748764459227,325.84926112797655,-23.48015562508643,12587015333178.424,68.52680934000011,1.816834122704943,Q,True,0.0,0.0,0.2,0.18181818181818182,0.8,0.8181818181818182,12.83920069955015,395.9988558920553
1759,40769445057.96367,169276153618.065,0.2408457670296024,0.04397846418181818,0.25456199999999995,11,241.433447801,16.259588026,241.52187516292025,16.298904942192504,7.383159456312119,0.7602078742993527,-38.90581797275322,5.490557503600774e-13,116.52680714435228,0.33387869217559196,431.5356977692635,-23.391489455498018,6135744385978.06,36.24695064741392,3.284842117463686,Q,True,0.4,0.36363636363636365,0.1,0.09090909090909091,0.5,0.5454545454545454,12.832263415565269,393.65238954130206
1824,154132562945.27612,298779669412.29095,0.515873664524965,0.0332513013,1.5622550000000004,10,179.04299365,60.522524294,178.64862522659334,60.54900016358494,31.551510962694618,0.3723058049923777,111.39055100929221,9.947598300641402e-15,180.81111978336102,0.6160602906655015,1383.50240896676,-24.008377605997197,45490447465877.164,152.25415957972746,6.787008665306905,M,True,0.6666666666666666,0.7,0.2222222222222222,0.2,0.1111111111111111,0.1,14.24893211523975,1171.732006602436
1877,121430336917.26662,223021927204.6084,0.544477121327456,0.0335304295,1.8569920000000018,10,224.865162541,16.645098413,224.94237112290625,16.65955539248104,15.719485646592045,0.287681414979471,138.88452074022365,-2.0605739337042905e-14,220.86315211776162,0.6288261278919541,695.2120192669598,-23.690868910936686,34434473691733.668,154.39949839614755,2.7920142186551846,Q,True,0.5555555555555556,0.5,0.0,0.0,0.4444444444444444,0.5,13.955743490416436,935.5351552222132
1939,89571944019.11092,224073221457.2094,0.3997440811382997,0.0338248464,0.5712360000000025,10,169.058259469,55.704289603,169.00783348341304,55.88241591819067,13.329787013323282,0.8118719154450645,-37.53039942052784,8.071765478234738e-13,177.4164360113416,0.21153845869234725,594.8293636273875,-23.69597489492684,10693835307312.621,47.72473585985727,2.9738712906157367,Q,True,0.6666666666666666,0.6,0.1111111111111111,0.1,0.2222222222222222,0.3,13.745080680361516,795.7898723624613
1948,90365946128.05717,208119942583.37305,0.43420128319445644,0.036668062599999995,0.9168400000000005,10,248.256741251,22.797400419,248.30926053925967,22.69059186670528,16.49461656587455,0.4266035710276959,-64.23616392860612,9.990230864787008e-13,228.58100650094661,0.2810214414220855,799.5851416842241,-23.615784243524544,57847494265823.29,277.9526726164146,3.102760074122649,Q,True,0.4444444444444444,0.4,0.2222222222222222,0.2,0.3333333333333333,0.4,13.706638556286563,771.9515928635676
1949,81705934210.54301,211596857421.62564,0.38613963934131895,0.044172122999999994,0.4391040000000004,10,155.99500673,43.855762221,156.16677240399306,43.916646348079844,14.29503622867124,0.5790391266725139,-67.05257541020632,2.1856294551980683e-12,200.6691439845565,0.33414492172931615,839.321882311671,-23.633773033471886,46246241887477.22,218.558264290889,3.7099799940729663,Q,True,0.5555555555555556,0.5,0.1111111111111111,0.1,0.3333333333333333,0.4,13.701593646942522,767.1186654967001
1953,92515393421.10686,220067457659.34387,0.42039561144163895,0.0406956243,0.9223590000000002,10,155.525129826,21.065115284,155.61377060295695,21.09564279626872,17.067597878931277,0.309929833264724,-138.14170182672706,9.947598300641403e-13,296.2137031538013,0.46635824189065805,920.9261036749418,-23.67638956567602,124205568356398.52,564.397706400844,2.757676114448828,Q,True,0.5555555555555556,0.5,0.2222222222222222,0.2,0.2222222222222222,0.3,13.68983267025652,761.0754250551939
1954,90031979723.3861,303477335176.7522,0.2966678868158289,0.045032900199999996,0.08696999999999733,10,157.868655391,19.706333877,157.9600757923655,19.820567542283218,12.28159237800426,0.6986478605344671,-21.999827922349493,1.0032863428932614e-12,267.1232183773286,0.08235835153526165,735.6118601328161,-24.025315654712504,71215337669348.67,234.66443590547286,2.442646969819476,Q,True,0.2222222222222222,0.2,0.1111111111111111,0.1,0.6666666666666666,0.7,13.681883552072192,755.3914542118968
1977,79386453360.51248,164512879307.05304,0.48255464067553405,0.032533290099999994,0.7330509999999997,10,120.85031091,41.914729637,120.54063083920971,41.99954296669961,19.908875239568818,0.7396095725203445,58.97312573487284,2.0236257114447654e-12,202.1857654221487,0.29167793099449585,853.6846200596018,-23.360499758648583,22311837502558.42,135.62365206018166,3.7451610721054074,Q,True,0.2222222222222222,0.2,0.5555555555555556,0.5,0.2222222222222222,0.3,13.5973835319397,710.7956764075842
1996,74570318839.01816,168785656375.8806,0.44180483365809403,0.0381905164,0.7884360000000008,10,193.650873731,62.229005845,193.74806577562154,62.23375186725948,10.763292952784711,0.25380715037097135,8.473964476184403,1.9610979506978766e-13,206.57059288870713,0.04102212399975866,544.0217009776613,-23.388338842372676,30984567393853.586,183.5734626931324,2.335991982301009,Q,True,0.5555555555555556,0.5,0.2222222222222222,0.2,0.2222222222222222,0.3,13.54114660333126,679.539178186822
2009,77896796910.50511,152838034072.4643,0.5096689275234482,0.038243886399999996,1.538606999999999,10,181.532591752,40.150741768,181.50562996486272,40.269535296317656,12.840310934355877,0.5633730465884681,-10.216363431004565,1.2022383089060894e-12,110.528111197942,0.09243226289020302,649.935014246749,-23.280578607005538,6530454275359.422,42.727939514474336,5.21579850943477,Q,True,0.5555555555555556,0.5,0.1111111111111111,0.1,0.3333333333333333,0.4,13.477120486520937,646.9415414072068
2018,69343347008.41582,186620815441.397,0.37157348629307185,0.0423526947,0.7116959999999999,10,120.704789863,40.457385799,120.65101738331734,40.46375053028214,14.609555023614988,0.170046459286685,103.78722776775302,3.922195901395753e-13,212.44545367051566,0.4885358852099398,821.3780762339973,-23.4974002068751,36771646269327.61,197.0393612435731,3.4294090131459916,Q,False,0.6666666666666666,0.6,0.0,0.0,0.2222222222222222,0.3,13.428770916369732,622.5524034651067
2021,65937974159.87594,178652615138.1252,0.3690848527960031,0.029187640999999997,0.5442570000000018,10,224.214446986,38.75647079,223.94087232968144,38.688201921368574,20.101684489608818,0.6688732310028995,41.87299197999255,1.0075495993078221e-12,154.40852754017095,0.2711831570901928,771.4129362831692,-23.45002344459754,20512467637656.46,114.81761754115523,4.431382679335234,Q,True,0.5555555555555556,0.5,0.0,0.0,0.4444444444444444,0.5,13.41715233875811,619.626094643074
2025,68509815823.942825,194109948311.04138,0.35294335205407834,0.042046272800000006,1.2023949999999992,10,155.701722866,14.93127371,155.67381581340126,14.893601991474899,11.202000342996097,0.2481472874727544,-79.0567665784605,-1.9824142327706795e-12,136.18794155779,0.5804975512087578,625.1036272525924,-23.54011948486288,15048773309125.43,77.52705845354873,4.071336353503566,Q,True,0.3333333333333333,0.3,0.3333333333333333,0.3,0.3333333333333333,0.4,13.365708891035927,593.195734738342
2038,58478954553.31568,177414086087.8901,0.32961844148240566,0.042162562,0.32497199999999893,10,218.233513549,55.7265399,218.08295124565797,55.650212702819275,15.169575569807776,0.4514732358383723,-172.24877721478663,-2.0463630789890886e-13,166.1954921854862,1.0364226787965123,848.9182028331998,-23.442470246002248,29131748802584.25,164.2020058551186,4.530751321899011,Q,True,0.3333333333333333,0.3,0.5555555555555556,0.5,0.1111111111111111,0.2,13.292783078313663,560.8841679108976
2039,64885551454.10454,169788746358.04382,0.3821546059199733,0.039347089300000006,1.0761650000000031,10,234.221560251,4.757954003,234.21639129217797,4.719253081441168,7.183530528207474,0.3260979917691574,49.248682050626755,-1.5909051853668644e-12,230.31784680209307,0.21382920487680065,374.39563499332706,-23.394772254278546,31208059572463.73,183.80522998063373,1.441872320578082,X,False,0.3333333333333333,0.3,0.1111111111111111,0.1,0.4444444444444444,0.4,13.286908652126463,558.8658523032975
2041,54862905019.85362,117971252151.1256,0.4650531720183167,0.024934984,1.0313850000000002,10,176.373408815,19.400163018,176.37929707189602,19.522481051443844,14.301559075308722,0.5136948900636579,321.70999775639064,-5.684341886080802e-15,340.5991101384484,0.9445415098871526,467.3946316579971,-22.999440472646285,71336117650466.69,604.6906881948023,1.21720528897484,Q,False,0.0,0.0,0.4444444444444444,0.4,0.3333333333333333,0.4,13.278262329134956,557.7223539041358
2044,55635500584.71171,131509492264.37476,0.42305311675044066,0.0310782622,0.8820799999999984,10,158.560057062,61.640479844,158.51170424716716,61.64086632752104,9.679862167933237,0.14238314844942182,147.04090626963568,-3.0127011996228247e-13,220.37422541391862,0.6672327763986733,396.08202277146944,-23.117392752582653,16683983029444.217,126.86523795487135,1.5942188953286915,Q,False,0.4444444444444444,0.4,0.2222222222222222,0.2,0.2222222222222222,0.3,13.265358681357531,551.1514229471261
2045,66176226622.65028,169505561120.40176,0.39040740719795347,0.030888170299999997,0.48199400000000026,10,153.503134728,14.499680194,153.556267085706,14.505524631036188,11.53445262928633,0.2692991991352035,28.702847233422688,9.087841590371682e-13,178.8231446618032,0.16050968842822688,469.0161260086615,-23.392959877649893,13005607527822.266,76.72673062675644,2.3264175594074787,Q,False,0.4444444444444444,0.4,0.2222222222222222,0.2,0.2222222222222222,0.3,13.265361803004597,551.1860604796371
2050,64720997181.61176,163763064192.3714,0.3952112004058768,0.0449036049,1.3328500000000005,10,248.726713775,26.274767034,248.74057877122257,26.242639445902867,7.534231018690819,0.27434655352564447,-191.92386433065732,7.908340649009915e-13,218.09758251080885,0.8799907918334969,449.9288748531791,-23.355539889680035,16984434951411.69,103.7134657633188,1.8298548172811189,Q,True,0.1111111111111111,0.1,0.1111111111111111,0.1,0.7777777777777778,0.8,13.229656886915896,533.8852771349874
2051,58408223867.065865,148567879857.98624,0.3931416664416117,0.0303291345,0.864338,10,250.11672302,39.32014086,250.07471618849206,39.38403310180816,16.309031330632642,0.263688696514106,-65.48852784163117,-2.0179413695586844e-13,159.2929856329825,0.4111199723038602,650.8911785630064,-23.249812314472113,21417500624813.41,144.1596975422014,3.6243935857640497,Q,True,0.6666666666666666,0.6,0.2222222222222222,0.2,0.1111111111111111,0.2,13.211163553323535,528.8217611701695
2052,49472880798.08267,145510490590.39618,0.3399952855450542,0.0344913953,0.26016199999999756,10,140.881271409,24.445690568,140.84811394281923,24.425410998343626,11.897820250988344,0.18339556795243908,277.65785475505214,3.986144747614162e-13,192.79169531089786,1.4401961365986116,541.6554613599615,-23.227235762364682,22840145222902.266,156.9656258475273,2.49205959546914,G,True,0.3333333333333333,0.3,0.3333333333333333,0.4,0.3333333333333333,0.3,13.195321174284592,521.7385174260355
2055,56770249119.12366,152751090062.77588,0.3716520065146041,0.025855774400000003,0.810568,10,131.158497561,55.01891698,131.20245469227086,55.04722870831388,9.629237575652967,0.23613768299421897,-16.59184180143593,-1.0231815394945443e-12,203.71629519952683,0.08144582535817411,326.54031198043504,-23.279960795348007,18711939457015.97,122.49954778932151,1.4217873756390533,Q,False,0.1111111111111111,0.1,0.3333333333333333,0.3,0.4444444444444444,0.5,13.18066914436967,517.3215032390706
2057,51359265007.381454,154768186748.1878,0.3318463961262557,0.03273612620000001,0.15559900000000226,10,139.308826396,44.489189572,139.18518127933868,44.41953077846608,11.706380937999402,0.5762835158057813,-12.901684780673044,-2.0094148567295634e-12,155.0970599007329,0.08318458640627055,505.16961653037816,-23.2942042361576,18442765435474.707,119.16380118532761,2.889064758218077,Q,True,0.4444444444444444,0.4,0.4444444444444444,0.4,0.1111111111111111,0.2,13.161833292878072,508.78383755986994
2064,67692850137.099655,184362944873.05792,0.36717166881723,0.038070210199999996,0.928766999999997,10,235.09312497,7.283228634,235.12552477961245,7.421886666821003,8.505511754880004,1.0040505298966413,140.92059211406604,7.958078640513122e-13,156.2137264723617,0.9021012128469886,428.5122931841004,-23.484184091491702,15731558237038.809,85.32928484013252,2.433143441601113,Q,True,0.5555555555555556,0.5,0.2222222222222222,0.2,0.2222222222222222,0.3,13.111465358518934,488.65702867544854
2065,56012944067.860435,147601771999.3511,0.37948693507627185,0.0363565431,0.9338240000000013,10,177.896070781,8.752132474,177.83991326093295,8.726096908904442,9.75306570271336,0.37716372560474903,9.078301085479646,1.9610979506978766e-13,167.16660799616835,0.054306904915409515,468.6619603440007,-23.242728928353745,18002909193114.76,121.96946519852015,2.486759549698209,Q,False,0.1111111111111111,0.1,0.2222222222222222,0.2,0.5555555555555556,0.6,13.108533491309236,487.82602708572415
2067,57392401825.58679,94462633209.3203,0.6075672451180842,0.0261171391,2.2204300000000003,10,225.984755685,48.550244272,225.97113324786986,48.52043665241394,10.641464373235733,0.17559170399003785,46.42334740544676,2.955857780762017e-13,168.34594099563807,0.27576160809632655,364.58460511943275,-22.75815011914919,16776051462625.365,177.59457779936344,1.9209643121084574,Q,True,0.4444444444444444,0.4,0.1111111111111111,0.1,0.4444444444444444,0.5,13.086020801934083,481.0333277652961
2068,53454466568.09416,106655299243.19922,0.5011890355884275,0.028380696900000002,1.260469999999998,10,141.219650702,38.351776353,141.20580344858743,38.36279379040826,15.8656709817818,0.05849977452373424,38.305910322559924,-7.077005648170597e-13,150.54059048711244,0.2544556933024648,591.6689279333086,-22.889956096367147,21046112276072.957,197.32833178858615,3.4861716523011315,Q,True,0.5555555555555556,0.5,0.2222222222222222,0.2,0.2222222222222222,0.3,13.08204031580252,479.2221578361444
2070,56199907401.66012,149243222160.6779,0.37656589416941366,0.0380155866,0.6726659999999995,10,137.50756065,22.855095538,137.48610534374458,22.856912191942456,11.409879299694545,0.10440429717682544,-278.59098394103347,5.925926416239236e-13,252.77206190848344,1.1021431001417332,573.9883341906998,-23.254736542216136,28992513463388.14,194.26351859499715,2.014176917271345,X,False,0.3333333333333333,0.3,0.3333333333333333,0.3,0.3333333333333333,0.3,13.05625241663502,468.3898029732015
2071,70435110456.47377,211422023153.25858,0.3331493541021305,0.035578440499999996,0.44978499999999855,10,171.571906211,35.340183731,171.56562137221928,35.378478960059205,7.671010247300924,0.30220306421437715,-121.67279261140142,1.1937117960769683e-12,261.15957416479847,0.46589443638250044,360.51976646140423,-23.632875560973503,29613025269937.938,140.06594406899433,1.2244660525042648,X,False,0.3333333333333333,0.3,0.3333333333333333,0.3,0.3333333333333333,0.3,13.045444675496917,464.8826582758143
2072,56287349660.12112,103404188230.19943,0.544343035069466,0.0331536284,1.4892199999999995,10,199.124243875,52.933656799,199.20718793858663,52.9626783093581,9.462661875850284,0.36644352915643136,14.073235476637056,-1.0111023129866226e-12,168.37673445253702,0.08358182929723648,413.6799268597654,-22.856345323887737,12628362657580.062,122.12622016302353,2.1792446344660834,Q,True,0.5555555555555556,0.5,0.0,0.0,0.4444444444444444,0.5,13.043506857692076,464.55099247958304
2073,52236876447.276,145095393367.80957,0.3600174701264163,0.03181002770000001,1.10492,10,161.096015005,18.48778427,161.03096886825654,18.48165687467381,11.153799069570763,0.33348554982199774,212.52728151665414,-2.213340621892712e-12,128.56936443945688,1.6530165054734727,467.3899084163036,-23.22413406061365,13352004644861.348,92.02225056873228,3.2245228136014004,G,True,0.6666666666666666,0.6,0.2222222222222222,0.3,0.1111111111111111,0.1,13.033677743331598,461.25687158732865
2074,50107876689.8351,151397340223.52264,0.3309693328552269,0.0439898747,0.6604710000000011,10,241.799535117,48.572553933,241.8658749406764,48.56854008380592,10.21464323664498,0.25892248286322456,-133.74138317806,-1.9682033780554775e-13,122.65942298269944,1.090347401984138,597.1919142403278,-23.270295613663208,4936537558458.79,32.606501218386654,4.318536766685131,Q,False,0.1111111111111111,0.1,0.2222222222222222,0.2,0.5555555555555556,0.6,13.019668274431044,454.5478234626905
2077,45966009237.419716,163380980303.4226,0.2813424742099971,0.036205032399999997,0.10896699999999981,10,238.541085075,19.106211009,238.6498953286476,19.08081436197749,11.780614127023508,0.5394325061210331,124.89226023179903,1.2065015653206502e-12,83.65482517583898,1.4929474775576836,563.6699658024265,-23.35300374386236,5981741777918.319,36.61222846630827,5.976645801552093,Q,True,0.5555555555555556,0.5,0.2222222222222222,0.2,0.2222222222222222,0.3,12.987253460099986,444.4872657759819
2078,48298317264.902336,106347565909.37581,0.45415536173211335,0.0414603864,1.3100109999999994,10,167.759193862,25.906848807,167.73683794075035,25.841160956010476,7.257519937660771,0.5679512868285174,84.38797905855675,-1.9610979506978766e-13,134.7713050208907,0.6261568740131743,399.1779835340167,-22.886818885474067,7516012097574.8,70.67403972348157,2.6271977654278023,Q,True,0.5555555555555556,0.5,0.2222222222222222,0.2,0.2222222222222222,0.3,12.972375080712723,438.7008868593177
2079,64197187219.017944,96347204951.22234,0.6663108416224325,0.018564422000000004,1.7046810000000008,10,140.009040144,1.038291217,139.99728304577616,0.9743064531630065,20.223584482318316,0.19300923610883855,-134.23936654234254,-1.1254996934439987e-12,167.40899096536307,0.8018647371819805,489.7462071590229,-22.77959780054386,18010886877381.27,186.93730541015316,2.594871895739051,Q,False,0.1111111111111111,0.1,0.2222222222222222,0.2,0.3333333333333333,0.4,12.971742314684963,441.6888365874889
2080,47635727257.05248,120242172864.6906,0.3961648905884071,0.036398204200000006,1.1012239999999984,10,219.726696125,46.665612101,219.74608973755608,46.67215657358249,5.432856928819597,0.16378432222988396,-38.25721707691039,-1.602984411874786e-12,151.88943776943987,0.2518754275394792,261.37098870785155,-23.02014203917789,7762123962333.298,64.55408928004049,1.5263475221745124,Q,True,0.3333333333333333,0.3,0.1111111111111111,0.1,0.5555555555555556,0.6,12.969501016172188,438.4449025826874
2081,49053816258.02885,120935516516.78093,0.40561960349524095,0.025090120000000004,0.5374839999999992,10,203.370913575,33.04238043,203.50193482596939,33.02018344001221,19.95374074005994,0.33697435882160304,34.965595499077125,-1.2150280781497713e-12,133.10553076192272,0.26269077850430606,656.2483468763389,-23.026384659556175,11946157016629.863,98.7812130026519,4.373163762221599,Q,True,0.6666666666666666,0.6,0.1111111111111111,0.1,0.2222222222222222,0.3,12.968688943620112,439.7497743926951
2083,48542082049.7335,97853794510.55824,0.49606744728224,0.032767218599999995,1.1407939999999996,10,160.118749412,13.622762766,160.11290386705906,13.677727367990023,11.495803486682302,0.2884044636483961,25.0417668429964,1.4116707802713791e-12,120.56056424897271,0.2077110952407339,496.5649755853643,-22.796444177771082,10482176020863.918,107.12079253843254,3.6533765090434307,Q,True,0.4444444444444444,0.4,0.2222222222222222,0.2,0.3333333333333333,0.4,12.956732133430956,434.67228698704906
2084,42968203874.26851,123319179855.68146,0.34843082742322434,0.029401314499999998,0.5225180000000016,10,131.683175161,2.537426265,131.71481932339893,2.5768860026738714,11.78317484559394,0.2574577273801443,-99.15577745884478,9.123368727159687e-13,161.1025277818984,0.6154824435348611,455.56763117201274,-23.04757656938252,12708370176638.227,103.05266538028097,2.5082690781651347,Q,True,0.6666666666666666,0.6,0.2222222222222222,0.2,0.1111111111111111,0.2,12.955798256950272,434.82604122138474
2086,48148016424.06972,93908393146.28973,0.5127126001300557,0.028936234300000002,1.19876,10,116.758533832,41.536219112,116.7415515958764,41.53339663113654,10.337710253594542,0.07557770738004815,43.20212941802905,-6.078693104427657e-13,141.8957356532139,0.3044639024502717,393.2252751745723,-22.75176102364245,8742582388006.311,93.09692238463911,2.4580782324020856,Q,False,0.0,0.0,0.3333333333333333,0.3,0.5555555555555556,0.6,12.91735022422036,422.2441567765243
2088,41900229332.835,156286261819.99008,0.26809924842335486,0.029610567900000002,0.1162959999999984,10,132.978419399,40.835889015,133.2120825055496,40.70698614574152,11.156017571173884,1.1774588186031443,15.256501720946359,-1.0103917702508624e-12,107.14722650641397,0.14238820936754806,434.4568026638817,-23.30480200873962,3488160983982.538,22.31905058936139,3.596576379322285,Q,True,0.5555555555555556,0.5,0.2222222222222222,0.2,0.2222222222222222,0.3,12.910427641905631,419.91670404585903
2089,42773304158.81892,120090620432.14717,0.3561752283808577,0.0256576902,0.6577750000000009,10,166.704836498,45.96461865,166.63705220923592,45.95788555125612,14.599948788613156,0.19561100875094173,-5.225670878136652,1.0018652574217412e-13,61.785290131276575,0.08457791275291665,491.2387014652216,-23.018772721387464,2492534359733.258,20.755445768902273,7.052305286158713,G,True,0.7777777777777778,0.7,0.1111111111111111,0.2,0.1111111111111111,0.1,12.907533232956736,419.5101194243825
2090,40500202995.963715,176878681571.61267,0.2289716467587217,0.030415738400000003,0.011492000000000502,10,166.528706927,29.932798266,166.29204838547298,29.927003538193382,10.996920931177536,1.119470092616874,76.95959847371421,-1.0089706847793423e-12,187.73944835157025,0.40992769047449656,440.1668331575736,-23.439188731034463,11917323612495.082,67.37569223496348,2.07962676165764,G,True,0.4444444444444444,0.4,0.3333333333333333,0.4,0.2222222222222222,0.2,12.90548457304046,418.219589833338
2091,41428995176.60403,153426230735.2076,0.27002550331895153,0.0383826389,0.14101300000000094,10,228.974379304,3.050323587,228.99975427732562,3.009284055591861,5.064718140354998,0.5713891130569191,33.15011105706425,-6.016520615048648e-13,192.04072863317177,0.1726202107907371,257.3156890168418,-23.28474903934675,15877243776816.793,103.48454563951788,1.188492762875897,Q,True,0.3333333333333333,0.3,0.1111111111111111,0.1,0.5555555555555556,0.6,12.902391683749403,416.1687554881401
2093,43714911147.25145,118431444731.45943,0.36911574663615737,0.029548846,1.090913999999998,10,245.357183661,14.531522895,245.35031659465324,14.631214590367307,12.27321189131726,0.48844412964002754,52.577811926228364,-9.805489753489383e-14,156.7358594546259,0.33545489914801163,476.9465431705488,-23.00366756805042,17368076054193.393,146.6508839233964,2.6991371678715788,Q,False,0.3333333333333333,0.3,0.3333333333333333,0.3,0.2222222222222222,0.3,12.861113508070728,404.32781465398494
2095,41140806396.37346,158760244521.15088,0.2591379631623864,0.024971177599999998,0.2757130000000032,10,213.332801176,8.850562897,213.1834669756538,8.661488067627856,13.597854158216707,1.058376330677462,-69.2126472819445,4.121147867408581e-13,118.50597362984662,0.5840435309879871,445.05357179647035,-23.321854397830585,8958683971124.447,56.429013435608084,3.331161342267098,Q,False,0.2222222222222222,0.2,0.2222222222222222,0.2,0.4444444444444444,0.5,12.7931138204126,384.3234758687292
2252,121491977208.72234,182823301501.83643,0.6645322352823936,0.032341011111111116,2.2766850000000005,9,209.473051131,64.910976419,209.56192949485413,64.97311043568445,17.21619377119358,0.25318256467831096,-25.08919285431449,-1.3452942463724564e-12,132.9554687788963,0.1887037297881762,733.7570488415788,-23.47507886838434,17187081425692.344,94.00924983033251,4.895191663043402,Q,True,0.125,0.1111111111111111,0.625,0.5555555555555556,0.25,0.3333333333333333,13.874062913504371,879.0181250636521
2283,93325258168.0622,228045443360.29468,0.40923974096081933,0.03846179022222222,0.6012509999999978,9,242.717533802,41.885826449,242.72060612363939,41.88110161824735,18.216238244916855,0.017290232459978447,-22.54753828035389,-2.1632078844251938e-13,188.91132221691782,0.1193551451323993,927.4474651618489,-23.71505349726074,38837587770992.32,170.30635297383182,4.354667004309858,Q,True,0.375,0.3333333333333333,0.25,0.2222222222222222,0.375,0.4444444444444444,13.79325504119721,824.54224926061
2304,90629753755.52895,202016703047.49393,0.44862505123758,0.04152586422222223,0.9228110000000029,9,243.208074426,11.159791043,243.20427502829872,11.131056506678824,12.46250616992428,0.13950000471913307,347.59080039143333,-2.2216302871432467e-12,314.4335972151501,1.1054505735708573,686.5775954810699,-23.58346819764455,70189632201167.98,347.4446971083696,1.936797888601601,Q,True,0.375,0.3333333333333333,0.125,0.1111111111111111,0.5,0.5555555555555556,13.724285143415932,781.2608548785281
2306,93780382553.14868,186566769227.8533,0.502663914593574,0.02784782611111111,1.159051999999999,9,203.524701886,17.856852289,203.49496896168355,17.724216447530978,17.8903837800067,0.4548488840777397,-31.582943715228264,4.444839558143738e-13,210.73246495354053,0.1498722264848546,654.3913381413677,-23.497085727328646,35569260048766.375,190.65163745921853,2.7544171566510265,Q,True,0.5,0.4444444444444444,0.25,0.2222222222222222,0.25,0.3333333333333333,13.72252131455771,783.6171615612046
2318,93503959110.44975,160690716419.30008,0.5818877480542446,0.031507484,1.3645929999999993,9,133.020617451,53.617307546,132.769425637367,53.56554813767671,22.766779543063823,0.4159246356086765,1.308149358475339,-8.952838470577262e-13,141.3287894281973,0.009256071348016783,944.7380221099797,-23.334976967509906,24405122412443.746,151.87636819517297,5.929312980051335,Q,False,0.375,0.3333333333333333,0.125,0.1111111111111111,0.375,0.4444444444444444,13.686033923179888,761.0912322738033
2345,117443341688.76796,156406884265.76025,0.7508834552909639,0.022566166333333332,2.6898620000000015,9,178.869590386,11.968362452,179.01584638464044,11.811686085877083,25.312939053599077,0.5029917272647548,-61.4631031785389,4.444839558143738e-13,160.09354975657888,0.38391992227040733,747.3567794047303,-23.30563966165664,17335685474820.506,110.8371000176975,4.140738114308409,Q,False,0.375,0.3333333333333333,0.125,0.1111111111111111,0.25,0.3333333333333333,13.596538799668554,712.5822488093334
2355,97642389745.17822,185339012642.0768,0.5268312825953344,0.03803603244444445,1.427506000000001,9,233.241797746,0.440734784,233.31115082771285,0.4952330334675107,12.522830354067745,0.42259762227313785,-281.1549708868984,-1.9989935632717484e-12,202.98841236467405,1.385078919587755,630.32492355395,-23.48991711267745,28504172498504.098,153.79477904930255,2.7543355833924106,Q,False,0.125,0.1111111111111111,0.375,0.3333333333333333,0.375,0.4444444444444444,13.541149093261774,679.574093043558
2376,79462092997.3783,139701996720.6606,0.5687971171683804,0.03766943144444444,1.556124999999998,9,236.112220529,47.006745529,236.08760974026143,46.996274360481536,8.83092741614049,0.13440867845277416,122.40471938648427,2.289526593004767e-13,191.6286407651479,0.6387600459813216,440.0949666189128,-23.183006533513222,20415498653486.523,146.13605483612434,2.037087117209112,Q,True,0.375,0.3333333333333333,0.25,0.2222222222222222,0.375,0.4444444444444444,13.49387199227675,655.4336732293854
2417,73805988293.82994,139793122729.70673,0.5279658029854268,0.03393874911111111,1.3357479999999988,9,235.691177471,24.986078917,235.6163582189636,25.109051142552424,18.83850607102844,0.44722070808283654,-4.680435056205414,4.5001039931473013e-13,71.71104631001029,0.06526797888252975,843.5519255862517,-23.183714515898867,4290623014352.4424,30.692661631491433,10.433965148972568,Q,True,0.625,0.5555555555555556,0.25,0.2222222222222222,0.125,0.2222222222222222,13.372739677806592,597.9556381056012
2423,67350062022.52068,243267591070.29886,0.27685587597674705,0.03850469455555556,0.22934899999999914,9,229.535041508,5.31065696,229.75620508490644,5.22842369451824,11.723155004405733,1.2031622131360433,-11.714963209358302,-8.940996091647927e-13,81.51095402889187,0.14372256280063897,597.5480731748801,-23.785210636518862,5225177148911.929,21.479133845666972,6.502501991551334,M,True,0.25,0.3333333333333333,0.125,0.1111111111111111,0.625,0.5555555555555556,13.353940414971929,588.5301768978849
2435,63630011246.92979,165038203867.7967,0.38554716275208856,0.039032510222222226,0.6239099999999986,9,121.719932211,19.844138219,121.71594270016885,19.833688082075447,7.931318685011076,0.0839976102292112,-336.3298440973483,-1.1084466677857563e-12,218.40281084544276,1.5399519941863655,409.9708462549187,-23.363961221268937,21376067866459.06,129.52193713633898,1.6650158448988697,X,False,0.375,0.3333333333333333,0.25,0.2222222222222222,0.375,0.3333333333333333,13.31647834626917,571.7523152592821
2454,78032226706.11517,156406137380.9653,0.49890770280995206,0.043921325333333344,1.1290200000000006,9,222.748835979,-0.03750439,222.75785310588074,-0.027473954086599257,8.29495502789953,0.09756078444792952,-104.48047202764386,-2.873750620185294e-12,186.62060232008952,0.5598549716844086,484.17907005407386,-23.30563447696287,24784664064296.227,158.46350072521216,2.3012830834258424,Q,True,0.25,0.2222222222222222,0.375,0.3333333333333333,0.375,0.4444444444444444,13.27205728177598,551.7201404569067
2456,68701591850.79955,126342040216.43217,0.5437745957965316,0.02635995288888889,1.321663000000001,9,209.761696625,15.565743914,209.83936831043872,15.716408345293944,20.44494706611721,0.49364349822175724,17.208393732794878,1.1368683772161603e-13,180.134429752302,0.09553084191876901,707.0985335947003,-23.07386971439382,17430867186482.68,137.96569341940707,3.481824103037604,Q,True,0.75,0.6666666666666666,0.25,0.2222222222222222,0.0,0.1111111111111111,13.262482686521466,550.7600358270946
2457,68063644517.9281,119719506232.42943,0.5685259375008275,0.04283597911111111,1.630825999999999,9,190.646823108,64.597620306,190.6958424663565,64.53439200902851,8.650015249241786,0.46224875350846983,12.105956393378737,4.421154800285068e-13,159.59905371422073,0.07585230683795476,492.04200589697433,-23.01541229245151,13759842399200.568,114.9340055954334,2.7346105698854033,G,True,0.625,0.5555555555555556,0.25,0.3333333333333333,0.125,0.1111111111111111,13.246440116989918,541.1672202961413
2462,71058821417.60817,148014925329.37592,0.4800787573245184,0.03375165133333333,0.9675400000000032,9,245.224216515,40.104151091,245.36714332517846,40.21560591332358,11.80792038926949,0.7929762337986173,57.59795388788392,2.2220250331075578e-12,211.88562191831605,0.27183512201732246,525.7491134948484,-23.245763776010477,28073235421959.04,189.66489601969525,2.2009018802120934,Q,True,0.5,0.4444444444444444,0.125,0.1111111111111111,0.375,0.4444444444444444,13.230824784069164,536.2779147253054
2471,61595530500.64703,103522991011.0443,0.5949937294033143,0.021712050777777776,1.1427890000000005,9,131.704961994,28.171313304,131.60861902216786,28.034979570055263,26.694073960651394,0.36109681849691405,28.510675363375945,3.3948152930760343e-13,101.44303446129905,0.2810510895575837,757.8222172937487,-22.85759202811514,12091725486009.816,116.80231963854114,6.626263797303874,Q,False,0.375,0.3333333333333333,0.125,0.1111111111111111,0.125,0.2222222222222222,13.207345439596388,528.7139846994245
2477,63115263544.867,130789440866.04532,0.48257155261876006,0.04147588744444444,1.4649040000000007,9,236.015281024,4.7694667,236.01050839938287,4.724218758813622,8.876369808292,0.3075394550510112,152.11460403126082,4.452734477429961e-13,155.55310314568732,0.9778950143398519,488.4059436168361,-23.111431707854436,19160250308924.996,146.49692040926257,2.7850043697449984,M,True,0.625,0.6666666666666666,0.125,0.1111111111111111,0.25,0.2222222222222222,13.19718067096064,521.3165907736782
2482,71930785016.70879,115629254676.31596,0.6220811957844625,0.029742461666666664,1.1600049999999982,9,145.729779259,28.980767214,145.7072248536196,28.966838639792538,12.749215151960009,0.1136653327172019,-125.52091807192862,6.710681393289835e-13,144.06286766481867,0.8712926523437693,498.76180051436813,-22.97766931568557,14688872638351.086,127.03422399002775,3.070893452472088,G,True,0.875,0.7777777777777778,0.0,0.1111111111111111,0.125,0.1111111111111111,13.185545343053253,518.6219096573886
2485,64919983384.24809,123144187813.60301,0.5271867437423365,0.04318392788888889,1.3276840000000014,9,159.341079528,27.358733979,159.32870079651195,27.319106879635168,13.015734872036179,0.1895757360057547,-22.516360869901625,-4.421154800285068e-13,196.86081522383228,0.11437705794472053,746.5802225854349,-23.04603479683147,25341802450014.062,205.78967550115024,3.363882531322118,G,False,0.125,0.1111111111111111,0.375,0.4444444444444444,0.375,0.3333333333333333,13.174479002925649,512.0304968694447
2489,55484387990.67393,139235036638.01562,0.3984944402673782,0.030784720555555558,0.2299490000000013,9,131.558782915,41.579804651,131.41124694282186,41.40484264768683,14.161589600885513,0.8767678950010059,64.58065143966765,-6.726471231862282e-13,96.52365820741294,0.6690655186409893,573.8690731260658,-23.17937133358713,7721769765021.526,55.458525034159656,5.273545132002964,G,True,0.375,0.3333333333333333,0.375,0.4444444444444444,0.25,0.2222222222222222,13.153982403017936,506.0413942629018
2491,63646891842.655594,109420970910.68529,0.581669960638599,0.03393250966666667,1.7674210000000024,9,150.298371429,0.225689884,150.34388718420678,0.168327852224544,11.026798470857914,0.3984444010321887,-35.26203105431967,-1.5592465590291088e-12,123.02819877019212,0.2866174698711559,493.66571626737135,-22.91775141006639,12615492081866.018,115.29318353575381,3.5591961412609945,Q,True,0.875,0.7777777777777778,0.0,0.0,0.125,0.2222222222222222,13.151959264032453,504.75003544998145
2494,59657630509.94023,227484238136.71973,0.26224951231164223,0.040695937777777774,0.14068299999999923,9,201.182002808,32.540286773,201.22950221366278,32.57106628383257,4.999783813477369,0.6060251719640045,-39.197513566372336,8.968628309149709e-13,285.0783487831547,0.1374973362013854,269.778323353995,-23.712378276907128,27453714331921.992,120.68402873443084,0.8393951130852538,M,False,0.25,0.3333333333333333,0.125,0.1111111111111111,0.5,0.4444444444444444,13.138043386105766,498.3080393357861
2497,51816347905.84377,111539637929.9455,0.4645554608881551,0.025091277000000002,0.9583699999999986,9,208.389739938,37.387006279,208.43073104639404,37.419058185118665,6.598979336532949,0.41543510381407334,134.86300856214908,-7.784390416216209e-13,163.96278969644933,0.8225220418109923,217.04064154721823,-22.938573075974254,9894191130948.977,88.70560559971698,1.1741386530980178,Q,False,0.125,0.1111111111111111,0.0,0.0,0.75,0.7777777777777778,13.131391626885142,498.24126579374285
2498,52386043592.823135,179410575761.47665,0.2919897189476138,0.036955249555555555,0.36074699999999993,9,165.586416424,10.243138065,165.44819648042767,10.243048707718902,9.18142773704783,0.8888620313601201,-12.651543563783317,5.0330110449673766e-15,168.723561598828,0.07498385787910727,448.65416404728023,-23.45462009982866,18407287308562.273,102.59867474609999,2.3586287518998286,Q,False,0.375,0.3333333333333333,0.0,0.0,0.5,0.5555555555555556,13.11641840305489,490.69330069320495
2499,55869656342.78235,111993763903.85947,0.4988639938090071,0.03195045944444444,1.1174099999999996,9,134.469556322,20.122523475,134.48768157350196,20.09302501574731,7.051325213107055,0.28978938469340887,-45.34707722823879,1.2387128360084414e-12,233.77301098931676,0.19397909551805512,296.8144575636535,-22.942984601819568,22864940299764.246,204.16262033475854,1.1261968297571872,G,True,0.375,0.3333333333333333,0.25,0.3333333333333333,0.375,0.3333333333333333,13.116495611940325,491.50664557068205
2500,63230992684.347565,125294218849.18787,0.5046600973701463,0.03493232755555556,1.650116999999998,9,181.308538629,10.613217036,181.38721049569628,10.60527728226627,12.216627650781033,0.38177591784961123,-101.30795984294569,-1.124236506358203e-12,177.9936057711335,0.5691662877665823,563.4607716877804,-23.06482758211788,26042023855000.492,207.84697086739763,2.807908196037656,Q,True,0.5,0.4444444444444444,0.125,0.1111111111111111,0.375,0.4444444444444444,13.101656159466494,485.47862278004544
2501,59962150483.55246,131480815193.3304,0.4560524696731128,0.03745857622222222,1.3166539999999998,9,208.93785703,25.203124554,208.96394966209357,25.205358539290238,12.19936840680964,0.11663206189868051,25.819815557564038,6.724497502040726e-13,146.58455837528598,0.17614280688051356,604.467602703542,-23.117155970210682,12055423367048.098,91.6896001087437,3.6577028954534017,Q,False,0.125,0.1111111111111111,0.25,0.2222222222222222,0.375,0.4444444444444444,13.099643577858544,484.3380463295772
2503,51725988628.39569,111495857130.44221,0.46392744950047754,0.029294442999999996,0.5409260000000025,9,137.666343332,18.696584237,137.44297863524636,18.701256283392258,15.60492270042763,0.8136903510374159,12.3118579705759,1.010549668636587e-12,150.44328173524843,0.08183720687668472,601.0858265982497,-22.93814682633456,22102518119776.914,198.23622768259938,3.543947739261054,Q,True,0.625,0.5555555555555556,0.125,0.1111111111111111,0.25,0.3333333333333333,13.094848937789791,483.8163134280489
2504,51659000598.132355,139879337589.60336,0.3693111612359533,0.037685769777777774,0.529160000000001,9,247.511403429,23.354426451,247.43754563984518,23.373859787052226,6.9387945662169574,0.6098901021097047,-49.27525915135628,1.1116046355002457e-12,168.62384233129353,0.2922199996756496,345.9533986827103,-23.184383917509855,11751306297050.938,84.0103084526214,1.8197940480366832,Q,True,0.125,0.1111111111111111,0.5,0.4444444444444444,0.375,0.4444444444444444,13.094708606387716,482.4718913735639
2510,55273122560.67737,97177443061.48932,0.5687855207890491,0.017096620111111113,1.4261000000000017,9,200.937575352,31.565755539,200.9589650974787,31.67909064891414,28.859616526059977,0.23865043036341882,-36.277664015800724,-4.547473508864641e-13,196.55113850183864,0.18457112124772002,642.9171461752719,-22.788913669239395,27037152654266.68,278.2245735479873,2.9013696537409355,Q,False,0.125,0.1111111111111111,0.5,0.4444444444444444,0.25,0.3333333333333333,13.081224326867837,480.6295550608548
2513,54786101781.94922,107096484508.0807,0.51155835818136,0.04471657755555555,1.6202869999999976,9,164.987075023,24.175996796,164.99815959363204,24.154699815656365,9.723963342939388,0.14547292595870887,-34.506019364965056,8.842309600570136e-13,148.9946104585495,0.23159239960941783,578.1987391262396,-22.89443803786863,12027769442632.33,112.3077895402328,3.4421532431715276,X,False,0.375,0.3333333333333333,0.0,0.0,0.625,0.5555555555555556,13.068959033764015,471.96323574690655
2514,50740646922.72598,132746073525.99207,0.38223840129471565,0.039529862,0.8567730000000005,9,138.500705919,52.639011963,138.53904228310236,52.58738769905112,6.896133143207449,0.49270725575562246,-70.76888673456625,6.315935428978668e-15,168.855167608728,0.4191099848276616,361.13429713126703,-23.12755421004828,10598950229209.744,79.84379460485088,1.8970465997090185,X,False,0.25,0.2222222222222222,0.25,0.2222222222222222,0.375,0.3333333333333333,13.068053777792068,472.42241935376774
2519,54327685079.813484,145846721014.43192,0.37249850186510275,0.04030076511111111,0.7911229999999989,9,247.192214312,25.494703293,247.20456148400007,25.510328912247587,8.585710541690942,0.1341239872408868,-27.801201622070085,6.679101716144942e-13,124.59857187642214,0.22312616592142168,458.63797096963634,-23.229741673953836,9831499396576.0,67.40980755819082,3.2649802812631488,Q,True,0.25,0.2222222222222222,0.0,0.0,0.75,0.7777777777777778,13.051283407367544,466.26517830311315
2524,45952844546.39892,185874214334.09396,0.24722549446155223,0.041946237555555564,0.1087660000000028,9,231.954920117,4.856796853,231.89842138085424,4.877670376169887,7.578515273102075,0.47534570771532825,162.90746881927512,-2.4411090433002552e-12,127.36792572051853,1.2790305557518689,421.86615180770184,-23.4930478645703,10256756220510.025,55.18116785190188,2.9379082256118583,Q,True,0.625,0.5555555555555556,0.125,0.1111111111111111,0.25,0.3333333333333333,13.038435145197887,461.4458394597829
2526,53917332770.303925,162255595689.10626,0.3322987570401795,0.043215004555555554,0.600633000000002,9,156.501695274,19.327805565,156.56267212242668,19.393177729122716,10.59050659527224,0.4933521877406785,-59.98164087867732,6.671206796858718e-13,128.0822507007041,0.4683056438385046,607.9203469447599,-23.34549920797988,16873908093421.877,103.99584693370782,4.2099927569202045,Q,True,0.5,0.4444444444444444,0.25,0.2222222222222222,0.25,0.3333333333333333,13.034468710979818,459.85550349117744
2530,54479510904.731804,186487120186.75613,0.2921355150434717,0.042030113111111114,0.2868669999999973,9,155.481279853,48.031227682,155.37639267596356,48.00919086818767,6.592392699309203,0.6692744703448531,85.90039625850069,-8.873889277715029e-13,103.60407803988662,0.8291217670546782,367.72866999685084,-23.496622106112724,5820233156889.715,31.209839859509255,3.1482865969970044,Q,True,0.25,0.2222222222222222,0.375,0.3333333333333333,0.375,0.4444444444444444,13.020688544124331,455.1908181298189
2535,51887219665.32016,81605558053.76106,0.6358294815058712,0.029496861111111113,1.6661959999999993,9,204.60443034,26.74247202,204.66494538143124,26.779005129388572,9.802020795423202,0.39925402925232767,-59.735936558106765,-3.2842864230689075e-13,195.01432222375172,0.3063156381384532,380.22945356117293,-22.599299347554847,22042223011330.824,270.10688410230085,1.7294295181140469,Q,True,0.25,0.2222222222222222,0.25,0.2222222222222222,0.5,0.5555555555555556,12.97651621252918,441.7823444055779
2538,45460310741.962265,121612221294.38614,0.3738136698606689,0.028823462555555554,0.23035600000000045,9,179.7312342,28.398970222,179.74207366351942,28.333084344290754,8.274156067657046,0.48275144995298624,101.39253365226007,3.410605131648481e-13,153.81744764964668,0.6591744642857661,313.47927749370564,-23.032443052761444,10536447588564.453,86.63971002600901,1.807702074021221,Q,True,0.125,0.1111111111111111,0.375,0.3333333333333333,0.5,0.5555555555555556,12.95876692780204,435.8978810430324
2539,40964192658.43886,132306873664.91371,0.3096149997632519,0.03664387533333333,0.028064000000000533,9,215.329762352,61.579246461,215.30575785218934,61.598765310052976,7.35114519425155,0.1845817554592121,33.598026365135105,2.2263672387149805e-13,181.629208017397,0.18498140652530273,356.1092657973589,-23.12395601857905,13882831502268.09,104.92902687299805,1.7390865831006788,Q,True,0.125,0.1111111111111111,0.125,0.1111111111111111,0.75,0.7777777777777778,12.940889021096522,428.88769028396894
2540,54017191463.58819,90202696482.76003,0.5988423136985956,0.02458224022222222,1.099383000000003,9,196.572062707,29.063178539,196.5729250035942,29.188274291687588,17.39041061750593,0.4316103511124441,-99.98840553386746,1.1368683772161603e-13,166.47210971887242,0.6006315754796505,560.1560020457125,-22.708048800896968,22107860009413.246,245.09089940164492,2.984634330961565,G,False,0.375,0.3333333333333333,0.125,0.2222222222222222,0.375,0.3333333333333333,12.930237200582122,427.0297080908816
2542,46339313970.81171,98618804706.0553,0.4698831435742034,0.03134814599999999,1.1146610000000017,9,239.64501231,27.618251133,239.64983673837648,27.594882488183092,11.253682992655039,0.12665979392580512,43.99676969794568,2.01636238570144e-12,162.8250054046063,0.27020892515013545,464.5707032066151,-22.804899336070076,16809970652463.615,170.45400927913968,2.530779671834177,Q,True,0.25,0.2222222222222222,0.375,0.3333333333333333,0.375,0.4444444444444444,12.907441138117196,418.72395287752266
2543,39845419177.18126,115398642748.96976,0.3452849897364758,0.03430160855555556,0.48294500000000085,9,196.423105958,49.42159815,196.45682222677956,49.363264405758336,9.401778086173469,0.3977441955168357,132.39729251959395,-6.686996635431165e-13,152.21131840933887,0.8698255419057683,425.6074420094753,-22.975501752333088,6545404876600.264,56.7199467920839,2.4801953298056603,Q,True,0.75,0.6666666666666666,0.0,0.0,0.25,0.3333333333333333,12.904433720942986,417.3656599271276
2547,45158010477.44059,100227793422.84225,0.4505537729133417,0.024203010666666667,1.615241000000001,9,204.088269401,3.330855843,204.12841367895263,3.4284222133905127,14.705394173753529,0.4303558257801507,-103.94813860153583,0.0,130.3500194025564,0.7974539557260489,466.23151574307775,-22.822470423000336,13131120884182.266,131.01277036784128,3.172591430055434,Q,True,0.5,0.4444444444444444,0.375,0.3333333333333333,0.125,0.2222222222222222,12.85823671594146,404.1196406726888
2548,45020840640.873634,92713625191.32643,0.48559033850706806,0.043950750000000004,1.3529070000000019,9,219.396619672,51.583145902,219.3521304547539,51.6361058920276,5.612189128414476,0.6386121518321157,19.81623995604112,-6.568572846137815e-13,242.88436282367718,0.08158713770481574,327.8116143832128,-22.73785890684399,29735155535187.082,320.7204493818981,1.1971495347726218,M,True,0.75,0.7777777777777778,0.25,0.2222222222222222,0.0,0.0,12.835222285596744,394.5509176686954
2549,48147617312.066414,84152720502.33282,0.5721457015846766,0.022435676333333335,1.5892160000000004,9,166.713187834,23.016324367,166.72230795348665,23.00453629443675,11.199954538011564,0.07752646490003091,-47.2902386538129,-4.515893831719748e-13,133.2861925138847,0.3548022324134296,328.73118323190914,-22.63267040119711,7933414219246.293,94.27400768376071,2.187657656259694,Q,False,0.625,0.5555555555555556,0.0,0.0,0.0,0.1111111111111111,12.815842645424642,391.3999961786683
2550,40769557708.25901,133441239109.8691,0.3055244239353272,0.032904254555555554,0.5410719999999998,9,140.842762938,22.630237934,140.8556799180871,22.688505645255614,6.995171346747573,0.5101329563470909,172.24816720277963,4.515893831719748e-13,245.1636315787249,0.702584498743111,303.45281871736734,-23.13322516522007,29998574694289.395,224.80737509931254,1.0978897990254053,Q,False,0.125,0.1111111111111111,0.375,0.3333333333333333,0.375,0.4444444444444444,12.81370409258768,389.4636942479386
2554,39576920635.42391,105540672220.27011,0.37499212202120863,0.01685710944444444,0.21693699999999794,9,137.634053855,50.433295073,137.52927558626953,50.438442054067814,13.115301077503705,0.30621852542396366,-67.1362492973822,7.958078640513122e-13,140.5723109107983,0.4775922716386517,288.02990092410596,-22.878549640005076,2100233923626.1523,19.899758827031444,1.817445558548164,G,False,0.0,0.0,0.0,0.1111111111111111,0.625,0.5555555555555556,12.733052193221868,367.9473754679242
2689,124115265318.81226,229933150751.34253,0.5397884772737042,0.042405575,1.1011070000000025,8,147.972488906,12.94471271,147.9492319070402,12.996757382926656,18.985587425376803,0.17939456403375534,25.3113901741938,0.0,255.07469784566726,0.09923128553310465,1068.7808223163543,-23.724003976133915,86513855716882.05,376.2565573262685,3.7165920312809626,Q,True,0.42857142857142855,0.375,0.2857142857142857,0.25,0.2857142857142857,0.375,14.07566060086484,1022.8181473370148
2832,103780366483.02086,198492962689.67728,0.5228415409631951,0.030813299,1.0402330000000006,8,243.513702543,14.282121472,243.267558280768,14.2228217432439,24.99997647886408,0.589986475395466,-84.31772223706992,3.801403636316536e-13,143.11781447532812,0.5891490346340198,1014.033997824469,-23.56436278506247,30450697351007.53,153.4094556219304,6.2846694478090885,G,True,0.5714285714285714,0.5,0.14285714285714285,0.25,0.2857142857142857,0.25,13.700816451714866,769.945728315146
2838,88149448598.43686,198113483332.9004,0.4449442163929588,0.037527274624999996,0.5531140000000008,8,224.399216543,8.285269431,224.4240015057107,8.44379490987922,15.037820346558565,0.6400294221921715,14.578162794472439,1.5063505998114124e-12,239.80859465741062,0.06079082701475826,746.5141370365897,-23.56228508508318,53314052423228.516,269.1086519015071,2.761193945101971,Q,True,0.42857142857142855,0.375,0.42857142857142855,0.375,0.14285714285714285,0.25,13.689882913060467,761.8780871895204
2857,90144741981.73,157100027948.01587,0.5738047482178599,0.03574666325,1.2874839999999992,8,218.940580173,24.725796222,219.00552590312589,24.688118147276516,4.738437024810559,0.8864304390790462,266.1837806116634,1.0018652574217413e-12,222.15865295953924,1.198169763210354,223.77600635010037,-23.310440655751876,17063983451286.865,108.61858953286315,0.893457513305543,M,False,0.42857142857142855,0.5,0.2857142857142857,0.25,0.14285714285714285,0.125,13.632790838861196,729.6289568958389
2892,89812254842.32716,158180264017.92294,0.5677842011450354,0.039657650625,1.4895029999999991,8,216.138223157,1.177318646,216.0602460937177,1.0986697973122397,14.867234113675094,0.4469214514076295,-22.298531002999713,2.4868995751603507e-13,245.8481726240014,0.0907004138570645,781.1513866770792,-23.317880740211343,39266114796070.42,248.23649802241633,2.8183299984997547,Q,True,0.7142857142857143,0.625,0.0,0.0,0.2857142857142857,0.375,13.569689552301655,694.2639704619702
2904,105746499513.85464,150186768319.0593,0.7040999729696893,0.0359601385,2.032852000000002,8,237.488918072,20.805199298,237.5319966181464,20.771049848163898,18.33868554141056,0.1727603506776411,-143.12934923142015,-7.451816941284051e-13,146.5733298274624,0.9765033611496918,871.3648916934719,-23.26157918088564,18989885702794.76,126.44180253251291,5.273132976114573,M,True,0.42857142857142855,0.5,0.2857142857142857,0.25,0.2857142857142857,0.25,13.531332487366129,674.9210736432984
2917,85161872119.94153,143226681868.2387,0.5945950224434169,0.030855591999999998,1.7354730000000025,8,255.99375277,24.177653737,256.0709022844657,24.213686844340312,13.390375336940718,0.354257879567135,30.338535536622757,3.765876499528531e-13,138.3298786356912,0.2193201919631742,543.8947211761541,-23.210059826855648,11421018700602.572,79.74085939594224,3.487566261471246,Q,True,0.42857142857142855,0.375,0.42857142857142855,0.375,0.14285714285714285,0.25,13.51170870778355,665.9143278350097
2959,73535660902.52708,117039976273.35573,0.6282952478628241,0.034798434375,1.3453839999999992,8,230.896855335,9.346152919,230.97987765603065,9.349781217805509,14.689802759532602,0.33492662832873515,410.5904456603513,-7.105427357601002e-15,280.43598292948246,1.4641147022976615,674.8667513981904,-22.99083556268993,69284753091055.13,591.9751122405847,2.1345577776326894,Q,True,0.42857142857142855,0.375,0.42857142857142855,0.375,0.14285714285714285,0.25,13.40524404152259,612.8929608165569
2975,65170882206.258804,173724357609.05087,0.3751395780257786,0.042204558,0.36643399999999815,8,116.782600605,43.314051102,116.63487268360008,43.425518349045085,13.142962149597587,0.70660539221685,-24.073614548537886,-7.531752999057062e-13,156.44115209277015,0.1538828768932959,736.2600111026912,-23.419651786094434,29880600367948.887,172.00006250817265,4.174493866299442,Q,True,0.42857142857142855,0.375,0.2857142857142857,0.25,0.2857142857142857,0.375,13.358801426544913,590.0291039382062
2995,59008258829.61313,181347849023.48288,0.32538714491161186,0.031426764125000006,0.16793499999999995,8,228.30718695,40.537884451,228.21874869793183,40.550150778683985,9.245634766622294,0.44333412093700875,48.22041935550453,-1.6413537196058314e-12,238.41940194165633,0.2022503997695045,382.65442525500316,-23.466281021892428,22076923719131.805,121.73799600056489,1.4236025777979513,G,False,0.42857142857142855,0.375,0.14285714285714285,0.25,0.2857142857142857,0.25,13.322522057990373,575.8074108749443
2999,71520344877.5419,116685642152.40146,0.6129318359848438,0.041788013124999995,1.8928760000000011,8,180.605342802,12.337725227,180.60698524833614,12.338492074106838,10.888107488463577,0.00979975008742829,-39.224724734627706,1.4974688156144111e-12,163.90226608446451,0.23931776949572708,603.7428431343004,-22.98754355147587,18084637174737.76,154.98596777757518,3.2673123725095574,Q,True,0.7142857142857143,0.625,0.0,0.0,0.2857142857142857,0.375,13.318408066687836,572.0936470001271
3000,69551996341.10495,101703367027.33156,0.6838711281054607,0.021810567500000003,1.6030480000000011,8,198.362288397,27.802372038,198.38455773282718,27.81941606085294,24.877772173408488,0.06282116066271076,106.42624881256641,-6.323830348264892e-13,168.29031263930904,0.6323967621396417,709.5155725536879,-22.83833832766539,26680008143658.355,262.3316112679772,3.73961105060138,Q,False,0.5714285714285714,0.5,0.2857142857142857,0.25,0.0,0.125,13.31675358576076,575.0117234258919
3008,69289782804.8756,149258466854.2345,0.4642268158398267,0.035533384,0.9962330000000001,8,121.193391691,10.776672617,121.2263798195009,10.688730987992336,12.682812173080631,0.4433910848022535,4.144269129878922,3.552713678800501e-15,148.47973700448014,0.027911344763183896,595.2884632438063,-23.254847440856565,16383680271149.078,109.76717513217757,3.5561813184065914,M,True,0.8571428571428571,0.875,0.0,0.0,0.14285714285714285,0.125,13.29781070656065,564.2500503535827
3017,71444434000.74066,123986450361.65857,0.5762277554712064,0.029841110875,1.6073549999999983,8,145.604026493,4.283178717,145.66572447593293,4.320361649161593,8.495422810145062,0.5077136412565162,45.43375213651801,-1.3145040611561853e-13,226.82507054257303,0.20030304422628023,333.47580289620277,-23.05343556664163,16053120287009.482,129.4747953521035,1.304057952947552,Q,False,0.5714285714285714,0.5,0.0,0.0,0.2857142857142857,0.375,13.283125079482772,558.9382503522628
3018,68543456312.42486,127195396850.37495,0.5388831515110195,0.043757657125,1.6189150000000012,8,159.270285408,20.440941323,159.16975559764776,20.43572252111855,9.68505656517728,0.5844824870507004,-96.84801498432422,-5.044853423896711e-13,125.69300754867737,0.7705123528595432,563.1466899099086,-23.08117848664076,11618934775958.164,91.34713255092072,3.97405650236066,X,False,0.5714285714285714,0.5,0.2857142857142857,0.25,0.14285714285714285,0.125,13.281906622861303,555.9360509894242
3025,61324554231.34843,159717732011.01935,0.3839558291944534,0.040823328374999995,0.3782410000000027,8,164.824374774,1.153473532,164.8513213589677,1.1345261620685243,13.760038876309116,0.14361929743939222,-34.757453196181004,1.4921397450962104e-12,146.7970933373484,0.2367720804682952,744.8569728069501,-23.328382836480234,19490739433217.28,122.03240797253848,4.500689488186693,Q,True,0.8571428571428571,0.75,0.0,0.0,0.14285714285714285,0.25,13.274079838784983,553.127966301034
3026,72457542460.47441,115856785113.36836,0.6254061200608418,0.040941407124999996,2.090403000000002,8,242.285615312,12.085000665,242.2767626921458,12.127431860308855,9.656672145639092,0.26906821991115226,64.52233083846164,1.2470025012589758e-12,164.68273439117516,0.3917977866774961,524.2907382405036,-22.97980368294999,21701422995225.484,187.31249079620304,2.8238897449607023,X,False,0.0,0.0,0.42857142857142855,0.375,0.5714285714285714,0.5,13.270132674595128,551.433861555067
3027,57696092325.16834,159872128868.51813,0.36088899756016074,0.034574379875000005,0.44464599999999876,8,174.588114223,47.437343895,174.5528771598699,47.44470008859101,4.270963062394891,0.35039414713067946,-129.12979447008806,-1.5045742429720121e-12,176.5543812913574,0.7313882188909896,194.9178014382848,-23.3294318952374,8304451425529.386,51.944335040156524,0.9792568647188931,Q,True,0.14285714285714285,0.125,0.2857142857142857,0.25,0.5714285714285714,0.625,13.269244372004009,552.1822795843094
3030,67152966113.1675,101859759176.2993,0.6592688482302306,0.024612555374999998,2.116599000000001,8,211.245369136,11.871623831,211.22142815446875,11.909287697051825,16.458013556487668,0.16170396701796377,-3.3924102940067455,6.252776074688882e-13,206.06543166304388,0.01646278207183535,530.7885931333242,-22.840006612632795,30775047162331.773,302.1315523539202,2.2847572167228973,Q,False,0.2857142857142857,0.25,0.14285714285714285,0.125,0.42857142857142855,0.5,13.25363120302934,547.3333739663744
3033,67893281495.84278,115638778106.57744,0.5871151754411444,0.045466094875,1.8063370000000027,8,154.492423795,37.18157765,154.49608259380665,37.14911592657276,9.879071425688805,0.19794817194803724,-122.04568966971566,-7.460698725481052e-13,128.64987246840732,0.9486654539800324,597.5898487905239,-22.977758735160542,10677180792775.186,92.33218274699044,4.120192159594737,Q,True,0.5714285714285714,0.5,0.2857142857142857,0.25,0.14285714285714285,0.25,13.24738149098721,541.099822608358
3034,66589292406.24844,102209690856.84338,0.6514968575681784,0.023050678875,1.8579480000000004,8,208.033124163,16.969721099,208.16368954306546,16.97886183472705,26.43540158231712,0.2841905018591238,55.70035705455169,-2.5224267119483557e-13,172.57021433022962,0.3227692407448946,797.542176965859,-22.843730186809005,6286120601595.794,61.5021975792906,4.099316407030712,Q,True,0.42857142857142855,0.375,0.2857142857142857,0.25,0.2857142857142857,0.375,13.242815672445474,543.0763886503094
3035,62946269961.249596,186654568792.70737,0.3372340166564887,0.041250091125,0.12481899999999868,8,121.129593303,40.206047035,121.05770414322653,40.13583509363517,15.93579608917298,0.33564964670168507,-127.8853691669736,2.469136006766348e-13,130.27752499163753,0.9816380006849437,871.9219555008049,-23.49759656183017,14452336864389.572,77.42825133008064,5.9365172509905895,M,True,0.2857142857142857,0.375,0.14285714285714285,0.125,0.5714285714285714,0.5,13.241542396620805,539.4116070717818
3040,75558616975.70995,137220681576.06917,0.5506357795914572,0.039513975374999996,1.6095749999999995,8,241.595094191,19.777952158,241.66045922725,19.79736504919724,9.61070241205064,0.40265350587843657,-39.86922924338028,7.496225862269057e-13,111.35295855326923,0.3580437355358485,503.0818513346915,-23.163548930348572,6855524782346.575,49.959850830110994,4.007379848110649,Q,True,0.14285714285714285,0.125,0.42857142857142855,0.375,0.42857142857142855,0.5,13.235662030097473,537.2817996105108
3043,77150296595.87505,110765428350.411,0.696519642860107,0.030604270625,2.249419999999997,8,248.788280166,46.213918289,248.57249739928199,46.18805730003853,17.079724608378694,0.5324639845120962,57.11664799063178,2.5224267119483557e-13,117.19248395224554,0.48737466827570486,687.9722477390485,-22.931010578338874,10044354282166.488,90.68131123359862,5.207086351998458,X,False,0.8571428571428571,0.75,0.0,0.0,0.14285714285714285,0.125,13.233831967806676,538.0560000530375
3046,58175054658.32729,151959620898.1329,0.38283232291902936,0.033107781625,0.29110199999999864,8,183.795533311,34.611924366,183.64909080636818,34.58376280939033,11.676940143008903,0.6360797874300982,-148.88746854815977,5.062616992290714e-13,101.46832950221946,1.4673294542106718,509.75866882163876,-23.27432050356538,7397944361323.08,48.68361948785289,4.456128739508848,Q,True,0.0,0.0,0.42857142857142855,0.375,0.5714285714285714,0.625,13.226894921577136,534.7725316371841
3047,68134582642.82187,113421514005.22978,0.6007200947756722,0.032235033625000006,1.861571999999999,8,198.136728044,11.72896209,198.23701074057266,11.769939628593319,17.357472057849723,0.36775988714496066,-47.71238192723268,-1.2638778912332782e-12,174.0251255408848,0.2741695015529355,737.2969149366862,-22.9567386004037,12982406029029.842,114.4615829094931,3.7579766801845893,Q,True,0.42857142857142855,0.375,0.2857142857142857,0.25,0.2857142857142857,0.375,13.224931980040576,534.1159003887237
3050,57785649629.05684,121729692129.5519,0.4747046395842187,0.028842393,0.5931850000000018,8,154.168023654,16.971539198,154.2322677721987,16.89865267497153,16.03748486968556,0.356686178525779,-111.36591969288939,-2.5579538487363607e-13,161.78889606292591,0.6883409331724141,608.0126068437144,-23.03349130907582,24430380143709.258,200.69368217664604,3.3334004705775193,Q,True,0.8571428571428571,0.75,0.14285714285714285,0.125,0.0,0.125,13.21020383758582,528.6819124389843
3053,69343474743.69923,156258245857.51608,0.443774818814554,0.045096795125000005,0.5325199999999981,8,258.74360722,29.160314192,258.75342773235843,29.171866445241935,8.881419299073501,0.09719530060244538,-31.05967390569322,-1.4939161019356106e-12,139.89345437414116,0.22202378263262762,532.7361183228022,-23.30460736161511,16569943320332.053,106.04204104173381,3.3778345031679513,G,True,0.2857142857142857,0.25,0.5714285714285714,0.625,0.14285714285714285,0.125,13.2030346140859,523.0543397120583
3059,61797769478.89683,120646358609.80939,0.5122224175763249,0.04104429,0.7772380000000005,8,155.828333536,22.390778426,155.87166308197828,22.394839685341587,8.069166859650954,0.29941796089002787,-53.93183735410262,7.460698725481052e-13,124.4633164590818,0.43331512359172786,439.2337601797756,-23.02378554604028,9027596265586.26,74.82692697574922,3.130242358659508,Q,True,0.8571428571428571,0.75,0.14285714285714285,0.125,0.0,0.125,13.189298551472849,518.2441113705238
3062,56188883171.18379,185336293061.75723,0.3031725855899184,0.04498110825,0.34071400000000196,8,171.297556151,32.258833053,171.32213955517153,32.2791853093782,3.7034372393994857,0.47131013398152327,9.861126798720573,7.442935157087049e-13,139.733864727595,0.07057077264658541,221.55577988526196,-23.48990118096164,4181745364557.019,22.563013943327277,1.4063876150662145,G,True,0.42857142857142855,0.375,0.14285714285714285,0.25,0.42857142857142855,0.375,13.18430234446699,515.6071307902849
3067,49393067686.35079,112689698888.89713,0.4383104061272569,0.031005157125000002,0.3381020000000028,8,165.531780567,38.664252076,165.48488079046106,38.79917984713108,7.799617791937322,1.075436774758651,65.00575111656643,-6.217248937900877e-13,141.93683110363844,0.4579907174981356,318.3780912316703,-22.94971054610069,11441608784530.795,101.53198470972303,1.9896271089516553,Q,True,0.42857142857142855,0.375,0.2857142857142857,0.25,0.2857142857142857,0.375,13.170731298686269,512.5527508290429
3072,55760466695.850204,182183278750.60413,0.306067972199481,0.03852910325,0.038999999999997925,8,222.764492464,55.520646544,222.85947706501403,55.47364861225148,10.120806253542977,0.42352256358066326,24.85039515070833,-7.531752999057062e-13,66.70679876485457,0.3725316700971996,516.2099507430543,-23.471271284506923,2702240459584.1704,14.832538299430565,6.864041368903598,Q,True,0.14285714285714285,0.125,0.14285714285714285,0.125,0.7142857142857143,0.75,13.159765315799984,507.03776487306226
3073,55998139743.971466,126498097228.24213,0.44267970009804425,0.031822547,0.31777999999999906,8,243.167265466,33.034895563,243.20123770161908,33.074330005998135,4.0337702944931255,0.7234898182780902,108.75795725704081,5.080380560684716e-13,173.51393485924436,0.6267966739689551,169.09959028733277,-23.07520998236675,4684752046744.309,37.03417007365376,0.8644339528495976,Q,True,0.0,0.0,0.14285714285714285,0.125,0.8571428571428571,0.875,13.15889601346844,507.78578864031874
3075,76116007458.3258,139404388555.78818,0.5460086891587704,0.040591714375,1.9215289999999996,8,186.950006646,50.387817379,186.9867222443346,50.389423895785946,6.768557219199995,0.20799779006848562,-0.2086910348822542,7.496225862269057e-13,255.84303856348401,0.0008156994853358887,364.2549727175391,-23.180691114741453,29142522989118.066,209.0502550962055,1.2628608642806034,X,False,0.5714285714285714,0.5,0.0,0.0,0.2857142857142857,0.25,13.148893718257538,502.4920562991122
3080,59915556854.52222,100955930578.80077,0.5934822898567148,0.036722563624999996,1.855278000000002,8,164.810996573,5.292032395,164.78364964670004,5.217401245680279,8.892115065874663,0.5360541799563012,-58.02771411612874,1.0018652574217413e-12,240.45571616134742,0.24132391212190085,431.707735196059,-22.830329590814173,29614265725476.02,293.3385444093422,1.5924959790182704,Q,True,0.42857142857142855,0.375,0.2857142857142857,0.25,0.2857142857142857,0.375,13.132192292905708,496.70714928599034
3085,61533497409.85231,125529998737.45963,0.4901895804089576,0.028670162875000002,0.4224579999999989,8,138.553150619,16.742323238,138.48946517848506,16.818077612127528,6.9157437328983065,0.8436802287880114,48.47648699032467,-5.062616992290714e-13,187.18145019827296,0.2589812555623231,260.59073687993623,-23.06686881114206,15952509428834.953,127.08125220489258,1.2348658660762748,Q,True,0.14285714285714285,0.125,0.42857142857142855,0.375,0.42857142857142855,0.5,13.117530273875945,492.4101512316197
3092,57418679436.17976,129283869835.9895,0.444128718524759,0.0296980865,0.9577220000000004,8,226.727754394,56.509002859,226.7089779597635,56.4269443307656,14.778675605094282,0.33580051407403805,21.406944862898094,3.801403636316536e-13,131.9010589354867,0.16229547386247997,577.2748378347053,-23.098860858252614,9855214452515.154,76.22926560767058,3.882021761552541,G,False,0.5714285714285714,0.5,0.0,0.125,0.2857142857142857,0.25,13.090894701038094,482.28834477137383
3094,60376954110.137375,113792071588.67554,0.5305901656170045,0.02413766275,0.7562789999999993,8,204.109164179,7.369588176,204.00103282312597,7.536454482037381,24.504216116491158,0.4856548130166935,80.69194968248635,-1.2434497875801753e-13,124.69822187570907,0.6470978372323134,774.7659774433349,-22.960280009601945,14423187736641.49,126.75037491871156,5.511044276775742,Q,False,0.42857142857142855,0.375,0.2857142857142857,0.25,0.14285714285714285,0.25,13.08506118425435,480.98006639719273
3097,50951057228.9892,135525378367.6798,0.3759521489086656,0.042727252,0.4089109999999998,8,142.514842525,34.223704022,142.42158152889226,34.21042814400996,11.150765974847733,0.421064022935123,52.74076052246292,-2.4158453015843406e-13,139.4183982539924,0.37829125268230424,632.6335055980826,-23.150051571107664,18444293220588.418,136.0947554084603,4.024905797893358,Q,True,0.14285714285714285,0.125,0.42857142857142855,0.375,0.42857142857142855,0.5,13.07490339315621,474.4252146930576
3099,52615342283.49367,88268956811.77992,0.596079801823056,0.019979448625,1.1431289999999983,8,159.835214457,-0.200241889,159.79077483637732,-0.24109045057928458,12.039241179181616,0.30082149809789527,-19.63845494981239,0.0,49.28703053644695,0.3984507635389005,314.10388741819935,-22.684519984997724,1195172919511.488,13.540127386573877,5.65280856053836,Q,False,0.42857142857142855,0.375,0.2857142857142857,0.25,0.14285714285714285,0.25,13.074281754457624,477.6426492981646
3103,55082494530.51142,114939486688.28618,0.4792303856366973,0.04194670785714285,0.7523799999999987,7,169.18440647,54.702352186,169.1115247966601,54.72694498438412,5.48395857489061,0.5334472969245854,-297.24355927930213,1.9854594159239372e-12,250.55796880257716,1.1863265044007125,305.2739412076497,-22.971173133183022,27793916736457.883,241.8134753971408,1.080699955963245,Q,True,0.8333333333333334,0.7142857142857143,0.0,0.0,0.16666666666666666,0.2857142857142857,13.060131053763133,469.1942038773843
3110,52117310983.96321,132263469812.34175,0.3940416129858711,0.035599465375,1.0267860000000013,8,209.080178695,28.536360932,208.96436073676043,28.58356904376388,14.888051470165667,0.45195411282445996,-59.61182582891106,-2.5224267119483557e-13,90.4770861536539,0.6588610261793162,700.1282607025674,-23.12359977959953,8183618123336.71,61.8736082982535,6.863768426279031,Q,True,0.5714285714285714,0.5,0.0,0.0,0.42857142857142855,0.5,13.038541747169065,462.4230277775422
3113,47222611422.19376,127169551545.41064,0.37133583352561533,0.044709957125000005,0.21755800000000036,8,164.470491958,23.855789238,164.46931814105585,23.89988094775318,7.377431156373717,0.35870024254394006,-8.266561214205575,-1.2434497875801753e-12,108.72000794444067,0.07603532570038814,438.60403214355244,-23.080957849453156,5556837265351.996,43.6962873409813,3.578382524678839,Q,True,0.42857142857142855,0.375,0.0,0.0,0.5714285714285714,0.625,13.036415389343734,460.32145258282713
3116,51182700925.77833,110820725969.32553,0.46185134123688537,0.04533033475,0.9482590000000002,8,129.243787654,55.64575529,129.23110536199417,55.62748669072931,7.4397311601453175,0.15823970718107505,-125.56552985186377,6.217248937900877e-15,125.77062173839573,0.9983693180196044,448.6453863736539,-22.931552477071882,8309787000081.46,74.98405129002273,3.164081183769355,Q,False,0.0,0.0,0.2857142857142857,0.25,0.5714285714285714,0.625,13.027528717008618,457.1009724368109
3119,49260815818.17568,98794242389.60577,0.4986203105228575,0.024839231125,0.9496029999999998,8,161.445560357,37.211309717,161.3404947189019,37.20026122615738,12.46963356077646,0.4061437128162421,2.1304326876324975,-3.552713678800501e-15,169.12346160409402,0.012596908006883706,405.9310441918126,-22.806829087904173,18187328183807.53,184.09299716155357,2.1289821813191985,Q,False,0.7142857142857143,0.625,0.0,0.0,0.14285714285714285,0.25,13.000254637723264,450.5696814570496
3125,50612477883.533226,110407597669.02893,0.45841480977835664,0.037704751999999994,0.597173999999999,8,135.613662945,22.653904632,135.62323654898512,22.624104994934566,10.01463432973146,0.1862196267366116,-145.5655157998102,1.758593271006248e-12,171.57748424640633,0.8483952101242027,499.56656118514957,-22.92749740069764,21545220618458.832,195.1425542565048,2.5825972546307963,Q,True,0.2857142857142857,0.25,0.2857142857142857,0.25,0.42857142857142855,0.5,12.988216537235592,444.6026239391456
3126,50920938578.10691,87518836233.60222,0.5818283328424354,0.023987385875,1.6194639999999971,8,189.754670505,0.365546508,189.7683724744483,0.33853842359888003,13.735733818774264,0.13228942623045456,45.73651580951692,2.5579538487363607e-13,168.9580461433041,0.2706974710794454,431.539822012386,-22.675253835182335,14575619140056.3,166.54265261425058,2.2655081001607336,Q,False,0.0,0.0,0.14285714285714285,0.125,0.5714285714285714,0.625,12.986454743453963,445.9425115319438
3127,47235878843.51378,105833102975.32463,0.4463242361374115,0.03150834825,0.5825220000000009,8,160.523501095,18.249389095,160.4772009856754,18.237946817757337,9.849391198433649,0.27679136251418135,-93.8269413895514,1.2079226507921703e-13,97.67282326393062,0.9606248519714966,408.7251551084544,-22.881553824042776,6357636105348.729,60.0722829305216,3.711771611244909,Q,True,0.42857142857142855,0.375,0.2857142857142857,0.25,0.2857142857142857,0.375,12.967605104043257,438.4906390802289
3130,48570525246.250175,109938441957.05426,0.4417974675793886,0.031332097,1.2099249999999984,8,226.858266396,7.116740929,226.87837198102963,7.055568325113299,13.067137494582928,0.295447209199062,52.60956986499024,-7.638334409421077e-13,154.34566665818897,0.3408555031318059,539.1505938908812,-22.92287394467578,17472316143260.514,158.92817682540746,3.0984127195503532,Q,False,0.5714285714285714,0.5,0.0,0.0,0.2857142857142857,0.375,12.953795009960771,433.8916705074848
3131,44423543741.24914,91000807271.08276,0.4881664797644665,0.030911596625,1.161323999999997,8,148.151175843,9.882006198,148.16724231921515,9.91162164057449,9.34407185138274,0.21561992669868812,82.85868328551211,2.469136006766348e-13,198.4063607540913,0.4176211033284791,380.2451486165408,-22.71761311244618,20437061952672.75,224.58110609714353,1.6999326308943286,X,False,0.2857142857142857,0.25,0.42857142857142855,0.375,0.2857142857142857,0.25,12.951828368502929,433.29516799256487
3133,46801869359.10672,83228883721.72461,0.5623272506644275,0.02826863075,1.6538070000000005,8,196.903186616,60.157197971,196.90993492194747,60.236390239511245,14.496644082672361,0.32806184937570876,-40.51760510007147,1.2789769243681803e-13,108.63535801879628,0.37296885506706917,538.4354298214308,-22.620685174623155,9512975876643.908,114.29897231891874,4.396287129361467,Q,True,0.2857142857142857,0.25,0.2857142857142857,0.25,0.42857142857142855,0.5,12.931165671027712,426.83574120954694
3135,49639065852.05074,102701455978.68188,0.4833336137158027,0.036078405875,0.9600989999999996,8,207.928209723,29.33194567,207.8807498861452,29.366863509120503,11.514398835640828,0.2820896549820346,-116.51144601087368,1.0018652574217413e-12,104.250744637145,1.1176078062214736,548.9547530295615,-22.848941501374526,9591947491511.734,93.39641196034037,4.670689572837144,Q,True,0.42857142857142855,0.375,0.42857142857142855,0.375,0.14285714285714285,0.25,12.921176189694652,422.5237663595457
3136,47957352529.62769,71829311581.0495,0.6676571370938786,0.02429599675,1.5943580000000033,8,173.315755823,24.446890264,173.30070813045492,24.549407642371985,14.220531214302328,0.43638795291565424,-48.97548792343943,3.552713678800501e-15,79.2901554176059,0.6176742581155884,452.6224163533614,-22.460754260334113,4327905352318.167,60.25263582590126,5.063378690468379,Q,False,0.7142857142857143,0.625,0.14285714285714285,0.125,0.0,0.125,12.914456381335016,421.9267795758793
3140,42503823552.04316,108191527540.86429,0.39285722753095736,0.027232473,0.6770770000000006,8,118.032642316,27.483912545,117.97500104966338,27.41028026462885,13.764732352566147,0.390810885511819,61.16337444226222,0.0,65.61033410357803,0.9322216580349147,492.1349149370792,-22.905483131447653,3462777492617.4746,32.00599502867332,6.653276126593961,Q,True,0.7142857142857143,0.625,0.0,0.0,0.2857142857142857,0.375,12.894689887718137,415.1880280141771
3141,41930843600.64239,94032451244.57768,0.44591886147454124,0.03055762775,0.8563310000000008,8,256.367088053,23.153194101,256.3513149311586,23.181466433067694,9.086794825914287,0.20980560894698005,138.74051105149815,0.0,119.0904262633387,1.1650013809229989,365.44623731568015,-22.75319439368827,5961393303367.688,63.39719133623509,2.721888086807497,G,True,0.5714285714285714,0.5,0.14285714285714285,0.25,0.2857142857142857,0.25,12.880820707265327,410.3585603195861
3142,47064819776.4877,121093465658.16383,0.3886652307841906,0.023507098375,0.6948519999999974,8,235.647922425,23.670053661,235.66857188179674,23.784362543449042,6.861076362794426,1.0132066914927909,-195.41247101217056,0.0,150.5434393613538,1.2980470742608472,211.16529339638728,-23.02780177187152,6737240857850.52,55.63670030610203,1.2441831808625363,Q,True,0.14285714285714285,0.125,0.42857142857142855,0.375,0.42857142857142855,0.5,12.876001963057274,409.757710449559
3143,43107536043.64283,94199385480.95747,0.45762014076362606,0.036704282375,1.125312000000001,8,164.59645663,6.714880937,164.62746017491867,6.712147781596436,7.625261613416315,0.24323380197349015,-118.128895589879,-2.575717417130363e-13,146.9017507936422,0.8041353826736779,370.01341362873785,-22.75512017409738,13016291509534.098,138.1780936582156,2.2341591990263385,G,True,0.2857142857142857,0.25,0.42857142857142855,0.5,0.2857142857142857,0.25,12.875787005579298,407.97591090484383
3147,42306548920.83396,92729149341.79318,0.4562378628633265,0.024826321125000002,0.6385120000000022,8,202.678156697,34.830651698,202.69946716099864,34.82762409766603,11.42993377147347,0.09319189254951087,-116.00369118235307,-3.765876499528531e-13,181.39155818932633,0.6395208924842828,371.8881616484034,-22.738040689415907,19516649006245.34,210.46940627383879,1.8185234344689813,Q,True,0.14285714285714285,0.125,0.14285714285714285,0.125,0.7142857142857143,0.75,12.848366178766051,400.9906541565155
3150,43513979219.2289,156140970930.0887,0.27868392876019743,0.045425798125,0.6039619999999992,8,226.924210773,14.622058186,226.9114788318534,14.66921179500298,5.440177164688735,0.5375124236518211,-175.42591379267836,-3.552713678800501e-15,183.58495692914036,0.9555571258509421,328.77778036152705,-23.303792189016992,5850560930646.387,37.46973581498955,1.5885064662091868,X,False,0.14285714285714285,0.125,0.0,0.0,0.7142857142857143,0.625,12.840130212091411,395.8517858934345
3156,40660882472.73405,136880898067.80719,0.29705300773663623,0.041528287125,0.0701570000000018,8,241.85615735,25.443638334,241.95953724162717,25.495162770687614,5.119036123811521,1.2495771626269656,33.54069103901241,-2.4868995751603507e-13,166.058550668843,0.20198111391385148,282.03209611563966,-23.160857114809627,12512105524839.045,91.40870421993343,1.5064714719415502,Q,True,0.7142857142857143,0.625,0.0,0.0,0.2857142857142857,0.375,12.802705810092377,385.12580166902706
3157,39700465588.89984,90257379471.21445,0.43985838965734,0.0286189575,0.41379599999999783,8,208.61171533,21.829993055,208.6612604450241,21.78554206449803,5.785492903388927,0.6633918893900401,-24.173126677717242,1.7763568394002505e-15,121.6309295985494,0.1987416092066564,217.60441809988095,-22.708706800200716,5189935098339.639,57.50150435062045,1.5868917510673728,G,True,0.5714285714285714,0.5,0.2857142857142857,0.375,0.14285714285714285,0.125,12.78121902693204,380.3910619552428
3172,43161924427.86567,118428749812.35272,0.36445478396297026,0.029581761249999998,0.3139359999999982,8,194.201306877,48.296957749,194.05630914091748,48.3744519222773,10.675911325581572,0.6950865192152986,-119.26228075029988,5.044853423896711e-13,125.1129930777821,0.9532365729285659,415.3464035126111,-23.003642861735806,9234370052518.723,77.97405669780642,2.9446362911855695,X,False,0.7142857142857143,0.625,0.14285714285714285,0.125,0.14285714285714285,0.125,12.689444737015208,354.41015349387123
3476,109398357102.86655,236802045248.53067,0.46198231517827376,0.04501336914285714,1.1331820000000015,7,160.658834893,23.95188926,160.67927406166908,24.037507857662227,17.666342823635375,0.2976207230068773,-106.48582039329511,5.6754601018838e-13,84.20746810872001,1.2645650413786598,1057.6602869282017,-23.755963622622083,10187322399879.594,43.02041559306509,11.140872604007987,G,True,0.16666666666666666,0.14285714285714285,0.16666666666666666,0.2857142857142857,0.6666666666666666,0.5714285714285714,13.809880454524786,833.3749375718717
3602,73335051279.52795,212780785918.907,0.3446507209888618,0.033069037714285716,0.0028660000000009234,7,163.622820167,21.16365764,163.7204918468565,20.70347351137751,22.775173264007034,1.2359219533998431,-137.9251220962768,-2.8726227745729766e-13,119.41562927628937,1.1550005885507846,993.0621104614478,-23.63983102162638,9201618625971.795,43.24459366119001,7.376304905125187,Q,False,0.16666666666666666,0.14285714285714285,0.0,0.0,0.6666666666666666,0.7142857142857143,13.608214677145051,716.6069877317225
3607,91173200430.52199,127362768337.23354,0.7158544182167262,0.033031696285714285,2.018094999999999,7,240.369551152,22.42760412,240.46703549665025,22.439732391463014,20.565118813287143,0.2652631748479292,-92.08868281781704,2.882773385083835e-13,124.50811942263114,0.7396198998495105,895.6604367054503,-23.082606225632976,23173151534658.742,181.94604150955982,6.380714856523096,Q,True,0.6666666666666666,0.5714285714285714,0.3333333333333333,0.2857142857142857,0.0,0.14285714285714285,13.599345276991142,711.7537097631453
3623,84454189813.05081,166654557957.2005,0.5067619562780873,0.03239968628571428,1.3932269999999995,7,168.293340607,27.818225226,168.3629044083586,27.922331498266676,23.017326590368285,0.3151855366491798,-41.1759681634647,8.602642407952641e-13,127.72947861333706,0.32236856057412977,982.8243590003624,-23.37454298998974,20167906853448.88,121.016233223146,6.825090150663895,Q,False,0.16666666666666666,0.14285714285714285,0.5,0.42857142857142855,0.16666666666666666,0.2857142857142857,13.574731311115386,698.5741566509124
3649,84333941821.72556,126243409055.05264,0.6680264930500168,0.025897286285714288,1.8795110000000008,7,203.058274944,13.892377201,202.9474824563346,13.971133512769343,15.785400991493571,0.5066290633813283,155.3795528036632,-4.283557635582318e-13,260.2795994402797,0.5969716917414994,536.1799478493147,-23.073021784090795,38959093608166.51,308.60299083952253,1.8272335394901553,X,False,0.6666666666666666,0.5714285714285714,0.0,0.0,0.16666666666666666,0.14285714285714285,13.52753941958382,675.1157688920003
3664,69209800918.8882,179051570826.9421,0.38653556960849694,0.04328543114285714,0.0733479999999993,7,240.50633533,48.663721332,240.35923182254479,48.848099728394416,9.006407708077468,1.3878659470916237,52.92485684043358,2.760966058953532e-13,219.44927249345838,0.2411712567514251,517.8581238989889,-23.45244533862086,40791345058450.74,227.81897343909154,2.0931495952537085,Q,True,0.6666666666666666,0.5714285714285714,0.0,0.0,0.3333333333333333,0.42857142857142855,13.50067324526312,657.677610801911
3684,73762767055.87769,132139493546.82024,0.5582189327049429,0.03685069742857143,0.9081989999999998,7,236.213481523,43.514058173,236.39586963910725,43.42942104940779,17.4773430155806,0.5393552380907262,2.7385868445043187,-2.8421709430404007e-13,158.64605006703425,0.017262244117312982,851.5563794620913,-23.122581594869963,32066844268773.637,242.67418776969637,4.761105040205652,Q,True,0.6666666666666666,0.5714285714285714,0.16666666666666666,0.14285714285714285,0.16666666666666666,0.2857142857142857,13.461371865420034,639.4537504407837
3688,62908075595.61439,177188862043.72943,0.3550340290581524,0.035460472714285714,0.4402690000000007,7,169.569507854,28.260438381,169.62649229784753,28.289321518197426,13.553631618138665,0.2563301675588455,-503.8598227511702,2.9233758271272696e-13,1229.5602570727353,0.40978863772868707,634.8226785290601,-23.441091047475567,1426263753028556.0,8049.398458671519,0.45795861781987196,Q,False,0.5,0.42857142857142855,0.16666666666666666,0.14285714285714285,0.16666666666666666,0.2857142857142857,13.45745823689722,637.8191637461892
3718,76472977515.21358,155050153398.77615,0.49321445892756655,0.035758686857142855,0.526129000000001,7,205.786812923,30.33773177,205.97455081475084,30.359540675598346,19.494829085268208,0.5031268686021716,-77.47007961580057,8.587416492186354e-13,84.58683514371793,0.9158645016588606,920.9746979021731,-23.296180500606354,4886377006470.641,31.514815686143073,9.65758507989168,M,False,0.3333333333333333,0.42857142857142855,0.0,0.0,0.5,0.42857142857142855,13.414100617810206,616.8842084928243
3730,75320500983.21617,123514630696.20995,0.6098103565436753,0.026046672857142857,0.9867629999999998,7,144.313311822,23.590608738,144.3273545832961,23.36695665003773,23.577661704413103,0.5700887555025081,21.12918934515408,1.502290355607069e-13,155.6938165161646,0.1357098812139417,805.5670211495071,-23.049296010472776,11705201969700.049,94.767736451316,4.589379101548502,Q,False,0.6666666666666666,0.5714285714285714,0.0,0.0,0.16666666666666666,0.2857142857142857,13.395527089425835,610.033399996402
3739,70162006414.03401,175115377983.36972,0.40066159364197657,0.04387807685714285,0.9756239999999998,7,171.578053849,21.09622529,171.62803414659922,21.04631940929415,10.316608208607263,0.3972592845692405,9.043974896760396,1.4292059599288872e-12,286.53452889284085,0.03156329860734258,601.5718792926464,-23.428310714724148,48636343447832.805,277.73884856903703,1.8622337035413024,Q,False,0.6666666666666666,0.5714285714285714,0.16666666666666666,0.14285714285714285,0.0,0.14285714285714285,13.376522027135676,597.7870020424238
3743,69994255744.11432,122525994174.32954,0.5712604595929802,0.039786834285714286,1.2515580000000028,7,210.018502316,12.111508476,210.08435733490376,12.092783530915064,6.152427026684703,0.6539737745152208,177.47393719066855,-4.0602442043434294e-15,145.2931479945426,1.2214886912446463,324.3430371538275,-23.04057058764691,9398966646805.85,76.70998068730651,1.9800814967974338,Q,False,0.5,0.42857142857142855,0.0,0.0,0.3333333333333333,0.42857142857142855,13.3736225831519,597.2428761984174
3745,74778095491.68422,121046202043.01256,0.6177649048841084,0.04227321285714286,1.8481929999999984,7,163.04712032,66.788194787,163.0989636519864,66.78625842595727,12.106074498649068,0.10172789823111734,29.239401693863513,-8.567115271164636e-13,144.7629393510845,0.20198126554305365,679.3111400750219,-23.027377918817816,22528515642150.62,186.1150144483289,4.162315188870406,G,True,0.5,0.42857142857142855,0.16666666666666666,0.2857142857142857,0.3333333333333333,0.2857142857142857,13.367676154529798,594.0487569494422
3754,77395908053.28523,110487548128.21825,0.7004943938430879,0.03814934385714286,2.2071700000000014,7,224.672174962,7.984993099,224.65398783360686,8.007833373726177,9.195319440226864,0.18979384183962125,32.67214079199065,-2.8726227745729766e-13,161.28636831811042,0.20257223925800472,464.25483139822245,-22.92828334021302,17989355743661.3,162.81794689465883,2.5531856147819534,Q,True,0.5,0.42857142857142855,0.16666666666666666,0.14285714285714285,0.3333333333333333,0.42857142857142855,13.359863141494692,591.2789336825116
3762,63146022498.42445,106934849819.20229,0.590509292388657,0.03125425671428572,0.9986320000000006,7,204.798477422,61.506039074,204.76183316005205,61.613989782086215,19.651890586714735,0.3338677486592023,42.38976220083156,-1.8758328224066645e-12,149.28810569450928,0.2839460116640257,808.7771291724149,-22.892798159599646,13182271607864.049,123.2738590847762,4.805374883943731,Q,True,0.16666666666666666,0.14285714285714285,0.3333333333333333,0.2857142857142857,0.5,0.5714285714285714,13.348146777818677,587.2765442052796
3770,79156539532.24654,120309564352.19684,0.657940538297703,0.031235608571428573,1.9185990000000004,7,218.52437548,0.620087707,218.64192496838564,0.6466918035680974,15.414233990086991,0.4691070877841449,-20.32092758434338,-5.841676348999109e-13,228.820337481144,0.08880734906711406,633.9884162408791,-23.020750385479097,19266523752112.035,160.14124775409206,2.4575950345847217,Q,True,0.3333333333333333,0.2857142857142857,0.0,0.0,0.6666666666666666,0.7142857142857143,13.33533267476501,581.5323296035125
3772,66611681986.23233,125851780329.21017,0.529286767433768,0.043033330142857144,0.8565020000000025,7,246.240991173,50.303569568,246.25267313795896,50.23413656863137,8.709972998834525,0.4810578587468418,-17.23252663883935,-5.724944328124236e-13,98.2949719293461,0.17531442657336965,497.80611099753327,-23.069648408902115,6748634979698.954,53.623675104519734,4.492132321602357,Q,True,0.5,0.42857142857142855,0.3333333333333333,0.2857142857142857,0.16666666666666666,0.2857142857142857,13.333172542533315,578.3819336369532
3776,78468472764.86519,145033942820.95126,0.5410352310544082,0.04243932714285714,0.867913999999999,7,121.67825354,39.090217005,121.69324725037514,39.01226507354573,10.678066324521321,0.44287101822210306,-98.64799734680712,4.0602442043434294e-15,131.25433393046512,0.7515789718537452,601.6076454067301,-23.223674134117417,14365552208756.861,99.04958749202292,4.065587516207043,G,True,0.3333333333333333,0.2857142857142857,0.3333333333333333,0.42857142857142855,0.3333333333333333,0.2857142857142857,13.327265780605206,575.8757243696322
3777,60215347917.35785,152439777422.65408,0.39501073102727613,0.027865548428571425,0.23744900000000158,7,197.309985145,62.174997401,197.05247802604762,62.1492423974471,16.217950778533993,0.45496090419232227,102.06776806806388,1.011000806881514e-12,93.41789372162293,1.0925933351935315,593.602659664166,-23.277745764967857,4274244563788.04,28.038905829265822,5.6362388204888765,Q,True,0.16666666666666666,0.14285714285714285,0.16666666666666666,0.14285714285714285,0.6666666666666666,0.7142857142857143,13.324548419849863,577.356244238354
3779,66519105421.26991,131328460389.54875,0.5065094437562109,0.03621929342857143,0.8352199999999996,7,196.062678401,9.223459863,196.13448034655283,9.02312282105687,13.945875403767069,0.9142951613970507,-53.13316720529966,2.862472164062118e-13,90.64409988724024,0.5861734770536275,667.5415328238707,-23.115897132259864,9725030692616.318,74.05120461908838,6.532243580678142,G,True,0.5,0.42857142857142855,0.16666666666666666,0.2857142857142857,0.3333333333333333,0.2857142857142857,13.320468104222078,574.0224681821214
3789,69479582480.013,110884733892.3279,0.6265928594596221,0.02687596557142857,1.1584590000000006,7,171.396154703,-0.768241644,171.36459435688428,-0.7737042673913754,13.97691240211191,0.137484404532277,-104.40010077664888,7.227234683731304e-13,117.3454020477654,0.8896820749240228,493.04922162683823,-22.932179396421265,13548023650122.652,122.18114409940465,3.7269006876382647,Q,True,0.3333333333333333,0.2857142857142857,0.3333333333333333,0.2857142857142857,0.3333333333333333,0.42857142857142855,13.30681548693107,569.7299691436493
3826,64464408187.79121,100994621648.31647,0.6382954570815583,0.030760775285714283,1.2997319999999988,7,221.639037641,33.408609856,221.62665233474115,33.38706270728983,14.374276649233185,0.09976043828757444,59.728886055255366,8.648320155251505e-13,164.6143522803077,0.3628413028868059,582.0244603305273,-22.830745616371168,16108333234784.986,159.49694124185578,3.1361524020341194,Q,True,0.5,0.42857142857142855,0.16666666666666666,0.14285714285714285,0.3333333333333333,0.42857142857142855,13.254525607292106,546.6429498274922
3829,74573821693.17949,105952740657.24263,0.703840421971018,0.030140964285714285,2.1490290000000023,7,249.135694381,39.027892843,249.09313356325612,39.12428359173339,11.067795872694187,0.5523930742107315,-32.87961428008349,2.9233758271272696e-13,149.84812458954943,0.21941959147066187,438.91295762688594,-22.88278048749016,14193968333377.9,133.96508901355767,2.598069174915781,Q,True,0.8333333333333334,0.7142857142857143,0.16666666666666666,0.14285714285714285,0.0,0.14285714285714285,13.24862006729876,544.2780127533351
3849,59706718104.53116,120103144635.00417,0.49712868289986123,0.035793869,0.6232550000000003,7,198.306065312,33.984433587,198.40772304787515,33.98934725711655,6.383904208501742,0.7935662403980127,34.781109211084576,5.704643107102519e-13,112.93549811912051,0.30797322179779185,301.89286804646935,-23.01888594647877,7088674097565.336,59.021552842000574,2.3710788761455164,G,True,0.8333333333333334,0.7142857142857143,0.0,0.14285714285714285,0.16666666666666666,0.14285714285714285,13.218961988326344,531.0709692187721
3853,59944811655.90538,94684185310.44879,0.6331026819247525,0.036918051285714286,1.5885130000000025,7,167.213328275,28.475711211,167.204605410518,28.459510333304575,12.774821840699966,0.08418424604314109,113.37870527117661,2.811719111507825e-13,182.58539689608912,0.6209626136514143,623.6015744767337,-22.760693616833457,27117939495298.37,286.4041065187873,3.0294569333803643,Q,True,0.6666666666666666,0.5714285714285714,0.16666666666666666,0.14285714285714285,0.16666666666666666,0.2857142857142857,13.209082344604475,526.8697644720171
3857,61253371771.63242,132551493291.28322,0.4621100091043677,0.038091611000000004,1.109999000000002,7,199.200951408,33.978885739,199.28438369132232,33.91486965016406,12.578357775900589,0.4497147907356906,-45.03998611899107,-1.1444813350993043e-12,85.69074964598785,0.5256108308663717,634.0705766473507,-23.12596156186858,5137908096074.373,38.76160100877754,6.563375904747186,Q,True,0.5,0.42857142857142855,0.0,0.0,0.5,0.5714285714285714,13.205126030981711,525.075068863657
3859,63298759646.17747,147103661416.9218,0.43030036802942556,0.04405529771428572,0.30734800000000106,7,223.045971412,-0.256103918,223.02728910567646,-0.2998886794537343,10.020588714812334,0.2850361927437165,-44.0007452978146,-1.6915992416345815e-12,171.83960794879508,0.2560570628799636,586.7455981404682,-23.23905870617939,19763212934390.805,134.3488852964565,3.0286576637539673,Q,True,0.5,0.42857142857142855,0.16666666666666666,0.14285714285714285,0.3333333333333333,0.42857142857142855,13.204038110071652,523.6330435336785
3863,62961171468.703606,104459805055.37578,0.6027310833609818,0.02404858442857143,1.4481740000000016,7,139.174411627,30.915418002,139.0728419559121,30.85290201238678,7.729971961854137,0.83261529810577,-4.698797993131339,-2.9233758271272696e-13,60.154071360012544,0.07811271767474372,243.48558062593253,-22.86737302753538,947964755751.7448,9.07492365364088,3.5903091034793944,Q,False,0.3333333333333333,0.2857142857142857,0.0,0.0,0.5,0.5714285714285714,13.19450245407741,523.1421574278102
3867,67822094867.44052,123374362713.42891,0.5497259995982804,0.04399559814285715,1.43994,7,224.797607998,13.42186319,224.78829813231724,13.457109693653694,6.495278708409033,0.3361614473273976,77.99083630990013,-1.1429587435226755e-12,162.40013251734882,0.48023874796758365,379.79286345191167,-23.048062305870907,11171625595086.924,90.55062453320318,2.0743595750813686,G,False,0.3333333333333333,0.2857142857142857,0.3333333333333333,0.42857142857142855,0.16666666666666666,0.14285714285714285,13.18924898620516,517.7328074677254
3868,59432773829.54872,115062881443.57822,0.5165242959667401,0.032060948857142856,1.0082099999999983,7,133.696174614,20.220262021,133.75722566708865,20.177888815857173,16.60073624243286,0.2575642203156947,-230.9984825961686,5.785847991189387e-13,142.79530074453788,1.6176896675992691,701.2552189064268,-22.972338113937262,24128528264681.87,209.6986270634413,4.355979334941759,X,False,0.5,0.42857142857142855,0.16666666666666666,0.14285714285714285,0.3333333333333333,0.2857142857142857,13.189446988291325,519.793980044489
3873,56672294976.86282,149378495187.1681,0.3793872398155681,0.043282408714285715,0.31947100000000006,7,203.926658508,13.330909656,203.9368916428597,13.449471062354084,6.423947212736796,1.11126632585767,120.83086482032817,-2.8421709430404007e-13,150.70318641341723,0.8017804247937971,369.34300773992595,-23.255720200295244,13308826264384.209,89.09466016315488,2.1738574721745048,M,True,0.6666666666666666,0.7142857142857143,0.3333333333333333,0.2857142857142857,0.0,0.0,13.1794020794305,513.9526282566515
3879,58177680196.640335,165913640161.7407,0.35065037533939886,0.03810205271428572,0.6814150000000012,7,226.592784829,-1.75183595,226.5181373253767,-1.7353707284881903,11.25686997178094,0.4072610537258117,-188.8263405804196,-1.1470189877270188e-12,161.9023966069395,1.1662973775418772,567.614701582457,-23.36970522973032,20765223970533.25,125.15682224975775,3.1097392679489175,Q,True,0.3333333333333333,0.2857142857142857,0.0,0.0,0.6666666666666666,0.7142857142857143,13.172595114568892,512.1253893326507
3895,60752870129.76744,110673269690.59761,0.5489389651142544,0.036648418142857145,1.0838290000000015,7,244.995307784,10.493547914,244.93719666121538,10.519807300400418,10.426528473871835,0.3618588660191643,-128.37786590311762,-5.745245549145953e-13,105.62674655420032,1.2153916511784488,505.15340036553266,-22.930106851933296,5889878127673.435,53.21861497486612,4.242022790073426,Q,True,0.5,0.42857142857142855,0.16666666666666666,0.14285714285714285,0.3333333333333333,0.42857142857142855,13.146987343456798,502.3916255340516
3899,56603749457.44162,118786807607.43027,0.47651545316805854,0.02338530557142857,0.28127600000000186,7,182.533166778,35.877598694,182.88634253985518,35.88265739093504,17.885099180904554,0.9601403956442596,-7.907841628338432,4.364762519669187e-13,138.50621570600882,0.05709376714994461,547.5532803157422,-23.006920527087786,16189517593136.572,136.2905352809894,3.506555696178717,Q,True,0.6666666666666666,0.5714285714285714,0.0,0.0,0.3333333333333333,0.42857142857142855,13.142264120788514,502.6872627512598
3901,53983172037.014824,122192511953.56844,0.4417878900593166,0.04381605342857143,1.248460999999999,7,183.530724294,13.587259135,183.54209742446446,13.614134531502412,5.918234630154312,0.2946146767435402,84.43992910186046,4.0602442043434294e-15,146.03356642697958,0.5782227413043598,344.5950450957004,-23.03761148209681,3806338267493.849,31.150339792836146,2.0930517036487073,X,False,0.3333333333333333,0.2857142857142857,0.16666666666666666,0.14285714285714285,0.5,0.42857142857142855,13.139964311954296,498.5429382162333
3906,53888686736.617714,114917191954.03282,0.46893494193778534,0.038388493,0.8419559999999997,7,138.317172902,23.089996974,138.28255615270726,23.037765400223865,6.908121624799597,0.531342861067938,173.93958308110194,-5.745245549145953e-13,156.4987915671125,1.111443617802702,351.02580261192827,-22.970962513240426,10371631218034.232,90.25308608465575,1.9895354066248985,Q,False,0.6666666666666666,0.5714285714285714,0.16666666666666666,0.14285714285714285,0.0,0.14285714285714285,13.124280814089463,493.43698781420545
3916,63321850780.53997,102174313956.70905,0.619743341828253,0.036863583285714284,1.7969299999999997,7,247.1966171,21.49371335,247.12785511634462,21.46333130242503,12.479137787022617,0.3405690140970999,-66.13022018436185,5.724944328124236e-13,174.8181807773,0.37827999290648934,608.2449164321155,-22.84335432587305,17442941662278.463,170.71748257266484,3.0861392017491,Q,True,0.16666666666666666,0.14285714285714285,0.8333333333333334,0.7142857142857143,0.0,0.14285714285714285,13.109512653615315,488.1136413917712
3917,57754948376.21682,122627484926.45575,0.4709788218428732,0.03468152685714286,0.9019820000000003,7,239.698671891,14.203728839,239.7445617364667,14.23988343314818,13.621416192398904,0.25249805171262485,11.327281754169272,-8.607717713208071e-13,228.770012496055,0.04951383981921786,623.6282104102969,-23.041469552578846,58867764761218.18,480.0535931771198,2.417966483450152,Q,True,0.5,0.42857142857142855,0.3333333333333333,0.2857142857142857,0.16666666666666666,0.2857142857142857,13.108559985419252,488.09701631722294
3935,50133635599.955765,154219717317.04388,0.3250792860480438,0.023859343,0.22073799999999721,7,155.132240308,43.021594672,155.17904310194453,42.935605476707714,12.238197779437257,0.45377257613291333,-267.61060359983344,-4.385063740690904e-13,193.1978415761137,1.3851635267591904,382.4025438504745,-23.290349756832093,23094125684198.945,149.7482039648808,1.7556669040825728,G,True,0.6666666666666666,0.5714285714285714,0.3333333333333333,0.42857142857142855,0.0,0.0,13.078170049592126,478.4848630041744
3939,57531328133.317245,92138695312.48645,0.6243992053306263,0.044540613714285714,1.7805349999999969,7,213.828894048,16.8879647,213.71963886251422,16.871788821996976,8.28088651270536,0.7665264362312446,34.209247433531814,2.740664837931815e-13,171.41110740557045,0.19957427468565447,490.3919007019184,-22.731105145833563,24030443091777.48,260.8072863445563,2.5376279431729865,Q,True,0.5,0.42857142857142855,0.16666666666666666,0.14285714285714285,0.3333333333333333,0.42857142857142855,13.071913171641937,473.06139305482105
3943,56561901348.73117,93268634897.86192,0.6064407548225818,0.028333721285714285,1.594180999999999,7,201.670164446,16.873811548,201.5108486603841,16.95675767940935,13.513632746348764,0.7704690791166751,20.72960987500059,4.350805430216756e-13,62.784751505586556,0.3301694978143801,503.1042106449649,-22.744339050927604,895540762764.0419,9.601735500307736,7.1076722315668714,Q,True,0.3333333333333333,0.2857142857142857,0.3333333333333333,0.2857142857142857,0.3333333333333333,0.42857142857142855,13.062324578953673,472.032007994424
3951,48493418455.97634,167188992040.6394,0.29005150317664946,0.03439374114285714,0.3980089999999983,7,245.923597328,9.744907235,245.95215123638184,9.710472991849493,5.44895910374364,0.489694380830742,72.94439144698559,2.8421709430404007e-13,129.11564036489693,0.5649539532223621,247.34716538499612,-23.378019198705644,6497538766635.188,38.86343644595813,1.6992281885947234,Q,True,0.0,0.0,0.5,0.42857142857142855,0.5,0.5714285714285714,13.034620475190334,461.21086769082086
3959,47021534740.43603,119769444662.88701,0.3926004238625864,0.034986039000000003,0.4426819999999978,7,149.244424374,3.777948201,149.20843259332227,3.7271842861338973,6.190040118744438,0.6027477213620811,194.66959986522838,-1.1449888656248471e-12,187.3521582919312,1.039057151195965,285.94999651221053,-23.015865089647704,5392382426931.076,45.0230227092471,1.3538015746320564,Q,True,0.6666666666666666,0.5714285714285714,0.0,0.0,0.3333333333333333,0.42857142857142855,13.017849093332888,455.225913298885
3964,55691639086.43649,91415355603.63896,0.6092153634221555,0.03108823142857143,1.8093249999999976,7,126.878811199,54.904673948,126.96588308314078,54.847606302667124,7.435563527783932,0.6127574105858044,-43.96466265684856,-1.2992781453898974e-13,209.42126889572722,0.20993408591530807,304.3493057123067,-22.722547882490787,21494868556296.38,235.13411302029365,1.2890659845119672,Q,True,0.3333333333333333,0.2857142857142857,0.5,0.42857142857142855,0.16666666666666666,0.2857142857142857,13.00804136043029,452.37345803740135
3966,54094710386.506775,80058669119.23482,0.6756883543235174,0.025434783714285713,1.538377999999998,7,152.781708565,46.91535756,152.7494180286314,46.9202123978882,23.784561143623915,0.056971278124239376,-21.930742107232287,4.357149561786043e-13,122.9106596473201,0.17842831671525322,793.1863099215152,-22.578520915491396,11264087091593.018,140.69790586722004,5.724127255676348,Q,True,0.5,0.42857142857142855,0.3333333333333333,0.2857142857142857,0.16666666666666666,0.2857142857142857,13.00714366981939,452.87311396187226
3977,51522722095.436745,77341796467.40714,0.6661691924514465,0.027473630428571427,1.5646739999999966,7,210.444394229,34.667814326,210.4362445141698,34.59162156465203,13.240413118343175,0.34660834682579694,19.508038616074316,4.354611909158328e-13,179.17420609840278,0.10887749437193002,477.6659024542983,-22.541035638725234,14922573361004.818,192.94319556300184,2.364679965397874,Q,True,0.6666666666666666,0.5714285714285714,0.16666666666666666,0.14285714285714285,0.16666666666666666,0.2857142857142857,12.988383360029705,446.110858958197
3978,47052250447.91469,114179762939.29143,0.4120892287447824,0.034610931,0.6799369999999989,7,234.819510773,24.455093321,234.9290479958874,24.500756418910257,13.377441239097728,0.4918086048043146,47.16132356344277,8.567115271164636e-13,131.91290268386552,0.3575186551422182,611.1801195299215,-22.96397284246698,10809043035785.316,94.6668898019381,4.109656864440658,M,True,0.5,0.5714285714285714,0.0,0.0,0.5,0.42857142857142855,12.981356739602472,442.7054367642846
3980,48913236471.96243,78126345062.73936,0.626078647768338,0.029226216142857142,1.5152019999999986,7,213.164893545,20.38700002,213.2220421242833,20.44104832321078,15.102129280324178,0.3023055553866944,34.353458077984385,2.8421709430404007e-13,85.11015929050747,0.4036352224500609,580.3347553557664,-22.55199376862583,3924638160808.529,50.234503580794005,6.048125538615657,Q,True,0.3333333333333333,0.2857142857142857,0.16666666666666666,0.14285714285714285,0.5,0.5714285714285714,12.978493593039218,442.49136417275975
3993,43784621523.87471,106104466793.01695,0.4126557801688732,0.036212738714285715,0.6407820000000015,7,180.998053184,9.216477898,181.05828358104333,9.308880509020277,10.311393460607597,0.6393264671316627,-82.28617800799785,-5.714793717613377e-13,66.91509546556597,1.2297102385565775,493.4795868773193,-22.884334168111632,3873111338866.123,36.502811388907745,6.5413699332675685,Q,True,0.3333333333333333,0.2857142857142857,0.0,0.0,0.6666666666666666,0.7142857142857143,12.949770656849145,431.88088814349663
3994,44787827824.06642,93591149596.37338,0.4785476833784071,0.032745498,0.32108300000000156,7,236.290102834,26.506108748,236.31764494201278,26.45863714984775,6.742842651579049,0.47597979484168884,-104.23040350012778,5.745245549145953e-13,87.3293707400044,1.1935320570491847,291.06158473833824,-22.74808695455921,3507673243318.6357,37.47868530780988,2.9562977893374547,G,True,0.3333333333333333,0.2857142857142857,0.5,0.5714285714285714,0.16666666666666666,0.14285714285714285,12.948839653542224,432.0501203258253
3995,50001933709.666885,77581039035.69627,0.644512297478514,0.03834280328571428,1.8819090000000003,7,198.780934335,34.3287723,198.82434461864648,34.33965434520548,10.42239782753357,0.21566187932255224,115.84819461798212,2.005760636945654e-12,175.12067621249687,0.6615335043442061,528.9505763518941,-22.544388979422262,26224714940243.535,338.02995250137246,2.679176276448439,Q,True,0.6666666666666666,0.5714285714285714,0.16666666666666666,0.14285714285714285,0.16666666666666666,0.2857142857142857,12.947762596410588,430.9219837657583
3997,55948442360.02763,76433688107.64047,0.7319866899689079,0.041631628,2.5528370000000002,7,144.283838937,41.62639751,144.29886176956967,41.60604757726425,7.040123008800509,0.19809451196391695,-38.042784064193846,5.684341886080801e-13,81.99413721321636,0.46396956364414826,388.86818731839935,-22.5282120395863,3391224913935.649,44.36819677155753,4.206716405277605,Q,True,0.6666666666666666,0.5714285714285714,0.3333333333333333,0.2857142857142857,0.0,0.14285714285714285,12.94277480089436,428.8227915840442
3999,48279326163.27386,96266528973.7011,0.5015172633518677,0.03653240628571429,1.115364999999997,7,171.069765723,38.015436737,171.03765909342022,37.968333036116306,10.934690347159874,0.29339486835168566,-22.68207867515691,-5.745245549145953e-13,78.79091193567207,0.28787683906584116,528.0516246331288,-22.778688282484204,3511546442425.0586,36.477335163755335,5.944616955721875,Q,True,0.5,0.42857142857142855,0.0,0.0,0.5,0.5714285714285714,12.93497434546782,426.9603066835624
4000,48346250727.347786,98167603473.39577,0.4924868186320757,0.04145156128571429,0.9628259999999997,7,225.438501471,0.008479337,225.4660008074186,0.0071117643252227815,8.236366568936889,0.20057378744079574,38.243585043388855,-1.7113929321307556e-12,119.1443798129241,0.3209852206494269,452.91717047401266,-22.799920472164462,9536500945966.895,97.14509276526614,3.3718546425877745,Q,False,0.3333333333333333,0.2857142857142857,0.3333333333333333,0.2857142857142857,0.16666666666666666,0.2857142857142857,12.93291758832462,425.6153142674226
4005,53069133911.57874,94061429126.59348,0.5641965511724805,0.026328485571428573,1.5550929999999994,7,198.753823514,12.725261195,198.7506078421375,12.745782183797536,13.759568860722181,0.09052308751024966,3.7650260398765605,-4.385063740690904e-13,100.4711917135753,0.03747368748855283,475.30230036711544,-22.753528932332788,4447297330243.489,47.28077567541581,4.196159448645888,Q,False,0.16666666666666666,0.14285714285714285,0.16666666666666666,0.14285714285714285,0.5,0.5714285714285714,12.917382193685736,422.6036538411657
4007,44155051943.38177,121048210045.3432,0.3647724483232079,0.04463537771428572,0.046980000000001354,7,224.657721432,3.291310124,224.613470968869,3.308008629488528,7.989883851462588,0.35465628643029673,-106.00077153384836,-8.506211608099485e-13,99.4626598390579,1.0657343339235954,474.19783531769036,-23.0273959296493,3974065029284.4663,32.830432005527626,4.228858152470411,Q,True,0.16666666666666666,0.14285714285714285,0.16666666666666666,0.14285714285714285,0.6666666666666666,0.7142857142857143,12.914124918734531,419.0908332273055
4008,52885035473.560455,100749957760.90805,0.5249137235279354,0.043420841571428566,0.9883680000000012,7,222.290848999,-2.291533697,222.29871935975018,-2.3361836145848685,10.951048157459608,0.24839893690031015,-14.374629474647048,1.993579904332624e-12,151.00443582015757,0.09519342525651933,631.7042234020389,-22.828112181841593,16558306782868.016,164.3505084355757,3.7106303739642277,Q,True,0.3333333333333333,0.2857142857142857,0.3333333333333333,0.2857142857142857,0.3333333333333333,0.42857142857142855,12.911187840172405,418.3107221311741
4010,43766760250.84261,106239996161.66269,0.4119612371243298,0.04087971914285714,0.404320000000002,7,123.721774007,45.792004679,123.77788234017807,45.752254082466976,7.492652802867141,0.44670297490224187,-37.52249558957627,1.1429587435226755e-12,133.33768321427334,0.28140953618699716,406.1683281778539,-22.885720115833372,10854326953049.555,102.16799082459305,2.7019466546062696,Q,True,0.3333333333333333,0.2857142857142857,0.3333333333333333,0.2857142857142857,0.3333333333333333,0.42857142857142855,12.903343857449366,416.1396464456533
4011,40687855456.09111,104229521769.16948,0.3903678609041297,0.032361248714285716,0.05683999999999756,7,193.776663821,55.149719866,194.0177328788876,55.183299707399584,7.287614316492116,1.1669034408564791,-128.0330026864349,-8.648320155251505e-13,115.11551603720682,1.1122132540764718,310.7983067064519,-22.86497686280121,8018791921246.063,76.93397978938034,2.3947953111683065,Q,True,0.5,0.42857142857142855,0.16666666666666666,0.14285714285714285,0.3333333333333333,0.42857142857142855,12.900522354780836,416.3719955856101
4012,43557164485.44274,120181205185.64876,0.36242908712854255,0.04318549257142857,0.7572499999999991,7,228.359028921,5.66148308,228.351245656984,5.704457620084652,5.965178534461524,0.4392178184243473,-13.45336543334729,5.724944328124236e-13,102.60560529633776,0.1311172561624959,342.1743567888368,-23.019591387087303,2696381672721.6523,22.435967991471234,2.9580124165256616,X,False,0.6666666666666666,0.5714285714285714,0.16666666666666666,0.14285714285714285,0.16666666666666666,0.14285714285714285,12.895405003463772,413.3052704920024
4013,43370576998.06369,87309962641.54514,0.4967425902599854,0.030609446285714288,0.728121999999999,7,121.819108693,14.95093678,121.77176912951774,14.994697037477803,7.804846248866527,0.48659125798759884,-99.76931907897651,-5.664040665059084e-13,143.55066803515172,0.6950111792899849,314.4339990260694,-22.672659505981713,10517489405925.242,120.46150390769556,1.942888604794425,Q,True,0.16666666666666666,0.14285714285714285,0.5,0.42857142857142855,0.3333333333333333,0.42857142857142855,12.891676984105656,413.7853428644247
4016,47990403338.02644,77396157402.57123,0.6200618344449246,0.025325871428571428,1.4759039999999999,7,144.89457517,48.421818123,144.69561574991513,48.44932658185724,16.60903743512526,0.48710026674527085,-22.541738852048297,1.4413866925419174e-13,61.88691598474042,0.36424078487941786,551.4750326146892,-22.541798497951227,3337509271616.5938,43.12241568088129,7.904067380734275,M,False,0.8333333333333334,0.8571428571428571,0.0,0.0,0.0,0.0,12.881890694343278,411.37747111813087
4018,46846591754.08911,100678125298.9502,0.4653105291242208,0.026521098000000003,0.810808999999999,7,166.17462696,4.297345904,166.25333129043761,4.3722167366998965,9.816721968886789,0.6629393356412586,-59.81766078857265,-1.0164567600311004e-12,86.27612965681887,0.6933280506034374,341.63239796841356,-22.82733780016903,1912385711106.2334,18.99504689253659,3.5123033242605928,Q,False,0.6666666666666666,0.5714285714285714,0.16666666666666666,0.14285714285714285,0.0,0.14285714285714285,12.879899595469825,410.5939709810587
4023,46024088910.571465,88985964679.73647,0.5172061580296818,0.033051459,1.0667739999999988,7,237.159587776,25.404159521,237.14321407290444,25.394536544417917,8.22951104416173,0.12865297381467092,-62.77161439566985,5.745245549145953e-13,132.31278589373215,0.4744183562583728,358.63464672049145,-22.69330378226339,11882697778434.438,133.5345166083289,2.404219134925986,Q,True,0.0,0.0,0.16666666666666666,0.14285714285714285,0.8333333333333334,0.8571428571428571,12.86894556564912,406.3127346330847
4026,44668071228.47025,78077173423.16356,0.5721015409507428,0.028937144285714284,1.2721009999999993,7,194.421678439,8.665302058,194.41822136707557,8.725579158680736,12.60660981168915,0.28734399502703467,21.398655644460682,5.755396159656812e-13,130.906465965211,0.1634652305879749,479.5449580849643,-22.55131020616046,9435962569704.71,120.85430550314075,3.249315262505091,Q,True,0.0,0.0,0.8333333333333334,0.7142857142857143,0.16666666666666666,0.2857142857142857,12.838429079217722,397.4261819927008
4032,42427046498.94103,71014941069.30298,0.5974383117143867,0.028330983,1.307385,7,205.727891114,22.145183784,205.78679246979925,22.128598280725534,5.189825946933152,0.6592674899507388,16.45704012994799,-1.4566126083082054e-13,141.38882706964574,0.11639561959051883,193.1949554024713,-22.448374327477318,5591201765688.2705,78.73275231238813,1.212004717724839,Q,True,0.5,0.42857142857142855,0.16666666666666666,0.14285714285714285,0.3333333333333333,0.42857142857142855,12.813780745539638,390.0532324935075
4036,42086227648.79452,71287242204.98453,0.5903753090598836,0.03258952028571428,1.7146299999999997,7,242.821759563,14.258754135,242.86427864097442,14.219299683515839,10.4602529338981,0.32726119790353325,160.23227961833305,1.153109354033534e-12,121.09508105833643,1.323193958152119,449.3252173622592,-22.452529535157986,7687225584321.511,107.83452054740879,3.291227557032853,Q,True,0.3333333333333333,0.2857142857142857,0.3333333333333333,0.2857142857142857,0.3333333333333333,0.42857142857142855,12.8028575503354,386.27358116182273
4038,42858365082.915306,98242555503.08498,0.43625051143513344,0.04135475500000001,0.7412530000000004,7,146.313377495,34.712283344,146.3262351264301,34.681195032549354,4.849542593162916,0.40626277831315755,106.43900745817241,-1.7134230542329273e-12,104.34949420200574,1.0200241819296545,266.03455357622346,-22.80074912722618,1536106020592.345,15.635851619760734,2.2613684026613563,M,True,0.3333333333333333,0.42857142857142855,0.0,0.0,0.6666666666666666,0.5714285714285714,12.789887236408306,381.37653385332146
4040,42753335217.38259,100244082697.56714,0.42649235812120595,0.044963016142857144,0.8628889999999991,7,225.006970347,21.013666,224.99516204630126,21.03440735026405,6.066000398984239,0.23232585731350183,61.06195449509067,-2.760966058953532e-13,137.9393989631695,0.44267232534045464,362.74393604399745,-22.822646865259458,9776280656646.56,97.52476548806631,2.3325741136289535,Q,True,0.0,0.0,0.16666666666666666,0.14285714285714285,0.8333333333333334,0.8571428571428571,12.78094842574184,378.3294432454757
4045,41939881592.34474,107602099360.13544,0.38976824654670894,0.03765478385714286,1.1700029999999977,7,230.728609291,46.075303404,230.7144536379127,46.119332693264575,7.384806337242305,0.36651113689997755,-97.99825658614786,-8.648320155251505e-13,108.18710231142018,0.9058219925703874,367.8795652160137,-22.899551861681594,5321817470720.653,49.45830520377641,3.0161559684565016,G,True,0.3333333333333333,0.2857142857142857,0.3333333333333333,0.42857142857142855,0.3333333333333333,0.2857142857142857,12.755421163124849,371.8608943220386
4047,41268511049.68462,65141311255.64288,0.6335228790180322,0.035484284857142855,1.5670800000000007,7,251.704874271,22.905163195,251.78596692162853,22.89775680542144,7.0980294685516965,0.6345436588251838,62.16413072444245,8.526512829121202e-13,183.13806681952252,0.33943860937279974,332.68531775157936,-22.354641241012665,10047108674157.549,154.2355915239151,1.6113082439406536,Q,True,0.16666666666666666,0.14285714285714285,0.0,0.0,0.8333333333333334,0.8571428571428571,12.75348494676951,371.56645363686033
4051,47840664135.313614,96197263063.10411,0.4973183499402762,0.026753611571428564,1.135231000000001,7,166.09813773,4.828621342,166.07531993241162,4.864586921078061,4.938867238177259,0.5169138253221311,13.187151136360201,2.0273306842812286e-12,52.64792882633655,0.2504780611571076,173.4145219001607,-22.77790678993081,389245732224.1286,4.046328552703091,2.9216473345575644,X,False,0.3333333333333333,0.2857142857142857,0.3333333333333333,0.2857142857142857,0.3333333333333333,0.2857142857142857,12.73980805580637,368.70872574807487
4060,40988308851.0846,55802318886.686455,0.7345269814739502,0.024975507571428572,2.311648999999999,7,128.302270062,41.094842605,128.33900304185022,41.1152412002216,10.805544616886575,0.19091958244984766,-14.965286790014009,-2.867547469317547e-13,100.51753471899978,0.14888235004817513,353.72460131052014,-22.18663061646433,5243577237707.36,93.96701324106434,3.1213829730259564,Q,False,0.5,0.42857142857142855,0.16666666666666666,0.14285714285714285,0.16666666666666666,0.2857142857142857,12.686557751306443,354.142158047806
4101,47122595146.044395,118257745799.33626,0.3984736460815312,0.017644460857142854,0.35584599999999966,7,195.226908524,28.007634379,195.07321875263372,28.029380005033765,17.614704819431097,0.4680462775915161,-40.80954438581529,1.1713804529530795e-12,377.99537391857564,0.10796307892013327,405.15036131030297,-23.002073990812974,90765915319387.58,767.5261751851947,0.9507216100471394,Q,False,0.0,0.0,0.16666666666666666,0.14285714285714285,0.6666666666666666,0.7142857142857143,12.478416120627204,302.5518232902483
4437,98683012785.41997,216531654982.03738,0.4557440471861092,0.042608413166666664,0.5178580000000004,6,236.726389523,5.891212441,236.80095601290867,5.999806764485068,18.885888709218765,0.41778407479420343,-87.35408057164314,6.655416958286272e-13,127.67589194076959,0.684186178328548,1068.410268848386,-23.658803488202537,19351261110376.855,89.36920152382413,7.422543865275355,G,False,0.6,0.5,0.0,0.16666666666666666,0.2,0.16666666666666666,13.831584470781102,848.0303347263107
4499,78243595641.01,184087095991.21408,0.42503574310686243,0.03897734233333333,0.005029000000000394,6,184.684728078,44.781181626,184.593817336975,44.55989194740251,16.55529400751539,0.8355297615040481,25.015951495185885,6.714628852932947e-13,67.74529245936702,0.3692647944532757,854.5014884539149,-23.482558366748588,5402798623822.333,29.349143647092962,11.188125296133741,Q,True,0.6,0.5,0.0,0.0,0.4,0.5,13.758785634825346,802.8813565005707
4653,85562762921.15883,185282115683.99225,0.46179720371441746,0.04538422866666667,1.083722999999999,6,118.999830532,12.981465289,118.93033457012407,13.026953439079946,6.393196740833625,0.7655695136892521,-45.41424311620987,-1.6626700016786344e-12,134.26402994300108,0.338245791784202,386.00852530599565,-23.489583752903297,11897921803455.346,64.21516593510749,2.5501212952700163,Q,True,0.4,0.3333333333333333,0.4,0.3333333333333333,0.2,0.3333333333333333,13.568617945439843,692.4169241529852
4659,89574501518.70734,141773562243.13507,0.6318138593787411,0.03989086383333333,1.593311,6,234.076788469,5.665366286,234.20571947008753,5.771818112368965,13.37942879068271,0.7475824057095197,56.25018686331632,6.679101716144942e-13,117.68367151505565,0.47797783786954157,707.2329521202348,-23.19898812926136,13438028229516.314,94.78514905671003,5.330523941466202,M,True,0.8,0.8333333333333334,0.0,0.0,0.2,0.16666666666666666,13.558848860723192,688.4597893978374
4690,84146179029.12668,137782123759.13684,0.6107191320132822,0.03547319983333334,1.1471049999999998,6,246.114354133,19.482569222,246.19643111809094,19.40215733586918,18.212351384753138,0.3676885236635634,-95.20121397148196,-1.3452942463724564e-12,198.90754800782722,0.4786204190086057,853.3410813331809,-23.167982186592756,24128007635625.668,175.11711227361343,3.8053535259141906,G,True,0.6,0.5,0.2,0.3333333333333333,0.2,0.16666666666666666,13.526425240616176,672.488403441847
4742,80306444812.34094,155006876298.28894,0.5180831117311369,0.04408384433333334,0.9783539999999995,6,160.434793445,40.041482288,160.3024108744625,39.961195297128505,11.967185502283398,0.6484913433108297,-106.07675607258722,-9.912071163853398e-13,120.4950500110669,0.8803411929605705,701.195107774852,-23.295877411105778,11322430992826.307,73.04470139142653,5.161706315231784,M,True,0.6,0.6666666666666666,0.4,0.3333333333333333,0.0,0.0,13.483912384846718,649.1042862827829
4776,71337387390.0383,237837849675.1227,0.29994127296173595,0.04446756316666667,0.08894599999999997,6,172.363770946,-1.746921459,172.3131869050921,-1.7424250693974357,10.552645823527213,0.28861083052362074,-71.14391159968135,-3.363235615931141e-13,240.52046319630233,0.29579151251515945,623.8671385332786,-23.760702424245462,42302922249970.336,177.86455060771232,2.3007196332703783,Q,True,0.6,0.5,0.0,0.0,0.4,0.5,13.45829297675797,636.386555386387
4779,69018513285.11162,132241468734.84612,0.5219127853419325,0.042774417833333335,1.3101200000000013,6,168.680620844,4.024539619,168.6684250564448,3.9598043121410855,11.077675812085591,0.3567641614558742,30.32962314159068,-3.268496584496461e-13,241.47580377889417,0.12560108576908244,629.2019657135473,-23.123419160163333,36691779832407.23,277.460468213469,2.311213524726226,Q,False,0.2,0.16666666666666666,0.2,0.16666666666666666,0.4,0.5,13.454379378270229,634.8237546647488
4797,69634169452.3239,128304871468.34935,0.5427242836177227,0.03521286266666667,0.9951320000000017,6,162.049622697,4.998581487,162.12303187919457,4.887210811590062,11.07424122260153,0.7218798275644913,80.57121448503008,-1.0042337332076083e-12,137.66213401087398,0.5852823295523426,514.9784743892262,-23.09060786485897,4431161316523.467,34.53618920164352,3.3181666844359827,Q,True,0.2,0.16666666666666666,0.4,0.3333333333333333,0.4,0.5,13.436769634484651,627.8208068589498
4805,71799794295.1779,145274767764.5051,0.49423444552716544,0.0299876785,0.5783430000000003,6,219.084947816,5.33096596,219.01027846255775,5.307593972023725,16.977334816272254,0.27543147158927983,-76.15008718081204,1.7053025658242404e-13,196.0213065537691,0.388478622653829,669.7666563917472,-23.225475474626116,37991060368864.45,261.51176115076737,3.0307063791380324,Q,False,0.0,0.0,0.2,0.16666666666666666,0.6,0.6666666666666666,13.42897148275935,625.1137890501515
4816,68947861411.02885,166646071312.52582,0.4137382949864144,0.042869533666666675,0.1605300000000014,6,239.815841072,15.176509808,239.8225909409963,15.170265309391214,13.291891860995502,0.0407347650535762,-5.31635224584782,-2.3271754893509447e-12,42.74050146191977,0.12438675410914794,756.6981724980895,-23.37448769902073,1106197594843.2808,6.638005841546258,15.703870007323438,Q,True,0.2,0.16666666666666666,0.6,0.5,0.2,0.3333333333333333,13.419895419702168,618.2231009631329
4850,73040745965.40158,104425682021.92946,0.6994519408555357,0.04040523483333333,1.621067,6,179.511560011,5.912252179,179.47302781083812,5.877256254593049,8.690511172803507,0.3583334714068913,51.733004708556905,6.679101716144942e-13,126.90852097400413,0.4076401199187657,465.47493087213826,-22.86701830099428,10672859672782.582,102.20531449860461,3.2533376050309495,Q,True,0.0,0.0,0.4,0.3333333333333333,0.6,0.6666666666666666,13.38840688452977,603.938777259558
4855,79604569860.15752,110809887983.11174,0.7183886863263489,0.045199097333333334,1.930381999999998,6,221.048263946,19.020230306,221.08585752980508,19.04383039323662,6.244063874155316,0.40993428640065965,-85.66331169646148,-2.3684757858670005e-15,228.99936081634164,0.374076641048635,375.4163179719977,-22.931446289629463,35699980576574.36,322.17323946772063,1.4541275261821567,Q,True,0.4,0.3333333333333333,0.2,0.16666666666666666,0.4,0.5,13.386351716603626,602.0578005742777
4871,81854620624.83589,122506488204.12032,0.6681655953474865,0.03046362916666667,1.976617000000001,6,244.665046477,15.558365328,244.61514440078759,15.57584031457335,15.190542311779256,0.20203061483505025,-151.92294761019033,-6.773840747579621e-13,156.36552581178822,0.9715885059795984,609.001067639623,-23.040397726172344,25745618340035.14,210.15718201910897,3.4546230327428207,Q,True,0.2,0.16666666666666666,0.6,0.5,0.2,0.3333333333333333,13.369838996531769,597.2863218427127
4905,67194542290.8661,113333263452.53241,0.5928933857888008,0.02741714133333333,1.732444000000001,6,143.552227436,46.707975703,143.60215835263298,46.61576238276442,15.1402105105675,0.389854483078945,2.4290740164145928,1.3476627221583233e-12,89.29045117551557,0.027204185715653813,545.0578847587983,-22.95589348634643,5065066424167.512,44.691790122931764,5.414535792082837,G,True,0.8,0.6666666666666666,0.2,0.3333333333333333,0.0,0.0,13.34130342196039,584.9120780180078
4912,63822057367.83158,124865008396.24269,0.5111284433289803,0.03711905533333334,0.6217170000000003,6,162.142013378,12.982984382,162.13732379723098,12.98535123540867,6.84591562896138,0.04510359244395377,-32.112652355281604,-1.3358203432289883e-12,100.49550319625932,0.3195431768978453,336.0513027156794,-23.061101876769055,6252570999163.496,50.07464524666337,2.9660780435785985,Q,True,0.8,0.6666666666666666,0.2,0.16666666666666666,0.0,0.16666666666666666,13.334252575009844,579.9609640841926
4953,62008724765.90719,156352766717.11282,0.3965949952014525,0.04058551766666667,0.6049889999999998,6,136.793861679,46.211152479,136.71303391788936,46.226692032001274,8.700496564777884,0.40027999236051065,106.20894397772622,-3.363235615931141e-13,137.2176872395416,0.7740178843877253,468.15015512812136,-23.305263926600787,12258482142975.666,78.40271969830115,3.0262074514762887,Q,False,0.2,0.16666666666666666,0.2,0.16666666666666666,0.4,0.5,13.289843754181453,559.9037931219433
4956,68484138988.85547,153103791173.44727,0.4473053114097716,0.03742277633333334,0.7734330000000007,6,121.546723486,12.543507671,121.43418847081547,12.423696151905915,8.339235087789834,1.1696354656519277,-121.93151388715629,-1.0042337332076083e-12,93.29817937494774,1.3069013211622875,412.79585419033657,-23.282464862201607,5322218759914.146,34.76216179313773,3.9245130518071663,Q,True,0.2,0.16666666666666666,0.2,0.16666666666666666,0.6,0.6666666666666666,13.285955590322253,558.8015024408263
4961,64235454302.79104,128542194971.20665,0.49972271219718734,0.0338229695,0.8932980000000015,6,167.509462443,63.641935214,167.75238240597508,63.508599367694515,16.515502159347456,0.6236092999111701,-185.9743434759101,-3.339550858072471e-13,172.24234004943435,1.0797249005240772,736.9470366522619,-23.092614278996322,26673679348971.21,207.50913235102368,3.7950716491830603,Q,True,0.6,0.5,0.2,0.16666666666666666,0.2,0.3333333333333333,13.278134063786384,556.0960311371689
4967,64724573894.9186,146613696207.63394,0.44146335280474636,0.04363146033333334,1.0579509999999992,6,158.804662581,38.525089655,158.78740655129147,38.61356217213231,8.562158617152427,0.6271454908363032,70.68197511382442,-1.3216094885137863e-12,123.87412207015552,0.5705951649352182,496.3737708822615,-23.235436356689767,5722146632468.188,39.0287318339243,3.5542817774580353,Q,True,0.2,0.16666666666666666,0.2,0.16666666666666666,0.6,0.6666666666666666,13.275010634094306,553.0237958152636
4977,66348758366.207664,102450195794.65454,0.6476196346095171,0.04279780216666667,1.5541030000000013,6,236.507604058,5.137027067,236.55555600358545,5.147774279911183,11.183600744387036,0.26263400798259345,-53.747187654107364,-6.536993168992922e-13,177.49809026974404,0.30280431509109224,635.5764010181491,-22.846281981817576,15053030740814.3,146.93022911333188,3.1761258211080317,Q,True,1.0,0.8333333333333334,0.0,0.0,0.0,0.16666666666666666,13.2641844891073,548.5946985505108
5025,56029610061.20148,138544142432.52173,0.4044170260643884,0.038251961,0.037120000000001596,6,232.313452032,5.060015878,232.3381211319669,5.048372878340692,7.487811826583893,0.21788947871613876,-49.188970034291536,-6.702786474003611e-13,182.15699003832836,0.2700361376411678,379.0910652085672,-23.1739704219573,22554315886690.22,162.79516037767786,1.8459559238942553,Q,True,0.6,0.5,0.2,0.16666666666666666,0.2,0.3333333333333333,13.206110074021677,525.4448160641444
5050,51868202772.6868,97246898183.2274,0.5333661406347326,0.03962816833333333,0.7046810000000008,6,200.036211933,33.087958176,199.99021480684027,33.166114044291454,11.180745033408122,0.4675887649846694,115.35689300805087,3.363235615931141e-13,128.32431783599432,0.89894803224657,587.0073023363535,-22.78968939457298,10522031051421.963,108.19914308831645,4.057496552117254,Q,True,0.4,0.3333333333333333,0.0,0.0,0.6,0.6666666666666666,13.177497938892968,513.804845880445
5055,55013085023.95676,116039507504.69199,0.4740892667243726,0.03754494116666667,0.6340759999999968,6,233.988626788,46.748477056,234.03932737603037,46.734983990891635,10.704905909522806,0.208909224594243,-20.169500012319993,-1.33485814994098e-12,238.18562393908326,0.08467975387749292,531.6746848034567,-22.98151469225072,29039409133431.82,250.25450174594744,1.9799492413584043,Q,False,0.6,0.5,0.0,0.0,0.2,0.3333333333333333,13.169642438438974,511.0572289041011
5064,59764322414.48324,89566580563.61272,0.667261405296554,0.03429778183333333,1.3379100000000008,6,175.357664134,27.859148042,175.34056925330685,27.86019628035395,8.792567591896601,0.10338142422402952,-44.195593818281736,3.339550858072471e-13,108.56186344717591,0.4071005453935192,397.9836814943261,-22.70036498553332,7738886264002.188,86.40372575690564,3.2517084202155004,Q,True,0.4,0.3333333333333333,0.6,0.5,0.0,0.16666666666666666,13.160823180168777,508.136505445533
5070,59955357924.9852,91932599215.95866,0.6521664614762409,0.039081357000000004,1.4730469999999976,6,181.244712966,6.302954842,181.21977216772498,6.316267908135108,7.265228842815754,0.23238115842537221,-136.92547068523155,-1.3381888190148554e-12,115.10636229155955,1.1895560589292518,376.02387554177886,-22.728673847811358,7516111081693.673,81.75675599074049,2.897608533234092,Q,True,0.2,0.16666666666666666,0.2,0.16666666666666666,0.6,0.6666666666666666,13.151867969151397,503.8845090978471
5074,57500338320.620415,133703460911.96764,0.4300587129788622,0.044595824166666666,0.6331260000000007,6,179.961534107,14.197042193,180.04289743078198,14.231832761683265,9.303493050961116,0.5559493115334678,42.48880076845133,0.0,107.91036526193162,0.3937416082812615,551.6552467740183,-23.135356622783164,8621145291034.675,64.479597104154,4.534487513788213,Q,True,0.8,0.6666666666666666,0.2,0.16666666666666666,0.0,0.16666666666666666,13.145859589377627,500.678089933338
5093,61335230258.871574,100141132179.39873,0.6124878850879379,0.036618458666666666,1.4842629999999986,6,210.010861747,59.265244191,209.87615166999402,59.268132863684095,6.018862333056101,0.6868724067149287,-98.2737422534335,3.363235615931141e-13,169.97345209259825,0.5781711263938807,291.3622665502963,-22.821531242884056,12103986691729.764,120.86928146614089,1.5204629149340367,Q,True,0.4,0.3333333333333333,0.0,0.0,0.6,0.6666666666666666,13.127268418414047,494.8500025488801
5098,51500423457.2218,106720218683.9062,0.48257419345963404,0.036642033666666664,0.26696299999999695,6,218.600021603,48.037464216,218.56730946298018,48.0695542486265,9.849041101870329,0.236560545609487,44.849728235350646,6.67021993194794e-13,58.07190438888001,0.7723137153383608,477.0894500462021,-22.890616766251192,343497509529.7883,3.218673216433251,7.287144216197158,Q,True,0.2,0.16666666666666666,0.6,0.5,0.2,0.3333333333333333,13.12233568350122,492.97631946031055
5101,56430461235.609924,126345734160.13876,0.44663527115277435,0.031975813166666665,0.6244179999999986,6,129.804005202,53.623507487,129.9254305656736,53.726189989329505,18.69512367832827,0.4023582654989355,157.91177687990276,6.726471231862282e-13,106.02551208948634,1.4893752811740568,787.580969278507,-23.073901458299364,16385468131600.035,129.68754537317446,6.58883231009934,G,True,0.6,0.5,0.2,0.3333333333333333,0.2,0.16666666666666666,13.11945271418763,492.6194898967141
5117,50324005367.461334,151580377501.1496,0.331995514175835,0.03289532916666667,0.5461170000000024,6,205.012176668,23.142976778,205.18633853431666,23.211037744061915,19.956535580615768,0.5230519536335344,-112.42925901309057,0.0,144.91418868377144,0.7758333399528684,865.4805475106494,-23.27160746078391,16593120156815.418,109.46746821955615,5.297488483458049,M,False,0.4,0.5,0.2,0.16666666666666666,0.0,0.0,13.086899701073987,480.3230372813038
5118,48346072613.50581,129538611460.78853,0.3732174682769409,0.04171244416666667,0.12083499999999958,6,239.736732124,44.764384893,239.8389167112106,44.768911629115244,10.68306528597473,0.408254596304072,80.76998809327033,-6.667259337215606e-13,167.32065950616433,0.4827257335206434,591.2697623706506,-23.10099809372634,23509143448968.754,181.48367644102004,3.134438274213504,Q,True,0.6,0.5,0.2,0.16666666666666666,0.2,0.3333333333333333,13.086756931345326,478.9174107451933
5143,56093998687.15244,150084882145.6652,0.3737484940869014,0.0277876095,0.7117129999999996,6,120.087455422,26.613560354,120.02635743695463,26.693162604353617,5.446845569706068,1.0633446980515175,-109.55959658879023,-5.068538181755381e-13,201.64901352761967,0.5433182869192834,198.79412268676066,-23.26084237132475,14906066178439.273,99.31757259849903,0.8744420998568629,G,True,0.6,0.5,0.2,0.3333333333333333,0.2,0.16666666666666666,13.059374575180088,471.0459949497283
5146,59726628498.45561,88639524615.89711,0.6738148558136999,0.03569114583333333,1.8593019999999996,6,223.554723241,4.841553012,223.52340533454486,4.867361438343023,7.021369651490337,0.3460454030910563,-90.19144717405287,-3.327708479143136e-13,142.85310025552877,0.6313579965203584,331.0607091636325,-22.689068545546675,7616554750235.761,85.92729691681768,2.0556141133995234,Q,False,0.6,0.5,0.0,0.0,0.2,0.3333333333333333,13.057276849388003,469.1068426096637
5151,59969606616.596954,99345911652.9111,0.6036444340670528,0.04476675633333333,1.8790790000000008,6,180.124138693,11.992268844,180.1479176271578,11.966135287198036,4.05312494925159,0.5179160173414679,-1.6589349919583531,3.3217872896784684e-13,62.59485107907826,0.0265027388572727,241.28291737837804,-22.812874998616735,1743305480943.6174,17.547833141179233,3.419098280851327,M,True,0.6,0.6666666666666666,0.0,0.0,0.4,0.3333333333333333,13.052193448547069,465.9213578305217
5153,52771713989.91413,134719644257.50299,0.39171506338783324,0.036034884833333336,0.33625600000000233,6,247.472396101,20.232561474,247.46143973653102,20.276053773356338,11.284766841434347,0.23761469610506836,-53.09499648454817,-3.292181342355131e-13,176.67720655347244,0.3005197870189232,537.340892399669,-23.143577318383155,22580032985266.52,167.60757578981628,2.6976958763169825,Q,False,0.4,0.3333333333333333,0.4,0.3333333333333333,0.0,0.16666666666666666,13.05234043386418,467.2815108475528
5161,60901108839.88167,86276044493.24768,0.7058866594729901,0.042192231,2.041834999999999,6,212.30046496,56.398915125,212.29085739569092,56.40612030609955,4.709934750979051,0.11406851521771978,-50.307804671364174,9.994967816358742e-13,109.0353235237793,0.46138997019982836,263.76800397739083,-22.65972556435703,4289728077597.3574,49.72096371354959,2.1457470108475563,Q,True,0.4,0.3333333333333333,0.6,0.5,0.0,0.16666666666666666,13.04336195183204,463.1574602030704
5169,51744429134.973236,125492131611.56363,0.4123320599504836,0.04388775933333333,0.4607980000000005,6,185.80107883,14.388953618,185.83205508841507,14.303387869252559,8.503457850158439,0.6398047759601537,-91.70251172251604,3.3158661002138007e-13,210.59738247416155,0.43543994063538494,495.95812209770685,-23.066541240741714,33663396307737.383,268.25105188216776,2.0888904179739254,M,True,0.8,0.8333333333333334,0.2,0.16666666666666666,0.0,0.0,13.031493695863675,458.7073193669629
5170,54627383561.27687,95913321957.44687,0.5695494895434128,0.03203574666666667,1.3404600000000002,6,186.35465895,16.124189004,186.31516468221747,16.1361348804882,8.347542579903752,0.28589784052571027,-52.784206155948134,-1.0089706847793423e-12,135.82992016486912,0.388605147465876,352.33667677347773,-22.77469733259786,8554989962882.108,89.19501262481175,2.300837929660399,Q,True,0.6,0.5,0.4,0.3333333333333333,0.0,0.16666666666666666,13.03170241216386,460.5249925547298
5174,48440074231.31112,98668853784.0459,0.49093581584854246,0.03176316033333333,0.554862,6,138.979146408,10.132510642,139.03078758692288,10.17127199264409,8.443405099350928,0.4542597541296696,151.45483541141812,3.3869203737898107e-13,105.73521707744737,1.4323972617418694,353.2798521683353,-22.805450207802963,5570493214982.559,56.456450048305626,2.9636221264272686,Q,True,0.4,0.3333333333333333,0.4,0.3333333333333333,0.2,0.3333333333333333,13.0267779554908,458.82745547743434
5191,47172272645.192,82105228994.72409,0.5745343289673206,0.029493597833333333,0.748666,6,194.985055269,47.205559196,195.14263104832054,47.21461605414786,13.619376295531847,0.473262118448927,-9.558716527379069,1.6756966185009029e-13,150.25435705604428,0.06361690079851642,528.248488271822,-22.60592704174012,19263472481775.94,234.61931374692068,3.1184214439940425,Q,True,0.4,0.3333333333333333,0.2,0.16666666666666666,0.4,0.5,13.009052629816503,452.9541864194515
5195,50487097052.29301,148096393029.1651,0.3409069999588067,0.037689170333333334,0.47757399999999706,6,233.283415114,44.535683791,233.2256322843121,44.544437350173794,3.9313338860034177,0.6426104448553042,-207.59084474948355,-6.643574579356937e-13,173.17157911854977,1.1987581669355247,196.02603794981087,-23.246361202909938,8556121831448.166,57.77400554085866,1.0040625404382948,G,False,0.0,0.0,0.2,0.3333333333333333,0.6,0.5,13.006947434524992,451.0428678791808
5200,53899358955.91302,122301286258.23817,0.4407096654903936,0.04258937033333333,0.4957000000000029,6,133.948594184,0.794284344,133.8903666155727,0.8251864154538715,6.220882410908268,0.6357402110065693,-27.63557187914805,1.3310833916572544e-12,88.26457507256936,0.313099245721491,351.76490419797904,-23.038577561477013,2190090615184.2168,17.907339180062735,3.5350022335356464,M,True,0.8,0.8333333333333334,0.0,0.0,0.2,0.16666666666666666,13.000947154465106,448.265114382556
5206,53323027597.700935,78660393045.82442,0.6778891578464026,0.02619062766666667,2.1116740000000007,6,213.158940975,39.310165484,213.16397751652528,39.272061698141876,4.154034750178938,0.5532353234103049,59.51683496486243,-1.1795009413617663e-12,156.10799349642122,0.3812542435005293,142.72858715013146,-22.55939028034343,2770371623604.943,35.21939716206394,0.8109786947269226,M,True,0.6,0.6666666666666666,0.2,0.16666666666666666,0.2,0.16666666666666666,12.99036599890376,446.9718086065152
5208,50763878969.454445,73767203283.25185,0.6881632583321742,0.03662452733333333,2.193783,6,149.570797514,68.102430297,149.52318546676543,68.08572480693736,4.690586120051765,0.31191717379634315,306.7602088791518,6.631732200427601e-13,133.43542044908935,2.298941374387108,227.10144573932524,-22.489658296192538,5296205149997.354,71.7962036551792,1.509636509502648,Q,True,0.2,0.16666666666666666,0.2,0.16666666666666666,0.6,0.6666666666666666,12.988233711829237,444.7621612123089
5210,48611743759.54781,103535414919.86304,0.46951802721004754,0.04155900266666666,0.5358289999999997,6,133.518347475,0.85323147,133.44038932757584,0.8043554090175309,5.866929208918608,0.9409264631617968,75.25654868449755,2.662166783314509e-12,179.06799516699616,0.4202680027456149,323.4833508011908,-22.857722320701566,13241189053050.844,127.89043307837801,1.6023507265665748,Q,True,0.6,0.5,0.2,0.16666666666666666,0.2,0.3333333333333333,12.987157355814183,443.6925926217048
5217,47863273733.75836,117797685152.81873,0.40631760863267746,0.04288845166666667,0.8746599999999987,6,162.896101015,3.66464865,162.87193544157068,3.639882185715715,7.780238548003206,0.26658714634243835,70.41688929691442,4.736951571734001e-15,175.75844291015335,0.400645841707366,443.12508599157644,-22.997841890490292,7763820835253.952,65.90809339913565,2.2363190340475088,Q,False,0.6,0.5,0.0,0.0,0.2,0.3333333333333333,12.97628978344865,439.8190547624721
5219,76985121584.10173,139268426916.41626,0.5527823016935873,0.03859922366666667,1.1854250000000022,6,251.141803192,38.920509143,251.1688870289682,38.949679482071126,3.9734760750091063,0.5433410581179305,214.30365923334276,-3.3158661002138007e-13,220.29610122897162,0.9727982385425873,203.04563107471256,-23.179631675299635,4269708699867.4233,30.6581239869245,0.8175427243538729,X,False,0.2,0.16666666666666666,0.4,0.3333333333333333,0.4,0.3333333333333333,12.974395006627091,439.78503657869334
5222,54715503497.81773,91748971449.87631,0.5963609469748611,0.04289419133333334,1.378733999999998,6,156.033831274,20.621230738,156.0288577879571,20.629000304776593,8.173676418796777,0.06648547926485927,-78.00607367670787,-1.3310833916572544e-12,91.96831107370275,0.8481842578819678,465.59765072190226,-22.72650301075318,6817434926146.277,74.30530084874829,4.490515389147072,Q,True,0.4,0.3333333333333333,0.2,0.16666666666666666,0.4,0.5,12.968403606593151,437.164123121478
5232,49081248327.80358,109118539969.76651,0.4497975169151139,0.040655832333333336,0.675694,6,222.489099895,0.558296006,222.54018732976942,0.5335012379433388,4.143783192140159,0.8222111585510935,-35.91794946312974,-9.983125437429408e-13,113.8945847596746,0.3153613452203902,223.36341184828223,-22.9147463659873,5058768707284.69,46.36030420390819,1.7395326277143044,Q,True,0.8,0.6666666666666666,0.0,0.0,0.2,0.3333333333333333,12.95265756008274,432.22333458542494
5238,50772342377.0208,116499683543.50764,0.43581528149009524,0.036764465,0.6322949999999992,6,188.925181064,63.973706263,188.90444036141008,63.957862750427,7.946150198412711,0.13797286640244924,-85.52908167489541,-6.679101716144942e-13,91.62118903473073,0.9335076588284981,386.23358601907546,-22.985811864145546,4468306537235.469,38.354666736641796,3.73919171327339,M,True,1.0,1.0,0.0,0.0,0.0,0.0,12.940886977527246,428.8704792555926
5240,45707219213.116295,89953604634.65056,0.5081199291430024,0.04398489016666666,0.9224089999999983,6,224.526016096,1.505716638,224.50509241172728,1.4834476609760041,3.785793391514636,0.48420646189599603,-110.78530215949378,2.3353171248648627e-12,256.50603034694836,0.4319013553390875,221.30786682267566,-22.705046427863508,12130209238312.717,134.8496181735012,0.7652844559100584,Q,True,0.0,0.0,0.4,0.3333333333333333,0.6,0.6666666666666666,12.93780184465688,426.8659068384851
5249,47604192203.10049,98709567493.31108,0.4822652293185898,0.033608022499999994,0.7166139999999999,6,254.174391126,26.83846988,254.04391130124432,26.795903960758263,14.379651796781726,0.5173255983849802,-10.321673278823717,1.6768808563938364e-12,97.5182635782593,0.1058434892100202,637.4642106092322,-22.805898122509344,6814222430028.665,69.03304920762034,5.7982036806533745,Q,True,0.4,0.3333333333333333,0.4,0.3333333333333333,0.2,0.3333333333333333,12.925162099831146,424.1527027079795
5253,39987329377.604576,112740625629.10335,0.35468429551877595,0.043469663,0.04499200000000059,6,120.81884412,24.676780796,120.80538633285882,24.713184828439427,4.68964685297572,0.49132716485505445,43.516707819639656,3.3158661002138007e-13,275.8867001948714,0.1577339820618445,270.8329859281077,-22.950201101279465,31073232417365.344,275.616994707753,0.8707518642564026,Q,True,0.4,0.3333333333333333,0.0,0.0,0.6,0.6666666666666666,12.92104865933471,421.48207750568065
5260,43019959777.69543,84765845558.19678,0.5075152556363007,0.024588260666666667,0.5462249999999997,6,190.902058486,41.018542982,190.90393941084076,41.0626396463983,7.281034021222532,0.3635704423394975,24.257933274716297,-5.921189464667501e-16,173.5094507361614,0.1398075619039503,234.58514444196678,-22.640552246398535,11424693676636.592,134.77944567653563,1.199225876384259,Q,False,0.2,0.16666666666666666,0.0,0.0,0.6,0.6666666666666666,12.911493939871042,420.9296418615573
5261,42673827761.62414,87152014877.96101,0.4896482063137646,0.030217207166666666,0.9636589999999998,6,167.607400784,3.986583674,167.6525644290698,4.061765501968092,11.05574859693832,0.4756644643816262,29.03062094239303,1.7289873236829104e-13,133.3445832107711,0.21771128787815555,439.5688837605179,-22.67069358017168,13359872250859.082,153.2938999696899,2.9239852906457235,Q,True,0.8,0.6666666666666666,0.2,0.16666666666666666,0.0,0.16666666666666666,12.908445770565857,419.197647941835
5265,45859318865.69911,90379459067.60643,0.5074086450483735,0.04008372716666667,1.198291000000001,6,192.194002873,41.654512941,192.16922281723632,41.706791728028264,6.717615849022539,0.49533660693424025,-89.16238908329883,-2.0019541580040823e-12,86.44633875005098,1.0314189168970935,356.85800373191034,-22.710174344240098,3771036969012.331,41.72449147091583,3.661613133500322,Q,True,0.8,0.6666666666666666,0.2,0.16666666666666666,0.0,0.16666666666666666,12.904343855878148,416.5655734600989
5285,44030376592.204926,127908183758.13084,0.3442342413012804,0.034505151166666664,0.25601699999999994,6,173.188577083,25.049057228,173.31967356244994,25.140707144306525,10.3061613641746,0.8731588109014435,-47.41367749439413,6.679101716144942e-13,99.97952478405165,0.47423387535402695,469.38606967311415,-23.08724583045572,7699966879006.732,60.19917297525743,4.164307088869721,M,True,0.8,0.8333333333333334,0.0,0.0,0.2,0.16666666666666666,12.88569558542618,411.3793274809604
5291,43233659717.58643,100012512866.4554,0.43228250624314807,0.021634246166666666,0.5618790000000011,6,199.494399558,4.403410906,199.4980506320996,4.536357169995285,9.76599462634542,0.8170970159508959,37.89883289003412,1.7104836066058246e-13,167.39587790533682,0.22640242617841477,276.23882472390113,-22.820135848222286,15604835312177.82,156.02882944271812,1.4637387765824346,Q,False,0.4,0.3333333333333333,0.2,0.16666666666666666,0.2,0.3333333333333333,12.872085719773096,408.7692360745595
5301,47094479355.94826,91325895135.32866,0.515674982283641,0.036298418000000006,0.8799269999999986,6,238.023615753,20.145229339,237.93286867371378,20.216692059011976,9.12607935393924,0.7309855954177416,90.38830176494974,-1.6754005590276695e-12,90.87295393586835,0.9946667060998263,437.8138710618509,-22.721484844159754,6978025385694.195,76.40796047335762,4.273448664449987,Q,True,0.6,0.5,0.0,0.0,0.4,0.5,12.857056316046366,402.2048579378256
5303,45265445601.13074,81470699314.8263,0.5556039899229537,0.0236584915,0.9799199999999999,6,181.313566778,21.214459713,181.3159006285635,21.212967141877314,10.446497787172172,0.015154107939545327,-12.969031590202619,1.7053025658242404e-13,171.76523063696595,0.07550440529849407,323.62185628351614,-22.59750361038096,15350116208179.055,188.4127218407906,1.6711914597557767,Q,False,0.6,0.5,0.0,0.0,0.2,0.3333333333333333,12.8552870475062,403.27510084218505
5304,71756756533.62027,97671365966.14847,0.7346754683300954,0.0273375535,2.3483030000000014,6,129.367594615,24.946720354,129.39751602097468,24.99109269935895,13.128222273611232,0.23768507741086636,-126.80774930438955,-4.736951571734001e-15,194.27915783446426,0.6527089715533779,471.22528931010476,-22.79441815378073,25151087880233.688,257.50728098704695,2.151423942110149,Q,True,0.4,0.3333333333333333,0.2,0.16666666666666666,0.4,0.5,12.85522872942541,402.78811172455175
5305,40558025132.46577,125693044548.74205,0.32267517489194014,0.031556006,0.6369189999999989,6,152.14464057,12.555465369,152.13454999501562,12.561725710704698,11.056120486553096,0.06333346509352854,32.73590775989246,1.0066022089934752e-12,92.62566113718533,0.35342158272324986,459.51143584037044,-23.068278114706597,5467629026230.037,43.49985351902082,4.400364203465638,Q,False,0.0,0.0,0.2,0.16666666666666666,0.6,0.6666666666666666,12.85318736822332,401.61922704985705
5307,43373453189.418465,92229065500.54579,0.47027965591998533,0.038810902,0.7602650000000004,6,176.804105563,18.925839264,176.80927813695624,18.80380130289728,10.92935743479851,0.6705028085374228,-126.13372674079612,-3.3158661002138007e-13,128.21275694455124,0.9837845292987921,561.6420235493218,-22.732169520564067,15251450711316.676,165.3649056134741,3.885545297990099,Q,True,0.6,0.5,0.2,0.16666666666666666,0.2,0.3333333333333333,12.848136960541687,399.1397482499079
5308,43474800724.185974,91850097043.49838,0.4733234054570152,0.03999376883333333,0.891295999999997,6,124.772587998,56.534503828,124.84353181077263,56.56146373766075,9.22765220888819,0.30885021345002645,-89.99876360006367,1.1842378929335002e-15,89.9807604033011,1.00020007829098,489.0659374322939,-22.72769904873123,3815753717933.38,41.543273668250066,4.821047127831672,Q,False,0.4,0.3333333333333333,0.0,0.0,0.4,0.5,12.848116433134512,398.98212085469646
5309,40447194179.53801,77774183354.76839,0.5200593877667269,0.023633441333333335,0.980008999999999,6,189.703328858,31.984885068,189.660170238346,31.982865067409396,8.305901135396507,0.2648433417823974,120.092497847013,-5.210646728907401e-13,226.30853800727743,0.5306582725710141,257.031129169633,-22.54708864905392,23014103723000.355,295.9092944508474,1.0074149812506548,Q,True,0.8,0.6666666666666666,0.0,0.0,0.2,0.3333333333333333,12.848384836080331,401.1475144530594
5310,41189185117.01423,95179596865.44601,0.4327522544064015,0.03304448966666667,0.13057299999999827,6,233.448925849,5.291525187,233.43736966897964,5.2166992123409175,10.90129681118873,0.41667900962920523,50.95101160537909,-6.702786474003611e-13,125.21885908790775,0.4068956703207979,474.96605539338253,-22.76635965251525,7874926859997.695,82.73755215763693,3.364468373235756,Q,True,0.6,0.5,0.2,0.16666666666666666,0.2,0.3333333333333333,12.842315488257157,398.0931512997697
5316,39931571305.63517,85291138904.6156,0.4681796001140541,0.0380885645,0.6975170000000013,6,128.717113659,44.637127392,128.70201568013093,44.60730275449121,5.2669717303893355,0.36113565007571874,4.210742785683547,6.797525505438292e-13,129.10108900629965,0.03261585799231639,265.48436370922644,-22.64725978411084,7365354899347.333,86.35545255860983,1.824032875497999,M,True,0.8,0.8333333333333334,0.0,0.0,0.2,0.16666666666666666,12.828413108652931,393.23380675180806
5322,39911752702.10705,78719990098.25938,0.5070091174082803,0.02880906966666667,0.9959980000000002,6,167.663061242,31.655803044,167.73941102947134,31.60595492432403,7.06859189712222,0.6953544096506351,-2.551379948739969,-1.0054179711005418e-12,123.90909118252216,0.02059074055333597,267.6680374150299,-22.560212576989628,6251022346739.788,79.40832231987295,1.916094670062601,Q,False,0.2,0.16666666666666666,0.4,0.3333333333333333,0.2,0.3333333333333333,12.820681855860023,392.06527969261344
5323,41140313802.243164,95310105550.18411,0.4316469231122753,0.0448662265,0.8040619999999983,6,217.975401846,21.938420386,217.97850247228624,22.001684138667617,6.5660492939201545,0.5786956227996258,22.64956597364839,-6.655416958286272e-13,151.19970385140974,0.14979901016147312,391.77410496657933,-22.767847376254945,7857329516248.696,82.43962663656413,2.2983089401210877,M,True,0.4,0.5,0.2,0.16666666666666666,0.4,0.3333333333333333,12.818431049905884,389.3838164429367
5324,39784582048.53469,104248599746.72409,0.38163181227558773,0.03800535533333333,0.3769919999999978,6,140.10021555,65.44682295,140.2329014409769,65.33949453014347,10.704378775142372,0.6766230241363443,60.38928813584502,6.679101716144942e-13,50.70165903438773,1.1910712447276353,538.3483114505002,-22.86517557574866,1285563778834.6736,12.331712674875243,9.418132687388503,M,False,0.6,0.6666666666666666,0.0,0.0,0.2,0.16666666666666666,12.813619163230234,388.80433931613766
5326,48822003779.53681,70367864744.02036,0.693811073522528,0.033572140333333333,2.028994000000001,6,168.659910527,63.365071945,168.61382391716063,63.35213101204283,4.83781558338912,0.3024047159694876,-94.05149366332734,-4.736951571734001e-15,218.09075116062047,0.43124934534275533,214.23055664410646,-22.438435932280765,16216754448212.719,230.45682155064637,0.8713001479066564,G,True,0.8,0.6666666666666666,0.2,0.3333333333333333,0.0,0.0,12.81369246273499,389.37732848396985
5328,49032631303.99041,96947802465.89993,0.5057632051148035,0.030068994666666668,0.9906050000000022,6,250.290872125,39.756850098,250.29600832861902,39.72938395509751,10.69320629290759,0.15569862001099855,129.45752593207135,-3.410605131648481e-13,112.21440660216902,1.1536622600610835,423.02300739861045,-22.78634492322866,4855972962533.427,50.08853051869277,3.3437899724661087,Q,True,0.6,0.5,0.2,0.16666666666666666,0.2,0.3333333333333333,12.810792304254608,388.9449466655636
5329,40156365639.48557,95393456241.85991,0.4209551390786534,0.0414329645,0.8668069999999979,6,209.726188882,55.561799138,209.82566644463537,55.61241540771052,8.913823553353453,0.5091989304148459,7.217791688850519,-6.679101716144942e-13,72.90303159673567,0.09900537098068186,489.94397934347404,-22.76879646046246,4936404264036.626,51.747829028449296,5.961073225069016,Q,True,0.4,0.3333333333333333,0.2,0.16666666666666666,0.4,0.5,12.808626437776152,386.891739380528
5332,41423996843.724365,88645051071.58102,0.46730185546708547,0.03975326,0.6076710000000034,6,216.98180921,24.401449786,216.99577973827374,24.444677929022927,5.891956919134556,0.45887158356994223,-115.46709271230783,3.363235615931141e-13,174.74213742883822,0.6607856262450198,310.34193487179095,-22.68913623641035,12239910867389.244,138.07776880297013,1.5753114862943722,Q,True,0.4,0.3333333333333333,0.2,0.16666666666666666,0.4,0.5,12.807675054926063,386.81782506424827
5334,39730131271.39985,107948788537.30417,0.36804610602619403,0.04141023033333333,0.5557029999999976,6,167.451507713,3.402281758,167.5277547027437,3.4593993361344055,4.5769473126512725,1.247453528234047,83.70807952970931,6.584362684710262e-13,173.17388335411744,0.48337588733594905,251.42751483707116,-22.903044431994847,4086729198381.8774,37.85803670200166,1.2878166230438097,M,True,0.6,0.6666666666666666,0.2,0.16666666666666666,0.2,0.16666666666666666,12.803695129331516,385.43296797646224
5335,40138616580.98091,147353134917.24146,0.2723974390061272,0.030561172666666664,0.284870999999999,6,167.481121312,36.94649092,167.54501876172688,36.99863057099512,4.696118243688924,0.9322967219889347,160.734878506102,1.0089706847793423e-12,169.6117670635301,0.9476634863776628,188.88753801303625,-23.240898449595782,5157395061730.696,35.000239829490326,0.9878043788955271,G,False,0.4,0.3333333333333333,0.2,0.3333333333333333,0.2,0.16666666666666666,12.803881382635169,386.8268102407524
5336,42161494798.101295,82225875495.17299,0.5127521542847708,0.04396517316666667,0.9774260000000012,6,230.140249049,7.953368369,230.11339005910398,7.867304326960378,10.898442220939572,0.4959349221127791,-14.86783762989093,-6.631732200427601e-13,102.94815263922509,0.14442063552119883,636.8006170971017,-22.607521265760653,10367388420031.111,126.08425702490356,5.486666179864157,Q,True,0.0,0.0,0.4,0.3333333333333333,0.6,0.6666666666666666,12.802668255130175,384.8129663867253
5337,41432353173.978874,101433544310.49443,0.40846796250313255,0.02920478,0.7384570000000004,6,216.145788698,35.279829663,216.15080837210783,35.273936969908306,9.28367687240866,0.046387974254944515,-31.86576293186882,1.7053025658242404e-13,78.95721733323508,0.4035826490361368,356.47978345025723,-22.835454002380562,3391434965244.7593,33.43504348880253,4.004669599561517,M,True,0.4,0.5,0.2,0.16666666666666666,0.4,0.3333333333333333,12.802912929210452,386.70596086059834
5341,40894076021.524216,76032735622.87088,0.5378482792512224,0.03240855383333333,0.9347899999999996,6,125.95885794,11.550363883,125.9801621477658,11.532337873103064,8.226182483592229,0.20116012106469838,88.65239239169854,6.702786474003611e-13,107.87879410752234,0.8217777471941187,351.35087580559787,-22.522501541209124,5817766531280.456,76.51660148251267,2.8888738460400925,Q,True,0.4,0.3333333333333333,0.2,0.16666666666666666,0.4,0.5,12.794970288447498,383.96438948608056
5343,48903371351.435684,88085306776.59233,0.5551819382938359,0.028894094999999998,1.2873100000000015,6,221.81189763,13.456422829,221.82246799317835,13.566104737177858,8.795357253525431,0.7515037581196408,-46.381705438607874,6.596205063639596e-13,145.22428644487707,0.3193798129365482,334.05975393789413,-22.68225867800997,8482448884733.163,96.29811367118128,2.040368102310375,X,False,0.2,0.16666666666666666,0.0,0.0,0.8,0.6666666666666666,12.789105851967674,382.66728215711294
5344,46601167798.859665,67268426346.68911,0.6927643521595973,0.023760895833333334,2.150146999999997,6,151.54376594,2.912875575,151.5207844291723,2.8399598219829687,21.141929830525207,0.21694225180723403,2.68124102222443,-1.7112237552889079e-13,71.51484572330881,0.03749208986059107,657.8403813949726,-22.389528170182803,4641637797380.634,69.00173007554072,8.159206838743964,Q,True,1.0,0.8333333333333334,0.0,0.0,0.0,0.16666666666666666,12.788200659897656,383.0233400295399
5352,46268561777.36884,67807844978.84702,0.6823482119480797,0.042712344166666666,2.2196619999999996,6,159.507643875,28.154345176,159.4973773987717,28.15863698173562,5.922757581996207,0.10148148155528587,-42.49721740640124,-1.1842378929335002e-15,132.37069942625692,0.3210470110877992,335.90403213079475,-22.398199855387766,11201390258631.926,165.1931315930517,2.250852173414704,Q,True,1.0,0.8333333333333334,0.0,0.0,0.0,0.16666666666666666,12.765196783238755,374.05400450819656
5360,42053330854.3355,72938712159.3833,0.5765570793523462,0.034489341166666666,1.0150500000000022,6,185.006272145,56.162916283,185.0594564696816,56.12863337371589,4.740913157897529,0.5734535383843281,-14.726979283201205,2.3684757858670005e-15,105.3218428555969,0.13982834788974263,215.81976044966072,-22.477395227338462,3005007911593.237,41.19908101786595,1.817591890993732,Q,True,0.4,0.3333333333333333,0.4,0.3333333333333333,0.2,0.3333333333333333,12.756461239087471,372.5345350720724
5361,40730036567.82464,98841130647.57877,0.4120757856670913,0.04444939466666667,0.5514529999999986,6,221.662906657,19.284064922,221.59169085406484,19.31645556725119,6.576594770762604,0.6806956284394128,-55.479265543740595,-6.702786474003611e-13,154.05207407129006,0.36013319442921626,388.6410490246526,-22.807344261675265,16038958883909.807,162.27008714719412,2.2377148283335675,Q,True,0.8,0.6666666666666666,0.0,0.0,0.2,0.3333333333333333,12.754314769377949,370.73546702431383
5374,41566092524.69827,70292292069.74722,0.591332154647262,0.04059758333333333,1.5372389999999996,6,225.757975758,-2.582283697,225.7045386570903,-2.5174502843389743,8.855207466000119,0.5690454217686185,46.58279335306559,2.3684757858670005e-15,99.8728249938799,0.46642110459897507,476.6205450385137,-22.437269262225755,4045818027229.14,57.55706505081233,4.233007562117804,M,True,0.8,0.8333333333333334,0.2,0.16666666666666666,0.0,0.0,12.73069707069179,364.5268308532712
5383,42423373443.07592,83078466296.45633,0.5106422317871493,0.04016204683333333,1.1800439999999988,6,228.516921289,19.980591279,228.50221317797525,20.00742887474802,7.536906549778805,0.24031859115845255,25.374678924386888,0.0,67.54186772941173,0.3756881439234652,401.1860238814178,-22.618721176171434,1854097912023.5686,22.31743067340007,5.268613604356376,Q,True,0.8,0.6666666666666666,0.2,0.16666666666666666,0.0,0.16666666666666666,12.709986561369638,358.828308423527
5413,39472115232.4555,115146279807.48416,0.34279974392963347,0.030152138166666665,0.3477969999999999,6,167.687029232,4.510837459,167.5706485229366,4.521536851623686,10.301144392276454,0.6786333571808092,-23.43831929839135,5.062616992290714e-13,69.63295884237631,0.3365980663186765,408.6648423966364,-22.97312477791344,3488249850985.44,30.2940733892361,5.205662968111873,G,True,0.2,0.16666666666666666,0.4,0.5,0.4,0.3333333333333333,12.662790814527575,347.17051284301994
5500,40614321281.366394,98172671126.5731,0.4137029258275221,0.030478575833333337,0.8291740000000019,6,140.858121039,22.316667138,140.89224400541093,22.313600225384118,4.066358278786351,0.4679781056905243,196.12075887763183,-1.1795009413617663e-12,161.56027325463322,1.2139169792596813,163.10535383807056,-22.799976519091565,6848297739239.773,69.75767961340613,0.895482818516585,G,False,0.0,0.0,0.8,0.8333333333333334,0.0,0.0,12.29358956474418,261.47531542650427
6134,90776869137.46104,132980995078.15672,0.682630394547047,0.038201666,1.5410590000000006,5,222.693838384,54.411207509,222.6972093210361,54.50606321358013,8.49351070970665,0.6702242091259504,-103.84780220094316,-4.078515303262975e-13,163.93187226191054,0.6334814625616383,429.4262542875279,-23.129473945980745,20733450347779.137,155.91288315742784,2.3235328328616873,Q,True,0.5,0.4,0.0,0.0,0.5,0.6,13.659337296888951,744.0632379583692
6411,76749154533.51167,136698079847.51106,0.5614501287737663,0.043317109000000006,1.3228380000000008,5,230.945184501,5.775213029,230.93442489868605,5.892083189058303,9.108984268830769,0.7730344361889776,-123.11776946948427,-1.9966250874858815e-12,118.40217390225381,1.0398269340149229,524.1514379875629,-23.1594060355511,13412038986272.95,98.11431880560647,3.9266367345483206,Q,True,0.0,0.0,0.0,0.0,1.0,1.0,13.453386256487391,634.2292985433875
6449,80251064154.9948,123105839168.84178,0.6518867398720956,0.0318602704,1.393428,5,116.657118312,44.790517796,116.55431666911676,44.7754528296418,20.181078805682,0.22151094523651635,-177.5974518428684,-4.035882739117369e-13,164.24794391204438,1.0812765603810075,847.0368558824906,-23.045696632301155,14054943663875.084,114.16959389390527,4.57431413308958,G,False,0.25,0.2,0.5,0.6,0.0,0.0,13.429916986707251,625.195225101985
6457,84965457454.9994,127618897232.38931,0.6657748914745787,0.0342762932,1.9114129999999996,5,247.400500647,15.658416737,247.3982458623217,15.638804926409511,25.263909533945,0.04686122946623547,14.316860027496299,-8.128608897095547e-13,179.41091032972932,0.07979927196838225,1142.8022904528789,-23.084787468801707,71916667204118.3,563.5267876759716,5.64996649183009,Q,True,0.25,0.2,0.25,0.2,0.5,0.6,13.42593914609574,622.8096921715714
6466,83676826321.81403,124177489139.9776,0.673848592859615,0.0448507608,1.9112089999999995,5,182.46278339,59.447994827,182.53564106100444,59.44266862279461,5.294039133458005,0.4240876861813739,-19.784193277665135,-3.993250174971763e-13,92.76732190151466,0.21326683655553186,315.76513213457696,-23.05510718548781,4704199299310.061,37.88286695028362,3.019206186643151,G,True,0.25,0.2,0.5,0.6,0.25,0.2,13.419861045593706,617.812551709497
6488,73526992121.1589,136534568689.95303,0.5385229017577687,0.0375648862,1.313251000000001,5,201.971915204,28.508180536,201.98471680876628,28.557252462307222,11.311613738575954,0.26704017256400875,69.83609248094946,-4.056310842770472e-13,167.28384229873467,0.4174706386540125,562.1143135952723,-23.15810655684103,10875506550909.287,79.65386828595568,2.9805352944285994,Q,True,0.5,0.4,0.0,0.0,0.5,0.6,13.406183637395158,612.7930482924952
6516,73714275256.50934,127484598255.23874,0.5782210264248936,0.04519166,1.2159830000000014,5,229.131866792,7.743762908,229.00864996362412,7.681084454538682,10.491919491873897,0.784889274991443,-87.76944561831323,-7.94386778579792e-13,93.43605472057253,0.9393530782179693,630.7060075810853,-23.08364429924265,7604798068881.099,59.65268097449249,5.987369976155975,G,True,0.5,0.4,0.25,0.4,0.25,0.2,13.394233680556408,605.7125196870892
6618,77801290366.03693,130818339179.83788,0.5947277029643555,0.0337361918,0.8476220000000012,5,240.976882807,25.010126559,241.09685088419604,24.889942844452715,17.301150151837213,0.5621494600789261,-97.69429259775187,-4.007461029686965e-13,91.64242695033448,1.0660378151126093,769.974297522971,-23.111671577981106,9669748307245.137,73.9173755596453,7.452521988238141,Q,True,0.5,0.4,0.0,0.0,0.5,0.6,13.318544362553348,573.6300740583257
6725,63186921962.06197,96202237881.1665,0.6568134313061762,0.025616071400000003,1.2742319999999978,5,214.616556323,12.883069553,214.56173973606641,12.908558790077805,12.62503401302806,0.28135584715080564,11.770703395607834,-6.082245818106457e-13,78.94643453026185,0.14909734005905587,424.08741821861656,-22.77796293706276,905266988871.7496,9.410040855702107,4.764819870563256,X,False,0.75,0.6,0.0,0.0,0.0,0.0,13.248693604836072,545.0900851028465
6726,71328583575.63057,100670015869.05673,0.7085385152656469,0.0445299604,2.117792999999999,5,180.545130993,24.300303647,180.61629855377794,24.377611234569493,14.4296986371366,0.4195553260317097,111.58233633855647,4.004352405218015e-13,82.24353302012865,1.356730824188291,854.3119831886294,-22.827250342677846,7772422829636.879,77.20692961593059,9.213791057624594,Q,True,0.5,0.4,0.0,0.0,0.5,0.6,13.248383309395082,541.6794704963055
6728,60759920927.00031,103704205738.02116,0.5858964011593972,0.040570926599999994,1.0243910000000014,5,189.126854687,48.502650365,189.04445543567383,48.56040109502795,6.86374119421213,0.6945317966719,-154.61483273304336,1.6143530956469475e-12,303.0084454992732,0.5102657534125261,369.18264717226873,-22.859490924043406,53663881242984.4,517.4706354586115,1.0807124781694835,Q,True,0.5,0.4,0.25,0.2,0.25,0.4,13.247472300451324,541.9904393707077
6736,58826363200.82874,110188662123.3102,0.5338694750191013,0.0389521876,0.5808239999999998,5,137.526619928,51.911776676,137.5668254463976,51.96996215486534,11.585956559572775,0.32752374530309764,-38.15867061739712,-3.922195901395753e-13,203.58116559251948,0.18743713597638845,597.6122920161408,-22.925342275068886,38046355125631.64,345.28375599165213,2.603787543290275,Q,True,0.25,0.2,0.25,0.2,0.5,0.6,13.241581825886271,539.8257599405882
6739,62511914517.34464,132561769020.86244,0.47156819782260584,0.0432873744,0.7716589999999997,5,132.67951554,1.350688604,132.69062034948237,1.3222919168008336,1.8073955884296407,1.0121645522131322,91.54559259619141,-4.007461029686965e-13,59.616139256781096,1.5355840505183145,103.92798666184686,-23.126045727643934,651429391578.6792,4.914157350119233,1.5462947671267155,G,True,0.25,0.2,0.25,0.4,0.5,0.4,13.23855112223953,537.8222248000725
6788,53756229575.31255,108171100028.52153,0.496955559859691,0.04131432620000001,0.7708410000000008,5,168.693539902,11.127681679,168.64653425800662,11.101466898227613,4.880484890869154,0.6522280703822241,191.52936243378323,-2.3874235921539366e-12,275.3918001782725,0.6954795397313963,267.4624166623519,-22.905278115544135,12410663631336.67,114.7317872154794,0.8614605207051607,X,False,0.25,0.2,0.25,0.2,0.5,0.4,13.202115479050695,523.3220347158438
6816,58631310305.168304,99898663434.33414,0.5869078553158833,0.039890731400000004,0.9498169999999995,5,212.517269418,58.039331928,212.34293418748175,58.11514367590823,9.495823174565361,0.7541451696107688,23.934485402695653,-1.1972645097557688e-12,67.42760475670943,0.35496567747077257,501.9449052237583,-22.818899194364345,3685244806291.262,36.88983095067798,6.603009739704141,Q,True,0.5,0.4,0.5,0.4,0.0,0.2,13.180447254147564,514.9258911291361
6852,63716747705.81405,88816534241.3235,0.7173973658180492,0.04525728080000001,2.0831039999999987,5,123.783928436,17.891269026,123.71387188884545,17.893414964397817,7.533480896790929,0.5312510182710309,-23.409261165141814,-1.9952040020143614e-12,101.3932102838436,0.23087602315388905,453.54289617249253,-22.691234555813033,5565654741575.923,62.6646242067212,3.967647811710562,Q,True,0.5,0.4,0.5,0.4,0.0,0.2,13.161626451554318,506.6658339037239
6858,56688321756.182045,112570923731.95271,0.5035787206576092,0.031063801000000002,0.6304490000000023,5,160.002382256,39.122247254,160.0676277657919,39.09777365130977,7.072046189138555,0.4770743212187848,186.68878018395128,-6.053824108676054e-13,146.3483780961733,1.2756463898852965,289.2373031733904,-22.948565574568857,7776231171909.063,69.07850548002403,1.753032669389765,M,True,0.75,0.8,0.0,0.0,0.25,0.2,13.157918187994628,507.5273286408506
6888,51319356256.24891,140954523889.89844,0.36408449221775374,0.0405081846,0.1644900000000007,5,227.905591853,5.397574149,227.9045727655362,5.259930345283636,8.847344757412746,0.933483756726573,60.90259648314952,1.2022383089060894e-12,126.1944071714531,0.48260931564426196,475.1179648988459,-23.192697547430917,11165248116470.506,79.21170465725413,3.3395270385691824,Q,False,0.75,0.6,0.0,0.0,0.0,0.2,13.132133185239695,496.08260593921926
6945,59212036748.30096,93941722722.76456,0.6303060560539658,0.03684115240000001,1.344545,5,224.749636462,48.409849987,224.78575930252862,48.46155849221966,7.214269092548095,0.4739978614455689,-188.7788847064387,-2.0065726857865228e-12,197.71066714734275,0.9548239729814391,351.41056246121263,-22.752146300255994,22162514609072.293,235.9176941482864,1.5765521071799433,Q,True,0.75,0.6,0.0,0.0,0.25,0.4,13.09767909602651,483.7038470857236
6950,63895400990.51259,90790628842.86288,0.7037664768365073,0.030415769399999997,2.0331159999999997,5,168.45727333,9.586314187,168.26827195908027,9.525748646002103,12.128323181437898,0.9694950176057602,4.146115120562355,1.0103917702508624e-12,26.37323461559479,0.15720920019835943,485.4532648155528,-22.715102560403334,559335506383.0396,6.16071849608088,16.3270471812653,M,True,0.75,0.8,0.25,0.2,0.0,0.0,13.09187154688416,482.5400432026604
6954,54277420511.47382,95632581391.50407,0.5675620141348164,0.040545198000000005,1.0253569999999996,5,116.49471776,41.11938221,116.40240345447386,41.09472805355555,7.409444568906044,0.5975932583116623,-1.881652567291188,-1.1993961379630492e-12,83.94115628669974,0.022416328896676534,398.27444468204607,-22.771514696900425,5039442536436.082,52.695874806572796,4.208536647105366,Q,True,0.75,0.6,0.0,0.0,0.25,0.4,13.08874584178071,479.8288897169174
6978,52896190992.12219,104336527264.40598,0.5069767259751181,0.0407793126,1.025704000000001,5,254.844996313,41.042456812,254.89730286747485,41.02381624516423,6.176449799259251,0.42391381286364066,-52.8655679629362,4.035882739117369e-13,160.37246761905718,0.32964241772790775,333.97179843560264,-22.86609094393779,9821518910664.195,94.1330823267181,1.8471561210621292,Q,False,0.25,0.2,0.0,0.0,0.25,0.4,13.070995710308337,473.30058860437293
6989,48311797917.2846,105104050781.95038,0.45965685963438846,0.0286170792,0.3996290000000009,5,125.603263242,25.509073247,125.79792696333907,25.60838731048243,13.969269868034186,0.8665523308466648,-17.827299981485293,2.0392576516314875e-13,63.2702113157704,0.2817645083009539,525.3780757739319,-22.874048635892372,3855296284305.6284,36.68075831162639,7.365399032503662,Q,True,0.5,0.4,0.0,0.0,0.5,0.6,13.064292463845051,472.70301775856507
7000,58892935210.864845,171707803104.97977,0.3429834529701514,0.040101068399999995,0.09815599999999947,5,241.307872758,22.15902293,241.27917592198477,22.06483333312033,9.640285101713035,0.6091303649390195,-16.29599913881536,1.6015633264032659e-12,62.99882975262637,0.25867145791128915,512.3461279726852,-23.40697507931801,2850774065644.076,16.602472421717216,7.213642178691836,Q,True,0.25,0.2,0.25,0.2,0.5,0.6,13.059176065292382,469.1283683256936
7007,47608664611.47444,108869999518.51706,0.4372982899056316,0.028436066,0.113586999999999,5,185.019858031,27.975314094,185.16348678833796,28.092980134068856,10.365565721925043,1.0012010275475842,63.26582535186447,2.0179413695586844e-13,171.6249592111455,0.3686283489456219,387.32676908445626,-22.912270552498825,21044114491098.258,193.29580769878655,2.0018000048305424,Q,True,0.25,0.2,0.0,0.0,0.75,0.8,13.0573922917675,470.2331639586023
7009,51381597175.1649,102975375573.86424,0.49896974775594655,0.0452056594,0.8604489999999991,5,195.4992488,6.283036286,195.52026521188117,6.381308285998027,9.00367119938942,0.6695097017372669,-104.99058232349626,-5.684341886080802e-15,125.8994916952899,0.8339237983390851,541.4153097985334,-22.85183346149732,8998912382029.738,87.38897364423612,3.8144346202254407,Q,True,0.75,0.6,0.25,0.2,0.0,0.2,13.055144387521018,466.9117743720728
7010,47445125527.1162,99208382737.93927,0.4782370624107779,0.036340564400000004,0.6799749999999989,5,173.647969992,20.369675415,173.71392517654527,20.365067181558192,8.636599241955375,0.43074713823431515,183.66829870906764,-1.1993961379630492e-12,146.85249142296652,1.2506992351942121,414.8254108333884,-22.811370924917156,15526650492828.648,156.50542891967683,2.5055764178316906,Q,True,0.5,0.4,0.0,0.0,0.5,0.6,13.055293903606966,468.29622477442416
7021,48748134419.81155,126165140039.9716,0.38638354781968437,0.0449999434,0.1627749999999999,5,230.341262724,5.066839476,230.33252227864094,5.043012460650565,3.682365634036109,0.41334090472296003,-59.20353420138401,0.0,129.6701429720529,0.4565702855293668,220.3904162875387,-23.07234843521721,5462920232840.23,43.29975959373144,1.5075660037575414,Q,True,0.25,0.2,0.0,0.0,0.75,0.8,13.044299974035292,463.07231954451873
7023,44277184791.20633,97140198665.97546,0.45580702324335426,0.034239002,0.16540399999999877,5,229.764117063,8.138722742,229.93201390307382,8.131860421208822,18.115642865268757,0.5509564693172874,22.988246070948655,4.035882739117369e-13,80.4737777923243,0.28566132598214994,818.5396216165649,-22.78849746833484,4001780486431.259,41.1959265205099,9.022127011951268,Q,True,0.0,0.0,0.5,0.4,0.5,0.6,13.043489359381468,464.3840200513851
7035,52001419634.44622,101053657097.52936,0.5145921595322214,0.041452406,0.7777799999999999,5,241.142144517,12.246025325,241.1274977268203,12.297780333152847,13.72405383005986,0.23475918373437574,42.87875750157664,7.998268714004553e-13,66.6790286896228,0.6430621192934236,754.7005153813209,-22.831380087763815,5801260955515.179,57.40772894459663,10.039428742419771,Q,True,0.75,0.6,0.25,0.2,0.0,0.2,13.034493933257211,460.1250841913146
7044,54423641854.31302,119315640899.60036,0.4561316642476779,0.0298340038,0.49608900000000133,5,195.126786898,48.308458233,195.07819270717206,48.2453388092774,11.228520416390758,0.3789768225028943,-71.37543854395017,-3.979039320256561e-13,127.17011853012188,0.5612595110308368,440.65240569393916,-23.011743445955887,10053845039496.398,84.26259092013203,3.0735104155615307,Q,True,0.5,0.4,0.0,0.0,0.5,0.6,13.026808123817547,459.1195925209131
7051,46545146331.097664,85383350204.84631,0.5451314128507432,0.036525769599999994,0.6381759999999979,5,253.094460735,30.711045019,253.14100246622266,30.67751631423816,9.59303314350125,0.3265495465898922,-31.9969082214871,1.6058265828178264e-12,73.16833868011473,0.437305380970535,463.17470746653163,-22.648432978270225,3468698311067.7397,40.624996591792886,5.614941830495165,Q,True,0.5,0.4,0.25,0.2,0.25,0.4,13.021769857119423,456.3733339291665
7052,56874867774.880775,91732878187.57065,0.6200052685427137,0.045443216,1.1037330000000019,5,217.629972246,52.70717681,217.57820579871566,52.71694329332207,6.723388678845053,0.29312672692647657,-83.95275634845822,-3.979039320256561e-13,136.68958069959956,0.6141854845027246,406.4897187241002,-22.72631255008781,12155791087615.848,132.51291497428343,2.6377751593273646,G,True,0.5,0.4,0.0,0.2,0.5,0.4,13.021613721724805,455.01390906313776
7058,53869134758.422195,80722996227.68176,0.6673331922229769,0.029737762,1.7185270000000017,5,205.562611233,1.857488009,205.44274796181088,1.8423132102073083,13.80246038512287,0.5249414053990914,-61.1167559941429,-4.035882739117369e-13,107.86953640564113,0.5665803157280126,539.878599141388,-22.587493183524284,1997497923182.6333,24.74509144269902,4.439365676307553,G,True,0.5,0.4,0.25,0.4,0.25,0.2,13.013980713720551,454.6354519045471
7059,39788796211.446045,88606503285.96646,0.4490505181434895,0.044383921800000004,0.7071980000000018,5,241.312944964,15.926076579,241.2515781027256,15.976568275662244,10.02975117160381,0.46457024377984346,169.63112029586927,-7.986500349943526e-13,188.25131028552423,0.9010886566398258,591.8029067148531,-22.688663995393714,35196464450074.6,397.2221354507399,2.788449001815206,Q,True,0.5,0.4,0.0,0.0,0.5,0.6,13.013746725708032,452.4291872543188
7067,58411774508.49075,81759736957.8646,0.7144320258588116,0.044449120599999996,1.729175999999999,5,152.542524533,54.308640563,152.53452634422578,54.38856337493642,9.041672483891467,0.5312644499350095,-10.961715442355203,8.071765478234738e-13,208.25666130810788,0.05263560537993339,534.3103599459658,-22.601348713889152,35885706845477.984,438.91661324659,2.275717311010308,Q,True,0.0,0.0,1.0,0.8,0.0,0.2,13.006841371947315,450.0281785968619
7069,55094773249.12435,89626889837.01637,0.6147125416190657,0.03839133,1.3034009999999974,5,134.436888853,55.073273103,134.3895745206505,54.98311864432844,8.273218635052013,0.6827693847725591,100.48212467482779,-4.007461029686965e-13,152.48227741639775,0.6589757601824909,420.423086882702,-22.701095815333574,12907485152813.875,144.01353406645845,2.445630301327424,Q,True,0.75,0.6,0.0,0.0,0.25,0.4,13.004964570671843,450.2557058573634
7090,57375436159.54228,108925171024.47784,0.5267417587680333,0.0366238546,0.8250680000000017,5,204.859581045,31.208015726,204.91365417244552,31.377177661663026,11.641107658128954,0.9038271720287276,-75.92492966695012,3.979039320256561e-13,115.0042450467167,0.6601924097332973,563.6102728840544,-22.912820626245868,4776549242962.934,43.85165704159913,4.346990077149581,Q,False,0.25,0.2,0.25,0.2,0.25,0.4,12.993157941438346,446.4464101737481
7114,50365784159.93426,103008618086.55496,0.48894728514475794,0.043502701600000006,1.3554619999999993,5,164.404693445,45.634446539,164.4778457923092,45.59513878596362,8.035225392677823,0.4818067607919194,-21.144751190378113,-1.6001422409317455e-12,142.94747868496265,0.1479197211793903,464.40809618668925,-22.852183902317865,7490856162666.25,72.72067426797159,2.8816876317590228,Q,False,0.75,0.6,0.0,0.0,0.0,0.2,12.972331812080473,438.39831676131746
7121,46036849994.8531,81413689811.38203,0.5654681675957761,0.0343468514,0.9494399999999992,5,231.387352522,26.547608227,231.33943757479673,26.492488949473525,10.34263114076299,0.40510088736448613,89.3292365862031,-1.6058265828178264e-12,124.85823909704621,0.7154452700295849,468.83179564414513,-22.5967435954432,4853520581499.955,59.61553385855027,3.3306076214412563,Q,False,0.5,0.4,0.25,0.2,0.0,0.2,12.965587146851496,437.4162569134077
7123,53477857541.38939,76745836004.08694,0.6968177079801637,0.0370782358,1.675701,5,256.410448021,25.208346553,256.354549638983,25.14537807030074,11.095517289371353,0.436783694021365,120.5254569157552,3.979039320256561e-13,152.86522700603211,0.7884425992511614,544.040009452766,-22.532637053223027,17011107162999.594,221.6551157523869,3.156790447611485,Q,True,1.0,0.8,0.0,0.0,0.0,0.2,12.963569993760904,436.3586342375706
7128,42202016213.35506,101854015127.58502,0.4143382679660856,0.036836742199999994,0.13594400000000206,5,178.494572955,9.627211062,178.56768039052304,9.603254578102634,5.984504634129526,0.7615387549277547,131.25020049459147,1.5973000699887053e-12,200.54870311860853,0.6544554936212471,291.4723045597124,-22.83994538435627,22405134826625.086,219.97301528623908,1.2891428871098787,Q,True,0.75,0.6,0.25,0.2,0.0,0.2,12.959626888498889,435.073620230766
7144,44051915754.34159,111154905885.59311,0.3963110346176021,0.0386082418,0.431871000000001,5,226.122523855,17.692295954,226.13833339148897,17.703436887527843,2.115160292871359,0.5314213724071971,-8.866062111616515,3.979039320256561e-13,100.79351403580172,0.08796262533785358,108.11118576899798,-22.934821588235828,2233284264069.946,20.091639197360912,0.9513967510155422,X,False,0.25,0.2,0.25,0.2,0.5,0.4,12.950718013237568,431.8638606530753
7146,49746393401.011734,72838450994.32103,0.6829688539764567,0.0389220658,1.6269499999999972,5,245.917001794,24.474182037,245.846140639977,24.472125047740484,4.716639118564216,0.8208488248672218,-25.421306451506762,-7.958078640513122e-13,129.53183790338153,0.19625527486507102,243.09431811844496,-22.47590175344106,4757554363274.257,65.31652304968961,1.6646460334477475,Q,True,0.75,0.6,0.25,0.2,0.0,0.2,12.94873964205454,431.1652345300756
7158,43203287980.83722,137382074599.26057,0.3144754372567158,0.0458452264,0.21149299999999727,5,155.862761599,10.60350484,155.83754257507726,10.635252644826824,2.9099744754880295,0.8304830768910194,-260.65032964049107,-7.901235221652314e-13,192.84009243536053,1.3516397256854642,177.5419898964417,-23.1648251758684,11962701546899.674,87.07614571838806,0.8166338392050427,Q,False,0.5,0.4,0.0,0.0,0.25,0.4,12.940729953598636,427.56988254517216
7162,46285440363.6592,83015608417.43867,0.5575510587227865,0.0355646028,0.7274330000000013,5,253.650731708,24.06362488,253.6067893316257,24.06740512663539,10.232620374668025,0.2363065252254065,-39.52520587709901,3.979039320256561e-13,128.51250051372986,0.3075592313517911,480.7176317645927,-22.617899387936305,9708751476135.37,116.95091635437439,3.3179382369082364,Q,True,0.0,0.0,0.0,0.0,1.0,1.0,12.93794897117226,428.0685917942001
7163,48398867547.58315,106641492087.54391,0.4538464963323249,0.04428917460000001,0.7679760000000009,5,223.396096989,0.010396721,223.41790951946356,0.022806850802038564,2.299427306857788,0.6548353613296902,-349.2173656967149,-2.3874235921539366e-12,285.14715148794335,1.224691756079065,135.37825093847783,-22.889815532332342,15918500604378.365,149.27117290623224,0.4211176859240241,X,False,0.25,0.2,0.0,0.0,0.75,0.6,12.936810015016311,426.49927690134245
7183,53063317691.36207,73786539539.58722,0.7191463107291143,0.0416916316,2.4693140000000007,5,212.057332877,53.883487187,212.11004373248176,53.887213471076265,9.271261016777503,0.20250060200278425,64.5341474216076,-5.684341886080802e-15,106.25064033462618,0.607376550563493,512.8676593817567,-22.489942857916102,7296033049291.376,98.88027131800891,4.28151409195193,Q,True,0.25,0.2,0.75,0.6,0.0,0.2,12.922065998264925,422.052573225874
7184,50508073059.57074,83575290576.77686,0.6043421771076135,0.0393654168,1.331436,5,196.961660613,3.194675342,196.9341337474178,3.2129966907804044,4.290605355225309,0.46190397267406497,65.14608225654129,8.071765478234738e-13,107.0065346824522,0.6088047094494283,223.72752728655936,-22.62519473808438,3820868629746.303,45.71768286269066,1.8545252146710345,Q,True,0.75,0.6,0.25,0.2,0.0,0.2,12.921120177082589,422.061298535524
7185,49373373276.15139,85136563126.13995,0.5799314825875559,0.039193109399999995,0.9385319999999986,5,228.537336986,4.714415238,228.54320983177752,4.700105608200315,3.401500082100141,0.2727100258646065,-138.4207961239073,1.6001422409317455e-12,106.84991454139063,1.295469413504197,176.56796518966075,-22.645290285454344,1857633995622.1895,21.819461902283788,1.465754893632232,X,False,0.5,0.4,0.5,0.4,0.0,0.0,12.921123142070927,422.085573190113
7186,49463085033.47109,95540704774.34457,0.5177173975249275,0.026070971199999998,0.6719880000000025,5,142.041809333,44.664767331,142.12094713424156,44.6198926934327,15.395754873399222,0.2806028530120958,92.52743452259047,6.082245818106457e-13,89.63319733122479,1.0322897908089776,526.5197845550065,-22.770471101539364,4482689248551.822,46.91915617682939,5.210380336812974,M,True,0.5,0.6,0.0,0.0,0.5,0.4,12.919358127136196,423.27955021623205
7197,56300052521.68936,70917144022.98462,0.793884938505733,0.029497146600000003,2.5528569999999995,5,134.713554637,38.809536086,134.7606442893983,38.77179455742223,8.723769409282118,0.36208482622593535,-131.25343312622195,-8.128608897095547e-13,133.9743451271678,0.9796907982766104,338.40643128750906,-22.446878093406756,7146552171685.753,100.77326533862556,2.240477490426275,Q,True,0.0,0.0,0.25,0.2,0.75,0.8,12.913387345898007,420.88685345558696
7213,49302574724.93272,94739699195.21239,0.5204003722171855,0.032426958,0.9700610000000012,5,238.086377107,24.626603708,237.97296185825724,24.484320246654615,14.864282522264823,0.7093964847011729,-28.50422184990398,4.007461029686965e-13,73.91585721087763,0.3856306741946251,635.2417990582106,-22.761330003701325,3583274182822.9004,37.82230905588498,7.622985067427627,M,True,1.0,1.0,0.0,0.0,0.0,0.0,12.902493267411453,416.9936058922765
7219,50124078330.59803,80075780708.97833,0.6259580348365928,0.043185075200000006,1.481736999999999,5,241.271451928,45.442991058,241.29865875863854,45.50642835044026,3.5191935640740617,1.1294172809669996,82.90874443401277,-1.5859313862165435e-12,117.82012599340646,0.7036891510254722,201.8658430376133,-22.57875295391406,5168056652772.426,64.53957247766138,1.5197318901558754,Q,True,0.5,0.4,0.25,0.2,0.25,0.4,12.898362982893188,414.2447327457317
7220,42954552606.76589,74544983803.36115,0.5762232468930943,0.0443133328,0.9806069999999991,5,157.706167701,22.350588329,157.65386274886916,22.37959735513914,6.176716740651767,0.5478867787188382,144.2594487817019,1.4210854715202005e-15,121.20598811027394,1.1902006743301643,363.8574601978128,-22.50104606179931,4316306569894.008,57.902039140283385,2.6627526595619004,X,False,0.25,0.2,0.0,0.0,0.75,0.6,12.896370758495747,413.461587177215
7224,39953901997.390305,94235288428.26569,0.4239802590279568,0.0418982208,0.21659800000000118,5,135.718072642,40.325257908,135.76497763634114,40.42465657597572,8.977727097896043,0.7059236836328944,97.46658185206329,7.929656931082718e-13,98.53433283738859,0.9891636655510906,499.16537100276736,-22.755533910374396,4287836162877.04,45.50138524955066,4.493455949107017,G,True,0.5,0.4,0.25,0.4,0.25,0.2,12.893455920214867,412.85830791331585
7233,44336193105.075195,75174835490.52838,0.5897743947928069,0.0353674534,1.2675920000000005,5,214.628184942,29.170092861,214.61390871973032,29.309661119058152,11.514698233106554,0.7301437794059523,51.6171164404947,4.007461029686965e-13,64.38442135106274,0.8017019545620612,537.8722145947384,-22.510181215954205,4427993830175.037,58.90260751861492,7.410063557830794,Q,True,0.5,0.4,0.5,0.4,0.0,0.2,12.884694882064316,410.9503433175087
7240,48191184384.98999,75603965921.71109,0.6374160905116089,0.0416124176,1.7891339999999971,5,192.368619392,37.230286573,192.35092002519394,37.18216191396654,6.823519942760974,0.44094697751069306,-60.40176137803233,4.021671884402167e-13,112.86779010381055,0.5351549926022119,376.7247515728249,-22.516361444200736,9102783298256.893,120.40087034168215,2.9605864909533146,Q,True,0.5,0.4,0.25,0.2,0.25,0.4,12.879656135947783,408.5460211766771
7241,46227712112.18103,112055261982.18079,0.4125438760701147,0.034584862800000005,0.24000699999999853,5,236.12157339,11.549507913,236.1280602474119,11.475852802173298,12.936687452796386,0.34288008277789084,35.836009758551164,-1.2065015653206502e-12,46.70521400612961,0.7672807098978123,590.5868302196548,-22.94358063825909,1995859078541.6992,17.81138202023109,11.216103588264973,Q,True,0.75,0.6,0.0,0.0,0.25,0.4,12.878781444783948,409.1915939699686
7256,41602209817.202065,93634702484.55257,0.4443033267934547,0.0436541708,0.565728,5,206.168841495,31.211478661,206.18099186538672,31.268487307778578,8.793230200354875,0.39540053512093654,-63.99237117867154,-1.1954881529163686e-12,87.79407413652962,0.7288916912450725,510.04336578171484,-22.748592087240887,5492558790289.292,58.659435492897835,5.153063801832858,Q,True,0.5,0.4,0.25,0.2,0.25,0.4,12.868762461305158,404.8783795520548
7264,39999779751.161804,56524302338.986595,0.7076563194230298,0.0258306498,1.933453,5,140.219666057,35.368292357,140.2318655612074,35.31971425972253,11.704261191724646,0.25419892499640495,-24.275741960965522,-1.978861519091879e-13,102.6393341491534,0.2365149984867235,396.51408030167056,-22.200588026738618,3908206018738.642,69.1420478805809,3.426639427692378,Q,True,1.0,0.8,0.0,0.0,0.0,0.2,12.860183086384533,404.5156207752042
7269,43888546689.25765,95873086670.80096,0.4577775496053192,0.0424078876,0.5257190000000023,5,130.739133081,37.54711776,130.74568233028543,37.59716028239766,11.533246655538074,0.26173560642784466,-0.7890486992214604,-9.237055564881303e-15,143.96255794451136,0.005480929975734249,649.2928233617697,-22.77424177468452,15929041437514.328,166.14716382512867,4.0005036208364135,G,True,0.5,0.4,0.25,0.4,0.25,0.2,12.858922723672013,401.99329516091115
7271,42211034899.33881,73737109573.64949,0.5724530720475005,0.032493297,1.2882780000000018,5,162.291916276,29.815895111,162.2929404815488,29.830372286681463,4.317532883983469,0.20156537244468567,-45.12275990401065,8.043343768804334e-13,46.248538217096524,0.9756580779310143,184.90108243039282,-22.489215274156486,284682112683.68555,3.8607712497781286,3.546215003507516,X,False,0.75,0.6,0.0,0.0,0.0,0.0,12.858106516820817,403.0181797688701
7274,43849273265.87601,84709091104.88316,0.5176454226333714,0.029477388599999998,0.9441370000000013,5,166.995899254,35.463252583,166.96015840387088,35.49865977559661,6.7930159645849,0.4048296775553809,45.77836738224161,4.035882739117369e-13,88.36144311848162,0.5180808027417361,263.32964291773897,-22.63982505489446,3329302771178.243,39.30277999389751,2.643385904809656,Q,False,0.5,0.4,0.25,0.2,0.0,0.2,12.855193895904508,402.5040629346625
7297,39662601819.02828,70900085511.85284,0.5594154299348146,0.0421373984,0.7103800000000007,5,218.193175114,14.588226736,218.20422816425088,14.599129235564599,4.418201886462359,0.20741635406211764,14.434340684038176,-1.4210854715202005e-15,62.253418049477624,0.23186422748010538,247.09889487234315,-22.44661689745356,1202476669082.001,16.960158233955514,3.5207178435981077,Q,True,0.5,0.4,0.0,0.0,0.5,0.6,12.83032412499504,393.2997858301145
7300,44820551906.42448,68858913122.34563,0.6509041440545134,0.035224454599999996,1.5889019999999974,5,231.622742335,8.590604033,231.66998467670015,8.665273694280566,9.842027102182588,0.5369307957364843,-56.95852644824455,7.986500349943526e-13,155.01841883712044,0.36743070194834265,457.83213516826515,-22.414900408661506,19584685639466.44,284.4175830174548,2.6196700168961335,Q,True,0.25,0.2,0.0,0.0,0.75,0.8,12.82944866879772,393.90706957515306
7327,47833570537.58385,68292409799.46501,0.7004229412616008,0.0373876516,2.0156899999999993,5,146.020908347,0.733551682,146.02189994650996,0.7413452032861223,5.804317656782258,0.08121202823587896,-21.57167368280305,-4.092726157978177e-13,247.10876581674486,0.08729627057746761,287.0393035272945,-22.40593109429218,21494744358627.164,314.74572974866015,1.0303311636363548,Q,True,0.25,0.2,0.25,0.2,0.5,0.6,12.808696872304068,387.4147995810058
7336,40403482509.6273,81863109192.962,0.49354932774897453,0.042855288400000004,0.7229220000000005,5,161.376791111,17.619643567,161.39040526856314,17.71866907216272,9.18021840282916,0.6527395214231778,83.24135147461854,-1.1993961379630492e-12,150.76842298461037,0.5521139627700196,522.4444224041466,-22.6027205882427,2238648121472.7163,27.346238660395016,3.0736423018749774,Q,False,0.75,0.6,0.0,0.0,0.0,0.2,12.799721273686778,384.0807172094484
7339,41118759113.7228,92309834698.95758,0.4454428853417407,0.024594572199999998,0.49545300000000125,5,199.256677735,6.357083184,199.33481004135376,6.415175177977118,12.595560275959992,0.46194015058964183,9.111386529780567,6.039613253960852e-13,102.8733642244299,0.08856895658532601,405.91811460824545,-22.733119933170297,4996428320120.834,54.12671722807512,3.4999279976109774,Q,False,0.0,0.0,0.25,0.2,0.25,0.4,12.797063502106315,385.536201775891
7340,40647589875.83077,59599513568.506935,0.6820121078523269,0.0302224674,1.6909390000000002,5,169.05643026,29.385244198,169.10524266655764,29.414061503398116,10.998290613109418,0.2802455008358395,17.99023977871942,-4.035882739117369e-13,99.20288422359357,0.18134795091412453,437.3622085030962,-22.2581067879674,7419639058645.471,124.49160428326202,3.9105745964791403,Q,True,0.5,0.4,0.5,0.4,0.0,0.2,12.796979444413653,384.8244605617625
7359,50208217123.42441,65152122386.279175,0.7706305686520213,0.03343247979999999,2.517121999999997,5,228.794975106,5.577597737,228.84186928555556,5.6671503415795925,9.225081225421539,0.6567961097218727,-21.521718295879907,2.418687472527381e-12,144.7171087923805,0.1487157840249464,406.76866242054473,-22.354821419485905,12531251000102.0,192.33833896930793,2.493166195606168,Q,True,0.5,0.4,0.0,0.0,0.5,0.6,12.782126261666152,380.0737968012334
7367,42478346189.033066,61402992349.81148,0.6917960275785074,0.038059654000000005,1.769249000000002,5,235.49283264,7.77663389,235.49629689304643,7.7137067135201285,7.626985418445482,0.4957717490102984,-12.649763818736094,-1.6044054973463063e-12,102.40572989751324,0.12352593777119955,384.1421666047166,-22.290473840285525,3696468599189.8867,60.20013777392456,3.327295280443656,Q,True,0.75,0.6,0.25,0.2,0.0,0.2,12.775142614471047,377.4835550637213
7372,41400997025.812515,97759121305.70486,0.42350009362652186,0.040103774999999994,0.6646880000000017,5,222.270380472,16.735092819,222.3039971534376,16.772043331640553,12.046867014441666,0.24407335658602713,46.77189249901496,1.5987211554602254e-12,65.98220546417963,0.7088561555343107,640.2916819594801,-22.795393223300856,5068765568640.781,51.84954100385298,8.607452841302509,M,True,0.75,0.8,0.0,0.0,0.25,0.2,12.771161372775389,376.08535411202087
7386,39707413638.04313,93321568039.35536,0.42549021059416625,0.0347426684,0.26429100000000005,5,185.422974205,55.787170825,185.35908640229172,55.83465238069503,8.71893937396025,0.4096311073911925,20.16717212575025,-3.993250174971763e-13,101.44987752823137,0.19878951672601622,399.90009225486426,-22.74495506858328,3384359631861.29,36.26556757419727,3.4964200102790257,Q,True,0.0,0.0,0.25,0.2,0.75,0.8,12.759416815410267,373.3504004384952
7404,39786377593.80836,67278847975.502075,0.5913653219552092,0.0371146494,0.9182759999999988,5,226.618937883,46.344193946,226.59769713279528,46.33863517387503,4.285765055361287,0.2195456632940531,-111.89243502543219,-1.4210854715202005e-15,99.14297792528491,1.1285966728753638,210.35336073114243,-22.389696365931016,2190078480757.7307,32.55225894407695,1.881963149312848,Q,True,0.25,0.2,0.0,0.0,0.75,0.8,12.741609257240922,368.003206384241
7407,43148767991.31861,74841579324.61757,0.5765347067859875,0.031049227000000002,1.231037999999998,5,256.864372058,31.247718405,256.817843195318,31.27067424934646,9.780065461292855,0.28173671221494856,8.16030419638652,-6.053824108676054e-13,66.01433381906988,0.12361412627070728,399.79975717536814,-22.50535735877255,2180186190228.0938,29.130681232310224,5.3718997693211605,G,True,0.25,0.2,0.0,0.2,0.75,0.6,12.737765381374112,367.6296322719877
7422,48075432504.16391,64595769939.46066,0.744250475676973,0.044339398200000005,2.4330880000000015,5,166.994367083,63.92631973,166.94565010865983,63.90083654790377,6.353906079176919,0.3143686300952337,-25.69373898756689,-1.5916157281026244e-12,111.75526237652835,0.22991077503802346,374.5225067313353,-22.345510197770217,8208712613939.906,127.07817588726219,2.972580050426921,Q,True,0.5,0.4,0.25,0.2,0.25,0.4,12.721751839470096,361.5973296896309
7425,47582800611.15216,61902079359.81152,0.7686785501109383,0.0233011472,2.3123980000000017,5,184.161608369,33.560898792,184.17790408148647,33.607569916781,14.4400577101725,0.20196085364375338,49.870374069894666,7.105427357601002e-16,93.38051280748294,0.5340554744297609,440.46466035188257,-22.299263094251607,6194035132962.605,100.0618266303981,4.183872437470831,Q,True,0.75,0.6,0.25,0.2,0.0,0.2,12.715197815780176,362.20461570227064
7436,41103461762.16307,56343720027.69684,0.729512743247302,0.0350912898,2.1678239999999995,5,255.006962225,38.816027972,255.03741791271318,38.897353244615815,9.854850637148813,0.515763351183851,125.07634275505008,-3.9399594697897557e-13,135.5900468215061,0.9224596177011717,456.6512001723483,-22.197113793443982,5823764625634.407,103.36137945403009,2.9873108244153768,G,True,0.75,0.6,0.0,0.2,0.25,0.2,12.705140545181406,358.0768133093464
7455,41151265940.663734,76084075691.97945,0.5408656879431838,0.022968719199999998,0.5564540000000022,5,178.421858453,23.382206389,178.22649972107195,23.53664480858985,11.58943105668765,1.2247794355882031,-115.1001447263505,6.110667527536862e-13,65.45026561621941,1.7585894211837672,348.3826125706655,-22.523234422386697,1970561349189.6472,25.899786930018234,4.721376979004992,M,False,0.0,0.2,0.5,0.4,0.25,0.2,12.68856223696447,354.9122629678222
9394,80411247534.72842,100196866208.50644,0.8025325599245311,0.041945584,2.5414819999999985,4,167.919441761,4.668873548,167.88239831909587,4.674527981298945,4.8995092277415,0.45740326107706647,119.90511931527712,0.0,203.2985964077814,0.5897980676402136,272.73203898500344,-22.822135346501817,15046732827631.598,150.17169096206894,1.1899409186990269,Q,True,0.3333333333333333,0.25,0.3333333333333333,0.25,0.3333333333333333,0.5,13.399216932856003,608.6693340707579
9578,66500544304.20105,136733922082.56796,0.4863500095027196,0.04322716950000001,0.17951599999999956,4,214.514332371,28.866402214,214.4529919197691,28.903328799200647,11.980196901918397,0.3264317972267776,-73.79739997803722,-2.4868995751603507e-12,170.95441713774792,0.43167881364873933,687.8915065050859,-23.159690678257213,9569971106803.754,69.98973598537489,3.5691371798739193,X,False,0.0,0.0,0.6666666666666666,0.5,0.3333333333333333,0.25,13.33612865484448,579.659560231228
9765,56522530907.293846,128387939170.8909,0.44024798024103706,0.03932169875,0.026720000000000965,4,213.752623869,-0.796946989,213.67416768035017,-0.8259201851569782,10.223714133328624,0.4907863575389826,-1.382469263182425,-4.973799150320701e-13,252.82894794946864,0.005468002277406276,532.4921303716147,-23.09131056950441,40222484343988.52,313.2886515956171,1.8681425662302802,Q,True,0.3333333333333333,0.25,0.3333333333333333,0.25,0.3333333333333333,0.5,13.268185309410857,550.8964771393269
9774,76899656522.46783,107390998477.42178,0.7160717156255462,0.03340781375,1.653329000000003,4,245.837747666,37.258412755,245.86531506641313,37.27748089194721,6.966897101337704,0.25032954349526265,156.51904024538248,5.009326287108706e-13,133.23352548834873,1.1747721879435635,306.96461157835677,-22.897419700722175,8138364818167.742,75.78256030349488,2.043611842229703,Q,True,0.3333333333333333,0.25,0.6666666666666666,0.5,0.0,0.25,13.265324562749676,550.728363878605
9790,57692744598.210045,111515509509.43285,0.5173517553926429,0.04041987725000001,0.5935399999999973,4,206.511630181,55.715391463,206.56700245689694,55.83391068436073,10.394168088272295,0.7073748308551031,-7.18498372801592,-1.4956924587750109e-12,57.69399130430455,0.12453608366454538,556.9326391939289,-22.938338182495066,2954417995352.479,26.493337190039664,8.562403810120133,G,True,0.3333333333333333,0.25,0.0,0.25,0.6666666666666666,0.5,13.25929847520958,546.9589562524894
9833,71176790348.24214,118418151669.31334,0.6010631760830528,0.04195771875,1.294003,4,162.038804899,48.331531739,161.9464044976077,48.46374664097995,10.375475023318476,0.842883109951316,35.61496220906915,9.983125437429408e-13,77.08684503286266,0.4620108942567989,577.7247845810007,-23.0035456952748,5858487204180.08,49.47288166209604,6.647591864797296,M,True,0.3333333333333333,0.5,0.3333333333333333,0.25,0.3333333333333333,0.25,13.245477198245164,540.920137472971
9869,73408102788.60916,97091254976.12823,0.7560732715491005,0.0440431305,2.1400979999999983,4,169.976403797,33.090220844,170.13545485456908,33.15772083105816,11.250840208130167,0.7963674802301443,-99.88491139386066,4.973799150320701e-13,116.74011721425283,0.8556177068979864,658.5940338397494,-22.78795028675132,17948934545027.617,184.86664478114645,5.004045926592028,M,True,0.3333333333333333,0.5,0.6666666666666666,0.5,0.0,0.0,13.23164426396954,534.8485190587328
9952,61130000592.61811,117755732038.35728,0.5191254772439091,0.03541012625,0.5606189999999991,4,171.890929976,36.060982228,171.92041730292334,36.08234757122615,3.260832827818942,0.5889618238622059,31.33334748157202,3.552713678800501e-15,65.7534465679738,0.4765278341596985,152.5078826169351,-22.99745514156261,674439708716.8683,5.727446953471267,2.0572988784911677,X,False,0.3333333333333333,0.25,0.0,0.0,0.6666666666666666,0.5,13.203199494785984,524.7490163048503
9995,61110466638.798386,95307551747.82162,0.6411922824383656,0.026608205500000003,1.0889989999999976,4,216.834858851,1.025842952,216.8621019232864,1.0127042422922825,9.961423105766936,0.18215442314130495,-46.967839739440166,-7.607248164731573e-13,71.53651128079645,0.6565575941365154,347.82916559118496,-22.76781828392715,2730911276315.395,28.65367146919513,4.31282521827707,Q,True,1.0,0.75,0.0,0.0,0.0,0.25,13.189533208994996,520.7290368232069
10027,76301381273.53088,100111327269.99786,0.7621653148973629,0.04365360425,2.1395470000000003,4,174.379041427,31.362327965,174.49688356713014,31.344077625355897,9.8235088920164,0.6246801452243539,-92.79135554315319,-1.7763568394002505e-15,67.40226452259883,1.3766800893172044,569.7961218721354,-22.821208048157317,1939060231557.3618,19.369039292904013,7.498400293822903,M,True,1.0,1.0,0.0,0.0,0.0,0.0,13.175455051228296,512.3367731581337
10074,51707268947.86668,136724432577.63544,0.3781860196677433,0.04458238975,0.08924599999999927,4,166.256515005,24.813000906,166.28253744291604,24.85198576492801,8.15599950895683,0.3353127888368926,-106.66137395291315,5.027089855502709e-13,108.48354575256421,0.9832032426022774,483.46368290072803,-23.159615324193975,4968258706283.191,36.33775333799315,3.9529707824175677,Q,True,0.3333333333333333,0.25,0.3333333333333333,0.25,0.3333333333333333,0.5,13.157691030260736,505.2476244769497
10120,61143458445.66936,102781401157.24469,0.5948883529241474,0.0447586535,1.2815849999999998,4,224.52660375,4.101014713,224.674240594331,4.166420072020015,10.162679056258664,0.9512742366131549,85.85872970644405,-4.991562718714704e-13,75.04348413112496,1.1441197153962348,604.8722294994421,-22.849786334664767,3179846105620.1577,30.937952487681393,7.1494770502463645,Q,True,0.6666666666666666,0.5,0.3333333333333333,0.25,0.0,0.25,13.138962062636203,498.0083497761413
10121,56327645750.14541,97111995080.54784,0.5800276855956408,0.03419688675,0.9674350000000018,4,220.598357453,0.907996398,220.61646110806413,0.9768497942581545,11.776664757942552,0.3627156177378563,-72.50023541997061,-1.0054179711005418e-12,81.27595085262658,0.8920256811443581,531.4475048205629,-22.78818219103035,6274424519089.667,64.61019067608956,5.799919063765778,Q,True,0.6666666666666666,0.5,0.0,0.0,0.3333333333333333,0.5,13.13913854055632,499.7653727814157
10163,63826231046.68421,93456466573.7016,0.682951468065076,0.029285962999999998,1.8664650000000016,4,133.406529632,39.135817294,133.42800831952027,39.16226907611497,8.819852297027676,0.21265227576941612,95.3293600157901,5.049849427507525e-13,143.6229158860349,0.6637475602530842,339.63131856603417,-22.746523392701036,10426096667815.17,111.56099786410121,2.097527248417079,Q,True,0.3333333333333333,0.25,0.0,0.0,0.6666666666666666,0.75,13.123437343247751,494.5510696806545
10218,56748815360.31582,98563015029.81665,0.5757617636103008,0.041195907250000004,1.0988900000000008,4,239.183983286,46.344610795,239.1704845232154,46.30873020768099,7.036452071001107,0.31611086323467413,-269.44723289182514,-1.0231815394945443e-12,324.08307191930703,0.831414091751492,384.4764281520854,-22.80428495008823,32624064308397.953,330.9970205206155,1.0522937521889835,Q,True,0.0,0.0,0.0,0.0,1.0,1.0,13.103523328965744,485.2007787440171
10236,51347960683.76516,112335629751.57274,0.4570941632438418,0.031116546749999998,0.0019470000000012533,4,250.094534086,33.679750968,250.25584696241762,33.71344043322749,12.129328950153537,0.684492887423309,-60.86749003495675,5.115907697472721e-13,146.9511747948662,0.4142021329188019,496.93502565964326,-22.946293810740666,17355386931504.332,154.49583511380413,2.9995089755179176,Q,True,0.3333333333333333,0.25,0.0,0.0,0.6666666666666666,0.75,13.096793992373623,484.2586818567992
10247,57332806307.556206,101458342798.1108,0.5650871552440119,0.039287455250000006,0.916134999999997,4,162.900580454,-1.087878301,162.9116569041852,-1.0139811198291404,9.02074187100626,0.4970040359631996,65.73814311931699,-1.5063505998114124e-12,169.34307349855612,0.38819505139003513,469.41567774847806,-22.835719410883048,18777765903362.184,185.0785789072817,2.458746599791991,Q,True,1.0,0.75,0.0,0.0,0.0,0.25,13.09271003298647,481.48526844817
10324,64116292279.07316,122819316647.53642,0.5220375265812004,0.0358081405,0.7402920000000002,4,251.681236818,26.946603922,251.53700287887696,26.976335299109873,17.53904035531917,0.45139496052541733,19.03354564263923,-5.027089855502709e-13,56.33940534668108,0.3378371767596405,829.7551627006711,-23.04316669172159,5614808701463.115,45.71600668953681,13.063553383047061,X,False,0.3333333333333333,0.25,0.0,0.0,0.6666666666666666,0.5,13.070095185253944,473.7271915570514
10423,54123465937.80716,87761640465.1599,0.616709825054984,0.044166187,1.1451659999999997,4,186.735739179,57.770167542,186.6600785536765,57.71230077184046,5.779918171830924,0.7325161731520669,-56.72209896501823,-9.960920976936904e-13,72.17155236081163,0.7859343066564926,339.31632345076173,-22.6782618314915,2147637189056.421,24.471251650189945,4.170252253909548,Q,True,0.0,0.0,0.6666666666666666,0.5,0.3333333333333333,0.5,13.043328164855795,462.85136947339635
10427,60005187895.48483,85336243970.86234,0.7031618114803989,0.042884362999999995,1.764054999999999,4,156.809312339,18.082923129,156.78772130581922,18.064244818338416,5.6119421997625585,0.29671212196362445,-29.341523637418593,1.496580637194711e-12,29.38721170757026,0.9984453077547878,319.59790757018123,-22.647833809261524,460355492046.0187,5.394606917585978,9.646486602256461,Q,True,1.0,0.75,0.0,0.0,0.0,0.25,13.042363955541411,462.6998258977227
10458,52580704417.341896,87238748600.25453,0.6027219012308079,0.044087623000000006,1.2639780000000016,4,185.253089397,60.918862421,185.30123017017243,60.977416732603636,7.962234208606005,0.47510585095268026,72.01593499875925,-1.9984014443252818e-12,100.03644600909857,0.7198969762701408,466.57365083844235,-22.67177356799161,3951802335115.571,45.298704973675434,4.137000511354207,Q,True,0.3333333333333333,0.25,0.0,0.0,0.6666666666666666,0.75,13.029522200546282,457.9842613223915
10485,54604696803.97759,81494258541.69293,0.6700434825852365,0.03438709225,1.4280100000000004,4,246.751175967,9.050990826,246.6286748593893,8.885050306476872,14.657109643117124,0.8407105430498184,-23.738865256050083,0.0,58.79709291418993,0.40374215933932694,665.2052241561747,-22.597817531926797,3870393313081.084,47.49283424796077,10.035139572081277,Q,False,0.6666666666666666,0.5,0.0,0.0,0.0,0.25,13.01686243702617,454.9682678155273
10497,45313624346.32912,105015053134.67938,0.43149646639911177,0.04531500875,0.02970099999999931,4,198.712612151,38.03775253,198.6665849927931,38.051488728172046,9.945375419520552,0.23385675726981414,-55.45256301295959,-4.973799150320701e-13,56.18458312892417,0.986971156940235,599.5363241418547,-22.873128891121354,3045319865687.4624,28.998888966726607,9.465029193036,G,True,0.0,0.0,0.3333333333333333,0.5,0.6666666666666666,0.5,13.010772279398562,451.26205010041417
10506,52127056263.89242,109140568327.40173,0.4776139346051487,0.043780124000000004,0.9668330000000012,4,238.333836194,54.708132104,238.26565892206594,54.638711652044364,11.025119476016831,0.4344615624561098,37.6548565401828,-9.983125437429408e-13,68.94454212827571,0.5461615289303763,641.4054380061069,-22.9149655273839,4623122519089.095,42.35934071023502,8.251945780608603,Q,True,0.6666666666666666,0.5,0.3333333333333333,0.25,0.0,0.25,13.00882566656072,450.81121436155337
10574,45314626006.7686,99793122684.32845,0.4540856602925487,0.0450703465,0.19104799999999855,4,127.136810682,8.733790593,127.11788089754643,8.653789794594621,8.260997365721394,0.5967323401709806,0.757749734704872,9.947598300641403e-13,50.196433086642905,0.015095688839004614,495.2211751591694,-22.817751531495926,1520468336279.2935,15.236203611835352,8.750844539252114,Q,True,0.3333333333333333,0.25,0.3333333333333333,0.25,0.3333333333333333,0.5,12.98315193421966,441.8311037787158
10581,56504157005.64678,70792127608.79214,0.7981700637378379,0.0335720205,2.370723999999999,4,167.861845843,22.970784009,167.8923554693423,23.012301146784047,11.109702367317528,0.27070832487252444,-71.34606829299497,0.0,109.84496424020966,0.6495160591702223,491.96356852443495,-22.4449624123687,9525704221096.863,134.55880678904475,3.972614387009253,Q,True,1.0,0.75,0.0,0.0,0.0,0.25,12.980395757948555,442.52564398887927
10610,45638020594.667,109131555933.8759,0.418192705163295,0.037260856,0.01917100000000005,4,158.393452892,7.806524974,158.47664389130998,7.835009812135732,10.647958269429271,0.4913663789470504,-40.67250163308248,-4.973799150320701e-13,132.27700475100383,0.3074797596879614,524.7363020149812,-22.914875867909682,6732228588700.46,61.689110276954146,3.5186849049343643,M,True,0.0,0.25,0.6666666666666666,0.5,0.3333333333333333,0.25,12.97047365997906,438.65130185758665
10657,47032579688.07817,80958618442.80359,0.5809459275951725,0.04038821225,0.9681520000000035,4,170.326098576,3.664743894,170.303459273621,3.651699316693631,11.19758517216949,0.13979023013506098,50.83584192616526,0.0,47.322184026330525,1.0742496985743453,599.4969642951925,-22.590657720830887,2486902376849.362,30.71819189461999,11.23688219956126,Q,True,1.0,0.75,0.0,0.0,0.0,0.25,12.957595610461071,433.9018779965606
10673,43577589146.880745,91218337261.50525,0.4777283872424934,0.04136555225,0.5463159999999974,4,217.71086105,14.503192261,217.8008025783086,14.504847241005583,9.429815040465876,0.5541412433160011,-25.185313924701212,0.0,177.03299323862535,0.1422633909304892,517.4366787652091,-22.72020537901645,28374705416557.047,311.06361142291246,2.5925468787961634,M,True,1.0,1.0,0.0,0.0,0.0,0.0,12.95461918329259,432.7759417124659
10693,47269999749.34353,81748167161.25626,0.5782392607787625,0.04301515075,0.8993280000000006,4,234.477661709,16.311783617,234.49043981930637,16.341925023508164,5.117824163617402,0.381495547453333,88.90779561778368,-5.018208071305708e-13,71.68965271473282,1.2401761237645512,292.3745541853007,-22.601195060802496,2204734400709.952,26.96983280812765,3.6174848076655,M,True,0.3333333333333333,0.5,0.0,0.0,0.6666666666666666,0.5,12.943738095668214,428.94911551339646
10757,45189714754.915886,97760026938.65686,0.4622514556309589,0.04324685875,0.6272689999999983,4,139.464982525,33.974332746,139.44896709340046,33.9900422273878,3.728949923033231,0.33098807771893096,114.09138151696636,4.897193761621565e-13,116.17110973768027,0.9820977158141081,214.21332339778968,-22.79540328143064,5405489386263.922,55.29345229881939,1.6355806386190552,Q,True,0.0,0.0,0.3333333333333333,0.25,0.6666666666666666,0.75,12.923024875928087,422.15213669168793
10767,44657334766.54213,74566218606.88045,0.5988949902633451,0.035505222,1.112243999999997,4,168.570745774,28.558273624,168.50486138176402,28.527375508799206,9.446202509781633,0.4167266606633673,-36.24502937986611,-5.080380560684716e-13,89.00814537353263,0.40721025281179923,443.01241568332966,-22.5013552993987,6424856972652.842,86.16310566216644,4.414787108101695,Q,True,0.0,0.0,0.3333333333333333,0.25,0.6666666666666666,0.75,12.920199675521342,422.28452770989594
10806,45858389639.254166,71075156382.963,0.6452098310155334,0.0444994965,1.5120460000000016,4,166.134108065,17.127914627,166.09893776411218,17.093692223604428,6.047751278020501,0.4759046247999539,23.899741811866193,4.956035581926699e-13,98.46851953911725,0.24271454393473813,357.80501368455884,-22.44929455979762,5187510506385.414,72.9862693292488,3.2230914877533543,G,True,1.0,0.75,0.0,0.25,0.0,0.0,12.902293232131855,415.3204154010295
10811,42968678779.03228,90334591400.76793,0.475661406253585,0.04064525075,0.6148600000000002,4,219.972957917,21.553257642,219.97096016748026,21.56277464109111,2.6566641183822757,0.21899654735933427,-52.585202626424234,1.7763568394002505e-15,70.17724844656149,0.7493198121962101,143.16448108938886,-22.70963521127081,1166006255243.7302,12.907638559749085,1.8095165817591976,Q,True,0.3333333333333333,0.25,0.0,0.0,0.6666666666666666,0.75,12.89939409726869,414.91123717033577
10818,42459023327.9027,95922460386.17969,0.4426390144390011,0.040184649,0.07434200000000146,4,190.662310252,48.535993613,190.68732035182603,48.57561539906725,3.859670713819198,0.667531707724943,-47.02879857069536,-4.973799150320701e-13,104.38035055154087,0.45055221909293175,205.5674613058719,-22.774800774435626,4185543489966.6997,43.634655252960385,1.74686458911894,Q,True,0.6666666666666666,0.5,0.0,0.0,0.3333333333333333,0.5,12.896444219846096,414.03409036758904
10843,47787553804.060005,89526210658.38832,0.5337828268685073,0.045448881249999996,0.7127610000000004,4,158.387322947,36.706776575,158.4337969792435,36.71689960208988,3.831902765522279,0.6045060975227554,-86.64992025358853,9.983125437429408e-13,123.02683962934097,0.7043172084615931,231.70304164872334,-22.69987550666454,4967272410399.583,55.484001544012244,1.6705346456238033,Q,True,0.0,0.0,0.3333333333333333,0.25,0.6666666666666666,0.75,12.88944820880146,411.12009799801046
10883,41528514843.06852,86608357637.9678,0.4794977756842146,0.0344562115,0.5301739999999988,4,120.935409034,35.342862415,120.83843157228324,35.19587291693449,8.6899348868313,1.1527662981077937,-82.66695874135941,-4.938272013532696e-13,85.16952131664391,0.9706166884984483,395.2008245314827,-22.663899507783412,2395346933494.585,27.657226147935877,4.115828361370885,Q,True,0.3333333333333333,0.25,0.3333333333333333,0.25,0.3333333333333333,0.5,12.874839044292743,407.9720386950923
10900,42274531178.303345,76187887727.70143,0.5548720727026087,0.0252859295,1.1620100000000022,4,184.445511478,10.844657778,184.40624903367086,10.89618123650332,14.131896254611885,0.27322684818620774,50.84889631984946,5.058176100192213e-13,107.12334240693018,0.47467615533026314,468.47186141303615,-22.524714832839212,6473507410595.802,84.96767141953558,3.879028900114684,M,True,0.6666666666666666,0.75,0.0,0.0,0.3333333333333333,0.25,12.869071104408189,407.354757198366
10908,42503784404.59322,64021300148.78572,0.6639006753348383,0.04265597725,1.375122000000001,4,223.702658703,63.019976295,223.85810265200183,63.0872217173273,4.405004713744113,1.326465718222045,25.254922212949847,4.956035581926699e-13,62.59342332549129,0.4034756508143283,249.48615732640152,-22.335811223946628,1088481292431.7594,17.001861722616148,3.5354228893628137,G,True,0.6666666666666666,0.5,0.3333333333333333,0.5,0.0,0.0,12.86582170210855,404.0953206072907
10913,40578575764.07562,80776349669.96986,0.5023571370811953,0.03229960825,0.3064099999999996,4,244.530697995,21.066452965,244.58614427565317,20.990340862981224,11.916771745934739,0.46341781978906554,-115.96488092007593,3.552713678800501e-15,85.83864398029142,1.350963570052452,507.22920035924767,-22.58821055814554,3330789611392.61,41.23471319267716,5.241372415225393,G,True,0.6666666666666666,0.5,0.0,0.25,0.3333333333333333,0.25,12.863040850053109,404.5723527300531
10914,48487433837.36746,101150064723.39659,0.47936137233288434,0.036533497,0.654122000000001,4,197.676450176,44.024383056,197.74669388952182,44.07688564158551,7.4094932204666435,0.5898205066297424,113.29706270944637,5.022648963404208e-13,79.15260623753154,1.4313750120804507,357.82584892691403,-22.832415412502726,1191297440715.1636,11.777525244030908,4.009868317484108,G,True,0.6666666666666666,0.5,0.3333333333333333,0.5,0.0,0.0,12.862969638277926,404.00410809464114
10929,41686132057.95952,96066626949.72734,0.43392938194628505,0.043986918,0.28583599999999976,4,223.045942503,20.076657725,223.00578559917443,20.019200354150943,8.924087250210537,0.462127498579486,84.45523554695826,7.105427357601002e-15,106.51913169001489,0.7928644761462611,521.7042892211866,-22.77643135551866,3110460762227.983,32.37816150093121,4.344306015241118,Q,True,0.0,0.0,0.6666666666666666,0.5,0.3333333333333333,0.5,12.857908478981292,401.4764397622667
10955,48812966303.93054,68428776627.406746,0.7133397484177764,0.02834841725,1.5880520000000011,4,215.694536173,37.995250695,215.72459391506746,37.97382288791239,6.605659855622059,0.29014927285128744,-84.25315079892981,0.0,163.4300847032539,0.5155302400528727,246.05486207541273,-22.408096939326015,5167808553774.948,75.52098413089507,1.3354374933916051,Q,True,0.6666666666666666,0.5,0.0,0.0,0.3333333333333333,0.5,12.846337645940894,399.920604403724
10964,41318866593.67882,105586308751.6963,0.39132788220532433,0.04567417025,0.06227799999999917,4,146.467411118,54.908831905,146.35046469157592,54.84929333106412,8.555131782189823,0.6300849702578665,-311.10414157731327,-5.684341886080802e-14,514.9271205533958,0.6041712101762429,519.9502163193043,-22.879019018527643,241301473932734.4,2285.3481363781243,0.8956526534853564,Q,True,0.0,0.0,0.0,0.0,1.0,1.0,12.842098318266258,396.4184483989038
10990,41075343122.764694,76128673083.89705,0.5395515442321963,0.03560249075,0.9817670000000014,4,180.613115199,8.930064707,180.6076749022599,8.980385318401462,5.16572015927497,0.5877990245667344,54.05724695795356,0.0,113.32610024690267,0.47700615162949633,242.94529189549866,-22.523870650361264,6071382890355.641,79.75159219791888,1.901525539498982,Q,True,0.3333333333333333,0.25,0.3333333333333333,0.25,0.3333333333333333,0.5,12.827469590076335,393.26169575899786
10996,49218502962.453804,75352720553.75392,0.6531748635053342,0.036779541,1.5338829999999994,4,174.533366492,11.196374987,174.50535949254603,11.23038452645636,4.496390996096747,0.5833920317253769,30.03246403065061,5.018208071305708e-13,32.42121263589201,0.9263214293657409,218.64530610362485,-22.512747342029872,359150986723.61237,4.766264364236285,5.981836296253,M,True,0.6666666666666666,0.75,0.0,0.0,0.3333333333333333,0.25,12.825476882107706,392.5129840867809
11010,40250047757.182594,77687930788.0159,0.5180991094615632,0.0349343375,0.8875910000000005,4,202.96132845,44.152209581,202.97570678152348,44.12115100207128,4.090451879563154,0.4800634514844804,33.75486191131849,-5.009326287108706e-13,163.05321918207693,0.20701745160655732,188.6727856323459,-22.545883885506196,7476129255630.096,96.23282767087625,1.0263689468713446,Q,True,1.0,0.75,0.0,0.0,0.0,0.25,12.818605413553312,390.6785651024138
11021,40671220002.266525,73948147872.22676,0.549996466071623,0.04056203875,0.9363759999999992,4,208.296626641,35.579238184,208.3486289285771,35.55180403605988,8.53332131181229,0.35450612905512996,-43.5405657374139,-4.973799150320701e-13,57.462697556148775,0.7577187913057584,458.8814823011243,-22.492318252494048,2534258028499.135,34.27074377681532,7.083340882202342,G,True,0.3333333333333333,0.25,0.3333333333333333,0.5,0.3333333333333333,0.25,12.815549973795129,389.06194694451654
11071,43930080591.82902,62910472800.77414,0.6982951905471682,0.039518793,1.7774160000000023,4,181.000920836,65.097122752,180.9718957366935,65.13994954812703,6.108826946808023,0.43740555126819947,75.88462144922903,-9.965361869035405e-13,96.04744949154143,0.7900743002646096,319.8127746684227,-22.31680737279385,3474692460271.0,55.23233740866501,2.953476980727876,Q,True,0.3333333333333333,0.25,0.3333333333333333,0.25,0.3333333333333333,0.5,12.800771260828716,384.8024854394339
11076,40975211129.434456,60851985339.70551,0.6733586570872061,0.044666480499999994,1.3107250000000015,4,234.904229077,11.156997481,234.92575020777775,11.194003732673744,4.725551067685974,0.5409583684316681,65.96779247772997,1.5027978861326119e-12,106.26045340216417,0.6208122623762955,280.66212203835147,-22.280686879916168,5396700119831.85,88.68568691234695,2.34280293634572,Q,True,0.6666666666666666,0.5,0.3333333333333333,0.25,0.0,0.25,12.799691537736042,383.8480589285003
11078,41888460567.02481,81406311536.36987,0.5145603550445879,0.033479362750000005,0.528772,4,208.117291532,1.945024189,208.15585344201443,2.0035693884722967,13.27622052522525,0.3167679022173391,-11.227792590225535,-1.5090151350705128e-12,13.703637323704227,0.8193293740197325,586.2397160294034,-22.59664519401526,105882235941.82251,1.3006637193544575,37.94573775085294,M,False,0.6666666666666666,0.75,0.0,0.0,0.0,0.0,12.798898735853786,384.99249514060705
11108,46773988011.1046,81805475578.51825,0.5717708708411596,0.03959726225,0.8057510000000008,4,218.618241851,23.303601654,218.6341207970006,23.319363542317447,4.730572960017342,0.27235254760788774,-3.1064330611074693,-1.7763568394002505e-15,56.080007719018646,0.055392878629258284,248.16351534266133,-22.60195593442124,1252091301618.126,15.305715085249373,3.925124960963407,Q,True,0.6666666666666666,0.5,0.0,0.0,0.3333333333333333,0.5,12.78597046696382,380.446280809959
11129,45254357149.20953,65338676356.29817,0.6926120893914826,0.0384362305,1.3748979999999982,4,184.974455003,41.845814633,184.9540707955523,41.89065866078533,6.46994928017472,0.4390471559750113,31.841588619225274,-5.009326287108706e-13,60.96612486980248,0.5222832956371389,329.1809756436297,-22.357925830514663,1816736060877.5586,27.804910692875378,4.789274798413894,Q,True,0.3333333333333333,0.25,0.0,0.0,0.6666666666666666,0.75,12.778095456365955,378.29442498061127
11153,49546524980.7794,67645524442.291626,0.7324435044190917,0.0341666755,1.9517880000000005,4,146.644760695,30.653085365,146.64820703764124,30.61277739646212,10.388635815586206,0.2334295035978847,-28.39177081252629,5.009326287108706e-13,96.07832369023582,0.29550651720427723,468.38517882120567,-22.395597670319525,6622844693990.114,97.90514226318196,4.324155935046058,M,True,1.0,1.0,0.0,0.0,0.0,0.0,12.765344564180609,375.12184444954664
11175,40355134582.56312,72085311810.50452,0.559824651777152,0.0405418535,0.6793559999999985,4,179.274744468,1.125520071,179.24522971993903,1.1221668693530262,2.32728234807419,0.7656735713888382,58.202487012391174,-5.009326287108706e-13,65.28324227714526,0.8915379350386146,125.08608079551125,-22.464616953424816,986929522386.5958,13.691132043390525,1.6995380406291642,G,True,1.0,0.75,0.0,0.25,0.0,0.0,12.7573432772817,372.0654448393095
11198,39445148918.04865,65697860587.20433,0.6004023352585579,0.033684251,0.8364520000000013,4,121.664743249,55.147084358,121.49514391493551,55.22002991935028,12.411735399158653,0.5860597165719076,-130.67200198555136,5.027089855502709e-13,151.59734445309238,0.8619676186081526,551.5032793047241,-22.363878068104178,10853847212391.451,165.20853366274466,3.2268600120146207,Q,True,0.6666666666666666,0.5,0.0,0.0,0.3333333333333333,0.5,12.748583023899425,370.3838074309474
11252,40051648862.55507,62612334578.269455,0.639676656881208,0.03231095175,0.9480819999999994,4,129.174854651,53.727225496,129.13355180784433,53.738311252338505,5.466497213657264,0.29448598535488196,-115.09862324619975,1.0107470416187425e-12,108.84651546602869,1.05743966863251,232.76134822535846,-22.31164974323366,3357449508615.4873,53.622813000503264,1.8967930667503041,Q,True,0.3333333333333333,0.25,0.3333333333333333,0.25,0.3333333333333333,0.5,12.728865646266168,364.9804182464662
11265,46169035291.337036,76559247807.21422,0.6030497505356434,0.02987645625,1.3136930000000007,4,159.400802856,5.603688233,159.3318851202722,5.556317759706038,11.636131475570112,0.4298279887030612,-25.27415318948479,2.504663143554353e-13,136.97217957483866,0.1845203403197347,457.31277862399514,-22.529994144642025,8945841585862.271,116.8486086539019,2.9614512662248513,Q,True,0.3333333333333333,0.25,0.0,0.0,0.6666666666666666,0.75,12.725946072986856,364.44552317671713
11278,45530665685.59735,58820701114.244446,0.7740585342083132,0.038665186750000004,2.344539000000001,4,157.317751637,23.728960487,157.2767040259094,23.765391185673455,6.8692755037170565,0.4571150191560811,147.02972121711224,-5.044853423896711e-13,180.11019250190083,0.8163320419279494,351.6384261267412,-22.243825491954013,6667456042378.916,113.35220281426187,1.7317358870244264,X,False,1.0,0.75,0.0,0.0,0.0,0.0,12.721851759174893,362.2848626741174
11305,39570687887.09607,54332385675.56807,0.728307571903474,0.04195423475,2.2254520000000007,4,186.24003011,29.829339971,186.2511535256028,29.842922794051514,3.648046372443133,0.274030020512258,136.38429806956054,7.105427357601002e-15,166.37466684977335,0.8197419754577638,203.11229029041104,-22.157646937118987,6279188767865.542,115.5699071518801,1.0828607798221417,Q,True,0.6666666666666666,0.5,0.3333333333333333,0.25,0.0,0.25,12.71192833782306,359.15673586695635
11370,41274212899.04666,55830923449.999275,0.7392715425173072,0.043273678999999995,2.131565000000002,4,218.094603014,56.852313869,218.0965141806068,56.87276776597048,4.970407119450287,0.2472299816050316,8.608079598497545,9.965361869035405e-13,73.85686152772912,0.1165508447074304,285.7126988406652,-22.187187027978315,2160355962090.5242,38.69461274494739,3.4313286352754417,M,True,0.3333333333333333,0.5,0.0,0.0,0.6666666666666666,0.5,12.689211916461364,352.7991989334784
11562,41339041241.11639,58128922031.66213,0.7111613254861238,0.032455656,1.9438209999999998,4,240.991597983,16.00057498,240.95858913631974,16.03684532415724,6.476654535107141,0.44642215752647424,-45.44787533348976,3.552713678800501e-15,93.09191829270367,0.48820430566905465,277.0378857779043,-22.230980673207178,4547485932741.267,78.2310384194688,2.639677097558114,Q,True,0.3333333333333333,0.25,0.3333333333333333,0.25,0.3333333333333333,0.5,12.58873658038199,327.74785973281416
