objid,specObjID,dr7objid,petroR50_r,petroR50Err_r,petroR90_r,petroR90Err_r,petroRad_r,psfWidth_r
1237648722291327203,562961531747198976,588848900973265097,4.271613,0.1241569,9.562626,0.7624395,9.417641,1.292875
1237648722291392551,301889911378700288,588848900973330470,5.038122,0.08402049,13.27656,0.5216362,11.93886,1.28953
1237648722291392795,301890461134514176,588848900973330508,2.614365,0.03028954,6.627561,0.1995343,5.8785,1.28953
1237650371015802971,367219056459147264,587724649790898268,1.664407,0.08513641,5.268802,0.6290599,3.808181,1.274006
1237650371015802996,368290254303553536,587724649790898308,2.994891,0.03759456,9.139031,0.2919724,6.659847,1.274006
1237650371015803032,368285856257042432,587724649790898229,2.365039,0.05258933,7.349938,0.3332757,5.932505,1.274006
1237650371015803063,367217682069612544,587724649790898256,3.14537,0.02219218,9.504684,0.1427284,7.860795,1.274006
1237651067886698646,671136439798360064,587729156279566429,3.749428,0.07924696,9.40455,0.3982136,9.029991,1.31906
1237651067886764056,671136714676267008,587729156279631878,6.586781,0.1761187,20.63406,1.28064,15.64166,1.268571
1237651067886764057,7999520050708238336,,8.298195,0.6984045,20.46305,5.699667,17.42975,1.268571
1237651191352590533,492071342200350720,587725470127685799,9.419964,0.6632469,19.52148,4.260574,19.31862,1.132795
1237651191352590673,492070517566629888,587725470127685921,2.368083,0.0264024,5.130915,0.1698865,4.988709,1.132795
1237651714799829366,708227909453637632,587725993574924673,5.636021,0.09147909,11.44163,0.2870157,13.31522,1.412735
1237651714799829110,708232032622241792,587725993574924431,7.322852,0.02340413,20.1835,0.1551901,17.24604,1.412735
1237651714799763831,708231207988520960,587725993574859084,2.849453,0.0223324,6.952301,0.1616099,6.113677,1.397817
1237651735776461019,606947219924346880,587726014551556317,2.381646,0.1102433,6.887713,0.8498165,5.283723,1.190015
1237651753989439617,527009974044354560,587726032764535084,1.530982,0.01229041,4.15504,0.09267039,3.414408,1.388307
1237651753989439778,525955267330861056,587726032764534897,3.179469,0.2765332,10.69472,1.772239,7.213902,1.388307
1237651753989439984,525945096848304128,587726032764535245,3.902887,0.1056617,8.937462,0.5104737,18.0145,1.388307
1237651753989439991,527014097212958720,587726032764535253,3.809861,0.1268522,8.278379,0.6200671,9.529191,1.388307
1237651714799763713,708233132133869568,587725993574858982,2.828096,0.09298046,7.720115,0.6420588,6.268174,1.397817
1237651755078189138,573185621871323136,587726033853284489,5.524954,0.09669029,17.84659,0.6268118,13.36769,1.486153
1237651271360315513,551694560128952320,587725550135410783,3.986266,0.05041206,8.986065,0.2888558,8.846455,1.620115
1237651755078189139,573176550900393984,587726033853284403,3.863496,0.01895712,12.1738,0.1283416,9.317035,1.486153
1237651755078189251,573175451388766208,587726033853284486,3.859501,0.02566306,9.091312,0.1870708,8.142637,1.486153
1237651755078254741,573184522359695360,587726033853350030,4.469048,0.1089337,9.180398,0.4304803,10.31164,1.501461
1237651801771016391,301891560646141952,587728949584461915,4.025286,0.02843862,13.38227,0.1817904,9.360256,1.140705
1237654390566551605,4281911237670096896,,4.424409,0.1622512,14.99621,1.104349,10.36428,1.407991
1237653587944538240,613676509068027904,587727866719633493,1.953201,0.0460429,5.543764,0.4047574,4.108559,1.412677
1237654601032335439,651927971124242432,587728879807430742,2.575298,0.03009151,6.19922,0.2119494,5.603461,1.669857
1237654601032335447,651925222345172992,587728879807430754,2.195781,0.0515408,5.637451,0.429641,4.698503,1.669857
1237653587944538167,612646266656024576,587727866719633470,3.048378,0.05249927,7.513643,0.3682764,6.66082,1.412677
1237653587944472893,613684480527329280,587727866719568186,3.708823,0.02283355,8.071334,0.1346502,7.877276,1.44013
1237654653099114818,853580876133459968,587728931874210106,5.108042,0.142998,14.94799,1.077583,11.85201,1.344062
1237654605327106136,5375270275704442880,,4.267617,0.0652602,12.48125,0.4571406,9.732952,1.098594
1237654605327106135,651928795757963264,588010359078912094,4.82129,0.5464309,15.08968,3.756659,11.97857,1.098594
1237654602101686404,5405657203582717952,,7.338174,0.07986563,24.2912,0.4320445,20.788,1.358857
1237654653099180063,4280926075503267840,,4.943368,0.2810129,17.86851,1.586895,13.55344,1.396281
1237654653099180064,854626236830345216,587728931874275353,1.180357,0.01511326,2.240141,0.05797408,2.389534,1.396281
1237654880206717282,666614692440991744,587729158981812484,3.180772,0.03627064,7.212583,0.29772,6.442964,1.454311
1237654880206782752,666615242196805632,587729158981877994,3.539308,0.03476965,7.460171,0.1726256,7.806278,1.439868
1237654880206782779,666613592929363968,587729158981877839,6.659843,0.01798878,15.16845,0.09907913,14.38242,1.439868
1237654880206848142,666614142685177856,587729158981943446,4.468559,0.0703153,10.36978,0.3450646,10.00665,1.372759
1237654602101686300,646371864276396032,587728880876781605,4.875856,0.1490068,14.26501,1.210516,10.14656,1.358857
1237654602101686394,646372688910116864,587728880876781673,6.154949,0.04233342,12.74303,0.2043894,13.97263,1.358857
1237654602101686405,646372963788023808,587728880876781695,8.98125,2.944568,22.81848,-1000.0,21.11621,1.358857
1237654604257100053,941252911738939392,588010358008906032,5.9439,0.1108772,12.63739,0.5154996,13.92079,1.154999
1237654604257165468,941256485151729664,588010358008971398,1.846462,0.09511187,5.799998,0.6835715,4.34585,1.16891
1237654604257165484,942460729724790784,588010358008971411,2.903529,0.02165009,6.399078,0.1178132,6.337471,1.16891
1237655107843260447,7695727181608275968,,4.011314,0.04626625,11.8656,0.3158359,9.371408,1.507485
1237655107843260449,1077514563504596992,587729386618355753,8.789821,7.296744,24.52334,-1000.0,19.9747,1.507485
1237655107843260596,1077514838382503936,587729386618355898,3.82872,0.04071244,7.671873,0.1453341,8.824111,1.507485
1237655108895637827,854627336341972992,587728906639442202,1.901744,0.03609701,5.442686,0.2716253,4.188338,1.309549
1237655123929989200,5368396683544907776,,8.108498,0.02998006,19.51793,0.218303,16.83245,2.181942
1237655125550891069,956025126392981504,588010879302697044,2.937554,0.01945466,9.700276,0.136368,7.03057,1.28793
1237655125550891168,956020178590656512,588010879302696997,4.283659,0.09531713,14.97364,0.5825482,10.7844,1.28793
1237655125550891208,956018529323214848,588010879302697121,7.549753,0.05705983,19.28586,0.4022679,16.68103,1.28793
1237655125550891237,956024576637167616,588010879302697148,4.673074,0.03780825,9.420102,0.2522317,9.315544,1.28793
1237655369294545031,887212464352028672,588011123046350990,3.55915,0.03785495,8.553812,0.2485712,7.715258,1.994881
1237655464312045618,888435671105038336,588011218063851580,5.196828,0.02059554,10.96206,0.1487984,10.2559,1.172499
1237655464312045754,887214388497377280,588011218063851701,3.303535,0.03904718,9.152959,0.2458615,7.983198,1.172499
1237655464312045814,888436770616666112,,2.143665,0.02314747,4.761322,0.1614132,4.460305,1.172499
1237655107843194983,1077528582277851136,587729386618290286,1.886265,0.01217961,4.682271,0.1027302,3.950091,1.548378
1237654953743351915,710458269260343296,587729232518447215,3.429008,0.04529228,12.0134,0.2805002,8.346163,1.28983
1237655494368755717,1024596992652765184,587729773143851011,6.669532,0.431767,24.01693,2.515615,16.29443,1.538608
1237655494368755879,1024599191676020736,587729773143851046,8.517777,0.306179,25.05745,1.890714,20.97334,1.538608
1237655499737726994,1024708318205077504,587729778512822288,75.77698,19.33947,225.0436,-1000.0,258.3804,1.550417
1237655499737727088,1024717389176006656,587729778512822322,18.48783,0.1916339,39.90168,1.191787,37.75362,1.550417
1237655499737661514,1024703370402752512,587729778512756836,10.0018,0.06279289,26.72672,0.4069848,23.0969,1.582616
1237655494368755940,1024590670460905472,587729773143851173,5.310293,0.08641764,11.56262,0.4468609,12.08319,1.538608
1237655494368690455,1025749831416571904,587729773143785691,3.998831,0.043292,8.765772,0.2784702,8.445464,1.488832
1237655499737661519,1025804257242146816,587729778512756840,21.66434,22.04009,63.32064,-1000.0,50.09359,1.582616
1237657627910406192,982914511826610176,588013381662212112,4.060415,0.1010661,13.05011,0.6829051,9.582717,1.414762
1237658206113890490,984092083142813696,588013381662146706,5.663064,0.02917293,11.82007,0.1599575,11.84022,1.181697
1237657855529255234,982913412314982400,587732134304350303,4.124105,0.04885886,8.179519,0.2372721,8.723481,1.690073
1237658206113824838,1082089360150521856,587732484888920137,3.409677,0.1239608,11.81792,0.7609363,8.172115,1.220435
1237658205583245523,1089973404871714816,587732484358340763,5.124771,0.08337761,11.35644,0.473803,11.91948,1.200468
1237658205583245501,1089974779261249536,587732484358340737,6.424658,0.1393149,18.25133,1.108287,14.1507,1.200468
1237658205583245319,1089972855115900928,587732484358340724,5.298513,0.2330222,16.20064,1.776126,12.32843,1.200468
1237658205583245318,1089973129993807872,587732484358340612,7.304822,0.2316335,21.93576,1.7195,16.49741,1.200468
1237658423017078995,1125946405551106048,587732701792174276,7.862014,0.336345,22.35951,2.603736,17.16079,1.377859
1237658423017079041,1125944206527850496,587732701792174316,5.166697,0.04964586,11.61261,0.2542383,11.49912,1.377859
1237658423017144333,1125940633115060224,587732701792239634,4.526025,0.04918753,15.52462,0.3081575,10.8656,1.448797
1237658297923862671,1125969770173196288,587732576698957969,4.1844,0.05445361,10.20261,0.3279503,9.49163,1.395949
1237658800966926419,1169860076404500480,587733079742021829,10.68462,0.0276761,22.77856,0.1827078,21.86919,1.354615
1237658800966926361,1169865573962639360,587733079742021656,6.315822,1.978656,14.00993,-1000.0,13.42643,1.354615
1237658800966926360,1169869697131243520,587733079742021655,3.667339,0.1152296,9.939178,0.9015635,8.021015,1.354615
1237658491739111525,1377022087092267008,587732770514206828,6.27402,0.04474998,13.27303,0.2573958,13.6549,1.662833
1237658491739111535,1377024560993429504,587732770514206833,5.346097,0.06473982,13.82541,0.5474384,11.3463,1.662833
1237658491739111564,1376999272225990656,587732770514206853,7.420193,0.0860257,23.08571,0.388963,20.99856,1.662833
1237658491739177044,1377002845638780928,587732770514272365,4.102282,0.04448338,11.42532,0.2646369,9.984712,1.639321
1237658493346644079,1373726574892836864,587732772121739379,1.54661,0.01555208,3.883135,0.119114,3.333466,1.268445
1237658916922065124,1169854853724268544,587733195697160381,4.002031,0.3495892,12.19197,2.65828,8.992618,1.451146
1237658298461126769,1125943931649943552,587732577236222094,5.213833,0.2203455,14.58597,1.36243,12.5862,1.344769
1237658297923928238,649788047105222656,588010360687952021,4.058937,0.099995,10.75406,0.8448068,8.777288,1.348793
1237658297923928175,1125967846027847680,587732576699023446,3.314012,0.0251365,9.423747,0.1711207,7.614932,1.348793
1237658297923928104,1125968395783661568,587732576699023548,10.23109,0.2618488,23.9385,1.584722,22.54465,1.348793
1237658492265627793,1390527662505617408,587732771040723104,2.155175,0.01507217,6.444817,0.09926336,5.225642,1.243177
1237659163345551519,1499708893054396416,587733442120646816,2.332091,0.04615973,7.807057,0.2927776,5.88103,1.12044
1237659161735790785,1500883171489638400,587733440510886088,6.353913,0.1092054,16.45608,0.9322605,13.38495,1.075437
1237659161735790742,1500882071978010624,587733440510886054,4.841282,0.159511,11.59496,0.4909919,13.94155,1.075437
1237659161735725316,1500880972466382848,587733440510820644,3.269369,0.3418055,7.56033,2.848235,7.090656,1.059211
1237659162274038053,1501961517216589824,587733441049133324,7.827824,0.02641866,15.66932,0.1402961,15.53983,1.033876
1237659162274038056,1503168781990520832,587733441049133329,10.53869,-1000.0,31.05396,-1000.0,18.41496,1.033876
1237659162274103334,1503169056868427776,587733441049198629,6.923451,0.1943825,13.49803,0.9568827,14.0631,1.005562
1237659162274103337,1501958218681706496,587733441049198633,5.705311,2.287619,12.96337,-1000.0,11.40789,1.005562
1237659163345551458,1499718513781139456,587733442120646975,6.844569,0.1433294,20.46169,0.9708744,16.43589,1.12044
1237659163345551699,1499718238903232512,587733442120646994,1.702441,0.01225381,3.875467,0.09413949,3.499458,1.12044
1237659163345551731,1500926052443121664,587733442120647031,4.315239,0.02102941,8.946402,0.1250159,8.98002,1.12044
1237660583905657083,1390533434941663232,587734862680752338,5.905863,0.02073434,12.86377,0.13714,12.07057,1.257451
1237660583905656946,1390532335430035456,587734862680752244,3.017834,0.02887687,8.06342,0.2543742,6.392795,1.257451
1237660583905656945,5486770929723002880,,6.121574,0.09251027,15.26277,0.4649729,14.35267,1.257451
1237661358620344386,1638353466193635328,588017112372150341,5.559627,0.04308027,13.4782,0.2639241,12.46872,2.287318
1237661070336131261,1987346434634049536,587735349111226443,3.619165,0.02193485,11.80159,0.1506604,8.442926,1.683462
1237661358620344377,1640532973570779136,588017112372150331,5.057715,0.1073395,11.96817,0.6833664,11.13026,2.287318
1237661362368807043,1640535997227755520,588017111835344974,4.319058,0.0736516,12.95265,0.5031314,10.28334,1.566902
1237661362368807045,1638355665216890880,588017111835344976,2.642976,0.04562286,6.619832,0.291203,5.884087,1.566902
1237661362368872505,1638357039606425600,588017111835410501,2.586905,0.02438176,6.39247,0.2236717,5.267334,1.80151
1237661362368872516,1640537646495197184,588017111835410513,4.211521,0.08270185,9.564446,0.3407638,10.29838,1.80151
1237661126155436264,1792544577165486080,588016892780282118,2.345114,0.03380151,6.135208,0.2649048,5.115376,1.823789
1237661383843971110,1792558321060833280,587735662619066410,1.234132,0.009273781,3.096669,0.0843825,2.521192,1.125638
1237661357544177686,1633800114134870016,588017111295983641,4.829155,0.09301554,10.65797,0.7250149,10.74185,1.366804
1237661357006782666,1631446609478838272,588017110758588561,4.144375,0.02751972,8.945567,0.1563361,8.960374,1.436609
1237661357006782622,1631458978984650752,588017110758588458,7.791815,0.0180747,16.50637,0.07646579,16.67073,1.436609
1237661357006782506,1631448258746279936,588017110758588467,3.084963,0.01897879,9.607189,0.1372765,7.101624,1.436609
1237661126155436169,1792547600822462464,588016892780282124,8.753411,0.5329476,23.91625,3.796737,19.75064,1.823789
1237661434307543068,1631459528740464640,588297864194949178,2.727933,0.01477068,7.772653,0.08856837,6.642787,1.156402
1237661434308133007,1633745963187202048,588298663036649546,2.064691,0.01586358,5.365978,0.129687,4.405148,1.10925
1237661435384299739,1640533523326593024,588298664112816326,4.182019,0.03835525,9.627604,0.2173468,9.404293,1.121819
1237661435384299599,1638354565705263104,588298664112816202,5.274713,0.04862645,17.21156,0.3193004,11.98991,1.121819
1237661386538876954,1500883446367545344,587735665313972253,4.926748,0.06597303,16.09613,0.4291457,12.06647,1.287917
1237661816564482152,1912949624272873472,588017570316288038,3.026881,0.2683901,9.500959,1.931624,6.728088,1.345921
1237661434308132898,1633743489286039552,588298663036649508,8.295236,0.0300524,23.41818,0.2405121,18.14656,1.10925
1237661434308132897,1633744588797667328,588298663036649507,9.542018,0.2706963,25.06992,1.445371,22.94316,1.10925
1237661949725114557,1912950448906594304,588017703476920473,5.331296,0.1899594,18.34855,1.172283,12.62656,1.212341
1237661949725114453,1912949074517059584,588017703476920422,1.355906,0.02931624,3.893595,0.2471927,2.836672,1.212341
1237661949197156389,6165626177270861824,,2.794767,0.07819905,7.755643,0.5673689,6.476408,1.30219
1237661949197091241,1928694092418541568,588017702948896996,7.425107,0.1210669,15.57726,0.4869007,16.83133,1.281277
1237661949197156388,1928692718029006848,588017702948962343,5.043308,0.02896504,14.38446,0.1914785,11.95875,1.30219
1237661949197156555,1928693817540634624,588017702948962472,1.738488,0.0413649,5.147014,0.3153896,3.854721,1.30219
1237661950272471459,1933308468781934592,588017704024277311,3.429645,0.07406627,7.383776,0.4576619,7.258869,1.095518
1237661949725114456,1913040333982164992,588017703476920602,8.321501,0.1578494,28.81268,0.945865,19.63127,1.212341
1237662225152606361,1852210403333924864,588017978904412302,11.02513,0.1400384,25.81505,0.8463774,23.78393,1.056237
1237662225152540817,1851001489829423104,587736941982646434,3.241642,0.02604361,8.239997,0.2093255,6.809505,1.145946
1237662264324587966,5500208058121605120,,4.439021,0.08599302,12.33893,0.6189954,10.33018,1.012726
1237662264324587729,2049241255145138176,587736543099683022,4.351161,0.1039821,14.8579,0.6022871,11.76641,1.012726
1237662238560944490,2049248676848625664,588017992312750398,4.483299,0.03350579,10.73794,0.184923,10.05421,1.209928
1237662264324587967,2049239605877696512,587736543099683314,0.9670387,0.01200019,1.841072,0.05684915,1.9781,1.012726
1237662637973635083,6137338767147814912,,1.990381,1.15815,6.423657,-1000.0,4.236125,1.306802
1237662635837030684,1941198838698108928,588017704565342554,2.082433,0.0166664,4.742302,0.1094879,4.428985,1.087662
1237662640658907334,1774525789098764288,587736919434002675,4.532684,0.1405554,15.1195,0.9154769,10.79275,1.125466
1237662635837030511,1942179609898412032,588017704565407778,3.72049,0.07833955,11.36177,0.5065747,9.017058,1.087662
1237662531138683146,1918658289147602944,587736809913778231,1.727481,0.02965798,5.231717,0.2220729,3.986842,1.443398
1237662619189903755,1774526338854578176,587736897964999053,5.340328,0.02713623,11.14598,0.108364,12.29162,1.182043
1237662335723634766,1592101410831362048,588018089475441064,4.53917,0.02821644,10.12768,0.1455381,10.47645,1.208421
1237662335723634926,1592100586197641216,588018089475440893,4.243493,0.02197425,11.63085,0.1414388,9.891086,1.208421
1237662335723635040,1592100311319734272,588018089475440999,1.926196,0.0176841,5.082316,0.1251568,4.330004,1.208421
1237662335723635101,1592106083755780096,588018089475441070,2.277404,0.02469653,7.272453,0.1766764,5.225802,1.208421
1237662635837030524,1942177960630970368,588017704565408119,3.792737,0.1661294,9.819636,1.079722,8.396755,1.087662
1237662635837030663,1942180434532132864,588017704565342536,1.630306,0.01201613,4.191925,0.0925212,3.547001,1.087662
1237662637973635082,1918658838903416832,587736916748730375,2.884264,0.0309632,9.643431,0.1988513,6.698862,1.306802
1237662637973700727,1918680829135972352,587736916748796028,3.000317,0.3061444,6.857893,1.978882,6.636017,1.288111
1237662640658972681,1773381747199731712,587736919434067973,3.6414,0.03410158,11.38503,0.1771546,9.753706,1.161606
1237662640658972976,1774523590075508736,587736919434068076,4.039847,0.6068529,8.233167,-1000.0,9.542304,1.161606
1237662663207616523,1851155146579404800,587736941982711814,5.329615,2.757422,16.57463,-1000.0,11.07144,1.150959
1237662663207551043,1852194185537415168,587736941982646347,4.410408,0.3452535,14.78282,2.209036,10.90388,1.187201
1237663915730403551,2106576099784812544,587737810645352629,1.803439,0.02858991,4.668864,0.2085541,4.009071,1.390396
1237663915730338013,2106577199296440320,587737810645287132,7.186811,0.2099157,20.2062,1.662782,15.51471,1.347425
1237664291001335947,1987340112442189824,587738569776431242,9.583847,0.4428372,26.82624,3.098536,21.99228,0.8989184
1237664291001335948,1988435500934916096,587738569776431237,1.981599,0.02364775,4.9869,0.1596014,4.47128,0.8989184
1237664291001335951,1988437974836078592,587738569776431245,16.26532,26.13608,57.32454,-1000.0,106.7319,0.8989184
1237663915730337977,2005338840075626496,587737810645287095,5.373908,0.07440262,14.7186,0.4473411,13.0809,1.347425
1237663915730338087,2006437527103236096,587737810645287207,4.032529,0.06835905,13.84547,0.3935743,9.316484,1.347425
1237664337181343827,2370149654282135552,587738615956439116,3.071042,0.0318465,7.30387,0.1945825,6.711195,1.629655
1237664337181278292,2370136460142602240,587738615956373532,2.422553,0.02123792,6.638966,0.1447112,5.60058,1.673623
1237664817676746832,2370147730136786944,587739096451842155,7.106644,0.1831726,14.78797,0.8748907,15.75961,1.516487
1237664817676746851,2370150478915856384,587739096451842125,6.434983,0.06035799,22.39551,0.3727787,17.15065,1.516487
1237664870286098459,1792545126921299968,588016892780281878,5.122624,0.3736505,15.92008,2.779788,11.37547,1.142007
1237665024370999330,2237301166771824640,587739303146094631,7.236751,0.1261291,23.29674,0.8362977,17.00896,1.425854
1237665127473020993,2237302816039266304,587739406248116328,3.859788,0.09239388,8.868971,0.5270534,8.555509,1.147849
1237665127473021026,2237316285056706560,587739406248116382,4.675587,0.04308713,9.340499,0.2898,9.336123,1.147849
1237665127473021061,2237314910667171840,587739406248116411,2.136368,0.0328751,6.500089,0.2381223,4.974127,1.147849
1237665025986920569,2278975126970066944,587739304762015819,5.076953,0.038379,16.71318,0.2176288,13.78326,1.540764
1237665025986986033,2283341567806695424,587739304762081386,8.331232,0.288081,27.84698,1.859392,19.54926,1.587848
1237665025986986209,2283339643661346816,587739304762081482,2.563392,0.02376406,6.523704,0.1372451,5.970798,1.587848
1237665025987051527,2283328098789255168,587739304762146825,4.573156,0.144586,15.92672,0.9342353,11.9576,1.710083
1237665103833202906,2482733053282117632,587739165700587689,9.343873,0.0300045,20.13522,0.1920242,19.36633,1.190001
1237665232668459243,2085222486978357248,587739165700653215,3.716813,0.02079124,8.443917,0.136841,7.706213,1.502414
1237665232668459260,2482756143026300928,587739165700653228,5.696299,0.3252313,13.05025,1.783951,14.17159,1.502414
1237665232668459274,2482757242537928704,587739165700653246,4.001181,0.1770547,11.38063,1.176786,9.071025,1.502414
1237665328771170404,2240557640419665920,587739607546265716,2.017794,0.02128664,4.933045,0.1854431,4.225324,1.59205
1237665532788408439,2408313159937976320,587739811563503741,2.784686,0.009034666,9.017932,0.06172622,6.662371,1.273082
1237665532788408550,2409583370410420224,587739811563503829,4.92603,0.03013632,10.74867,0.1769652,10.20138,1.273082
1237665532788408560,2408312060426348544,587739811563503837,5.575921,0.01919095,10.28197,0.09145695,11.05819,1.273082
1237665532788473981,2409585294555768832,587739811563569173,5.967529,0.0572859,17.33484,0.3493132,14.72462,1.244059
1237665566618419661,2841891288276559872,587739845393514881,2.063522,0.02123041,5.104354,0.1694388,4.363066,1.183782
1237667143395246648,2343054387309471744,587739376154837390,4.946687,0.053107,11.46238,0.3080966,11.25906,1.545095
1237665565540810796,3131283843152111616,587739844315906105,3.791959,0.6691648,10.84359,-1000.0,8.501899,1.214426
1237665565540810899,3131285217541646336,587739844315906238,4.400671,0.05834927,15.50067,0.2604199,14.75626,1.214426
1237665565540810973,3145788605092358144,587739844315906296,3.525498,0.03965292,8.410139,0.2411999,7.745562,1.214426
1237667109571657947,2343055211943192576,587739406755954881,3.380453,0.1494033,11.13161,1.001418,7.999732,1.283786
1237667109571657951,2343053562675750912,587739406755955105,3.511849,0.04913688,7.450706,0.2849001,7.331919,1.283786
1237667109571658349,2343054937065285632,587739406756020530,4.195885,0.07530345,10.09502,0.3918225,9.943017,1.283786
1237667209983688770,2654908327921739776,587741710488567873,4.948636,0.02365807,11.46662,0.1162616,10.949,1.212418
1237667209983688937,2654906128898484224,587741710488568036,7.083086,0.1064031,12.02269,0.2208136,15.19971,1.212418
1237665566618419588,2838402262500403200,587739845393514809,3.424312,0.03180389,8.528435,0.1913075,7.9438,1.183782
1237665566618419261,2841892387788187648,587739845393514576,4.727708,0.0187257,13.52127,0.08803518,12.65181,1.183782
1237665566618419260,2841891563154466816,587739845393514575,5.816258,0.09345873,17.12708,0.6202133,13.94974,1.183782
1237667253464531100,2635770502416721920,587741532239626418,4.162702,0.06363429,10.0399,0.3917799,9.214225,1.27111
1237667253464465518,2635774075829512192,587741532239560821,5.344491,1.100698,13.42417,-1000.0,11.11626,1.215942
1237667253464531138,2635772701439977472,587741532239626300,4.425106,0.01818471,13.61232,0.1167207,11.81991,1.27111
1237667293727817783,6496541519427948544,,5.129498,0.06926641,16.54558,0.4680729,12.24172,1.451809
1237667293727817750,2577341904257574912,588023047479623696,2.310157,0.02126268,6.780108,0.1486598,5.425093,1.451809
1237667293727817987,2577342454013388800,588023047479623900,2.442177,0.02501781,7.337714,0.1607491,6.050752,1.451809
1237667324330115100,2510839319367804928,587741603105210388,25.95299,0.1028385,55.69236,0.630969,54.64223,1.484722
1237667324330246152,2509790110799652864,587741603105341461,6.772092,0.08028071,21.05253,0.5949667,15.45867,1.378377
1237667324330246311,2510792590123624448,587741603105341541,3.225419,0.04425457,7.824217,0.3126738,6.980028,1.378377
1237667322172473452,2644746640400869376,587741600947568680,3.573948,0.1228841,11.90404,0.803847,8.699766,1.384478
1237667322172473539,2644760109418309632,587741600947568772,3.008508,0.0296829,7.736238,0.1770453,6.992,1.384478
1237667322172473543,2648197183370717184,587741600947568775,1.919446,0.0202281,5.164577,0.142391,4.337417,1.384478
1237667322172473559,2648196908492810240,587741600947568787,8.180039,0.08524639,25.64265,0.4687322,21.68884,1.384478
1237667323252310073,2497399164392990720,587741602027405391,4.509875,0.1470076,14.77067,0.9748512,11.21628,1.187839
1237667323252375687,2497409609753454592,587741602027470874,3.107563,0.01972034,9.377725,0.1404422,7.19014,1.223853
1237667323788853332,2497374150503458816,587741602563948622,3.766586,0.0382701,7.627503,0.1538366,8.436398,1.218269
1237667323788853431,2497375524892993536,587741602563948644,6.988823,0.05533634,21.60974,0.3441433,17.61088,1.218269
1237667323788918878,2497373600747644928,587741602564014184,14.04861,0.03178541,25.12853,0.1780241,25.76195,1.151975
1237667323788919002,2497383496352294912,587741602564014279,3.514776,0.03321065,8.532261,0.2205686,7.70421,1.151975
1237667324321857547,2651639754646382592,587741603096952847,15.84337,0.2446171,34.37526,1.553289,33.07373,1.334676
1237667255618961552,2489467287006898176,587741534394056846,3.935953,0.0297834,10.07203,0.2134043,8.731815,1.448912
1237667255618896049,2489456566768527360,587741534393991331,1.939456,0.00822136,5.018058,0.06010395,4.262673,1.491057
1237667255618896018,2489452993355737088,587741534393991216,5.982342,0.03329206,15.29056,0.202226,13.79895,1.491057
1237667253464596661,2635760606812071936,587741532239691974,4.39821,0.01759183,9.774285,0.1241447,9.039746,1.266835
1237667431176536204,2654907228410112000,587741709951631535,5.833864,0.07229073,15.14885,0.4985922,13.01325,1.161105
1237667538006114783,2659512257347610624,587741816781210034,4.520004,0.06094056,9.04751,0.230063,18.0208,1.065554
1237667538006048870,2659507034667378688,587741816781144189,3.055642,0.02976657,9.742357,0.1946318,7.419747,1.051923
1237667537472651380,2663956208167184384,587741816247746696,5.661472,0.07074089,17.66323,0.4701784,13.64357,1.092566
1237667537472651325,2663953184510208000,587741816247746587,5.76375,0.08270212,18.84969,0.5361022,13.88264,1.092566
1237667444581138518,2510817054257342464,587741710496825500,8.815321,0.0712282,17.77721,0.2291798,20.41652,1.234202
1237667537472651448,2662762688261679104,587741816247746721,1.769965,0.02449491,4.976153,0.1775336,4.099791,1.092566
1237667537472651461,2663955108655556608,587741816247746737,2.098346,0.05052531,6.061191,0.4019261,4.632627,1.092566
1237667430106988676,2498479709445187584,587741708882083978,5.440984,0.02474174,13.6278,0.1401751,12.09281,1.28933
1237667430106988691,2498437103369611264,587741708882083987,2.397932,0.052795,6.967597,0.3441482,5.758379,1.28933
1237667538006114483,2659506759789471744,587741816781209767,6.505479,0.03839847,15.19783,0.2414561,14.10038,1.065554
1237667538006114347,2659504285888309248,587741816781209661,3.481652,0.01450371,10.17834,0.07449196,9.116935,1.065554
1237667430631538970,2577335032309901312,587741709406634263,6.399044,0.03992473,15.22533,0.2719347,13.83881,1.108498
1237667736665587790,3117759304753506304,587742015440683092,3.865371,0.02739851,10.09144,0.2082862,8.374847,1.329701
1237667736665522202,3133435041980377088,587742015440617504,8.284156,0.5525064,29.00965,3.266578,21.60497,1.361323
1237667783917699135,3117737864276764672,587742062692794439,2.324444,0.02716566,5.760383,0.2077434,5.005683,1.462765
1237667910065586324,3133439440026888192,587742015440683096,2.519962,0.03825494,6.245725,0.2994774,5.408188,1.177276
1237667916489162835,2812663513737095168,588023670240968790,3.065509,0.01893989,7.111445,0.1338164,6.396565,1.495361
1237667916489162838,2817114886746695680,588023670240968794,5.068073,0.07083133,13.50052,0.4157341,12.26074,1.495361
1237667916489162850,2817117085769951232,588023670240968801,6.564905,0.01563625,14.15193,0.1059934,13.65436,1.495361
1237668270827765855,3104183359505459200,587742549602861149,8.817763,0.5205119,29.38058,3.405924,21.13152,1.058484
1237668288544309489,2910529393250035712,587742567319404841,5.193964,0.02866428,10.25725,0.1496486,10.76844,1.175583
1237668335783051506,3131283568274204672,587742614558146836,3.692596,0.02567139,7.306413,0.08525074,8.420297,1.141368
1237668297140535519,3102995337174870016,587742575915630808,2.65047,0.9505252,6.697925,-1000.0,6.135365,1.002964
1237668294985187489,2817112687723440128,587742573760282786,1.879372,0.0151038,3.794525,0.08202355,3.77917,1.269226
1237668297139028091,6124018734120325120,,3.237383,0.1142704,11.05292,0.7196075,7.858929,1.096808
1237668297139028008,2974631748048021504,587742575914123314,3.924156,0.01437331,13.42627,0.08836047,9.29874,1.096808
1237668297139028092,2974632847559649280,587742575914123376,3.850384,0.7497579,12.50698,-1000.0,9.688967,1.096808
1237668297139093600,2974630923414300672,587742575914188915,2.118047,0.01794199,6.522099,0.1085465,5.331218,1.076307
1237668296603795521,3102994787419056128,587742575378890789,2.354424,0.01800728,5.772752,0.1381098,5.032106,1.017715
1237668288544309478,2910531042517477376,587742567319404827,5.268679,0.09884516,13.36898,0.751983,10.76418,1.175583
1237668288544309467,2910530492761663488,587742567319404639,2.075118,0.0515939,6.613824,0.3639603,4.853776,1.175583
1237668288544309316,2910529118372128768,587742567319404648,5.865674,0.1480768,20.35831,0.843277,13.94843,1.175583
1237668272453976904,2849783582807844864,587742551229072092,4.469006,0.06661039,8.241478,0.3234217,8.957971,1.094883
1237668272453976461,2849704967726458880,587742551229071739,4.344034,0.07778677,9.973686,0.3283626,10.55807,1.094883
1237668272453976098,2849707716505528320,587742551229071385,4.710542,0.2700267,14.79729,1.888176,11.37784,1.094883
1237668272453911079,2849705792360179712,587742551229006412,5.484445,0.06397524,13.86002,0.563017,11.32317,1.039187
1237668270827765974,3104191056086853632,587742549602861241,4.478411,0.03904314,11.48994,0.2633578,10.12478,1.058484
1237668496318332965,2823862859367213056,587742775093428265,4.989152,0.2693742,16.18429,1.777588,11.94713,1.496357
1237668496318398520,2823863958878840832,587742775093493871,16.82198,0.1635929,47.35726,1.21108,37.62553,1.505797
1237668496318398635,2823866432780003328,587742775093493857,6.247793,0.08340263,16.39142,0.5778574,14.09484,1.505797
1237668496318398663,2823874129361397760,587742775093493896,6.151285,0.03164534,14.6264,0.2344851,12.93887,1.505797
1237671123230982258,2911596195614844928,587745402006077468,6.589991,0.02300327,13.69047,0.1455077,13.54661,1.373918
1237671123230916634,2911609389754378240,587745402006011932,5.115458,0.279108,17.25467,1.773437,12.60216,1.386734
1237671123230916782,2911606091219494912,587745402006012072,5.669693,0.02668499,11.99532,0.1631587,11.76868,1.386734
1237671123230916793,2911621759260190720,587745402006012086,5.674247,0.02066682,15.02069,0.1074364,13.76035,1.386734
1237671142556827729,945830728367630336,588010878758027395,2.810663,0.03033991,7.254799,0.2132591,6.255376,1.102481
1237671142556762323,944649303106807808,588010878758027381,2.941811,0.02451204,9.719857,0.1496731,7.473837,1.096426
1237668348671557658,3090679427906955264,587742627446652959,6.587298,0.03624165,15.74676,0.2960384,13.82537,1.283231
1237668348671492380,3090682451563931648,587742627446587696,2.718305,0.05361508,7.781713,0.3991594,6.183588,1.277627
1237668348671492347,3090678328395327488,587742627446587670,6.460823,0.490955,20.31394,3.146376,16.687,1.277627
1237668348671492216,3090671181569746944,587742610262655020,4.821382,0.1580334,15.69593,1.001318,11.35051,1.277627
1237671932283256842,1373726025137022976,587734893820379222,7.789237,0.06740479,25.79972,0.3694581,23.18224,1.249663
1237671932283256971,1373701561003304960,587734893820379183,5.002156,0.07327875,13.50797,0.5692469,10.93469,1.249663
1237671936041287733,6826501661797928960,,3.708899,0.117347,10.10009,0.9150477,8.043736,1.49205
1237674602139943017,4544273950440706048,,4.575965,0.009411736,10.7346,0.0592114,9.917664,1.307889
1237674602139943018,4544272576051171328,,9.719065,0.08720749,25.15353,0.4234892,23.59168,1.307889
1237674602139943019,596769040937019392,587726032797565040,3.716838,0.1688399,11.02713,1.103068,9.038198,1.307889
1237674602140008461,596769315814926336,587726032797564993,4.932221,0.4722042,14.83129,3.63344,11.51484,1.331821
1237671991336304747,1911894367954561024,588017570852307091,2.321148,0.03619756,5.682805,0.2237434,5.196079,1.151036
1237671991336239226,1911896292099909632,588017704012939432,1.696164,0.02635172,5.41534,0.187415,3.90871,1.136203
1237671991336239179,1911894917710374912,588017704012939417,7.043653,0.03649611,17.25899,0.2318815,15.72959,1.136203
1237671936041222225,710444525364996096,587725994113433955,4.094792,0.04725183,9.202928,0.2888769,9.238478,1.613899
1237671932283322445,6036086389992607744,,9.221504,0.2715251,23.40621,1.790859,20.13959,1.285258
1237673705579806997,492069967810816000,587725470127685903,3.959284,0.02251971,8.601414,0.1331444,8.494756,1.30179
1237673705579806966,492068868299188224,587725470127685853,2.114843,0.01913506,5.309514,0.1399313,4.607708,1.30179
1237671991336304708,1911895742344095744,588017570852307051,7.455859,0.05157936,20.49976,0.2181168,19.77271,1.151036
1237671936041287979,712809849754249216,587725994113499530,4.945045,0.1503137,10.04397,0.4623052,11.88791,1.49205
1237671142556827804,945832102757165056,588010878758027438,6.288635,0.02350258,16.4437,0.1570586,14.19224,1.102481
1237671142556827767,944651502130063360,588010878758027421,5.743095,0.03777067,12.26277,0.1758513,12.73719,1.102481
1237650371552280809,367195691837057024,587724650327376094,2.758591,0.02706208,6.045342,0.1630977,5.919323,1.435246
1237648722289623248,299617495671662592,588848900971561175,1.896377,0.05190506,5.67805,0.3894424,4.362741,1.35553
1237651250439979263,7115727101928689664,,2.566416,0.07413133,7.894758,0.4646117,6.413115,1.297077
1237648705652654263,325550857842092032,587722984427749573,5.423112,0.05426491,14.19267,0.3405012,12.68576,1.619558
1237648704595492963,349091401792776192,587722983370588250,4.824295,0.0403018,16.34358,0.2498466,12.65956,1.048982
1237648705115914321,325547284429301760,587722983891009623,2.913971,0.04973482,7.882194,0.3895012,6.382777,1.56556
1237648721249435820,347986667551877120,588848899931373713,6.003819,0.6622103,24.04103,3.506194,19.66718,1.329242
1237651191895752745,505604406595577856,587725470670848040,8.958201,0.2271987,30.00659,1.401811,21.97604,1.30115
1237651191354556696,494435292216846336,587725470129651996,3.036819,0.1577608,8.567467,1.07514,6.694714,1.113766
1237650371552215263,367193767691708416,587724650327310431,5.801182,0.04958564,16.17799,0.3468139,13.35048,1.503018
1237648722321342726,345746681934931968,588848901003280454,3.531215,0.03757801,10.92796,0.24137,8.60267,1.52219
1237648722284249438,528110035444721664,587726031691448657,3.569242,0.03305791,7.91005,0.2050608,7.535014,1.381416
1237648722284118374,526975064550172672,587726031691317714,3.962611,0.1071488,8.700132,0.4380663,8.930327,1.235987
1237648722284052878,526973965038544896,588848900965990774,4.543549,0.01424682,10.50433,0.0764397,10.00005,1.14805
1237648722284052865,526973690160637952,588848900965990617,3.252183,0.03053797,9.171964,0.2100023,7.646212,1.14805
1237648721792729473,385209254237202432,587722953304375746,1.348434,0.006023222,3.551585,0.04798222,2.930893,1.419032
1237648721792729305,385208979359295488,587722953304440846,2.033868,0.01654767,5.910764,0.1171663,4.789798,1.419032
1237648721790894241,4515077519012286464,,2.459565,0.04899578,7.429255,0.3618543,5.64598,1.373948
1237648721771888672,326659989374527488,588848900453826597,7.404935,0.02572423,26.03074,0.151464,18.3304,1.417655
1237648720149479679,310815751403497472,588848898831417537,4.00118,0.01965677,8.142322,0.1059314,8.325899,1.243621
1237648705667072024,345819799458179072,587722984442167329,2.053151,0.01036356,5.196275,0.07792317,4.476129,1.447307
1237648705131118779,346939377156384768,587722983906214137,4.070952,0.04582528,9.00362,0.2627286,8.835769,1.276162
1237648705129480247,344690050824431616,587722983904575550,2.990937,0.01071139,7.550752,0.06491813,6.892075,1.235937
1237648704057573747,346785995284310016,587722982832668823,1.926974,0.01232481,5.467039,0.09970494,4.223671,1.129038
1237648704057573731,346786545040123904,587722982832669003,4.417008,0.09565361,8.845485,0.488257,9.294895,1.129038
1237648673987232019,349090577159055360,588848899932618982,3.020893,0.04695541,6.777307,0.2444063,6.758705,1.227215
1237648705131118796,346937453011036160,587722983906214151,4.856859,0.06223546,12.55437,0.4405669,10.88252,1.276162
1237648705666351360,344692524725594112,587722984441446684,7.937487,0.04772226,16.35744,0.2624972,16.63761,1.355213
1237648721757929562,307498250749896704,588848900439867499,3.143507,0.008419967,7.407572,0.05004577,6.864606,1.120984
1237648721771823351,326648719380342784,588848900453761226,5.711101,0.09414335,16.15093,0.7140375,12.86281,1.493584
1237648722307842148,325554156376975360,588848900989780194,2.657891,0.02457177,8.034666,0.1625928,6.454312,1.308307
1237648722834620487,311963916404025344,588848901516558418,2.954846,0.03471898,6.893909,0.2334571,6.327185,1.386941
1237648722834686048,311976011031930880,588848901516623973,4.061614,0.04260033,13.99286,0.2551085,9.68787,1.342482
1237648722840977489,320971665783678976,588848901522915437,2.332072,0.01762509,5.926539,0.1259687,5.15381,1.506148
1237648722841042953,320969741638330368,588848901522980870,4.081016,0.03453763,9.301225,0.2869073,8.345415,1.515834
1237648722841043030,320970016516237312,588848901522980966,3.22824,0.05957905,7.883765,0.398397,6.887541,1.515834
1237648722857033814,343517971026569216,587726014010884188,2.313558,0.08998592,6.685699,0.7085714,5.097966,1.625348
1237650797288226901,526970391625754624,587726031691317381,4.56232,0.04208153,16.25397,0.2585565,12.02566,1.466347
1237650797288227141,528134774456346624,587726031691317579,2.389079,0.03965773,6.2774,0.3082121,5.222301,1.466347
1237651066815578330,673449811357231104,587729155208380572,2.727957,0.02082011,6.982637,0.1507926,5.972118,1.271262
1237651190285402240,505557127595583488,587725469060497515,7.782259,0.101821,26.42182,0.6228518,18.54382,1.549884
1237651190815719555,492041105630586880,587725469590814856,3.904611,0.04620263,13.61821,0.2782238,9.360343,1.208465
1237651190815719612,492045228799191040,587725469590814886,1.526061,0.01397833,4.509062,0.1106753,3.382287,1.208465
1237651190815719626,492043304653842432,587725469590814900,1.378628,0.0288126,3.985257,0.2332119,3.027323,1.208465
1237651191895621706,505612378054879232,587725470670717006,2.211492,0.06115793,4.82358,0.3157358,5.144491,1.440839
1237651191895752956,505613202688600064,587725470670848200,1.594045,0.01120135,4.257332,0.08713768,3.504146,1.30115
1237651192431902873,503368824192526336,587725471206998150,9.151742,0.1145019,28.38928,0.7838558,21.58313,1.661455
1237651192431902934,503370198582061056,587725471206998181,7.774599,0.1128457,17.1139,0.5765877,16.63868,1.661455
1237651192431902942,503368549314619392,587725471206998059,2.157986,0.01172636,6.203158,0.0763186,5.243881,1.661455
1237651192431902951,503369373948340224,587725471206998197,4.355361,0.06289694,9.221973,0.2228684,10.24281,1.661455
1237651192433213707,504417483793393664,587725471208308959,2.774929,0.04317549,6.535983,0.2941173,6.133422,1.316109
1237651192433279109,504416659159672832,587725471208374425,2.433062,0.01326134,7.675843,0.06124906,7.087358,1.310592
1237651192433279182,504415559648045056,587725471208374497,3.821291,0.02544962,8.334846,0.1873822,7.757774,1.310592
1237651192433344532,504419682816649216,587725471208439832,5.016035,0.05764105,17.85901,0.3373158,13.5071,1.282937
1237651250945523962,494435841972660224,588007004697329900,3.511514,0.02529655,8.825713,0.1679681,7.844011,1.613559
1237651251486785701,505605780985112576,588007005238591519,4.060048,0.241772,14.19955,1.374946,9.543652,1.223818
1237648722294669392,307484231976642560,588848900976607330,1.900712,0.007381084,4.493915,0.06579354,3.846585,1.239188
1237648721759961421,309796229263419392,588848900441899246,2.308782,0.02825087,6.40956,0.1978979,5.283377,1.423269
1237648721759961363,309787158292490240,588848900441899191,5.159908,0.2617123,15.46021,1.797238,12.25847,1.423269
1237648721759961197,310868253083723776,588848900441899063,1.486394,0.01283373,4.352888,0.1010109,3.297805,1.423269
1237648721759961111,310869352595351552,588848900441899030,6.726262,0.08917084,22.42824,0.5830762,16.61214,1.423269
1237648721754652794,301914650390325248,588848900436590603,2.826013,0.01678162,7.770215,0.08413556,7.360499,1.265811
1237648721754587439,301903655274047488,588848900436525204,9.128524,0.04922669,28.5438,0.322845,21.78912,1.207027
1237648721250615590,349101297397426176,588848899932553439,4.072155,0.1101294,9.299413,0.3796103,10.48935,1.322735
1237648721249763542,347956980737927168,588848899931701462,2.996947,0.01414804,6.340352,0.07650927,6.406247,1.365193
1237648721249501332,346809085028493312,588848899931439284,3.687225,0.0212533,9.105456,0.1693928,7.654073,1.296155
1237648721249435833,346809909662214144,588848899931373877,2.220076,0.0175798,4.712479,0.09406444,4.781422,1.329242
1237648705116766267,326660539130341376,587722983891861561,5.760901,0.1163813,14.90695,0.7973603,13.02747,1.545643
1237648704600736249,385207330091853824,587722983375831428,2.100406,0.02643054,4.947014,0.1839141,4.531987,1.283849
1237648704600736187,385207055213946880,587722983375831370,3.088676,0.0482503,8.913239,0.3458575,7.308693,1.283849
1237648704600735996,385222723254642688,587722983375831559,8.937431,0.1159281,24.87561,0.7194855,21.16636,1.283849
1237648704595558617,349149675909048320,587722983370653940,4.733094,0.02139046,9.052035,0.1190824,9.51955,1.023436
1237648704579960982,326674008147781632,587722983355056285,4.285008,0.02364306,11.45044,0.125614,10.37108,1.400333
1237651271887618204,500075512090093568,587725550662713507,2.825231,0.07225405,6.491011,0.5015637,6.0722,1.607249
1237651271887618101,500071114043582464,587725550662713352,2.438891,0.09332694,7.760238,0.678694,5.525075,1.607249
1237651252024312012,505654709252548608,588007005776117928,4.569414,0.02408671,9.040905,0.120995,9.570897,1.220444
1237648720686153850,309641747879716864,588848899368091673,4.128334,0.2608156,13.91317,1.372521,9.198465,1.487255
1237648720171696336,342358810825877504,588848898853634244,8.317162,0.03111284,19.7942,0.1945989,18.23779,1.6183
1237648705129349143,345745857301211136,587722983904444446,2.15887,0.03033967,5.569006,0.1892296,4.985819,1.260583
1237648705129349141,344688126679083008,587722983904444632,3.698753,0.01940114,8.426273,0.1028078,8.257897,1.260583
1237648705129349140,344688951312803840,587722983904444445,9.211271,0.1317831,31.27587,0.7960238,23.47396,1.260583
1237651252053541175,708276562843166720,588007005805347138,2.574199,0.02641606,6.28246,0.221791,5.390611,1.05344
1237651252053475670,708274363819911168,588007005805281550,6.918824,0.2090675,16.29985,1.086974,15.63968,1.079433
1237651252053475654,708278761866422272,588007005805281533,1.837666,0.03855211,5.230439,0.2652974,4.312833,1.079433
1237651252053475553,708276287965259776,588007005805281492,5.466674,0.1804823,17.80273,1.199438,12.87238,1.079433
1237648704594641215,348024050947221504,587722983369736234,2.416709,0.02000994,8.570158,0.1162048,6.583595,1.027415
1237648704594575487,347965776830949376,587722983369670840,1.164977,0.01369453,3.030257,0.1171372,2.452037,1.007702
1237648704594575485,4525084724310593536,,7.859238,0.2798863,17.82678,1.450058,17.37279,1.007702
1237648704594575483,347965501953042432,587722983369670802,2.208403,0.03882575,6.367201,0.2823364,5.086914,1.007702
1237648704594313560,346940476668012544,587722983369408874,1.764032,0.03283824,5.169832,0.2382473,4.087077,1.12096
1237648704594313500,348000411447224320,587722983369408573,3.181675,0.03245791,10.86673,0.1994452,7.332283,1.12096
1237648704594313302,347987492185597952,587722983369408606,2.932521,0.04577798,5.810034,0.208682,6.24569,1.12096
1237648704057573499,346783246505240576,587722982832668797,4.141253,0.01703308,13.13381,0.1102377,10.37658,1.129038
1237648704595493284,4521721872510111744,,5.708409,0.03104995,14.64885,0.2010731,13.01169,1.048982
1237648704595493353,349091676670683136,587722983370588508,7.299611,0.1429995,15.66832,0.5838481,16.84042,1.048982
1237648705115848765,326605563548952576,587722983890944072,13.17237,0.2030951,40.83642,1.349149,30.30787,1.614617
1237648705115848766,325550033208371200,587722983890944073,6.536061,0.3577864,25.57704,1.862439,19.92514,1.614617
1237648705115848927,325547834185115648,587722983890944160,3.227412,0.04929642,8.903812,0.371179,7.170808,1.614617
1237648705131053137,346931130819176448,587722983906148463,4.453406,0.02876075,15.01388,0.1863946,11.72451,1.27625
1237648705131053204,347996838034434048,587722983906148504,2.725105,0.01354542,8.957007,0.08057964,7.507093,1.27625
1237648721225646181,313007627682473984,588848899907584135,3.078627,0.01638544,10.35326,0.08760663,8.225154,1.18988
1237648721225646275,314224238707894272,588848899907584097,2.509806,0.06154123,7.007154,0.4125658,5.858816,1.18988
1237648722289557692,299602652264687616,588848900971495625,2.155389,0.05939684,7.177394,0.4038565,5.101073,1.403439
1237648722289623239,299602927142594560,588848900971561170,4.188633,0.09543725,10.91327,0.7355514,9.153315,1.35553
1237651250945589326,496593908269082624,588007004697395287,6.593471,0.9332856,21.5937,6.156822,15.5558,1.58579
1237651250945589502,496595282658617344,588007004697395416,5.358036,0.02997613,10.03667,0.151917,10.70234,1.58579
1237651250945589506,496596107292338176,588007004697395309,2.655087,0.1417718,8.328794,1.00649,6.235278,1.58579
1237651250945589513,496595832414431232,588007004697395422,1.608628,0.01558047,4.479811,0.1131414,3.674301,1.58579
1237651251486589158,505612927810693120,588007005238394981,1.910679,0.09745,6.145308,0.6955889,4.592327,1.315031
1237648704057573661,346787094795937792,587722982832668754,7.336772,0.01673274,15.33312,0.0927306,14.87524,1.129038
1237648705667137570,345818425068644352,587722984442232907,3.620564,0.1001772,10.53027,0.5566835,9.191405,1.330291
1237648705667137705,345818974824458240,587722984442232848,9.462112,0.03356738,26.20709,0.1695723,23.73861,1.330291
1237648721221910580,308562027511572480,588848899903848498,8.311604,0.05957512,27.12333,0.3971871,19.40318,1.147245
1237648722284314732,528111959590070272,587726031691514020,2.664051,0.01029891,7.462033,0.06596952,6.326804,1.29808
1237648722284314869,528110310322628608,587726031691514192,6.622604,0.02410219,14.10939,0.1329992,14.193,1.29808
1237648722284314871,526951974805989376,587726031691514187,2.681574,0.0426421,6.435555,0.2631877,5.921694,1.29808
1237648722289623054,299616121282127872,588848900971560978,4.492859,0.5307941,15.45528,3.41705,11.13455,1.35553
1237648722289623371,299623817863522304,588848900971561203,3.800534,0.159344,7.876981,0.4461383,9.225601,1.35553
1237650371552280661,367192393302173696,587724650327375979,4.016118,0.05696852,13.62945,0.365305,9.825551,1.435246
1237650371552346155,367196241592870912,587724650327441446,5.033332,0.0396328,16.81815,0.2547704,12.30123,1.389592
1237650797288358106,528111684712163328,587726031691448576,2.216704,0.2039468,5.698752,1.687891,4.940953,1.403729
1237650797288358041,526952799439710208,587726031691448544,3.903653,0.2489445,11.50538,1.677169,9.315198,1.403729
1237650371552346120,367193217935894528,587724650327441416,5.982708,0.1264127,16.17799,1.137495,12.61231,1.389592
1237648722841043066,320981561388328960,588848901522981001,3.855949,0.04105011,10.35831,0.2828296,8.667267,1.515834
1237648722834751727,311985082002860032,588848901516689605,4.308814,0.03151144,10.78813,0.303109,8.501872,1.295574
1237648722834751654,311989480049371136,588848901516689534,1.58534,0.05773845,4.952022,0.4277861,3.61546,1.295574
1237648721771888860,326663837665224704,588848900453826731,2.225255,0.02917951,5.192519,0.2245273,4.633635,1.417655
1237648721771888783,326663287909410816,588848900453826643,2.945592,0.03992885,6.881123,0.2306945,6.317619,1.417655
1237648705131118799,347998762179782656,587722983906214182,3.984093,0.0814301,9.28772,0.4651132,8.880392,1.276162
1237651249881940093,868096080850479104,588007003633746049,3.823714,0.04755433,8.471681,0.2190654,8.451487,1.552587
1237651249881939975,868094156705130496,588007003633745929,3.134866,0.06641992,9.519935,0.4933148,7.023719,1.552587
1237648722834686003,572017115754686464,587726031168143415,7.929594,0.3544818,17.70004,2.503475,16.57988,1.342482
1237648702977409215,1029182786545674240,587729779052249219,9.158497,0.09364162,22.12261,0.5674513,20.57151,1.255214
1237648705135772307,408841612408416256,587722983910867481,1.865392,0.02362851,5.301,0.1836813,4.037406,1.219679
1237648705135772257,408841887286323200,587722983910867445,3.097905,0.04587818,9.844638,0.3206279,7.079994,1.219679
1237648705135771804,354755255579207680,587722983910867088,9.244179,0.2192443,31.63945,1.28089,23.47335,1.219679
1237651250968199408,683519964350539776,588007004720005310,1.294375,0.008400137,3.641851,0.07011341,2.81417,1.325835
1237651250968199390,682318472968955904,588007004720005293,2.060247,0.02088555,5.574856,0.1835223,4.233656,1.325835
1237651250968199290,682322871015467008,588007004720005193,2.84887,0.04874792,9.044808,0.352163,6.665551,1.325835
1237651250968199288,682320671992211456,588007004720005199,5.342437,0.1513552,18.72402,0.9129937,13.31524,1.325835
1237651250958696543,3245018154455296000,587729154668888140,2.705306,0.04220866,6.975484,0.2692804,6.17497,1.478304
1237651250958631036,3245017604699482112,587729154668822645,2.346462,0.04845778,6.572883,0.3426803,5.417643,1.357015
1237651250439979264,700368600388626432,588007004191785073,2.767811,0.4111635,7.294431,-1000.0,5.839152,1.297077
1237651250439979238,700365026975836160,588007004191785023,2.535243,0.01768809,8.000595,0.1252543,5.881847,1.297077
1237651250439979082,700357330394441728,588007004191785035,3.466611,0.03029631,10.27568,0.1972954,8.418271,1.297077
1237648704600670569,385088582836054016,587722983375765878,1.500106,0.01839648,4.896998,0.1327062,3.368351,1.196316
1237648704600670761,385206505458132992,587722983375766054,10.16539,0.2521631,28.32715,1.394738,24.96361,1.196316
1237651252023525473,503422150506473472,588007005775331446,4.358295,0.07922246,13.96666,0.5618619,9.980365,1.26317
1237651066815578363,674519361309927424,587729155208446125,1.579081,0.01674199,4.11171,0.1416243,3.361373,1.271262
1237648720153149538,315253650228275200,588848898835087367,4.889878,0.04015496,15.60325,0.2747617,11.46988,1.149269
1237651755078778904,5370598180433186816,,2.746841,0.03535238,9.367566,0.209825,7.086763,1.619887
1237651752929853498,5327812330008104960,,10.27093,0.6645944,29.24274,1.770809,31.05488,1.34693
1237651735235919950,343516596637034496,587726014011015243,6.385861,0.4409897,15.47117,2.787592,14.51327,1.407763
1237651735235919946,343519895171917824,587726014011015340,10.66962,0.03494959,25.83481,0.2235598,23.53448,1.407763
1237651274035364002,502250071480363008,587725552810459262,2.362187,0.04331071,5.496939,0.2721231,5.220526,1.484965
1237651274035363888,502245398555944960,587725552810459178,9.043798,0.1025031,30.77745,0.6343545,23.16874,1.484965
1237651272425734160,5803100973749784576,,4.431888,0.6049287,11.8647,-1000.0,9.502145,1.573618
1237651272424882309,502212138329204736,587725551199977587,10.41601,0.02832083,20.74726,0.1832897,20.74205,1.725723
1237651822173552809,5381874217804648448,,6.821321,0.02787669,17.08929,0.2070612,14.92016,1.419134
1237651272425668773,504473833764317184,587725551200764059,2.49628,0.01962262,6.870153,0.1354679,5.763694,1.577523
1237651272961556647,500066990874978304,587725551736651944,5.055183,0.08041539,11.84355,0.4341995,11.85277,1.536119
1237651273498558617,502258867573385216,587725552273653919,5.715745,0.1795825,16.50861,1.20975,13.42113,1.620577
1237651273515794447,7865569572367388672,,3.184972,0.3832835,9.238743,3.062406,6.812737,1.440738
1237651496830173526,488746968944764928,587725775605268836,1.57475,0.0119435,3.734132,0.09597304,3.274272,1.149926
1237651533872496832,500074137700558848,587725550662713458,3.197137,0.05518629,6.300873,0.2139703,6.961413,1.5295
1237651533872496853,500074962334279680,587725550662713469,4.223624,0.1275714,13.57081,0.8702777,9.922799,1.5295
1237651538169757876,549488664674068480,587725816944853171,4.968041,0.04428964,12.67037,0.332441,10.84138,1.291832
1237651538169823297,549487015406626816,587725816944918615,5.784859,0.02209757,19.15092,0.1447333,13.94463,1.320739
1237651538169823387,549484541505464320,587725816944918693,3.945791,0.04692497,10.8235,0.3173608,9.074224,1.320739
1237651737382289426,4537569683390615552,,15.06994,5.460741,58.60289,-1000.0,62.30896,1.309953
1237651753485861130,4544252509963964416,,5.424362,0.01316417,11.4813,0.09272629,10.68577,1.189861
1237651755098767633,600228653736945664,587726033873862912,5.185814,0.03356005,13.34819,0.242504,10.92988,1.467579
1237651272431829138,549486465650812928,587725551206924443,4.793747,0.7935928,12.05764,-1000.0,12.46054,1.759217
1237651274035363852,502248697090828288,587725552810459154,3.840638,0.01911938,10.7784,0.1418518,8.740952,1.484965
1237651274044276901,551807260070799360,587725552819372160,3.154267,0.04561584,6.604555,0.2939336,6.554611,1.597024
1237651534946304186,502237152218736640,587725981226696857,1.688374,0.01767045,4.244928,0.1504502,3.557616,1.569164
1237651735235920310,343516321759127552,587726014011015530,4.861686,0.07095699,9.364742,0.3252823,10.18701,1.407763
1237651752929919057,572031409405847552,587726031705014373,7.289839,0.06190014,22.21712,0.4558016,15.61587,1.385398
1237651752929919191,572015741365151744,587726031705014465,4.391934,0.05312849,14.4672,0.3738508,10.62966,1.385398
1237651801234210980,301915200146139136,587728949047721996,3.788451,0.2297467,8.191201,1.100919,9.086204,1.087528
1237651272424226982,5806408855471804416,,1.907798,0.03362152,5.349872,0.2828156,4.138886,1.495665
1237651701377925457,500068915020326912,587725980153020716,4.525972,0.137603,10.25597,0.5618771,11.08418,1.599832
1237651537642914009,560785323190151168,587725816418009261,6.112846,0.09572668,17.53721,0.6472465,14.23145,1.363261
1237651272418132006,488674126299424768,587725551193227296,4.015689,0.03656948,12.17632,0.1634205,11.50743,1.49623
1237651272424226981,500051597712189440,587725551199322172,8.988981,0.1203139,22.94165,0.9606292,19.26161,1.495665
1237651752415920197,344614734277928960,587722984440659987,4.69253,0.01033776,11.06669,0.09849289,9.360587,1.324276
1237651752414085200,600183573760206848,587726031189180524,2.14453,0.04890528,6.708142,0.3693803,4.790244,1.286964
1237651737930694670,669951160441923584,587729158986203323,4.306738,0.1366422,13.86539,0.9558874,10.03951,1.347979
1237651737930629584,669951985075644416,587729158986203294,4.309993,0.3825721,11.94962,2.989725,9.652966,1.352825
1237651737384976472,603628344193345536,587726016160071775,8.847835,0.1824647,28.61243,1.243061,20.76303,1.485374
1237651737375015076,591186275160057856,587726016150110325,7.180347,0.1538078,18.57768,1.082682,15.7927,1.314522
1237651737375015062,591189023939127296,587726016150110316,2.29423,0.02458266,5.078714,0.1622875,4.859473,1.314522
1237651538187518173,696989801190025216,587725816962613355,4.564857,0.01823092,9.594146,0.1088323,9.287936,1.472045
1237651538179784880,560770204905269248,587725816954880193,4.624714,0.02799465,10.77203,0.1533241,10.32452,1.434482
1237651535483437209,502260791718733824,587725981763829843,6.18304,0.2240253,16.98539,1.364376,14.5481,1.491718
1237651272425734249,504466412060829696,587725551200829505,3.321335,0.1088602,10.74241,0.7326819,7.948382,1.573618
1237651822173552811,658694635341768704,587726100948648077,5.372966,1.026702,13.91113,-1000.0,12.23196,1.419134
1237651822173552694,659887330512889856,587726100948648105,11.88422,0.03298249,23.72305,0.1689468,23.91582,1.419134
1237651821097779392,600252293236942848,587726033873928199,8.867576,0.1267687,29.65622,0.7899676,21.32736,1.418399
1237651818952982852,408848759233996800,588848901009703095,3.433352,0.06526697,10.42508,0.3990755,8.519346,1.236976
1237651801774358588,307486430999898112,587728949587804244,9.585437,4.244895,19.10435,-1000.0,22.96201,1.321106
1237651755098833162,600248994702059520,587726033873928396,3.158576,0.03559663,8.17365,0.2947267,6.702515,1.526541
1237651755091492927,590139535594121216,587726033866588249,2.850314,0.03314697,7.652096,0.2398188,6.394157,1.45659
1237651755078582359,573227678191085568,587726033853677647,5.624318,0.01614655,12.77216,0.1054071,12.03562,1.633945
1237651753485729932,596744851681208320,587726032260825188,2.809919,0.1090143,7.404618,0.9685953,5.903618,1.239639
1237651753485729911,596745401437022208,587726032260825180,3.753954,0.03026489,10.45649,0.1965298,8.789645,1.239639
1237651753452765443,525968461470394368,587726032227860751,1.932436,0.02492541,5.930805,0.1819124,4.480985,1.243654
1237651753452765233,525971210249463808,587726032227860530,2.796947,0.025964,9.388451,0.1579695,7.659854,1.243654
1237651752950956047,598983731679619072,587726031726051344,2.909361,0.2674728,9.599192,1.86095,6.842244,1.223943
1237651752919105866,532576526823090176,587726031694201146,1.949032,0.03583878,4.764245,0.2792431,4.146979,1.257387
1237651752919105558,532574327799834624,587726031694200858,20.81563,6.970345,75.18581,-1000.0,48.87281,1.257387
1237651752919040221,532573228288206848,587726031694135435,3.245979,0.245146,10.87722,1.574054,7.900221,1.307603
1237651752919040182,532575427311462400,587726031694135395,4.20441,0.02715257,13.35263,0.1636767,10.88836,1.307603
1237651737382289427,656457129649006592,587726016157384716,6.978765,0.746765,23.14196,4.397903,15.29073,1.309953
1237651736314839047,608017044385851392,587726015089934589,2.064168,0.1047045,6.535801,0.7249345,4.883765,1.125594
1237651736314773862,608127270426535936,587726015089869121,1.986162,0.03293414,5.066769,0.2213358,4.485615,1.196966
1237651736314773623,608128095060256768,587726015089868922,9.453329,0.1775877,26.55551,1.366451,21.14605,1.196966
1237651736314773622,608128919693977600,587726015089869117,1.212561,0.007023467,3.142386,0.04880054,2.754585,1.196966
1237651736314708252,608026665112594432,587726015089803333,2.91626,0.0638383,9.435641,0.3906406,7.491487,1.20735
1237651735237951685,603484857925920768,587726014013047028,4.509761,0.03985985,11.22726,0.2667781,10.06335,1.259104
1237651735234543739,600172578643929088,587726014009639028,9.3802,0.03045782,21.38086,0.222003,19.36991,1.260303
1237651735234478248,598979883388921856,587726014009573549,1.802175,0.01763069,5.089573,0.1388628,3.974275,1.304452
1237651735234478128,598980158266828800,587726014009573415,6.445462,0.01893809,20.59343,0.1285616,15.73276,1.304452
1237651735234478093,598979608511014912,587726014009573396,3.719894,0.8696151,10.54827,-1000.0,9.172309,1.304452
1237651714798584020,705980234368837632,587725993573679329,4.829556,0.02189004,11.37856,0.1609784,10.48226,1.410925
1237651539793215634,685811620974192640,587725818568310856,4.167641,0.2583135,13.62346,1.789151,9.730988,1.180357
1237651539782336736,551809733971961856,587725818557431984,2.909357,0.03616747,7.213254,0.2284241,6.529573,1.331592
1237651539782271165,551806710314985472,587725818557366402,1.846139,0.008891802,5.21095,0.06770912,4.177404,1.363632
1237651539782271105,551808909338241024,587725818557366382,10.33999,0.2846411,30.68181,1.862146,24.55352,1.363632
1237651538187452545,697001895817930752,587725816962547849,5.59134,0.02585601,10.76763,0.1706915,10.67104,1.475657
1237651534409564204,502221209300133888,587725980689891518,2.663342,0.1872679,5.493739,0.8485046,7.032257,1.549916
1237651495755841844,488695841654073344,587725774530937122,1.102789,0.005476706,2.956439,0.04736989,2.346928,1.23086
1237651495755776364,488700789456398336,587725774530871635,1.723894,0.02670007,4.820007,0.1988362,3.87585,1.205763
1237651495755579693,486547670794528768,587725774530674959,3.104661,0.08107487,9.101162,0.5151222,7.63156,1.234326
1237651274036871335,543902596016924672,587725552811966601,4.468776,0.02144669,13.45408,0.1423828,10.83585,1.719333
1237651274036871313,543899847237855232,587725552811966583,1.725655,0.03034726,4.148798,0.2439933,3.623611,1.719333
1237651274036871310,504507093991057408,587725552811966588,3.649687,0.0707992,11.92514,0.5109978,8.677755,1.719333
1237651274036871286,504504070334081024,587725552811966469,1.862476,0.02227938,5.603372,0.1747878,4.200284,1.719333
1237651273515794622,560822981463402496,587725552290889892,7.481873,0.1112957,16.80884,0.6426138,15.8809,1.440738
1237651273515794444,560834526335494144,587725552290889771,9.617077,0.1104533,32.00997,0.699778,23.59469,1.440738
1237651273515794443,560823806097123328,587725552290889770,3.103301,0.1442121,9.70431,1.059693,7.231936,1.440738
1237651272962277503,504482080101525504,587725551737372779,6.228572,0.1012952,16.72822,0.8413808,13.36531,1.507564
1237651272962277451,502298999747799040,587725551737372749,5.056038,0.02690177,10.74081,0.1227193,11.47304,1.507564
1237651272962212132,502299549503612928,587725551737307285,3.421306,0.03812999,10.1301,0.2808959,7.856947,1.446233
1237651272962211932,502297900236171264,587725551737307217,4.054939,0.02183818,11.57986,0.1540929,9.173127,1.446233
1237651272962211930,502298449991985152,587725551737307236,6.166009,0.2451126,21.16244,1.539921,15.0166,1.446233
1237651272961490958,502233303928039424,587725551736586252,4.877372,0.0345307,15.67151,0.1913713,13.21496,1.485587
1237651272961490952,502229455637342208,587725551736586248,4.613744,0.2973479,12.25291,2.263601,10.27795,1.485587
1237651272961425646,502231104904783872,587725551736520947,3.765557,0.06763068,9.169403,0.5475258,7.860969,1.409989
1237651272441790574,560807313422706688,587725551216885859,5.193312,0.02669793,11.594,0.170181,10.80778,1.628291
1237651272425668786,502318790957099008,587725551200764069,2.351909,0.01328047,6.796356,0.09138022,5.550273,1.577523
1237651272424685655,500065341607536640,587725551199780967,10.6842,0.01882622,20.48201,0.09892847,21.27667,1.618424
1237651822716584014,667759833818097664,587726101491679322,8.8688,0.08113373,29.6876,0.5307074,21.88759,1.431715
1237651822716518783,667759009184376832,587726101491614084,2.686794,0.03313152,8.093596,0.240669,6.100973,1.416649
1237651822716518782,667762857475074048,587726101491613906,10.30358,0.1828703,36.34594,1.127531,26.28751,1.416649
1237651822179844174,667726848469264384,587726100954939643,5.831287,0.0342144,15.5385,0.2433647,13.25491,1.408298
1237651821638779047,662087178771261440,587726100413874322,3.791073,0.04620584,12.89352,0.2889277,9.29816,1.276886
1237651821638778970,662085529503819776,587726100413874262,6.316988,0.2034597,18.29761,1.476111,14.43202,1.276886
1237651715870425315,703812547211454464,587725994913956086,2.052369,0.02462034,5.052692,0.1663343,4.506956,1.188572
1237651714261582084,705995077775812608,587725993036677401,5.964076,0.07722845,12.0449,0.3217185,13.75955,1.389184
1237651821097779258,600229478370666496,587726033873862745,5.548966,0.01440529,13.97928,0.1271204,11.47078,1.418399
1237651821097779298,600230303004387328,587726033873862778,3.663724,0.04396778,8.316369,0.2277413,8.260307,1.418399
1237651822173487316,659875785640798208,587726100948582592,4.22685,0.02149137,9.107287,0.1297267,9.002028,1.491525
1237651822173618188,659887055634982912,587726100948713486,8.038303,0.08519608,21.23899,0.6908152,17.2773,1.597453
1237651272424161371,499938622892435456,587725551199256712,9.373276,0.1159073,23.79836,0.891192,20.12709,1.497479
1237651272425734156,504473009130596352,587725551200829458,7.653316,0.1910255,25.36329,1.206681,18.11443,1.573618
1237651272431829116,549487840040347648,587725551206924373,5.161661,0.03025869,11.7135,0.2368724,10.47133,1.759217
1237651274029465878,1954566962407303168,587737825135821027,5.133626,0.03667978,11.74023,0.2085478,11.32585,1.238444
1237651274035364052,502247047823386624,587725552810459313,2.213541,0.02939082,6.012467,0.2128815,5.048372,1.484965
1237651496830501270,488739822119184384,587725775605596552,7.050748,0.09733056,18.69327,0.8291131,15.59031,1.149686
1237651496830501304,1954567512163117056,587725775605596281,1.892367,0.01323517,5.468291,0.09409685,4.428111,1.149686
1237651497367240958,1954563663872419840,587737808492822762,2.708966,0.1260405,9.164729,0.8383169,6.793818,1.18745
1237651538179784889,560774877829687296,587725816954880201,1.409427,0.01152165,3.837514,0.1013815,2.955898,1.434482
1237651538179850261,560772678806431744,587725816954945548,12.15487,0.04219619,38.81894,0.277242,29.49486,1.388711
1237651538179850262,560771304416897024,587725816954945648,2.279869,0.009184986,7.240664,0.04124503,6.645237,1.388711
1237651539782205662,551811932995217408,587725818557300877,3.946035,0.04078733,10.40047,0.2788073,8.953301,1.353289
1237651735235920177,343539411503310848,587726014011015394,2.186725,0.06181871,6.847926,0.4443231,5.080896,1.407763
1237651737374949472,590141184861562880,587726016150044757,1.98031,0.03127197,5.744471,0.2094379,4.77733,1.303447
1237651737374949690,590132663646447616,587726016150044847,4.221578,0.08564763,8.463814,0.3949355,9.024446,1.303447
1237651752415854747,343559202712610816,587722984440529128,16.43192,0.04522287,41.72309,0.3524188,35.25693,1.379266
1237651752415854874,343563051003308032,588848901539430566,4.749254,0.06006826,12.50628,0.4391921,10.70908,1.379266
1237651752929788147,572024812336080896,587726031704883374,1.614667,0.02775515,4.229532,0.2178052,3.522814,1.376008
1237651752929853497,572028385748871168,587726031704948739,2.917532,0.03315863,9.629666,0.2181029,6.610044,1.34693
1237651752929853503,572028110870964224,587726031704948745,1.861442,0.04030448,4.717466,0.2956158,4.069611,1.34693
1237651272424226940,500038678450563072,587725551199322155,2.696811,0.1014239,9.229711,0.6726288,6.514489,1.495665
1237651272424226960,500037578938935296,587725551199322281,4.871536,0.02988739,13.52483,0.2198484,10.88758,1.495665
1237651272424751161,502209939305949184,587725551199846453,4.08519,0.03412651,13.21941,0.2206281,9.871256,1.446736
1237651273492791704,488741746264532992,587725552267886967,4.963454,0.1839732,13.0238,1.147093,12.08134,1.151096
1237651496830238876,488730201392441344,587725775605334167,4.535466,0.01421888,13.91882,0.09665984,10.49236,1.144704
1237651496830239002,488745594555230208,587725775605334270,1.943469,0.03056444,4.948037,0.2194556,4.319251,1.144704
1237651496830239120,488732400415696896,587725775605334211,4.282928,0.08574593,14.45628,0.5242649,11.20558,1.144704
1237651496830370024,488732950171510784,587725775605465446,7.422893,0.03487353,15.90362,0.1828643,15.52997,1.120086
1237651496830631972,488743395531974656,587725775605727276,6.011354,0.08552461,19.27552,0.5380397,15.09105,1.137074
1237651274036871311,2008615403651098624,587725552811966589,6.909028,0.1599804,15.23382,0.8229072,14.79733,1.719333
1237651821641334952,3323756931922814976,587726100416430248,3.172637,0.06556047,10.79836,0.4145863,7.451537,1.661861
1237651735776461018,605765520003721216,587726014551556316,3.056022,0.04910622,7.326273,0.3914893,6.380957,1.190015
1237651735776460868,605763320980465664,587726014551556169,3.965865,0.02476806,12.19545,0.176177,9.103877,1.190015
1237651715870359850,3247269130105022464,587742891046797497,1.987004,0.08370928,6.82872,0.4955238,4.431129,1.1717
1237651752415789223,601233332537157632,587722984440528920,4.526106,0.06090954,10.53305,0.3745849,10.06123,1.332173
1237651496830501001,488751641869182976,587725775605596305,7.165954,0.06317265,23.69752,0.4081197,17.17109,1.149686
1237654604791546018,653028307889055744,588010358543351949,3.128828,0.03002783,8.868992,0.2073577,7.301199,1.338024
1237654602106732720,653154476848343040,587728880881827991,4.782223,0.03072497,9.703995,0.1973322,9.581979,1.403039
1237654602106732681,653150078801831936,587728880881827963,2.610629,0.02332283,7.61348,0.1676644,6.068235,1.403039
1237654601571106901,654167676612012032,587728880346202204,9.60747,0.03036129,20.79747,0.162435,20.6529,1.428161
1237654601571106889,654168226367825920,587728880346202202,5.221007,0.01592976,10.64804,0.09737821,10.58411,1.428161
1237654601571041490,5370743865723867136,,2.503456,0.03860182,7.714557,0.2652664,6.042441,1.456053
1237654601034170430,654168501245732864,587728879809265722,4.776485,0.09733127,13.36965,0.6929855,11.08888,1.501319
1237654031400566818,654160529786431488,587728310175662247,4.072687,0.247317,9.924492,2.14129,8.556361,1.356319
1237654031400566817,573238673307363328,587728310175662246,3.439418,0.3196226,10.34969,2.392495,7.995813,1.356319
1237651822716584267,667761757963446272,587726101491679493,2.069786,0.05264421,4.951204,0.4120121,4.407794,1.431715
1237654605329006635,5370746064747122688,,3.072162,0.05974011,10.02153,0.4004653,7.06661,1.182505
1237654600497365220,654162728809687040,587728879272460444,3.346863,0.2431217,7.830031,1.487353,7.493892,1.584345
1237654030863827347,574298602633979904,587728309638922590,3.878931,0.05665714,7.833622,0.256404,8.427463,1.279367
1237654030863826964,573251317691082752,587728309638922268,5.285059,0.2139027,18.82869,1.257141,12.90175,1.279367
1237654399699058749,682319572480583680,587728918984392731,2.662919,0.05991976,8.085081,0.458818,5.901882,1.81806
1237654399699124247,682322321259653120,587728918984392809,4.807528,0.3083702,16.05517,2.012665,11.77897,1.796423
1237651823249326170,5379615821323849728,,6.488329,1.590922,19.46877,-1000.0,21.87569,1.386835
1237653613184286875,6450330704777859072,,5.043241,0.01903357,15.50056,0.1330952,11.81092,1.548174
1237654381978124522,622770566335588352,588010135729930438,1.79765,0.01139841,5.118697,0.09017143,4.031866,1.683908
1237654381978124528,6450332354045300736,,4.046163,0.01956123,9.719012,0.1166687,8.95488,1.683908
1237654381978189925,622771116091402240,588010135729995868,4.602162,0.03857978,14.29558,0.2608202,11.04142,1.708619
1237654391103553879,4281913986449166336,,4.198846,0.02725184,10.0499,0.1914503,9.120008,1.350562
1237654601570451464,5466322762225438720,,14.97288,0.2951123,43.24404,1.83337,38.50529,1.642835
1237654601570451465,654231998042236928,587728880345546758,26.56756,2.344912,56.05785,8.671416,61.49041,1.642835
1237654604253233184,5375116618954461184,,1.467677,0.03874548,4.301384,0.3190434,3.179301,1.191244
1237654605329006658,654167126856198144,588010359080812624,3.271717,0.1923418,10.02343,1.45068,7.417028,1.182505
1237654605329006744,654169325879453696,588010359080812714,7.349218,0.1704073,24.27759,1.146751,17.25189,1.182505
1237653614793982042,621595463165962240,588009368545787998,5.255074,0.2461325,17.56535,1.536362,13.03729,1.443228
1237653614794113248,5804056450730053632,,4.045961,0.02728442,9.259805,0.1817384,8.634055,1.429314
1237654028714967126,5327805183182524416,,6.363209,0.02098027,15.24886,0.1239237,14.08754,1.506873
1237654028714967128,572012717708175360,587728307490062439,4.413885,0.1208608,10.46456,0.922815,9.437078,1.506873
1237654028714967239,572017390632593408,587728307490062547,5.779695,0.07087739,12.91988,0.4260008,13.10662,1.506873
1237654028715032625,572013267463989248,587728307490127925,2.472096,0.01356265,6.659109,0.07363214,5.99028,1.488405
1237654029251969102,572019039900035072,587728308027064409,7.694754,0.02922587,20.31528,0.1799871,17.47636,1.463657
1237654381977731138,622688102963505152,588010135729537116,3.073629,0.04132965,7.91952,0.2605432,6.986948,1.411663
1237654391639376175,612572874254870528,587728670414471408,9.598412,0.04401332,30.89091,0.2849247,24.27636,1.360496
1237654398613913659,7982663436583849984,,3.437987,0.06870335,10.08967,0.5082164,7.739495,1.407854
1237654398616076434,671081739094878208,587728677391171730,3.800364,0.01585564,8.253073,0.1086784,7.820856,1.415123
1237654398616076515,671075142025111552,587728677391171779,3.830316,0.06313876,9.068484,0.4715181,8.028728,1.415123
1237654399689556171,3245014306164598784,587728678464651417,8.016015,0.09537291,25.28741,0.5231845,19.68446,1.231184
1237654604792135835,654164652955035648,588010358543941775,4.744779,0.02921832,12.34456,0.2076496,10.5694,1.189449
1237654605329072383,654157506129455104,588010359080878331,4.005647,0.03347987,7.177524,0.1544583,7.839818,1.157259
1237653587944669285,613666338585470976,587727866719764610,3.970169,0.01853052,12.98174,0.1226767,9.985059,1.482157
1237653587944734748,613665513951750144,587727866719830049,1.858451,0.01227359,6.298044,0.06214324,5.243172,1.467396
1237653587944735007,613670461754075136,587727866719830257,4.90289,0.04456306,10.12458,0.1786121,11.12735,1.467396
1237654601034170529,654178396850382848,587728879809265824,2.420194,0.02153975,6.172712,0.194963,5.012645,1.501319
1237654605329137931,940214147289737216,588010359349379305,2.219682,0.0218749,6.254434,0.1166831,5.660312,1.125736
1237654604792070364,654176472705034240,588010358543876329,4.305918,0.02939708,9.966837,0.1914714,9.198617,1.228634
1237654601018573164,635024352324118528,587728879793668242,7.882658,1.34129,18.6873,-1000.0,17.47947,1.527833
1237654601018572833,635028475492722688,587728879793668141,5.878329,0.02733509,20.28082,0.1640944,16.8562,1.527833
1237654398616076319,671082013972785152,587728677391171643,3.474845,0.065004,11.01985,0.4168892,8.457797,1.415123
1237654398616076318,671082563728599040,587728677391171642,7.7038,0.2478502,22.94022,1.713279,18.76159,1.415123
1237654398615879748,671086961775110144,587728677390975058,4.850965,0.01308121,12.49336,0.06574727,11.99057,1.357599
1237654398613913710,869212634992371712,587725473345503332,3.024548,0.05545264,10.05028,0.3646443,6.842576,1.407854
1237654398613913661,869224729620277248,587725473345503309,5.395412,0.1821024,11.94913,1.289454,10.97886,1.407854
1237654398613913657,869212360114464768,587725473345503314,3.686746,0.01140326,11.81618,0.07358034,9.030611,1.407854
1237654391639507212,612565177673476096,587728670414602532,4.847297,0.01606081,11.82981,0.1030622,10.67194,1.59309
1237654390566748171,613665239073843200,587728669341843479,12.71404,0.1075399,23.00885,0.5587273,24.18745,1.431203
1237653665796390983,564244940738029568,587727944571486282,8.912292,0.05472771,29.91963,0.3514586,22.74022,1.288678
1237653665796325491,645200059255777280,587727944571420796,4.942711,0.03973042,11.6416,0.2174008,11.18365,1.350958
1237653614794309776,621605908526426112,588009368546115585,5.843562,0.01513714,12.49253,0.1049414,11.82998,1.515298
1237653614794244234,505541734432794624,587725468523430056,3.497532,0.05967208,10.52745,0.4129578,8.291004,1.311264
1237653614794178648,621590790241544192,588009368545984617,14.10413,0.04806474,36.87098,0.3124114,32.21406,1.311397
1237653612647088220,622675733457692672,588009366398894160,2.292405,0.04140582,6.256902,0.2890876,5.270378,1.594284
1237651823246639293,657697378664474624,587726102021734490,9.981882,0.5241507,24.4429,2.796695,22.98238,1.426347
1237654604253233354,651934293316102144,588010358005039132,2.095098,0.03788968,6.030465,0.2740322,4.848212,1.191244
1237654604253233185,651933193804474368,588010358005039138,4.153535,0.1835175,13.80697,1.19782,10.36347,1.191244
1237654604253167748,651930994781218816,588010358004973669,2.448949,0.08690382,8.230752,0.53576,5.46831,1.204009
1237654604253167697,651955733792843776,588010358004973614,3.969463,1.151392,8.633758,-1000.0,8.446829,1.204009
1237654602641244319,649756985901737984,587728881416339505,2.419303,0.05380842,7.460698,0.3647833,5.873608,1.514284
1237654602098409561,641891078022129664,588010359608115299,6.397977,0.2762361,14.67259,2.110333,12.73632,1.268021
1237654602098344230,641878983394224128,587728880873439304,4.1094,0.07299364,14.61215,0.4554599,11.19276,1.345462
1237654601570451607,653196533168105472,587728880345546838,2.072131,0.03490585,5.906547,0.2951425,4.481823,1.642835
1237654601570451467,653196808046012416,587728880345546762,12.86756,0.4984394,27.64642,5.732917,23.75033,1.642835
1237654601570386085,653194609022756864,587728880345481286,2.720645,0.09755021,8.26974,0.715038,6.187558,1.586908
1237654601568682193,652002463037024256,587728880343777485,4.622343,0.02092322,9.945025,0.1280208,9.745422,1.513524
1237654601568682162,652005761571907584,587728880343777377,3.723902,0.1466808,11.30813,1.081071,8.365772,1.513524
1237654601026175095,642895757107554304,587728879801270386,7.656785,8.050093,19.52967,-1000.0,20.18962,1.465285
1237654599953481746,564241092447332352,587726033846730958,3.16441,0.007084566,7.076779,0.05112224,6.565814,1.583887
1237654392177885470,492033134171285504,587725469054074886,3.039215,0.01829677,6.709052,0.132033,6.290384,1.471198
1237654391644618779,619309852816074752,588009368006492191,5.346454,0.0184699,11.6072,0.1073488,11.32835,1.264452
1237654391103619286,613735058062206976,587728669878714582,3.221792,0.02214611,10.80773,0.1488553,7.758587,1.415018
1237654391103619080,613734508306393088,587728669878714389,5.240471,0.110507,17.5026,0.7304253,12.62146,1.415018
1237654391103553687,613721589044766720,587728669878648987,5.576838,0.1562563,17.29647,1.057902,13.30026,1.350562
1237654389492744356,853550089807882240,587728907176247431,1.365059,0.0135953,3.313425,0.09513822,2.979123,1.593525
1237654383587950722,621594913410148352,588010137339756667,2.929511,0.02184904,6.93433,0.1319388,6.413461,1.464119
1237654383585394824,618242227394603008,588010137337200654,3.621108,0.09846378,9.035133,0.6643362,7.974459,1.619102
1237654383585394820,618241402760882176,588010137337200650,7.224339,1.694065,32.80571,9.498417,25.50983,1.619102
1237654383585394819,619343662798628864,588010137337200649,14.19264,0.1668783,41.35891,1.124997,32.23518,1.619102
1237654383585329365,619321122810259456,588010137337135311,3.371857,0.01999562,10.97347,0.09117652,10.05118,1.647998
1237654381978058896,622648795422812160,588010135729864872,6.782117,0.04196795,14.93918,0.1949715,14.82322,1.659017
1237654031401812159,575480307034122240,587728310176907451,5.652757,0.03403241,13.95206,0.2357298,12.54621,1.312945
1237653664714391735,527027841108305920,587727943489487024,3.221647,0.1179651,10.01521,0.8269618,7.190678,1.352013
1237653664714391702,527027291352492032,587727943489487008,7.953755,0.01969008,18.46284,0.1468078,16.33946,1.352013
1237653664180732221,532590820474251264,587727942955827473,5.200317,0.05092858,16.49873,0.344449,12.17973,1.447338
1237653613184286930,622768642190239744,588009366936092835,1.959217,0.01075554,5.528399,0.08116087,4.473912,1.548174
1237653613184286876,622768917068146688,588009366936092839,1.321367,0.01176468,3.249764,0.09186022,2.809402,1.548174
1237653612646432836,621562202939222016,588009366398238815,5.074725,0.03167889,11.93636,0.2613724,10.38068,1.382673
1237653612109627606,621514923939227648,588009365861433498,2.963299,0.06358911,7.671006,0.4390697,6.511404,1.528245
1237653589017493521,489793703964076032,587725469052502129,5.713102,0.02370849,17.27866,0.1527855,13.9596,1.369112
1237653589017428333,612573698888591360,587727867792523610,2.34057,0.01854181,6.000972,0.1321698,5.200529,1.344371
1237653589017362552,487680442464495616,587725469052371165,4.275945,0.2667046,12.65832,1.83446,10.00399,1.328396
1237653587406684364,611536306580776960,587727866181779679,3.951943,0.1484578,12.83657,0.9851619,8.95236,1.371575
1237651823249522870,662162770195671040,587726102024618176,8.037287,0.463742,22.6684,3.435477,17.8557,1.425516
1237651823249457545,662158097271252992,587726102024552558,3.306563,0.04505126,6.526725,0.2481809,6.758746,1.454367
1237651823249457410,662156173125904384,587726102024552656,4.357309,0.04178926,10.61355,0.2712694,9.537117,1.454367
1237651823249391627,662142978986371072,587726102024486923,6.345711,0.02777323,17.49238,0.1608103,15.23001,1.38754
1237651822719729692,670047642587260928,587726101494824992,3.749683,0.246724,12.53913,1.593497,9.285295,1.489965
1237654399152881878,671089985432086528,587728677927977119,3.010311,0.03587747,6.158378,0.2102769,6.381962,1.308587
1237654399152816446,671097956891387904,587728677927911565,5.278772,0.07667603,9.938173,0.343296,10.78079,1.242424
1237654399152750749,671100430792550400,587728677927846027,3.079175,0.09370893,10.18203,0.6284286,7.231985,1.22772
1237654399152750671,671100705670457344,587728677927845983,6.260162,0.0777247,20.55311,0.4867329,14.89372,1.22772
1237651823246573749,657686933304010752,587726102021668988,24.71548,16.5523,57.38855,-1000.0,58.47333,1.468196
1237651823246573881,657686108670289920,587726102021669092,4.866668,0.02514755,9.394678,0.1295154,9.814133,1.468196
1237651823246639198,658754833603389440,587726102021668984,18.28848,0.06801938,48.73154,0.316105,48.51888,1.426347
1237651823246639324,657696279152846848,587726102021734516,5.618675,0.1818608,16.10703,1.339262,12.93074,1.426347
1237653588481540142,613722963434301440,587727867256635444,2.530432,0.008283111,6.433749,0.05333324,5.730265,1.422278
1237654381977731176,622686178818156544,588010135729537052,6.940382,0.03372173,22.85088,0.2209057,16.54186,1.411663
1237654381977796751,622659790539089920,588010135729602699,6.720436,0.08045712,23.35419,0.4738849,16.77866,1.485799
1237654381977796849,622658416149555200,588010135729602768,3.151354,0.01854998,7.67896,0.09969369,7.34929,1.485799
1237654390566617171,613667438097098752,587728669341712478,2.624585,0.08547214,8.105811,0.6264317,5.993409,1.340302
1237654391639441458,612576997423474688,587727867792523526,5.986532,0.8070219,36.40755,6.16986,34.10579,1.499232
1237654399689556113,3245019528844830720,587728678464651453,3.646616,0.09580514,9.637785,0.707157,7.991061,1.231184
1237654399689621625,671155956129753088,587728678464716922,2.594699,0.03704393,6.567751,0.2909759,5.592644,1.216493
1237654600497365012,654163553443407872,587728879272460307,4.84982,0.05990492,13.27988,0.4704739,10.77208,1.584345
1237654600497365149,654163003687593984,587728879272460406,8.546207,0.05706565,21.02763,0.4562276,17.93987,1.584345
1237654030863892549,573249118667827200,587728309638987881,6.709703,0.1138867,23.44652,0.6831369,16.91344,1.247597
1237654030863892624,574301076535142400,587728309638987911,3.105936,0.03615935,10.11258,0.237275,7.249918,1.247597
1237654030863892655,574302176046770176,587728309638987941,2.678724,0.06924052,8.999043,0.4348164,6.899925,1.247597
1237654031400566969,573239772818991104,587728310175662274,4.562139,0.1208803,14.32623,0.840155,10.77514,1.356319
1237654398615945288,671074867147204608,587728677391040594,3.054614,0.03387167,7.987555,0.2349205,6.811121,1.371539
1237654398616010921,671081189339064320,587728677391106228,3.765606,0.03322348,8.005336,0.1864111,8.059927,1.349356
1237654601034235941,654155581984106496,587728879809331240,6.574366,0.07785422,23.69867,0.3582774,22.3114,1.499809
1237654602106732592,653148704412297216,587728880881827902,6.174279,0.1884037,20.66152,1.186311,14.43196,1.403039
1237654604791545959,654219903414331392,588010358543351885,6.779181,0.02124002,17.83509,0.1184422,16.51254,1.338024
1237654604791545888,654231448286423040,588010358543351857,4.049121,0.02292028,11.08868,0.1970741,8.404782,1.338024
1237654604791545887,653029682278590464,588010358543351856,8.687286,0.05304245,22.518,0.4355834,18.0806,1.338024
1237654602106732699,653151178313459712,587728880881827974,4.229094,0.0271203,10.48741,0.1495041,9.529101,1.403039
1237654601571041486,654167951489918976,587728880346136646,2.231201,0.0243193,5.740608,0.1879829,4.836457,1.456053
1237654601571041343,654169875635267584,587728880346136643,2.06288,0.1842696,6.861376,1.291906,4.767466,1.456053
1237654601026175190,644091476053092352,587728879801270482,4.925927,0.07627608,15.50192,0.4994168,12.02755,1.465285
1237654601026175091,644091750930999296,587728879801270382,3.058794,0.06214127,9.980992,0.4167532,7.594889,1.465285
1237654601026175068,644087902640302080,587728879801270400,8.261715,0.3424757,17.35701,1.787717,17.34101,1.465285
1237654599953416329,564245490493843456,587726033846730839,6.23634,0.05568722,15.86436,0.356051,13.89647,1.554854
1237653586333794636,853573179552065536,587728906639376622,2.626589,0.0214043,8.276911,0.1532792,6.178152,1.477636
1237654604776472806,635035622318303232,588010358528278561,3.939557,0.01809398,9.800247,0.1246878,8.618798,1.57481
1237654604776472790,635036996707837952,588010358528278769,4.132328,0.07406176,9.585175,0.4467796,9.06657,1.57481
1237654604776472776,635036721829931008,588010358528278759,3.90112,0.03745385,8.8786,0.2634481,8.205327,1.57481
1237654604776407246,635037546463651840,588010358528213212,3.479913,0.1493651,11.49743,0.9527738,7.664531,1.67241
1237654605329137794,940224042894387200,588010359349379183,5.260921,0.1288432,18.07611,0.8077185,12.56864,1.125736
1237655124465484023,5369552270047596544,,8.370125,3.348734,25.04513,-1000.0,22.55316,1.627841
1237655124465484022,5370548977287843840,,1.865953,0.0151022,5.203835,0.1273578,4.006567,1.627841
1237654669739884742,308558728976689152,587728948514979905,8.545278,0.02737879,20.61042,0.1414074,19.76671,1.516065
1237654605329137953,940224867528108032,588010359349379324,4.17105,0.05095687,10.24316,0.3734508,9.044553,1.125736
1237655108898914500,858035272263165952,587729387674009786,3.958284,0.02387385,10.17899,0.1150565,9.515046,1.662157
1237654948913283207,696992549969094656,587729227688378513,3.268089,0.2526559,10.88085,1.67344,7.713013,1.442174
1237654653635985783,853549540052068352,587728932411081005,2.948075,0.04011655,6.750645,0.2208319,6.5172,1.346133
1237654653635920245,853547890784626688,587728932411015485,5.981482,0.2054764,17.08132,1.535696,13.56488,1.273269
1237654605856309258,5400951843722645504,,10.1993,5.112373,32.41534,-1000.0,28.68672,1.624475
1237654605856309257,641891902655850496,588010359608115211,6.225091,0.06347284,22.25275,0.4003262,16.82494,1.624475
1237654879668338812,663170472770299904,587729158443434111,9.224866,0.2438996,29.86192,1.395955,23.86434,1.623883
1237654953203531795,705978035345582080,587729231978627086,4.029792,0.4049671,13.46016,2.554168,9.160584,1.267898
1237654953203531789,7117972300260200448,,16.95316,0.06804828,40.44273,0.5115112,35.37125,1.267898
1237654654172004362,611539605115660288,587728668803793217,2.313716,0.1044614,6.142204,0.5342599,5.927253,1.340516
1237654954275373373,703812822089361408,587729233318903932,2.411072,0.05374647,7.564971,0.3896179,5.533161,1.60743
1237654954275373295,3247270504494557184,587729228764938451,9.492063,0.02295619,22.91138,0.1694324,20.05046,1.60743
1237654879667552297,663242215904012288,587729158442647606,4.520588,0.1622014,14.99295,0.7470065,13.32084,1.404811
1237654879667552429,663242765659826176,587729158442647733,3.618407,0.05046907,10.92797,0.3786797,8.010003,1.404811
1237654879667617934,663239742002849792,587729158442713265,2.514101,0.03399872,7.240604,0.2368031,5.797328,1.457205
1237654605863452837,652004936938186752,588010359615258698,15.46267,6.57056,38.78913,-1000.0,36.15975,1.183998
1237654652561588590,853478621552076800,587728931336683876,6.493618,0.02655591,14.32926,0.1960891,13.19969,1.296934
1237654652561653831,853474773261379584,587728931336749125,3.207672,0.155649,9.453565,0.9999107,7.724217,1.292822
1237654652561653883,4283061322705555456,,5.464657,0.04237076,16.79269,0.3092097,11.81407,1.292822
1237654654179737656,621514099305506816,588009365861498989,1.95237,0.01757996,4.810606,0.1182166,4.374634,1.476558
1237654654179737747,621515198817134592,588009365861498889,11.04301,0.0628023,33.97498,0.4614325,24.85702,1.476558
1237654654179803289,6453871127655895040,,3.065755,0.01537846,9.321386,0.09365148,7.841883,1.507819
1237654879118229530,955914075718576128,587729157893324830,2.721781,0.006980853,6.60243,0.06094523,5.570115,1.451424
1237654879668404429,663169373258672128,587729158443499710,5.332692,0.03087109,12.97666,0.1717722,11.98699,1.545452
1237654880211173600,669938241180297216,587729158986268909,2.196847,0.03037959,6.703547,0.1987168,5.356828,1.287874
1237654880737689634,658757307504551936,587729159512784935,7.528411,0.02712818,18.9894,0.1538371,17.72317,1.95771
1237654880740769908,662162220439857152,587729159515865215,5.626914,0.0850459,20.10101,0.5054824,14.32286,1.263884
1237654880744636664,667760108696004608,587726101491614031,5.124074,0.4205459,15.7419,3.350823,11.35316,1.398639
1237654605856243957,641880907539572736,588010359608049919,5.331336,0.1133227,12.25932,0.6427392,12.82355,1.551497
1237654609606148159,675549603705153536,587728677932302356,3.432526,0.05624666,8.003913,0.344861,7.420765,1.283975
1237654610141249558,674520460821555200,587728678467338403,2.167754,0.0335137,5.794273,0.2194609,5.061789,1.352228
1237654653635985662,853548715418347520,587728932411080803,13.9041,0.2099719,39.71036,1.288398,33.21866,1.346133
1237654670812774584,307497426116175872,587728949587869796,10.40188,0.02643482,22.72077,0.1496559,21.87391,1.482138
1237654879669452830,665471750053586944,587729158444548140,5.583252,0.01955828,14.38769,0.1032996,13.70722,1.529597
1237654879669453071,665472299809400832,587729158444548359,2.043363,0.01903793,5.398447,0.150578,4.470321,1.529597
1237654948913348733,696990625823746048,587729227688444057,5.789216,0.02060214,10.7143,0.09940904,11.40565,1.438826
1237655123940606209,955900606701135872,588010877692412146,2.699256,0.03061972,6.542217,0.2059414,5.842758,1.33392
1237655123940606220,955902805724391424,588010877692412160,2.626833,0.0114803,7.472643,0.06833228,6.383513,1.33392
1237655124465549363,940177588528113664,588010878217355321,3.34611,0.02617085,7.954524,0.1903912,7.137063,1.562611
1237655125015855301,958193912021805056,588010878767661164,9.852548,0.02952911,21.19897,0.1870885,20.51488,1.248737
1237655108898979844,858040220065490944,587729387674075301,7.883797,0.3279051,24.31251,1.951032,20.07418,1.560963
1237654875361378383,676740374781257728,587729154136473688,1.589924,0.007598117,3.951029,0.05962781,3.390578,1.805808
1237654628400169209,612523121353713664,587727865644777835,4.619697,0.3965883,16.95854,2.165946,11.42832,1.296507
1237654881277509759,662143803620091904,587729160052605048,3.66496,0.04811853,8.488183,0.24298,8.548244,1.339149
1237655128762744915,700380420138625024,587729407537840211,7.529095,0.0234444,19.00396,0.1509588,16.634,1.451266
1237654653642932295,861468222812088320,587728932418027605,6.045745,0.02236805,17.83343,0.1393652,14.76935,1.526093
1237654653642932418,862537222874753024,587728932418027715,5.525877,0.02504657,14.32744,0.1819737,12.17739,1.526093
1237654653642997820,861471246469064704,587728932418093093,9.26608,1.031741,29.44511,7.300349,20.77178,1.507123
1237654669739884626,308548008738318336,587728948514979953,6.570584,0.1855186,14.80714,0.8263115,14.83679,1.516065
1237654669739950159,308549108249946112,587728948515045403,3.783342,0.02021422,9.591112,0.15356,8.083287,1.365874
1237655124465418345,940191332423460864,588010878217224307,4.552361,0.02722511,8.971432,0.1403622,9.518189,1.682755
1237655123929268365,575447596563195904,587728310176841870,3.391387,0.03136716,7.958701,0.2231711,7.36902,2.036895
1237655108913594468,1074202284843362304,587729387688689754,2.349149,0.03963456,6.717208,0.2964139,5.334368,1.516202
1237655108913594378,1074202834599176192,587729387688689675,4.64255,0.05747443,15.65555,0.3876237,11.52979,1.516202
1237655108902584442,862513858252662784,587729387677679742,13.68619,0.04316846,37.3782,0.2173829,33.82695,1.611465
1237654953207267630,712741405155420160,587729231982362939,3.421721,0.03339748,8.481668,0.2676587,7.124621,1.262163
1237654952130511036,708284809180375040,587729409688207398,4.662929,0.00932525,10.60017,0.06374473,9.755581,1.437427
1237654610141249556,673461631107229696,587728678467338290,5.37093,0.07026888,18.53869,0.4292197,13.39059,1.352228
1237654609606279206,676731578688235520,587728677932367994,2.562324,0.04451767,7.02724,0.3298663,5.747278,1.332794
1237654609606148296,676730479176607744,587728677932302458,3.331634,0.03045409,6.953814,0.2533413,6.274967,1.283975
1237654609606148265,676741474292885504,587728677932236956,2.783137,0.04254599,6.676315,0.2715923,6.118839,1.283975
1237654609606148156,676727180641724416,587728677932302353,5.946838,0.1079321,17.77259,0.7547921,13.98255,1.283975
1237654609606148138,676728005275445248,587728677932302344,2.269845,0.04532779,7.425275,0.298088,5.439277,1.283975
1237655109454266500,1078715505281361920,587729388229361814,3.230984,0.01447746,6.521548,0.08065264,6.621317,1.523366
1237655109442469957,865906714560456704,587729388217565271,7.049802,0.1948338,19.65194,1.400047,15.87742,1.533054
1237655108917395624,1078717979182524416,587729387692490917,3.473045,0.03265028,8.272825,0.2777185,7.18556,1.494128
1237654952666595635,706012120206043136,587729231441690932,5.448825,0.0870399,12.95358,0.588511,11.96899,1.351014
1237654880741294303,662202627492177920,587729159516389611,4.966043,0.09944426,13.9685,0.5674541,11.70634,1.301408
1237654880741294238,662200153591015424,587729159516389564,3.481689,0.03856643,10.79246,0.2528289,8.612467,1.301408
1237654880741294218,663260907601684480,587729159516389549,2.618021,0.02792937,6.340598,0.2271826,5.550136,1.301408
1237654880741228570,663252936142383104,587729159516323868,4.581697,0.02701781,15.30647,0.1689551,11.50555,1.310402
1237654879669453281,665479171757074432,587729158444548280,4.13842,0.06585921,8.091491,0.3038625,8.973354,1.529597
1237654879669452918,665464053472192512,587729158444548246,2.608795,0.154048,8.918447,0.9972361,6.260912,1.529597
1237654879669452848,665470375664052224,587729158444548153,2.676863,0.04900446,7.057986,0.2712593,6.149966,1.529597
1237654879664799895,658683365347584000,587729158439895199,3.893507,0.1076202,12.42409,0.6926209,9.522208,1.737411
1237654879656542226,958193362265991168,587729158431637533,11.30666,0.2192689,32.03802,1.311897,27.88305,1.338579
1237654874824245357,675545205658642432,587729153599340653,2.665835,0.01852967,6.679227,0.1821196,5.324891,1.801367
1237654874824245338,675544106147014656,587729153599340637,5.78407,0.02215908,12.29867,0.147715,11.81698,1.801367
1237654874824245265,675544655902828544,587729153599340563,4.540758,0.02803351,11.64672,0.2099061,9.971794,1.801367
1237654874824179773,675553726873757696,587729153599275064,5.393068,0.02466951,12.59108,0.1918209,11.165,1.882942
1237654670272561322,301771988756621312,587728949047656624,3.538303,0.04267118,9.513961,0.3000656,8.069184,1.299954
1237654654179737657,621518772229924864,588009365861498972,2.307357,0.03489486,5.825255,0.2703122,4.96948,1.476558
1237654652561654051,853481370331146240,587728931336749329,1.444422,0.008050417,3.74289,0.06073627,3.173371,1.292822
1237654652561653886,853472299360217088,587728931336749357,1.688067,0.02989517,5.28955,0.2117311,3.954692,1.292822
1237654627326820529,853480545697425408,587728906101915662,2.229645,0.0414846,5.987712,0.2915913,5.118791,1.260793
1237654605863518421,650943633356253184,588010359615324383,6.535724,0.02091801,12.97743,0.09995975,14.58843,1.208133
1237654605863452834,650941984088811520,588010359615258696,6.937593,0.0359207,21.4916,0.2667564,15.70428,1.183998
1237654879667552298,662034127335221248,587729158442647607,2.500757,0.05898491,5.382612,0.4877459,4.965589,1.404811
1237654879667486952,662030828800337920,587729158442582211,1.496625,0.02444746,4.388316,0.2041799,3.215333,1.419478
1237654879665586226,660975022440998912,587729158440681744,1.583295,0.03382649,3.465356,0.236074,3.303386,1.380526
1237654879665586216,660976396830533632,587729158440681536,14.47353,0.2303224,36.39363,1.885129,29.4575,1.380526
1237654879665586210,659792222757087232,587729158440681533,1.844413,0.08376358,5.218072,0.6540574,4.14326,1.380526
1237654879665586207,659793872024528896,587729158440681534,14.31101,0.5356257,41.22347,4.144568,31.25911,1.380526
1237654879130288387,662053368788707328,587729157905383518,1.777544,0.02006985,5.15342,0.1461744,4.087423,1.362836
1237654879130222916,662052269277079552,587729157905318123,3.374098,0.03396344,8.481763,0.2557478,7.265294,1.350929
1237654879130222725,662051719521265664,587729157905318003,11.98548,0.235334,41.87069,1.457255,29.91765,1.350929
1237654879130157270,662064089027078144,587729157905252532,3.700423,0.1746843,11.14128,1.158409,9.070889,1.41783
1237654879130091648,662063264393357312,587729157905186934,7.135484,0.05994352,23.00803,0.3759871,17.9568,1.485964
1237654879128584347,659800743972202496,587729157903679590,10.37089,0.03222066,26.46434,0.1538652,24.77657,1.369362
1237654879122882724,962725824056813568,587729157897978009,7.300723,0.06041297,18.03354,0.3888605,16.2732,1.490187
1237654879122882595,961533403662936064,587729157897977888,4.973554,0.02411783,14.50646,0.1495939,11.39266,1.490187
1237654954275438624,3247105577750390784,587729233050533926,3.519659,0.01525715,10.13082,0.1099835,8.251554,1.531816
1237654954280157539,710445899754530816,587729233055252817,1.416489,0.0244365,3.932016,0.1950339,3.118701,1.286327
1237654605865222300,654246566571304960,588010359617028218,5.445586,0.0502638,15.93376,0.2938208,13.50452,1.342138
1237654654171873333,852413194533103616,587727865644777598,2.555911,0.07861119,8.634403,0.5009566,6.362798,1.362919
1237654654171938965,612524495743248384,587728668803793002,10.26644,0.04404519,32.90302,0.2545323,27.75579,1.32684
1237654654172004359,853510507389282304,587728668803793215,1.408394,0.008322248,3.387991,0.05941026,3.038598,1.340516
1237654654172004361,612523945987434496,587728668803793221,2.187237,0.03807109,5.699145,0.2303619,5.186508,1.340516
1237655125555085390,961612293622228992,588010879306891373,7.16404,0.115194,21.08219,0.8824483,15.69631,1.309351
1237654627326820628,853478071796262912,587728906101915737,3.595071,0.02163741,10.55592,0.1269813,9.105513,1.260793
1237654879118229640,955901156456949760,587729157893324938,5.468555,0.2791067,15.41475,2.262543,12.13919,1.451424
1237654879667486762,663238092735408128,587729158442582057,3.855852,0.2438147,12.12908,1.660223,8.849947,1.419478
1237654879668273354,663181742764484608,587729158443368659,3.796458,0.0541397,9.938865,0.375784,8.530182,1.561112
1237654879668338964,663167449113323520,587729158443434223,1.117619,0.00695284,2.835214,0.06191853,2.330563,1.623883
1237654879668338981,663170747648206848,587729158443434237,1.389943,0.01221767,3.829032,0.09987506,3.014244,1.623883
1237654879668404386,663171572281927680,587729158443499672,1.85394,0.008042119,4.816506,0.05800259,4.123974,1.545452
1237654879668535310,663159752531929088,587729158443630598,6.583571,0.0730068,15.69576,0.3709781,14.78555,1.525241
1237654879669387604,665483020047771648,587729158444482841,2.840734,0.01781084,7.724065,0.1111541,6.652592,1.541089
1237654880211107970,669949511174481920,587729158986203270,8.130877,0.05216047,26.47458,0.3361654,19.79539,1.302498
1237654880211108384,669939615569831936,587729158986203398,2.12861,0.0527526,6.221225,0.4328167,4.362713,1.302498
1237654653635919928,853551464197416960,587728932411015220,1.387498,0.01050872,3.852622,0.08699045,3.001514,1.273269
1237654670812774549,307499625139431424,587728949587869871,2.617613,0.05397885,7.224308,0.4087764,5.887372,1.482138
1237654953207332991,712741130277513216,587729231982428270,2.303288,0.04212175,6.213197,0.3233218,5.052318,1.310334
1237654953207333212,712739481010071552,587729231982428218,1.298441,0.01200116,3.762598,0.09924525,2.799878,1.310334
1237655108898914492,858039945187584000,587729387674009778,3.751531,0.05619901,7.722162,0.3131626,7.793167,1.662157
1237655123929333774,941318607558699008,588010877681139727,3.512998,0.01640572,10.98509,0.1166486,8.247075,2.118079
1237655123929333841,941320806581954560,588010877681139783,4.721402,0.06054121,11.11284,0.3491259,10.79651,2.118079
1237655123940606025,955913525962762240,588010877692411975,2.710177,0.04429083,7.919731,0.2900409,6.44948,1.33392
1237655123940606085,955904454991833088,588010877692412030,5.37335,0.02611802,14.07354,0.1986454,11.77026,1.33392
1237655125015855124,958190613486921728,588010878767661079,5.992266,0.01623924,19.18685,0.09014774,17.54044,1.248737
1237655108898980064,858036371774793728,587729387674075353,4.11197,0.08516956,10.54636,0.4298879,9.430177,1.560963
1237655124465418306,940184460475787264,588010878217224267,4.493324,0.02354684,10.69574,0.1583582,9.707201,1.682755
1237655124465483920,940164119510673408,588010878217289913,5.114041,0.07541196,17.33589,0.4654532,11.90634,1.627841
1237655124465483921,940181711696717824,588010878217289900,3.406405,0.06996787,10.4894,0.4278212,8.620981,1.627841
1237655124465483965,940182261452531712,588010878217289938,1.799966,0.0725635,5.662572,0.5380799,4.177771,1.627841
1237655124465483999,940178962917648384,588010878217289963,3.232012,0.03482712,9.408632,0.2422711,7.630747,1.627841
1237655124465484020,940179787551369216,588010878217289829,4.200664,0.07811456,14.24725,0.5193753,10.57016,1.627841
1237654881812545849,2058168727995705344,587730021717704877,2.348654,0.03388329,6.277195,0.2645139,5.157259,1.451592
1237655109454266372,1078711382112757760,587729388229361672,2.758337,0.1078024,9.238493,0.7045335,6.783081,1.523366
1237655109439127727,861426441370232832,587729388214222955,9.094985,0.05113436,26.95844,0.2006554,26.59849,1.489279
1237655106768207962,1076416976072501248,587732589569507482,2.091894,0.01266419,5.603978,0.09484448,4.693718,1.68564
1237655106759426069,1063980129383901184,587729385534521360,3.036412,3.455673,7.540634,-1000.0,6.587781,1.583576
1237655128235049080,1097883016627251200,587729752211521745,2.795346,0.05566585,7.812348,0.4073271,6.362187,1.274476
1237654953207332988,711730678957369344,587729231982428267,7.665297,1.377721,20.38975,-1000.0,20.08863,1.310334
1237655125015789657,958204357382268928,588010878767595526,3.817544,0.0871647,11.26799,0.611162,8.943296,1.248535
1237655125015789862,958195286411339776,588010878767595814,8.85314,0.1389101,16.47541,0.4232996,18.93849,1.248535
1237655128762810629,700366126487463936,587729407537905755,1.448729,0.02682557,4.122773,0.2208104,3.146385,1.393765
1237655473436361135,1097879168336553984,587729752211456131,1.944013,0.02641936,5.659371,0.1921865,4.481364,1.118812
1237655473429741692,917745353103534080,587729752204836993,5.952328,0.1255521,21.34533,0.7535693,15.69348,1.46492
1237655468597182871,605766069759535104,587726032268034251,2.426203,0.02333623,6.639174,0.1433441,5.739047,1.255336
1237655348358021297,917740405301209088,587729653152219296,5.596515,0.01849419,11.10145,0.1503249,10.5802,1.332587
1237655742946672747,5376327182078726144,,5.857264,0.2304564,18.92583,1.17997,17.43964,1.554916
1237655742946672691,2063828206955292672,587730021721768226,7.14186,0.03471945,18.72192,0.2332844,16.06516,1.554916
1237655469135626467,608135241885837312,,3.642007,0.02599245,12.87341,0.1559932,9.125753,1.169356
1237655348355203084,914245057467410432,588011102107009032,7.911788,0.221114,25.26676,1.52892,18.9192,1.85179
1237655503498183177,5616011647925899264,,5.323165,0.0126323,11.24344,0.07493443,10.97827,1.163164
1237655128767332787,709412908093696000,587729407542428016,4.149117,0.147655,11.84726,1.104469,9.309956,1.707414
1237655370902732815,883982648962213888,588011124654538769,5.360315,0.04586878,16.09328,0.2741271,12.8448,1.755256
1237655473429741920,917745078225627136,587729752204837194,3.365036,0.4002895,8.947427,3.346385,7.526328,1.46492
1237655473968972081,919870159441651712,587729752744067364,6.971335,0.02229724,13.7845,0.09941199,14.2989,1.498839
1237655503498313767,5621826138831867904,,6.196296,0.07522803,19.60353,0.5255771,14.39619,1.278607
1237655691404968127,1038139128438351872,587729970180063449,2.866518,0.05945576,8.183764,0.4973627,6.087374,1.309804
1237655691940331751,1035848020832315392,587729970715427064,2.951173,0.02533551,6.401765,0.1145674,6.645751,1.123717
1237655692478972061,1038213895229040640,587729971254067390,5.055178,0.02407281,13.61561,0.1498548,11.82063,1.215149
1237655692478972232,1038216918886017024,587729971254067520,7.12478,0.07868969,19.02661,0.5512613,15.45847,1.215149
1237655692479037791,1038218018397644800,587729971254133067,4.387017,0.03400668,10.11523,0.17607,10.13739,1.242282
1237655742409867289,5377306021365829632,,4.034475,0.05125809,13.06103,0.3451675,9.99433,1.582377
1237655742405672966,5382043542595325952,,3.470346,0.05466016,11.03713,0.3777991,8.167133,1.572342
1237655464320499873,7119209250824671232,,10.54017,1.511398,32.12906,10.80445,25.49295,1.475014
1237655464320499872,7577306755723710464,,8.54659,0.493802,28.421,3.238143,20.81915,1.475014
1237655368756625588,886108829253658624,588011122508431532,3.728677,0.01763878,10.48134,0.1192942,8.708961,1.732862
1237655370904764505,887347704282245120,588011124656570447,2.186537,0.05265902,6.649559,0.4096404,4.883352,1.868594
1237655370904764519,887350453061314560,588011124656570455,5.907022,0.06476234,18.68926,0.4308838,14.20756,1.868594
1237655370904764628,887349903305500672,588011124656570533,6.549598,0.1049944,21.12219,0.6140959,17.31475,1.868594
1237655473969299672,5847050106168430592,,15.18808,0.7376925,67.6396,3.123569,61.31385,1.489124
1237655473969299673,921149716333357056,587729752744394862,8.874759,1.431694,26.08188,8.095178,24.28631,1.489124
1237655473969299957,921149441455450112,587729752744395080,2.55081,0.01777699,7.789491,0.1180394,6.431736,1.489124
1237655473974345996,1101163410072037376,587729752749441271,8.813774,0.03885035,22.48861,0.2389175,20.51133,1.295253
1237655474505580845,709413182971602944,587729407542362397,12.36541,0.02739637,24.68278,0.1244069,26.68949,1.641264
1237655371429052498,629467147222935552,588009368551620694,4.861873,0.03057116,11.74781,0.2100874,10.53476,1.434835
1237655463784284387,915392123006642176,588011217536090312,1.746748,0.01069976,4.499394,0.08411305,3.77666,1.504396
1237655464319909974,914254403316246528,588011218071715932,4.337888,0.08186376,13.32914,0.5855136,10.0526,1.600021
1237655464320499874,915422084698499072,588011218072305814,0.963783,0.009563123,1.904766,0.0562511,1.948857,1.475014
1237655464320500029,915422359576406016,588011218072305931,2.958012,0.03915216,5.617994,0.2082551,6.095343,1.475014
1237655742404559043,2057101652413933568,587726102558408821,12.52777,0.1090901,34.49571,0.8486142,27.39857,1.75794
1237655742409736258,664449754582771712,587729160054833194,4.220219,0.06329004,11.53681,0.4525144,9.598819,1.508957
1237655742409736259,664451403850213376,587729160054833363,1.658728,0.01672095,3.522712,0.1105809,3.446229,1.508957
1237655742409801806,664448929949050880,587729160054833318,4.544673,0.01535683,10.97902,0.092616,10.09253,1.602497
1237655742410195023,665530573925672960,587729160055291922,4.051435,0.0719699,13.53158,0.4628647,9.669834,1.455002
1237655742410260642,665535246850091008,587726102027239592,10.28794,0.2326994,31.4209,1.707377,23.44094,1.488391
1237655742942544127,2058169827507333120,587730021717639429,2.736893,0.04896951,6.43782,0.2991622,6.100635,1.489276
1237655503498314153,1096668881180715008,587729782273409404,1.770034,0.01428596,5.401035,0.09372304,4.416177,1.278607
1237655495981990086,1029215771894507520,587729774757085408,11.8391,0.02914081,24.61302,0.2705619,22.49741,1.572068
1237655473436360831,1098937998067656704,587729752211456129,7.483448,0.1386616,20.10952,1.110602,15.45437,1.118812
1237655374647918701,921102437333362688,587729653423014004,7.392784,0.2309374,17.82729,1.152815,17.78121,1.568993
1237655370902863961,885056871487006720,588011124654669923,6.138708,0.03474986,11.41188,0.1364095,12.88375,1.564108
1237655370364223569,881720953308997632,588011124116029524,9.308803,0.01747351,20.84816,0.1085212,19.795,1.568805
1237655370364223561,881719853797369856,588011124116029516,4.576818,0.01560549,13.76336,0.07720976,12.67738,1.568805
1237655130376241254,704827120089589760,587729409151336722,7.791132,0.06678792,23.31385,0.4626799,18.24302,1.41046
1237655503498248772,1096675203372574720,587729782273343692,1.990897,0.1502026,5.500258,1.189853,4.461261,1.251478
1237655503498183074,1096768661860935680,587729782273278067,3.622051,0.1871918,12.23333,1.205536,8.769149,1.163164
1237655501889995363,1100158181046249472,587729752749507168,1.686998,0.03691606,4.431802,0.3307295,3.528227,1.270927
1237655501889994956,1101165059339479040,587729752749506681,3.015895,0.4007138,10.88158,2.467439,7.661641,1.270927
1237655501889994832,1101164234705758208,587729752749506570,13.76324,1.641183,26.42622,-1000.0,28.03647,1.270927
1237655501889929661,1101190622984824832,587729752749376180,4.745512,0.03313233,10.62571,0.1993136,10.36638,1.228567
1237655498137206990,1038152322577885184,587729776912302297,3.209182,0.0410943,7.996261,0.2745951,7.090804,1.510995
1237655498135765176,1035849120343943168,587729776910860480,2.693272,0.06480402,7.72292,0.4838847,6.12395,1.241509
1237655495981924560,1029195430929393664,587729774757019847,3.878553,0.06020253,9.058749,0.4523327,8.375612,1.467631
1237655495981793534,1029197629952649216,587729774756888784,3.687308,0.05161709,9.921916,0.3290187,8.411084,1.442195
1237655495981793339,1029194606295672832,587729774756888668,13.98001,0.0761117,38.49482,0.5560512,30.7003,1.442195
1237655474504073496,918886371379144704,587729753279168641,3.625679,0.01305788,10.28177,0.06372514,9.424137,1.581169
1237655473968906690,919860538714908672,587729752744001696,2.280908,0.009173246,5.828264,0.05996735,5.192604,1.444089
1237655473968841043,919876481633511424,587729752743936293,3.395958,0.02751888,8.245465,0.1732229,7.5194,1.450568
1237655473968840945,919873732854441984,587729752743936193,2.693591,0.008056672,6.618703,0.0620941,5.7475,1.450568
1237655473968840815,919874007732348928,587729752743936171,6.995449,0.07301509,16.3523,0.4538951,15.19775,1.450568
1237655473968840814,919872633342814208,587729752743936117,4.778627,0.03486526,14.21141,0.2020064,12.2449,1.450568
1237655473967136890,918872352605890560,587729752742232175,8.222986,0.409262,17.40042,1.621601,18.40416,1.544324
1237655473432101295,921091167339177984,587729752207196533,7.288146,0.04358241,17.84164,0.2785223,16.22512,1.398661
1237655374647918862,919871258953279488,587729653423014135,6.570623,0.05199307,14.15281,0.21518,27.92698,1.568993
1237655374647853180,919868510174210048,587729653422948486,5.133577,0.06586376,17.33962,0.4235104,12.6972,1.508483
1237655374110916718,921081546612434944,587729652886012025,2.482817,0.1240626,7.901772,0.9061352,5.60668,1.496395
1237655373573980487,919923485755598848,587729652349075776,4.632582,0.03547424,9.704621,0.1894571,9.764171,1.570688
1237655369826697452,880505992876419072,588011123578503391,3.5623,0.02216513,8.814785,0.1679729,7.525099,1.652628
1237655369826697298,880504893364791296,588011123578503259,6.699866,0.0314513,20.54408,0.2248705,15.5995,1.652628
1237655368758788270,889518691719342080,588011122510594203,1.743281,0.01406573,4.717722,0.1106235,3.852897,1.777261
1237655348355662086,915485031739189248,588011102107467979,6.444309,0.03155057,20.66846,0.2260428,14.84954,1.635104
1237655348355203481,914247256490665984,588011102107009279,5.06723,0.0788917,11.62576,0.4301892,11.53485,1.85179
1237655348355203181,914245607223224320,588011102107009066,6.536114,0.03117471,22.88015,0.1876669,15.43224,1.85179
1237655348355203169,914272545258104832,588011102107009059,2.594553,0.01083747,8.048896,0.07517152,6.231683,1.85179
1237655348355137674,914271170868570112,588011102106943632,3.910366,0.04441506,9.87,0.3128499,8.669612,1.87018
1237655129844416636,1096674928494667776,587729408619512277,10.12388,0.1568841,31.85208,1.086035,23.90606,1.338804
1237655348895351215,918842940669847552,587729653421113689,2.924824,0.01577351,8.538466,0.1013882,6.984571,1.445323
1237655348895416343,917629629504710656,587729653421113535,13.14147,0.1786943,41.47382,1.226625,30.13969,1.401053
1237655348895416346,918853660908218368,587729653421113703,1.363135,0.02639672,3.493682,0.239879,2.827093,1.401053
1237655348895416475,918850087495428096,587729653421178945,3.125942,0.1171131,10.66735,0.7532014,7.583631,1.401053
1237655368760098912,891798527603140608,588011122511904856,2.776797,0.02365913,7.727413,0.1353979,6.954098,1.817854
1237655368760098952,891796603457792000,588011122511904882,8.251693,0.09493673,29.58114,0.5664265,21.5755,1.817854
1237655368760164378,891800726626396160,588011122511970328,6.084925,0.1136078,21.8001,0.6883227,15.7136,1.849585
1237655368760164476,891800176870582272,588011122511970408,2.435018,0.01911684,6.229646,0.1466545,5.318313,1.849585
1237655368760164504,891785058585700352,,3.809674,0.01830809,8.340902,0.1250722,7.939124,1.849585
1237655368760229914,891784783707793408,588011122512035865,5.251729,0.02699489,16.88731,0.1866641,12.07807,1.955297
1237655375185117425,921148341943822336,587729653960212700,1.732364,0.019076,4.669703,0.1487083,3.833539,1.529128
1237655464844198086,881678622111328256,588011218596004020,2.659925,0.076389,7.995419,0.5282276,6.29049,1.226076
1237655464844198145,881675873332258816,588011218596004075,1.871446,0.03124602,5.010006,0.2587812,3.987993,1.226076
1237655464844263595,881675598454351872,588011218596069536,3.256318,0.01570964,8.324904,0.09992713,7.405115,1.269495
1237655464844329010,881684944303187968,588011218596134966,2.707769,0.0282218,9.301576,0.1791779,6.397601,1.184317
1237655465383362756,885063468556773376,588011219135168691,2.368536,0.02473693,5.504032,0.1434264,5.32308,1.187325
1237655465383428181,883980724816865280,588011219135234063,12.70304,0.1979945,40.57772,1.361918,30.40222,1.183776
1237655465383428182,885064293190494208,588011219135234179,2.806825,0.0156615,6.354344,0.06724486,6.385443,1.183776
1237655465385394461,887350178183407616,588011219137200361,6.164861,0.03903081,14.82601,0.1961137,13.98887,1.142463
1237655465385459816,887351002817128448,588011219137265667,1.501404,0.009921978,4.353304,0.07622924,3.369258,1.157528
1237655465922199634,887356225497360384,588011219674005629,6.525089,0.0419009,15.96753,0.2664767,14.32816,1.211489
1237655465930457311,914406685676693504,588011219682263252,6.405572,0.02550681,13.9773,0.1480603,13.94396,1.64254
1237655465930522846,914402837385996288,588011219682328819,4.280081,0.05087056,9.970235,0.2322085,9.776084,1.619993
1237655465930522972,914402287630182400,588011219682328744,1.578053,0.0128019,4.462994,0.09502815,3.609912,1.619993
1237655465930588299,914405586165065728,588011219682394142,7.888295,0.05000181,22.93819,0.1599738,25.47121,1.499608
1237655465930588359,914402562508089344,588011219682394299,2.826683,0.07302471,7.56561,0.4920661,6.395997,1.499608
1237655465930653734,914239285031364608,588011219682459693,4.688105,0.1014776,14.65422,0.7071835,11.06176,1.527604
1237655469135495480,608118749211420672,587726032806281494,3.776834,0.02547843,7.885937,0.1673512,7.646637,1.296491
1237655469135626444,608139639932348416,,3.117574,0.01885869,10.37958,0.1136975,8.2057,1.169356
1237655469135692013,608148436025370624,,9.728493,0.1031242,21.38007,0.5773828,20.98746,1.164845
1237655469135692130,608150909926533120,,8.447927,0.05084239,26.82623,0.3254375,20.80675,1.164845
1237655469135692305,608150635048626176,,1.698543,0.01727619,5.0338,0.1258323,3.773882,1.164845
1237655472358228205,919933656238155776,587729751133323512,4.030945,0.06574546,11.50657,0.4175661,9.767803,1.342712
1237655499740348566,1029193781661952000,587729778515443868,1.966881,0.02225701,5.735297,0.1689857,4.444427,1.384768
1237655742946672748,2063827657199478784,587730021721768050,3.730515,0.4371633,11.28348,2.887905,9.282329,1.554916
1237655742946672782,2063828481833199616,587730021721768070,2.781097,0.1062199,8.685459,0.8025128,6.653273,1.554916
1237655463774126308,886107454864123904,588011217525932219,4.752046,0.04253807,9.497699,0.1982263,10.3063,1.31709
1237655463774126344,886110753399007232,588011217525932153,2.155737,0.008304348,6.554117,0.05172961,5.3733,1.31709
1237655463774191677,886109928765286400,588011217525997639,4.76012,0.04497093,16.4405,0.2720283,11.94426,1.312332
1237655468597182863,606934025784813568,587726032268034246,3.215128,0.05973357,9.143399,0.407992,7.407102,1.255336
1237655501884227787,920030413261400064,587729753280610661,5.54718,0.02835066,14.97196,0.1459424,13.62429,1.325464
1237655501884293289,709415656872765440,588007003659436165,5.513622,0.2695966,18.72203,1.678849,13.62072,1.264021
1237655501884293516,709410709070440448,588007003659436291,3.323233,0.04650627,8.177083,0.3333479,7.175301,1.264021
1237655501884293573,920029588627679232,587729753280676167,2.821143,0.3816122,7.144805,2.843695,6.682679,1.264021
1237655501884358970,709412358337882112,588007003659436401,5.333578,0.05994108,11.8246,0.3498466,12.20512,1.241114
1237655370364354565,881720128675276800,588011124116160521,6.264315,0.04674924,20.27284,0.2967171,15.12324,1.58973
1237655370364354568,881718204529928192,588011124116160639,3.616273,0.06798278,9.152911,0.4687819,8.096314,1.58973
1237655370364354632,881722602576439296,588011124116160562,4.787675,0.02024201,14.32259,0.1280057,11.39134,1.58973
1237655473429741698,917740955057022976,587729752204837174,3.443415,0.03066909,7.547655,0.1075115,8.568399,1.46492
1237655473429741825,917742879202371584,587729752204837104,5.378061,0.02865165,11.48457,0.1765969,11.23507,1.46492
1237655473436295765,1098949817817655296,587729752211391105,5.399951,0.02871213,12.41815,0.2227412,11.0856,1.097877
1237655691404902574,1038138028926724096,587729970179997864,1.683169,0.009367175,4.157437,0.07145901,3.60454,1.273055
1237655691404902745,1038135280147654656,587729970179998046,2.342688,0.04648432,4.888675,0.2819415,5.012419,1.273055
1237655691404902756,1038140227949979648,587729970179998056,7.223956,0.02953164,16.46639,0.148961,16.21017,1.273055
1237655691940266337,1035846646442780672,587729970715361671,2.329796,0.03208978,5.361741,0.1668276,5.283459,1.146396
1237655691940266355,1035844722297432064,587729970715361690,2.449711,0.02993701,7.253071,0.2061006,5.805752,1.146396
1237655691940266371,1035847471076501504,587729970715361504,4.705428,0.146279,18.07289,0.7720861,12.31881,1.146396
1237655692479037666,1038218293275551744,587729971254132942,5.149972,0.02695082,17.32939,0.1722363,12.17241,1.242282
1237655692479037882,1038219667665086464,587729971254133142,3.698173,0.04992046,10.40508,0.3149853,8.810414,1.242282
1237655692479102982,1038220492298807296,587729971254198276,2.506518,0.4878687,8.079695,-1000.0,5.872412,1.238536
1237655471822209115,1321928857976072192,587733609628696642,3.224993,0.08929517,10.01842,0.6177741,7.62744,1.442845
1237655471822209218,1321920336760956928,587733609628696690,5.743362,0.1137351,14.26361,0.7383393,12.88881,1.442845
1237655348892598387,915491903686862848,588011102644404341,6.552842,0.03585379,16.75059,0.1828744,15.49865,1.568006
1237655464856780879,914259625996478464,588011218608586847,3.605963,0.1240088,10.98258,0.894697,8.395213,1.579292
1237655473968775626,919883628459091968,587729752743870843,5.402409,0.03065519,11.78021,0.2588772,10.78211,1.50587
1237655742946672960,2063827932077385728,587730021721768204,5.510178,0.0796034,11.66955,0.4103045,11.84156,1.554916
1237655742946672939,2063827382321571840,587730021721768177,1.94184,0.03548112,5.370783,0.2601837,4.435038,1.554916
1237655742946672910,2063829031589013504,587730021721767963,3.881636,0.05050222,13.09755,0.3177414,9.188235,1.554916
1237655742946673034,2063824633542502400,587730021721768282,2.713133,0.0253778,5.770349,0.2065493,5.365847,1.554916
1237655742946672967,5377570179034402816,,5.35445,0.2603153,15.73583,1.561801,13.25996,1.554916
1237655742946672966,5376327731834540032,,2.537747,0.06985948,8.388506,0.4573023,6.009673,1.554916
1237655742947262473,5376227126520598528,,2.080789,0.0247054,6.030025,0.1770414,4.861701,1.459052
1237655743483281638,5377540492220452864,,3.958106,0.06597985,7.979572,0.3980218,8.016181,1.602398
1237655743482757360,2061526104417527808,587730022257852621,2.655592,0.1409755,8.019861,1.070081,5.889012,1.65985
1237655743485051105,2066072859976951808,587730022260146397,4.530739,0.1864619,13.65326,1.297141,9.820984,1.235013
1237655743485051204,2066085504360671232,587730022260146458,1.886158,0.03762447,5.484499,0.2709527,4.231589,1.235013
1237655743485968661,2067225972863690752,587730022261063985,4.666101,0.02316924,12.86803,0.1306854,11.24275,1.163072
1237655744020349119,5492219830848475136,,3.750096,0.06447314,12.0198,0.4549624,9.008047,1.422827
1237655742947197070,5376407996183367680,,5.429546,0.3978633,35.91479,2.037989,37.69001,1.432861
1237657400806277320,934534344544905216,587731679581372618,10.07643,0.02410487,20.29951,0.1358764,20.59365,1.386667
1237657400806342819,933546158519773184,587731679581438134,1.964115,0.02201662,4.548608,0.1779342,4.077895,1.392532
1237657591393157322,1140654573669607424,587731870168252468,3.276503,0.1333718,8.335335,0.8089961,7.24915,1.181778
1237657591934025805,1147416845058336768,587731870709121125,6.194147,0.02519302,13.88321,0.1381507,13.45964,1.261788
1237657591934025821,1147417394814150656,587731870709121029,5.263925,0.06936129,16.82084,0.3362893,14.24051,1.261788
1237657606426722320,5186020419648638976,,1.220512,0.03688834,2.166495,0.1707332,2.435907,1.241196
1237657606426788079,933491457816291328,587731681191395586,4.60091,0.01216157,10.69024,0.07011274,10.22992,1.287777
1237657606427246665,933481562211641344,587731522815983870,11.14771,0.0254218,25.91901,0.1545618,24.31193,1.515549
1237657608040349898,6458249377219891200,,3.896952,3.517716,10.8439,-1000.0,9.238162,1.630579
1237657632188727350,939125355732559872,587731522820964430,6.612564,0.03352802,16.62299,0.1630135,16.57029,1.229407
1237655743485509736,2066051694378117120,587730022260605064,6.796732,0.07950688,19.00724,0.4977634,16.15624,1.177196
1237657117875372073,933543959496517632,587731521205567501,4.898309,0.1281613,16.56754,0.8218829,11.98128,1.260968
1237657400810471527,939037119924430848,587731679585566832,6.889345,0.02806024,15.76179,0.1920132,14.15779,1.566604
1237657595152367644,1007799482059876352,587732050282217782,3.277945,0.01460382,7.6087,0.09439123,7.065346,1.109083
1237657595152367891,1007800856449411072,587732050013847771,6.635394,0.05088288,13.13478,0.2381406,14.98458,1.109083
1237657220414308480,1023501054471333888,587731499189403797,7.524858,0.03497889,15.55297,0.2210713,14.98488,1.488016
1237657244046000150,939145146941859840,587731522821095437,5.695599,0.3604672,14.70465,2.530696,12.60548,1.427229
1237657220414308394,1022324576928950272,587731499189403699,1.548007,0.1312305,4.083691,1.311059,3.180175,1.488016
1237657220414308527,1022324851806857216,587731499189403823,14.07392,0.0451328,31.71307,0.2275505,31.31655,1.488016
1237657220414308640,1022323752295229440,587731499189403871,2.812577,0.01899686,7.022886,0.1207028,6.32918,1.488016
1237657590857400524,1142893729552558080,587731869632495783,3.665854,0.1360719,10.67981,1.017676,8.274346,1.286142
1237657590857531471,1141815108192724992,587731869632626764,4.084525,0.01027888,9.809626,0.05095564,9.338213,1.514748
1237657770705289289,1011211541938202624,587732049480384567,6.132926,0.0180563,20.9312,0.1056649,14.31613,1.452436
1237657770705289247,1012255253585750016,587732049480384538,4.516284,0.4869048,10.46985,4.491669,9.739954,1.452436
1237657629511712956,972921319580526592,588013383263518729,5.973751,0.02004687,14.36137,0.124337,13.0585,0.8976979
1237657628431679510,967183518100645888,588013382183485487,8.468987,0.05643341,24.15062,0.3585162,19.46149,1.103683
1237657611263475859,1023506277151565824,587731890038571116,8.128699,0.02483051,17.45617,0.1318346,17.25657,1.642715
1237657595152498732,1007810477176154112,587732050013913292,7.67969,0.03804135,22.16822,0.2780509,17.64127,1.150354
1237657595152236851,1007745331112208384,587731873927332124,4.830728,0.184715,12.65402,1.151182,11.22652,1.293643
1237657401347407877,939050863819778048,587731680122503173,10.39041,0.04306025,30.38089,0.3208864,23.60541,1.427384
1237657400808833194,936780372241311744,587731679583928502,4.464451,0.01486467,9.65284,0.1102249,9.088922,1.361141
1237657242434732134,939052238209312768,587731521209827454,6.723498,0.1192445,16.02605,0.6455858,14.86267,1.587266
1237657242433093724,936912313636644864,587731521208189015,5.06102,0.06243045,12.92208,0.4383315,11.31783,1.751782
1237657769628926213,933486235136059392,587731522815983768,6.56467,0.04233201,15.27608,0.3050056,13.84341,1.519263
1237657629513810174,1351158822932080640,588013383265616108,3.265825,0.02633489,9.464672,0.1723792,7.67928,1.052666
1237657629513810033,1351157998298359808,588013383265615959,7.577766,0.2226967,22.73755,1.564075,17.56526,1.052666
1237657629512892647,1350035947269416960,588013383264698531,4.359887,0.02518779,11.68188,0.1184697,10.81685,0.9612561
1237657629512827188,1348892179728197632,588013383264632916,7.031861,0.03848587,16.53735,0.2326058,15.36536,0.9217622
1237657629512827171,1348891629972383744,588013383264632903,2.252474,0.03453752,6.593407,0.2230814,5.458518,0.9217622
1237657629511713101,973981523717941248,588013383263518811,1.52214,0.03213619,4.892727,0.2193479,3.637227,0.8976979
1237657629511712801,973983172985382912,588013383263518776,4.331915,0.05350516,12.60245,0.3489778,9.429819,0.8976979
1237657612341543037,1481792626108688384,587731891116638314,5.395566,0.05434662,16.70518,0.389364,12.72313,1.531836
1237657612341543027,1480732696916289536,587731891116638309,2.259733,0.01108605,5.672583,0.09025012,4.789774,1.531836
1237657608573944082,1007796183524993024,587731887349039325,3.896258,0.03150324,8.05382,0.1831901,8.121723,1.282027
1237657608573943931,1007796733280806912,587731887349039209,9.341861,0.1993653,29.33655,1.297197,23.40343,1.282027
1237657608573878566,1007801131327318016,587731887348973848,1.85493,0.01810255,4.755085,0.1486026,3.942557,1.298104
1237657608573812810,1007788212065691648,587731887348908142,3.786309,0.02172254,15.88323,0.101601,16.15905,1.324118
1237657608036941991,1007734610873837568,587731886812037310,4.054642,0.1261485,9.281816,0.8213561,8.582047,1.307754
1237657606427181311,933471391729084416,587731522815918361,4.74043,0.3171825,11.80515,1.934368,10.95024,1.386945
1237657606427181201,933472766118619136,587731522815918267,2.624235,0.09700551,9.078365,0.5985556,6.302066,1.386945
1237657606427115653,933482936601176064,587731681191723151,5.752865,0.1896463,19.93575,1.14732,14.23321,1.397813
1237657606426787999,933481012455827456,587731681191395384,4.909813,0.02692638,11.5993,0.2017497,10.2538,1.287777
1237657606426722566,933478538554664960,587731681191330003,2.163749,0.02617205,5.258324,0.2425102,4.358554,1.241196
1237657606426722502,933479912944199680,587731681191330019,2.285519,0.04154088,6.647826,0.2670146,5.545004,1.241196
1237657606426722476,933477988798851072,587731681191329869,4.978196,0.06396408,17.50831,0.3733281,12.75542,1.241196
1237657606426722319,933478813432571904,587731681191329815,7.268688,0.05438409,20.33335,0.3544661,16.37006,1.241196
1237657591934025877,1147436636267636736,587731870709121156,2.092015,0.01015194,4.892668,0.07460643,4.442701,1.261788
1237657591394467915,1142921492221159424,587731870169563280,12.38916,0.0257821,25.01432,0.1089517,27.20688,1.338174
1237657244045934827,939124805976745984,587731522821030096,5.751131,0.03642071,12.75419,0.2520564,11.98542,1.362653
1237657242434601068,939035195779082240,587731521209696365,2.606332,0.02573039,5.037796,0.1182835,5.528033,1.439836
1237657242433028261,936900768764553216,587731521208123542,3.150161,0.01877705,9.335188,0.1314696,7.403172,1.913206
1237657242433028141,936778997851777024,587731521208123453,6.110607,0.1437789,21.02498,0.9210786,15.34863,1.913206
1237657117875372196,933532139746519040,587731521205502153,5.185896,0.2354252,13.31255,1.509774,11.62128,1.260968
1237655744023626322,2067301289410193408,587730022798721581,3.889546,0.02938201,7.958525,0.1917474,7.875898,1.185395
1237655744022511821,2066183086017636352,587730022797607135,6.162442,0.03298386,12.24478,0.1285518,14.16128,1.32548
1237655744022446248,2066171541145544704,587730022797541566,3.66666,0.3425739,11.78259,2.427955,8.498746,1.219255
1237657630590369984,979643184000821248,588013384342175859,3.219339,0.03744769,9.526473,0.2902666,7.160689,1.096078
1237657630053433424,979646482535704576,588013383805239381,7.450116,0.02233032,16.28877,0.1305985,15.73969,1.071724
1237657630042161415,966134034235156480,588013383793967392,6.780438,0.0351862,15.06288,0.1858995,14.60091,1.076579
1237657628446097527,981814994578466816,588013382197903589,3.43379,0.04224772,7.792739,0.2678503,7.378199,1.228012
1237657628446097522,981817468479629312,588013382197903486,7.735746,0.09803756,24.43818,0.6484078,18.61939,1.228012
1237657628446097434,981827089206372352,588013382197903390,3.664831,0.360774,11.91683,2.470668,8.526317,1.228012
1237657117338566713,934533519911184384,587731520668762157,7.275309,1.483579,24.22742,8.348116,20.89648,1.254703
1237657117338566712,933542035351169024,587731520668762156,4.681211,0.06373819,14.03999,0.451582,10.64932,1.254703
1237655745088061490,2056004889028356096,587730023863156800,9.48788,0.289205,31.1763,1.899689,22.97207,1.418094
1237655744022970674,2067272152352057344,587730022798065776,2.841549,0.02355818,9.30664,0.1535152,7.198778,1.240308
1237655744020545738,2063917817152956416,587730022795641021,3.986362,0.04149119,10.07695,0.2597654,9.16449,1.36829
1237655744020545540,2063920291054118912,587730022795640836,4.995978,0.3869798,15.66049,2.579643,12.41599,1.36829
1237655744020349122,2063907646670399488,587730022795444411,8.614302,2.026067,27.78346,-1000.0,23.3751,1.422827
1237655744019234975,2062745182935214080,587730022794330293,4.514551,0.03114041,13.19528,0.230796,10.55262,1.628124
1237655743482757400,2062709723685218304,587730022257852659,4.554463,0.06493891,9.907114,0.3942456,9.823561,1.65985
1237655743483281567,2062677013214291968,587730022258376919,4.269313,0.01984631,10.18352,0.1628996,8.852058,1.602398
1237655743483281580,2062680861504989184,587730022258376765,5.095051,0.02096526,15.13522,0.164299,10.74838,1.602398
1237655743484330046,2064940637861472256,587730022259425339,3.395538,0.3891664,11.43544,2.520072,8.165454,1.365006
1237655743484330087,2064941462495193088,587730022259425603,4.751184,0.08699051,14.34392,0.5797701,11.21149,1.365006
1237655743484330109,2064943936396355584,587730022259425410,4.950541,0.1546184,16.159,0.9149589,12.91621,1.365006
1237655743484330540,2064943111762634752,587730022259425620,4.170599,0.1212158,10.39759,0.6867379,9.830007,1.365006
1237657591386079240,939158341081393152,587731681196965893,13.6251,0.3098728,39.6179,1.733377,34.34046,1.631733
1237657591386079510,939155867180230656,587731681196966130,4.369118,0.09991624,9.462036,0.6496084,9.158772,1.631733
1237657628439347341,1348832806100297728,588013382191153306,7.086445,0.02186206,23.0307,0.1371577,16.71062,1.163669
1237657628439347343,1348855895844481024,588013382191153458,2.320167,0.01069763,6.318669,0.0674617,5.481574,1.163669
1237657628439347487,1348829507565414400,588013382191153418,3.533547,0.06401901,8.547373,0.501084,7.463617,1.163669
1237657628439412747,1348857819989829632,588013382191218699,1.470253,0.01255679,4.084814,0.09949197,3.248199,1.173665
1237657629505355824,967226124176222208,588013383257161769,4.317727,0.0452742,13.89912,0.2658356,11.15816,1.004434
1237657402416758934,933493107083732992,587731681191854241,6.728353,0.08770271,13.48643,0.3638832,17.34585,1.477118
1237657590311616620,939061309180241920,587731680122503257,11.35767,0.05233204,23.59315,0.2567807,24.71923,1.680997
1237657627919319141,1093404159920596992,588013381671125076,5.066714,0.2825662,16.82639,1.870897,12.49203,1.302431
1237657630590238967,979633013518264320,588013384342044771,14.01819,0.02380954,29.42837,0.1540681,27.93507,1.084834
1237655743482757156,2061525554661713920,587730022257852453,4.547606,0.0889347,15.0768,0.5819219,11.6051,1.65985
1237655743482691805,2062722917824751616,587730022257787070,5.311679,0.04539837,11.55428,0.2261576,11.52716,1.493446
1237655743482691702,2061525279783806976,587730022257787002,2.342467,0.01401952,6.916415,0.0994966,5.546982,1.493446
1237655742947262475,2064967850774259712,587730021722357996,1.327546,0.007439865,3.145808,0.05163943,2.874072,1.459052
1237655742947262470,2064970324675422208,587730021722357790,11.29196,0.1512011,35.3301,0.9168351,27.1375,1.459052
1237657591393157159,1139558909359450112,587731870168252470,5.917121,0.05171658,13.6783,0.2388517,13.52467,1.181778
1237657591393091821,1140652374646351872,587731870168187126,3.992062,0.07482693,10.30118,0.517717,8.744996,1.183474
1237655743486034203,2067228171886946304,587730022261129456,2.395892,0.1582249,7.460796,1.157046,5.503308,1.155948
1237655743485050967,2066084129971136512,587730022260146271,3.029576,0.1258451,10.13375,0.8364088,7.147374,1.235013
1237655743485051017,2066074234366486528,587730022260146310,2.989248,0.03709809,9.479583,0.2585762,7.141168,1.235013
1237655744020349114,2062658321516619776,587730022795444406,2.550434,0.03227924,5.626489,0.2133231,5.45303,1.422827
1237655744023691333,2067313384038098944,587730022798786648,10.00829,0.07814068,27.0867,0.5015882,23.18318,1.18705
1237655744023691585,2067313933793912832,587730022798786824,3.35042,0.02573924,8.491236,0.1657259,7.648385,1.18705
1237657591393157229,1140655673181235200,587731870168252537,3.61779,0.06497512,9.319304,0.4726472,7.914934,1.181778
1237657591393157289,1140655948059142144,587731870168252613,4.482261,0.02656996,12.90602,0.2053553,9.750535,1.181778
1237655743485575194,2066038775116490752,587730022260670492,4.12784,0.1478521,15.18896,0.8289722,10.52946,1.286537
1237655743485575197,2066040149506025472,587730022260670494,18.15885,0.2623818,56.60634,1.886988,41.59109,1.286537
1237655743485575198,2066039874628118528,587730022260670493,1.711084,0.01719109,4.850253,0.115076,4.03115,1.286537
1237655743485575615,2066051419500210176,587730022260670827,1.480436,0.0207973,3.616851,0.1131172,3.395478,1.286537
1237657400810471512,939037669680244736,587731679585566825,4.757387,0.3316502,15.86052,2.004189,12.52715,1.566604
1237657595152302205,1007746155745929216,587731873927397448,5.612392,0.04942561,18.86598,0.3110377,13.94828,1.090399
1237657595152302415,1007744506478487552,587731873927397596,2.45683,0.05302614,7.246374,0.3936727,5.626662,1.090399
1237657595152433227,1007797008158713856,587732050013847730,3.784309,0.9050934,14.24251,-1000.0,9.723754,1.089797
1237657611263475731,1023504902762031104,587731890038571029,9.051094,0.2465904,29.43502,1.623159,21.17734,1.642715
1237657629512826964,1350035397513603072,588013383264632938,8.285021,0.6937335,26.70604,4.175975,20.33286,0.9217622
1237655742946738374,2063803467943667712,587730021721833697,2.019479,0.06976255,6.171781,0.5189887,4.617317,1.578809
1237657591934025822,1480591959427934208,587731870709121030,1.75951,0.01180453,4.515525,0.08104609,3.971035,1.261788
1237655744022053053,2048035096459503616,587730022797148426,2.954676,0.05412202,7.938761,0.4305395,6.438583,1.300257
1237657627919319142,995307377228015616,588013381671125077,6.15291,0.0373732,15.78255,0.2297369,14.08272,1.302431
1237657627919319144,995309576251271168,588013381671125150,1.724518,0.4228414,3.9343,-1000.0,3.762839,1.302431
1237657627919384583,995307102350108672,588013381671190605,3.658372,0.06811044,12.29507,0.4611799,8.661418,1.285049
1237657628452388926,990871947204126720,588013382204194882,9.120893,0.1201587,30.63543,0.7841349,22.01763,1.135969
1237657628452389021,990871672326219776,588013382204194911,5.921966,2.944975,14.35537,-1000.0,13.4792,1.135969
1237657628452389042,990873871349475328,588013382204194936,2.820215,0.04058709,9.164855,0.2835023,6.613374,1.135969
1237657628452389069,990872496959940608,588013382204194957,2.465216,0.02138594,7.907988,0.1453973,5.495894,1.135969
1237657242432897038,936798239305263104,587731521207992332,5.342148,0.1069528,17.78651,0.6808434,13.21227,1.801135
1237657242432962648,936790542723868672,587731521208057936,2.857497,0.03034464,6.951015,0.2351089,6.078235,1.678769
1237657242432962703,936790267845961728,587731521208057992,5.747235,0.02581467,12.99145,0.160194,12.322,1.678769
1237658491204665407,6059805054977986560,,3.107488,0.02284917,7.707248,0.1018556,7.676702,1.432242
1237657770705289440,1012252229928773632,587732049480384688,1.702818,0.01543918,4.664509,0.1194546,3.77366,1.452436
1237658310794477718,1076418900217849856,587732589569573003,4.765183,0.03748616,15.24075,0.125285,14.57388,1.747417
1237658310794412153,1076416426316687360,587732589569507483,1.73471,0.00988026,4.431305,0.07492717,3.811525,1.710386
1237658310794412098,7845294023598428160,,3.526971,0.1493408,11.58052,1.013629,8.080135,1.710386
1237658310794412097,1076416151438780416,587732589569507385,10.6479,0.2138876,34.38329,1.354672,26.55141,1.710386
1237658205595041863,7602110087789039616,,7.963794,0.2063095,16.04504,1.237073,15.82904,1.418167
1237657775534637628,966133759357249536,587732054309732882,3.87919,0.03540869,9.449485,0.2361503,8.520613,1.31039
1237657858222391375,7522381476891217920,,6.908918,0.05582245,20.62529,0.3401713,17.14601,1.378666
1237658205048930354,7515422667731914752,,9.008886,0.550288,22.14404,4.605855,18.92062,1.213395
1237658304886079607,865906164804642816,587728932957978759,1.843176,0.01441368,5.027731,0.09831359,4.257332,1.322582
1237657776082780208,979634113029892096,587732054857875490,3.195974,0.0384021,10.23074,0.2284781,8.146135,0.9247804
1237657776082780320,979634662785705984,587732054857875585,1.779136,0.3396261,4.91651,-1000.0,4.293281,0.9247804
1237657874868535396,5144466566767988736,,6.298886,0.07046259,15.49084,0.2662429,14.80283,1.808876
1237657874868535397,1059583183340726272,587732153643630678,4.669589,2.531197,10.96492,-1000.0,10.06771,1.808876
1237658203423310082,1056109551213897728,587732482198405349,10.76953,0.03026214,22.29906,0.2094755,21.58704,1.201591
1237658192145088727,5019451543340208128,,9.32866,0.03128485,18.76881,0.1526463,19.70401,1.265023
1237658205037002810,1059623040637233152,587732483812098113,6.061276,0.02068098,16.16286,0.1214172,14.08722,1.404433
1237658297923731566,649755061756389376,588010360687755375,2.309557,0.01662637,6.802364,0.1162623,5.443737,1.405554
1237658310794412217,1076415876560873472,587732589569507458,6.125833,0.02894048,15.55006,0.1496028,14.47368,1.710386
1237658425163776192,1124919461573322752,587732703938871507,5.042744,0.03388186,12.89939,0.2699256,10.53729,1.251166
1237658425163841691,1124920561084950528,587732703938936984,2.129696,0.01874789,5.345569,0.1071516,4.953607,1.290533
1237658493355557205,1386087284645849088,587732772130652369,3.192151,0.05128807,8.732316,0.3951728,7.039328,1.427702
1237658493883711562,6030325498919538688,,7.355623,0.03198698,15.30253,0.1867203,15.39706,1.420748
1237657873254908123,1056107901946456064,587732152030003342,2.360551,0.02113801,5.709669,0.1468143,5.172214,1.652739
1237658203961884800,1058382241110976512,587732482736980117,1.951551,0.02505475,4.678973,0.2280365,3.973851,1.340132
1237658203961884821,1058382790866790400,587732482736980138,2.766085,0.03041955,7.11872,0.2372843,6.093822,1.340132
1237658312939798811,1073142080856942592,587732591714893937,5.753307,0.05271855,14.87796,0.2822271,13.63923,1.231327
1237658312943599687,1078716329915082752,587732591718695083,5.19915,0.02997146,13.90107,0.1516797,12.97505,1.676159
1237658492278735050,1381533107617818624,587732771053830317,3.083014,0.06690402,6.211663,0.4285775,6.403549,1.36887
1237657878077636811,1046007786002999296,587732156852732408,5.842749,0.05623714,16.15723,0.4422125,12.849,1.113242
1237657775006351385,1351161846589057024,587732053781446688,2.537455,0.02957594,6.153852,0.1953176,5.637722,1.282847
1237658192144761218,1046008610636720128,587732470919856513,5.309656,0.01572637,12.0958,0.1091265,11.17422,1.316716
1237658203961884806,1058379767209814016,587732482736980124,1.773807,0.01138183,4.259313,0.09295521,3.734599,1.340132
1237658203988361304,1454735293310593024,587732482763456537,5.257363,0.03116361,17.2438,0.1758458,13.99347,1.510723
1237658491204665589,1381549050536421376,587732769979760858,3.753053,0.04542943,8.384153,0.2062884,18.02044,1.432242
1237658493891903500,1384978151402137600,587732772666998796,10.06219,0.1037808,28.63089,0.6856326,23.45347,1.47186
1237658493346250925,3249499763850110976,587732772121346233,1.591369,0.01455749,4.146855,0.1223738,3.356726,1.290902
1237658493346250798,3249496190437320704,587732772121346109,6.934718,0.03591274,20.35527,0.1523659,20.24235,1.290902
1237658491211874463,2017780380223956992,587732769986969745,1.924614,0.01127837,4.73389,0.08708269,4.122338,1.48289
1237658491211874420,2017779005834422272,587732769986969705,3.765721,0.01655707,9.310483,0.1281938,7.980402,1.48289
1237658491211809011,2017780105346050048,587732769986904264,2.037926,0.01620788,5.605845,0.1253523,4.551897,1.487799
1237658491211808865,2017778730956515328,587732769986904172,5.569887,0.1514763,20.25595,0.8810902,14.20305,1.487799
1237658313478045858,1075380961375447040,587732592253141134,5.187244,0.01986131,10.3223,0.109043,10.43742,1.621348
1237658298999898164,1128191608345356288,587732577774993474,4.12775,0.01584953,9.589744,0.1294037,8.483629,1.736003
1237658205578723439,1084347207747921920,587732484353818728,6.666923,0.02856846,14.26324,0.1751902,13.79321,1.107029
1237657878077702256,1045999814543697920,587732156852797555,4.377777,0.02386581,12.55517,0.1553721,10.45315,1.140332
1237657878077702252,1046001188933232640,587732156852797599,4.802237,0.1614878,14.26097,1.285859,10.38013,1.140332
1237657878077702182,1046000089421604864,587732156852797482,6.262523,0.02273084,18.57297,0.1462421,15.53645,1.140332
1237657878077637082,1046005861857650688,587732156852732381,4.283291,0.09176229,10.971,0.5742041,9.932441,1.113242
1237657856065994763,984115447764903936,587732134841090060,8.395774,12.60842,44.11508,-1000.0,39.40982,1.501663
1237657856065994762,984114073375369216,587732134841090153,11.6176,0.6018627,35.47215,4.006547,28.39508,1.501663
1237658493891903612,1384980350425393152,587732772666998878,3.419426,0.03460513,10.49325,0.2129766,8.53722,1.47186
1237658493891706939,1384968530675394560,587732772666802222,5.008294,0.01715847,12.9108,0.1216808,11.07985,1.470477
1237658493883711660,1373741968055625728,587732772658806956,3.790509,0.05169505,8.221597,0.3029587,8.052866,1.420748
1237658493883711521,1373724100991674368,587732772658806821,4.175716,0.08797032,13.45683,0.547012,10.16719,1.420748
1237658493355557008,1385025155524225024,587732772130652384,12.34058,0.198239,39.84985,1.31815,29.32668,1.427702
1237658493355556919,1385027904303294464,587732772130652231,4.200298,0.1405121,14.12404,0.8451114,10.13881,1.427702
1237658493355425827,1385027354547480576,587732772130521126,7.16812,0.231572,22.84826,1.394091,16.381,1.255022
1237658493353656373,1383828337973028864,587732772128751703,2.421741,0.01350174,6.595,0.09076503,5.560105,1.201133
1237658491734982745,3248281779827664896,587732770510078187,8.357001,0.06631645,20.99295,0.3639455,19.92213,1.378523
1237658425165742187,3249415101454772224,587732769973272703,10.03701,0.04816536,18.49494,0.1895918,20.79383,1.596606
1237658424075813067,1334328048253691904,587732702850908412,9.350808,0.3804398,21.84365,2.265998,20.14062,1.529833
1237658423555784775,1128200679316285440,587732577774862440,2.640672,0.07766671,8.073391,0.5456859,6.398526,1.444764
1237658312943796369,1078729249176709120,587732591718891658,6.240286,0.02574967,12.92943,0.1588428,12.93644,1.660722
1237658311329906902,1075317464578942976,587732590105002196,1.918597,0.04263344,5.645558,0.3649711,4.159845,1.540218
1237658311329906861,1075320488235919360,587732590105002175,8.191456,0.1986383,23.82773,1.399895,18.99248,1.540218
1237658311329906831,1075320763113826304,587732590105001996,1.285521,0.01086223,3.170946,0.08229311,2.770458,1.540218
1237658311329906723,1075321037991733248,587732590105002040,5.490173,0.1044332,11.7542,0.508206,13.02392,1.540218
1237658302202970401,1063993873279248384,587732580978065625,1.974222,0.02480241,5.433858,0.1749848,4.564163,1.368904
1237658302202904739,1063988925476923392,587732580978000038,2.257866,0.02190597,5.319316,0.1816778,4.618151,1.368666
1237658300056666766,1334282418521139200,587732578831761899,2.286104,0.01491749,6.16831,0.1148347,4.985553,1.399185
1237658300056666563,1334321451183925248,587732578831762003,2.850788,0.03399399,7.810761,0.2660891,6.355429,1.399185
1237658300056666510,1334319527038576640,587732578831761637,5.533777,0.03119712,18.79826,0.1963513,13.46239,1.399185
1237658300056666431,1334280769253697536,587732578831761584,2.613655,0.1792279,7.766234,1.187836,6.413427,1.399185
1237658300056666239,1334320076794390528,587732578831761528,17.21522,0.1316637,51.48927,0.8509178,40.86996,1.399185
1237658297923797167,649767981018015744,588010360687886499,7.452326,0.4474352,20.76581,3.059209,16.63858,1.411764
1237658297923797032,649766331750574080,588010360687886355,9.908619,0.06077274,25.00917,0.220751,24.75895,1.411764
1237658205595107573,1450306460390025216,587732484370202828,6.909905,0.08330484,14.78411,0.5049684,14.65234,1.355567
1237658203971518564,1088798580455532544,587732482746613920,5.295419,0.06042721,18.85876,0.3654577,13.84862,1.143772
1237657878614638862,1046009435270440960,587732157389734187,3.362329,0.01916849,9.003414,0.1442644,7.461418,1.12706
1237657856065994926,982959591803348992,587732134841090087,1.544536,0.01510423,4.032485,0.1294307,3.241663,1.501663
1237657856065929429,982956018390558720,587732134841024633,4.169262,0.02282334,12.1889,0.0991576,12.04054,1.485402
1237657856065929302,982958767169628160,587732134841024644,2.481706,0.07566802,8.009963,0.5527388,5.624259,1.485402
1237657856065863801,982964539605673984,587732134840959022,3.882302,0.1263324,14.57599,0.6650321,10.312,1.464816
1237657851234025624,981788331421493248,587732134303236200,3.540822,0.01549585,8.230655,0.1609329,6.918266,1.36186
1237657775541059834,972901253493319680,587732054316155110,2.211656,0.04057797,5.734963,0.2941968,4.935431,1.339994
1237657773924352400,1046024003799508992,587732471456727400,4.889474,0.07371669,13.14554,0.5414773,10.958,1.244909
1237657772321472671,1063976281093203968,587729385534455885,4.569517,0.06285466,15.4314,0.3979638,11.11198,1.393802
1237657772321472648,1063976006215297024,587729385534455956,3.613172,0.01786551,7.874622,0.1238199,7.420469,1.393802
1237658491735179378,3248248244723017728,587732770510274694,5.04752,0.0201958,13.14571,0.1274323,11.80916,1.422973
1237658304886079663,865920458455803904,587728932957978806,4.62378,0.08467571,15.33785,0.5483477,11.11373,1.322582
1237658304886014057,626022371840518144,588010134658351220,6.196607,0.03500905,15.06788,0.1680275,14.22567,1.439001
1237658205573939256,1059620291858163712,587732484349034566,12.16821,0.01731702,23.93794,0.1116185,23.96802,1.349016
1237658205573873789,1059596927236073472,587732484348969030,4.520381,0.02034565,11.65043,0.1128307,10.53912,1.38929
1237658205573808387,1059582083829098496,587732484348903629,9.906039,0.2609216,23.58586,0.7248741,43.76362,1.392281
1237658205573808201,1059584007974447104,587732484348903501,18.00407,0.07049082,44.24613,0.5151288,38.28606,1.392281
1237658205048995851,1093381619932227584,587732483824091150,1.936947,0.1775375,6.271374,1.255957,4.475641,1.207292
1237658204514812077,1442386678504253440,587732483289907396,7.972316,0.05447993,15.4134,0.215347,17.1944,1.134925
1237658204514811929,1441181613508552704,587732483289907215,3.20155,0.07313884,9.399735,0.523489,7.307825,1.134925
1237658204514811907,1441181888386459648,587732483289907203,4.682669,0.1215002,14.73183,0.8214187,10.90023,1.134925
1237658204514746433,1442385304114718720,587732483289841738,4.673943,0.3628008,14.21778,2.594592,9.954114,1.120782
1237657858222456990,995443716669859840,587732136997552241,2.609859,0.00776478,5.369714,0.06037314,5.114481,1.438014
1237657858222456920,995443166914045952,587732136997552132,6.999796,1.129859,19.36235,9.317908,17.12067,1.438014
1237657858222391531,995442342280325120,587732136997486775,2.922007,0.01370453,6.026502,0.07598316,5.975999,1.378666
1237657775541190877,972932589574711296,587732054316286010,1.996372,0.01777797,5.232025,0.1411425,4.323839,1.044235
1237657775534702644,967230247344826368,587732054309797930,7.18997,0.127532,21.90207,0.9086981,16.68897,1.241812
1237657775534637474,966137607647946752,587732054309732720,6.02836,0.02787603,12.85355,0.2158659,12.10133,1.31039
1237657775534637138,966155474711898112,587732054309732732,5.771601,0.5214079,17.15167,3.96381,13.4295,1.31039
1237657851234156610,981802075316840448,587732134303367245,2.681038,0.03419463,7.120911,0.2676908,5.820245,1.358263
1237658204514746432,1441182438142273536,587732483289841737,4.406631,0.08639103,13.52441,0.6213003,9.846419,1.120782
1237658205578657826,1084350506282805248,587732484353753123,5.166681,0.009132507,11.85099,0.07054416,10.62112,1.088296
1237658205578657877,1084351056038619136,587732484353753113,3.050166,0.02390577,10.02055,0.1117189,8.798885,1.088296
1237658205595172972,1450307010145839104,587732484370268280,2.589158,0.03533331,6.288939,0.2249232,5.764789,1.353315
1237658493883580478,1373711456607954944,587732772658675774,5.768065,0.02018743,14.67608,0.1620433,12.25947,1.263931
1237657873254842378,1056117797551106048,587732152029937669,10.22591,0.1560318,29.9677,1.14397,22.95374,1.719927
1237657873254907914,1056110650725525504,587732152030003211,6.843712,0.2623352,23.7818,1.708442,16.70227,1.652739
1237657873254907919,1056110100969711616,587732152030003333,4.715218,0.07376958,12.15374,0.5436016,10.39937,1.652739
1237657873254908052,1056106252679014400,587732152030003282,2.12523,0.1659314,6.395918,1.254454,4.993408,1.652739
1237657873793417354,1058406155488880640,587732152568512617,1.950511,0.01445391,5.175385,0.1112418,4.343084,1.843527
1237657873793482757,1058383340622604288,587732152568578053,3.796656,0.0554242,11.12673,0.4155559,8.5976,1.881364
1237657878614638619,1046006686491371520,587732157389733905,9.31745,0.07385781,30.12927,0.4751553,22.40644,1.12706
1237657878614638621,1046013558439045120,587732157389733936,4.230412,0.1292887,13.38343,0.9153074,9.911121,1.12706
1237658425165807733,1127181707317897216,587732703940902980,4.628458,0.07252494,13.79486,0.4693822,11.04038,1.549709
1237658298999767181,1128198480293029888,587732577774862493,3.007953,0.0419333,7.657736,0.3370261,6.390873,1.861738
1237658312939798567,1073141805979035648,587732591714893851,14.01757,0.03898067,35.90545,0.2927006,30.44817,1.231327
1237658312943665169,1078727050153453568,587732591718760467,7.727519,0.07799708,25.75089,0.4946185,18.48275,1.737679
1237658425163776048,1124917812305881088,587732703938871352,6.847456,0.1704315,17.0444,1.118523,15.14572,1.251166
1237658491204730988,1381547401268979712,587732769979826291,1.836767,0.006594101,4.768414,0.04733764,4.088477,1.441233
1237658492278669408,1380362677506828288,587732771053764712,4.463824,0.04557301,14.44126,0.2826102,10.95225,1.410902
1237658492278734920,1381532008106190848,587732771053830198,5.980677,0.09405043,17.22316,0.7213092,13.18326,1.36887
1237658492278734937,1381528709571307520,587732771053830214,3.63923,0.025145,10.23024,0.1555839,8.739995,1.36887
1237658492278734995,1381528984449214464,587732771053830272,2.37953,0.03935484,5.756752,0.2989019,5.107605,1.36887
1237658492809445563,3249508285065226240,587732771584540744,5.986628,0.0843216,19.95451,0.5404977,14.57188,1.332029
1237658492809511086,1373696888078886912,587732771853041822,11.09817,0.09231599,23.05519,0.7615528,21.73266,1.212711
1237658493355622654,1386086460012128256,587732772130717944,3.407743,0.04927754,7.276367,0.2862746,7.233469,1.65397
1237657775006286005,1350093946507782144,587732053781381329,7.431318,0.02578662,17.9678,0.1799316,16.0943,1.20874
1237658298999832751,1128199579804657664,587732577774928022,2.726393,0.04366383,7.3328,0.3435928,5.937816,1.739377
1237657770705289291,1011209342914947072,587732049480384715,6.55859,1.046848,32.962,-1000.0,39.61694,1.452436
1237658425172164755,1825252305906198528,587732703947260052,3.955983,0.01766869,12.29592,0.09646829,10.44152,1.395302
1237658425163841661,1396195095190988800,587734861611466801,5.281315,0.01816579,16.07335,0.09010151,14.32911,1.290533
1237658491749400804,2018766635661289472,587732770524496115,3.391659,0.04844962,7.699871,0.2678977,7.366957,1.329524
1237658491749400635,2018767735172917248,587732770524495947,2.8994,0.06782425,8.694493,0.4741785,6.790974,1.329524
1237658205595107386,1450302886977234944,587732484370202694,6.190717,0.1886141,22.62159,1.099241,16.22547,1.355567
1237658205595107580,1884837041397590016,587732484370202836,2.231228,0.01277607,6.108387,0.09735867,5.02473,1.355567
1237658300056600704,1334298086561835008,587732578831695938,7.453136,0.028429,24.47744,0.18628,17.63038,1.352361
1237658298999832594,1129364237412493312,587732577774927889,4.531149,0.1047441,14.83729,0.7361856,10.84526,1.739377
1237658298999832729,1129364787168307200,587732577774928001,2.696984,0.03153318,7.965331,0.2404529,6.115476,1.739377
1237658491204665353,1380357729704503296,587732769979760661,6.192373,0.03333424,14.17574,0.2324597,12.92513,1.432242
1237658491204665406,1380354706047526912,587732769979760711,5.947997,0.0416357,20.03256,0.2578009,15.00674,1.432242
1237658493891903616,1384980075547486208,587732772666998882,2.072611,0.01102909,5.716375,0.08699617,4.613323,1.47186
1237658612519141389,1087652339684239360,588295841247657994,8.393586,0.3193476,29.45205,1.929762,20.41074,1.621006
1237658612519075853,7526897995662774272,,7.72045,0.1299292,25.8048,0.8186766,17.96948,1.636833
1237658612519272484,1088796656310183936,588295841247789150,4.491183,-1000.0,16.14752,-1000.0,9.295716,1.604314
1237658613596618862,1093382719443855360,588295842325135466,2.882327,0.03849912,7.391777,0.2624447,6.456118,1.669098
1237658613596618864,7515422117976100864,,4.811218,0.0209608,10.32887,0.1611796,9.585304,1.669098
1237658614126346384,1084348307259549696,588295842854862972,4.065157,0.04468228,9.2524,0.2768376,8.832869,1.726079
1237658803111854218,1147436361389729792,587733081886949531,2.111461,0.04372479,6.286118,0.3378808,4.772114,1.411161
1237658916385390676,1169822693009156096,587733195160485985,6.790221,0.8838184,22.7147,5.796665,16.81801,1.55196
1237658916923768882,7607823425923731456,,4.869389,0.9230179,11.48838,-1000.0,10.92248,1.472726
1237658917459918989,1170957664138586112,587733196235014221,4.990468,0.2632309,17.82526,1.586579,12.40517,1.381333
1237658917459919118,1170957389260679168,587733196235014311,4.414212,0.09493209,10.68302,0.5174249,10.1512,1.381333
1237658918529925284,1147413821401360384,587731870172250195,6.347478,0.1167039,16.98673,0.7418336,14.72198,1.156968
1237658918530056305,1147438010657171456,587731870172315741,5.634718,0.05004466,19.47236,0.3090356,14.25502,1.248041
1237658918530056399,1147439659924613120,587731870172315852,1.39497,0.007484123,3.286982,0.05250518,2.98913,1.248041
1237658918530056413,1147440209680427008,587731870172315866,2.455473,0.01208321,6.460506,0.07622464,5.662273,1.248041
1237658800431104018,1170959313406027776,587733079206199318,1.4366,0.0183306,3.586474,0.1600306,2.978874,1.241966
1237658803114541156,1169966179276580864,587733081889636444,4.243371,0.05627112,9.841675,0.3263848,9.423248,1.262596
1237658919069548778,1169955184160303104,587733197844643922,6.65491,0.05589466,12.61091,0.1960263,14.18614,1.732457
1237659119877554442,1899540257217472512,587733398652649679,5.013709,0.1202171,14.28061,0.7688136,12.03539,1.791744
1237659120414687490,4703136344230350848,,2.875282,0.1328887,9.228829,0.9332558,6.497169,2.18977
1237659133287923758,6801753304391241728,,4.730885,0.03036143,13.9268,0.1717123,12.02279,1.479508
1237659150459142296,1309556326610790400,587733429234237590,4.096058,0.03065339,9.497245,0.1835181,9.036939,1.5342
1237659132751577262,1184585556714088448,587733411526672449,13.35876,0.04844929,33.62744,0.4342563,27.10838,1.464957
1237659132751642708,1184600674998970368,587733411526738024,9.935391,0.02548823,22.44312,0.1895195,20.52567,1.486771
1237659132751642830,1184599300609435648,587733411526738098,2.288682,0.04037997,5.550512,0.2802782,5.051115,1.486771
1237659133289693297,1185734546398668800,587733412064788537,4.759057,0.03310901,16.29189,0.2043862,12.16433,1.657478
1237659133289693298,1185736745421924352,587733412064788748,1.805425,0.01459501,3.498781,0.04793444,3.784006,1.657478
1237659133289693476,1185732622253320192,587733412064788726,4.39357,0.07838844,11.20573,0.3449253,11.42561,1.657478
1237658608219848819,1075382885520795648,587729388226871372,6.283272,0.08770216,21.0223,0.5504375,15.74059,1.314983
1237658608219848869,1075379861863819264,587729388226871394,2.61936,0.07394117,7.358711,0.6058889,5.664085,1.314983
1237659163882029415,1499857876879960064,587733442657124596,8.010922,0.1114236,14.99459,0.3469429,17.39009,1.265971
1237659162816020815,1507592940946483200,587733441591116099,7.529419,0.1016953,20.80989,0.7077471,16.90354,1.046355
1237658608219848803,1075358696264984576,587729388226871363,2.319463,0.01795925,6.624677,0.1105672,5.64106,1.314983
1237659161200164882,1185581989160314880,587733399716757515,5.096895,0.05607873,16.73034,0.3610992,12.40293,1.015926
1237659131675213861,1181082517449500672,587733410450309163,5.498922,1.575836,18.49474,-1000.0,13.72346,1.495972
1237659131675148445,1182290880225110016,587733410450243779,2.962132,0.03760065,7.139041,0.232338,6.52107,1.541289
1237659131675148384,1182292254614644736,587733410450243708,1.729073,0.08316173,5.719325,0.5555035,3.802465,1.541289
1237659131675148382,1181093512565778432,587733410450243707,4.903305,1.055761,22.17324,5.98995,23.00931,1.541289
1237659120938516594,1183431344416385024,587733399713611891,2.613129,0.01915319,7.974735,0.1362052,6.021721,1.579718
1237659163880915192,1498730052576110592,587733442656010474,4.848043,0.08568359,11.28917,0.3781482,11.66695,1.268473
1237659163880915172,1498727578674948096,587733442656010446,1.765394,0.009262989,5.429464,0.07058308,3.926091,1.268473
1237659163880914976,1498730877209831424,587733442656010273,4.091134,0.01569371,13.45027,0.1044432,10.2433,1.268473
1237659163880849535,1498716858436577280,587733442655944814,4.097021,0.1073131,14.127,0.6062636,11.14599,1.255344
1237659162817855979,1512125678017865728,587733441592951251,4.039507,0.09059457,10.61021,0.6120292,9.1316,1.0528
1237659162817791439,1512230956256225280,587733441592885929,4.483659,0.08430362,9.286587,0.4260109,9.859927,1.058968
1237659162813858137,1505344439667681280,587733441588953245,2.1217,0.05974386,6.134729,0.4482286,4.838622,1.069693
1237659162813530574,1505468684481619968,587733441588625816,1.52776,0.0179187,4.411074,0.1480492,3.312448,1.103566
1237659162813530234,1505464561313015808,587733441588625533,8.832662,0.06086492,22.0103,0.3118897,20.96534,1.103566
1237659162813530232,1505464011557201920,587733441588625563,8.06023,0.06526296,26.75109,0.4186819,18.44324,1.103566
1237659162813465004,1505464286435108864,587733441588560299,5.472708,0.07233965,12.23013,0.3389266,13.15221,1.112383
1237659161736052817,1500838366390806528,587733440511148120,3.891786,0.008753601,10.70965,0.05167374,9.555346,1.127309
1237659161197019316,1183447287334987776,587733399713611922,7.044167,0.1006735,19.7305,0.6574286,16.80665,1.137244
1237659161197019306,1183442889288476672,587733399713611908,2.948915,0.05900221,8.030353,0.4022928,6.820133,1.137244
1237659161197019293,1183443164166383616,587733399713611902,4.004967,0.01583912,8.717822,0.07228892,8.783426,1.137244
1237659161197019182,1183442339532662784,587733399713611806,7.044717,0.2759156,19.41238,1.877324,16.16599,1.137244
1237659161195249691,1497532685352986624,587733439970344990,5.856761,0.6569267,16.28743,6.172742,12.76115,1.21101
1237659144558477427,1304933155093899264,587733423333572712,2.003011,0.03619783,6.459443,0.2524962,4.713907,1.525519
1237659133287923957,1184570438429206528,587733412063019103,7.289604,0.01535526,17.05485,0.1026093,15.65117,1.479508
1237659133287923860,1184561367458277376,587733412063019036,2.779637,0.1128308,8.422724,0.8297886,6.294511,1.479508
1237659133287923800,1184569064039671808,587733399714660380,2.131654,0.2763667,6.763047,2.032294,4.825147,1.479508
1237659133287923757,1184560542824556544,587733412063019071,4.593205,0.2524997,15.20407,1.67716,11.16643,1.479508
1237659133284909282,1180118245500282880,587733412060004586,3.268876,0.05787665,8.245648,0.3860215,7.203017,1.376533
1237659133284909256,1180115496721213440,587733412060004357,3.205042,0.02096516,10.76516,0.113497,8.694704,1.376533
1237659133284843828,1180116871110748160,587733412059939110,3.478547,0.05209609,8.242832,0.3026063,7.759735,1.389307
1237659133284778240,1181168279356467200,587733412059873503,5.348312,0.0408365,10.80463,0.1661566,11.57595,1.334137
1237659120414621821,1899563072083748864,587733399189717130,5.524743,0.1932038,15.89572,1.430181,12.72271,2.240631
1237659120414490818,1906323147569784832,587733399189586117,3.690002,0.1168975,11.61129,0.8397023,8.521166,1.801527
1237659120404332715,1185721627137042432,587733399179428002,7.436657,0.2256002,17.82221,1.255526,16.24501,1.497923
1237659120399613971,1180106700628191232,587733399174709274,4.247764,0.08762069,14.16644,0.5830327,10.26177,1.407555
1237659119877554254,1906310503186065408,587733398652649736,1.574651,0.01610271,4.006662,0.1180573,3.447094,1.791744
1237659119877554253,1899536683804682240,587733398652649735,1.597948,0.02346461,4.555133,0.1985116,3.401566,1.791744
1237659119877554250,1899539982339565568,587733398652649529,6.749703,0.2681634,20.66944,1.827664,15.75978,1.791744
1237659119877554191,1899516067961661440,587733398652649658,3.557615,0.2169394,10.17569,1.251669,8.978795,1.791744
1237658916923834489,1172089611392935936,587733410442838105,6.805681,0.04239682,14.59826,0.1972879,15.28266,1.47691
1237658802041716895,1171088506022291456,587733080816812204,5.003811,0.08633802,11.10934,0.4198099,11.31617,1.257703
1237658802041651318,1172159705259206656,587733080816746644,6.362497,0.0333566,14.25682,0.2246262,13.5473,1.277758
1237658800967254132,1171020336301369344,587733079742349345,7.896321,0.0451513,18.58098,0.3152984,16.86075,1.277518
1237658800967188670,1171020611179276288,587733079742283910,8.404208,0.1275706,28.08355,0.8088171,19.94713,1.239811
1237658800967188515,1169836986660317184,587733079742283951,6.923838,0.01923466,18.10005,0.1135815,16.0675,1.239811
1237658611982270552,1088825518490413056,588295840710787165,6.865623,0.01814566,14.48207,0.1369928,13.49597,1.619235
1237658493892624511,1386098004884219904,587732772667719710,7.194446,0.02171763,15.90905,0.1280571,14.97454,1.535253
1237659324412526747,1498738298913318912,587733603187621977,4.206824,0.153321,15.31837,0.9071881,11.04406,1.083842
1237659324412526601,1312822152398923776,587733603187621900,7.574626,0.02934924,24.16688,0.2047808,17.80504,1.083842
1237659324412461258,1312826275567527936,587733603187556583,3.461604,0.02758738,8.899697,0.2011993,7.594701,1.066075
1237659161736118494,1502040407175882752,587733440511213830,3.404562,0.03630228,7.282571,0.2193275,7.106572,1.116757
1237659161735921721,1500859531989641216,587733440511017023,5.253131,0.04437881,17.56278,0.2810119,12.91115,1.068533
1237659161735856432,1500860356623362048,587733440510951800,2.132417,0.02403492,6.439487,0.1765506,4.773601,1.05055
1237659161201803605,1187993497953658880,587733412066754840,2.545838,0.03277185,6.795365,0.2769206,5.410345,1.111616
1237659161201803476,1187993772831565824,587733412066754711,2.436897,0.1203248,7.772798,0.8520993,5.725304,1.111616
1237659161201803392,1187991298930403328,587733412066754684,5.262639,0.02591012,17.27178,0.153569,13.60905,1.111616
1237659161199771728,1185733172009134080,587733412064723076,3.998136,0.1760109,12.9397,1.191812,9.752979,0.9864715
1237659161196953825,1182366746527426560,587733399713546412,5.04688,0.02165175,11.02884,0.1314543,10.76854,1.089739
1237659161195315318,1497534884376242176,587733439970410629,1.803161,0.02422675,5.288667,0.1911173,4.066001,1.135838
1237659161195249868,1181225179083204608,587733412597137445,5.628788,0.4431229,11.3849,3.087247,12.24545,1.21101
1237659153686856106,1900629876629596160,587733432461951426,6.571656,0.04487921,14.83216,0.2536735,13.93955,1.280453
1237659153685479964,1903915488862300160,587733432460575225,3.486947,0.03733852,7.97482,0.215489,7.646799,1.32429
1237659153685479679,1903918512519276544,587733432460574946,3.942864,0.07864751,13.71272,0.4852561,9.557933,1.32429
1237659149921157266,1308413934012753920,587733428696252564,5.196399,0.02302354,10.24002,0.1204196,10.32011,1.617058
1237659149921091774,1308402114262755328,587733428696187039,3.261411,0.02747731,6.720254,0.1502851,6.624618,1.6756
1237659149920960691,1307211343757076480,587733428696055911,5.199147,0.04164494,17.4462,0.2507568,13.49015,1.880314
1237659146705764387,1305083513308997632,587733425480859679,4.970353,0.09343051,17.59747,0.5571716,12.07726,1.70454
1237659146705698902,1305076366483417088,587733425480794201,3.247015,0.03063539,9.551216,0.1907412,8.058923,1.832375
1237659146705698884,1305074992093882368,587733425480794188,4.720418,0.01453463,10.37951,0.08337489,10.042,1.832375
1237658919069614163,1169965904398673920,587733197844709467,12.87985,0.04277842,38.44063,0.2981278,27.14243,1.710307
1237658919069614102,1169966454154487808,587733197844709402,3.880113,0.02323947,7.976016,0.136066,7.993995,1.710307
1237658917995348143,1169916426375424000,587733196770443375,3.55158,0.02894799,8.174812,0.164268,7.931459,1.312609
1237658917459918871,1172146785997580288,587733196235014168,8.218399,0.2176364,27.00298,1.402983,18.72009,1.381333
1237658916386242683,1172142937706883072,587733195161337976,4.899957,0.0193757,9.447935,0.1263082,9.53892,1.372564
1237658803114475562,1169956833427744768,587733081889570890,6.750721,0.05589636,21.47327,0.3661426,15.50077,1.354486
1237658802577539120,1169952710259140608,587733081352634415,3.486413,0.01898817,11.60757,0.1167956,9.005055,1.300143
1237658802577145864,1168859520252798976,587733081352241160,2.880111,0.01676169,8.492653,0.1008316,7.334221,1.319092
1237658802577080538,1168855122206287872,587733081352175786,1.806896,0.01987304,3.920648,0.1221405,3.821167,1.262007
1237658802577080463,1169903781991704576,587733081352175734,13.72423,0.04239813,29.69911,0.1583725,33.62009,1.262007
1237658802577080326,1169905706137053184,587733081352175620,5.151621,0.2034535,17.20617,1.305023,12.2337,1.262007
1237658802572361742,1141822529896212480,587733081347457038,4.517039,0.1299847,14.41562,0.8916627,10.49676,1.264516
1237658802572099607,1141802188931098624,587733081347194950,2.765836,0.0159824,7.832306,0.1121177,6.462365,1.183152
1237658802572099605,1141796691372959744,587733081347194902,5.729289,0.2055921,18.53121,1.434212,13.40358,1.183152
1237658802572099593,1142906648814184448,587733081347194892,1.430793,0.009223743,4.125395,0.07136659,3.203158,1.183152
1237658802041716762,1172155856968509440,587733080816812054,2.869484,0.06631648,8.607074,0.4885118,6.62445,1.257703
1237658801505501410,1172104179922003968,587733080280596517,4.667607,0.03396003,11.10988,0.2037666,10.24696,1.290452
1237658800968761372,1173275434700269568,587733079743856668,2.917648,-1000.0,7.439301,-1000.0,6.37351,1.334963
1237658800968761371,1172076692131309568,587733079743856675,21.36058,3.142299,42.50101,-1000.0,48.77922,1.334963
1237658800968761369,1173274884944455680,587733079743856673,7.937997,0.07605382,24.31208,0.5298389,18.15993,1.334963
1237658800967254171,1169823517642876928,587733079742349373,2.732578,0.2055674,9.474488,1.22213,7.050719,1.277518
1237658800967188592,1169822967887063040,587733079742283858,5.742595,0.02059127,18.17543,0.1443991,13.0564,1.239811
1237658800431104162,1170959588283934720,587733079206199441,2.700738,0.03611894,7.104293,0.2646987,5.950219,1.241966
1237658800431104015,1876979380979263488,587733079206199317,6.739832,0.1399197,23.00002,0.8444389,18.37405,1.241966
1237658613596618841,1093376122374088704,588295842325135447,4.01432,0.03182061,9.764005,0.1915192,9.172115,1.669098
1237658612519272452,1087629799695869952,588295841247789063,7.712491,0.06199044,25.57333,0.3935037,18.53245,1.604314
1237658612519207104,1088809575571810304,588295841247723676,3.841615,0.3333288,8.89156,3.330332,8.004162,1.524209
1237658612519207091,1087640519934240768,588295841247723663,3.256786,0.05242913,8.410323,0.4143057,7.007172,1.524209
1237658612519206931,1088808201182275584,588295841247723539,6.642702,0.0362987,18.64826,0.2252939,15.73808,1.524209
1237658609829871658,1074136589023602688,587732590105067687,2.097943,0.03470016,5.768392,0.2739395,4.614084,1.293284
1237658612519075952,1088829916536924160,588295841247592497,4.679698,0.2322598,15.64915,1.485494,11.00611,1.636833
1237658612519141393,1088818646542739456,588295841247657998,3.938007,0.2534994,11.79744,1.888338,9.36759,1.621006
1237658612519141394,1088819471176460288,588295841247657999,29.18359,2.398223,55.46076,7.218337,106.7298,1.621006
1237658612519141503,1087647391881914368,588295841247658074,2.015394,0.01119816,5.177383,0.0797441,4.509047,1.621006
1237658612519141592,1087637496277264384,588295841247658170,5.476784,0.07950769,15.80025,0.4940939,13.27478,1.621006
1237658919069548563,1169956008794023936,587733197844643981,4.294669,0.01559104,9.292783,0.1069445,8.907022,1.732457
1237659150459142239,1309557701000325120,587733429234237557,6.394186,0.1435917,21.32322,0.9610637,15.20358,1.5342
1237659150459142313,1309558525634045952,587733429234237604,2.164174,0.01634988,5.818933,0.09872566,5.195419,1.5342
1237659132751577102,1184584457202460672,587733411526672426,9.244884,0.08230283,21.83169,0.5588869,19.33342,1.464957
1237659132751577202,1184587755737344000,587733411526672511,8.591817,0.04628956,19.69196,0.3169502,18.19448,1.464957
1237659132751642639,1184599575487342592,587733411526737936,2.304721,0.01115221,7.005081,0.07599036,5.619334,1.486771
1237659132751642884,1184598475975714816,587733411526738143,2.779095,0.05697455,6.630949,0.421428,5.848641,1.486771
1237659133289627743,1185732897131227136,587733412064723046,8.085832,0.06519052,24.74503,0.4631252,18.58134,1.552408
1237659161201803332,1504281211789404160,587733412066754660,2.106928,0.05853999,6.869242,0.3902906,5.203286,1.111616
1237659161195249685,1497530486329731072,587733439970345001,7.87196,0.06036213,25.89438,0.4036293,18.81997,1.21101
1237659153685479918,1905144746435700736,587733432460575186,3.270441,0.05548414,7.601743,0.3054436,7.477336,1.32429
1237659324412526931,1312821877521016832,587733603187622059,3.64699,0.05594562,7.70826,0.2276103,8.394622,1.083842
1237659324953854088,1317332898935760896,587733603728949419,5.793421,0.01855907,19.36442,0.1187768,14.6813,1.080591
1237660764842164280,1434470198844352512,587735043617259582,2.695328,0.3840924,5.381294,-1000.0,5.401818,1.582858
1237660342862872626,5147787366610784256,,10.79332,0.2055407,36.7311,1.142493,26.28836,1.391078
1237659329780121629,1321924459929561088,587733608555216924,9.969222,0.05826922,25.57505,0.4886767,20.89386,1.495741
1237660669818241082,6013589831627853824,,3.73525,0.04402764,12.64775,0.2660893,8.757199,1.251389
1237659329239777432,1317354889168316416,587733608014872696,3.042877,0.03337131,10.90784,0.2009116,7.689182,1.340627
1237659327099896060,915391573250828288,588011101034512471,1.892757,0.03674912,4.732584,0.2746688,4.115135,1.136184
1237659327090458741,1305085437454346240,587733605865554041,2.692503,0.02893938,6.42751,0.199564,5.853543,1.623039
1237659327090458728,1305086536965974016,587733605865554016,3.453811,0.03208647,7.420206,0.158081,7.62475,1.623039
1237659326567612969,1321927758464444416,587733605342708264,6.228952,0.163868,12.49867,0.6216735,14.57797,1.169192
1237659325489217903,1316224316286724096,587733604264313024,4.558808,0.06213449,15.1594,0.4007333,10.85105,1.154427
1237659325489217804,1316229813844862976,587733604264313094,3.835979,0.046816,8.633842,0.2574267,8.552962,1.154427
1237659325489217798,1316223491653003264,587733604264313089,1.579859,0.01692229,4.373755,0.115943,3.668927,1.154427
1237659325489152123,1316230638478583808,587733604264247463,3.306166,0.03175364,9.985213,0.2090659,8.020007,1.151181
1237659325487644730,1315167135487518720,587733604262740046,4.466402,0.1484734,12.38809,0.9304543,10.51556,1.074458
1237659326026547328,1316181985089054720,587733604801642657,8.066486,0.6071647,26.92642,3.694147,18.49219,1.04088
1237659326026612899,1316178411676264448,587733604801708234,2.352332,0.0311045,5.916408,0.2207454,5.208566,1.080062
1237659324953657528,1317355713802037248,587733603728752863,10.80231,0.06045834,22.01538,0.309564,22.18671,1.068656
1237659324957262004,1321926933830723584,587733603732357553,2.971745,0.04812272,8.795107,0.347397,6.848717,1.131643
1237659324957327415,1321937379191187456,587733603732422719,5.881436,0.1544389,17.8822,1.063282,13.74621,1.157719
1237659330848751703,6792788985536335872,,3.443333,0.03071391,7.520649,0.1496968,7.680626,1.463032
1237660634920976629,1371518755309381632,588297863649493239,12.20869,0.1188415,26.44399,0.3221364,31.81299,1.556739
1237660764842164279,1434469923966445568,587735043617259581,10.39407,0.05352574,25.04721,0.3934362,22.31807,1.582858
1237661064952480025,5994445410311360512,,6.730335,0.04017393,21.13977,0.2796981,15.37315,1.300307
1237661064952480026,1470474256868468736,587735343727575171,3.289371,0.05961978,10.85454,0.4002267,7.787075,1.300307
1237660561894801475,1356732247406831616,588297863634878612,3.057229,0.06059277,7.225516,0.3639868,6.754454,1.128445
1237660613972918418,1375948138807846912,587734892748013617,2.144348,0.02291857,6.334002,0.1643239,5.063016,1.616589
1237660613972983968,1375947039296219136,587734892748079266,6.956512,0.08275069,16.73398,0.458133,15.56224,1.739432
1237660636533030975,1611268370005518336,588297865261547571,13.62862,0.1064066,31.39244,0.5772991,30.1749,1.636748
1237660936090681416,502299274625705984,587725980690612276,3.111831,0.05985441,10.04475,0.4200892,7.020561,1.300875
1237659324943237142,1304932880215992320,587733603718332439,5.433985,0.04306911,19.40686,0.2499925,13.36751,1.448855
1237659327103697164,919921286732343296,587729652349141243,2.681809,0.02109525,6.319041,0.1559545,5.671831,1.163402
1237659327103631521,919936954773039104,587729652349075661,7.446064,0.8937177,16.61427,7.925812,15.82945,1.209031
1237659327103696926,919923210877691904,587729652349141047,11.64916,0.04439683,30.48002,0.2270052,27.94383,1.163402
1237659330849276115,1316180885577426944,587733609624371418,2.701556,0.09737861,9.026488,0.6849667,6.447766,1.358611
1237659330853470514,1321905768231888896,587733609628565776,5.207147,0.03599389,14.45401,0.2309803,11.85596,1.462152
1237659324943237240,1304923534367156224,587733603718332533,3.843819,0.05631988,8.334999,0.3116175,8.384998,1.448855
1237659324943237245,1304921060465993728,587733603718332538,2.256699,0.0277162,6.794842,0.2040255,5.114412,1.448855
1237659324943237248,1306118428712527872,587733603718332540,2.942386,0.0415506,6.842274,0.278565,6.279369,1.448855
1237659324943237298,1306119253346248704,587733603718332586,2.152782,0.01549743,4.54872,0.1064491,4.385465,1.448855
1237660961866776723,1434460028361795584,587735240641871999,6.910088,0.0434742,16.09492,0.2600854,14.89225,1.605664
1237660961866580160,1433439131781851136,587735240641675412,4.225414,0.01521393,8.890669,0.09474496,8.762294,1.575097
1237660636533031076,1609057801844320256,588297865261547631,6.456367,0.03816069,15.42216,0.2294371,14.61456,1.636748
1237660634386137189,1611171612982274048,588297863114653804,6.336607,0.02489744,13.27133,0.1553281,12.98453,1.533711
1237660634386071735,1611165290790414336,588297863114588296,3.325341,0.0680842,8.233582,0.5071934,7.106667,1.562819
1237660634386071720,1611166665179949056,588297863114588274,2.474962,0.05187414,8.315095,0.3567591,6.228202,1.562819
1237660634386071585,1611166390302042112,588297863114588197,8.385827,0.1383511,28.84743,0.8355132,20.82872,1.562819
1237660634380828803,1367971731066611712,588297863109345414,8.883725,0.07937025,19.53457,0.5282364,18.32504,1.349561
1237660613972918476,1375937143691569152,587734892748013770,5.548696,0.06347167,10.66311,0.2600959,11.95724,1.616589
1237660636001075212,1625927884700936192,588297864729591884,3.813948,0.0488332,7.792601,0.2754992,8.530051,1.630833
1237660635458437230,1529131827787229184,588297864186953857,3.392074,0.2368455,8.842858,1.655284,7.713081,1.503514
1237660635458371703,1529121657304672256,588297864186888308,2.390414,0.06966326,7.578393,0.4963522,5.580315,1.552603
1237660612903305331,1381556472239908864,587734891678400630,5.751558,0.0241277,11.33665,0.1458672,11.22158,1.59291
1237660561894801911,1356733621796366336,588297863634944258,1.895321,0.03849398,5.767128,0.2838565,4.226871,1.128445
1237660561894801791,1356733072040552448,588297863634878828,4.466714,0.05462903,13.91113,0.3753387,10.51549,1.128445
1237660561894801766,1356742692767295488,588297863634878805,4.221945,0.04398683,10.23953,0.2426804,9.674075,1.128445
1237660561894801429,1356732522284738560,588297863634878786,4.948989,0.09150149,16.08549,0.5115288,12.49821,1.128445
1237659330848817308,1316329044769269760,587733609623912636,5.104055,0.1903814,14.52309,1.305083,12.00241,1.510486
1237659330848817278,1316328220135548928,587733609623912608,2.687549,0.108497,7.943617,0.8206987,5.985965,1.510486
1237659330848817218,1316328495013455872,587733609623912550,2.927848,0.02579292,8.421124,0.217343,6.467808,1.510486
1237659330848751818,1316327670379735040,587733609623847127,3.80288,0.07342132,9.011924,0.4441115,8.447184,1.463032
1237659330848751807,1316326845746014208,587733609623847117,3.320476,0.03360529,7.759965,0.2215645,7.249783,1.463032
1237659330848751701,1316327120623921152,587733609623847024,5.897802,0.1064908,18.20164,0.7269894,14.18867,1.463032
1237659330848292959,1316277092844857344,587733609623388284,4.817502,0.04820136,11.96967,0.2967122,10.85382,1.340595
1237659325492559961,1319567931247454208,587733604267655271,8.296496,0.04423862,18.96308,0.2034788,19.07252,1.106862
1237659324950708386,1315157514760775680,587733603725803727,3.942744,0.01821524,9.558239,0.1145559,8.739318,1.175532
1237661064952479995,1470470683455678464,587735343727575293,6.105425,0.02863945,12.72361,0.1676995,12.68832,1.300307
1237660960792379568,1433274205037684736,587735239567474848,4.241502,0.02587365,12.88828,0.1804544,9.710674,1.624344
1237660635996160045,1611272493174122496,588297864724676644,3.918438,0.01665195,13.37914,0.1030248,9.347322,1.655438
1237660635996094498,1611227962953197568,588297864724611117,5.586562,0.03382692,17.44669,0.1470909,15.63063,1.597498
1237660635995308051,1529131552909322240,588297864723824657,4.978433,0.4852793,16.85875,3.169594,12.3835,1.495769
1237660635995242604,1529119733159323648,588297864723759229,1.554916,0.007708849,4.452798,0.06514718,3.264841,1.555607
1237660635995242518,1608994305047816192,588297864723759126,3.033877,0.1976221,7.204893,1.164951,6.681012,1.555607
1237660635461779634,1616955594940377088,588297864190296173,2.753397,0.02665224,7.890748,0.1699359,6.70283,1.289712
1237660635461779518,1619117509678491648,588297864190296100,5.60749,0.2809075,17.19891,2.101477,12.10781,1.289712
1237660635461779469,1619118059434305536,588297864190296073,6.045031,0.03320324,19.67159,0.2157176,14.90588,1.289712
1237660635461124137,1616858013283411968,588297864189640754,5.859772,0.03128611,11.66355,0.1779138,11.96912,1.735659
1237660635461058688,1616857188649691136,588297864189575315,4.68069,0.01964393,8.952417,0.1110043,9.300526,1.736276
1237660634924646525,1616831350126438400,588297863653163151,9.021628,0.2969498,26.13722,0.7764485,31.38681,1.686711
1237659326026547606,1317409314993891328,587733604801642842,5.046915,0.098047,13.26202,0.5971844,11.90056,1.04088
1237659326026547571,1317398319877613568,587733604801642797,1.029856,0.006215487,2.855839,0.05233339,2.209931,1.04088
1237659326019600545,1309552203442186240,587733604794695761,3.114273,0.01502992,9.889152,0.0999301,7.649489,0.9938981
1237659326018420756,1307201997908240384,587733604793516053,5.117651,0.08203322,17.97142,0.5062736,12.62882,1.11189
1237659326018355471,1307202822541961216,587733604793450775,3.616925,0.02052223,8.226583,0.2105314,6.969314,1.143142
1237659326018355451,1308397991094151168,587733604793450759,6.764732,0.03104202,14.46794,0.1540209,14.27917,1.143142
1237659325492560241,1320768873342986240,587733604267655572,2.1218,0.0104978,5.454904,0.06720407,4.866302,1.106862
1237659325492560003,1320769148220893184,587733604267655304,2.008789,0.0251263,5.554653,0.2154089,4.30329,1.106862
1237659325492559893,1319600641718380544,587733604267655191,2.270776,0.02099465,5.279191,0.1649773,4.746006,1.106862
1237659325491904764,1318452751478319104,587733604267000014,4.095738,3.716934,11.23989,-1000.0,11.04316,1.052638
1237659325491904550,1318452201722505216,587733604266999854,4.300056,0.1310153,10.61624,0.8339041,9.402094,1.052638
1237659325491839305,1318453301234132992,587733604266934547,6.527213,0.01806024,15.93301,0.09025063,14.98276,1.109913
1237659326562304075,1316290836740204544,587733605337399408,3.806876,0.09543292,13.15983,0.5782709,9.483846,1.065205
1237659326562304335,1316289187472762880,587733605337399612,1.760372,0.05594109,5.233097,0.4316657,3.922879,1.065205
1237659326562304351,1316288362839042048,587733605337399435,2.420618,0.04143782,7.022527,0.27057,5.798424,1.065205
1237659326567612655,1321930507243513856,587733609628696658,6.652578,0.02687551,20.57148,0.1557939,19.0117,1.169192
1237659326567678032,1321953871865604096,587733605342773350,4.168732,0.1917059,11.08001,1.319502,9.535336,1.188356
1237659327091835101,889531336103061504,588011216991223948,1.813561,0.00983391,4.061909,0.07034312,3.793491,1.266284
1237659327091900425,889520890742597632,588011216991289349,3.507108,0.01040701,11.33923,0.07104047,8.560557,1.246385
1237659327091900583,889517867085621248,588011216991289491,2.66098,0.0354652,7.144299,0.269048,5.824142,1.246385
1237659327099896083,1316350760123918336,588011101034512489,3.585252,0.02544777,10.37961,0.2001609,7.912441,1.136184
1237659327099896118,1316349935490197504,588011101034512515,6.539848,0.04432686,16.05226,0.2801667,14.74318,1.136184
1237659327099896158,1316351584757639168,588011101034512528,3.728342,0.1523667,10.371,0.9138767,8.583339,1.136184
1237659329239974138,1318525869001566208,587733608015069431,3.075649,0.01959658,8.307148,0.1233931,7.088677,1.263368
1237659329773633620,1315167685243332608,587733608548728955,2.813258,0.02753881,7.095381,0.2116099,6.056511,1.268189
1237659329773633700,1315169884266588160,587733608548728917,7.342518,0.08541552,24.20826,0.5836673,17.76022,1.268189
1237659329773633702,1315168234999146496,587733608548728919,1.881693,0.01278967,4.752755,0.09399843,4.105235,1.268189
1237659329773633829,1315169334510774272,587733608548729065,4.798529,0.05061592,9.801263,0.2676408,10.1372,1.268189
1237659329773699247,1315172083289843712,587733608548794562,2.038485,0.07091914,6.613459,0.4990168,4.6708,1.315185
1237660345008717949,1366942038527862784,587734623783813234,8.123996,0.08983713,18.15421,0.4750803,17.22948,1.435431
1237660635989737560,1366914000981354496,588297864718254165,2.506737,0.08561429,7.613871,0.6348798,5.727591,1.84766
1237660669814964240,1470473157356840960,587734948590059629,3.021432,0.02023383,8.95018,0.1519136,6.814797,1.211063
1237660669818241070,1799249949548898304,587734948593336404,2.973704,0.1562511,9.650862,1.086815,7.010591,1.251389
1237660669818241081,1799251049060526080,587734948593336382,3.34231,0.03998448,10.27928,0.2868511,7.451107,1.251389
1237660669818306648,1799252423450060800,587734948593401973,1.948395,0.02798492,4.403953,0.1837217,4.157717,1.177276
1237659326026416253,1316181710211147776,587733604801511590,7.940734,0.0485842,15.59381,0.2421025,15.73318,1.109784
1237659329775140940,1316227889699514368,587733608550236254,3.669343,0.08798011,10.71231,0.6658573,8.085422,1.310539
1237659329778483267,1319577551974197248,587733608553578570,2.714063,0.07295524,9.246002,0.4668505,6.426089,1.443917
1237659329780121695,1321937104313280512,587733608555216981,6.06393,0.2933264,21.19011,1.722423,14.65001,1.495741
1237659330312011871,1316222117263468544,587733609087107273,2.824427,0.01976798,5.987887,0.1345578,5.777024,1.370413
1237660342862872624,1367983001060796416,587734621637967922,1.814149,0.02758014,5.964169,0.1856236,3.982724,1.391078
1237660342862938125,1367980802037540864,587734621638033417,3.851292,-1000.0,14.33288,-1000.0,8.206828,1.392746
1237660342862938357,1367984650328238080,587734621638033590,2.193106,0.05282886,6.483966,0.4062063,4.873837,1.392746
1237660634917765291,1368122913915430912,588297863646281923,6.158747,0.01847024,13.23149,0.1109563,12.70432,1.330626
1237660670888837190,1470572663159154688,587734949663932493,9.254368,0.06617239,28.54571,0.434888,22.17559,1.260147
1237660670888837322,1470564141944039424,587734949663932571,1.882942,0.02184414,4.516219,0.1357551,4.208408,1.260147
1237660670888902710,1471647710703544320,587734949663998006,2.197163,0.05683044,6.719808,0.4063813,5.132,1.321036
1237660670888902772,1470582833641711616,587734949663998055,5.06586,0.02881601,10.35846,0.1387859,10.90423,1.321036
1237660670888902789,1470574862182410240,587734949663998077,3.147017,0.02014958,8.686258,0.0943903,8.276211,1.321036
1237660613972918322,1375948413685753856,587734892748013633,3.893195,0.04410041,9.916138,0.325384,8.331467,1.616589
1237660635452932250,1366886788068567040,588297864181448874,2.292559,0.02956382,5.918135,0.2340552,4.97026,1.768203
1237659324953854249,1317354064534595584,587733603728949542,2.673987,0.01632949,6.018592,0.1178533,5.764487,1.080591
1237659324953854326,1317333723569481728,587733603728949639,1.612685,0.008023834,4.50785,0.06462176,3.524383,1.080591
1237660343935041576,1366899157574379520,587734622710136866,6.655637,0.04484524,20.6843,0.3084643,16.24572,1.533635
1237660343935041725,1366900531963914240,587734622710136896,4.770721,0.0259182,13.82721,0.1751573,11.23767,1.533635
1237660343935041749,1366897783184844800,587734622710137011,3.352119,0.04815499,9.240303,0.3444343,7.567779,1.533635
1237660634921041978,1371517655797753856,588297863649558592,10.40473,0.3450957,28.2898,2.4969,23.46548,1.452039
1237660634921107512,1371518205553567744,588297863649624112,6.879338,0.1459798,21.85906,1.00095,16.1,1.402062
1237660636001075217,1625926510311401472,588297864729591825,5.632889,0.0795301,17.07557,0.5938911,12.58285,1.630833
1237660613973049348,1375943465883428864,587734892748144649,6.135675,0.02371545,18.67417,0.1550445,14.97548,1.605576
1237660635452801172,1365882937995716608,588297864181317772,5.510536,0.0372369,12.69748,0.2258611,12.21861,1.664558
1237660961866580151,1434467175187376128,587735240641675401,6.429523,0.1047767,12.02478,0.3006545,14.59124,1.575097
1237660671429967979,1800472057662695424,587734950205063186,2.299364,0.07569939,7.230462,0.5448644,5.318679,1.326733
1237660671429967884,1800472332540602368,587734950205063189,4.475566,0.01877701,14.35339,0.1271662,10.23744,1.326733
1237660671429902494,1800462436935952384,587734950204997738,1.353527,0.008643841,3.190884,0.06447357,2.869893,1.381279
1237660671429902353,1800461337424324608,587734950204997656,5.357585,0.02336106,14.13059,0.1192816,13.21806,1.381279
1237660670355570718,1799339559746562048,587734949130666043,3.741228,0.06337979,11.29316,0.4611869,8.602065,1.125521
1237660670355570882,1799338460234934272,587734949130666188,8.601595,0.2413171,26.22421,1.464733,21.45679,1.125521
1237660670355636291,1799348355839584256,587734949130731607,3.276958,0.05082562,10.59651,0.3479768,7.743498,1.157218
1237660636001075218,1623721164796880896,588297864729591826,2.801002,0.06860264,8.818472,0.4979858,6.427279,1.630833
1237661139033718845,5142250500377563136,,4.276942,0.09667333,12.50442,0.811562,8.994637,1.738394
1237661064952545443,1470471782967306240,587735343727640718,5.520005,0.06230471,12.5197,0.3498001,12.15824,1.459016
1237661064952545415,1470472332723120128,587735343727640711,6.716196,0.0815408,13.22335,0.3385422,14.41152,1.459016
1237661210974945541,5817776708590522368,,6.73883,0.05583895,17.67352,0.4147575,14.8178,1.425535
1237661210974945290,1454724023316408320,587735489750040584,5.353912,0.1295564,17.38693,0.8620764,12.88726,1.425535
1237661137958862898,5221006319704887296,,6.00977,0.09794777,17.92643,0.5987679,14.96685,1.663903
1237661152450183230,7514359440004632576,,8.261153,0.09750503,24.28853,0.6208084,19.5063,1.55905
1237661152450248784,7514359714882539520,,5.505465,0.5034589,18.65706,3.184835,13.10914,1.576229
1237661356998131847,1371520679454730240,587734622178246815,2.93062,0.03606946,6.986952,0.2580773,6.27601,1.405721
1237661356998197278,1371521504088451072,587734622178312221,12.77554,0.06968762,28.5784,0.3779494,27.7645,1.429302
1237661358078165201,1623720615041067008,588017111829971122,3.915785,0.02514557,8.246673,0.1548116,8.103754,1.450624
1237661358610186319,1609057526966413312,588017112361992252,9.279839,0.03413115,29.65314,0.2243032,22.35446,1.450944
1237661069243449478,1957960330134972416,587735348018544794,8.115896,0.1006462,22.75323,0.4698932,21.05791,0.9428262
1237661069787660439,1967030201971927040,587735348562755758,7.218202,0.07132374,18.2861,0.4011219,16.90636,1.185252
1237661137958666322,1797089683491022848,588016891710472288,2.682543,0.168491,9.02314,1.173004,6.597928,1.697886
1237661068714508526,1966983197849839616,587735347489603782,4.73133,0.06703556,12.18788,0.46265,10.75321,1.277974
1237661137424875593,1610053684702504960,588016891176681545,2.761652,0.07488113,8.529228,0.5165873,6.630996,1.419562
1237661139033719032,1606763945811535872,588016892785524893,3.274591,0.02315594,8.510867,0.1958587,6.936108,1.738394
1237661353244557433,1481793450742409216,587735696444162171,2.810627,0.01585737,8.045328,0.1260673,6.198103,1.91663
1237661355926356096,1611165015912507392,588017109678162027,4.900675,0.090849,11.76847,0.5140559,11.32914,1.556291
1237661355926487130,1611166115424135168,588017109678293099,7.955017,0.03091052,15.33625,0.1276315,17.00369,1.532118
1237661357538148407,1616856364015970304,588017111289954370,4.481868,0.02456961,14.99476,0.1586834,10.95727,1.359674
1237661357538869377,1616953121039214592,588017111290675346,3.493854,0.0547827,7.989359,0.4144132,7.258022,1.406837
1237661381699108923,6528215156123783168,,1.957161,0.1147082,6.558537,0.7696223,4.754558,1.206398
1237661381701861554,1606716666811541504,587735660476956856,1.807594,0.0144742,5.048213,0.09433199,4.290992,1.230562
1237661381701861576,1606715842177820672,587735660476956881,4.639943,0.06580279,10.33936,0.302365,10.83505,1.230562
1237661381704024168,1612299986974828544,587735660479119437,12.16713,0.3410633,34.23038,2.175322,28.95105,1.195904
1237661381704089681,1612304934777153536,587735660479184982,2.128531,0.02251414,6.355886,0.1592202,4.987922,1.175847
1237661064956215526,1799340659258189824,588017703457390781,2.822945,0.1074197,8.039258,0.8118758,6.267843,1.469354
1237661064956280853,1799340109502375936,588017703457390679,7.005883,0.05326445,24.5773,0.3248183,17.5509,1.446682
1237661064956280854,1799338735112841216,588017703457390805,2.259265,0.02420282,7.07177,0.159623,5.604658,1.446682
1237661064956280858,1799339834624468992,588017703457390715,3.354496,0.08352747,7.027946,0.5066631,6.963912,1.446682
1237661139033784476,1606766144834791424,588016892785590409,10.15702,0.2776241,28.4247,1.931738,23.37451,1.827568
1237661357538148509,1616853340358993920,588017111289954365,2.165443,0.0119034,5.67908,0.07026074,5.127391,1.359674
1237661357538148520,7503044365289541632,,3.957237,0.01986591,9.36601,0.1150911,8.92009,1.359674
1237661357538738227,1616955045184563200,588017111290544176,9.746897,1.106996,31.34739,7.913622,22.02856,1.423399
1237661357538869384,1619119708701747200,588017111290675353,4.272675,0.01766745,11.11518,0.1412931,9.15471,1.406837
1237661381704548426,1613426162296449024,587735660479643716,3.192061,0.03255526,10.1371,0.2199387,7.582217,1.101524
1237661381704548427,1613427811563890688,587735660479643842,4.402904,0.01590638,9.155992,0.07875494,9.145708,1.101524
1237661068726698006,1989518244473497600,587735347501793299,5.117359,0.1552247,15.49066,1.14631,11.75662,1.354615
1237661068726697998,1989517144961869824,587735347501793293,1.666488,0.01406088,4.922387,0.1162896,3.616662,1.354615
1237661087494045845,1785758115765970944,588016841245851799,5.812897,4.374997,18.42615,-1000.0,12.52813,1.15622
1237661362906398756,1642783399011706880,588017112372936752,3.8324,0.09305785,8.700615,0.8128245,7.760017,1.912838
1237661125612273738,1785733376754345984,588016879364079692,2.489068,0.005154592,5.485674,0.03437125,5.215804,1.553221
1237661125612077126,1785755916742715392,588016879363883085,14.40535,0.660589,32.31501,2.621423,33.21115,1.454316
1237661357547454497,1640441439227766784,588017111299260536,5.334029,0.2158497,15.486,1.391554,12.9936,1.947922
1237661357547389137,1640439789960325120,588017111299195040,6.141109,0.03769569,12.47904,0.2365412,12.42207,1.855433
1237661357547388937,1642777351697754112,588017111299194892,7.071241,0.04936758,23.16319,0.32111,16.22811,1.855433
1237661357547323628,1640583551105656832,588017111299129532,3.198756,0.07309785,8.242813,0.569319,6.940746,2.093832
1237661357535461544,1529110112432580608,588017111287267488,3.635553,0.02069679,7.839131,0.1465997,7.467983,1.335775
1237661357535461419,1529110662188394496,588017111287267364,4.801387,0.1694906,16.17201,1.09878,11.3779,1.335775
1237661353244557397,1481789602451712000,587735696444096663,4.191048,0.05581801,9.949847,0.3331284,9.410193,1.91663
1237661212581625874,1450282271134214144,587735491356721178,5.756449,0.03962556,13.93799,0.3587912,11.33962,1.212638
1237661149767467361,1441218447148083200,587735428542562598,5.950769,0.10493,12.43975,0.4392321,14.10706,1.58634
1237661149767467017,1441233290555058176,587735428542562313,5.850474,0.01891149,16.714,0.1276184,13.66865,1.58634
1237661149767401532,1441231091531802624,587735428542496845,5.924026,0.02333036,12.66262,0.1166127,12.95363,1.550592
1237661068188909635,1988407463388407808,587735346964004875,2.787702,0.01395335,7.11386,0.09185893,6.2992,1.409348
1237661068724207750,1984985783118882816,587735347499303035,4.728248,0.03427614,10.14203,0.2632734,9.588365,1.013728
1237661068724338778,1984977811659581440,587735347499434068,5.242718,0.04400068,12.89804,0.3269653,11.20111,1.173191
1237661124540956928,1787953565944276992,588016878292762809,7.928559,0.3526295,23.55758,2.256999,19.92785,1.424091
1237661137419108367,1793580592013535232,588016891170914329,5.768986,0.1272711,19.01944,0.8513368,13.82294,1.783513
1237661137419108471,1793579217624000512,588016891170914405,2.81024,0.01558207,5.801907,0.1099016,5.636466,1.783513
1237661137419108491,1793565473728653312,588016891170914424,6.462568,0.03007555,15.06204,0.2461238,13.16402,1.783513
1237661137425334280,1612315655015524352,588016891177140229,7.157943,0.0170383,18.50654,0.07730132,18.23812,1.427662
1237661068716540080,1969226481179584512,587735347491635378,5.621617,0.04828995,16.58387,0.3540756,12.75836,1.220451
1237661068714508360,1966985671751002112,587735347489603638,1.559978,0.01453632,4.451832,0.1152257,3.448454,1.277974
1237661139030900979,1795919253380032512,588016892782706769,11.24712,0.06032142,27.51319,0.327586,26.4798,1.521055
1237661139030900761,1795909357775382528,588016892782706724,4.035008,0.3877775,9.544324,4.005299,8.587751,1.521055
1237661139030900758,1795904135095150592,588016892782706877,5.329401,0.01535054,11.28745,0.08582226,11.14471,1.521055
1237661139030900756,1794840357477836800,588016892782706721,2.533412,0.02895165,7.331318,0.2386767,5.247648,1.521055
1237661139030900754,1794840082599929856,588016892782706719,14.0957,0.1828169,47.16433,1.100653,35.3414,1.521055
1237661139030835274,1795908533141661696,588016892782641220,3.890691,0.01326021,12.55922,0.08521678,9.773915,1.394474
1237661137421336722,1796991552078243840,588016891173142676,4.814629,0.03627624,11.97359,0.2506632,10.67916,2.227251
1237661137421271216,1797003921584056320,588016891173077135,1.696204,0.008979444,4.389912,0.07928061,3.500956,2.1198
1237661137421271080,1795985498955606016,588016891173077039,7.485456,0.1113793,25.96753,0.6781143,18.76118,2.1198
1237661137421205581,1797007769874753536,588016891173011547,5.061639,0.124867,13.63202,0.8698342,11.43097,1.998914
1237661137421205549,1797005295973591040,588016891173011521,6.38482,0.04159483,20.89174,0.207919,19.36547,1.998914
1237661125612142601,1785755366986901504,588016879363948551,3.259979,0.02422829,10.66531,0.1594799,7.7811,1.505999
1237661124540956698,1787963736426833920,588016878292762688,8.869447,0.1138969,30.50107,0.6869895,22.12742,1.424091
1237661069789823024,1968246537330911232,587735348564918314,2.836066,0.1567117,9.653896,0.9930829,6.517258,1.031587
1237661069243515028,1958104641036118016,587735348018610332,5.075808,0.02654357,10.32839,0.1977884,9.916432,1.033265
1237661068714442879,1967005737838209024,587735347489538221,2.739593,0.1253263,7.892314,1.032445,5.813332,1.174152
1237661068714442832,1966981823460304896,587735347489538251,3.421087,0.04144109,6.768658,0.1887319,7.335024,1.174152
1237661065489612923,1470579260228921344,587735344264708121,2.68905,0.08764179,8.541194,0.5999139,6.40401,1.56823
1237661065489481886,1470557544874272768,587735344264577187,3.271157,0.1303254,9.765251,1.003053,7.25526,1.512615
1237661064955822094,1799263418566338560,588017703456931863,3.403818,0.22284,9.066735,1.88906,7.287931,2.349359
1237661381703893047,2249650326049155072,587738948822892575,10.4232,0.1050931,25.31986,0.7345154,22.64878,1.213679
1237661381703827579,2249650875804968960,587738948822827172,7.766343,0.05727879,15.16104,0.3279733,15.42428,1.191342
1237661358610186451,1611265621226448896,588017112361992345,3.962337,0.0200684,8.020081,0.1096201,8.218863,1.450944
1237661358078165070,1625920462997448704,588017111829971028,2.340771,0.09702641,7.111317,0.761157,5.100321,1.450624
1237661358078165069,1623722539186415616,588017111829971027,3.158844,0.05837297,10.44117,0.3939115,7.33838,1.450624
1237661356464930876,1616813208184580096,588017110216736849,4.202871,0.04143038,10.80371,0.3171471,9.132812,1.552422
1237661356464865327,1616804961847371776,588017110216671384,1.835938,0.06637651,4.921835,0.6576113,3.784672,1.633793
1237661356464865320,1616811284039231488,588017110216671302,9.277268,0.01698406,24.34107,0.1280596,20.57947,1.633793
1237661356464865319,1616809909649696768,588017110216671267,2.989826,0.2263667,10.04706,1.493947,7.162047,1.633793
1237661356464799823,1616819805254346752,588017110216605790,7.7554,0.03855062,25.39112,0.1724763,22.45884,1.521538
1237661152450248875,1439001556778248192,587735431225344158,3.281611,0.02564891,8.056116,0.1771068,7.145573,1.576229
1237661152450248713,1438990836539877376,587735431225344007,3.177756,0.06131925,9.278265,0.4567389,7.095822,1.576229
1237661138492522549,1793687519519336448,588016892244328499,2.884734,0.08179514,7.651525,0.6230015,6.39211,1.914972
1237661138492457139,1793688344153057280,588016892244263087,6.041594,0.1165101,18.28099,0.8258577,14.15302,1.708117
1237661137958863006,1797100953485207552,588016891710668833,2.824732,0.06640693,9.263108,0.4447443,6.654319,1.663903
1237661070324859093,1965993362288830464,587735349099954340,3.611665,0.07096107,9.437763,0.5560809,7.773345,1.162174
1237661070324858899,1965992812533016576,587735349099954216,4.415189,0.05611139,11.12829,0.4032411,9.435844,1.162174
1237661069789495637,1968225096854169600,587735348564590976,4.48512,0.07850704,8.835111,0.3920415,9.272404,0.9344473
1237661069250789708,1967034874896345088,587735348025884967,2.848183,0.02155065,6.525663,0.1628145,5.890304,1.168788
1237661069250789419,1967032126117275648,587735348025884928,1.175169,0.01234023,2.593609,0.06992925,2.562244,1.168788
1237661069250789417,1967031026605647872,587735348025884818,3.109368,0.02462901,7.84196,0.1199983,7.613817,1.168788
1237661069250789414,1967029927094020096,587735348025884757,5.731565,0.3624149,18.22176,2.465939,13.73775,1.168788
1237661210974945409,1454727046973384704,587735489750040697,7.030095,0.103537,24.39483,0.6342914,17.40327,1.425535
1237661210974945542,1454726222339663872,587735489750040778,2.942158,0.02127525,7.619864,0.1534217,6.522873,1.425535
1237661210975010820,1454724573072222208,587735489750106120,4.740338,0.1145064,14.95295,0.7643493,12.01646,1.425535
1237661068178030615,1800458588645255168,587734950204997726,8.134601,0.1994673,20.88898,1.083699,19.79918,1.196106
1237661070326890555,1969316641133062144,587735349101985841,3.91421,0.03845767,11.50797,0.2236101,9.995,1.251178
1237661070327087242,1969337531853989888,587735349102182531,4.595972,0.02584711,14.49004,0.1822582,10.45257,1.342325
1237661136886366310,1606719415590610944,588016890638172258,3.002317,0.01150923,7.156902,0.08394057,6.411964,1.947032
1237661136887939142,1610053134946691072,588016890639745113,5.06882,0.4077263,16.08114,2.249539,13.53973,1.491606
1237661136887939145,1612368156695750656,588016890639745114,2.681168,0.03114633,7.040648,0.2032226,6.158863,1.491606
1237661136887939151,1612355787189938176,588016890639745119,2.462068,-1000.0,5.614048,-1000.0,5.661808,1.491606
1237661136888922162,1612294764294596608,588016890640728121,3.805062,0.0842382,12.63705,0.5760045,9.288117,1.350694
1237661068181766366,1971464537433466880,587735346956861532,4.391226,1.409061,15.27192,-1000.0,10.71891,1.229581
1237661068181766380,1971465362067187712,587735346956861548,2.43118,0.0228788,7.671578,0.173155,5.587446,1.229581
1237661068181831776,1971465087189280768,587735346956927080,9.778296,0.6693041,33.74332,3.932292,25.77387,1.164457
1237661068181831920,1971465911823001600,587735346956927112,3.772835,0.06201458,11.76266,0.40989,9.088813,1.164457
1237661124541087880,1787945319607068672,588016878292893841,9.406216,0.064507,21.03686,0.2581806,43.7736,1.399996
1237661070324858902,1967057140006807552,587735349099954217,7.723825,0.1089513,13.68478,0.6505896,14.28132,1.162174
1237661070324858896,1965993912044644352,587735349099954195,10.17649,0.1533829,24.97377,1.149266,21.48902,1.162174
1237661070324858895,1967053841471924224,587735349099954194,5.312528,0.1191814,16.85326,0.7762262,13.0838,1.162174
1237661069243449619,1957961154768693248,587735348018544889,3.234067,0.04205252,7.542329,0.2337314,7.081017,0.9428262
1237661069243514969,1958115636152395776,587735348018610271,3.333654,0.01580494,11.78893,0.09072901,9.980779,1.033265
1237661069243580623,1958113712007047168,587735348018675929,3.852898,0.01063703,7.625452,0.07828628,7.408732,1.145637
1237661137958666357,1797089133735208960,588016891710472258,8.44387,0.05052087,26.83526,0.3389401,20.58439,1.697886
1237661381704024169,1612300811608549376,587735660479119460,3.007405,0.2387126,9.018784,1.761284,6.669,1.195904
1237661381704482927,1613437707168540672,587735660479578244,7.835455,0.02665482,18.98446,0.2184023,16.3925,1.112885
1237661137425268882,1612334346713196544,588016891177074825,1.451263,0.01172094,3.753643,0.09512668,3.112683,1.425004
1237661139033718842,1606752950695258112,588016892785524810,2.177847,0.02366613,6.543345,0.1723982,5.095284,1.738394
1237661139033784336,1606768893613860864,588016892785590288,12.04213,0.2084765,39.71437,1.291358,30.86645,1.827568
1237661381704548396,1613437982046447616,587735660479643676,2.618433,0.4138111,8.601136,-1000.0,6.063779,1.101524
1237661381704548424,1613427261808076800,587735660479643689,5.48443,0.1295744,19.04413,0.7657847,12.86761,1.101524
1237661381704548428,2259775454439303168,587735660479643691,6.502907,0.2878663,15.80667,2.540507,13.46122,1.101524
1237661381699174422,2190022710191482880,588017979953643559,10.76564,0.04176209,37.12478,0.2500317,28.0759,1.260016
1237661381699108952,2190019686534506496,588017979953643609,2.879558,0.08251187,9.027145,0.5803097,6.386526,1.206398
1237661381699108924,2190021060924041216,588017979953578057,2.050604,0.02164032,6.449417,0.1427752,5.044994,1.206398
1237661125612142849,1785745471382251520,588016879363948800,1.911649,0.02113042,4.781684,0.1822761,3.950082,1.505999
1237661068181766419,1806033937047250944,588017705072394375,1.681911,0.009302374,4.520333,0.08033652,3.553207,1.229581
1237661069789561066,1968235817092540416,587735348564656372,4.455008,0.04279695,11.15107,0.2545826,10.26803,0.9658542
1237661069789561112,1968233892947191808,587735348564656408,5.649039,0.02253307,10.4868,0.1148934,11.15608,0.9658542
1237661381704089747,2249671491647989760,587738948823089299,6.235789,0.09506428,13.50255,0.6447312,13.25636,1.175847
1237661068724207645,1986172705988175872,587735347499302949,4.245055,0.08033166,15.24441,0.4815764,11.0041,1.013728
1237661068724207699,1986172431110268928,587735347499302983,3.134658,0.04453506,10.1735,0.2850663,7.927061,1.013728
1237661068724273255,1984963243130513408,587735347499368572,3.683147,0.05352514,7.90982,0.2648591,7.993039,1.117169
1237661382234472533,1793576468844931072,587735661009567822,3.68603,0.07938503,12.09453,0.4883295,9.267561,1.097677
1237661386012951043,1899536958682589184,587733432998560222,4.84736,0.05315338,10.78744,0.2516343,11.1469,1.121615
1237661386012951041,1906322872691877888,587733399189520796,3.097349,0.03101761,7.736018,0.2170686,6.957505,1.121615
1237661386002268342,1500857882722199552,587735664777363663,4.472291,0.04899888,10.04889,0.2931997,9.597363,1.35447
1237661386004824207,1187994322587379712,587733399718330509,4.729363,0.007973365,11.23876,0.06956252,9.58979,1.53421
1237661386013213023,1899542731118635008,587733432998822219,3.010663,0.04743895,8.985913,0.320811,7.109285,1.165786
1237661388148178986,7583192715875340288,,3.34042,0.02605816,10.76863,0.1787539,7.563729,1.640946
1237661417140125866,1494165155427149824,587735695915221149,3.385779,0.03527394,11.51803,0.2245283,8.21217,1.300828
1237661417673916574,1487486446636918784,587735696449011832,10.80921,0.04615462,23.60739,0.2781762,22.45191,1.222008
1237661418747461854,1488565617752565760,587735697522557119,2.17893,0.01588577,6.806376,0.1156401,5.07087,1.296912
1237661418750214292,1493065918392068096,587735697525309583,2.213828,0.04927682,6.540896,0.3810608,4.932167,1.425205
1237661434848215231,1642780375354730496,588298663576731826,4.279644,0.1315968,11.21442,0.8686786,9.567815,1.192037
1237661382236766329,1795985224077699072,587735661011861645,2.265792,0.0357796,4.916506,0.2019592,4.873437,1.166547
1237661382236831823,1796995125491034112,587735661011927147,3.013744,0.04340935,7.300792,0.2749546,6.604202,1.175027
1237661382240305326,1610052310312970240,587735661015400535,4.028105,0.01987875,10.27069,0.1539565,8.613609,1.23359
1237661383311032451,1797089408613115904,587735662086127741,3.173294,0.01930011,6.949953,0.1552086,6.364471,1.277311
1237661383311098033,1797087484467767296,587735662086193304,4.433342,0.02290382,11.07071,0.13189,10.47394,1.354035
1237661383849214020,1606755699474327552,587735662624309300,6.036879,0.918083,52.79077,21.63127,62.1478,1.144679
1237661383849214078,1606768343858046976,587735662624309357,6.332671,0.1976344,22.00961,1.131713,14.72945,1.144679
1237661385998401730,1497533784864614400,587735664773496976,4.631719,0.05406409,11.76059,0.3196131,10.63637,1.2601
1237661386013148102,1900643895402850304,587733432998757097,5.423439,0.05881054,10.49673,0.2527086,11.5783,1.152889
1237661386539008177,1500859806867548160,587735665314103467,2.031134,0.02300135,5.373287,0.1840508,4.380915,1.329926
1237661386540187877,6803931436825202688,,5.75389,0.02685815,13.06077,0.1307499,12.94292,1.566494
1237661418750279689,1493089008136251392,587735697525374991,4.74057,0.05297874,15.84962,0.3375134,11.6644,1.497092
1237661418750279810,1493089283014158336,587735697525375086,2.58356,0.01884825,8.397132,0.1159026,6.814999,1.497092
1237661435921629212,7504313751581249536,,7.850736,0.2522416,22.36621,1.539178,18.96153,1.148597
1237661435921891397,1441185461799249920,587735428542890034,8.574303,0.7490152,27.82793,4.995778,21.16825,1.228367
1237661383314702493,1612442648608532480,587735662089797791,6.465506,0.1801016,17.55145,1.296872,14.83821,1.121675
1237661384383201308,1795908808019568640,587735663158296604,7.606125,0.112223,21.33718,0.6528799,18.54316,1.140029
1237661435920646302,1638296566466897920,588298664649162912,8.632283,0.02282052,17.52239,0.1197587,17.51814,1.103081
1237661811196624933,1809347040543533056,588017564948430886,5.137628,0.006930156,11.60568,0.05151374,10.63445,1.512665
1237661387620876410,1512230681378318336,587735666395971733,4.650939,0.1077323,15.29095,0.707653,11.23733,1.207473
1237661387620876411,1512231231134132224,587735666395971758,4.888253,0.5324656,17.00322,3.340714,12.75709,1.207473
1237661416603910488,1494107705944598528,587735695379005668,2.013554,0.0205534,4.726143,0.1447944,4.366951,1.462874
1237661388141166646,1491907857736558592,587735666916261999,10.55063,0.04062819,25.42569,0.2560962,23.19753,1.294468
1237661387620876699,1512227657721341952,587735666395971935,2.792468,0.02921105,7.591157,0.2106067,6.272844,1.207473
1237661387619238463,1509936825177761792,587735666394333718,2.985693,0.02773534,8.365808,0.1979121,6.897998,1.101524
1237661387619172794,1507597613870901248,587735666394268082,5.941082,0.04109112,12.55505,0.2212595,13.2388,1.050524
1237661387619172464,1507597888748808192,587735666394267767,6.614435,0.06994692,19.07602,0.4220459,16.48292,1.050524
1237661387616747577,1505480229353711616,587735666391842886,6.430044,0.4434973,16.54233,3.309262,14.28208,1.280798
1237661387079745734,1505382922574653440,587735665854841008,5.102092,0.3938113,16.95648,2.707621,12.60942,1.304096
1237661463308075295,1771198387505358848,587736899577119032,2.868047,2.878174,9.312384,-1000.0,6.267976,1.120726
1237661812272791651,1812705774711891968,588017566024597623,6.609458,0.05655213,12.74024,0.1522986,16.07198,1.499345
1237661811198459942,1812755527613048832,588017564950265893,3.820875,0.2518462,11.95474,1.826915,9.373217,1.282207
1237661465457525045,1603343638606145536,587735744232620375,4.314185,1.960248,11.73834,-1000.0,10.2018,1.073763
1237661435921891590,1640596470367283200,588298664650408184,5.353652,0.04664,9.731042,0.2652933,10.19271,1.228367
1237661435921891368,1640597020123097088,588298664650407992,1.671006,0.0475648,5.055139,0.3560872,3.763126,1.228367
1237661435921825846,1441212399834130432,587735428542759029,4.371424,0.06742969,14.72508,0.4560645,10.92723,1.253369
1237661435921629364,1640589048663795712,588298664650145921,3.091913,0.06206027,9.1925,0.491241,6.716108,1.148597
1237661435921629323,1640577778669611008,588298664650145873,4.342707,0.02178965,9.861141,0.1530659,9.160148,1.148597
1237661435921563811,1640576954035890176,588298664650080330,5.945843,0.03515062,15.70633,0.1922669,14.31237,1.141351
1237661435920646283,1638297116222711808,588298664649162874,2.280725,0.01830208,6.914046,0.09369002,5.964501,1.103081
1237661435920646147,1638299040368060416,588298664649162757,3.559999,0.02846683,12.18925,0.1698871,9.26216,1.103081
1237661435920580738,1638294917199456256,588298664649097346,2.82636,0.01882706,6.627649,0.1018461,6.370143,1.175637
1237661435920187631,1636098917516994560,588298664648704193,3.896506,0.0314033,9.676376,0.1944271,8.83298,1.122122
1237661435920187583,1636099467272808448,588298664648704035,5.298166,0.09661651,17.05621,0.6417677,12.00992,1.122122
1237661435920187571,1636098367761180672,588298664648704181,2.218752,0.01347432,6.110313,0.08405915,5.281809,1.122122
1237661435920121986,1636098642639087616,588298664648638608,1.814575,0.03616744,4.949698,0.3039414,3.84857,1.136261
1237661435920056391,1636092045569320960,588298664648573010,3.957382,0.03025685,11.86002,0.2323031,8.99274,1.195371
1237661435385872563,1645029700344506368,588298664114389154,10.23624,0.1355471,28.55266,1.204497,20.96492,1.160723
1237661434312196318,1645037946681714688,588298663040712856,6.386341,0.09424739,16.79367,0.7921885,13.56666,1.092473
1237661434309247075,1635975222458869760,588298663037763682,6.956952,0.1212389,24.21497,0.7470851,17.64216,1.281165
1237661433772245189,1635983743673985024,588298662500761778,1.398926,0.01244831,3.515533,0.09585746,3.010533,1.232727
1237661433772245175,1635982369284450304,588298662500761759,2.868702,0.1072069,8.610254,0.6852283,7.093841,1.232727
1237661433772245011,1635984018551891968,588298662500761780,1.162131,0.01009714,3.042954,0.09275754,2.425338,1.232727
1237661433772245009,1635983468796078080,588298662500761618,14.46421,0.09966879,48.21814,0.60472,34.23537,1.232727
1237661387069194392,1492973834293241856,587735665844289698,3.948077,0.0523265,7.858182,0.227204,8.400931,1.252689
1237661386540253193,1501968664042170368,587735665315348489,2.811685,0.005783679,7.986997,0.04512388,6.235553,1.56985
1237661382774161505,1796968187456153600,587735661549256781,6.21337,0.04696731,19.19071,0.2506386,17.00417,1.285156
1237661382771474612,1793731774862354432,587735661546569886,6.974479,0.07783751,17.40416,0.524098,15.54107,1.123361
1237661382771409041,1793722978769332224,587735661546504321,8.430105,0.1439813,28.89065,0.9085593,21.31214,1.107365
1237661382240829504,1612311531846920192,587735661015924823,4.100955,0.09036936,10.80805,0.6648992,9.107368,1.174741
1237661382240829503,1613495981284812800,587735661015924822,4.936501,0.02000879,12.7017,0.1517096,10.91075,1.174741
1237661382240829459,1610046537876924416,587735661015924767,2.295943,0.006781256,5.569858,0.06243503,4.607765,1.174741
1237661382240370700,1612370080841099264,587735661015465997,1.883756,0.0837997,5.815655,0.6163939,4.29231,1.23554
1237661812811563096,1816213491195865088,588017566563369047,6.928478,0.249983,18.89723,1.799531,15.83554,1.459087
1237661812809859114,1813901218779523072,588017566561665069,3.393087,0.01658085,8.404424,0.1222675,7.361142,1.674226
1237661812805271608,1807124377435662336,588017566557077557,3.279594,0.06608009,8.907424,0.5427613,6.918294,2.057217
1237661812805206097,1807123277924034560,588017566557012052,3.75532,0.01772381,12.13177,0.1210282,8.915755,2.090863
1237661465457590733,1603343363728238592,587736782002192865,1.928092,0.01121705,5.433162,0.08113005,4.437364,1.04084
1237661465457590279,1592196793465071616,587736782002192615,10.79892,0.121324,35.26204,0.6734583,30.1074,1.04084
1237661463842521123,1583051601155745792,587735742617616406,11.09379,0.1159461,33.46231,0.4216287,33.74716,1.123686
1237661463842455907,1583049951888304128,587735742617551211,2.844295,0.02697691,7.523036,0.2198936,6.18123,1.20119
1237661463307944172,1771186292877453312,587736899576988024,3.922574,0.06390602,8.429243,0.3027471,8.688059,1.206569
1237661463307879016,1771186017999546368,587736899576922618,3.86552,0.03851691,7.46804,0.2505527,7.450779,1.120843
1237661463307878890,1772329239408830464,587736899576987932,3.157863,0.01601422,9.691962,0.09134309,8.336104,1.120843
1237661463307878522,1772337760623945728,587736899576922337,6.945561,0.1158223,22.59276,0.7575657,16.95806,1.120843
1237661434849198303,1642846071174490112,588298663577714887,5.878564,0.02352831,11.56188,0.180997,10.93716,1.058789
1237661434849132772,1645046193018923008,588298663577649284,2.092653,0.01157521,6.429719,0.08009746,4.952135,1.008215
1237661434849132659,1645045368385202176,588298663577649247,12.83899,0.1645561,41.47928,1.105968,30.76001,1.008215
1237661434849132600,1642847170686117888,588298663577649317,3.181467,0.01961272,7.492187,0.1787938,6.369714,1.008215
1237661433772310605,1635969450022823936,588298662500827209,2.225791,0.1620259,6.052525,1.447589,4.619825,1.324374
1237661418749165664,1491939743573764096,587735697524260946,11.05813,1.664497,30.61572,-1000.0,25.13733,1.329879
1237661418749165591,1490841886682802176,587735697524260896,5.922073,0.8336175,19.57423,5.433861,13.88661,1.329879
1237661418747527234,1488586783351400448,587735697522622540,4.131701,0.02361506,9.201324,0.1457171,8.899947,1.326536
1237661418747461776,1487480399322966016,587735697522557042,4.71131,0.02430805,11.64994,0.2117046,9.781046,1.296912
1237661418212294709,1491931497236555776,587735696987390009,1.102015,0.01642573,2.131756,0.0779896,2.317903,1.309056
1237661418212294707,1491931222358648832,587735696987390008,0.9543021,0.007957269,1.976796,0.04072677,2.065998,1.309056
1237661418212294705,1490844360583964672,587735696987390006,7.103488,0.07741275,23.393,0.5084797,17.19247,1.309056
1237661418212294689,1491931772114462720,587735696987389997,1.335229,0.01312261,3.719445,0.1030647,2.95736,1.309056
1237661418211508275,1489705811411232768,587735696986603566,4.404108,0.02915541,13.12743,0.1890404,10.66639,1.325456
1237661417673851010,1488572489700239360,587735696448946230,3.28103,0.0544693,10.55355,0.3749255,7.748178,1.248776
1237661417140125853,1492959815519987712,587735695915221133,2.482397,0.1497743,6.312138,1.219605,5.377502,1.300828
1237661388679282807,1493066193269975040,587735667454378118,2.148482,0.0289937,5.91126,0.2219258,4.716214,1.340188
1237661388148244663,1499844957618333696,587735666923339924,3.548109,0.09831094,10.47643,0.7431535,7.993543,1.611268
1237661388148244492,1499846332007868416,587735666923339784,5.154703,0.03591697,17.38605,0.2353592,12.27918,1.611268
1237661388148178989,1499845232496240640,587735666923274298,3.772081,0.06410789,9.642073,0.3774784,8.619386,1.640946
1237661388140642314,1490780863787460608,587735666915737619,1.722726,0.03136631,5.159851,0.2352329,3.899065,1.314841
1237661388140576978,1490783887444436992,587735666915672237,3.582132,0.06097809,9.636502,0.4357895,8.11365,1.337847
1237661388140511326,1489698939463559168,587735666915606656,2.284455,0.03118752,7.30161,0.1894751,5.873624,1.320674
1237661387602985091,1489656058510075904,587735666378080387,5.181024,0.03264816,11.16323,0.1959037,11.17374,1.26455
1237661387602919620,1487485622003197952,587735666378014853,1.914873,0.01790858,5.363262,0.1373662,4.286741,1.252545
1237661386532978835,1494108530578319360,587735665308074078,3.734952,0.2718787,11.63246,1.742085,9.740643,1.264882
1237661386532913377,1494110454723667968,587735665308008693,2.742552,0.01982114,6.197111,0.09438322,6.128651,1.262412
1237661386530881736,1490719016258398208,587735665305977023,6.127305,0.07539849,12.53998,0.3053974,14.53554,1.421029
1237661386530816154,1490717092113049600,587735665305911444,1.539135,0.01074883,4.279324,0.09224404,3.28118,1.390074
1237661386530816015,1491882294091212800,587735665305911299,5.817175,0.06787554,18.1773,0.4320542,14.1634,1.390074
1237661386530750680,1490729736496769024,587735665305846007,3.782227,0.03045286,8.483294,0.2636555,7.339455,1.485816
1237661386003382586,1502002474024724480,587735664778477781,3.258721,0.02715968,9.115721,0.1740459,7.74685,1.585048
1237661386003382395,1502011270117746688,587735664778477630,4.907872,1.564472,14.03436,-1000.0,11.29151,1.585048
1237661386003382291,1502002748902631424,587735664778477588,10.05498,0.1317506,33.62138,0.8232026,23.57621,1.585048
1237661386003382283,1502000275001468928,587735664778477578,3.464378,0.4458537,8.27654,-1000.0,7.428309,1.585048
1237661386012950941,1899547678920960000,587733432998559790,4.154015,0.1992904,10.07925,1.436816,9.024423,1.121615
1237661386013147302,1900643620524943360,587733432998756515,3.0476,1.06649,8.774223,-1000.0,6.919972,1.152889
1237661386013147354,1899545754775611392,587733432998756573,5.87066,0.1392595,19.47231,0.8937333,14.21112,1.152889
1237661386013147356,1900664236367964160,587733432998756575,1.588881,0.08779109,4.556634,0.7377372,3.36361,1.152889
1237661387069128794,1494163781037615104,587735665844224104,1.319683,0.00585048,2.850529,0.04134413,2.66575,1.254011
1237661387069194275,1494166804694591488,587735665844289599,5.286151,0.03275141,15.89044,0.1616283,13.80784,1.252689
1237661418747461670,1488565067996751872,587735697522556969,6.4862,0.507695,20.95092,3.458399,15.65006,1.296912
1237661418750279849,1493090657403693056,587735697525375123,4.070241,0.02260249,8.460941,0.1677503,8.103999,1.497092
1237661418750476311,1493098903740901376,587735697525571602,10.4508,0.1689112,35.30199,1.002861,26.90542,1.512852
1237661418750476312,1493102202275784704,587735697525571719,4.377441,0.04787506,13.92279,0.2469497,11.84068,1.512852
1237661418750476491,1493112097880434688,587735697525571752,1.533747,0.02446742,4.44221,0.203458,3.337831,1.512852
1237661418750476514,1493113747147876352,587735697525571769,2.647767,0.02155154,6.931344,0.1461439,5.985276,1.512852
1237661433772179544,1636004084639098880,588298662500696193,4.460123,0.02731979,11.0087,0.2000773,9.717081,1.274445
1237661435386003537,1645028325954971648,588298664114520158,7.278531,0.08267839,20.81062,0.5900841,16.98514,1.040683
1237661465457525407,1592195968831350784,587736782002192835,1.953845,0.02915628,5.805996,0.2107536,4.589878,1.073763
1237661382235652234,2189975706069395456,587735661010747523,1.622879,0.04892702,4.393005,0.3669657,3.645985,1.189668
1237661382235652235,1795881869984688128,587735661010747524,2.404687,0.1139187,7.938626,0.75498,5.615541,1.189668
1237661382235652236,1794704292913899520,587735661010747525,1.656029,0.02632441,4.602837,0.1779243,3.874222,1.189668
1237661383308017837,1793694666344916992,587735662083113137,2.876624,0.02331676,7.213429,0.1746748,6.24287,1.167048
1237661383308083205,1793692467321661440,587735662083178503,4.589226,0.03146441,14.57087,0.2075931,10.89315,1.135558
1237661383308083258,1793694391467010048,587735662083178544,3.687661,0.1196734,9.27756,0.8047923,8.294875,1.135558
1237661383314702534,1612442373730625536,587735662089797816,5.722677,1.429165,18.42803,-1000.0,12.42716,1.121675
1237661383314768033,1613489109337139200,587735662089863353,1.554888,0.0215716,3.60492,0.1479574,3.326782,1.062734
1237661811196559464,1809356111514462208,588017564948365435,2.553052,0.01327759,6.678426,0.08595724,5.843082,1.4513
1237661811196625002,1809345666153998336,588017564948430956,3.441832,0.03262586,8.975742,0.2690647,7.220549,1.512665
1237661382235652124,1794706217059248128,587735661010747420,4.591194,0.0128536,10.29209,0.07669217,9.767234,1.189668
1237661416603910440,1494115677403899904,587735695379005628,4.08738,0.0835231,10.05193,0.430072,9.377793,1.462874
1237661416603910214,1494127772031805440,587735695379005517,5.500952,0.02776733,15.69363,0.10699,14.76075,1.462874
1237661950802198689,6133961617233432576,,3.941534,0.0171594,10.85127,0.1115475,9.220211,1.088537
1237661852535750727,1611165565668321280,588017606287556679,7.180928,0.04822221,20.62391,0.3565925,15.59221,1.4041
1237661959910195401,1883805974335088640,588017713662001387,2.409683,0.0124004,5.455731,0.07824693,5.189762,1.122084
1237661950780047494,1800469858639439872,588017704531853436,2.423725,0.0128531,6.426239,0.08426553,5.602634,1.69262
1237661950276469037,5867117016935321600,,2.327764,0.01598444,7.546199,0.1023101,5.861552,1.438986
1237661949737435267,6181241166815842304,,13.39133,0.2271877,36.6665,1.67073,29.34138,1.238273
1237661949737435170,6181243915594911744,,4.103099,0.1175959,13.10817,0.7550083,9.307156,1.238273
1237661923404808424,1957959505501251584,588017677156614248,1.752238,0.02073148,5.323932,0.1510606,4.209475,1.389306
1237661851473412245,1548243540411181056,588017605225218199,2.690961,0.02328687,5.729602,0.1549477,5.538504,1.524746
1237661951327666291,6074409318526242816,,4.708535,0.05625946,13.79329,0.4352586,10.76258,1.578426
1237661951327666286,1816167311707498496,588017705079472248,4.221445,0.05234221,8.802985,0.2705325,8.836929,1.578426
1237661949711220906,1807116955732174848,588017703463026864,6.729472,0.05291813,22.5465,0.3122487,17.44458,1.733963
1237661949711220893,1807116131098454016,588017703463026851,1.382981,0.007528816,3.609168,0.06147192,2.956663,1.733963
1237661949711220877,1807117230610081792,588017703463026839,2.761559,0.02288169,6.853283,0.1474129,6.165296,1.733963
1237661949711220837,1807118055243802624,588017703463026804,2.168312,-1000.0,6.561509,-1000.0,5.02898,1.733963
1237661873481318601,1548244090166994944,588017627233124558,2.239952,0.02848765,5.786001,0.2013167,4.992334,1.164798
1237661873481318536,7456975927328919552,,8.625932,0.07770669,19.60914,0.4205249,18.97705,1.164798
1237661948636954654,6039343143887065088,,5.050138,0.05726812,16.60704,0.376231,12.11022,1.716417
1237661813884846230,1815125799888513024,588017567636652100,1.869502,0.01361036,5.669611,0.1090982,4.093044,1.772263
1237661849862340733,7454674649475207168,,4.032147,0.1226378,12.20713,0.9178031,9.004477,1.743881
1237661849862340734,9431791193547886592,,9.714545,0.8679988,32.83932,4.506864,27.55047,1.743881
1237661849862340735,9430543797656506368,,1.876541,0.01976639,5.08495,0.1537763,4.170149,1.743881
1237661849862340742,7454687843614740480,,4.619255,0.2208768,13.02942,1.847531,9.177508,1.743881
1237661849862406185,1546998068598040576,588017603614212127,3.159483,0.03651258,9.885302,0.257936,7.331846,1.715558
1237661949715808398,1813900119267895296,588017703467614320,3.866466,0.03537684,7.640647,0.1587309,7.989441,1.647332
1237661949719478406,6083503928552738816,,5.979545,0.04479078,19.00725,0.2909944,14.35291,1.487202
1237661950254448838,1816214590707492864,588017704006254754,2.685947,0.04968299,7.563639,0.3388567,6.263553,1.49808
1237661850936541214,1546995319818971136,588017604688347164,3.82026,0.05753034,11.20228,0.4381797,8.550109,1.499235
1237661850936606846,1548175920446072832,588017604688412782,6.222635,0.0596846,12.52184,0.2982702,13.17561,1.47191
1237661949178740942,1812704675200264192,588017702930546838,2.072074,0.032029,4.897013,0.2415617,4.354075,1.769398
1237661949178740908,1812708523490961408,588017702930546812,2.487983,0.01808791,5.932419,0.1327087,5.332312,1.769398
1237661948639445082,1809346490787719168,588017702391251048,4.713479,0.1397554,10.85833,0.6971828,10.81114,1.600412
1237661949178740758,1813912763651614720,588017702930546711,3.513188,0.01238826,10.41819,0.05707164,9.408917,1.769398
1237661949178740904,1812717869339797504,588017702930546808,1.879498,0.01754028,5.335159,0.1285588,4.392826,1.769398
1237661817636651052,1910797879916652544,588017571388457012,7.295508,0.5496533,23.11211,3.362117,17.24483,1.701511
1237661817636520071,1910769292614330368,588017571388325944,4.811513,0.02989474,15.42888,0.2014213,10.94867,1.634937
1237661966358741190,1639348799530887168,588017720110547087,4.919951,0.06111539,10.29229,0.3251915,10.38072,1.35863
1237661950260347049,1910779188218980352,588017704012152880,3.062661,0.05304724,10.7213,0.3276747,7.721658,1.46276
1237661950254448669,1817299259012179968,588017704006254729,5.998538,0.04097894,13.79826,0.1853454,13.67486,1.49808
1237661950254448667,1817297609744738304,588017704006254620,8.169536,0.1335349,27.72655,0.8238733,20.5059,1.49808
1237661949719478450,1819503230892140544,588017703471284405,1.932203,0.027906,5.194138,0.1977641,4.392409,1.487202
1237661949719478408,1819501306746791936,588017703471284381,1.502939,0.1716183,3.943895,-1000.0,2.955208,1.487202
1237661949719478403,1819499932357257216,588017703471284376,2.040401,0.01662209,5.53448,0.1092648,4.787434,1.487202
1237661949719412849,1819502956014233600,588017703471218804,2.248204,0.02268375,6.825693,0.1662325,4.78111,1.389876
1237661949715808406,1813890773419059200,588017703467614336,2.316915,0.06448513,6.775213,0.4510151,5.442313,1.647332
1237661949715808373,1813897920244639744,588017703467614296,2.597999,0.04014344,5.898449,0.2050733,5.931869,1.647332
1237661949715808296,1813896545855105024,588017703467614251,5.070764,0.0469353,15.94804,0.3144476,12.17695,1.647332
1237661949200498959,1937726031188224000,588017702952304905,3.393039,0.06309456,7.939634,0.4144686,7.323263,1.373091
1237661949200433494,1937737576060315648,588017702952239437,2.400921,0.04031422,7.983663,0.2681227,5.730425,1.347763
1237661949186474090,1910724762393405440,588017702938280071,2.56368,0.01553031,6.480704,0.09649428,5.859509,1.408048
1237661949186474088,1910729160439916544,588017702938279971,7.574771,0.05970558,25.50809,0.3742985,17.89861,1.408048
1237661949186408636,1910728335806195712,588017702938214603,4.412188,0.01849955,9.34156,0.1143312,9.255276,1.484368
1237661949186408622,1910724487515498496,588017702938214513,1.835267,0.06415626,5.826936,0.4701404,4.184845,1.484368
1237661873490034916,1521192525778413568,588017627241840909,5.560479,0.03776449,13.87249,0.2683381,12.19511,1.185993
1237661873482956896,1513325520115230720,588017627234762838,5.545642,0.02910495,11.64014,0.1317681,12.15143,1.198735
1237661873482891502,1513328543772207104,588017627234697446,3.881206,0.04001954,9.662467,0.2848115,8.4902,1.231057
1237661873482891334,1513327169382672384,588017627234697295,4.605661,0.03043635,15.27157,0.196287,10.86872,1.231057
1237661873482891322,1513325794993137664,588017627234697284,2.84313,0.0354551,7.980873,0.2495006,6.440577,1.231057
1237661872403513469,1542485123239274496,588017626155319446,3.017093,0.03707338,6.371348,0.2311387,6.25372,1.101642
1237661872403448003,1542640154378790912,588017626155253939,2.927005,0.01988678,7.893947,0.130457,6.745512,1.154291
1237661872403447862,1543680562743502848,588017626155253825,4.858504,0.1714817,17.00099,1.052064,11.71777,1.154291
1237661871870574660,1546992021284087808,588017625622380628,3.594599,0.02833175,12.76382,0.1767773,9.164207,1.240122
1237661850399539300,1548186365806536704,588017604151345251,1.683038,0.02260165,4.874552,0.1806201,3.709204,1.408024
1237661850399539298,1548187465318164480,588017604151345249,10.5685,0.09764126,32.49641,0.6892461,25.908,1.408024
1237661850399473802,1546994220307343360,588017604151279757,2.837654,1.012556,13.64677,-1000.0,8.187275,1.690499
1237661850399473791,1546993120795715584,588017604151279751,3.025547,0.1744142,9.454009,1.258828,6.957958,1.690499
1237661849862733947,1548181692882118656,588017603614539815,3.31159,0.01492136,9.894332,0.1063278,7.785264,1.487072
1237661849862733840,1548192413120489472,588017603614539789,4.035982,0.04463398,13.721,0.2842417,9.761883,1.487072
1237661849862340736,1547014011516643328,588017603614146717,3.494869,0.02803098,10.5198,0.1852231,8.511222,1.743881
1237661817095651547,1819593940601432064,588017570847457484,2.835293,0.01569246,7.643344,0.1027454,6.552808,1.359142
1237661817095651459,1819591466700269568,588017570847457400,4.278733,0.121725,11.70502,0.916922,9.495918,1.359142
1237661816027742248,1912937254767060992,588017569779548214,6.845311,0.08336877,20.58796,0.5821038,15.6901,1.431513
1237661813348499542,1816216514852841472,588017567100305491,1.88852,0.03539884,4.523235,0.2387528,4.112073,1.558087
1237661813348434037,1817296510233110528,588017567100239997,3.177147,0.08178648,9.626628,0.6311334,6.832011,1.449618
1237661850395476104,1543694306638850048,588017604147282059,5.84859,0.02854037,12.21991,0.1502113,12.57753,1.720906
1237661850395541514,1542496393233459200,588017604147347468,6.723289,0.1304555,22.30096,0.8539451,15.57971,1.658796
1237661852006678622,1543743509784193024,588017605758484568,2.491088,0.02780244,7.449685,0.2074894,5.714646,1.566599
1237661852018999354,1521201871627249664,588017605770805314,7.536169,0.1692201,23.29677,1.110423,18.10224,1.338295
1237661852019196066,1521214790888876032,588017605771001969,3.234353,0.01199285,6.423413,0.07577717,6.450686,1.371706
1237661852019261469,1521235956487710720,588017605771067416,2.909289,0.08978343,9.198624,0.6174203,6.942467,1.334189
1237661874014584855,1543755329534191616,588017627766390819,7.449083,0.04339035,17.35756,0.2235852,16.77859,1.166455
1237661874014584882,1543756154167912448,588017627766390855,7.642338,0.1317704,22.6241,0.9990948,16.99361,1.166455
1237661874014650453,1543766599528376320,588017627766456427,10.15417,0.02739555,20.23105,0.1560181,20.7354,1.123696
1237661874014650484,1543765500016748544,588017627766456456,8.856151,0.04927399,21.50827,0.2838635,19.83931,1.123696
1237661874027102309,1521237605755152384,588017627778908257,6.079234,0.1203316,20.73533,0.7055551,14.53976,1.104122
1237661874027102311,1521238155510966272,588017627778908250,2.68422,0.1333339,8.879527,0.9280834,6.3294,1.104122
1237661874027102515,1521236231365617664,588017627778908411,1.809258,0.00962359,4.508502,0.07196672,3.897908,1.104122
1237661948635447420,1804873952967813120,588017564944433327,11.767,0.02926639,25.79569,0.205365,23.76983,1.468279
1237661948636889161,1805947350506563584,588017702388695118,4.864604,0.02379001,10.26191,0.1303553,10.3909,1.748943
1237661948636954627,1805948724896098304,588017702388760578,2.301378,0.09083554,7.056191,0.6599519,5.357236,1.716417
1237661948636954655,1805947900262377472,588017702388760608,5.992649,2.821377,23.87059,-1000.0,19.01534,1.716417
1237661948636954762,1805945151483308032,588017702388760686,1.742247,0.02211447,4.453132,0.1777309,3.713674,1.716417
1237661949178216581,1811579325015681024,588017702930022500,3.032513,1.922243,9.612082,-1000.0,6.637505,1.746124
1237661951327666292,1815122501353629696,588017705079472253,1.532742,0.006868183,4.186514,0.05871356,3.254885,1.578426
1237661951327666295,1816166487073777664,588017705079472256,7.727866,8.750742,25.49604,-1000.0,20.79677,1.578426
1237661851473412195,1547160796318951424,588017605225218154,3.460458,0.0162254,9.001038,0.08749165,8.3297,1.524746
1237661851473477744,1548242440899553280,588017627233189926,9.644695,0.06958714,25.5755,0.3189719,24.02205,1.499222
1237661872407576591,1546996419330598912,588017626159382545,4.635863,0.1158233,10.83829,0.7028175,10.05518,1.156081
1237661872407576592,1548176470201886720,588017626159382546,1.469958,0.03877302,3.846352,0.3071614,3.197761,1.156081
1237661949178216472,1812747831031654400,588017702930022421,21.68118,0.05710861,51.42218,0.3341465,47.66205,1.746124
1237661949178216473,1812743707863050240,588017702930022444,4.116491,0.02726568,12.55024,0.1392482,11.22951,1.746124
1237661949178216474,1812743158107236352,588017702930022448,4.564827,0.954788,12.89005,-1000.0,11.13055,1.746124
1237661949197680829,1930980533307729920,588017702949486797,3.077981,0.03869069,8.832016,0.2418521,7.478706,1.213219
1237661949197746205,1930972286970521600,588017702949552181,8.418469,0.4671924,23.00537,3.108768,19.71799,1.222492
1237661949197811931,1930969538191452160,588017702949617905,7.410022,0.04612508,18.82727,0.3004726,16.84601,1.259118
1237661949711286485,1807118879877523456,588017703463092373,6.955267,0.07577006,15.75007,0.3341081,16.14414,1.730112
1237661949737435196,1937803271880075264,588017703489241159,3.718244,0.04201848,11.06026,0.279789,8.870067,1.238273
1237661949737435262,1937801622612633600,588017703489241284,17.08965,2.162237,51.56505,11.26249,47.38379,1.238273
1237661949737435269,1937713111926597632,588017703489241562,1.197572,0.006720911,3.214349,0.0572568,2.541512,1.238273
1237661949737435275,1937809044316121088,588017703489241536,1.879748,0.03176192,5.067462,0.2622727,4.034861,1.238273
1237661949737435408,1937714761194039296,588017703489241401,4.621007,0.02649384,14.42949,0.163496,11.71475,1.238273
1237661949737500795,1937813167484725248,588017703489306719,3.204837,0.01370601,10.09457,0.09256252,7.72126,1.28408
1237661949737828379,1937680951211485184,588017703489634333,4.612807,0.03455657,16.73387,0.2015419,11.56582,1.155096
1237661949737828733,1937680401455671296,588017703489634681,2.614818,0.03055831,6.392273,0.2161357,5.714777,1.155096
1237661949739597973,1941091086558586880,588017703491404095,5.744802,0.9271177,14.07038,-1000.0,13.32745,1.511974
1237661950272471191,1933310118049376256,588017704024277153,3.459244,0.04540543,11.16288,0.3110043,8.257495,1.095518
1237661950272471275,1933311492438910976,588017704024277241,2.777641,0.02429508,6.469287,0.1338416,6.22891,1.095518
1237661950272471286,1933311217561004032,588017704024277265,5.865249,0.07395087,19.10877,0.4923345,14.43299,1.095518
1237661950272471287,1933310667805190144,588017704024277257,2.562287,0.01655838,5.900106,0.1038151,5.49624,1.095518
1237661950274371815,1937815091630073856,588017704026177570,3.89817,0.01851369,12.69976,0.1019163,11.24029,1.214993
1237661950276403464,1941184819924854784,588017704028209408,1.515373,0.0128704,3.617065,0.09254152,3.26341,1.236165
1237661950276468745,1941185919436482560,588017704028274880,8.797825,0.03277093,25.39026,0.2127385,20.99489,1.438986
1237661950276469020,1941188393337645056,588017704028274940,3.62299,0.03723561,10.79917,0.280808,8.018968,1.438986
1237661950780047489,1801538858836322304,588017704531853432,6.739347,0.0325253,14.38139,0.1706385,14.62555,1.69262
1237661950802133206,1917499689188485120,588017704553939173,4.023501,0.01714657,8.848454,0.1111788,8.456592,1.144384
1237661950802133284,1917497490165229568,588017704553939233,4.475396,0.08984686,10.90503,0.5051094,10.42824,1.144384
1237661950802591907,1917544769165223936,588017704554397844,9.65533,1.222724,29.52307,9.172859,22.98441,1.078498
1237661950802591974,1917540920874526720,588017704554397900,4.077201,0.08811931,11.63558,0.6455833,9.494931,1.078498
1237661950802657501,1917539821362898944,588017704554463460,3.005314,0.03782368,8.314926,0.2644818,6.89235,1.133588
1237661950802722870,1917547243066386432,588017704554528837,2.959483,0.06742512,8.369964,0.4921984,6.707413,1.2122
1237661951320588304,1806032012901902336,588017705072394311,7.086619,0.05308572,20.85699,0.3810697,16.23843,1.846909
1237661951320588310,1806032837535623168,588017705072394255,3.125309,0.04143335,7.349259,0.2317962,7.032236,1.846909
1237661951327666259,1816168411219126272,588017705079472215,5.637926,0.08606771,19.29078,0.447621,15.37553,1.578426
1237661958300238036,1885979708890310656,588017712052043914,1.938433,0.04749269,5.762066,0.3798192,4.123085,1.066912
1237661958300238042,1884788388008060928,588017712052043885,4.168183,0.08291756,14.48425,0.51889,10.00155,1.066912
1237661958300238043,1885976960111241216,588017712052043886,2.130306,0.08212245,6.281744,0.600535,4.924741,1.066912
1237661958300238148,1885977234989148160,588017712052044000,1.774149,0.02771227,5.191589,0.2230478,3.845114,1.066912
1237661965821477009,1639382334635534336,588017719573282907,3.977593,0.08792757,12.07854,0.6326743,9.264649,1.333471
1237661965821477083,1639383434147162112,588017719573282981,3.541408,0.06122517,9.184608,0.4261012,7.822945,1.333471
1237661966356381766,1634880933981087744,588017720108187734,7.13113,0.1270529,23.89701,0.7747078,17.80772,1.360529
1237661950802133052,1917499414310578176,588017704553939028,8.277687,0.1318572,22.80211,0.9719523,18.00081,1.144384
1237661950802198667,1917498589676857344,588017704554004627,2.230528,0.01802091,4.965611,0.1143884,4.711805,1.088537
1237661950802198690,1917501063578019840,588017704554004512,1.820236,0.100335,5.597058,0.7492849,3.946119,1.088537
1237661959373390003,1883793055073462272,588017713125195975,4.622184,0.05508297,10.84344,0.2411979,11.10594,1.050536
1237661959373455366,1883803500433926144,588017713125261318,4.573032,0.1486506,14.98691,0.9585862,10.91756,1.123518
1237661959373455458,1884856007973169152,588017713125261396,4.91583,0.04476929,12.27034,0.3327356,10.34637,1.123518
1237661959373455459,1883804599945553920,588017713125261397,0.7813398,0.03592935,1.488073,0.2205121,1.547271,1.123518
1237661948651438269,1912942477447292928,588017702403244170,10.43321,0.05574043,23.14335,0.2929288,23.04779,1.290029
1237661873481318442,1548230346271647744,588017627233124397,8.925877,1.545718,16.72289,-1000.0,17.23169,1.164798
1237661950276600204,1941201312599271424,588017704028406071,5.689199,0.03214923,12.89149,0.1773061,12.56455,1.500827
1237662197748006964,5504708908533698560,,4.807298,0.03791186,13.99184,0.2438727,11.70755,1.189953
1237662197747941523,5504707259266256896,,7.312512,0.3821467,24.73245,2.40944,18.7079,1.238394
1237661974406037572,5449406496994775040,,6.263517,0.1239221,17.59365,0.9723243,13.95656,1.525816
1237662199359078814,1940015215202560000,587736478134174077,3.079124,0.02290582,8.145265,0.1467469,7.106477,0.9729055
1237662199887036439,1917546143554758656,587736478662131745,10.05365,0.05590244,31.05439,0.3418297,25.6021,1.531248
1237662199887102065,6139645542391894016,,5.829754,0.05789249,13.72541,0.3335041,13.17275,1.480756
1237662224596205572,2249551644880562176,588017978348011528,3.698069,0.09091668,11.38258,0.6828756,8.133445,1.543187
1237662224596205687,2249552744392189952,588017978348011639,3.361257,0.05022898,7.423267,0.2496747,7.469546,1.543187
1237662224596861027,2259720203980007424,588017978348666984,2.910909,0.02883072,6.960714,0.2267263,6.119451,1.40048
1237661974404268102,2019902441591433216,588017728156074065,4.281747,0.6997107,9.473002,-1000.0,9.083527,1.502779
1237662193989714026,1634880384225273856,588017947741519877,1.633657,0.05555,5.227113,0.4123396,3.665706,1.307959
1237662193991942225,1639344126606469120,588017947743748181,3.617857,0.01786497,7.045108,0.07936975,7.627643,1.500586
1237662193992007768,1639344951240189952,588017947743813749,5.394667,0.03223766,13.78272,0.2502989,11.28858,1.473374
1237662193992007785,1639346050751817728,588017947743813761,1.46824,0.009426195,3.294298,0.06818023,3.054117,1.473374
1237662193992007793,1639347425141352448,588017947743813668,5.876358,0.3083386,18.12064,2.17715,13.73578,1.473374
1237662193992007840,1639345226118096896,588017947743813765,3.294345,0.01573699,8.274712,0.1118149,7.165094,1.473374
1237662193998102638,1552698761526929408,588017947749908589,7.076553,0.1836639,24.94912,1.107271,18.08228,1.329036
1237662195056640213,1615813201386039296,588017948808446098,3.20787,0.04375726,8.639219,0.2735669,7.571184,1.481855
1237662195056640217,1615814575775574016,588017721712050292,5.751345,0.06710675,11.42925,0.3382635,12.47618,1.481855
1237662198284157184,1935446469024704512,587736477059252474,10.17679,0.09753804,26.36706,0.7389175,22.29605,1.278749
1237662198818930724,1930971462336800768,587736477594026067,14.86361,0.3910756,49.38274,2.363583,36.03563,1.276447
1237662223535374440,2287956218058139648,588017977287180375,7.437346,0.02191317,16.95352,0.1258808,16.07809,1.417794
1237662224080633907,1853266489721776128,588017977832439858,1.495564,0.01240627,4.271173,0.09195239,3.399828,0.99609
1237662224596271124,2249552469514283008,588017978348077077,13.82411,0.03057896,33.29834,0.1905713,30.63446,1.551182
1237662224596926539,2259722677881169920,588017978348732432,8.45033,0.02378375,22.03184,0.1555633,19.42033,1.410981
1237662236393406482,6081099845875290112,,12.92939,0.1897085,32.05751,1.774882,24.64354,1.212176
1237662236393406651,1386021039070275584,587734891682267265,2.974891,0.05496565,7.833793,0.3296863,7.093691,1.212176
1237661970116378721,2019920583533291520,588017723868184615,4.47122,0.04417493,14.18266,0.3152919,10.60756,1.200279
1237661970116378780,2019898593300736000,588017723868184701,3.297565,0.05400543,7.601807,0.2899568,7.145803,1.200279
1237662198818930727,1930982732330985472,587736477594026031,14.25678,0.1007216,25.66312,0.5369118,26.4137,1.276447
1237662199895556320,1937784580182403072,587736478670651586,7.806365,0.6601537,17.95887,5.439618,16.5584,1.291501
1237662198286909631,1941110877767886848,587736477062004749,8.630455,0.3252436,30.35371,1.664499,20.91816,1.114596
1237662224615342283,1851022655428257792,588017978367148240,5.542296,0.07187616,13.90444,0.415056,12.8176,0.984183
1237662224615342095,1851023480061978624,588017978367148165,11.49209,0.1916454,29.15855,1.362007,25.79363,0.984183
1237662195055263927,1613535288825505792,588016892251078852,2.052361,0.01593204,4.693925,0.1159381,4.354887,1.467651
1237662195055263782,1613533639558064128,588016892251078751,6.409191,0.0252008,20.27199,0.146811,17.93089,1.467651
1237661970110152760,1827358140618795008,588017723861958728,6.935647,0.135141,23.4367,0.8844874,16.52931,1.133833
1237662236393472022,1386010318831904768,587734891682267204,3.216866,0.1270032,10.83537,0.8027251,7.501808,1.242875
1237662236393406568,1387187346130102272,587734891682267138,3.327872,0.02528081,10.3339,0.1560949,8.353088,1.212176
1237662236393406498,1386019939558647808,587734891682267366,2.760294,0.08487813,6.266204,0.4810008,5.931771,1.212176
1237662236393406478,1386019389802833920,587734891682267145,4.866747,0.08346271,14.96227,0.5971949,10.9612,1.212176
1237662225165517232,1866750895996299264,588017978917323229,7.14205,0.03891618,14.36094,0.1898509,27.92335,0.8980079
1237662225163420013,1865718184397531136,588017978915225966,3.883237,0.01770863,11.28652,0.1108573,9.341922,0.9109791
1237662225160011970,1861240148650387456,588017978911817773,6.960823,0.03393704,17.75667,0.2331161,16.08345,1.334022
1237662225133076616,2249578857793349632,588017978884882566,3.204848,0.04180509,8.434694,0.2604097,7.362422,1.507439
1237662225132683436,2249600023392184320,588017978884489337,11.0427,0.04536567,20.40244,0.1487969,25.47812,1.285126
1237662224596336711,2249558516828235776,588017978348142677,8.196115,0.06639557,19.61523,0.4300427,18.08643,1.5177
1237662224070869196,2275478129768163328,588017977822675111,4.322043,0.05039201,9.49274,0.2962867,9.14651,1.512104
1237662223525806268,2293608526267836416,588017977277612195,4.458269,0.0298894,10.28454,0.1790102,9.809202,1.845467
1237662223525806252,2293609076023650304,588017977277612181,2.931478,0.01903446,7.148581,0.1502877,6.182429,1.845467
1237662199895687423,1937799698467284992,587736478670782742,2.346828,0.01419954,6.232409,0.07843095,5.711677,1.131439
1237662199895687252,1937795025542866944,587736478670782559,3.46973,0.508348,9.702682,-1000.0,7.605916,1.131439
1237662199895556516,1937787328961472512,587736478670651778,1.785701,0.01856381,4.295288,0.1338537,3.876208,1.291501
1237662199895556398,1937784855060310016,587736478670651670,2.615389,0.04318373,6.641261,0.2963831,5.820983,1.291501
1237662199895556189,1937788428473100288,587736478670651498,5.987042,0.04375251,19.72269,0.2845316,14.39175,1.291501
1237662198823911735,1941097408750446592,587736477599007066,3.632891,0.3977171,8.926925,2.998513,8.220864,1.015045
1237662198823911677,1941098233384167424,587736477599007002,4.527906,0.02828164,8.85471,0.1655618,9.029147,1.015045
1237662198823911469,1941100982163236864,587736477599006758,3.61182,0.0610713,11.99196,0.3990712,8.837137,1.015045
1237662198823846384,1941099882651609088,587736477598941668,2.25831,0.02736426,5.770354,0.2079839,4.933205,1.043685
1237662198821683697,1937723832164968448,587736477596778727,1.593959,0.0473926,5.07233,0.3168834,3.964776,1.152755
1237662198821683357,1937724656798689280,587736477596778665,8.365434,0.08308031,27.2255,0.5345349,20.80351,1.152755
1237662198818930730,1930983556964706304,587736477594026068,1.927056,0.2339858,4.927462,0.8747706,2.969606,1.276447
1237662197747875912,2047012550628894720,588017992311505194,2.938719,0.06550395,8.348594,0.4854924,6.664969,1.274066
1237662195072827520,1553848026055862272,588017948824633493,3.926006,0.03355319,8.521132,0.1647393,8.36445,1.648668
1237662195072762046,1552791395381569536,588017948824567968,3.385183,0.2315625,10.79895,1.638732,7.874566,1.713504
1237662195072762009,1553848300933769216,588017948824567933,3.488703,0.02406101,8.860723,0.1653343,7.723856,1.713504
1237662195072761977,1552780400265291776,588017948824567908,5.306002,0.0340595,11.78714,0.2467215,11.35313,1.713504
1237662195072761907,1552791945137383424,588017948824567867,10.65619,7.046541,25.43723,-1000.0,23.57193,1.713504
1237662195072761905,1553834557038422016,588017948824567865,6.696798,0.1179597,20.70018,0.8100858,15.62615,1.713504
1237662195056640151,1618005353532778496,588017948808446051,4.786419,0.02700634,11.91153,0.2002723,10.29247,1.481855
1237662195056640025,1618002879631616000,588017948808445977,9.512648,0.3882794,31.69478,2.49953,22.23254,1.481855
1237662194000461972,1554914277540784128,588017947752267835,2.370942,0.02237652,8.051242,0.1406657,6.26928,1.333879
1237662194000461961,1554917301197760512,588017947752267907,2.509604,0.03813702,6.270449,0.2463259,5.531335,1.333879
1237662224060448839,2259681446195128320,588017977812254799,6.079071,0.1040451,17.69705,0.723408,15.04587,1.512576
1237662193989582996,1634892478853179392,588017947741388942,4.106033,0.07807348,8.804862,0.4155654,9.045481,1.386508
1237662193989582993,1632568386284185600,588017947741388940,2.95727,0.03770244,7.338545,0.2632953,6.455276,1.386508
1237662193461231736,1552702884695533568,588017947213037603,10.4802,0.2204259,23.8357,1.072718,23.02239,1.345335
1237661971730333720,2027865373839222784,588017725482139681,11.44199,0.09344798,36.02186,0.6453182,26.70488,1.174282
1237661970654888086,2023297458670430208,588017724406693895,4.236371,0.1087215,13.52423,0.7003925,10.64254,1.166267
1237661967423373381,1615814300897667072,588017721175179340,3.271199,0.04541035,9.912944,0.3401203,7.192208,1.226189
1237661967423111358,1615792310665111552,588017721174917303,5.11129,0.05012384,11.37064,0.3078792,10.88159,1.294295
1237662236397469828,2018754266155476992,588017990149275764,4.45711,0.04455323,11.04473,0.2967218,9.88343,1.346622
1237662236396814569,2018820236853143552,588017990148620457,2.717572,0.02416748,6.944104,0.1754488,5.933635,1.355338
1237662236396683371,2016490378139559936,588017990148489433,5.22801,0.01440519,10.80648,0.08192638,10.70084,1.422046
1237662225671520433,2238420189764937728,588017979423326352,5.011895,0.1121495,11.34459,0.6350464,11.59321,1.555124
1237662225671520364,2238414692206798848,588017979423326240,5.964983,0.05876438,18.92267,0.4256946,13.16258,1.555124
1237662225671454772,2238413317817264128,588017979423260722,2.665053,0.0641757,8.971337,0.4187951,6.906886,1.60778
1237662225159946473,1861244546696898560,588017978911752434,10.80213,0.02927397,22.57737,0.1877616,21.893,1.377289
1237662225140088946,2246256683108034560,588017978891894872,4.897813,0.02331183,9.621413,0.1200488,9.998449,1.431675
1237662225140088842,2246257232863848448,588017978891894805,6.331684,0.08357322,20.64074,0.5602173,15.41246,1.431675
1237662225133666453,2259728725195122688,588017978885472419,4.361251,0.03336542,9.875931,0.1656355,9.614562,1.352812
1237662224623141115,1861176102098069504,588017978374946996,2.793823,0.03909991,7.373984,0.2807231,6.27256,1.318598
1237662224617439529,1853271712402008064,588017978369245497,4.131041,0.05453046,8.698289,0.3032276,8.731181,1.083896
1237662224612458502,2289097780318201856,588017978364264571,1.636634,0.01508806,4.147086,0.1062231,3.700478,1.468433
1237662224612392982,2289079638376343552,588017978364198937,2.884013,0.3250567,9.858532,2.172957,7.158676,1.473747
1237662224597319823,2354371112248305664,588017978349125750,3.694807,0.1858207,11.13645,1.295285,8.796621,1.404021
1237662223543828729,1853264840454334464,588017977295634622,1.740805,0.01419607,4.425141,0.09115143,3.947553,1.042487
1237662198284484650,1937760390926592000,587736477059579950,2.458782,2.402061,7.18915,-1000.0,5.444326,1.198519
1237662198284025951,1935458563652610048,587736477059121277,3.526485,0.1888737,11.57419,1.258642,8.110622,1.311749
1237662194536874012,1553749619765176320,588017948288679980,1.573334,0.009118895,4.312219,0.08170146,3.253115,1.246206
1237661974405972035,2023279866484385792,588017728157777997,2.348229,0.05403674,6.484358,0.4133506,5.303809,1.491467
1237661974405906560,2023276842827409408,588017728157712479,3.067546,0.03792595,9.583576,0.255531,7.589627,1.617464
1237661974405906489,2023277667461130240,588017728157712437,10.96788,0.03286532,29.77012,0.1642046,27.14549,1.617464
1237661974404268151,2019924706701895680,588017728156074106,4.97599,0.02484612,11.25484,0.1915746,10.10883,1.502779
1237661974404268187,2019899143056549888,588017728156074053,2.404782,0.1407381,5.871075,1.221513,5.07302,1.502779
1237662193461166177,1551502217612126208,588017947212972130,9.773521,0.154948,26.50083,0.8981351,22.31188,1.551536
1237662193461297250,1552699861038557184,588017947213103201,3.004524,0.03563251,7.748992,0.2506194,6.640642,1.279319
1237662197747876094,2047008702338197504,588017992311505142,1.528431,0.03178173,4.449338,0.2468429,3.429631,1.274066
1237662197748006965,2047045261099821056,588017992311636113,13.35987,0.2580312,40.15284,1.798823,30.70368,1.189953
1237662197748006974,2047044711344007168,588017992311636096,2.395464,0.08327594,7.468307,0.6255154,5.265759,1.189953
1237662197748072534,2047053232559122432,588017992311767047,3.131622,0.03617609,10.72988,0.2316613,7.814384,1.300153
1237662198284157166,1935448393170053120,587736477059252456,5.049542,0.0405388,11.19134,0.2326923,10.87682,1.278749
1237662198284157251,1935446194146797568,587736477059252333,2.446891,0.01004697,7.169539,0.07157438,5.667476,1.278749
1237662199359013245,1940016589592094720,587736478134108563,3.749515,0.10905,10.20739,0.7596064,8.558006,1.045734
1237662199359078682,1940014665446746112,587736478134173984,3.483172,0.07955713,10.68684,0.4674852,8.849134,0.9729055
1237662223525871655,2293611275046905856,588017977277677607,6.269366,0.02795495,20.64048,0.1799393,15.33553,1.912023
1237662223535374354,2287956767813953536,588017977287180305,3.560004,0.05229153,12.19471,0.3324513,8.533749,1.417794
1237662224070868999,2272169979610687488,588017977822674951,4.313309,0.2090048,14.01992,1.421115,10.23649,1.512104
1237662224070869086,2272169429854873600,588017977822675045,3.746871,0.05003725,12.37798,0.3077192,9.114222,1.512104
1237662224070869099,2275478404646070272,588017977822675055,4.445807,0.07085153,14.82973,0.4658723,10.75584,1.512104
1237662224070869100,2272168055465338880,588017977822675056,4.058967,0.1006889,13.95411,0.6311857,9.642596,1.512104
1237662224070869225,2272166955953711104,588017977822675124,2.425479,0.01884954,7.048637,0.1465404,5.398315,1.512104
1237662224070869228,2275480328791418880,588017977822675128,2.569907,0.04097974,7.126263,0.2747757,6.026953,1.512104
1237662224596271276,2249551370002655232,588017978348077182,7.343099,0.7688645,23.19094,5.849805,15.93097,1.551182
1237662224596926575,2259723777392797696,588017978348732519,3.59895,0.04329856,10.58398,0.2958346,8.51959,1.410981
1237661970110152833,1827373258903676928,588017723861958793,1.194654,0.01429847,3.374511,0.1090887,2.706129,1.133833
1237661970110152878,1827374083537397760,588017723861958857,1.38331,0.01827451,4.484481,0.1312252,3.1015,1.133833
1237661970110218384,1827358965252515840,588017723862024313,3.337122,0.0246177,9.170409,0.1642413,7.852213,1.146675
1237662195055198357,1612439075195742208,588016892251078786,4.386052,0.01739169,9.07847,0.0984539,9.245464,1.423556
1237662224077422595,1849909399888357376,588017977829228547,8.22944,0.08884127,26.31676,0.5437444,20.67972,1.18258
1237662224077226146,1849915172324403200,588017977829032066,5.925958,0.02187652,19.68252,0.1341183,14.89211,1.450199
1237662224077226093,1849925617684867072,588017977829031989,4.931286,2.443485,11.35566,-1000.0,10.63461,1.450199
1237662224077160787,1849926167440680960,588017977828966672,4.30672,0.08603282,8.725342,0.4615501,9.22881,1.221915
1237662224077160482,1849927816708122624,588017977828966449,11.83329,0.07176524,32.5606,0.5917935,25.08285,1.221915
1237662197745320335,2043596906768132096,588017992308949319,8.385598,0.1014245,16.87789,0.2647973,20.46112,1.436438
1237662226236702812,1568412702471120896,587736618789044451,2.583715,0.03428962,7.426056,0.2036161,6.301728,1.180933
1237662225140088947,2224798888823384064,588017978891894873,3.374307,0.04197345,6.967484,0.2524752,6.958792,1.431675
1237662224092168567,2087591110439364608,587739167313428705,3.298043,0.3727987,9.442863,3.028637,7.593372,0.9376857
1237662224066347142,2373542197426415616,588017977818153099,2.310123,0.1216206,7.362442,0.8893134,5.262326,1.545108
1237662224066347141,2373522131339208704,588017977818153017,6.306961,0.06152585,17.51249,0.3932177,14.88577,1.545108
1237662224066347095,2373522406217115648,588017977818153061,3.230866,0.1292065,7.575551,0.7008947,7.226954,1.545108
1237662223543828777,2074067666083014656,587736964533583985,1.867354,0.0309208,5.748209,0.2159657,4.333049,1.042487
1237662223543828767,2074068215838828544,587736964533583972,1.441684,0.01430233,3.696563,0.09291204,3.275179,1.042487
1237662223543828509,2074067940960921600,587739133495214145,5.848433,0.1278024,20.77895,0.742288,14.80262,1.042487
1237662223525871715,2293617872116672512,588017977277677636,2.165565,0.2696214,6.039724,2.44726,4.976177,1.912023
1237662224596926532,2353287818685474816,588017978348732509,7.854407,0.7451633,18.01996,4.208433,18.23283,1.410981
1237662225163354211,1864491954272757760,588017978915160212,2.790071,0.1144318,10.01565,0.7703759,7.661897,0.966428
1237662225165451914,1866760791600949248,588017978917257898,8.934182,0.07101989,17.56677,0.3422543,17.88162,0.8933857
1237662225165516860,1866759417211414528,588017978917322838,4.16711,0.03420641,12.76291,0.223423,10.12605,0.8980079
1237662225165517146,1866759966967228416,588017978917323136,2.356851,0.03064316,6.047528,0.2223886,5.241484,0.8980079
1237662236397469867,2018754815911290880,588017990149275793,1.668649,0.03166471,5.307739,0.223341,3.636492,1.346622
1237662267538931835,2066086603872299008,587736546314027186,3.732572,0.03489171,10.95756,0.2234685,9.188596,0.8824641
1237662264323539208,2047044986221914112,587736543098634345,2.365694,0.01378845,6.561594,0.09160123,5.511741,1.004736
1237662238021714001,5492292123738001408,,3.324403,0.5642681,8.844303,-1000.0,7.135005,1.077511
1237662238014439591,6133041874834051072,,5.415343,0.05557875,14.86089,0.3891409,12.44916,1.16586
1237662262169174086,5473162820437954560,,1.25413,0.2321976,3.199807,-1000.0,2.840242,1.085138
1237662263248290058,5467628153815191552,,6.583553,0.03997063,13.47958,0.3235557,13.04404,0.9958166
1237662263252615290,2050288247627606016,587736542027710608,3.987108,0.05394695,12.35935,0.3481452,9.47796,1.012468
1237662263252615522,2050286323482257408,587736542027710850,3.378858,0.03990032,11.19833,0.2352358,8.935483,1.012468
1237662263252681154,5491162375490129920,,6.676568,0.1082819,16.20785,0.7330593,14.54678,1.013904
1237662263778803812,2036775260207998976,587736542553899149,10.42246,0.04502557,30.93006,0.3354552,23.37325,1.03382
1237662263778934813,2036768663138232320,587736542554030108,8.878366,0.1492042,27.71431,1.063035,20.75959,1.047297
1237662263784112396,2043580963849529344,587736542559207668,3.266595,0.02561704,7.742795,0.1586279,7.204123,0.9743896
1237662264322228473,2045866023336306688,587736543097323634,2.505536,0.128385,8.03465,0.8878545,5.608055,1.03935
1237662264859557988,1935459113408423936,587736477059121209,5.41025,0.4436415,15.68384,2.08579,14.52995,1.063491
1237662264859558141,2045905055999092736,587736543634653420,2.177027,0.03753025,5.902182,0.2290373,5.18902,1.063491
1237662264859623727,1935447018780518400,588017702414713040,5.078934,0.06196307,11.73696,0.3307122,11.57019,1.009247
1237662264859689260,1935445644390983680,587736477059252512,1.822788,0.01511372,5.202368,0.1212295,3.972236,1.005542
1237662264862376390,1941108128988817408,588017702954336539,2.569588,0.063338,7.895881,0.4590662,5.864424,1.037399
1237662264862376472,1941107854110910464,587736477062005221,4.815954,0.186311,9.882447,0.7642347,10.95434,1.037399
1237662264862441723,1941110602889979904,587736477062005050,8.063015,0.02787348,16.25026,0.166725,15.9619,1.072637
1237662266461585767,5379795041719177216,,2.403916,0.03253555,7.802405,0.2111745,5.829708,0.9549947
1237662267537228017,2063822159641339904,587736546312323291,8.075808,0.18723,22.86422,1.279285,18.65776,0.9186312
1237662236412674066,2048093920331589632,587730023870234752,2.020102,0.01760101,5.947125,0.1239439,4.829465,1.272498
1237662237478158404,2036779383376603136,588017991229964372,3.080588,0.0454893,8.535771,0.3340156,6.967072,1.289755
1237662238014373973,2036857448702175232,588017991766179948,7.460581,0.1341733,26.21621,0.7996771,19.29548,1.161571
1237662238014373984,2036854974801012736,588017991766179952,4.592731,0.4640452,13.73378,3.921623,10.60187,1.161571
1237662238020469063,2043618347244873728,588017991772274952,2.239626,0.02003037,5.912193,0.152665,4.926987,1.132651
1237662238021714395,2044785754302867456,588017991773520269,2.485484,0.05966077,7.764986,0.3868245,6.213545,1.077511
1237662238540496975,1386086185134221312,587734893829357615,2.253872,0.02188407,5.777379,0.1652733,4.938792,1.303827
1237662238559633679,2047012000873080832,588017992311439653,1.729738,0.01420318,4.874016,0.1127119,3.811398,1.177247
1237662238559764652,2047012275750987776,588017992311570600,1.27319,0.01449086,3.933077,0.1110291,2.762785,1.13658
1237662238560682037,5500170124970446848,,7.37249,0.04147767,18.67669,0.2336193,16.94529,1.288682
1237662238560682220,2048157142250186752,588017992312488194,2.123255,0.0430515,6.933743,0.2935948,5.073203,1.288682
1237662238560682244,2048170061511813120,588017992312488233,15.39851,0.1806187,46.57464,1.235538,36.69947,1.288682
1237662239091917149,1926492040607066112,588017702410649787,4.320328,0.07118809,8.341056,0.4115368,8.693774,1.150603
1237662247130300456,2027893411385731072,587736525905395768,1.971483,0.04312474,5.709793,0.3123272,4.645523,1.201393
1237662264319213804,2041398158709254144,587736543094309099,6.455802,0.02301754,16.88633,0.142434,14.89117,1.05343
1237662264320786697,2043602404326270976,587736543095882018,3.587553,0.04696551,8.174285,0.2773378,7.898003,1.049438
1237662264320852039,2043604328471619584,587736543095947349,3.330918,0.08944325,10.42167,0.6605061,7.61707,1.005517
1237662264322949370,2045914401847928832,587736543098044730,10.64461,0.2125971,30.39898,1.347717,26.08981,0.954541
1237662264857723140,2043601304814643200,587736543632818292,4.069269,0.06776331,12.49428,0.4993,9.239242,1.067129
1237662264860213600,2047011725995173888,587736543635308716,8.390956,0.09246353,17.06444,0.4746569,16.81088,1.074133
1237662266463682686,664447830437423104,587729160054833207,7.216524,0.2320152,23.87925,1.537855,17.29244,0.9361806
1237662266463748306,5376331030369423360,,6.357569,0.1464277,18.93005,0.8662111,16.65578,0.9166424
1237662238560682390,2048169786633906176,588017992312488275,2.455973,0.06841894,7.712274,0.4523603,6.31796,1.288682
1237662264320852078,2043606527494875136,587736543095947393,9.374916,0.06730846,24.97147,0.4001014,22.59632,1.005517
1237662236934340746,2018769934196172800,588017990686146721,12.01287,0.04547762,26.79754,0.2151094,26.84164,1.39286
1237662236947775658,2045848156272355328,588017990699581631,5.963355,0.08031791,13.39179,0.4578296,12.78421,1.202205
1237662237477437668,2036830235789387776,588017991229243562,7.869667,0.2673088,25.07394,1.750737,19.21211,1.158031
1237662237478551702,2037981974253037568,588017991230357545,13.39994,0.0313931,27.38584,0.1127671,30.66577,1.111234
1237662237478617109,2037983348642572288,588017991230423064,5.41595,0.05960457,18.60235,0.382128,13.47696,1.145432
1237662237478682633,6138415737898029056,,7.037756,0.1199501,16.85648,0.8898565,14.87723,1.165764
1237662237478682689,2037992144735594496,588017991230488742,4.109895,0.02450449,9.640919,0.1567025,9.003255,1.165764
1237662237485564392,5492383383203106816,,13.38699,0.1112764,31.10507,0.5461928,33.48687,1.098346
1237662267539128718,2066156422860662784,587736546314224038,11.50221,0.09967486,30.27029,0.6389405,26.86507,0.9405795
1237662267539128563,2066156147982755840,587736546314223879,4.693939,0.08389854,12.26913,0.5635942,10.70475,0.9405795
1237662266463682621,664446730925795328,587729160054833160,4.433234,0.01146857,12.65068,0.07363483,10.12506,0.9361806
1237662266463617118,664437110199052288,587726102563520598,3.100091,0.06625813,10.73469,0.4141981,7.568907,0.956801
1237662266463486279,2062661345173596160,587726102563389638,7.732391,0.02455483,20.54274,0.1682509,17.43184,0.9852255
1237662266463486141,664429138739750912,587726102563389675,1.815265,0.03712001,5.144075,0.3236995,3.887577,0.9852255
1237662264323473751,2047036190128891904,587736543098568872,7.844528,0.05242898,18.36895,0.1811051,18.74977,1.004755
1237662263786209634,2047003204780058624,587736542561304718,8.361785,0.06030472,22.32834,0.4230564,18.59301,0.9917426
1237662238561927408,2050358341493876736,588017992313733370,3.351126,0.04136265,7.159178,0.2150571,7.20532,1.377689
1237662238022369493,2046991385030060032,588017991774175478,3.388739,0.02619199,7.998373,0.1685267,7.318643,1.074782
1237662236942139467,2037912979898394624,588017990693945436,8.125735,0.0865669,23.0788,0.4953398,19.93252,1.283965
1237662267538276481,2064944211274262528,587736546313371798,1.087796,0.6766779,2.554771,-1000.0,2.323984,0.8530015
1237662267538080034,2063941731530860544,587736546313175365,5.685753,0.03109101,13.38193,0.1968259,12.59402,0.8653892
1237662267538014312,2063944205432023040,587736546313109641,4.011437,0.2231476,13.40458,1.481496,10.03077,0.8661197
1237662267537949098,2065020902210299904,587736546313044156,1.975186,0.06178177,6.387152,0.4377469,4.671393,0.8596997
1237662267537949046,2063942556164581376,587736546313044118,6.256393,0.02449995,17.92485,0.1592606,14.66542,0.8596997
1237662267537948677,2063929087147141120,587736546313043978,9.505028,0.02167852,20.42006,0.1511287,19.10078,0.8596997
1237662267537228099,2063820235495991296,587736546312323365,2.310398,0.04232542,5.131714,0.2295696,5.155015,0.9186312
1237662267536179618,2061565137080313856,587736546311274836,2.107899,0.03650489,5.501149,0.2434689,4.849178,0.9036317
1237662267536179598,2061566236591941632,587736546311274818,3.09712,0.01662666,7.37306,0.1287958,6.499243,0.9036317
1237662267536179567,2061566786347755520,587736546311274794,1.23334,0.0158807,3.39716,0.1223254,2.75152,0.9036317
1237662267536179306,2061565686836127744,587736546311274638,6.736431,0.1491296,21.40919,0.9791017,15.99328,0.9036317
1237662263249272909,2046938333594019840,587736542024368246,4.643169,0.02025216,14.0794,0.1455775,11.00467,1.022464
1237662263249272990,2046938608471926784,587736542024368332,6.018521,0.1160604,17.48951,0.7608366,14.3876,1.022464
1237662267001143373,2064961528582400000,587736545776238709,8.079697,0.3366698,17.43862,2.486165,16.5843,0.9297274
1237662266461585763,2060421919915665408,587736545236681078,2.85035,0.03682024,6.458934,0.2313549,6.150891,0.9549947
1237662266461585585,662173765311948800,587726102561488973,6.477148,0.09192917,21.17093,0.581023,15.47094,0.9549947
1237662266461585515,662175139701483520,587726102561488974,2.920766,0.03498568,8.636895,0.2868732,6.096515,0.9549947
1237662266459619815,2058180272867796992,587736523764466026,4.986275,0.06054809,9.994013,0.4111815,10.04077,1.099242
1237662266459619414,2058180547745703936,587736523764465741,7.785991,0.04598304,26.89281,0.2838051,20.09793,1.099242
1237662266459488385,2058204187245701120,587736523764334706,12.11172,0.788452,30.04234,5.90909,26.70533,1.094787
1237662264862441759,1941088887535331328,588017702954336603,2.103742,0.06420008,6.518624,0.4584743,4.908234,1.072637
1237662264862376025,1941111977279514624,587736477061939349,2.679496,0.04075637,8.792262,0.2656528,6.512053,1.037399
1237662264855625948,2041358301412747264,587736543630721254,3.685762,0.04595877,7.269272,0.2510118,7.496107,1.118388
1237662264855625834,2041356927023212544,587736543630721138,5.659596,0.03734361,14.91277,0.3442656,12.6224,1.118388
1237662264314822691,2034639465296717824,587736543089917989,9.256074,0.03605151,30.65186,0.1613102,36.98212,1.026872
1237662263783522538,2042530116868794368,587736542558617839,3.08671,0.02400265,10.27335,0.1255594,8.482641,1.000894
1237662263783522502,2042515823217633280,587736542558617814,6.069269,0.09407615,17.24143,0.6334556,14.29752,1.000894
1237662263783522317,2042519671508330496,587736542558617617,7.239549,0.07657909,25.61009,0.4538109,18.4222,1.000894
1237662263783457059,2042519396630423552,587736542558552378,2.528344,0.0284302,6.297247,0.1717439,5.782253,1.028686
1237662263779197261,2037991320101873664,587736542554292540,2.672622,0.02992857,6.735335,0.2535831,5.655719,0.9755113
1237662263779197043,2037993794003036160,587736542554292351,7.035351,0.02596142,24.9065,0.1313474,22.56452,0.9755113
1237662263778672812,2037967680601876480,587736542553768045,2.702404,0.08708984,8.797694,0.5863771,6.455069,1.001654
1237662263778672703,2037969879625132032,587736542553768015,9.562317,0.236901,28.80758,1.627684,22.44501,1.001654
1237662263252484120,2050297043720628224,587736542027579426,1.641326,0.01162718,4.134247,0.1068195,3.342073,1.048806
1237662263248289975,2045845682371192832,587736542023385309,3.000962,0.4218873,8.770453,3.230032,7.315826,0.9958166
1237662263248289950,2045845957249099776,587736542023385298,1.763534,0.02718643,5.267731,0.1984038,4.143379,0.9958166
1237662263248224347,2045844307981658112,587736542023319682,5.399515,0.06214608,17.29673,0.414593,12.82553,1.002707
1237662263242260516,2037947889392576512,587736542017355819,7.37779,0.102247,21.59615,0.6486598,17.74188,1.028237
1237662262714695999,2067241915782293504,587736541489791362,2.232097,0.1190935,7.017484,0.8540254,5.21855,1.1661
1237662262714564822,2049153569092823040,587736541489660188,5.385592,0.01976234,10.52309,0.1341858,10.26906,1.164555
1237662262178808436,2050284949092722688,587730023335854558,4.192349,0.1002583,10.034,0.6797785,9.5563,1.106243
1237662262178807908,3321521624783546368,587730023335854130,1.770566,0.02612021,5.55503,0.1918054,4.057177,1.106243
1237662262178807906,2050284124459001856,587730023335854128,8.609648,1.382688,20.44752,-1000.0,18.33441,1.106243
1237662262176317780,2048090621796706304,587730023333363999,2.734866,0.0157166,6.261273,0.1094519,5.83123,1.111593
1237662262176317568,2065063233407969280,587730023333429278,5.42898,0.0656084,16.93333,0.4326478,13.20897,1.111593
1237662262169174278,2056005438784169984,587736526446788816,4.677898,0.09831712,11.983,0.373461,13.9702,1.085138
1237662262169174093,2055995543179520000,587730023863091410,1.773031,0.01617329,4.04816,0.09253997,3.859293,1.085138
1237662262169174083,2055994993423706112,587730023863091280,13.33924,0.1249179,44.57199,0.8039695,32.41911,1.085138
1237662262169108543,2055992519522543616,587730023863091227,5.075016,0.1784446,16.56147,1.220334,11.86764,1.089364
1237662246593560728,2027898634065963008,587736525368656038,7.047111,0.1551597,17.19502,0.7152855,17.23662,1.080312
1237662246593429648,2027883790658988032,587736525368524942,22.90188,0.05507987,42.6533,0.2324311,44.37679,1.125404
1237662238014308394,2036844529440548864,588017991766114369,11.25415,0.02078344,25.56905,0.1642929,23.02837,1.116505
1237662238014374154,2036855249678919680,588017991766180045,1.714911,0.02154668,4.253751,0.1603947,3.710487,1.161571
1237662238020468888,2043616972855339008,588017991772274821,1.430422,0.006030752,4.189073,0.04613629,3.201495,1.132651
1237662238020468925,2043616148221618176,588017991772274855,8.806066,0.06759911,21.56553,0.3905909,19.87242,1.132651
1237662238020469019,2043617247733245952,588017991772274921,2.490741,0.02358019,5.9731,0.1574685,5.462152,1.132651
1237662238021714231,2045879492353746944,588017991773520165,7.561007,0.03433699,17.7174,0.2241045,16.11532,1.077511
1237662238021714264,2044784105035425792,588017991773520201,7.628815,0.03456285,21.75842,0.2094076,19.05265,1.077511
1237662238021714380,2044785204547053568,588017991773520259,3.10444,0.1125584,7.934,0.7759328,6.93594,1.077511
1237662239091916865,1926495064264042496,588017702410649655,1.717549,0.05583583,5.305671,0.4239751,3.88693,1.150603
1237662239091916881,1926493689874507776,588017702410649667,7.503397,0.2111666,24.7563,1.351015,17.45502,1.150603
1237662239091917063,1926495339141949440,588017702410649758,5.601821,0.0494372,11.80165,0.2545105,12.67092,1.150603
1237662263252549810,2050287422993885184,587736542027645130,6.084101,0.0766195,18.97989,0.5031228,14.43309,1.004486
1237662264319213674,2041395135052277760,587736543094309011,4.222092,0.04046763,13.00651,0.2517442,10.61452,1.05343
1237662264319279158,2041397608953440256,587736543094374455,4.468917,0.09482903,12.80261,0.7092718,10.02763,1.077231
1237662264319279213,2041394860174370816,587736543094374497,5.850883,0.02028027,16.48821,0.1121603,14.47942,1.077231
1237662264319279389,2041395684808091648,587736543094374705,4.195242,0.03955149,9.068913,0.225708,8.877376,1.077231
1237662264319279400,2041395409930184704,587736543094374546,3.367799,0.01693963,8.007185,0.1205096,7.203828,1.077231
1237662264320917765,2043604603349526528,587736543096012880,1.297416,0.01797953,3.72845,0.1324386,2.991734,0.9655677
1237662264322883777,2045917700382812160,587736543097978913,2.522771,0.01103459,7.915388,0.07419636,5.924225,0.9625682
1237662264322949365,2045917425504905216,587736543098044720,2.148335,0.05353443,6.301002,0.3878857,4.953349,0.954541
1237662264860082397,1937754343612639232,587736477059645533,7.400603,0.1350748,23.50843,0.8908884,17.91685,1.044294
1237662264860147778,1937753244101011456,587736477059711352,6.28296,0.103812,18.53625,0.6358489,15.32236,1.048967
1237662264860213581,1937741699228919808,587736477059776927,2.449722,0.0447545,6.592865,0.4027584,5.039763,1.074133
1237662264860213622,1937740874595198976,587736477059776948,1.983285,0.06951739,6.306143,0.4917967,4.621196,1.074133
1237662267539128450,2066158072128104448,587736546314223755,3.729223,0.05331786,12.65223,0.3424289,9.719522,0.9405795
1237662236397535434,2018741621771757568,588017990149341359,3.453918,0.03087544,9.947714,0.1623426,8.716792,1.433576
1237662266463486076,2063847173530871808,587729160054636656,1.495049,0.5565003,3.79134,-1000.0,3.314175,0.9852255
1237662266463486080,664425290449053696,587729160054636657,1.167886,0.01420167,2.985274,0.09679015,2.629765,0.9852255
1237662237485629623,2045777512650270720,588017991237435568,24.17218,3.058955,48.00986,-1000.0,44.57201,1.09066
1237662237485629618,2045780536307247104,588017991237435564,6.131036,0.1928707,16.20146,1.590969,13.3316,1.09066
1237662237485564390,2045780811185154048,588017991237370050,2.28475,0.06455218,6.545363,0.3636717,5.730736,1.098346
1237662237483008305,2042409445467645952,588017991234814079,2.904991,0.7633888,10.47034,-1000.0,7.203499,1.212157
1237662237482942664,2042418791316482048,588017991234748600,3.86577,0.0393966,10.64209,0.272115,8.881118,1.266315
1237662302453039694,1899405567043069952,588018056204845540,2.481888,0.04251718,7.393547,0.2405453,6.44157,1.152439
1237662268074492193,2064999186855651328,587736546849587519,3.051041,0.01940436,6.751364,0.1309181,6.386387,0.8922355
1237662268074426602,2064995888320768000,587736546849521961,4.144686,0.04479966,8.924444,0.3211894,8.542028,0.8472732
1237662267539980686,2067217726526482432,587736546315076008,1.190577,0.01592775,3.86329,0.111218,2.811064,0.8714623
1237662267539980658,2067217176770668544,587736546315075982,2.358699,0.03456699,6.627307,0.1916926,5.837041,0.8714623
1237662267539980622,2067213328479971328,587730022261129510,4.744391,0.03028217,11.05282,0.1842427,10.33029,0.8714623
1237662267539980352,5410181145215389696,,5.840374,0.08502921,19.07778,0.559954,13.92745,0.8714623
1237662267539783693,2067249062607874048,587736546314879004,4.415207,0.04473166,14.68966,0.2820054,11.11587,0.8757938
1237662267539193951,2066157797250197504,587736546314289251,4.357528,0.03021662,8.540129,0.1700989,8.778847,0.897383
1237662306740142535,1771054351482120192,587736585515237906,3.835471,0.02600444,9.285297,0.1423279,8.807362,1.083107
1237662268076523582,2066180612116473856,587736546851618848,7.779881,1.692595,20.4974,-1000.0,18.77692,0.8426172
1237662268612215204,2065069830477735936,587736547387310234,2.04639,0.02474815,5.874528,0.1926075,4.401969,0.9893581
1237662303524880897,1905148044970584064,587733432460509503,5.033693,0.03231914,13.63414,0.2518894,11.22533,1.35447
1237662305650999364,1552702060061812736,587736584426094619,18.15287,0.0900395,46.14907,0.6752841,39.86644,1.058553
1237662335719964836,1583051051399931904,588018089471770824,4.158,0.08624288,15.74217,0.4062829,13.44792,1.174291
1237662336256770464,5638721784360751104,,1.683307,0.04065166,4.721861,0.317278,3.738639,1.164196
1237662337335033958,1603346937141028864,588018091086839912,11.32207,0.4025501,40.94923,2.567509,29.23999,1.23864
1237662341090312387,1769930100020635648,587736619865407654,2.228998,0.03144295,7.413365,0.2089778,5.173523,1.154222
1237662501086888079,1905165362278721536,587733398114729992,3.349121,0.01616479,9.896005,0.08985414,8.589025,1.650672
1237662501088199136,1899529536979101696,587733398116041020,3.849418,0.03305602,9.656219,0.2335126,8.397063,1.843156
1237662529524531258,6114763044667281408,,15.66392,0.4126306,39.66979,3.043959,34.05055,1.166199
1237662529529511944,6145226113826443264,,14.35438,0.5424821,28.86413,4.580306,27.23897,1.145148
1237662530070380596,6167746036158976000,,1.326114,0.07911201,2.256098,0.3035159,2.506625,1.237484
1237662268612280782,2065070929989363712,587736547387376053,5.686798,0.02783185,12.53016,0.1608294,12.08739,1.00843
1237662269147316282,2062753154394515456,588017990699516000,3.896581,0.0143026,9.69251,0.1085483,8.36172,1.090619
1237662636901138665,6145249203570626560,,8.49645,0.02359147,18.5441,0.168471,17.30764,1.310311
1237662268076523721,2066196005279262720,587736546851618970,2.799805,0.05672975,7.385772,0.4720664,5.927667,0.8426172
1237662268077834745,2050283024947374080,587736546852929929,3.008254,0.06286068,7.40679,0.3891953,6.874617,0.9311967
1237662268077900134,3321534818923079680,587736546852995482,3.926084,0.08095331,11.3793,0.5676561,9.073836,0.9724336
1237662301376872719,1903984208339036160,588018055128678723,4.668562,0.04472357,9.926172,0.2095227,10.53634,1.139481
1237662302989451434,1906151898633758720,587733431925080185,4.402037,0.1787857,12.1115,1.487233,9.491132,1.206455
1237662303503909059,1876976632200194048,588018057255715010,4.988561,0.02692407,10.80659,0.1147052,11.49165,1.190054
1237662305114128517,1552697387137394688,587736583889223788,7.51284,0.1233432,20.75721,0.8637,17.08035,1.10619
1237662306189836510,1553743572451223552,587736584964931834,6.63693,0.2032512,14.29181,1.01074,15.06963,0.9822999
1237662306190295191,1554916201686132736,587736584965390526,3.544297,0.02581164,8.528771,0.1677578,7.841283,0.9977398
1237662307274457227,1568535572895524864,587736586049552492,6.080175,0.01503978,13.84025,0.09198359,13.36059,1.377266
1237662336261226785,1592046985005787136,588018090013032759,1.527571,0.0176417,4.073559,0.1449098,3.298051,1.237987
1237662336261292485,1603349960798005248,588018090013098149,1.713071,0.014598,4.863113,0.09749103,4.047923,1.217867
1237662337872101711,1603330444466612224,587736782002454592,11.69431,0.1095489,31.86799,0.8719315,24.16245,1.320947
1237662528993951761,1925376035784779776,587736807769047079,9.139892,0.2821179,28.89777,1.872725,21.85741,1.460125
1237662528994017307,1925374386517338112,587736807769112603,2.020933,0.0261977,6.079705,0.210241,4.594826,1.367042
1237662636367478911,1929880460331083776,587736915142574202,11.71254,0.05336386,29.15826,0.3651539,25.32738,1.107315
1237662640124658013,1769916631003195392,587736586052698482,4.81095,0.02203694,9.792409,0.09265288,10.10431,1.345176
1237662267540766897,2067316132817168384,587736546315862189,3.484724,0.05438481,8.348742,0.2883933,8.102962,0.8996835
1237662267540766902,2067313109160192000,587736546315862195,4.962895,0.2034017,10.76966,0.9382445,10.86565,0.8996835
1237662301899718756,1885977509867055104,588018055651524623,2.656143,0.0382875,7.550734,0.2757725,6.051167,1.227839
1237662303514525759,1184523709185026048,587733409915797539,14.98383,0.7086241,40.51492,3.219239,37.21492,1.289675
1237662303514656781,1184510789923399680,587733409915863108,12.37337,0.03405185,29.28891,0.1099744,31.39181,1.286388
1237662499475554415,4712061076438798336,,10.55122,3.33506,32.50067,-1000.0,27.42032,1.892202
1237662528451051627,1998495488931817472,587736807226146947,7.084661,0.03751018,17.26727,0.2925429,14.46344,1.215571
1237662528986808444,1997408070455552000,587736807761903760,9.290775,0.03345843,23.18377,0.1982597,21.26851,1.304695
1237662528988053670,1998486417960888320,587736807763148957,6.4682,0.06822903,17.28679,0.4919928,14.47545,1.174112
1237662531137568906,2001964723599337472,587736809912664160,3.362936,0.0569626,10.33449,0.4157525,7.300113,1.604467
1237662531137568918,2001972145302824960,587736809912664172,3.205378,0.03374763,7.670364,0.2949552,6.474424,1.604467
1237662531137568924,2001971870424918016,587736809912664176,2.873154,0.01626659,9.025724,0.08942044,7.89639,1.604467
1237662531137569039,2001975443837708288,587736809912664322,4.522782,0.1197052,9.22859,0.529396,10.04773,1.604467
1237662641733960172,1772330064042551296,587736920509055197,5.184512,0.2158938,15.15601,1.706777,11.31,1.205279
1237662306189770850,1553749070009362432,587736584964866176,3.872972,0.07382466,10.45731,0.451813,9.019371,0.9884739
1237662302453039177,1899407216310511616,588018056204845140,9.9826,0.5435332,31.35255,3.705542,23.84445,1.152439
1237662268074230114,2063910945205282816,587736546849325225,6.603824,0.02903088,12.87959,0.2098812,12.61612,0.9045262
1237662268613591175,2049151095191660544,587736547388686525,6.217784,0.02993291,18.43159,0.2109545,14.12576,1.026397
1237662268613656906,2067240541392758784,587736547388752000,1.821915,0.01753971,4.863909,0.1324522,3.996726,0.9906814
1237662268613656968,2067245764072990720,587736547388752280,3.156722,0.01587948,6.263835,0.0972461,6.422559,0.9906814
1237662268614705491,2050282200313653248,587736547389800772,4.376431,0.03603676,10.76123,0.2495355,9.55529,1.027418
1237662302972870748,1883802400922298368,588018056724676699,3.012013,0.04365246,7.446282,0.2949721,6.595039,1.217333
1237662306189770849,1554966779221010432,587736584964866174,8.934918,0.1090832,22.27807,0.9494506,18.21437,0.9884739
1237662635828773071,1924275425131915264,587736914603868378,7.844711,0.02723923,18.00768,0.1837088,16.67636,1.142443
1237662340553441875,1768861099790198784,587736619328537121,6.867693,0.1619847,18.92848,1.158154,15.66616,1.13747
1237662638516994206,3098556334275061760,587742627453010094,13.8632,0.08565371,31.77105,0.4403962,31.39517,1.20345
1237662636905529393,1932104227732088832,587736915680624703,6.480355,0.2761968,16.96183,2.044338,13.66119,1.108502
1237662636905201755,1932134189423945728,587736915680297059,4.143356,0.2275362,14.93361,1.277851,10.6046,1.059696
1237662528993951972,1924288069515634688,587736807769047282,2.852508,0.1181221,8.315866,0.9123103,6.27914,1.460125
1237662306739290404,1771112900476299264,587736585514385753,5.370277,0.09884713,10.83285,0.4450692,11.83582,1.040145
1237662306190295162,1554907955348924416,587736584965390455,1.880159,0.009345002,5.726515,0.07351744,4.095823,0.9977398
1237662306190295143,1554910429250086912,587736584965390433,3.084544,0.01186981,9.276426,0.08279287,7.189051,0.9977398
1237662306190229574,1554913452907063296,587736584965324913,5.697467,0.05082256,19.86405,0.2945009,14.71665,0.9836351
1237662303519899926,1190195265978525696,587733397572747470,2.533707,0.02181857,6.468338,0.1247327,5.898745,1.296619
1237662303519899658,1190183721106434048,587733397572747445,13.5858,0.7848985,44.33517,5.124865,33.43764,1.296619
1237662303519834621,1190186195007596544,587733397572747426,2.150995,0.01050967,6.334471,0.08594606,4.684979,1.277251
1237662303519834327,1190194166466897920,587733410457976921,8.482062,0.0350286,26.14889,0.2061362,21.52996,1.277251
1237662303519834150,1190184545740154880,587733397572681759,11.47176,0.7939997,28.3659,4.311659,26.64181,1.277251
1237662301913546775,1902818179864881152,588018055665352725,3.926934,0.1533086,11.53435,1.101912,9.008269,1.151891
1237662300841443759,1603442319774738432,587736783076131302,2.880841,0.01989498,6.527334,0.1248195,6.176587,1.189228
1237662300841378074,1603442869530552320,587736753548165495,2.850768,0.02299077,8.324521,0.1501337,6.764886,1.244609
1237662300841377924,1603443694164273152,587736753548230705,4.877151,0.03619019,15.68262,0.254672,11.55895,1.244609
1237662300841377866,1603441495141017600,587736753548230691,3.592489,0.02378583,10.57061,0.138458,8.835068,1.244609
1237662300835807439,1597824094127024128,587736783607365887,1.949901,0.02940577,5.714241,0.2291262,4.329761,1.325639
1237662300835807413,1597824643882838016,587736783607365861,3.772196,0.01936148,9.2754,0.1233628,8.415429,1.325639
1237662268076523936,2049173360302123008,587736546851619180,4.70097,0.04013893,9.157561,0.2467273,9.306315,0.8426172
1237662268076458141,2049172810546309120,587736546851553490,4.865706,0.1404726,16.26819,0.919663,11.85912,0.8566209
1237662641734025606,1772328689653016576,587736920509120615,1.820055,0.02385044,5.462965,0.1806874,4.164397,1.236187
1237662641734025605,1771162378499549184,587736920509120614,5.756239,0.1097943,20.11155,0.6581588,14.288,1.236187
1237662640121643169,1568544094110640128,587736620399395181,2.308117,0.02170666,4.949663,0.1254752,4.940508,1.115199
1237662640121643136,1568546842889709568,587736620399460373,7.229693,0.07797565,26.17036,0.4650031,19.15251,1.115199
1237662640121577750,1568546568011802624,587736620399329634,2.006937,0.01157889,5.57094,0.09950934,4.189706,1.13657
1237662640121512017,1568536947285059584,587736586049552447,26.62729,0.6717991,80.30536,2.747471,71.86703,1.126991
1237662636901269762,1920807289053276160,587736915676364973,2.773665,0.008264792,7.361064,0.06762086,5.949387,1.293894
1237662636901204084,1920818284169553920,587736915676299414,7.459202,0.3946675,17.6084,4.613594,14.03182,1.277327
1237662619189575826,1568548492157151232,587736620399460431,1.872293,0.05301264,5.702952,0.3844353,4.481345,1.100383
1237662530600435716,2000872908116748288,587736809375531012,2.366784,0.02857554,5.826206,0.1909463,5.200371,1.515329
1237662528456818734,1924255908800522240,587736479201427538,10.49295,0.03847978,25.34435,0.3475427,21.65985,1.430955
1237662530600370249,2000874557384189952,587736809375465553,4.599549,0.07330331,14.19185,0.443258,11.81749,1.446055
1237662530070511863,1932146833807665152,587736808845607135,5.844914,0.1412195,16.89408,0.8482102,14.46491,1.260275
1237662530070446243,1929814489633417216,587736808845541535,1.416623,0.02073663,3.949029,0.1617287,3.15736,1.250876
1237662530070380812,1929955776877586432,587736808845476036,2.439736,0.06155023,7.024796,0.48624,5.425842,1.237484
1237662530070380591,1932146284051851264,587736808845475892,6.565532,0.1121756,21.79306,0.7366555,15.39874,1.237484
1237662529529512145,1920802616128858112,587736808304607397,3.1685,0.04022785,8.803876,0.2826726,7.218944,1.145148
1237662529524596965,1998524900867860480,587736808299692192,4.488875,0.01806737,10.23559,0.1084775,9.687841,1.217123
1237662529524531403,1998537820129486848,587736808299626645,1.659632,0.0126064,3.565637,0.1039656,3.311077,1.166199
1237662504832270396,1597813099010746368,587736783607365680,19.66805,1.65908,64.82583,7.94801,57.07264,1.616506
1237662504832270395,1894957770583599104,587736783607365679,7.781662,0.1112368,22.70916,0.8153827,17.4696,1.616506
1237662341087428679,1568517980709480448,587736619862523965,15.31594,0.461924,40.71177,3.035016,33.27604,1.147061
1237662336256770289,1584235775346632704,588018090008576227,1.986571,0.0187647,4.472499,0.1536609,4.003453,1.164196
1237662336256704816,1583055999202256896,588018090008510712,3.396677,0.1482217,11.71292,0.938847,8.335354,1.164595
1237662306199667123,1567369540780713984,587736584974762355,3.313245,0.0422527,7.728742,0.3090688,6.969862,1.134059
1237662306199666875,1566157878883018752,587736584974762133,2.040178,0.08865593,6.74204,0.6050949,4.716935,1.134059
1237662306199666786,1567371464926062592,587736584974762086,5.305016,0.03084461,18.01671,0.190204,13.02301,1.134059
1237662306199666769,1566157604005111808,587736584974762064,3.153235,0.01296253,7.992137,0.08399335,6.995245,1.134059
1237662303526060427,1906179111546546176,587733432461623863,4.328005,0.02206555,11.51215,0.1559985,9.63674,1.156171
1237662302989451426,1899530086734915584,587733431925080181,9.349656,0.3493513,32.65419,2.189265,23.84445,1.206455
1237662302989451826,1906153822779107328,587733431925080492,2.198238,0.01696113,5.785288,0.136159,4.738565,1.206455
1237662303503974501,1170948043411843072,587733079206199460,5.271482,0.05172806,13.44554,0.379211,11.56343,1.173515
1237662336261161188,1603361230792189952,588018090012967168,5.107663,0.2841639,17.40333,1.803629,13.06451,1.269947
1237662336261161190,1592046710127880192,588018090012967169,11.61969,9.848857,28.52649,-1000.0,24.72162,1.269947
1237662336261226880,1592036539645323264,588018090013032848,2.265364,0.0251145,6.52116,0.1990221,5.028141,1.237987
1237662336261226927,1592038188912764928,588018090013032888,1.921913,0.01429545,4.677655,0.1081419,4.102204,1.237987
1237662306740601151,1769928175875287040,587736585515696434,3.693428,0.0737565,8.677101,0.3604277,8.789783,1.103646
1237662306740601137,1769929825142728704,587736585515696417,5.113691,0.2847755,10.65748,1.512315,11.5803,1.103646
1237662636367413337,1929877161796200448,587736915142508673,3.851547,0.01644957,10.59331,0.1141592,8.805213,1.096066
1237662636367478822,1929878811063642112,587736915142574132,5.334385,0.06447326,18.42785,0.4027108,13.07744,1.107315
1237662636367478869,1929876337162479616,587736915142574166,4.087625,0.08223403,13.51938,0.5298874,9.590523,1.107315
1237662636367478910,1927554993406109696,587736915142574258,5.801387,0.2229545,20.02426,1.326573,14.766,1.107315
1237662636367478914,1929867541069457408,587736915142574288,1.15874,0.003979274,3.250027,0.03018688,2.620318,1.107315
1237662640124067867,1771057100261189632,587736586052043104,4.718266,0.2160407,14.78277,1.509348,11.25762,1.260746
1237662268073312371,2061668766051231744,587736546848407726,3.87829,0.03864649,12.70263,0.2041415,10.87589,0.8667824
1237662268073378023,2062758651952654336,587736546848473326,5.474391,0.0172659,12.70756,0.1103774,11.81179,0.8753697
1237662302452974056,1901734881034004480,588018056204780049,5.75511,0.04044762,13.07504,0.2695394,12.20878,1.173997
1237662303514394754,1184532505278048256,587733409915666522,8.089581,0.1489348,19.47827,1.201474,16.88636,1.414419
1237662303514591245,1184522059917584384,587733409915797619,10.58614,0.04037585,29.91887,0.2687207,25.39411,1.295995
1237662303514591339,1184519586016421888,587733409915797656,3.696066,0.06229445,9.529695,0.4315203,8.109227,1.295995
1237662499475489129,1903979810292525056,588018253227295019,4.067734,0.060605,12.76122,0.4188101,9.946671,1.877592
1237662528986873936,1997391028025321472,587736807761969247,6.595381,0.07017393,21.69049,0.4681973,15.09715,1.307413
1237662528988053621,1998487517472516096,587736807763148902,1.743939,0.01930444,4.113214,0.1293076,3.824734,1.174112
1237662528988053660,1998488891862050816,587736807763148949,3.502569,0.04493021,7.375677,0.2441513,7.365023,1.174112
1237662531137568810,2001973244814452736,587736809912664101,4.223866,0.07398256,14.62047,0.4551865,10.22422,1.604467
1237662635828838905,1925369988470827008,587736914603934229,3.176122,0.04589051,7.104417,0.3415656,6.559555,1.137166
1237662268074230050,2062810328999159808,587736546849325410,4.674778,0.02241569,10.76689,0.1243047,10.28181,0.9045262
1237662268074295517,2062819949725902848,587736546849390881,2.660101,0.02849769,7.035388,0.2208841,5.744113,0.8597418
1237662302452974098,1899406666554697728,588018056204780081,7.314042,0.05331354,15.31809,0.330536,14.81001,1.173997
1237662337872167195,1593238026782271488,587736782002520108,6.671454,0.0671627,22.84171,0.4313611,16.09754,1.332054
1237662641734025672,1771161828743735296,587736899576987995,3.320705,0.02653064,9.510925,0.1589795,8.128036,1.236187
1237663786883940513,5799699096567828480,,7.037598,0.0973829,18.97699,0.3433104,18.76437,1.618415
1237662665888760313,1771148359726295040,587736619864162668,4.933926,0.5443061,11.86686,2.81554,11.67737,1.115876
1237663787427889363,2115589639585687552,587738066202984630,2.464816,0.05386634,6.711094,0.378485,5.599727,1.712917
1237663787427889321,2115591838608943104,587738066202984608,8.05824,0.03565485,23.20973,0.2033842,19.42396,1.712917
1237663787425792287,6438135473152217088,,6.172444,0.03125228,12.50581,0.1770672,12.84664,1.924187
1237663786883416329,2106730306290608128,587738065658511605,7.134275,0.02529648,15.57243,0.129209,15.20339,1.397416
1237663786883285068,2106720135808051200,587738065658380352,2.407192,1.423129,6.237893,-1000.0,5.581028,1.38636
1237663546367148079,5801855788793483264,,2.895234,0.07174838,7.276707,0.2892539,7.174183,1.282434
1237663530255056944,4133233075835654144,,5.683007,0.2827762,16.76029,1.756614,14.10919,1.319392
1237662665889611790,1771043356365842432,587736619865014291,3.421192,0.05813231,11.70336,0.3554138,8.015217,1.056895
1237662662133416006,1851026503718955008,587736940908511310,2.701972,0.1416151,8.342223,0.9920084,6.266206,1.132995
1237662662133415970,1851027878108489728,587736940908511282,3.947385,0.05865258,13.28489,0.3540314,10.02918,1.132995
1237662642270896477,1771184093854197760,587736921045991780,4.226852,0.03131574,14.44759,0.1785013,12.23729,1.293715
1237662698115039245,4572435742299803648,,6.542867,0.05329475,16.89721,0.3595776,14.85982,1.025839
1237662697573515303,2083014946735548416,587736976348610601,3.942034,0.3037874,13.59411,1.880802,10.11028,1.032809
1237662698640506996,2074069040472549376,587736964533583953,4.443267,0.01509925,11.61028,0.09142579,10.29041,1.422116
1237662662135578691,1853269513378752512,587736940910674005,9.510077,0.0775586,31.13427,0.4920239,23.66431,1.157925
1237662662135578692,1853267589233403904,587736940910674062,4.154233,0.01614623,13.40051,0.09524032,10.53139,1.157925
1237662662135578875,1853268138989217792,587736940910674138,2.93059,0.0291236,7.618435,0.1993417,6.594159,1.157925
1237662664291582317,5318765549911822336,,1.255102,0.008805617,3.735033,0.06905375,2.809442,1.179189
1237662664291647813,1568415176372283392,587736618789044535,7.281748,0.04906862,22.71341,0.3274829,17.13902,1.19758
1237662696499380362,2081824726405113856,587736975274475701,4.272151,0.1544209,12.24365,1.159028,9.750676,1.069288
1237662696504164886,3344066836336502784,587739386353746100,2.558917,-1000.0,7.456736,-1000.0,5.357115,1.091321
1237662697573449901,2083004501375084544,587736976348545045,3.086769,0.1120168,10.34293,0.6771446,6.753655,1.034628
1237662697573450061,2083017970392524800,587736976348545366,1.856559,0.02731648,5.660251,0.1910192,4.346249,1.034628
1237662698108879110,2080682614305351680,587736976883974412,4.886448,0.02510246,10.46165,0.1489778,10.3599,1.093845
1237662698115105086,2087582589224249344,587736976890200076,1.455673,0.01121306,3.546453,0.07600696,3.205754,1.026776
1237663529724084390,2007509277522028544,587737808499179700,2.121737,0.1132165,6.574605,0.8387634,4.907002,1.503672
1237663530801168416,2010999145279547392,587737809576263709,4.170808,0.04905221,14.34735,0.3158625,10.82619,1.214407
1237663530801168570,2010995846744664064,587737809576263892,2.15656,0.04415086,4.969503,0.2759923,4.792729,1.214407
1237663531337973846,2010982652605130752,587737810113069150,4.762497,0.01430098,11.1554,0.09064083,10.4099,1.177445
1237663786885906495,6427880875908943872,,6.423168,0.2712579,21.89252,1.582062,16.29457,1.527236
1237663787417600254,4142281502179479552,,7.79244,0.1896183,21.19203,1.377484,17.51616,1.384179
1237663787420745954,2107716293376370688,587738066195841204,2.2095,0.04151951,6.912399,0.3125002,4.760457,1.558327
1237663787420811489,2107716843132184576,587738066195906725,5.071874,0.2595529,17.47074,1.643169,12.18043,1.607203
1237663787420811490,5799685902428295168,,3.866616,0.1089533,13.52744,0.6729026,9.292675,1.607203
1237663787420811660,2107837514533332992,587738066195906853,2.422448,0.01903732,7.132924,0.1252287,5.837308,1.607203
1237663787955519676,4142403822848069632,,2.985496,0.02469566,7.212807,0.1043627,7.054829,1.230462
1237663547434991794,1954712647697983488,587737826210087100,4.759967,0.06372886,12.8631,0.4821556,10.54277,1.230618
1237662642271027374,1771207733354194944,587736921046122533,4.984651,0.03394997,15.72799,0.2226443,12.27673,1.337663
1237662662133416147,1851025129329420288,587736940908511450,5.542385,0.06189854,13.85104,0.4153598,12.38925,1.132995
1237662665888759971,1771150558749550592,587736619864162499,5.536529,0.2816336,18.16576,1.891145,12.98488,1.115876
1237662697037168786,2082978387973924864,587736975812264140,5.679944,0.01100844,11.11142,0.06918833,11.07545,1.144274
1237663530260299843,2007537864824350720,587737809035395142,3.370264,0.01939313,8.350394,0.1068416,7.863593,1.683205
1237663546367082689,2007508727766214656,587737825142177927,4.072247,0.286527,13.0884,1.982969,9.56651,1.28325
1237663546367082767,2007483164120868864,587737825142177966,3.497238,0.024221,7.949021,0.1484032,7.549304,1.28325
1237663546903363732,2007516149469702144,587737825678459031,3.041042,0.04843594,8.931775,0.3271646,7.234242,1.396618
1237663546903363741,2006518066329970688,587737825678459040,3.691934,0.0420376,10.09886,0.3004001,8.303862,1.396618
1237663547981103226,2010981827971409920,587737826756198431,14.36316,0.1281938,37.16388,0.8541588,32.67235,1.389042
1237663788493635946,2106687700215031808,587738067268731198,4.334481,0.1379179,13.10667,1.081688,9.575377,1.151668
1237663788493635962,2106686050947590144,587738067268731205,4.676831,0.07503329,11.40495,0.4185033,10.47285,1.151668
1237663789031882835,2108871897730017280,587738067806978158,7.732976,0.1399543,23.91011,0.9609986,18.45128,1.597594
1237663789031948359,2108918077218383872,587738067807043703,12.96686,0.08063982,40.711,0.5617973,29.49525,1.661051
1237663789031948360,2108919726485825536,587738067807043661,8.092739,0.04067821,22.46978,0.2077481,20.5237,1.661051
1237663915730272527,2106573900761556992,587737810645221588,5.555275,0.05893375,19.26076,0.3600508,14.55692,1.337047
1237663787427823775,2115602009091500032,587738066202919069,4.743747,0.822102,12.60652,-1000.0,12.60861,1.613409
1237662661605064715,2081956942678353920,587736977421828344,6.205687,0.5230271,18.66897,4.098752,14.1342,1.123592
1237662662680707125,1864620047377393664,,8.445752,0.3407013,25.70566,2.398126,20.08614,1.059204
1237662662680707319,1864620872011114496,,4.75818,0.03190705,9.920617,0.1660401,10.20481,1.059204
1237662662680838318,1864630217859950592,588017978914504915,7.501406,0.02917735,17.07088,0.1958773,15.94283,1.076782
1237662695960608988,4458814414758629376,,6.840597,0.1915693,18.26893,0.9944946,16.83825,1.119427
1237662662678151198,1861243447185270784,,5.790446,0.04653493,15.78356,0.3130157,13.34455,1.148517
1237662662678151230,1861176651853883392,,3.933838,0.05608609,13.27804,0.3479448,9.568119,1.148517
1237662662678151239,1861178301121325056,,5.737391,0.03458173,14.84627,0.2024348,13.36129,1.148517
1237663787425792289,2113348010019678208,587738066200887522,3.6648,0.01522149,6.934919,0.08205087,7.290632,1.924187
1237663530260299984,2006502398289274880,587737809035395264,5.019268,0.09909065,11.05741,0.5411331,11.34853,1.683205
1237663787954470946,2103343534491854848,587738066729566260,3.205592,0.1155702,9.558264,0.699196,8.009112,1.271282
1237663787425857577,2113348284897585152,587738066200952874,2.672567,0.2131933,8.370243,1.602047,6.041562,1.906381
1237663787417469125,2103355629119760384,587738066192564437,1.764815,0.01930478,5.17692,0.1563813,3.880724,1.348024
1237663786885906868,2109956841080383488,587738065661002045,2.796655,0.01469727,8.091627,0.08408325,7.148337,1.527236
1237663786885906819,2109955466690848768,587738065661001863,2.10082,0.02560504,5.556217,0.2039225,4.503761,1.527236
1237663786885906815,2109956016446662656,587738065661001998,1.93244,0.01607416,4.36013,0.09930659,4.122471,1.527236
1237663786885906494,2109955191812941824,587738065661001781,9.428236,0.1565912,32.13105,0.9251069,24.6118,1.527236
1237663786885775559,2109964262783870976,587738065660870793,6.111836,0.01961747,11.07263,0.09963822,11.6279,1.482191
1237662665890005019,1768897108796008448,587736619865407501,11.2005,0.4807176,32.39466,3.216587,24.75596,1.050127
1237662664291647614,1568415726128097280,587736618789044325,3.90947,0.1262086,10.01512,0.8412561,8.782206,1.19758
1237662664291582314,1568436616849025024,587736618788978971,1.371167,0.01037862,3.771011,0.08349726,2.996714,1.179189
1237662664291582248,1568434692703676416,587736618788978904,3.326898,0.02866515,7.534213,0.1762413,7.162454,1.179189
1237662664291582035,1568438540994373632,587736618788978746,10.03091,0.2388486,21.07969,1.509167,20.95702,1.179189
1237662663754645941,1864657980528551936,587736942529806580,7.428694,0.3066495,18.41582,1.810593,17.68265,1.180903
1237662663754645873,1864648634679715840,587736942529740906,3.213751,0.02057815,10.63578,0.1367374,7.788866,1.180903
1237662663754645845,1864658530284365824,587736942529740880,1.864537,0.01351781,5.506666,0.1127058,3.974703,1.180903
1237662663754645815,1864647260290181120,587736942529741100,5.291062,0.02829218,12.84995,0.20536,11.35502,1.180903
1237662663754645539,1864649459313436672,587736942529740846,4.778337,0.02270351,15.95288,0.09367201,13.88458,1.180903
1237662642268471448,1776845208877557760,587736921043566767,3.745795,0.02100883,11.75291,0.1333343,9.375582,1.239118
1237662698640441555,2074057770478364672,587736964533518463,8.271273,0.1803829,23.06146,1.267356,19.01285,1.426247
1237662696501543051,2084078444961884160,587736975276638329,3.503651,0.02241854,9.281513,0.160643,7.873084,1.148403
1237662685216636964,2288980132574029824,587738952569323599,1.705809,0.01469679,5.217746,0.1126568,3.663992,1.382231
1237662696499183909,2081860460533016576,587736975274279243,2.775599,0.01753413,8.286217,0.1402953,6.200365,1.120126
1237662696499183930,2081858261509761024,587736975274279271,5.472285,0.1820039,14.92486,1.484114,12.07248,1.120126
1237662696499314794,2081844792492320768,587736975274410107,6.336438,0.09374372,20.24726,0.5922028,15.6594,1.101916
1237662696499315071,2081847541271390208,587736975274410349,2.997091,0.04784252,8.301142,0.3167431,6.99364,1.101916
1237662696499380384,2081823901771393024,587736975274475734,3.435952,0.03455849,8.965642,0.2317356,7.581859,1.069288
1237662696504164508,3344069859993479168,587739386353746046,9.769282,0.2617295,29.32853,1.822447,22.61029,1.091321
1237662696504164651,2087484732689377280,587736975279259900,6.032284,3.495016,15.21647,-1000.0,12.81901,1.091321
1237662696504230022,3344080030476036096,587739386353811525,2.976242,0.1005777,9.333457,0.7491072,6.779602,1.143102
1237662697036251250,2081815655434184704,587736975811346549,8.567025,0.06057981,28.76064,0.3501297,22.03002,1.031686
1237662697036251443,2081814830800463872,587736975811346686,3.472605,0.02647428,9.545656,0.2093696,7.610735,1.031686
1237662697036251461,2081816205189998592,587736975811346701,5.732544,0.03676454,14.57446,0.2679315,12.41147,1.031686
1237662697036251506,2081800537149302784,587736975811346586,1.799486,0.04899093,5.301453,0.3839062,3.935532,1.031686
1237662697573515596,2083027591119267840,587736976348610888,3.410005,0.1267081,10.14934,0.994204,7.272294,1.032809
1237662698108878900,2080684263572793344,587736976883974224,3.270099,0.05709232,10.93814,0.3381457,8.623027,1.093845
1237662698108878945,2080669969921632256,587736976883974275,4.691471,0.1150803,15.49459,0.7568553,11.74252,1.093845
1237662698108944649,2080669145287911424,587736976884039861,2.779634,0.02151872,6.124272,0.1613605,5.704656,1.121356
1237662698115104812,2087579840445179904,587736976890200124,4.520827,0.05922372,16.09404,0.3602617,11.9502,1.026776
1237662698115105077,2087580939956807680,587736976890200394,6.441235,0.2430981,17.33369,1.571532,14.91317,1.026776
1237662665889546655,1769968033171793920,587736619864949192,1.357465,0.01092774,3.897149,0.08669565,2.986837,1.076503
1237662665889546707,1769965834148538368,587736619864949234,6.112876,0.02044074,14.32825,0.1388961,12.77154,1.076503
1237662665889611792,1769964734636910592,587736619865014293,7.023751,-1000.0,26.8714,-1000.0,24.55018,1.056895
1237662697037103254,2082960246032066560,587736975812198568,5.544859,0.1699417,17.55938,1.179679,13.50269,1.098292
1237662697037103314,2082979212607645696,587736975812198607,5.238746,0.03628576,10.95625,0.157859,11.8094,1.098292
1237663530260299864,2007539514091792384,587737809035395159,6.521609,0.08589423,21.20944,0.5760376,15.53455,1.683205
1237663530260300129,2006514218039273472,587737809035395273,4.908516,0.1133092,10.45902,0.6054782,10.61322,1.683205
1237663546367082825,2007510651911563264,587737825142178013,1.122923,0.01065406,2.908912,0.09255169,2.370403,1.28325
1237663546367148247,2007498832161564672,587737825142243455,1.893564,0.02488021,3.99435,0.1490795,3.955156,1.282434
1237663546898120722,1954723367936354304,587737825673216306,1.788285,0.02795976,5.041648,0.2554671,3.780573,1.269388
1237663547981103123,2011003543326058496,587737826756198415,2.212876,0.03810067,6.818347,0.2948753,4.821193,1.389042
1237663786883416100,2107718492399626240,587738065658511390,2.798114,0.03175043,9.030365,0.2005907,7.190474,1.397416
1237663787955585290,2105475763506538496,587738066730680550,3.412621,0.3658801,9.456703,2.720311,8.165744,1.208588
1237663789031686258,2107810026742638592,587738067806781550,14.43551,0.5822465,39.8226,4.202273,32.16579,1.389784
1237663789031948622,2108917802340476928,587738067807043883,2.500898,0.05247788,7.208947,0.3820629,5.725816,1.661051
1237663789032013995,2108919451607918592,587738067807109289,2.119029,0.02128902,5.394907,0.1377883,4.831534,1.522831
1237663915730272292,2106561531255744512,587737810645221626,2.180491,0.03880427,6.589078,0.2695308,5.195315,1.337047
1237663915730272304,2106573625883650048,587737827825156102,2.690824,1.505306,6.965882,-1000.0,5.99563,1.337047
1237663915730272391,2106564005156907008,587737810645221502,4.072578,0.08569761,13.75744,0.5561679,10.11398,1.337047
1237663530255056942,1954721993546819584,587737809030152231,8.919322,0.1641374,25.47762,1.192535,19.85003,1.319392
1237663530791796929,1954703851604961280,587737809566892231,3.855625,0.0752416,10.33112,0.5645822,8.460391,1.199563
1237663786883350690,2106722884587120640,587738065658445990,5.480029,0.04439662,15.44712,0.2538779,13.79351,1.353553
1237663787427823763,2115602833725220864,587738066202919061,2.210278,0.0634013,6.618553,0.4752298,5.072593,1.613409
1237662662681690152,1865746496821946368,,3.516277,0.0335421,11.14282,0.2210084,8.445712,1.055259
1237662662681624611,1865731928292878336,,10.77555,2.906891,30.20462,-1000.0,25.74962,1.031178
1237662662681559448,1865736051461482496,,5.481897,0.03922663,11.36863,0.2359686,11.10925,1.005131
1237662662681559185,1865733302682413056,,2.111763,0.02168785,4.80328,0.1351234,4.534652,1.005131
1237662662681559181,1865733852438226944,,5.829646,0.1847753,20.06544,1.142963,14.59048,1.005131
1237662662680838298,1864545280586704896,,2.158716,0.09859353,6.6025,0.7256587,4.88808,1.076782
1237662665888760727,1772207468496054272,587736619864163139,5.266098,0.08512853,10.35498,0.3562509,11.39047,1.115876
1237662665888759972,1772209667519309824,587736619864162500,2.51525,1.210541,7.052145,-1000.0,5.596436,1.115876
1237662697040183695,2086328871090677760,587736975815279018,5.944196,0.06496664,11.59385,0.2250372,13.34549,1.13768
1237662697040183439,2086349761811605504,587736975815278796,3.77254,0.1889185,11.99123,1.291907,9.042753,1.13768
1237662662147244064,1867949088524232704,587739167313494273,8.670984,0.05768027,19.22559,0.3088002,19.09125,1.047139
1237662695964672162,2446691613238388736,587739407877603574,4.077699,0.07699545,10.38237,0.4793934,9.194707,1.134927
1237662695960609039,2432088449738631168,587739382066643129,4.08296,0.03626631,9.834934,0.1945054,9.455585,1.119427
1237662695960608987,2432091473395607552,587739382066708509,5.048751,0.04979837,16.60846,0.3188373,12.53531,1.119427
1237663530801365104,2011016462587684864,587737809576460410,9.308213,0.04167937,22.83974,0.2568814,20.68414,1.184298
1237662696501936400,2085250249646958592,587736975277031503,9.557693,0.05008936,23.86266,0.2463658,22.92661,1.171439
1237662696501870746,2085246401356261376,587736975276966061,10.64509,1.07724,38.56209,6.063943,27.93787,1.119327
1237662695961854020,2437675068856231936,587739382067888239,5.052148,0.09845717,16.46426,0.6531549,12.44883,1.102847
1237662695961788698,2435471096221296640,587739407874720000,4.154648,0.01097725,9.516891,0.07098921,8.969967,1.120361
1237662695961788461,2435485664750364672,587739407874719874,3.837722,0.05148501,12.75521,0.3251331,8.708301,1.120361
1237663915730272609,2106560706622023680,587737810645221689,1.748709,0.02079769,4.875112,0.151927,3.981745,1.337047
1237663915730272594,2106571701738301440,587737810645221667,3.469944,0.02431855,10.68046,0.1545887,8.550635,1.337047
1237664105779560653,6004527932844036096,,5.54942,0.06794522,15.25403,0.3921466,12.92333,1.084692
1237663917340950801,2106689349482473472,587738196116045975,2.001499,0.02197238,5.440079,0.1431199,4.707242,1.274416
1237663916801851543,2103341610346506240,587738195576946895,6.089108,0.2720791,13.2582,1.543612,13.28259,1.259895
1237663916801786116,2103330890108135424,587738195576881308,4.270496,0.0576483,10.14779,0.3723292,9.523111,1.197138
1237663916801786003,2103342709858134016,587738195576881297,2.186805,1.541266,5.777164,-1000.0,5.040704,1.197138
1237663916801786001,2103345458637203456,587738195576881250,7.70323,0.2715176,25.70026,1.721875,18.81952,1.197138
1237663916801785979,2103344908881389568,587738195576881232,1.172499,0.009196864,3.343711,0.07651562,2.520386,1.197138
1237663916801785876,2103346008393017344,587738195576881398,3.147913,0.04222719,7.067497,0.2033804,7.109025,1.197138
1237663916801785874,2103344084247668736,587738195576881183,4.679527,0.2047708,16.46546,1.249815,12.30491,1.197138
1237663916801785873,2103345183759296512,587738195576881182,5.76283,0.07680038,19.13572,0.5045857,13.75414,1.197138
1237663916801720747,2103330065474414592,587738195576815988,4.257648,0.08675466,10.13512,0.4551124,9.908202,1.163394
1237664289399636221,1998483669181818880,587738568174731481,5.956238,0.07091935,15.38649,0.3528138,14.35487,1.06732
1237664289399439496,6116144031221436416,,5.981064,0.0395075,14.4846,0.2568678,13.16927,1.312869
1237664289399439485,1998510332338792448,587738568174534766,2.317031,0.01892347,5.494444,0.1403089,4.887637,1.312869
1237664289399439413,1998510882094606336,587738568174534706,4.046624,0.0532397,12.50545,0.3749018,9.074826,1.312869
1237664131554541630,1968237191482075136,587738410329636918,7.403197,0.08051678,24.11964,0.5152251,17.91363,1.439909
1237664131554541772,1968222897830914048,587738410329637017,2.481442,0.02824886,6.272327,0.2124352,5.390248,1.439909
1237664131554541775,1968223722464634880,587738410329637020,5.221741,0.03957648,15.58296,0.1365188,14.34358,1.439909
1237664131554541838,1968234717580912640,587738410329637065,1.35252,0.01199433,3.606349,0.1122078,2.776883,1.439909
1237664132091871249,1969315266743527424,587738410866966577,14.53648,0.06871358,46.94582,0.3735279,39.913,1.256628
1237664132091871251,1969316091377248256,587738410866966557,3.401592,0.0570811,11.12786,0.3751979,8.058306,1.256628
1237664132091871427,1969315541621434368,587738410866966670,1.769035,0.04347558,4.363291,0.2984741,3.904603,1.256628
1237664132091871442,1969316366255155200,587738410866966692,1.589975,0.008775814,4.201705,0.07001107,3.442019,1.256628
1237664289928773726,1989515770572335104,587738568703869023,7.294183,0.03067465,17.18475,0.2153979,15.49869,1.013381
1237664289928773832,1989516045450242048,587738568703869158,3.428854,0.03331769,7.133783,0.194381,7.006907,1.013381
1237664289935130687,1997421264595085312,587738568710225955,12.31124,0.113724,31.26674,1.034946,25.40617,1.193605
1237664289935196412,1997401198507878400,587738568710291707,3.114983,0.03003868,8.264495,0.2036831,7.070359,1.203922
1237664289935261729,1997399824118343680,587738568710357008,14.72255,0.2541572,49.67816,1.560525,37.14723,1.311073
1237664289935261751,1997400923629971456,587738568710357058,5.010053,-1000.0,14.24434,-1000.0,11.53825,1.311073
1237664289935261940,1997398999484622848,587738568710357209,2.43062,0.03865335,6.386424,0.3570133,5.045132,1.311073
1237664289936113828,1998522701844604928,587738568711209134,2.805444,0.0116098,5.382232,0.06375518,5.6724,1.141559
1237664289936507011,1998501261367863296,587738568711602293,3.920426,0.03597847,9.123782,0.3103747,7.983171,1.115037
1237664290472919101,1998536995495766016,587738569248014386,3.404005,0.121257,11.06706,0.7951245,8.290166,1.129369
1237664290472919102,6116114344407486464,,5.803859,0.05151657,12.96789,0.312677,12.53203,1.129369
1237664294761529400,2289098879829829632,587738573536624714,7.110194,0.02488433,22.65611,0.152019,18.07567,1.122911
1237664294761594986,2289099704463550464,587738573536690243,3.706133,0.1186896,13.49087,0.7273539,9.783448,1.059496
1237663916267536476,2107740207754274816,587738195042631777,1.700841,0.01567278,5.060083,0.1195676,3.879745,1.268213
1237663916267536477,5799642746596904960,,12.81966,1.028891,37.01727,7.30257,30.13768,1.268213
1237663916267536572,2107741582143809536,587738195042631818,2.13918,0.8621505,6.04552,-1000.0,5.455783,1.268213
1237663916268126422,2107712719963580416,587738195043221711,2.46313,0.03447709,6.757411,0.2942367,5.244914,1.271738
1237663916268257450,2107705023382185984,587738195043352725,2.756566,0.03268148,9.839251,0.1959926,7.310339,1.245143
1237663916268257468,2107704198748465152,587738195043352737,2.080014,0.02731608,6.501464,0.1971143,4.889329,1.245143
1237663916275269716,2115590464219408384,587738195050365020,2.236664,0.01481941,4.974604,0.08852305,4.78833,1.260764
1237663916275269775,2115592388364756992,587738195050365070,2.356737,0.01778259,5.63351,0.1480377,4.849092,1.260764
1237663916810109034,2113347460263864320,587738195585204296,3.857822,0.04934635,12.20681,0.335954,9.244878,1.351664
1237663916810109132,2113356256356886528,587738195585204379,3.150932,0.04070958,8.451573,0.2657788,7.376726,1.351664
1237663917339771027,2105495279837931520,587738196114866308,4.183464,0.06934702,11.85224,0.5475282,9.089937,1.231113
1237663917339771108,2105496929105373184,587738196114866373,2.724737,0.02635069,7.921984,0.162141,6.640249,1.231113
1237663917339771127,2105486758622816256,587738196114866387,8.110986,0.06549888,25.86099,0.4555267,18.7961,1.231113
1237663917339836556,2105497753739094016,587738196114931855,2.96862,0.03508507,7.631957,0.3245895,5.961699,1.196869
1237663917339836570,2105485384233281536,587738196114931872,1.641438,0.01181394,4.487867,0.0836316,3.744398,1.196869
1237664092898852896,2173056420470089728,588017978334969911,15.00793,0.7674924,41.50096,4.859902,35.72884,1.48363
1237664092898853038,2173058069737531392,588017978334970017,5.099539,0.03277497,16.76893,0.1886604,13.35904,1.48363
1237664092898853172,2173054221446834176,588017978334970146,2.29148,0.04449187,6.815633,0.3171022,5.368245,1.48363
1237664092898918570,2173040202673580032,588017978335035739,3.267659,0.02000253,7.804568,0.107839,7.547934,1.358056
1237664092898984197,2173039378039859200,588017978335101245,2.482475,0.03948546,6.120154,0.2151274,5.84522,1.240856
1237664092898984229,2173037453894510592,588017978335101282,3.851562,0.197161,9.548229,1.053497,8.801823,1.240856
1237664105781133373,1967034050262624256,587738410327801941,7.806059,0.0232838,15.85818,0.1117506,16.73005,1.100568
1237664131016360006,6015863622814945280,,15.74443,0.1154415,43.09899,0.9581689,34.37566,1.430253
1237664289399373970,1998507858437629952,587738568174469256,4.89994,0.02759776,16.48181,0.1772289,12.04736,1.14875
1237664289399636012,1998486692838795264,587738568174731329,6.57421,0.03076684,16.29927,0.2264799,14.10367,1.06732
1237664291011952678,2000878130796980224,587738569787048255,3.56503,0.07764944,7.292136,0.4175572,7.275694,0.9918241
1237664291011952787,2000877855919073280,587738569787048086,6.01399,0.3061246,20.93279,1.894018,14.84373,0.9918241
1237664291011952964,2000873457872562176,587738569787048235,1.52109,0.01680665,4.277417,0.1234312,3.461636,0.9918241
1237664291548823866,2000874007628376064,587738570323919112,3.961552,0.08214955,10.59169,0.6916988,8.419003,0.9993761
1237664291548889126,2000881429331863552,587738570323984428,4.670286,0.08033838,14.15708,0.592293,11.28724,1.030237
1237664291549085756,2000897097372559360,587738570324181104,2.449114,0.02232842,7.815722,0.1562604,5.63988,1.021577
1237664293684445268,2287955393424418816,587738572459540570,3.920016,0.01392692,7.84381,0.0942956,7.67548,1.329008
1237664296366047574,2235015551371995136,587738575141142831,6.352643,0.03043215,12.76015,0.1917951,12.69897,1.041401
1237664337175707794,2290213234696808448,587738615950803104,5.353249,0.06021892,14.03695,0.3692584,12.50117,1.51836
1237664337177477186,5199445995927392256,,7.898103,0.1327666,20.96175,0.8003352,18.69603,1.543129
1237664667901624475,2259682270828849152,587738946676719730,8.761964,0.1595827,30.8561,1.014153,22.16391,1.373037
1237664667901624645,2354373861027375104,587738946676719843,4.975561,0.08270159,13.61545,0.7605019,10.27034,1.373037
1237664667901689871,2259681721073035264,587738946676785159,5.982534,0.01844432,17.58209,0.1330718,13.19445,1.361463
1237664667901689961,2259683095462569984,587738946676785233,2.012415,0.01222059,5.959815,0.09171972,4.56449,1.361463
1237664668424405146,2173047899254974464,587738947199500416,5.156544,0.04064457,13.18311,0.289196,11.49825,1.447962
1237663916801654936,2103329515718600704,587738195576750256,7.284781,0.5581951,15.72565,3.711227,15.48891,1.147853
1237663917341016282,2106694847040612352,587738196116111595,7.734405,0.1370226,20.17234,0.9972183,16.91561,1.286698
1237663918414758008,6693625683510579200,,9.433037,0.1028031,32.95423,0.5806184,25.56476,1.300113
1237664105779495085,1963743761380960256,587738410326163592,4.703107,0.04826571,14.25605,0.305683,10.34086,1.084285
1237664130479554590,1966982373216118784,587738409254649985,8.095297,0.02418067,18.00316,0.1403829,17.09863,1.522936
1237664289399374060,1998531772815534080,587738568174469339,2.921209,0.1259056,7.527944,1.28928,5.934699,1.14875
1237664291548823599,2000875382017910784,587738570323918903,2.185479,2.700279,6.714061,-1000.0,4.593055,0.9993761
1237664291548823600,2001943283122595840,587738570323918904,6.586831,0.1468432,19.35125,0.9874232,15.58998,0.9993761
1237664093439852636,2179894557875922944,588017978875969642,11.20349,0.4229775,37.46539,2.662682,28.64077,1.242258
1237664093439852639,6534893589381795840,,28.75547,10.73357,67.08585,-1000.0,74.87814,1.242258
1237664093439852644,6534893039625981952,,4.542781,1.51044,10.82369,-1000.0,9.198139,1.242258
1237664093439983708,2179902529335224320,588017978876100712,8.222392,0.565324,26.48278,3.838658,18.16564,1.419482
1237664130481651748,1969224831912142848,587738409256747044,7.308858,0.2064488,23.02887,1.400432,17.05034,1.342807
1237664130481651887,1969225931423770624,587738409256747145,4.230522,0.09205941,12.00378,0.4581102,10.92478,1.342807
1237664130481651900,1969221808255166464,587738409256747162,2.338555,0.03426994,7.609801,0.2561774,5.423136,1.342807
1237664093439852641,2179882463248017408,588017978875969794,3.452062,0.01981919,8.585007,0.1020074,8.197878,1.242258
1237663918414889326,2106649492185966592,587738197189984580,7.875739,0.04256606,15.46404,0.1936309,15.77415,1.244192
1237663918414889018,2106647293162711040,587738197189984364,2.241124,0.01261551,6.300893,0.08033802,5.348682,1.244192
1237663918414823576,2106651691209222144,587738197189918875,3.295795,0.01849865,9.776595,0.1322674,7.636637,1.302111
1237663918414758364,2106651416331315200,587738197189853369,5.987156,0.05475937,11.95024,0.2728367,12.71465,1.300113
1237663918414758293,2106647018284804096,587738197189853526,2.743646,0.0412568,6.957332,0.2524531,6.241129,1.300113
1237663918414758193,2106651966087129088,587738197189853229,7.790797,0.05779559,24.67231,0.4040559,18.44491,1.300113
1237664667901624666,2259694640334661632,587738946676719862,2.597346,0.03386861,6.904281,0.2515323,5.812852,1.373037
1237664667900444798,2353222122865715200,587738946675540119,4.288113,0.01932342,9.743669,0.1602839,8.719543,1.33239
1237664337177477185,2379141460306978816,587738615952572488,5.028613,0.0619997,16.91548,0.2849633,14.81522,1.543129
1237664292076519438,1989608404426975232,587738570851614723,6.601264,0.3033761,21.73921,2.022589,16.00489,0.9633224
1237664292076454264,1989608679304882176,587738570851549338,3.249003,0.05594395,6.629985,0.2791491,6.985856,0.9709019
1237664292076454119,1989609778816509952,587738570851549375,5.381579,0.01839671,12.27715,0.1362499,10.74258,0.9709019
1237664292076454111,1989610878328137728,587738570851549362,5.37169,0.09745221,13.851,0.6402263,12.24217,0.9709019
1237664292076388510,1989590262485116928,587738570851483826,2.246123,0.03565935,6.11575,0.2713195,4.981837,0.9853928
1237664291548889274,2001953453605152768,587738570323984493,4.135618,0.04960224,11.03823,0.3260262,9.41979,1.030237
1237664291011952667,2001955652628408320,587738569787047969,5.689217,0.05379567,18.99553,0.3568176,13.86095,0.9918241
1237664291011887113,2001944657512130560,587738569786982415,11.47657,0.2369691,33.50189,1.445767,28.13293,0.9901329
1237664105781133467,1965854274067916800,587738410327801890,5.593047,0.165599,17.82323,1.139022,12.56158,1.100568
1237664094510907472,1787937073269860352,588016839637729502,8.041277,0.02986191,16.20865,0.1738371,15.90033,1.564426
1237664092903047228,2179906377625921536,588017978339164232,8.142289,0.161781,28.39883,0.9855871,20.55677,1.347877
1237663916268257523,2007570850173184000,587738195043352787,1.859042,0.0307517,4.853739,0.2272472,4.124234,1.245143
1237663916268257306,2007571125051090944,587738195043352609,5.978695,0.06616309,19.2814,0.440412,14.01582,1.245143
1237664667907588102,2373519657438046208,587738946682683414,1.91467,0.01213785,5.510475,0.09326962,4.311,1.340508
1237664667907457165,2224781296637339648,587738946682552386,5.905727,0.1377065,21.52816,0.7609743,15.51324,1.323967
1237664667887534208,2173045700231718912,587738946662629698,2.524836,0.01479917,7.565865,0.09437901,6.263417,1.468624
1237664667370651768,2373533951089207296,587738946145747047,6.067939,0.1158902,17.81703,0.8606968,14.0774,1.375809
1237664338253119520,2291310546798012416,587738617028214849,16.11418,6.904736,40.49909,-1000.0,44.69104,1.370416
1237664338253119518,2248450484136339456,587738617028214791,2.58055,0.1778099,7.360744,1.339528,6.009081,1.370416
1237664338253119517,2248454882182850560,587739098060488789,6.237379,0.06237134,19.97408,0.4296953,15.14917,1.370416
1237664336641720404,2265442062809720832,587738615416815709,3.16978,0.05840979,6.366591,0.3563234,6.513523,1.578945
1237664336632741928,2194381449933645824,587739408380264507,13.77694,0.03521273,41.08975,0.1949164,34.9229,1.894594
1237664336632741895,2194379800666204160,587739408380264453,2.671271,0.00539482,6.981937,0.03962943,5.964315,1.894594
1237664294761594907,2267577588715120640,587738573536690209,4.225214,0.02350948,14.88098,0.1408144,10.88551,1.059496
1237664294761529674,2267574290180237312,587738573536624900,2.488385,0.0259068,6.459635,0.1932335,5.463218,1.122911
1237664294761529586,2267576214325585920,587738573536624828,1.640236,0.01469933,4.917061,0.1118675,3.727961,1.122911
1237664289391968478,1989502026676987904,587738568167063728,2.876499,0.0237362,6.978396,0.1658766,6.1959,1.026862
1237664296366047287,2235015826249902080,587738575141142586,2.124109,0.01010427,5.917183,0.08238805,4.60768,1.041401
1237664296366047350,2235011153325484032,587738575141142658,7.175023,0.03551081,23.24761,0.235681,17.24113,1.041401
1237664296366047854,2235012802592925696,587738575141142743,4.099968,0.1051806,10.73494,0.8090394,9.03517,1.041401
1237664337175773190,2290219556888668160,587738615950868486,7.995365,0.07941682,22.96592,0.5263923,18.64845,1.545538
1237664337175773381,2290218457377040384,587738615950868640,4.319986,0.07048561,10.90226,0.4207992,10.03306,1.545538
1237664337177542740,2379138986405816320,587738615952638035,5.252884,0.0231796,11.60844,0.1529439,11.03717,1.529944
1237664337177542775,2379138161772095488,587738615952638054,2.070711,0.008439341,5.032191,0.05196844,4.674496,1.529944
1237664668424470655,2173039652917766144,587738947199565938,8.115207,0.08491691,27.27364,0.5422726,19.50863,1.397622
1237664668424536083,2173038278528231424,587738947199631380,6.061594,0.1141521,21.60936,0.6724806,15.7137,1.403004
1237664668424536173,2173038003650324480,587738947199631434,4.316407,0.07523747,14.69013,0.4569746,10.45846,1.403004
1237664105779560493,1963744311136774144,587738410326229032,6.229561,0.08664239,20.24146,0.5711796,15.49744,1.084692
1237664105779560609,1963740737723983872,587738410326229111,1.814947,0.01790972,4.894936,0.143902,3.950064,1.084692
1237664105779626180,1964768506318710784,587738410326294707,7.405782,0.4709425,23.51586,3.038215,16.92712,1.068987
1237663915730272677,2006437803390429184,587737810645287065,2.810851,0.03243462,7.676775,0.2110098,6.52892,1.337047
1237664093977182234,2182113373162858496,588017979413299280,3.85567,0.01941933,11.07272,0.1219148,9.127397,1.247497
1237664093977182233,2182111998773323776,588017979413299279,2.297734,0.08939406,7.462302,0.6358435,5.334128,1.247497
1237664093977182232,2182114747552393216,588017979413299278,8.407094,0.1753084,27.724,1.094186,20.842,1.247497
1237664093977116737,2182100728779139072,588017979413233753,4.07852,0.07708921,12.99594,0.4720088,10.26552,1.476994
1237664130481717277,1969214386551678976,587738409256812571,5.816449,0.02447857,14.11175,0.1468559,13.06504,1.36404
1237664130481651942,1969212187528423424,587738409256747193,4.066382,0.04613376,9.718028,0.4246838,8.249547,1.342807
1237665016314658947,11557367084595040256,,9.368984,0.04077761,23.41851,0.2455305,21.04642,1.339826
1237664819818987566,5208416362331131904,,6.190899,0.4861939,22.49928,2.910189,17.15796,1.473023
1237664817673994368,2265438489396930560,587739096449089665,2.879565,0.6122116,9.491185,-1000.0,6.57247,1.607367
1237664668981330034,2224799713457104896,587738947756425349,2.145774,0.02251298,7.040245,0.1551386,4.974729,1.238974
1237665024374866361,2374650505063327744,587739303149961620,5.287407,0.09807611,10.95357,0.5034553,11.38479,1.260596
1237665024374866095,2374643633115654144,587739303149961255,8.894587,0.02788505,17.99446,0.134726,18.26014,1.260596
1237665024374865968,2374651054819141632,587739303149961304,7.722635,0.3291084,18.77548,3.095469,15.66922,1.260596
1237665016314593292,11555263718045798400,,16.00332,1.307427,39.32775,7.870109,37.0297,1.324858
1237665015240589399,2364462434430773248,587739294015684686,1.539207,0.01313634,4.160454,0.1030422,3.388859,1.467437
1237664854189539556,2081958866823702528,587739132964634866,2.018938,0.02439091,5.240537,0.183114,4.382489,1.1122
1237664818753831142,2276735976975919104,587739097528926379,4.402068,0.03749538,10.00079,0.2958334,9.044188,1.455227
1237664817674125413,2265447010612045824,587739096449220729,2.456464,0.02766492,5.932401,0.1851189,5.38575,1.53535
1237664817674060121,2265446185978324992,587739096449155346,4.389987,0.06823874,8.942122,0.3986025,9.180285,1.585431
1237664817674059896,2265447560367859712,587739096449155236,8.711883,0.1567351,26.03779,1.104256,20.2098,1.585431
1237664668981264486,2224799163701291008,587738947756359754,2.142261,0.008736232,6.839333,0.04805749,5.703387,1.212182
1237664887463411913,2086332719381374976,587739166238507193,4.940622,0.03841946,10.77752,0.2421764,10.5231,1.566394
1237664871361019935,1793575919089117184,588016891170848771,7.91813,0.02582658,18.70643,0.1845877,16.82307,1.198871
1237664854189474090,2081958591945795584,587739132964569367,2.288902,0.01517288,5.552189,0.09490883,5.174129,1.117145
1237664854189473891,2081956667800446976,587739132964569195,6.126067,0.05416517,18.66015,0.3965741,13.35554,1.117145
1237664846121730104,2287957867325581312,587739099141701675,2.623704,0.03285865,7.004871,0.2419756,5.862607,1.194027
1237664852044415211,2446704532500015104,587739407877734591,8.355291,0.0412898,17.22808,0.2180784,17.12079,1.285306
1237664853116715184,2082962994811136000,587739131891810508,1.867896,0.2018764,4.055414,-1000.0,4.110848,1.071948
1237664853116780599,2082957222375090176,587739131891875910,11.90236,0.03971378,26.65938,0.2820416,24.64173,1.16926
1237664853641461771,2288989203544958976,587739132416557077,3.660177,0.07636506,12.2727,0.4914985,8.705942,1.220977
1237664853641461874,2288979307940308992,587739132416557356,2.975327,0.2251219,8.836551,1.763091,6.428541,1.220977
1237664853641462227,2288992227201935360,587739132416557289,5.196867,0.09772025,10.48356,0.3259049,11.9766,1.220977
1237664853651619889,2080694434055350272,587739132426715205,4.114065,0.4367456,13.03751,3.150131,9.979047,0.9593835
1237664853651685435,2080681789671630848,587739132426780745,2.720286,0.1342427,9.483043,0.7872568,6.659756,0.9379596
1237664853653127479,2083016046247176192,587739132428222814,2.929214,0.04142554,7.784512,0.2972429,6.522814,1.040699
1237664853653127598,2083029790142523392,587739132428222915,1.744593,0.01243726,4.915035,0.09570848,3.914179,1.040699
1237664854183313713,2074072064129525760,587739132958408966,4.611466,0.04216396,11.161,0.2357679,10.75765,1.295704
1237664878341062790,2191035910911453184,587739157116158102,5.190184,0.07182959,12.3472,0.4147463,11.80959,1.281923
1237665025446510745,2356609999024711680,587739304221606039,2.608994,0.0370434,6.690464,0.231802,5.977831,1.470786
1237665026510815411,2379097204963960832,587739296700563630,3.34461,0.02351212,8.4104,0.1638447,7.342007,1.325459
1237665026510880997,2379095280818612224,587739296700629051,1.783697,0.0375524,5.686535,0.2741298,4.08664,1.32964
1237664670045765663,1606717491445262336,588016890638172175,3.126364,0.04777921,10.5607,0.311034,7.547374,1.553416
1237664836462248240,2169660303493588992,587739115237343496,6.261331,0.1699004,18.79974,1.276042,14.08801,1.220446
1237664853105377484,2069433224001513472,587739131880472774,2.37054,0.07697085,6.87055,0.5740504,5.390439,1.189432
1237664854716514359,1849930840365099008,588017977291964494,8.575671,0.08725888,26.30128,0.5942996,20.14265,1.461934
1237664869753487485,2194379525788297216,587739408380264596,6.509157,0.05554358,12.67931,0.2652281,14.22396,1.440879
1237664874580672554,2169658929104054272,587739153355767844,1.29111,0.01941351,2.34962,0.07618796,2.541073,1.571206
1237664887463346414,2086331344991840256,587739166238441695,5.573901,0.08268321,16.03178,0.6703708,11.73515,1.772895
1237665023837995013,2374631813365655552,587739302613090309,3.788551,0.02225469,12.0203,0.1530612,9.028036,1.307197
1237665024909312194,2258720473066006528,587739303684407495,6.767975,0.05381989,17.44068,0.3650818,15.25668,1.386287
1237665024910229511,2277753025634265088,587739303685324813,5.706522,0.05064102,19.79795,0.305791,14.41676,1.424713
1237665025436680199,2364481675884259328,587739295626363041,6.876731,0.03655029,17.63326,0.1516908,17.3291,1.292964
1237665025436680514,5205056254360440832,,7.393209,0.2436422,23.80649,1.615961,18.21152,1.292964
1237665025436811410,2376795652232341504,587739295626559628,4.292443,0.05467007,10.11097,0.3152273,9.61672,1.245037
1237664668437250202,2249586829252651008,587738947212345425,6.591668,0.02030656,17.03109,0.1130892,15.58849,1.286
1237664668438102203,2259721303491635200,587738947213197363,6.417672,0.01850942,13.70293,0.1032989,13.49606,1.271925
1237664671645171858,2244054916895107072,587738950420267121,6.789188,0.1243657,19.59764,0.8951185,15.74041,1.454252
1237664671645171895,2244053542505572352,587739305297445001,8.190694,0.188106,22.31822,1.0508,19.7051,1.454252
1237664671645368370,2244070310057895936,587738950420463675,5.625194,1.316843,20.45493,-1000.0,14.10403,1.430348
1237664835925180449,2169688890795911168,587739114700275742,12.29587,0.1315663,33.28022,0.5773291,31.51175,1.174794
1237664852041466139,2435486764261992448,587739408411656413,7.347179,0.02360362,16.49162,0.1379958,15.51618,1.15071
1237664854189539377,2081959416579516416,587739132964634687,1.226214,0.01017935,3.129477,0.08065905,2.636706,1.1122
1237664870822772913,1433275854305126400,587735042542993587,3.228973,0.04483721,8.571929,0.3400447,7.053715,1.161566
1237664870822772966,1433273930159777792,587735239567474751,4.680663,0.02838609,16.38621,0.1745134,12.03389,1.161566
1237665024374931478,2374652429208676352,587739303150026776,9.065773,0.07078256,26.1557,0.4515451,22.04393,1.260983
1237665024911999057,2374637585801701376,587739303687094311,8.979977,0.3538661,26.66829,2.022091,22.93027,1.278051
1237664819818987529,2285638167367280640,587739098594082827,7.693623,0.04982303,18.6771,0.2887456,17.71718,1.473023
1237664819285393504,2291306698507315200,587739098060488790,6.138341,0.2444232,16.8574,1.041483,15.34001,1.505575
1237664818753896585,2239483422592493568,587739097528991852,4.122287,0.02064963,8.618762,0.1300139,8.48106,1.581751
1237664817674256453,2265454707193440256,587739096449351752,5.85806,0.02796131,12.00264,0.1771788,11.81229,1.561616
1237664818207981738,5209747870560047104,,6.643989,0.1891598,17.16293,1.144758,15.23198,1.436771
1237664818208047228,2290201964702623744,587739096983142460,3.082262,0.04210275,9.654572,0.3020717,7.205225,1.380325
1237664668981395534,2246243763846408192,587738947756490825,8.204906,0.1531317,21.8887,0.6810175,20.96478,1.191278
1237665024367722528,2250781174932727808,587739303142817832,2.916983,0.02012344,8.600538,0.1514279,6.376974,1.568767
1237665024367722513,2352178412040251392,587739303142817807,2.386925,0.1078044,7.867573,0.7418249,5.835951,1.568767
1237664870822772925,1433272006014429184,587735239567474743,2.443373,0.0396815,7.835037,0.2760189,5.714413,1.161566
1237664836999118965,2169715553952884736,587739115774214259,10.24923,0.02314964,27.58336,0.1108983,25.26017,1.230826
1237664668975825021,2238358891991689216,587738947750920330,1.574941,0.01418582,3.773262,0.0981991,3.427626,1.268896
1237665024910164061,2356664974606100480,587739303685259380,4.518968,0.04570312,10.63439,0.218206,10.82249,1.443588
1237664835934814390,2191060924800985088,587739114709909671,8.895478,0.02162975,19.16455,0.1184918,19.15408,1.183455
1237664835934748855,2191070270649821184,587739114709844165,2.643777,0.01613759,6.442516,0.1237274,5.631015,1.206655
1237664668437119234,2249592876566603776,587738947212214295,4.147543,0.03163595,10.51645,0.1909079,9.435964,1.305789
1237664668437119168,2249595075589859328,587738947212214377,1.778661,0.006744158,4.979672,0.05460113,3.863209,1.305789
1237664668437119008,2249592326810789888,587738947212214480,2.039082,0.06987774,4.598815,0.4402905,4.403931,1.305789
1237664668437119003,2249592601688696832,587738947212214312,13.48789,0.0544631,44.36152,0.3626618,31.74609,1.305789
1237664668436398267,2221431909861320704,587738947211493553,4.946977,0.05082185,12.60688,0.4138784,10.52912,1.266723
1237664668436398224,2221429435960158208,587738947211493514,3.757837,0.1276058,11.65972,0.8001716,9.27905,1.266723
1237664668436398189,2221443729611319296,587738947211493472,1.457079,0.01677713,4.320748,0.1288968,3.288367,1.266723
1237664668436398093,2359989616649463808,587738947211493391,4.22568,0.0654558,15.2513,0.3899831,10.73842,1.266723
1237665026510946313,2376778609802110976,587739296700629050,2.242687,0.06085354,6.994924,0.4588008,5.106074,1.300381
1237665026510881018,2376942162156742656,587739296700629170,4.132446,0.1172315,12.86627,0.8463485,9.673347,1.32964
1237665025978073097,2370077636270516224,587739304753168389,2.444333,0.01243885,5.786337,0.08145976,5.380965,1.416955
1237665025446969348,2277769243430774784,587739304222064645,3.805443,0.03233229,7.8567,0.1520276,8.566319,1.386446
1237665025446904003,2277768418797053952,587739304221999262,4.870562,0.0635232,11.24753,0.289173,11.76708,1.38818
1237665025446510775,2269815100565121024,587739304221606063,2.492571,0.03694475,7.277265,0.2352281,6.040342,1.470786
1237665025446510739,2269826645437212672,587739304221606035,3.975871,0.07546512,11.38324,0.5219845,9.27142,1.470786
1237665025446510622,2269825820803491840,587739304221605914,6.829216,0.220252,22.96639,1.399684,16.88679,1.470786
1237665023836881158,2378005391024875520,587739302611976229,1.979836,0.02484444,5.909421,0.1909559,4.413109,1.270944
1237665023836881057,2356518464681699328,587739302611976286,3.223468,0.08109882,10.4037,0.5488018,7.444828,1.270944
1237665023836880982,2356518739559606272,587739302611976236,2.102125,0.01752922,6.495465,0.1272281,4.894152,1.270944
1237665023836815693,2377995220542318592,587739302611910869,2.397581,0.0374509,6.207462,0.218389,5.675072,1.281821
1237665023836815661,2356530284431697920,587739302611910821,2.783644,0.02061551,7.340977,0.1247968,6.582199,1.281821
1237665023836815551,2356517914925885440,587739302611910793,12.216,1.56613,40.88,10.02609,30.12155,1.281821
1237665023836815486,2356519014437513216,587739302611910758,3.594452,0.1309215,11.11517,0.8748844,8.750539,1.281821
1237665023836815484,2356517640047978496,587739302611910755,4.597184,0.1547967,15.18381,0.9816338,11.62143,1.281821
1237664886388293744,2446750162232567808,587739407877996689,6.860208,0.290836,23.21361,1.757756,18.74437,1.731627
1237664879949906004,2183245045673519104,587739158725001442,4.868239,0.03205547,12.7474,0.2066552,11.21616,1.305548
1237664879949906003,2183255216156076032,587739158725001301,12.5009,0.03530313,36.22732,0.2421343,29.43551,1.305548
1237664879949906001,2183242022016542720,587739158725001338,3.374976,0.02085069,10.71154,0.1424789,7.949113,1.305548
1237664837006852244,2183259889080494080,587739115781947490,5.047161,0.01424354,11.05788,0.07588473,10.92359,1.17082
1237664671644844043,2244035950319527936,587739305297117300,4.881564,0.03442935,12.01196,0.2140875,10.85071,1.50227
1237664835934814435,2191057076510287872,587739114709909699,6.086402,0.7239991,30.80366,4.438583,34.09821,1.183455
1237664836462313526,2169661677883123712,587739115237408816,3.106527,0.03384909,8.17936,0.2379306,6.995294,1.171941
1237664836462313734,2169659753737775104,587739115237408967,2.888619,0.0342994,8.547352,0.2462696,6.725779,1.171941
1237664836997677434,2164152849649395712,587739115772772746,2.715146,0.06233514,9.152418,0.3734156,6.461236,1.086878
1237664853105377330,2069443119606163456,587739131880472623,4.512164,0.01733868,11.36217,0.1310471,9.735527,1.189432
1237664853105377493,2069432949123606528,587739131880472784,4.056927,0.05392189,8.349244,0.3488286,8.099382,1.189432
1237664853105377520,2069435148146862080,587739131880472804,4.114678,0.07707462,9.040804,0.4374402,9.049672,1.189432
1237664853105442825,2069436797414303744,587739131880538132,7.862946,0.04530446,25.64387,0.3009914,19.30543,1.190808
1237664853105508500,2069421129373607936,587739131880603834,6.580415,0.02622085,12.22682,0.1192773,13.23954,1.21149
1237665023837995178,2374584259487754240,587739302613090474,1.305923,0.01603907,3.811423,0.1324468,2.821256,1.307197
1237665023838060553,2374588107778451456,587739302613155855,6.299217,0.03694449,20.47023,0.2468275,14.58371,1.293592
1237665023838060740,2374583984609847296,587739302613156004,2.6659,0.05886412,7.390689,0.4517464,5.882461,1.293592
1237665023838060759,2374587008266823680,587739302613155880,1.532151,0.01961675,4.352753,0.1570818,3.377099,1.293592
1237664668975890441,2238346797363783680,587738947750985737,6.075531,0.1795591,19.83722,1.164912,14.77851,1.299757
1237664671645171756,2244061239086966784,587739305297444932,9.46376,0.04716267,28.05829,0.3348207,21.96152,1.454252
1237664671645171947,2244059864697432064,587739305297445039,3.875729,0.05341191,9.400043,0.3777248,8.451552,1.454252
1237664671645237313,2244058215429990400,587738950420332620,2.791075,0.0403141,7.924407,0.3085311,6.229174,1.408908
1237664854189539553,2081937701224867840,587739132964569373,3.49477,0.02016313,8.139396,0.1519428,7.381323,1.1122
1237665015240589418,2372445714706884608,587739294015684700,1.30546,0.005942914,3.08499,0.05219965,2.666576,1.467437
1237665016314462213,2376806097592805376,587739295089557509,5.571036,0.0393738,18.38882,0.2462045,14.07642,1.322019
1237665016314593291,2364520158791231488,587739295089688588,9.735485,0.1594893,31.96194,1.058592,24.49203,1.324858
1237665016314593294,2376796751743969280,587739295089688590,1.720064,0.03000474,4.549405,0.2543021,3.644922,1.324858
1237665016314593438,2364518509523789824,587739295089688686,2.442405,0.0270928,6.421167,0.1985905,5.386454,1.324858
1237665024372572310,2356599828542154752,587739303147667602,3.47595,0.03136622,10.95044,0.2027127,8.580986,1.382009
1237665024372572559,2356602302443317248,587739303147667798,4.427186,0.0874632,8.386224,0.4075539,9.284943,1.382009
1237665024372637853,2356602852199131136,587739303147733170,3.859333,0.033942,7.791093,0.1994143,8.085089,1.458633
1237665024375062540,2374652154330769408,587739303150157835,6.191203,0.03366391,21.63939,0.1964432,15.56344,1.303972
1237665024911933591,2243933145982330880,587739303687028893,10.01778,0.328905,25.92521,2.112039,22.70614,1.256466
1237665024911998985,2374635386778445824,587739303687094284,5.99797,0.08025578,20.57288,0.4894898,14.78888,1.278051
1237665024911999116,2374637860679608320,587739303687094351,3.493096,0.0371514,8.724377,0.231146,8.028312,1.278051
1237665024911999138,2374635661656352768,587739303687094372,4.712265,0.1316486,14.16373,1.040639,10.21042,1.278051
1237664817674190926,2265457455972509696,587739096449286227,2.999895,0.06954704,10.03173,0.4612359,7.307344,1.535506
1237664818753896461,2239481773325051904,587739097528991758,5.095866,0.09284731,17.74622,0.5590432,12.28114,1.581751
1237664818753896557,2239482048202958848,587739097528991827,2.385827,0.02711971,6.401887,0.1890446,5.415676,1.581751
1237664818753896597,2276735427220105216,587739097528991864,2.688966,0.02275317,6.70578,0.1842864,5.700491,1.581751
1237664819818987565,2285640641268443136,587739098594082848,4.981559,0.2385136,18.56856,1.331564,13.18362,1.473023
1237664819818987690,2285641191024257024,587739098594082926,6.045792,0.02716777,14.82059,0.1670852,13.49936,1.473023
1237665015240458268,2364476178326120448,587739294015553579,4.081945,0.07471793,15.1909,0.4273134,10.58907,1.507897
1237665015240523906,2364461609797052416,587739294015619205,3.253824,0.01446579,7.780328,0.1294629,6.475947,1.514421
1237664814988329173,961623563616413696,587729159508000880,5.801664,0.03698195,11.43634,0.1858042,12.60666,1.571648
1237664814988328970,960568032470525952,587729159507935324,7.995457,0.05014313,26.30541,0.3292617,19.75435,1.571648
1237664814988263512,960565283691456512,587729159507869872,9.797967,0.07972153,29.94728,0.4688457,25.85119,1.606352
1237664814988263498,961628511418738688,587729159507935258,2.781277,0.01691335,7.088283,0.1032517,6.39187,1.606352
1237664814988263474,960564733935642624,587729159507935262,4.806348,0.2259518,13.98992,1.738631,11.04337,1.606352
1237665025985544468,2243960084017211392,587739304760639646,6.481076,0.1124575,11.52473,0.3932411,13.75918,1.298921
1237665026510946314,5200708785015115776,,13.49104,1.182124,54.60415,5.98108,45.48451,1.300381
1237665026510946431,2376942711912556544,587739305554477135,9.895326,1.089706,22.66007,10.95669,21.32427,1.300381
1237665179521187863,7314995990196670464,,6.733264,0.01510092,16.49545,0.08119915,15.42807,1.305203
1237665128538833063,2364490746855188480,587739407313928329,4.708887,0.1041641,11.66567,0.6256269,10.8309,1.174302
1237665128538833047,11555260694388822016,,3.786775,0.0254861,8.960175,0.1608065,8.25743,1.174302
1237665128012251184,2277731310279616512,587739406787346482,3.07661,0.01380919,6.975206,0.09326926,6.480717,1.143479
1237665128012185846,2277751926122637312,587739406787280993,1.527688,0.01500558,4.537265,0.1191205,3.293727,1.173396
1237665128011989012,2356655628757264384,587739406787084320,3.711159,0.05383801,13.15539,0.3318045,10.38063,1.22341
1237665128011923659,2356655903635171328,587739406787018929,7.255383,0.0600058,16.21199,0.3461291,15.28415,1.247536
1237665128011923585,2356655353879357440,587739406787018853,4.395702,0.04290085,9.258944,0.2506596,9.300562,1.247536
1237665128011923466,2356652055344474112,587739406787018756,13.18882,0.07179744,28.64108,0.5294199,26.08004,1.247536
1237665128011858073,2356633088768894976,587739406786953374,3.687925,0.0741455,8.371731,0.4566006,8.123245,1.158809
1237665128006680707,2250802615409469440,587739406781776017,2.127557,0.01248187,4.997153,0.1007595,4.34321,1.229232
1237665128006615097,2250794094194354176,587739406781710421,6.298605,0.04333173,19.45596,0.2933513,15.03017,1.170916
1237665128006549524,2352177587406530560,587739406781644825,5.168426,0.06176066,17.67301,0.3799967,13.43668,1.157397
1237665026522415130,2243951562802096128,587739305297510430,9.160526,0.2569989,29.41446,1.680364,22.08887,1.4159
1237665026521956456,2244038424220690432,587739305297051774,3.450926,0.04980597,8.906007,0.3277565,7.849094,1.52712
1237665225702637601,7310648796249346048,,2.751667,0.6070165,8.432119,-1000.0,6.383235,1.4054
1237665129624043636,2243971628889303040,587739408399138936,7.423029,0.01878385,17.42594,0.07592782,17.30322,1.336919
1237665127475773484,2378009789071386624,587739406250868793,3.571523,0.0692775,11.49156,0.4689223,8.483186,1.046704
1237665103295610891,2446690788604667904,587739382070706185,9.683126,0.1558906,31.01809,1.052877,22.67766,1.193485
1237665103295611145,2446692987627923456,587739382070706427,4.899935,0.03685758,10.68661,0.1910242,11.00359,1.193485
1237665103296004393,2446747138575591424,587739382071099634,2.557096,0.04023927,6.333283,0.2896009,5.621239,1.220289
1237665107578782173,2087488031224260608,587739165702684874,4.226151,0.04308454,10.2006,0.2058085,10.03992,1.312751
1237665126930055406,5231019297321799680,,3.368384,0.0327935,9.022413,0.2582467,7.266217,1.142886
1237665126938771573,2377999068833015808,587739405713866872,1.373623,0.02396527,3.778867,0.1848453,3.069144,1.121563
1237665126939885705,2374598828016822272,587739405714980911,4.953483,0.06703468,15.06178,0.4096389,12.17945,1.176651
1237665126940082198,2374574089005197312,587739405715177491,2.655602,0.07251326,8.89519,0.4722539,6.320804,1.240167
1237665128026800224,2437590956216707072,587739406801895537,9.282365,0.3593252,32.55054,2.198755,22.82284,1.147642
1237665128550695053,2374625766051702784,587739407325790240,3.617176,0.02106732,12.32396,0.1222192,10.02158,1.174269
1237665128550760684,2243930122325354496,587739407325855864,6.012763,0.02112534,18.17218,0.1571584,13.4316,1.14277
1237665128563212505,2437705580303902720,587739407338307755,3.675017,0.1043543,11.94652,0.6821733,9.166975,1.208199
1237665128563212507,2437707779327158272,587739407338307952,1.961518,0.02140553,4.258737,0.1271841,4.155782,1.208199
1237665128563277867,2437708603960879104,587739407338373164,6.020202,5.926875,12.25682,-1000.0,13.99831,1.219484
1237665129098510471,2432087075349096448,587739407873605783,5.713505,0.1603527,14.93621,0.8999578,13.07875,1.305763
1237665129098510627,2432089824128165888,587739407873605963,7.04098,0.06800228,13.94967,0.2601711,27.92567,1.305763
1237665129102901279,2446749612476753920,587739407877996580,1.554971,0.01374333,4.644339,0.1110615,3.6554,1.307955
1237665129616834566,2370082584072841216,587739408391929866,11.64977,0.1298232,38.41748,0.7483906,30.32651,1.270556
1237665129616834686,2370080659927492608,587739408391929923,3.904642,0.02813495,7.503469,0.1284538,8.193129,1.270556
1237665228385157229,2377946292274882560,587739507160252499,2.190943,0.05415111,6.729095,0.3935258,5.06821,1.561856
1237665228385615910,2377910008391165952,587739507160711195,8.285663,0.05029385,23.97918,0.3057053,20.09689,1.639344
1237665098464952456,2188917975849920512,587739377240047757,3.495069,0.05216498,8.308711,0.3880482,7.428259,1.184573
1237665128011399223,2356600928053782528,587739406786494548,5.398914,0.01343765,13.75702,0.0692866,12.94521,1.070309
1237665128011399283,2356597354640992256,587739406786494592,2.597246,0.07347444,9.044847,0.4463868,6.283298,1.070309
1237665128011464753,2356600653175875584,587739406786560053,8.775881,0.3313626,25.99903,1.937743,22.21327,1.08033
1237665128548597767,2356619344873547776,587739407323693063,9.647637,0.1770152,32.47906,1.062653,24.74691,1.134335
1237665128548597769,2356623742920058880,587739407323693064,1.390568,0.05514685,4.112822,0.4341137,3.15511,1.134335
1237665128548598078,2356620169507268608,587739407323693227,2.347283,0.03379828,5.713869,0.2238848,5.219119,1.134335
1237665128548598097,2356620444385175552,587739407323693249,2.642413,0.0232343,6.278124,0.1843746,5.502568,1.134335
1237665128548925484,2356663050460751872,587739407324020780,4.114294,0.1993662,13.94835,1.303576,9.844632,1.206905
1237665128548925553,2277772816843565056,587739407324020833,3.55339,0.1108621,7.457958,0.5482135,7.964115,1.206905
1237665128548990982,2277763745872635904,587739407324086280,1.737285,0.05601546,4.757597,0.3763015,4.060581,1.195478
1237665128563343628,2437713551763204096,587739407338438844,4.379623,0.09258503,12.11211,0.6662741,9.944127,1.258776
1237665129066070264,2188905056588294144,587739407841165563,15.24605,0.07533403,35.16987,0.4173691,33.68746,1.223253
1237665129087565860,2243930946959075328,587739407862661170,11.17647,0.02437307,25.05938,0.1157043,24.68687,1.242726
1237665129087565862,2243933970616051712,587739407862661271,5.366849,0.04277278,12.77134,0.3109722,11.5779,1.242726
1237665129087565950,2374624116784261120,587739407862661202,2.80368,0.0531378,7.5735,0.4368429,6.089163,1.242726
1237665129099559164,2435475494267807744,587739407874654439,2.267479,0.01492777,7.248415,0.09649122,5.743883,1.354741
1237665129099624455,2437674519100418048,587739407874719751,8.052761,0.05657255,26.59579,0.3621296,18.92453,1.363672
1237665129099624698,4450713207364145152,,4.046013,0.08045445,12.70281,0.5222767,9.822402,1.363672
1237665129624043700,2243971354011396096,587739408399138848,6.427417,0.2798298,14.94439,1.217336,14.5778,1.336919
1237665225702637928,2271066339344934912,587739504477733125,4.88861,0.02975231,15.41554,0.1673234,12.86327,1.4054
1237665226239508661,2357682298293348352,587739505014603915,7.056505,0.1026548,14.61322,0.4932916,15.25483,1.349678
1237665226239639720,2357666355374745600,587739505014734916,2.370063,0.07397235,7.67919,0.5171254,5.530372,1.371503
1237665227848613941,2377916880338839552,587739506623709259,2.569453,0.04652822,6.864107,0.3766035,5.575326,1.533196
1237665228378865701,2250724550083897344,587739507153961006,9.073695,0.02508934,27.61555,0.09201541,26.02822,1.366989
1237665228385157136,2377947116908603392,587739507160252450,7.150569,0.02962871,18.70782,0.1126179,19.0835,1.561856
1237665228385157137,7309481390181208064,,5.173069,0.1492305,17.60739,0.9409346,12.39339,1.561856
1237665228385157138,2377946567152789504,587739507160252429,1.651106,0.06095713,4.704856,0.5142115,3.556934,1.561856
1237665026522021948,2244039523732318208,587739305297117238,7.046483,0.04506453,23.58279,0.2944969,17.69044,1.543064
1237665026522022091,2244038699098597376,587739305297117333,2.377588,0.02356041,5.890872,0.1734058,5.186324,1.543064
1237665102219837516,2437593155239962624,587739380994932831,4.973998,0.06510415,14.61714,0.4380619,11.33364,1.120809
1237665127475708006,2378006490536503296,587739406250803370,7.798538,0.03252877,19.79767,0.1661173,18.9013,1.048225
1237665127475708179,2356683116547958784,587739406250803505,2.153632,0.01065818,5.112979,0.08477953,4.451748,1.048225
1237665128006680670,2250792444926912512,587739406781775975,4.372807,0.04027387,10.02017,0.3580081,8.825603,1.229232
1237665128012316791,2356674870210750464,587739406787412092,4.550029,0.0297488,10.43732,0.1999897,9.842745,1.138433
1237665128538701950,2364478652227282944,587739407313797249,5.344541,0.2150181,17.99815,1.35282,13.72719,1.193476
1237665128538832901,2364494045390071808,587739407313928198,6.809408,0.1759707,22.96734,1.022773,16.05908,1.174302
1237665179521187909,2393838362826926080,587739458296283182,12.95311,0.1432049,30.77114,0.8843402,28.87529,1.305203
1237665225693855918,2256372195485837312,587739504468951141,1.225932,0.007727775,2.877251,0.05612616,2.597072,1.289055
1237665225693921343,2256361750125373440,587739504469016652,3.112527,0.0288342,10.19753,0.1866919,7.743513,1.348733
1237665226775068788,2375778878854555648,587739505550164053,6.440464,0.03203693,17.95265,0.2690338,14.11787,1.517485
1237665227312857217,2357749368502642688,587739506087952525,8.900744,0.1900433,26.81515,1.038789,22.68293,1.53927
1237665227848548397,2377912757170235392,587739506623643665,17.30799,0.07876714,46.8603,0.6337386,37.0362,1.582884
1237665227848548548,2375751391063861248,587739506623643732,3.147586,0.04569578,7.096224,0.3563125,6.725334,1.582884
1237665231058895034,2483771816926013440,587739406805762069,5.920805,0.2692207,21.3709,1.56638,14.62421,1.257487
1237665231058895145,2483773741071362048,587739406805762110,2.159282,0.4528431,6.118412,-1000.0,4.915873,1.257487
1237665225693855754,2358765860677511168,587739504468951063,10.3462,0.1568852,34.74242,1.014615,25.94926,1.289055
1237665099004051581,2198971909721319424,587739377779146888,4.879786,0.05442896,12.50898,0.413919,10.6971,1.348208
1237665227313315992,2278904208470075392,587739506088411188,2.871081,0.01991311,8.30835,0.1373931,7.047084,1.412654
1237665226774347799,2369054272198305792,587739505549443091,12.35228,0.2102242,27.54646,1.190342,27.2805,1.287799
1237665226239574107,2357776306537523200,587739505014669321,1.953834,0.007924249,5.58587,0.04688933,4.897074,1.445895
1237665226239508564,2357768060200314880,587739505014603871,10.65272,0.0753959,27.56432,0.5365998,24.03595,1.349678
1237665226233479315,2219156471218726912,587739505008574575,6.398717,0.1566661,17.95052,1.137344,14.16311,1.673169
1237665226233413806,2219166366823376896,587739505008509087,4.309334,0.0843073,10.88648,0.8369595,8.34323,1.695724
1237665180058058906,2398255377373227008,587739458833154213,3.465242,0.01828825,7.023523,0.09708901,7.257099,1.360893
1237665127991279874,2184407229363415040,587739406766375163,1.950826,0.01097362,5.13859,0.06902799,4.560755,1.255546
1237665127991279712,2184409153508763648,587739406766375136,6.531099,2.505509,43.23569,-1000.0,40.87576,1.255546
1237665127991279710,2188830564675512320,587739406766375135,0.9368124,0.03105367,1.7467,0.1594855,1.844544,1.255546
1237665127991279701,2188826991262722048,587739406766374998,4.147004,0.1985947,12.99172,1.337812,9.843298,1.255546
1237665097926967479,2184395409613416448,587739376702062796,3.857072,0.02111736,9.051606,0.1402579,8.344635,1.206053
1237665097390162107,2184410527898298368,587739376165257438,2.708344,0.281779,8.646175,2.059437,6.49213,1.29894
1237665097389441200,2184268141142501376,587739376164536507,3.003361,0.01539799,5.909033,0.08435239,6.133065,1.268127
1237665230521958457,2483805901786474496,587739406268760411,8.41983,0.1220275,17.72375,0.7247246,17.01744,1.187094
1237665227312005135,2375783551778973696,587739506087100435,8.26847,0.4457721,25.99246,3.119646,19.27583,1.489224
1237665225703555117,2382475460916307968,587739504478650398,5.11617,0.02450914,15.54099,0.1521316,12.60673,1.264632
1237665225703489844,2382454570195380224,587739504478585052,2.632276,0.01428928,5.773693,0.08985351,5.5108,1.248687
1237665225703424149,2382467489457006592,587739504478519431,2.167645,0.04282638,6.994476,0.3003173,5.132418,1.288873
1237665129617031224,2370065541642610688,587739408392126529,2.927247,0.01062282,7.616034,0.05264655,7.246105,1.272896
1237665129616900136,2370069664811214848,587739408391995448,8.768524,0.1282656,25.06301,0.7615008,21.55171,1.260683
1237665127453753512,2184273363822733312,587739406228848795,2.944546,0.101442,8.54308,0.7910995,6.364374,1.319204
1237665127453753414,2184257970659944448,587739406228848694,3.066143,0.02884162,10.26795,0.1853142,7.37864,1.319204
1237665126939295886,2377944368129533952,587739507160252587,5.823562,0.0578099,14.63031,0.4312563,12.69599,1.107539
1237665126930055448,2361076209770588160,587739405705150653,4.347288,0.02209383,13.56426,0.1448473,10.56552,1.142886
1237665126930055405,2361074010747332608,587739405705150521,3.39924,0.0573553,10.07248,0.4271603,7.684043,1.142886
1237665126930055238,2361073186113611776,587739405705150546,8.047602,0.1343025,28.23451,0.7674544,18.93143,1.142886
1237665102756446380,2437718499565529088,587739381531541541,3.334044,0.1173133,10.75836,0.7389972,8.587991,1.124496
1237665102756380973,2437718774443436032,587739381531476276,2.454924,0.2434016,7.849186,1.706981,5.791473,1.133854
1237665102756249888,2437698708356229120,587739407338242225,5.287285,0.08407485,12.30051,0.4774688,12.3015,1.164905
1237665102223835397,2483774565705082880,587739385279283560,7.92933,0.02146785,17.86418,0.124568,16.9784,1.343342
1237665102219903137,2437591780850427904,587739380994998445,2.331742,0.03555549,6.45005,0.2538756,5.330445,1.096275
1237665102219903152,2442169316578191360,587739380994998317,6.46364,0.01746655,20.21299,0.1151964,15.34391,1.096275
1237665102219903237,2442166018043308032,587739380994998479,5.080395,0.03305913,14.55874,0.2652065,11.12754,1.096275
1237665129066070035,2188903957076666368,587739407841165347,3.774331,0.148721,11.76104,1.050249,8.785507,1.223253
1237665129066070261,2188905881222014976,587739407841165560,2.888846,0.01585532,6.351439,0.1143639,5.95656,1.223253
1237665129066135772,2188904781710387200,587739407841231086,4.118307,0.08932597,9.299996,0.591274,9.060155,1.215056
1237665180057993364,2393834514536228864,587739458833088679,5.76082,0.05233523,14.43597,0.2973321,13.72036,1.319232
1237665180057993389,2393829291855996928,587739458833088704,4.159692,0.05843195,8.323133,0.3155288,8.649959,1.319232
1237665225702572098,2271052870327494656,587739504477667490,6.060529,0.1636619,19.47264,1.090224,14.47268,1.415819
1237665225702637600,2271053969839122432,587739504477732884,6.722258,0.6828035,22.35662,4.681109,16.85089,1.4054
1237665225702637605,2357679274636371968,587739504477732937,5.295293,5.529844,25.7803,-1000.0,14.8527,1.4054
1237665225702637608,2357678724880558080,587739504477733034,1.590435,0.02224399,4.483271,0.1711689,3.606409,1.4054
1237665226233479173,2223739789834741760,587739505008574469,6.980341,0.1573056,23.77342,0.9492178,18.46001,1.673169
1237665228378931266,2250725374717618176,587739507154026582,5.646878,0.04925743,14.23408,0.4169372,12.6987,1.360364
1237665128012316718,2356675694844471296,587739406787412034,2.51244,0.05631429,7.836503,0.4016171,5.839184,1.138433
1237665128012316876,2356675145088657408,587739406787411993,4.182185,0.01494294,10.99224,0.08872452,9.796069,1.138433
1237665179521056969,2393827092832741376,587739458296152226,4.374013,0.03719603,9.277962,0.2125153,9.390553,1.268315
1237665179521187864,2393673985838573568,587739458296283333,2.29275,0.02225557,6.212723,0.1795188,4.989077,1.305203
1237665225693790314,2256373569875372032,587739504468885622,2.065085,0.01641257,5.483905,0.1223603,4.603256,1.302415
1237665101149176029,3340703705061156864,587745970538545443,4.655134,0.105288,15.24463,0.6041862,12.01088,1.22885
1237665231058895036,3341840050345240576,587739406805762070,11.34768,0.4682563,39.45937,2.687686,30.59978,1.257487
1237665101680673069,2431996640517711872,587739380455768301,6.817501,0.02087398,19.36507,0.1344523,15.99304,1.298602
1237665101680673013,2431994441494456320,587739380455768133,5.739453,0.01683287,15.35151,0.0892504,13.96383,1.298602
1237665101680672774,2432007360756082688,587739380455768207,13.55381,1.968145,57.55709,6.036535,34.71745,1.298602
1237665101680672773,2432007085878175744,587739380455768222,1.691102,0.05179042,5.303458,0.4017608,3.744491,1.298602
1237665101680607541,2432006811000268800,587739380455702756,5.002836,0.03282914,13.40606,0.19805,12.09441,1.326773
1237665101680607314,2432005986366547968,587739380455702639,6.56963,0.0714903,23.11039,0.4154741,16.31216,1.326773
1237665101680541765,2432015881971197952,587739380455637056,4.342823,0.03705969,13.86714,0.2462743,10.14121,1.380487
1237665127453753406,2582902698005260288,587739406228848682,1.695191,0.01358136,5.070585,0.1062793,3.853531,1.319204
1237665127453753361,2582902972883167232,587739406228848653,4.588862,0.0454798,15.3389,0.2887144,11.15352,1.319204
1237665372795437520,2441100596812474368,587739651570532805,3.932058,0.08156738,9.795506,0.627912,8.421004,1.456328
1237665370120847519,2361077034404308992,587739648895942817,2.388017,0.01374802,7.027242,0.09411588,5.648381,1.44098
1237665329860313136,2357785377508452352,587739608635408428,3.53465,0.02633058,9.171639,0.1195186,9.044125,1.569067
1237665329860313105,7313857996232347648,,6.740492,0.1862281,22.04082,1.127325,17.58111,1.569067
1237665329854087341,2223738415445207040,587739608629182595,5.369385,0.07041977,12.20138,0.5214913,11.28847,1.586559
1237665329854021699,2219169390480353280,587739608629117022,10.23728,0.04554921,21.44861,0.2512056,21.80259,1.533045
1237665440988528752,6773575294785966080,,3.594413,0.1190969,10.19719,0.7294768,8.586761,1.511953
1237665427567673463,4447559814021926912,,2.986961,0.06315131,9.837663,0.4116915,7.490952,1.393086
1237665372258828479,2440962058347374592,587739651033923785,7.480068,1.728441,22.46236,-1000.0,17.53736,1.345352
1237665372258762788,2441113516074100736,587739651033858247,4.520058,0.07230781,11.33517,0.5308263,9.9293,1.35049
1237665367967989859,7261125968202584064,,4.417036,0.1151651,14.28907,0.6251623,12.02728,1.347296
1237665367967989858,7256530009766252544,,6.385375,0.1399554,20.29104,0.9384767,14.99684,1.347296
1237665330395218003,2377935297158604800,587739609170313322,5.688818,0.05422537,15.97744,0.3162238,13.93547,1.654772
1237665330395152533,2375745893505722368,587739609170247740,3.238116,0.070867,10.12499,0.510595,7.394814,1.705943
1237665330395152439,2375743419604559872,587739609170247749,14.81263,0.164855,46.40661,1.185247,33.97319,1.705943
1237665329323376878,2357678175124744192,587739608098472111,3.546965,0.03596772,7.391025,0.1681325,7.739398,1.453017
1237665329323376833,2357677625368930304,587739608098472075,2.576729,0.08273005,8.54231,0.5470929,6.021459,1.453017
1237665329323376654,2357677075613116416,587739608098471942,4.880824,0.02438966,16.18225,0.1613997,11.25935,1.453017
1237665329323311234,2357677900246837248,587739608098406546,2.260032,0.01258947,6.911739,0.07325756,5.862343,1.472837
1237665329314529333,2256359001346304000,587739608089624624,4.07546,0.03412994,9.242075,0.2468076,8.529304,1.606381
1237665330932285522,2375751940819675136,587739609707380823,4.295091,0.05714268,10.21655,0.3534774,9.714547,1.774355
1237665330933465156,7314046562476511232,,5.214914,0.06416533,10.42967,0.2839283,11.18826,1.629792
1237665330933465219,2357745245334038528,587739609708560491,3.9676,0.02626887,12.55709,0.1656844,9.929268,1.629792
1237665330933465224,2357746344845666304,587739609708560495,2.646703,0.04696583,6.441895,0.3992048,5.503446,1.629792
1237665330933596220,2357757614839851008,587739609708691526,9.758571,0.1591959,24.17412,0.8904196,22.26475,1.625295
1237665330933989398,2278906957249144832,587739609709084696,4.88288,0.9068142,16.5907,-1000.0,11.67851,1.643161
1237665330933989419,2278909156272400384,587739609709084708,2.26792,0.02301635,6.838631,0.1671216,5.29491,1.643161
1237665330933989474,2278909431150307328,587739609709084774,3.657463,0.02231669,11.55613,0.1396584,9.056776,1.643161
1237665355084005428,1505343065278146560,587735665855234093,14.09449,0.2107795,37.76001,1.478367,31.52251,1.495316
1237665355084005737,1505342790400239616,587735665855168658,1.52313,0.01184725,3.959222,0.08888893,3.348077,1.495316
1237665428108935458,2472622764641511424,587739706884030550,4.431075,0.04890534,14.37226,0.3061546,11.13935,1.249873
1237665428108935669,2475870172603246592,587739706884030676,3.89573,0.02359663,11.31951,0.158546,9.106046,1.249873
1237665429181366769,2445509094455404544,587739707956461971,4.723287,0.09782961,11.15789,0.841926,9.932817,1.375975
1237665429705785489,2384779212083980288,587739708480880742,4.847003,0.03735629,15.62369,0.2562991,11.4129,1.346162
1237665429705785563,2384769041601423360,587739708480880788,4.163595,0.03030684,10.00481,0.1980122,9.184051,1.346162
1237665430242132103,2382485631398864896,587739607562322082,1.703787,0.01254099,4.101695,0.1161403,3.457557,1.489098
1237665441523630104,2399387598431741952,587739720298725419,7.101737,0.07137363,21.14767,0.5304581,15.86507,1.451418
1237665328777461782,2256382091090487296,587739607552557079,4.183671,0.1092781,14.86299,0.6643125,10.20766,1.701833
1237665328787357712,2382474636282587136,587739607562453006,6.390495,1.63459,14.26129,-1000.0,12.92103,1.658989
1237665329314660360,2256360650613745664,587739608089755716,6.695183,0.04060026,16.65654,0.2455283,14.97067,1.74789
1237665329323442227,2357673777078233088,587739608098537657,5.548456,0.114848,17.3501,0.6699916,14.24236,1.576414
1237665330395152577,2375737647168514048,587739609170247806,10.36606,0.04021906,24.3123,0.2830428,22.11424,1.705943
1237665330921078839,2228317601413490688,587739609696174139,2.59449,0.01765759,8.227613,0.1276956,5.930089,1.629758
1237665330921078933,2228315677268142080,587739609696174217,6.125612,0.04160332,14.23612,0.2573801,13.12699,1.629758
1237665330937266334,2393831216001345536,587739609712361602,4.871903,1.480689,16.3893,-1000.0,11.11932,1.640533
1237665331462602904,2250736369833895936,587739610237698186,5.962052,0.02127485,11.14565,0.09423462,12.27694,1.649689
1237665331462668473,2250723725450176512,587739610237763660,7.987807,0.09723719,18.18249,0.5344261,17.83644,1.678523
1237665355086757968,6795018520356999168,,2.818528,0.01376823,7.346986,0.07694692,6.826381,1.612042
1237665356156829886,1190207635484338176,587733410458042510,10.25078,0.05972984,25.97886,0.4611942,22.0411,1.543973
1237665367968055323,2230472369862895616,587739646743150617,4.038297,0.04779107,9.995305,0.2496912,9.623582,1.278557
1237665369043959893,7250854880566595584,,5.807906,0.07384819,11.90264,0.4707643,11.66994,1.305301
1237665370118226042,2372314872823179264,587739648893321341,2.797971,0.02369272,7.302166,0.1710131,6.192678,1.488308
1237665370118291481,2372300029416204288,587739648893386787,6.207826,0.04399595,20.5768,0.273037,15.05617,1.426534
1237665370118291482,2372298929904576512,587739648893386769,2.289546,0.0443485,6.650806,0.3286334,5.23111,1.426534
1237665372258697307,2441101971202009088,587739651033792630,3.534701,0.05204022,8.765628,0.3271462,7.727131,1.39674
1237665372258762795,2445548127118190592,587739651033858248,4.191294,0.01724271,9.595344,0.1435202,8.525015,1.35049
1237665372258828375,2440957935178770432,587739651033923677,6.755869,0.1578264,21.12932,0.9759995,15.40077,1.345352
1237665372258828656,2440959859324119040,587739651033923939,6.023764,0.05539634,11.82145,0.2846614,12.60235,1.345352
1237665427562496167,2403812033356130304,587739706337591442,3.701722,0.08464095,10.78877,0.480129,9.840874,1.322055
1237665428090454023,2264188619654719488,587739706865549316,9.114246,9.592525,24.24437,-1000.0,20.98915,1.290782
1237665428629422165,2227091371775256576,587739707404517388,2.755248,0.118505,8.271805,0.8431649,6.495963,1.166314
1237665428645871715,2477098607321311232,587739707420967062,26.85818,2.118516,70.89581,10.20075,65.6833,1.201599
1237665429171732700,2399417835001505792,587739707946828007,5.585119,0.03437398,16.21766,0.1547907,14.61646,1.423865
1237665440988463229,2403812857989851136,587739719763558489,9.833758,0.0509062,25.27639,0.2944313,22.81127,1.495148
1237665440998031492,2475879518452082688,587739719773126823,7.229792,0.08109702,25.41806,0.4729458,18.81944,1.470098
1237665440998031495,2475881167719524352,587739719773126825,1.3914,0.008606402,3.537848,0.07282697,2.925952,1.470098
1237665440998031805,2472601049286862848,587739719773127035,2.118624,0.01316974,5.916704,0.1030342,4.730921,1.470098
1237665441516421403,2264354096154699776,587739720291516646,6.313744,0.09695939,11.88354,0.3728152,13.72372,1.308971
1237665441518518285,2227096044699674624,587739720293613588,6.850329,0.0748901,23.09191,0.4761643,16.73979,1.432535
1237665441518518392,2227092471286884352,587739720293613670,2.091053,0.01625456,5.354852,0.1417631,4.345765,1.432535
1237665441518518400,2227093845676419072,587739720293613620,5.838104,0.4815614,11.67401,4.515929,11.50483,1.432535
1237665441523499143,2394805934149888000,587739720298594391,9.962862,0.1025601,25.47613,0.6400484,22.55438,1.280718
1237665329854152782,2219159769753610240,587739608629248032,9.403492,0.02729758,21.26841,0.1542337,20.43484,1.555252
1237665329860313106,2357775756781709312,587739608635408408,4.370994,0.04907885,9.179453,0.1893944,9.575688,1.569067
1237665330921013325,2364423401767987200,587739609696108637,8.347754,0.1714527,25.2025,1.206069,19.40139,1.612266
1237665330921013326,2228320350192560128,587739609696108638,10.27483,4.347433,24.05745,-1000.0,19.1306,1.612266
1237665370120782013,2361072911235704832,587739648895877324,5.305832,0.01672374,12.00699,0.1236952,11.03747,1.459486
1237665370120847399,2361062465875240960,587739648895942718,6.35852,0.02539099,18.0535,0.1270956,16.85147,1.44098
1237665370120847454,2361075385136867328,587739648895942786,13.30587,0.03256962,32.5243,0.1730712,30.69855,1.44098
1237665372795502845,2441112141684566016,587739651570598117,1.858404,0.04050688,5.369124,0.3247012,4.121961,1.448525
1237665372795502619,2441100871690381312,587739651570597904,16.11299,0.4484719,42.37642,1.885093,39.93808,1.448525
1237665331457163342,2372285735765043200,587739610232258597,4.902126,0.03612074,15.90397,0.2010652,12.75416,1.554185
1237665328786440241,2271061391542609920,587739607561535535,3.862384,0.04386906,12.5741,0.3018441,9.201988,1.534469
1237665330400395323,2393835064292042752,587739609175490637,4.173084,0.07760535,13.60314,0.5170012,9.868111,1.59317
1237665441516355626,2262041829996259328,587739720291450938,4.012177,0.1161119,13.36562,0.7193963,10.58173,1.327647
1237665429705719871,2382416911922128896,587739708480815182,2.506446,0.02276909,7.739961,0.1575801,5.958007,1.378166
1237665427567804598,2430986471641999360,587739706342899883,8.219678,0.0343796,18.06013,0.1896776,18.69013,1.429937
1237665372258959704,2445565994182141952,587739651034054987,4.163012,0.02024146,9.357437,0.1501914,8.639748,1.319871
1237665372257583417,2438840006710683648,587739651032678648,8.576024,0.06122162,20.34965,0.3619697,18.85642,1.416502
1237665369043959951,2355515704070924288,587739647819055267,6.271333,0.04751215,15.13655,0.2551307,14.51349,1.305301
1237665369043894558,2355495088227903488,587739647818989787,3.920209,0.07424305,8.078435,0.4722289,7.988121,1.31919
1237665369043894454,2355509931634878464,587739647818989704,2.463789,0.04697673,6.580802,0.3404736,5.51777,1.31919
1237665369043894382,2355511580902320128,587739647818989624,2.068104,0.05603067,6.539681,0.3982255,4.834905,1.31919
1237665369043894294,2355510481390692352,587739647818989589,6.338665,0.03906921,19.58366,0.266239,14.7268,1.31919
1237665355622187428,1318456324891109376,587733608552923628,5.025498,0.08779269,9.972099,0.5547971,10.11874,1.525242
1237665355622121537,1319643797549770752,587733608552923438,4.496892,0.03146452,7.862779,0.1182847,9.288692,1.435885
1237665355622121532,1318463196838782976,587733608552923224,8.191092,0.08115514,25.55063,0.4491442,21.64308,1.435885
1237665330921078958,2364413506163337216,587739609696174241,6.80265,0.04442514,15.43372,0.239707,14.92135,1.629758
1237665330921078921,2364426975180777472,587739609696174211,5.020651,0.03272147,10.74396,0.2620845,9.855762,1.629758
1237665328771563631,2240549119204550656,587739607546658901,10.67351,0.1039722,32.44531,0.6825183,25.9233,1.583085
1237665328771563577,2489509343326660608,587739607546658825,8.764408,0.04236045,18.3378,0.2082299,18.63983,1.583085
1237665328771563541,2240547469937108992,587739607546658853,3.268044,0.02553966,9.994545,0.1646039,7.875052,1.583085
1237665440981581946,2227110063472928768,587739719756677174,4.487865,0.03646125,9.625455,0.2639358,9.120111,1.492074
1237665440979550278,2264185046241929216,587739719754645586,3.705686,0.06174747,8.991172,0.4015293,8.115085,1.339496
1237665429705785479,2384782510618863616,587739708480880731,2.063495,0.02287312,6.195327,0.1773563,4.629993,1.346162
1237665429185495125,2487205593618606080,587739707960590421,3.318159,0.02521446,10.05665,0.1583758,8.195274,1.448828
1237665429181497364,2445499748606568448,587739707956592663,2.983209,0.0585613,9.626329,0.3903766,7.788185,1.570147
1237665428110639527,2474884191624390656,587739706885734785,6.600768,0.02835921,14.30229,0.1756779,14.12214,1.509497
1237665427560005800,2391568420668729344,587739706335101031,2.361414,0.009527158,7.003295,0.06701739,5.547705,1.315392
1237665355083940130,1505340316499077120,587735665855234136,7.435423,0.02706926,16.8257,0.1599079,15.96753,1.489546
1237665367967989860,2230469895961733120,587739646743085160,3.590791,0.1172721,8.262166,0.830345,7.474744,1.347296
1237665367967990027,2230471270351267840,587739646743085255,4.54323,0.07899565,12.41239,0.5348465,10.5389,1.347296
1237665372257255598,2434370216646436864,587739651032350828,6.038613,0.02737381,21.43694,0.1796507,15.89066,1.30897
1237665372258828586,2440961233713653760,587739651033923878,1.335243,0.005267656,3.60826,0.04305606,2.893564,1.345352
1237665372258828633,2440959584446212096,587739651033923702,1.584662,0.02805685,4.873601,0.2146571,3.600085,1.345352
1237665372258894034,2445547302484469760,587739651033989314,4.598352,0.08144692,15.61407,0.44841,10.9143,1.354504
1237665372258894093,2440958759812491264,587739651033989177,4.378922,0.05125847,12.10537,0.3622368,10.08264,1.354504
1237665427567542394,2430961457752467456,587739829281947882,4.52307,0.1511293,13.50422,1.014287,10.58162,1.356489
1237665427567673462,2430976850915256320,587739829282078792,7.7237,0.1303726,25.16365,0.8477057,18.73861,1.393086
1237665427567673685,2430977125793163264,587739829282078967,2.394729,0.02244189,6.81345,0.1704016,5.421261,1.393086
1237665428627324992,2264352172009351168,587739707402420304,6.333071,0.04562739,14.19882,0.3261902,13.57546,1.25144
1237665428633747529,2390294636833826816,587739707408842852,2.567304,0.09154157,9.090011,0.5349631,6.212677,1.230773
1237665428634402842,2394953543585916928,587739707409498137,5.105157,0.0552607,13.31587,0.3470548,11.87326,1.240423
1237665428645740683,2472619466106628096,587739707420836030,2.885362,13.40563,21.97213,-1000.0,13.55634,1.201605
1237665428645740684,2475896560882313216,587739707420836031,12.27858,3.858939,35.92665,-1000.0,30.89317,1.201605
1237665428645740687,2477089536350382080,587739707420836311,7.058022,0.03487707,21.30948,0.2182528,17.20063,1.201605
1237665428645740694,2472620840496162816,587739707420836036,0.8192319,0.01977181,1.520282,0.09612977,1.567571,1.201605
1237665428645806219,2475884466254407680,587739707420901783,6.861368,0.8373984,22.99701,5.438303,16.41869,1.192716
1237665429171798149,2399416735489878016,587739707946893338,8.617258,0.03736459,20.90967,0.1672108,20.70432,1.425819
1237665429171798222,2399418934513133568,587739707946893537,1.725186,0.01254524,4.547333,0.1014843,3.724514,1.425819
1237665429171798247,2399439275478247424,587739707946893407,11.19462,0.0964686,36.27847,0.6415767,27.86838,1.425819
1237665429171798248,2399439000600340480,587739707946893564,2.479759,0.01953121,6.362686,0.1104143,5.90579,1.425819
1237665429171863665,2399439825234061312,587739707946958966,1.681969,0.009500997,4.37451,0.06719048,3.767585,1.304612
1237665429705720018,2384767117456074752,587739708480815139,3.757003,0.02087056,9.364753,0.1642797,7.992009,1.378166
1237665440988463230,2403811758478223360,587739719763558465,5.4689,0.08602121,18.35446,0.5510389,13.59426,1.495148
1237665440988528754,2403798289460783104,587739719763624065,2.444106,0.01455408,6.063144,0.0980612,5.427776,1.511953
1237665441522778142,2394884824109180928,587739720297873442,7.134566,0.07945932,24.60758,0.4968335,17.83652,1.482155
1237665441522909366,2394887572888250368,587739720298004638,2.660913,0.01709912,8.266725,0.1088557,6.550815,1.396653
1237665441523564692,2399391171844532224,587739720298659974,3.152583,0.04953312,8.131792,0.3998515,6.700599,1.435363
1237665330921013420,2228319250680932352,587739609696108709,1.946024,0.01777547,4.489738,0.121627,4.235915,1.612266
1237665231058960601,2483769892780664832,587739406805762319,2.045578,0.02077743,5.455843,0.1433643,4.688957,1.313527
1237665331457163322,2372299754538297344,587739610232258636,4.283105,0.02825713,11.76998,0.1701458,10.17038,1.554185
1237665372795502891,2441113241196193792,587739651570598154,9.623706,0.06082027,17.33392,0.260102,19.04276,1.448525
1237665329311580311,2222527298286938112,587739608086675588,2.797743,0.0303079,6.761117,0.2573507,5.837945,1.70397
1237665329311580293,2260881837997975552,587739608086675575,5.646267,0.09363413,13.0444,0.6046518,12.19649,1.70397
1237665329311514810,2260879364096813056,587739608086610065,5.404139,0.13879,10.68419,1.265043,10.20031,1.752539
1237665329311514762,2260895032137508864,587739608086610037,7.532669,0.02187124,17.13426,0.1513904,16.0113,1.752539
1237665428633682107,2390449942851250176,587739707408777429,3.540908,0.01879881,7.211752,0.1162346,7.24084,1.214072
1237665356693635278,1190163929897134080,587733397572747408,1.946413,0.01393444,5.310939,0.1149998,4.24023,1.590102
1237665441516421312,2262008294891612160,587739720291516570,3.701202,0.01612097,10.53001,0.1152294,8.490166,1.308971
1237665441523630105,2399389522577090560,587739720298725458,6.693984,0.04516389,16.43417,0.4130674,13.45371,1.451418
1237665441523630238,2394799062202214400,587739720298725531,1.8936,0.01347065,5.221463,0.1043893,4.212491,1.451418
1237665536542179835,3340692160189065216,587739815317274825,10.37423,0.3792253,20.93021,2.714702,20.49102,1.174166
1237665536542179811,3340688586776274944,587739815317275022,5.32059,0.03292385,10.77009,0.1518673,10.96227,1.174166
1237665532260581636,2472640081949648896,587739811035676933,3.974433,0.04682322,8.700667,0.2205629,8.922339,1.153253
1237665548901286143,2473632116668131328,587739827676381413,1.474074,0.02412122,4.226182,0.1925469,3.251914,1.306064
1237665548887195714,2385845188137347072,587739827662290999,7.70804,0.04418711,25.60612,0.2833371,18.79746,1.659786
1237665548887195662,2385842714236184576,587739827662290959,6.077567,0.13486,19.78794,0.8943518,14.3183,1.659786
1237665548363956318,2473668675429754880,587739827139051618,6.744638,0.3767886,19.94679,2.503786,15.91084,1.464404
1237665548350193740,2381278912035448832,587739827125289043,4.455013,0.2148365,14.43822,1.497775,10.70637,1.735978
1237665548350128354,2381294580076144640,587739827125223605,1.702041,0.009323523,4.723977,0.08029545,3.598855,1.646491
1237665535471518151,2487202569961629696,587739814246613417,2.869125,0.09362896,8.893165,0.6501282,6.782909,1.341696
1237665532797059500,2475877594306734080,587739719773127005,1.857946,0.01397148,4.767486,0.103386,4.066589,1.122321
1237665532796993637,2477066446606198784,587739811572088944,4.094276,0.02743517,12.68887,0.1482092,11.12034,1.149394
1237665532796862921,2475889963812546560,587739811571958147,2.048731,0.07145799,5.926153,0.5174272,4.679298,1.129771
1237665532796862550,2475913603312543744,587739811571957865,4.322011,0.01209334,13.62461,0.08187128,9.90442,1.129771
1237665531723514229,2473656855679756288,587739810498609511,5.102097,0.04429229,11.78983,0.3110675,10.66089,1.173599
1237665531172684128,2381295129831958528,587739809947779336,3.033952,0.02169165,7.234782,0.1432075,6.661613,1.271762
1237665531172683959,2381297328855214080,587739809947779200,2.436355,0.02114409,7.215318,0.1475189,5.724463,1.271762
1237665442071970251,2475863850411386880,587739720847065446,1.490348,0.01509793,4.091998,0.1226882,3.228789,1.490989
1237665442071970090,2475875395283478528,587739720847065354,5.571411,0.1252443,18.16432,0.8422157,13.1583,1.490989
1237665442071969837,2475875120405571584,587739720847065314,6.413495,0.1264236,17.49793,0.8646843,14.72916,1.490989
1237665442071969834,2475862476021852160,587739720847065374,0.9759767,0.02482688,1.816813,0.142684,1.897947,1.490989
1237665442071969832,2475862750899759104,587739720847065139,3.652812,0.01998127,11.82965,0.1343586,8.853508,1.490989
1237665442071904291,2477095858542241792,587739720846999588,5.456714,0.2626727,16.73044,1.818951,12.92931,1.490666
1237665442070659313,2445500023484475392,587739720845754603,6.517806,0.1245312,16.83105,0.7539806,14.74227,1.472297
1237665531186053158,2472551021507799040,587739809961148715,2.527928,0.02688266,6.009287,0.147715,5.636606,1.205014
1237665531723317438,2472611769525233664,587739810498412721,10.23476,0.3222016,35.31802,1.945559,25.41943,1.17908
1237665531723317440,2472613143914768384,587739810498412722,4.659711,0.3389774,14.40989,2.305509,11.2985,1.17908
1237665532785066002,2391554951651289088,587739811560161312,10.63239,0.06026197,21.81041,0.279208,22.69447,1.290304
1237665532785066353,2391555501407102976,587739811560161624,6.343488,0.1496734,11.38403,0.3733258,13.92102,1.290304
1237665532792733919,2430957609461770240,587739811567829186,1.414672,0.01461753,3.694572,0.1131298,3.090565,1.128861
1237665548357075087,2420752495342020608,587739827132170392,1.892194,0.01363519,4.989028,0.1088476,4.125906,1.407091
1237665548357075115,2420752220464113664,587739827132170419,2.364977,0.09986202,7.187041,0.7725078,5.299885,1.407091
1237665548357075200,2420753869731555328,587739827132170477,2.255497,0.03031637,5.813782,0.2176037,5.062861,1.407091
1237665548357075217,2420753594853648384,587739827132170503,5.756617,0.07563423,20.72288,0.4429807,15.2869,1.407091
1237665548357140651,2420742874615277568,587739827132235951,4.589452,0.03114193,11.8377,0.2005682,10.21617,1.440427
1237665550499315738,2391557150674544640,587739829274411045,7.973619,0.04634091,24.76918,0.2742534,20.16127,1.559394
1237665550499315852,2391559074819893248,587739829274411129,4.46033,0.03331168,10.35705,0.1909066,10.13942,1.559394
1237665550499315867,2391555226529196032,587739829274411142,1.991814,0.02116541,4.872677,0.1737253,4.192355,1.559394
1237665442072035687,2475864400167200768,587739720847130983,5.186783,0.05433847,17.00123,0.2704624,14.21595,1.465889
1237665443131752459,2382416087288408064,587739721906847757,2.370858,0.1675352,8.066401,1.133364,5.662141,1.666583
1237665531172946006,2385846012771067904,587739809948041324,9.326395,0.05305876,26.70609,0.3436103,22.0567,1.153925
1237665531709816970,6761102160287780864,,5.082503,0.5421475,16.06539,3.55253,11.91934,1.06093
1237665531709817003,2381284409593587712,587739810484912305,3.259481,0.1185133,10.05377,0.6828374,8.398864,1.06093
1237665531713814595,2404970638147086336,587739810488909894,5.065573,0.02899762,18.11529,0.1317826,14.88775,1.202234
1237665531723514265,2472496320804317184,587739810498609548,4.793099,0.0553317,11.5647,0.3031768,11.24782,1.173599
1237665531723579578,2473647234953013248,587739810498674864,3.504184,0.1848483,7.1815,1.817058,6.719427,1.179426
1237665531723710531,2473649708854175744,587739810498805825,2.292916,0.04786402,7.41805,0.3155847,5.586506,1.212095
1237665531723710540,2473649433976268800,587739810498806095,5.713722,0.04855696,17.95089,0.3274984,13.77134,1.212095
1237665534931894341,2477103280245729280,587739721383805046,3.481829,6.540046,13.23797,-1000.0,7.698901,1.28205
1237665534931894451,2477101081222473728,587739721383805106,3.698274,0.1082346,12.97508,0.7755929,9.851962,1.28205
1237665534931894453,2476014208626485248,587739721383805107,2.997143,0.02729836,6.77177,0.2205035,6.223289,1.28205
1237665534931894614,2476014758382299136,587739721383805279,1.556626,0.01105734,4.467854,0.09157445,3.398355,1.28205
1237665534931894732,2477103830001543168,587739721383805351,3.09881,0.0341562,7.388779,0.2769324,6.470196,1.28205
1237665535465619491,4439614737228255232,,4.922497,0.4831672,15.31699,3.570832,11.38385,1.266925
1237665535465619524,4439625182588719104,,13.66243,0.1810313,37.5515,1.164161,32.02678,1.266925
1237665535465619526,2438831485495568384,587739814240714813,6.418649,4.306024,28.329,-1000.0,29.63525,1.266925
1237665535465619528,2438832310129289216,587739814240715040,1.376274,0.01082439,3.321172,0.06797398,3.091205,1.266925
1237665535465619850,4439625732344532992,,2.033907,0.041015,6.472351,0.2939545,4.613564,1.266925
1237665536003539140,2441118463876425728,587739814778634376,2.829806,0.01629755,8.589639,0.1033595,7.092531,1.280281
1237665548350128144,2381303925924980736,587739827125223456,7.398351,0.07559394,23.72,0.4677847,18.95485,1.646491
1237665548363956244,2473681869569288192,587739827139051543,4.891757,1.522078,10.91006,-1000.0,9.863219,1.464404
1237665548900958660,2473651083243710464,587739827676053933,8.180329,0.04238955,20.66189,0.2730131,18.51323,1.311174
1237665549437698092,2473729698325096448,587739828212793392,6.527157,0.06854644,21.94049,0.4005361,17.29581,1.384689
1237665549437960502,2473741243197188096,587739828213055792,2.566643,0.02935125,5.169707,0.1719021,5.248316,1.361094
1237665549437960520,2477035385402714112,587739828213055799,5.164363,0.1633949,17.49804,1.009244,12.38547,1.361094
1237665549437960610,2477013944925972480,587739828213055666,5.786242,0.07892457,16.13967,0.468944,14.13835,1.361094
1237665549439795426,2479340231468279808,587739828214890718,3.750448,0.0306169,10.21623,0.2343964,8.27375,1.706026
1237665549969588378,4453012292150513664,,10.34652,0.4292107,32.96199,2.910155,25.23772,1.345541
1237665549969588379,4447493293568446464,,15.7378,3.609009,39.80724,11.13516,46.54047,1.345541
1237665549974306948,2475889139178825728,587739828749402290,3.614252,0.03751193,9.826301,0.2820496,8.013494,1.479469
1237665549974306996,2475887489911384064,587739828749402354,5.074189,0.02222926,15.72427,0.1596021,11.55045,1.479469
1237665549974307055,2472590603926398976,587739828749402399,3.490897,0.06236935,8.491693,0.4293417,7.503888,1.479469
1237665549976142073,2474875120653461504,587739828751237358,3.695936,0.01242618,8.653842,0.08515699,7.937222,1.798097
1237665530643742759,3143669296748587008,587739809418838057,7.003312,0.03686421,17.27566,0.219368,15.80355,1.195719
1237665532259991737,2472605447333373952,587739811035087044,2.376406,0.1130413,8.389787,0.7271065,5.916049,1.108664
1237665532798828682,2478147267022841856,587739811573923953,5.859591,0.1302579,12.0757,0.649797,12.65616,1.148328
1237665536542245055,3340690236043716608,587739815317340339,2.829456,0.03268506,8.728435,0.1967137,7.161515,1.21745
1237665548887326900,6761067525671505920,,2.598882,0.01062343,6.273925,0.09390731,5.327425,1.638395
1237665549964214335,2400567918694787072,587739828739309646,4.813613,0.04141613,10.16481,0.2900201,9.799019,1.615843
1237665549964214340,2400568193572694016,587739828739309583,5.3437,0.1634443,18.76744,0.965833,13.25347,1.615843
1237665549964214368,2400569567962228736,587739828739309659,1.904381,0.01280169,5.514178,0.09647235,4.367886,1.615843
1237665549964214388,2400572041863391232,587739828739309675,2.963602,0.0185204,6.782222,0.1013531,6.663266,1.615843
1237665442059714582,2390447743827994624,587739720834809880,7.93124,0.1651806,27.60617,1.004279,19.69391,1.449804
1237665442059714750,2390448018705901568,587739720834809989,3.118426,0.0215941,6.700407,0.1530522,6.445635,1.449804
1237665442059780253,2390460388211714048,587739720834875558,3.82295,0.05194344,9.629391,0.3701172,8.359542,1.449525
1237665442060501049,2394961515045218304,587739720835596352,4.642974,0.06343989,15.05771,0.4297535,11.03266,1.475897
1237665442061025295,2399432678408480768,587739720836120591,3.596083,0.02158256,12.0268,0.1417284,8.879848,1.405314
1237665549969653903,2430919676310611968,587739828744749179,3.374971,0.02786663,10.48193,0.1922817,8.043463,1.356478
1237665549969588377,2427603002790537216,587739828744683657,6.663261,1.469604,27.00946,7.199653,18.34836,1.345541
1237665549439795565,2479294601735727104,587739828214890823,3.528881,0.07396938,10.13241,0.4690386,8.507463,1.706026
1237665549439795506,2479295701247354880,587739828214890569,7.437935,0.1829088,15.22699,0.9001203,15.16811,1.706026
1237665549439795241,2479297075636889600,587739828214890537,4.264927,0.04298752,14.26561,0.2797957,10.35106,1.706026
1237665535468765571,3340578360735590400,587739814243860607,2.618339,0.02152421,8.756568,0.1410474,6.336098,1.269259
1237665535468765536,3340583308537915392,587739814243860811,2.0265,0.01606973,5.587367,0.1244586,4.524801,1.269259
1237665535468765464,3340579460247218176,587739814243860803,4.269493,0.7810773,33.51749,7.851442,31.9311,1.269259
1237665535468765463,3341765283554551808,587739814243860565,8.167647,0.0487664,26.2255,0.3273394,19.82269,1.269259
1237665534934450552,2486026092066924544,587739721386361272,2.729744,0.04870568,9.398447,0.2984186,7.04963,1.379159
1237665534931894452,3340602275113494528,587739721383805345,2.016824,0.04501268,6.49728,0.3123417,4.913663,1.28205
1237665534931894343,3340611620962330624,587739721383805047,2.045841,0.4837523,4.924359,-1000.0,2.96988,1.28205
1237665532786835481,2400568468450600960,587739811561930776,4.611159,0.13532,14.30317,0.7884529,11.03393,1.235324
1237665532262351178,2486069247898314752,587739811037446483,8.093637,0.02460464,16.88043,0.1252186,17.35177,1.211013
1237665532262285668,2479341605857814528,587739811037380978,4.928512,0.03729509,12.09553,0.2715626,10.72842,1.2354
1237665531713814706,2405059698588936192,587739810488910004,4.255418,0.0601106,9.759858,0.323957,9.638396,1.202234
1237665531180679181,3143668472114866176,587739809955774482,3.98137,0.03625514,12.14433,0.2539595,9.339144,1.191104
1237665530650165636,2841921249968416768,587742616172822924,5.503755,0.04306364,13.49393,0.274849,12.3991,1.300933
1237665530635682059,2381338010785441792,587739809410777242,5.173542,0.01573135,11.62059,0.09606855,11.12871,1.182247
1237665442070528055,2443327932307892224,587739720845623367,6.284706,0.02672427,15.12202,0.1350303,14.3053,1.475108
1237665564998697111,3124539993096218624,587739843773792456,6.7198,0.2869531,19.34286,2.164258,15.19945,1.369824
1237665564998697048,3140212432174082048,587739843773792434,1.621489,0.01393056,3.950986,0.09114355,3.613134,1.369824
1237665564998697043,3124530097491568640,587739843773792327,21.46635,5.363876,46.0142,-1000.0,47.44697,1.369824
1237665564998697041,3140212157296175104,587739843773792326,8.906507,0.1040143,30.57163,0.6540158,22.58526,1.369824
1237665564998696981,3140217105098500096,587739843773792274,2.955846,0.006734137,8.491494,0.03732276,7.564016,1.369824
1237665548357075183,2418433350709569536,587739827132170464,1.245364,0.007294959,3.378905,0.06428343,2.6232,1.407091
1237665533324492861,2408371983810062336,587739706337722387,2.762096,0.009930693,5.610756,0.05131948,5.680881,1.3127
1237665532785066003,2396008524002912256,587739811560161342,4.39781,0.202309,11.9295,1.379997,10.01149,1.290304
1237665531723317784,2473721177109981184,587739810498413034,1.384951,0.01355017,4.155695,0.1046989,3.102504,1.17908
1237665531723317445,2473722276621608960,587739810498413039,1.416747,0.006922495,3.742372,0.05225718,3.121833,1.17908
1237665531186053150,2838549047302711296,587739809961148484,0.9012381,0.02519823,1.835546,0.1348208,1.903902,1.205014
1237665531179761770,2420743424371091456,587739809954857103,1.441228,0.01546523,3.934757,0.122894,3.15885,1.196731
1237665442070528252,2443350197418354688,587739720845623554,3.253949,0.04714812,7.621751,0.3493799,6.944832,1.475108
1237665442070593666,2443347448639285248,587739720845688862,3.512312,0.01550668,7.61774,0.09184138,7.419265,1.496578
1237665442070659095,2443348273273006080,587739720845754400,2.574957,0.4391243,8.325934,-1000.0,5.841437,1.472297
1237665530649641061,2838553720227129344,587742616172298362,5.716733,0.02293862,18.77622,0.1498389,13.86059,1.268384
1237665530649641419,2838547123157362688,587742616172298500,2.602249,0.04774158,7.118122,0.4073527,5.552234,1.268384
1237665531181138095,2427502672354502656,587739809956233407,2.521816,0.01864315,6.307044,0.110174,5.797792,1.220399
1237665531713814551,2404971187902900224,587739810488909850,2.66151,0.08306646,9.328254,0.5184014,6.57899,1.202234
1237665531713814804,2404963766199412736,587739810488910093,3.226222,0.03323399,7.676383,0.1640523,7.240758,1.202234
1237665532798763287,2478134347761215488,587739719774896169,10.12565,0.1886299,34.43483,1.103037,24.61778,1.13917
1237665532798763625,2478133523127494656,587739706885734655,5.238527,0.02019568,13.67949,0.1267782,12.2235,1.13917
1237665548363432038,2472560917112449024,587739827138527326,5.654185,0.0495547,15.49321,0.2983071,13.75248,1.281948
1237665548363956242,2472533979077568512,587739827139051541,1.188648,0.007954886,2.269669,0.03027578,2.458858,1.464404
1237665548363956317,2472532879565940736,587739827139051617,6.144196,0.1317404,17.59719,0.6998638,15.59227,1.464404
1237665548887195930,2385846562526881792,587739827662291122,2.949363,0.02231175,7.990507,0.1494917,6.781303,1.659786
1237665548887261266,2385890268114085888,587739827662356531,9.551113,0.09244876,30.43185,0.6086172,22.93621,1.688306
1237665548887261346,2385846287648974848,587739827662356582,3.534616,0.1366919,8.174106,0.6597658,8.433928,1.688306
1237665548887261380,2385889443480365056,587739827662356615,2.073548,0.01745709,5.620519,0.1407348,4.51486,1.688306
1237665548887261579,2385890817869899776,587739827662356602,3.734165,0.05304343,7.966926,0.5231073,7.173168,1.688306
1237665532260057112,2473690665662310400,587739811035152405,3.25851,0.3382584,10.61913,2.315833,7.622004,1.161449
1237665532260581838,2477016968582948864,587739811035677114,6.140369,0.03132505,17.43677,0.208624,14.34984,1.153253
1237665532260581889,2472651901699647488,587739811035676872,2.603961,0.04284592,8.337593,0.2752561,6.570851,1.153253
1237665534931894336,2476017232283461632,587739721383805040,6.182304,0.05184712,20.09735,0.3423992,13.69985,1.28205
1237665548887261391,2381285234227308544,587739827662356621,8.407144,0.02927817,21.17765,0.1581168,19.76152,1.688306
1237665548887326898,2385836392044324864,587739827662422183,4.020326,0.02028359,11.46459,0.1479211,8.961633,1.638395
1237665530649641205,2841865999509121024,587742616172298453,7.217099,0.02675832,17.6051,0.1552209,16.26937,1.268384
1237665530649706709,2838557843395733504,587742616172363795,1.285491,0.004807072,3.479517,0.03892487,2.797444,1.273448
1237665530650952005,2845294001903396864,587742616173609389,5.570134,0.06437669,13.34433,0.4796856,11.86894,1.315713
1237665530651082852,2845305271897581568,587742616173740156,14.64281,0.4307634,36.03141,2.788889,32.78656,1.281345
1237665530651083244,2845306371409209344,587742616173740488,6.138865,0.01956458,14.66177,0.1287722,13.58203,1.281345
1237665564998762503,3124540817729939456,587739843773857915,6.964028,0.1254738,20.58731,0.9107508,15.71996,1.379415
1237665566618616105,2841900359247489024,587739845393711452,3.83568,0.101052,10.94902,0.6190096,9.385365,1.208277
1237667141792497724,6502157274982928384,,5.400699,0.04583029,14.53939,0.400683,11.43075,1.551748
1237665567692292584,4584778035199496192,,5.128221,0.02224028,15.25765,0.1349785,12.48797,1.329464
1237665567692292430,2473641462516967424,587739827676316071,1.931524,0.06675664,4.914357,0.5112472,4.220446,1.329464
1237665567692292189,2473642287150688256,587739827676315871,4.588474,0.4994757,14.7221,3.622275,10.717,1.329464
1237665567692095954,2472490548368271360,587739827676184883,4.586843,0.02296518,9.844839,0.1491035,9.503695,1.342663
1237665567691965133,2473656305923942400,587739827676053871,1.949023,0.01774476,5.66716,0.1342297,4.451244,1.298783
1237665567691833453,2473679120790218752,587739827675922452,13.42722,0.734893,40.17558,5.42982,30.5041,1.2612
1237665567691833447,2838563890709686272,587739809961607309,6.253129,0.4954452,19.19108,3.603965,14.73016,1.2612
1237665567691833444,2473676097133242368,587739809961607308,2.350755,0.4196512,7.178473,-1000.0,5.594316,1.2612
1237665567154831489,2838562516320151552,587739845929926848,9.283822,0.07721032,22.43988,0.5630819,19.3783,1.135666
1237665567154897244,2473681594691381248,587739827138986241,6.005074,0.2987596,17.30084,1.816372,14.86233,1.159073
1237665567154962520,2838553995105036288,587739845930057817,2.269922,0.04885224,6.030371,0.3125126,5.254178,1.130893
1237667106885993079,2549064114022410240,587741490350719767,3.227134,0.07907082,10.90143,0.508572,7.988057,1.208804
1237667112257650760,6502188611064320000,,6.43567,0.17586,22.52314,1.0304,17.24337,1.074082
1237667112257650761,2574983451765663744,587741391032746120,5.973231,0.1711002,16.15671,1.390384,11.57086,1.074082
1237667112257650998,2574986750300547072,587741391032746304,1.887277,0.03083124,5.697194,0.2130578,4.535736,1.074082
1237667211038753056,2550270553021769728,587741532763390147,5.007576,0.02715567,16.94198,0.1722333,12.67679,1.035593
1237667211059658867,2489371354617374720,587741489834754166,7.538701,0.03337373,27.33497,0.1978721,19.55839,1.383478
1237667211059986461,2493926081652877312,587741489835081758,3.555562,0.3577679,11.79334,2.403205,8.537951,1.296979
1237667211585650886,6501038521784225792,,8.487725,0.05727128,21.98689,0.2681603,21.09407,1.15151
1237667211596071031,2489505495035963392,587741490371166352,6.925403,0.3561974,21.43439,2.408168,16.86959,1.321545
1237667253995503820,2569337184310028288,587741532770599048,2.572942,0.04828303,7.888351,0.3485914,5.895864,1.220817
1237665566082400802,2845275859961538560,587739844857495792,4.019631,0.04265567,11.91078,0.2961036,9.411694,1.198873
1237665567686525218,2427511468447524864,587739827133677861,7.296978,0.04269093,13.82506,0.1834056,15.20594,1.430915
1237665567686525238,2427507070401013760,587739827133677888,2.135618,0.02644932,4.382803,0.1388212,4.581936,1.430915
1237665567686525302,2427510094057990144,587739827133743289,2.913939,0.008211923,6.170586,0.05407702,6.056404,1.430915
1237665567691374612,2838549322180618240,587739809961148431,10.43124,0.1151681,33.49903,0.7570985,24.51735,1.334826
1237665567691374763,2472540576147335168,587739827675463899,4.18743,0.05881458,14.69548,0.3746611,11.10042,1.334826
1237665567691374881,2472549921996171264,587739809961148746,2.158663,0.02640873,6.415681,0.1809424,5.165352,1.334826
1237665567691374897,2472549372240357376,587739809961148762,9.732471,0.03003219,20.88251,0.2019746,19.31494,1.334826
1237665569297596730,6826518979106066432,,7.530465,0.04066709,17.105,0.2354067,16.39073,1.25546
1237667112793801028,2571690964246620160,587741391568896306,2.351591,0.01467263,5.476556,0.1108862,4.899186,1.038161
1237667141792170001,2574984001521477632,587741420567265300,6.660722,0.04578801,15.70319,0.3678248,14.3614,1.419995
1237667141792170057,2574984551277291520,587741420567265379,4.610129,0.02289174,9.012616,0.1245512,9.448986,1.419995
1237667142328320199,2571691514002434048,587741421103415448,6.634609,0.03908211,13.29436,0.2047837,13.91006,1.447023
1237667142330548371,2579468084968450048,587741421105643621,9.393978,0.1024795,26.12143,0.8383342,20.4031,1.314409
1237667142330548459,2579468909602170880,587741421105643528,2.474356,0.05483146,7.315796,0.3731563,5.889953,1.314409
1237667142330548478,2579468359846356992,587741421105643700,3.044069,0.04142924,7.334924,0.3599676,6.260717,1.314409
1237667209986113541,2491631675746838528,587741488761208838,6.462391,0.1575577,22.79939,0.9728473,15.76863,1.252787
1237667209986113724,2491629201845676032,587741488761208974,6.167755,0.3027177,18.74149,2.120752,14.48021,1.252787
1237667210504896599,5064330860532355072,,2.819828,0.08734324,9.283216,0.5624067,6.937446,0.9994664
1237667210523115598,2493925257019156480,587741489298210843,4.721511,0.09635036,13.90893,0.7776963,9.875415,1.259661
1237667211059462180,2491692423764273152,587741489834557471,7.903149,0.03507399,20.39049,0.2306046,17.80506,1.33566
1237667253461254252,2578353455273895936,587741532236349588,15.00005,0.04645028,38.79995,0.2361261,37.91267,1.278362
1237667253461254254,2578353730151802880,587741532236349583,1.835511,0.01442643,5.273706,0.09366017,4.365008,1.278362
1237667253472329733,2489372179251095552,587741532247425030,6.289779,0.1282334,20.98009,0.734551,16.87553,1.479753
1237667253472329735,2491670708409624576,587741532247425114,2.93003,0.01872245,6.984774,0.1277009,6.341349,1.479753
1237667253472329842,2489373003884816384,587741532247425125,5.012416,0.03709868,10.83559,0.2395681,10.24103,1.479753
1237667253472329902,2491661362560788480,587741532247425093,3.701202,0.08192172,11.2838,0.6132261,8.252311,1.479753
1237667253988229410,2549063564266596352,587741532763324734,5.048427,0.09662419,11.52145,0.5392869,11.542,1.425216
1237667253998256248,2578449662541326336,587741532773351554,11.16695,11.0512,52.91711,-1000.0,49.78173,1.196539
1237667253998256252,6501036322760970240,,7.553222,0.8462573,26.27471,5.262878,17.83935,1.196539
1237667253998256258,2578451036930861056,587741532773351488,7.220458,0.09984569,20.38913,0.5488886,17.64395,1.196539
1237667253998256261,2578462581802952704,587741532773351720,5.169565,0.08485483,13.00668,0.631524,11.36689,1.196539
1237667253998256264,2578452686198302720,587741532773351681,5.402511,0.07502203,14.75461,0.7547727,10.14439,1.196539
1237667253998256266,2578450487175047168,587741532773351694,2.667296,0.02315073,6.277956,0.1777354,5.559465,1.196539
1237667253998321769,2578464231070394368,587741532773417081,7.335281,0.2734229,19.8515,2.057393,16.14741,1.125761
1237667253998321822,6501023953255157760,,4.18417,0.03064724,11.77143,0.2241763,9.445962,1.125761
1237665566618616242,2841898709980047360,587739845393711248,6.683081,0.1367818,20.45342,0.8554729,16.43318,1.208277
1237665566619271198,2845261566310377472,587739845394366485,4.565602,0.07112721,15.52263,0.4264411,11.78157,1.18058
1237665566619271441,2845264589967353856,587739845394366719,2.816582,0.03168783,7.042722,0.2239028,6.183885,1.18058
1237665566619271478,2845262116066191360,587739845394366778,3.171014,0.04050837,7.807158,0.3165454,6.686529,1.18058
1237665566619336862,2845275585083631616,587739845394432179,1.650558,2.790429,5.494621,-1000.0,3.788176,1.198356
1237665566619337116,2845275035327817728,587739845394432359,1.862638,0.009321066,5.146185,0.06190118,4.354887,1.198356
1237665566619337214,2845273386060376064,587742615636672930,4.069791,0.03129551,9.514202,0.1721772,9.200929,1.198356
1237665566619468087,2845295376292931584,587739845394563423,7.692651,0.02861087,20.57174,0.1525762,18.77872,1.169902
1237667142330548370,2579467260334729216,587741421105643659,4.089285,0.04364221,11.50763,0.344456,8.780031,1.314409
1237667209986179154,2491628926967769088,587741488761274453,6.886891,0.02516672,13.04173,0.1403232,13.63225,1.262387
1237667211059331171,2489394719239464960,587741489834426496,11.12313,0.03719598,29.45367,0.1922595,26.12221,1.283491
1237667211582570791,2569370719414675456,587741490357666046,4.572141,0.02427961,8.886075,0.15884,8.892924,1.054163
1237665567145328741,3139120617094146048,587739845920424045,2.201577,0.07135467,7.278285,0.4874008,5.127092,1.357
1237665567145263330,3139111546123216896,587739845920358555,3.872649,0.02613828,8.401741,0.1500368,8.401552,1.362018
1237665567145263202,3139121991483680768,587739845920358599,3.247739,0.05928389,8.692485,0.3767745,7.588529,1.362018
1237667252917633097,2560379188922050560,588023047472218344,1.83068,0.03567686,5.759346,0.2640391,4.16833,1.199224
1237667252917567846,2558187587151882240,588023047472218380,2.302145,0.06090589,6.649187,0.4528264,5.273593,1.265156
1237667212130320477,2652753284946749440,587741490905415749,3.364305,0.03501403,6.902305,0.2103157,6.916019,1.152304
1237667210504897126,2558177691547232256,588023047472218382,2.798425,0.01768196,6.326766,0.1351161,5.809628,0.9994664
1237667210504896943,2558179615692580864,587741709936034120,2.787519,0.03699163,6.135358,0.2175231,5.889904,0.9994664
1237667210504896684,2560382487456933888,587741709936034181,1.370495,0.01040751,3.890901,0.08833339,2.924796,0.9994664
1237667210504896683,2558178791058860032,588023047472152775,8.029876,0.5079167,25.15518,3.448569,18.95011,0.9994664
1237667209987948561,2496125379803113472,587741488763043858,4.781416,0.06714017,13.07451,0.5551167,10.28929,1.187299
1237667209987883156,2497402737805780992,587741488762978427,4.108116,0.02440687,9.77697,0.1635503,8.925585,1.214863
1237667209987883063,2497404112195315712,587741710492762125,5.375566,0.01073321,11.36238,0.07037949,11.08413,1.214863
1237665567686525012,3144751211408812032,587739827133677736,4.736624,0.06642016,15.85234,0.3172974,13.64364,1.430915
1237665566081089760,2838432773948073984,587739844856184892,5.563071,0.04314771,15.42808,0.2591166,13.24104,1.135179
1237665565545202013,2845247547537123328,587739844320297336,5.474335,0.05134642,14.33411,0.3311257,12.39099,1.307499
1237667253995569192,2569329487728633856,587741532770664487,3.976757,0.0300472,12.99298,0.1521297,11.41372,1.254478
1237667253995503858,2569326738949564416,587741532770599100,3.546091,0.02539445,8.564454,0.1765118,7.644214,1.220817
1237667253995503633,2569328663094913024,587741532770598933,5.555365,0.2982288,16.38918,2.463101,11.14262,1.220817
1237667253995503631,2570540050802567168,587741532770598932,7.148597,0.3549794,21.99135,2.536734,16.64962,1.220817
1237667252935655564,2491630851113117696,587741531710750851,4.415383,0.05544098,10.63717,0.330554,10.00299,1.560942
1237667212140085266,2510927555175933952,587739721360867378,2.860761,0.03520346,8.978752,0.2431072,6.796839,1.161707
1237667212134055972,2494001123321473024,587741490909151277,2.68656,0.1086856,8.632626,0.7485257,6.728767,1.147396
1237667211585650986,2578460932535511040,587741490360746154,1.66492,0.06698691,5.330039,0.4789879,3.78959,1.15151
1237667211585650946,2578448563029698560,587741490360746238,2.645265,0.03139697,6.398124,0.2378765,5.634618,1.15151
1237667211585650917,2578452961076209664,587741490360746106,7.720284,0.02956735,19.64433,0.1167421,19.61617,1.15151
1237667211585585288,2578447738395977728,587741490360680576,4.526976,0.02414321,13.75174,0.154352,10.62343,1.129782
1237667211582767354,2569337734065842176,587741490357862526,5.358909,0.03029049,11.8236,0.2522955,10.3448,1.068289
1237667211060051979,2491633325014280192,587741489835147290,3.213284,0.02566809,10.44801,0.1352404,8.837438,1.246265
1237667211056447529,2652664499382806528,587741489831542828,3.691158,0.4890135,12.0718,3.277035,9.138568,1.244497
1237667211056382122,2652669722063038464,587741489831477347,1.653395,0.05484769,5.295946,0.3892634,3.721195,1.224117
1237667211050221621,2585132494349166592,587741489825316921,8.346513,0.01628839,17.45588,0.09336907,17.11269,1.201203
1237667211048583275,2578354554785523712,587741489823678587,5.000042,0.0582625,10.51775,0.2181113,11.61347,1.163443
1237667211048583184,2578350706494826496,587741489823678478,2.627683,0.5422233,8.182083,-1000.0,6.34871,1.163443
1237667143396753438,2344137406279608320,587739406220591156,2.857543,1.43235,6.355268,-1000.0,5.975901,1.62492
1237667143396753437,2344136581645887488,587739406220525824,3.405221,0.0373802,11.1181,0.256185,8.106185,1.62492
1237667143396688329,2554815659833845760,587741422171783615,2.557432,0.03121278,7.318989,0.2184606,6.01407,1.627775
1237667143396688238,2344135482134259712,587739376156213733,1.688389,0.02663282,4.980437,0.2120267,3.730992,1.627775
1237667112259092550,2579480179596355584,587741391034187860,3.96556,0.2421076,12.98485,1.554964,9.272289,1.036341
1237665566081941922,2841794256375408640,587739844857037217,6.723785,0.03001416,14.02473,0.1471046,14.03636,1.236026
1237665567685738553,2424119469824567296,587739827132956698,3.377766,2.827895,8.228813,-1000.0,6.926534,1.367079
1237665567685738559,2424120844214102016,587739827132956703,3.957142,0.7235047,10.99336,-1000.0,8.424616,1.367079
1237665567685738679,2424129915185031168,587739827132956816,5.489872,0.04640806,17.64337,0.3108987,13.33443,1.367079
1237665567685804219,2424118645190846464,587739827132956762,6.314777,0.03502854,20.05258,0.2520713,14.7826,1.419106
1237665567685804273,2424120294458288128,587739827132956892,2.520033,0.03712845,7.191516,0.2689745,5.786287,1.419106
1237665567692226797,2472477079350831104,587739827676315698,2.75226,0.1383403,9.20448,0.8650401,6.243965,1.327508
1237665567692227164,2472479553251993600,587739827676315925,4.265984,0.1850571,12.74565,1.142457,10.53197,1.327508
1237667112793800780,2571682992787318784,587741391568896086,5.705297,0.2118072,18.97596,1.297445,14.38623,1.038161
1237667112793800838,2571683817421039616,587741391568896124,4.240516,0.02337537,12.23022,0.100306,11.90975,1.038161
1237667112793800968,2571684367176853504,587741391568896253,2.236416,0.05505941,6.171941,0.4012609,5.129437,1.038161
1237667141792039082,2574998020294731776,587741420567134367,2.524194,0.01796305,6.618092,0.1159842,5.774624,1.365708
1237667141792432266,2575085706347046912,587741420567527573,1.998863,0.01327034,5.132061,0.1001384,4.380301,1.591173
1237667141792497682,2575083782201698304,587741420567592977,5.286188,0.0214699,17.36891,0.1418309,13.02676,1.551748
1237667141792497802,2575087080736581632,587741420567593096,4.214177,0.01898796,10.57398,0.1638676,8.626084,1.551748
1237667141792497831,2575084331957512192,587741420567593119,3.362101,0.05463777,7.831942,0.4157103,7.153358,1.551748
1237667212130254868,2652747237632796672,587741490905350165,4.264228,0.03166799,8.208823,0.1402331,9.403289,1.20596
1237667212130254979,2652748612022331392,587741490905350298,2.736446,0.03070249,6.905247,0.2274486,5.980209,1.20596
1237667253472067776,2491691874008459264,587741532247163033,4.336146,0.02965798,9.714288,0.1660831,10.04447,1.440877
1237667253472133218,2491697371566598144,587741532247228442,4.396497,0.1217144,13.22396,0.7354869,11.37446,1.440488
1237667253472198798,2489385098512721920,587741532247294053,4.764241,0.03815369,11.00682,0.2219021,10.64866,1.429736
1237667253472264286,2491666310363113472,587741532247359602,5.416505,0.04024247,17.67129,0.2691099,12.9545,1.417327
1237667253472264395,2491682253281716224,587741532247359680,2.823768,0.009676333,7.83577,0.07261886,6.450041,1.417327
1237667253472591937,2493939275792410624,587741532247687237,2.34664,0.04914532,6.580637,0.409843,5.045826,1.388992
1237667253472591986,2493939825548224512,587741532247687299,2.941879,0.01545573,6.715366,0.08695167,6.489843,1.388992
1237667253988229252,2549072910115432448,587741532763324554,3.196362,0.6675636,9.836821,-1000.0,8.393444,1.425216
1237667253988295147,2550270003265955840,587741532763390432,5.700632,0.1586397,12.75613,0.9035004,12.5377,1.392217
1237667253988295201,2550268353998514176,587741532763390482,3.302152,0.07465281,8.43135,0.4430656,7.361214,1.392217
1237665567146115211,3140236346551986176,587739845921210509,4.953467,0.275725,15.61859,2.0467,12.14621,1.324984
1237665567146115095,3140236896307800064,587739845921210538,3.037998,0.01409613,9.18941,0.1006289,7.075655,1.324984
1237665566073749695,3141292977226278912,587739844848845008,2.879016,0.05829334,7.461455,0.4885863,6.109613,1.320615
1237665566073749555,3142485397603379200,587739844848844853,4.307414,0.03397021,14.75065,0.2086596,10.87069,1.320615
1237665565541925108,3132408099260884992,587739844317020376,3.225462,0.02542784,6.968724,0.1610817,6.730869,1.219206
1237665565541924998,3132410848039954432,587739844317020310,7.761709,0.0418568,20.46974,0.2382754,18.79941,1.219206
1237665565541859681,3132410023406233600,587739844316954980,1.990692,0.0482247,5.975675,0.3346707,4.748226,1.229452
1237667253462892711,2585133318982887424,587741532237988027,5.128766,0.04751642,12.51242,0.3482096,11.11259,1.264436
1237667253462892551,2585148162389862400,587741532237987842,3.996759,0.1932214,10.33252,1.666318,8.440691,1.264436
1237667253999763470,2581864195951716352,587741532774858770,14.26092,0.04669776,34.6206,0.2741116,32.19628,1.234979
1237667212130255022,2652757682993260544,587741490905350202,5.352333,0.1531569,15.95132,1.127343,12.3719,1.20596
1237667253999763471,2585153934825908224,587741532774858771,1.859967,0.01904986,4.439466,0.1378507,3.996097,1.234979
1237667429026955403,7234070284604821504,,8.525669,0.03748304,20.06437,0.2696682,17.63698,1.128523
1237667254009201000,2491669608897996800,587741532784296212,2.858165,0.04985357,7.670867,0.3752386,6.349469,1.444301
1237667254009200666,7252031907663466496,,9.709114,0.2272854,28.50861,1.806339,21.16357,1.444301
1237667254008938698,2489384273879001088,587741532784033999,3.056363,0.03344052,7.423306,0.2597317,6.510671,1.434749
1237667254008938677,2489384823634814976,587741532784033983,2.23698,0.0184809,6.00981,0.1449436,4.899034,1.434749
1237667254008807579,2489397742896441344,587741532783902845,4.271107,0.03241687,9.506291,0.1836558,9.469362,1.495309
1237667254008807543,2489408738012719104,587741532783902814,4.667224,0.06145596,9.943921,0.3022025,10.22656,1.495309
1237667254008807460,2491700395223574528,587741532783902756,28.53312,15.39711,85.91063,-1000.0,166.5615,1.495309
1237667254008807454,2489504395524335616,587741532783902752,6.105722,0.1631896,19.41522,1.092058,14.72842,1.495309
1237667431181713603,2500727385687615488,587741709956808870,1.862999,0.01613919,4.862428,0.1232258,4.087578,1.368486
1237667431181713461,2500741954216683520,587741709956808787,5.073696,0.133227,17.74928,0.7927286,12.79447,1.368486
1237667254552690713,2510928379809654784,587741533327786151,2.927228,0.05441833,7.093593,0.4237944,6.154919,1.31131
1237667254552690963,2510930303955003392,587741533327786177,2.691717,0.037189,8.416883,0.2864879,6.129801,1.31131
1237667254552690986,2510928654687561728,587741533327786190,3.386937,0.03050455,9.862199,0.2035235,8.103103,1.31131
1237667255079796923,2652757408115353600,587741533854892236,3.355516,0.8826135,8.463208,-1000.0,10.20054,1.220877
1237667255079797055,2652754659336284160,587741533854892176,4.753502,0.089347,9.539582,0.3240316,10.83167,1.220877
1237667255619354751,2489510167960381440,587741534394450054,6.213887,0.1625425,16.8196,1.070525,14.51162,1.43458
1237667255619420207,2240547744815015936,587739607546724423,10.65822,1.234212,25.1447,-1000.0,24.01438,1.422572
1237667255619420399,2489509893082474496,587741534394515618,3.423798,0.04708054,7.134508,0.2438809,7.348615,1.422572
1237667292655648842,6514712602320588800,,4.598173,0.02357648,12.63539,0.1543435,10.39859,1.31018
1237667323787214944,2490659157661739008,587741602562310203,3.438786,0.1452059,10.59167,0.9975651,8.341138,1.244305
1237667323787214945,2490655859126855680,587741602562310204,1.045502,0.008009115,1.958706,0.03859223,2.153488,1.244305
1237667323787215123,2490659707417552896,587741602562310292,2.994706,0.06151579,7.856566,0.4269135,6.738447,1.244305
1237667429555437686,2572688770914609152,587741708330533012,6.604445,0.06434692,16.98769,0.4950124,14.353,0.9917465
1237667429555437726,2573865798112143360,588023046403522772,5.567307,0.07011651,13.76521,0.4254429,12.43025,0.9917465
1237667429555503396,2573863324210980864,587741708330598634,1.02206,0.008689388,2.871024,0.06844704,2.237918,0.982614
1237667429568020621,2492822721751181312,587741708343115928,4.548895,0.4438993,12.02966,2.89174,11.00005,1.170941
1237667429568086038,2490512647737337856,587741708343181347,3.991546,0.0838445,12.92086,0.5670006,9.473027,1.181543
1237667429568086039,2492814750291879936,587741708343181348,1.662051,0.07968786,4.305364,0.7337679,3.488501,1.181543
1237667429568086113,2490510448714082304,587741708343181437,4.505279,0.07534072,11.02302,0.4016035,10.46023,1.181543
1237667429568086156,2490512097981523968,587741708343181470,1.568191,0.06205654,5.056106,0.4409847,3.675861,1.181543
1237667430099976293,2644825255482255360,588023046948126734,6.483193,0.03137286,18.47076,0.1798948,16.19432,1.06707
1237667430105022483,2492818598582577152,587741708880117783,1.584907,0.02156317,5.229336,0.149679,3.572001,1.174147
1237667430105022513,2490664380341970944,587741708880117826,2.215325,0.02216237,7.186348,0.1415739,5.634798,1.174147
1237667430105022514,2492815300047693824,587741708880117827,6.003254,0.1237432,17.47727,0.9344414,13.46664,1.174147
1237667430105022648,2492805404443043840,587741708880117936,2.177822,0.02414759,5.612795,0.1914426,4.690815,1.174147
1237667430105022659,2492804854687229952,587741708880117943,2.116312,0.02326969,4.61942,0.1465917,4.575084,1.174147
1237667254005923865,2652673845231642624,587741532781019196,7.077873,0.5422998,24.65737,3.264389,19.09029,1.1878
1237667254005923866,7270182919922274304,,2.101032,0.01314981,6.650171,0.09034836,5.024241,1.1878
1237667254005923869,2652673570353735680,587741532781019312,2.552522,0.04353052,5.756191,0.2011417,5.741984,1.1878
1237667254005924101,2652666423528155136,587741532781019363,2.26961,0.04374469,6.796098,0.3107595,5.321098,1.1878
1237667254532046894,2569381439653046272,587741533307142202,2.923236,0.08766595,9.302933,0.6225184,6.73307,1.260148
1237667254532047008,5826714086994628608,,8.674685,0.02344057,23.04373,0.1528481,20.43948,1.260148
1237667254532112625,2569374017949558784,587741533307207913,3.907124,0.02154847,9.150877,0.1514052,8.333495,1.255371
1237667322176471252,2492823271506995200,587741600951566536,4.169161,0.03058521,10.28459,0.2198579,9.096929,1.149443
1237667323790164092,2500741404460869632,587741602565259340,2.427196,0.04018699,6.251184,0.2860903,5.377772,1.445569
1237667324328673314,2506341767389931520,587741603103768606,2.606579,1.012271,8.574894,-1000.0,5.923931,1.268329
1237667324328673395,2506357160552720384,587741603103768670,8.256975,0.04057079,28.03465,0.154941,27.31473,1.268329
1237667324335882422,2525494160014731264,587741603110977698,6.464008,0.03351407,14.67518,0.1819192,14.1549,1.146193
1237667429548163637,2553596575830009856,587741708323258934,8.59112,0.03981998,21.71206,0.2717776,19.01961,0.963903
1237667429559566380,2583975533222062080,587741708334661745,4.775057,0.225861,14.18847,1.696083,10.94193,1.051491
1237667429563105338,2644826080115976192,587741708338200629,13.80707,0.1093579,39.8538,0.6366945,34.21857,1.090642
1237667429563105342,2644818933290395648,587741708338200632,1.333508,0.01018952,3.437474,0.07758946,2.914201,1.090642
1237667430096437433,2583991476140664832,587741708871532595,10.44309,0.04207205,23.92025,0.2727272,22.31066,1.035342
1237667431178764407,2492858730756990976,587741709953859685,6.176115,0.02088453,14.17507,0.1108441,13.71064,1.291385
1237667254008873043,2489395268995278848,587741532783968278,7.881604,0.05954692,22.7877,0.4272448,19.18589,1.472798
1237667292114845769,2573864148844701696,588023045866651742,7.52847,0.01307617,14.53646,0.07163572,14.83791,1.199168
1237667293188653149,2572854522292496384,588023046940459118,6.530247,0.03362564,18.36382,0.2101882,15.44909,1.42168
1237667322179616791,2500683130344597504,587741600954712088,7.817484,0.08466316,25.86743,0.5252435,19.11128,1.39116
1237667322179616901,2500675158885296128,587741600954712170,4.410736,2.245327,15.21904,-1000.0,10.4064,1.39116
1237667322179616956,2500687803269015552,587741600954712217,6.373932,0.06729604,13.01244,0.3569846,13.5111,1.39116
1237667322179616989,2500675708641110016,587741600954712248,1.160317,0.005362458,2.869065,0.04290523,2.479743,1.39116
1237667322179682330,2500669661327157248,587741600954777644,5.770522,0.1131748,18.74678,0.7317685,13.89255,1.460267
1237667322713407696,2490497254574548992,587741601488502966,4.754419,0.0267108,12.05421,0.1678461,11.14397,1.190972
1237667323793899533,2512025142943574016,587741602568994827,13.78268,0.09636357,38.00564,0.6863534,30.93837,1.408164
1237667429026955516,2644750488691566592,587741707802050761,4.646234,0.08096999,12.04864,0.5604314,10.5556,1.128523
1237667430105677867,2495081668407224320,587741708880773154,15.09573,0.4744239,33.36444,3.764325,32.18034,1.141898
1237667323250213040,2490655309371041792,587741602025308299,4.796331,0.06749295,12.77031,0.3752794,11.83422,1.065653
1237667322172211267,2644755161615984640,587741600947306584,3.889566,0.06503399,9.60799,0.3272118,8.990178,1.255947
1237667254535127145,2578457634000627712,587741533310222432,5.170693,0.2671503,14.8307,2.11411,11.65265,1.155722
1237667254546530409,2493933778234271744,587741533321625720,2.254838,0.02218613,5.520042,0.158757,4.908017,1.372655
1237667254546595932,2493997000152868864,587741533321691235,5.619102,0.04221923,18.19563,0.2736693,13.61528,1.297702
1237667254546661738,2494004421856356352,587741533321756972,1.722497,0.009566297,4.38264,0.06337617,3.887787,1.345068
1237667429571493896,2500655917431810048,587741708346589192,9.894818,0.04070101,24.17409,0.3878927,19.02684,1.217462
1237667293189767184,2576089835240450048,588023046941573141,6.082948,0.7502813,20.06379,5.012245,13.74039,1.174828
1237667293189505427,2576112650106726400,588023046941311247,2.422526,0.02822277,5.536882,0.1666958,5.266648,1.218245
1237667293189505239,2576106602792773632,588023046941311118,9.086681,0.03996405,31.71033,0.2456656,24.96375,1.218245
1237667293189505124,2576111825473005568,588023046941311060,2.081925,0.02529063,5.620812,0.1871016,4.674491,1.218245
1237667430636978234,2644836800354347008,587741709412073483,7.286965,0.0256688,18.68611,0.1080167,18.2165,1.05442
1237667430630096945,2576112924984633344,587741709405192260,12.16803,0.06393011,39.94824,0.4018794,31.04464,1.080729
1237667430630096919,2576111550595098624,587741709405192220,3.093767,0.04707658,7.210267,0.2967754,6.712863,1.080729
1237667430093291527,2576097806699751424,587741708868386862,5.442878,0.1950058,19.83684,1.116222,13.84702,1.0165
1237667429563105341,2641382684575688704,587741708338200833,1.13625,0.008601735,3.089082,0.07064575,2.469115,1.090642
1237667323250934008,2495069024023504896,587741602026029091,1.701363,0.02512336,5.379042,0.188149,3.922031,1.282674
1237667323250933967,2495080019139782656,587741602026029237,5.478477,0.04919641,15.82288,0.398385,11.88039,1.282674
1237667322185121876,2517546888878647296,587741600960217155,3.359199,0.01014258,11.64338,0.05472564,9.42279,1.348681
1237667254526608028,2552481121803724800,587741533301702977,1.915676,0.1193996,6.201406,0.8359961,4.443065,1.086491
1237667254526608010,2553652376045119488,587741533301703226,3.691653,0.0630174,11.62466,0.4147498,9.01115,1.086491
1237667254526607590,2553655674580002816,587741533301702875,4.905344,0.3235656,16.33483,2.085677,12.08732,1.086491
1237667254526607541,2552476174001399808,587741533301702848,5.588094,0.8444538,19.17554,5.722534,14.30161,1.086491
1237667254016278711,2513027622854748160,587741532791373979,3.874982,0.04586896,8.882351,0.2930964,8.403092,1.4229
1237667254016278705,2515345118421084160,587741532791373976,2.544853,0.02020495,5.69819,0.1159729,5.599266,1.4229
1237667254016278686,2513028722366375936,587741532791373946,3.350599,0.02953843,6.806528,0.1339502,6.913768,1.4229
1237667254016278565,2513027073098934272,587741532791373854,3.658364,0.03614692,12.39424,0.2349712,8.728306,1.4229
1237667430642090054,2492871100262803456,587741709417185361,3.688681,0.01451293,8.319811,0.1054556,7.644929,1.270905
1237667430641697079,2490640191086159872,587741709416792288,3.959678,0.04632287,9.427987,0.3782886,8.197143,1.193981
1237667430641697017,2492840588815132672,587741709416792233,1.872236,0.02253082,5.861607,0.1619104,4.287476,1.193981
1237667430641696902,2492836465646528512,587741709416792143,5.974079,0.08834917,18.52012,0.6098573,14.1349,1.193981
1237667430641696794,2490644314254764032,587741709416792103,5.939403,0.269514,20.55475,1.787758,15.72421,1.193981
1237667430096371968,2584004120524384256,587741708871467077,1.888273,0.02790391,5.956139,0.2002776,4.498162,1.075614
1237667430096371963,2584006319547639808,587741708871467066,1.840514,0.009589627,5.512785,0.06791134,4.349191,1.075614
1237667430096371778,2584003845646477312,587741708871467095,14.17148,2.12483,49.78793,16.89358,38.21177,1.075614
1237667323787214943,2492859005634897920,587741602562310202,8.77996,0.1395626,25.64863,0.9267438,20.70856,1.244305
1237667323786952837,2492837015402342400,587741602562048140,6.170382,0.06859247,15.77021,0.4711905,13.9108,1.124364
1237667254552690942,2513135649872177152,587741533327786157,2.636783,0.03970092,8.276836,0.2745859,6.324606,1.31131
1237667254552690706,2513139223284967424,587741533327786000,11.17706,0.1251186,37.02501,0.8169917,26.52271,1.31131
1237667254552625190,2510918209327097856,587741533327720483,5.877371,0.0156702,14.22397,0.1498079,11.84719,1.274144
1237667324328738825,2506353037384116224,587741603103834123,7.952961,0.1540627,27.36,0.9628436,20.02794,1.406524
1237667324328738997,2506353862017837056,587741603103834261,1.986326,0.01292915,5.946245,0.09802865,4.495331,1.406524
1237667324328739025,2505196074763839488,587741603103834293,2.162402,0.04580529,6.661112,0.3189821,5.218915,1.406524
1237667324328739043,2505193600862676992,587741603103834307,2.246583,0.04956577,4.966714,0.3337159,4.696079,1.406524
1237667324334571534,2523256660143663104,587741603109666819,3.540099,0.0964248,11.21534,0.6821025,8.182645,1.262936
1237667324334571822,2523252536975058944,587741603109667079,1.988465,0.01960653,5.652587,0.1520584,4.427566,1.262936
1237667324334637085,2523294593294821376,587741603109732378,4.902328,0.1632038,15.84554,1.040711,10.79509,1.368913
1237667324334637189,2523267655259940864,587741603109732465,4.855888,0.03678436,15.05989,0.2546404,11.45841,1.368913
1237667324334637213,2523264356725057536,587741603109732477,2.652679,0.043161,7.311121,0.2887986,6.180174,1.368913
1237667324334637329,2522182431478409216,587741603109732555,4.14499,0.09887792,10.81743,0.4637201,10.48488,1.368913
1237667324334702748,2523287446469240832,587741603109797994,10.18607,0.07446472,31.28514,0.5248202,23.84163,1.369184
1237667324335882318,2525505979764729856,587741603110977658,6.445129,0.1278993,20.30038,0.8637478,14.66956,1.146193
1237667324335882319,2525505430008915968,587741603110977632,17.09668,0.09966474,46.05162,0.7894325,36.82219,1.146193
1237667324335948111,2525508453665892352,587741603111043318,3.676015,0.2170007,7.903958,1.832259,7.458441,1.124346
1237667429548098253,2550171871853176832,587741708323193271,2.986835,0.05769707,9.320591,0.3708782,7.256634,0.9499377
1237667429548163168,2553609769969543168,587741708323258471,2.680308,-1000.0,6.284618,-1000.0,5.630857,0.963903
1237667429548163563,2553609220213729280,587741708323258853,3.872272,0.04866119,13.15593,0.306832,9.791452,0.963903
1237667429548228801,2553596850707916800,587741708323324106,11.46933,0.8841951,25.87963,4.254838,25.94763,0.9731756
1237667429563105608,2644823881092720640,587741708338200843,2.3396,0.03661443,6.295292,0.2901204,5.10023,1.090642
1237667430636585008,2641498957930326016,587741709411680328,4.007861,0.04789687,13.29729,0.3228272,9.856979,1.053301
1237667254009200667,2489540404530145280,587741532784295964,3.811463,0.02839018,12.22728,0.1972788,9.095109,1.444301
1237667254009200738,2489538205506889728,587741532784295972,7.021923,0.3362186,22.13036,2.291357,16.2112,1.444301
1237667254009200956,2489536006483634176,587741532784296159,3.337108,0.02695564,8.558603,0.1869504,7.411484,1.444301
1237667254009266185,2493949721152874496,587741532784361477,11.33604,0.2432988,36.57207,1.560983,26.97226,1.399914
1237667292114911407,2572687671402981376,588023045866717385,3.547594,0.07131956,9.16002,0.4722689,8.060937,1.299776
1237667292114976785,2573842708367960064,588023045866782740,6.876854,0.2169756,20.31256,1.616695,15.51681,1.318647
1237667293188653097,2572844351809939456,588023046940459058,3.750565,0.02033707,10.81242,0.1539594,8.40775,1.42168
1237667293188653373,2573851779338889216,588023046940459334,2.689515,0.04816995,6.965814,0.3324259,6.091625,1.42168
1237667293188718632,2572855346926217216,588023046940524587,5.499038,0.06859167,18.85471,0.4342762,13.22913,1.370842
1237667293188718744,2573854528117958656,588023046940524715,4.412601,0.04003895,12.26203,0.2666492,10.20249,1.370842
1237667293188718767,2573851504460982272,588023046940524747,1.916396,0.04411883,5.417086,0.3094821,4.510275,1.370842
1237667322179551393,2500685879123666944,587741600954646695,2.041991,0.02817906,5.272691,0.2127753,4.486644,1.518656
1237667322713931949,2492775167873280000,587741601489027248,9.512051,0.2789891,26.86221,1.639459,23.50062,1.253486
1237667323793899767,2512022669042411520,587741602568994961,5.658943,0.07403938,10.95516,0.2386722,12.75566,1.408164
1237667323793965152,2514252479110080512,587741602569060477,2.191309,0.068082,6.632744,0.4976689,5.051366,1.385655
1237667323793965194,2512021569530783744,587741602569060506,2.723281,0.03286803,7.051363,0.2210398,6.124473,1.385655
1237667429026955404,2644751313325287424,587741707802050767,2.065343,0.03997037,5.365549,0.3194504,4.508542,1.128523
1237667431181713523,2500730409344591872,587741709956808816,9.508453,0.04086706,18.58337,0.227911,18.63341,1.368486
1237667254546661638,2491785332496820224,587741533321756870,3.826345,0.02218601,10.2144,0.143469,8.771513,1.345068
1237667292114911337,2743930287720261632,588023045866717303,2.741742,0.04358656,6.803589,0.293713,6.087348,1.299776
1237667321647923349,2516398176085239808,587741600423018639,9.662341,0.02850208,21.78186,0.2039753,19.39421,1.235598
1237667430105677981,2492905185123264512,587741708880773200,11.66253,0.03180583,25.40002,0.1942187,24.24007,1.141898
1237667431181779054,2500740579827148800,587741709956874370,1.959243,0.02313952,5.212765,0.1881921,4.21952,1.349313
1237667431181779025,2500741679338776576,587741709956874332,2.667784,0.01614386,5.638222,0.10066,5.588896,1.349313
1237667550342217758,2665054895530338304,587741829117313214,1.386038,0.01933044,4.044376,0.1444279,3.173648,0.9204885
1237667550342217757,2665055995041966080,587741829117313058,2.136934,0.01986386,5.591774,0.1018492,5.191789,0.9204885
1237667550342217756,7234010361221107712,,5.388697,0.07634234,16.94455,0.5147399,12.97745,0.9204885
1237667431717732432,2497401913172060160,587741710492827726,6.742908,0.06595179,15.3813,0.2953728,15.78925,1.5156
1237667431715766294,2492842512960481280,587741710490861762,2.302434,0.1341583,6.631644,1.076774,5.120593,1.497206
1237667431715766293,2491641021595674624,587741710490861761,3.101972,0.07831096,9.297288,0.5529882,7.23772,1.497206
1237667431715766292,2491640471839860736,587741710490861597,2.284205,0.1042623,7.320643,0.7462549,5.333344,1.497206
1237667431715766291,2492841963204667392,587741710490861602,10.70356,0.1103944,37.20624,0.6642357,27.89354,1.497206
1237667550347460634,2811437008264652800,587741829122555934,4.443639,0.1938569,11.21112,1.319551,9.955893,1.007568
1237667550347460633,2811448553136744448,587741829122555933,7.416219,0.1335192,23.90598,0.8410152,18.80069,1.007568
1237667539085492369,2788966287517181952,587741817860587545,3.007205,0.032281,10.07211,0.2081679,7.540191,1.04765
1237667444585594903,2523265456236685312,587741723360690227,6.199661,0.5423447,20.87401,3.64884,14.76828,1.070449
1237667444048658523,2522170336850503680,587741722823753842,4.672646,0.07050436,13.57952,0.5094889,10.62491,1.084922
1237667444586971212,2525516700003100672,587741723362066541,3.450411,0.01985086,8.642625,0.1742057,7.115434,0.9926335
1237667486455300163,5964126101727105024,,5.374058,0.04459812,16.41692,0.2833508,13.18795,1.522943
1237667536938139700,2788883824145098752,587741815713235025,13.3342,0.3006655,47.58792,1.821756,34.9163,1.048847
1237667537473568925,2665068364547778560,587741816248664083,3.531118,0.0371225,10.89246,0.2125147,8.980508,1.02369
1237667537475010658,7235258307522613248,,5.088518,0.04468417,11.75105,0.350645,10.53552,1.039067
1237667538009849988,2664015306917177344,587741816784945262,3.535199,0.01903801,7.959043,0.1340359,7.418613,1.028025
1237667538009850037,2664010359114852352,587741816784945307,1.935028,0.02445487,5.490279,0.1534372,4.725206,1.028025
1237667538009850042,2664009259603224576,587741816784945313,4.075711,0.05056182,10.06275,0.3026768,9.337736,1.028025
1237667538009850089,2664012833016014848,587741816784945336,3.284359,0.01533222,6.643171,0.1085175,6.374389,1.028025
1237667549272080451,2802436126218938368,587741828047175765,9.347018,0.1355942,27.12997,0.8029937,23.04631,0.9903848
1237667549272080652,2802434476951496704,587741828047175800,10.07673,0.06117926,23.44904,0.3900009,21.65574,0.9903848
1237667549272080722,2802435026707310592,587741828047175953,1.587093,0.01818749,4.32445,0.1577307,3.429672,0.9903848
1237667549272145983,2802425131102660608,587741828047241286,4.816226,0.02038907,14.28123,0.1435027,11.52909,0.9872498
1237667550348574796,2820460420316293120,587741726037245954,3.583653,0.03695796,11.6212,0.2556867,8.442201,1.04979
1237667441898881046,2516401474620123136,587741720673976427,2.34074,0.02459671,5.5433,0.1525059,5.171944,1.452727
1237667441898881133,2516400649986402304,587741720673976367,1.692135,0.02645966,5.17438,0.2081378,3.631927,1.452727
1237667442435751975,2516414943637563392,587741721210847254,7.98904,3.687696,38.8783,-1000.0,31.36353,1.489247
1237667442435752104,2516415218515470336,587741721210847310,7.750884,0.02007348,22.91043,0.1331053,18.2032,1.489247
1237667442435752170,2516414119003842560,587741721210847366,3.060173,0.02394558,8.492723,0.1637048,7.069861,1.489247
1237667442972688529,2516406422422448128,587741721747783811,6.763669,0.2170528,18.63271,1.39946,15.79193,1.401534
1237667444042891394,2506367605913184256,587741709958578386,5.481713,0.07775851,14.09455,0.68347,11.61766,1.233072
1237667444048593040,2523279200132032512,587741722823688327,2.462054,0.0386377,7.08218,0.2743928,5.667634,1.060035
1237667444048723983,2523290745004124160,587741722823819271,15.50929,0.1710379,47.9762,1.059786,38.16121,1.092855
1237667444048723989,2522181606844688384,587741722823819274,23.36087,3.705852,40.63692,-1000.0,44.91558,1.092855
1237667444048724004,2523291569637844992,587741722823819287,4.353316,6.542833,14.02696,-1000.0,8.14689,1.092855
1237667444048724176,2522191777327245312,587741722823819409,4.341628,0.0505215,12.61698,0.2897687,10.83909,1.092855
1237667444048724303,2523292394271565824,587741722823819521,2.600549,0.02643619,6.448899,0.1666566,5.827682,1.092855
1237667444585791491,2523297616951797760,587741723360886786,5.135473,0.01862922,11.13466,0.08725506,11.24461,1.1204
1237667485382737964,2743991860371417088,588023239134543912,5.64178,0.1304782,19.88598,0.7852367,13.88414,1.638557
1237667485919543360,2743984163790022656,588023239671349320,4.455771,0.02616813,13.43361,0.2041999,9.979644,1.665249
1237667536398909508,2663945762806720512,587741815174004813,3.435156,0.05211107,10.59601,0.3861154,7.576232,1.11606
1237667536398909593,2663958132312532992,587741815174004881,4.927929,0.05115575,10.05074,0.2160922,10.96159,1.11606
1237667536920707358,2722457924235454464,587742010042744916,10.09018,0.3670304,27.29526,2.692893,22.81033,1.301708
1237667536920707762,2722458473991268352,587742010042745120,3.57743,0.05014198,7.921714,0.3116084,7.764529,1.301708
1237667537465704588,2743980865255139328,587741816240799826,11.2316,0.1759902,28.35247,1.480529,23.32496,1.104129
1237667537465704591,2743980315499325440,587741816240799878,2.045323,0.1136545,6.35987,0.8101928,4.848044,1.104129
1237667538550456387,7226250558847602688,,7.455892,0.07168708,23.72594,0.4638519,18.03903,1.106281
1237667538550456390,2799114501910194176,587741817325551695,7.290489,5.757778,34.75335,-1000.0,21.42152,1.106281
1237667538550456457,2799115876299728896,587741817325551737,2.014749,0.02394347,5.470109,0.1846956,4.397281,1.106281
1237667538550456486,2799122198491588608,587741817325551769,2.329028,0.04747054,6.668627,0.3460179,5.322736,1.106281
1237667538550456490,2799123298003216384,587741817325551774,2.27673,0.01566407,7.137653,0.103567,5.639386,1.106281
1237667549269721194,2788880250732308480,587741828044816508,8.026151,0.0226815,16.43316,0.1624534,15.8126,0.993389
1237667550347591793,2811424638758840320,587741829122686990,3.349186,0.0177398,9.105029,0.08534922,8.597995,0.9817548
1237667550878302344,2664008709847410688,587741829653397820,9.12302,0.0289331,21.2144,0.154149,20.33857,0.9470265
1237667551956435111,2802455642550331392,587741830731530308,7.183057,0.03256022,18.64327,0.1756826,17.38638,1.301085
1237667730193711133,2723694055971121152,587742008968806432,9.791867,0.04082279,23.14076,0.2494214,21.3192,1.628206
1237667733966487717,2810253659277912064,587742012741582968,6.124707,0.07872386,15.21274,0.7229384,12.44156,1.225585
1237667431717666856,2497405486584850432,587741710492762160,8.41742,0.1218751,26.04008,0.8355638,19.91578,1.430223
1237667539085557931,2788980306290436096,587741817860653252,10.32624,0.08140991,25.53231,0.6988091,21.32139,1.090487
1237667539085623427,2788976457999738880,587741817860718722,4.694151,0.01235018,11.21809,0.07971586,10.39088,1.037505
1237667549810720966,2811424913636747264,587741828585816260,5.331511,0.02585218,11.96543,0.1514631,11.64227,0.9961425
1237667550882103302,2799114776788101120,587741829657198596,2.252976,0.03742969,5.652493,0.2152463,5.170167,0.9992788
1237667550342152307,2665069464059406336,587741829117247656,3.722718,0.05007125,8.622742,0.3303975,8.015609,0.9101008
1237667444044922941,2512033114402875392,587741722820018244,4.378067,0.038948,14.66821,0.2616656,10.8176,1.16703
1237667733971337221,2978087792082446336,587742012746432519,7.779325,0.05774808,25.85091,0.3752248,18.84181,1.146775
1237667730730647698,2723673440128100352,587742009505742924,3.779423,0.03385515,10.32384,0.2639082,8.283621,1.541711
1237667730730582135,2722437583270340608,587742009505677361,6.147391,0.02316029,14.47146,0.1852128,12.5562,1.578874
1237667551422316593,2820468391775594496,587741727379357815,3.670557,0.01870574,12.79274,0.08621123,11.00996,1.217672
1237667550347526220,2806877332889954304,587741829122621563,5.518822,0.3074257,16.56155,2.096218,13.29252,0.993745
1237667549267362092,2662758565093074944,587741828042457367,3.31544,0.03072879,7.535388,0.2491755,6.724705,0.9565902
1237667536399761571,2675229226495404032,587742062672478312,2.982851,0.03292708,8.16367,0.2183162,6.936718,1.103894
1237667536399761464,2675231150640752640,587742062672478246,8.231766,0.171905,27.67652,1.067098,19.82381,1.103894
1237667536398975190,2673029653400152064,587741815174070465,4.774948,0.1943806,11.14542,0.878173,11.30537,1.081501
1237667448340480021,2992733012505946112,587741727115575316,6.904736,0.1194218,21.89796,0.8037888,16.4093,1.126296
1237667448340414589,2991684353290954752,587741727115509893,5.452311,0.07271459,11.63361,0.225023,13.90628,1.146331
1237667447802429784,2990525467733288960,587741726577524960,2.834025,0.01886261,7.855224,0.142115,6.352954,1.390824
1237667447802429720,2990521894320498688,587741726577524773,3.72172,0.07665029,11.05171,0.5014479,8.912963,1.390824
1237667447802429573,2990527391878637568,587741726577524815,7.947736,0.05638123,27.997,0.333756,20.03613,1.390824
1237667447802364094,2989438870333974528,587741726577459395,3.060993,0.05203154,8.626314,0.362871,7.156021,1.27209
1237667442435817550,2517575201303062528,587741721210912840,7.682801,0.2192555,25.73806,1.260262,20.00869,1.472503
1237667442435752133,2517575751058876416,587741721210847331,3.251947,0.02335271,8.98091,0.1853835,7.118884,1.489247
1237667442435751974,2517576850570504192,587741721210847253,8.66868,0.2608079,27.72679,1.706112,21.30356,1.489247
1237667441898881043,2517590594465851392,587741720673976340,10.59654,0.1057269,35.16613,0.6772221,25.76943,1.452727
1237667441898881034,2517594167878641664,587741720673976332,2.323928,0.01402671,7.294609,0.100812,5.41321,1.452727
1237667733988573424,3127762386866432000,587742578069471432,6.900456,0.04161952,14.22784,0.2005055,15.15883,1.024219
1237667733988573355,3127751666628061184,587742012763668584,2.997057,0.08570975,9.312672,0.5886847,7.059832,1.024219
1237667733988573256,3112153994609321984,587742012763668552,10.80562,0.3100266,36.22358,2.029149,26.84957,1.024219
1237667731267715534,2723696804750190592,587742010042810761,2.34847,0.01046807,7.378508,0.07680511,5.366593,1.469425
1237667731267715317,2722446379363362816,587742010042810554,7.218074,0.08969809,16.28198,0.554978,15.42066,1.469425
1237667731267584194,2722455450334291968,587742010042679478,4.484097,0.1030908,9.68556,0.4214074,10.5461,1.536499
1237667730196005305,2729276556567406592,587742008971100538,1.922322,0.011275,5.399139,0.08008654,4.485925,1.337502
1237667730195939677,2728203153324402688,587742008971034965,4.661733,0.0604125,13.04443,0.3538525,11.55946,1.436024
1237667730195939631,2728203428202309632,587742008971034928,1.741005,0.006629399,4.171994,0.04763085,3.736888,1.436024
1237667730195939406,2728200129667426304,587742008971034714,7.189186,0.07219003,24.56327,0.4341605,18.55762,1.436024
1237667549273260198,2806893825564370944,587741828048355507,1.912521,0.03683458,5.811728,0.261174,4.420337,1.014181
1237667549272539209,2802369605765457920,587741828047634503,5.03014,0.03225037,15.06609,0.2158688,12.10043,0.9840058
1237667536938139658,2788895918773004288,587741815713234950,5.577666,0.02728036,13.58172,0.1995254,11.93429,1.048847
1237667536935846082,2663950710609045504,587741815710941296,4.305288,0.01063107,10.30398,0.06988433,9.380358,1.090268
1237667486455300339,2741693605855913984,588023240207106058,3.256455,0.01137599,10.20173,0.07796092,7.644456,1.522943
1237667486455300167,2741693056100100096,588023240207106239,3.357304,0.0242602,7.529165,0.1402085,7.239643,1.522943
1237667486455300164,2741695530001262592,588023240207106211,1.974019,0.008443382,5.654411,0.06566153,4.433669,1.522943
1237667486455300162,2741697729024518144,588023240207106090,8.467689,0.1411753,29.47776,0.8559757,21.62556,1.522943
1237667486455234693,2741682060983822336,588023240207040666,8.613097,0.04631468,21.57178,0.3345594,19.07219,1.534077
1237667486455169243,2741682885617543168,588023240206975201,5.895413,0.04817127,17.61481,0.2810452,14.97711,1.436655
1237667537465704593,2746189783226148864,587741816240799896,14.24533,0.1505166,39.09274,1.124895,31.82647,1.104129
1237667537465704602,2743979215987697664,587741816240799897,2.749954,0.09411028,5.07349,0.2574566,2.970267,1.104129
1237667537465704607,2743978666231883776,587741816240800013,2.415834,0.04086633,5.940769,0.2700667,5.374831,1.104129
1237667549267492876,2673033776568756224,587741828042588179,8.054564,0.06421538,25.71699,0.4308165,18.82937,0.9424228
1237667549269786810,2788879975854401536,587741828044882059,4.462499,0.06850702,10.16087,0.4156844,9.808489,0.9457159
1237667549269852207,2790103732950427648,587741828044947503,10.95583,0.07834018,27.87527,0.5959677,23.79368,0.9404119
1237667549272014990,2802444647434053632,587741828047110291,6.521315,0.06754036,15.86858,0.3994462,14.39086,1.019488
1237667550348509249,2820456572025595904,587741726305615919,6.603165,0.1808909,22.20557,1.160752,15.26833,1.074011
1237667550348509406,2820459595682572288,587741726305616023,2.711739,0.03673147,7.184943,0.2622893,6.070063,1.074011
1237667550878367898,2664009809359038464,587741829653463198,4.379347,0.05807019,8.079784,0.2819594,8.76468,0.9357892
1237667733966487677,2810252559766284288,587742012741582989,7.906137,0.05356766,21.95219,0.3005269,18.51918,1.225585
1237667431717732380,2498462941892864000,587741710492827677,4.620876,0.03792331,14.43739,0.223885,11.67032,1.5156
1237667539085557903,2788977007755552768,587741817860653219,2.137069,0.0700145,7.075146,0.4767031,5.029881,1.090487
1237667539085557915,2788980581168343040,587741817860653236,2.431993,0.08764763,7.534229,0.6631096,5.492231,1.090487
1237667549810851923,2811421340223956992,587741828585947230,5.767514,0.1837341,11.88028,1.225099,11.92272,0.9811901
1237667550881841220,2799098284113684480,587741829656936529,3.352964,0.04863989,11.32311,0.3101344,8.159537,1.114174
1237667550881841314,2799101032892753920,587741829656936476,3.313349,0.07629403,10.24336,0.555464,7.690599,1.114174
1237667550881841346,2799102407282288640,587741829656936643,1.417341,0.009466978,3.787996,0.07729547,3.060625,1.114174
1237667550881841386,2799099933381126144,587741829656936554,1.791939,0.01802232,5.304801,0.1264813,4.217171,1.114174
1237667550881841390,2799099108747405312,587741829656936688,2.790701,0.03509296,6.625731,0.290409,5.824508,1.114174
1237667550342086696,2664053240068335616,587741829117182020,7.004951,0.1159288,22.58009,0.7676939,16.22976,0.8776101
1237667550342086697,2665066165524523008,587741829117182022,7.153936,1.730292,29.74389,7.441982,21.99167,0.8776101
1237667550342086823,2665067539914057728,587741829117181957,3.462651,0.03911223,11.22316,0.2691196,8.396539,0.8776101
1237667550342086875,2664052415434614784,587741829117182118,2.492617,0.01225262,6.184886,0.07728521,5.544235,0.8776101
1237667550342086930,2664053514946242560,587741829117182206,4.832124,0.03204421,11.74462,0.277273,9.945609,0.8776101
1237667550342152197,2664052140556707840,587741829117247493,2.763519,0.2613539,9.233953,1.731414,6.668188,0.9101008
1237667550342152288,2664052965190428672,587741829117247630,4.540551,0.08361252,13.51342,0.630589,10.39147,0.9101008
1237667447265689619,2990431734367021056,587741726040784920,4.925178,0.04805157,16.36696,0.2668942,13.25938,1.328419
1237667447265624147,2990437781680973824,587741726040719419,4.868566,0.03323238,16.34001,0.1807741,13.71516,1.272301
1237667446728097995,2989305279671199744,587741725503193296,4.24438,0.03103975,10.07411,0.2549656,8.783334,1.208112
1237667446728097923,2989303355525851136,587741725503193217,2.953772,0.04665197,8.331381,0.3288864,6.822446,1.208112
1237667447275257905,3001677260156594176,587741726050353203,5.527657,0.09725598,14.33101,0.8463542,10.95682,1.199034
1237667446737862801,3001723164767053824,587741725512958094,5.533636,0.02473315,12.94315,0.1618104,12.07526,1.248236
1237667446737862740,3001721790377519104,587741725512958049,4.920755,0.07279192,15.84384,0.5031291,11.56465,1.248236
1237667446192603285,2991550487750273024,587741724967698518,2.721953,0.06259795,6.619746,0.4032259,6.08458,1.138372
1237667446192537823,2991553786285156352,587741724967633082,7.893292,0.06251188,21.95422,0.414277,18.39886,1.207803
1237667446192537682,2991551037506086912,587741724967633136,2.37581,0.02501019,6.509356,0.1819788,5.36639,1.207803
1237667446192537681,2991550762628179968,587741724967632978,3.380228,0.02753236,10.26137,0.1912207,7.849128,1.207803
1237667446192537678,2991552686773528576,587741724967632990,8.594115,0.09866486,29.38809,0.6246036,21.62505,1.207803
1237667446192537633,2991549663116552192,587741724967632919,2.774899,0.04066667,8.781279,0.2938108,6.24559,1.207803
1237667446192406574,2991582648465385472,587741724967501878,4.14538,0.01277434,12.97221,0.08539163,9.890228,1.191496
1237667733988638844,3112152620219787264,587742012763734167,2.993513,0.01906578,8.829438,0.1066592,7.706681,1.025965
1237667783387185223,3141294901371627520,587742062162280637,7.60741,7.635605,37.98672,-1000.0,21.25053,1.075744
1237667783387185212,3126761556658907136,587742062162280506,4.728888,1.608169,22.45842,2.180909,12.79847,1.075744
1237667783387185210,3141297925028603904,587742062162280500,6.997044,0.2542575,24.41282,1.511791,16.92295,1.075744
1237667783387185208,6646205943528050688,,2.066021,0.06060497,6.372385,0.4421282,4.77643,1.075744
1237667783387185162,3126759907391465472,587742062162280455,2.932878,0.02390734,10.27741,0.1512791,7.486659,1.075744
1237667783386399001,3125639779920668672,587742062161494145,4.98714,0.05000113,16.67795,0.3346514,11.75717,1.140837
1237667783386398985,3125635381874157568,587742062161494276,1.625454,0.019311,4.335538,0.1442492,3.627171,1.140837
1237667783386398973,3125640879432296448,587742062161494270,3.930281,0.04383191,9.765748,0.3387628,8.436882,1.140837
1237667783364509764,2805859461057505280,587742062139605064,4.09398,0.04690529,13.86839,0.2965351,10.91995,1.330711
1237667782314819739,3128927594330744832,587742061089914904,2.851841,0.04730526,9.517009,0.3045675,7.283288,1.118846
1237667782314754241,3128925945063303168,587742061089849428,3.936481,0.02516234,12.29784,0.1382337,10.36285,1.123956
1237667782314754226,3127757439064107008,587742061089849541,2.097068,0.0245872,5.469931,0.1780249,4.622167,1.123956
1237667781755601077,2810252834644191232,587742060530696376,1.436537,0.01383777,3.913954,0.1020715,3.231563,1.464068
1237667781749309646,2674050824908335104,587742060524404950,2.804816,0.0127827,5.673869,0.07401735,5.777945,1.30442
1237667781749309604,2674071990507169792,587742060524404805,6.23456,0.1234225,17.85106,0.7367475,15.19171,1.30442
1237667781749244047,2674071440751355904,587742060524339341,2.936362,1.028268,6.860068,-1000.0,6.503449,1.360517
1237667735599579276,3129010057702828032,587742014374674751,1.315373,0.01074849,3.319224,0.06863678,3.011073,1.008504
1237667735599579274,3129010607458641920,587742014374674593,3.298341,0.03381446,9.216843,0.2392228,7.653425,1.008504
1237667735599579273,6169077544773767168,,6.758759,0.06726407,21.96186,0.4507998,15.75313,1.008504
1237667783896662157,2663936142079977472,587742062671757456,4.011577,0.01900162,7.79326,0.08114552,8.727795,1.585377
1237667783383253177,3121133156216891392,587742062158348443,3.052047,0.05438885,8.960428,0.3799062,7.070379,1.245603
1237667783382991002,3121113639885498368,587742062158086296,6.332294,0.0301214,13.17839,0.1984793,12.81261,1.332557
1237667735594074280,3121126284269217792,587742014369169536,5.28106,0.08119752,17.54819,0.5323821,12.65337,1.169129
1237667736128782492,3117751333294204928,587742014903877770,5.059044,0.04392277,12.05426,0.3122325,11.04218,1.22797
1237667736128847901,3117763977677924352,587742014903943216,12.49111,0.03775751,31.72102,0.1828769,30.81979,1.136562
1237667736128847908,3117765077189552128,587742014903943371,3.533544,0.04688697,9.451981,0.29249,8.253695,1.136562
1237667736128848169,3117761228898854912,587742014903943436,2.307587,0.02611609,7.023609,0.1818212,5.501385,1.136562
1237667736128913415,3117760679143041024,587742014904008725,4.008382,0.0194357,13.21875,0.1298411,10.03781,1.108744
1237667782270583070,2722448303508711424,587742061045678397,16.45222,3.040183,39.31936,11.12803,47.71159,1.02359
1237667782270583073,2723687733779261440,587742061045678399,5.495447,3.810399,41.62796,-1000.0,34.61646,1.02359
1237667782270648848,2723689657924610048,587742061045744056,1.81175,0.01830891,4.70766,0.1371963,4.000546,1.007019
1237667782272876616,2728202603568588800,587742061047971925,2.20363,0.02116324,5.50343,0.1595254,4.776881,1.252396
1237667783344586992,2722446104485455872,587742062119682294,4.371369,0.54782,10.28157,-1000.0,9.823998,1.097651
1237667783889190972,2746151850074990592,588023238597279783,7.050128,0.03252917,18.66674,0.1695719,16.96123,1.475702
1237667783889256693,2746149925929641984,587742062664351940,3.837865,0.08323101,8.892018,0.5587174,8.344753,1.489205
1237667783898824725,2790103458072520704,587742062673920020,4.791708,0.1410068,16.3749,0.8546941,12.43986,1.268486
1237667734491955248,2667316590445357056,587742013267050554,14.711,0.06836256,34.88706,0.3341054,33.20617,1.304725
1237667734492086324,2667290202166290432,587742013267181662,17.6782,0.3447649,53.52502,2.267714,42.21764,1.337093
1237667734492086326,2667308893863962624,587742013267181762,1.431755,0.02203619,2.389021,0.0759747,2.700893,1.337093
1237667734492086522,2667294875090708480,587742013267181745,4.087445,0.06111766,9.816216,0.2251404,9.542562,1.337093
1237667734492151849,5986602319881719808,,10.30337,0.4171034,29.22691,2.865124,24.02906,1.328539
1237667734492151972,2667307519474427904,587742013267247265,2.913785,0.02565295,9.675524,0.1654918,7.196129,1.328539
1237667734496804876,2672904309074585600,587742013271900177,7.235408,0.1416416,23.2198,0.9540057,17.57373,1.488381
1237667734496805239,2672904583952492544,587742013271900303,3.598492,0.08851335,8.595515,0.4396174,8.890412,1.488381
1237667734497198213,2674045877106010112,587742013272293499,2.436159,0.08119306,7.594919,0.5960752,5.594952,1.304143
1237667734497198271,2674058796367636480,587742013272293457,4.094533,0.02581155,12.81276,0.1807645,9.362625,1.304143
1237667734497722428,2675220430402381824,587742013272817734,7.406725,0.04663952,25.92949,0.2800433,19.6271,1.317888
1237667734497722516,2675219605768660992,587742013272817808,2.341705,0.02213031,5.196671,0.1550199,4.855163,1.317888
1237667734497722543,2674034057356011520,587742013272817844,5.745241,0.01878496,15.01238,0.1294094,12.2553,1.317888
1237667734497722567,2674019763704850432,587742013272817857,2.608436,0.02627049,7.80484,0.1870467,6.019513,1.317888
1237667735033741365,2673035150958290944,587742013808836635,6.870018,1.219263,36.80611,7.772802,31.25016,1.569804
1237667735035248723,6613641157472964608,,5.914323,0.08454316,19.43625,0.5074927,13.25146,1.232817
1237667735041474584,7240890280572112896,,9.946483,0.1170293,25.59028,0.6502179,23.05986,1.296852
1237667735041474587,7240888906182578176,,13.7242,0.8103431,42.05902,5.790257,32.85157,1.296852
1237667735594074481,3121125184757590016,587742014369169670,1.440497,0.009940895,3.579172,0.07717676,3.079741,1.169129
1237667735594074508,3121125734513403904,587742014369169690,2.913933,0.03740119,7.006382,0.2639811,6.312621,1.169129
1237667735594139717,3121130132559915008,587742014369235195,2.357526,0.03408792,5.965084,0.2675108,5.073929,1.167466
1237667736107679789,2673053018022242304,587742014882775069,10.08169,0.6634731,30.1056,4.120939,24.98305,1.414914
1237667736107680053,2673052193388521472,587742014882775293,4.702361,0.1124647,11.59664,0.5744104,11.31579,1.414914
1237667736107680056,2673052743144335360,587742014882775296,3.447394,0.02089829,9.030607,0.0943495,8.698401,1.414914
1237667736653594738,7210375809563119616,,4.445422,0.04948828,11.79693,0.3364077,10.04643,1.525736
1237667781218664523,2814831750818064384,587742059993759832,2.500784,0.004744788,5.633633,0.03425028,5.183004,1.502144
1237667781752324107,6614931984107196416,,3.819388,0.06862549,12.83973,0.4456208,9.241158,1.341386
1237667782815842653,5975259757896028160,,3.569045,0.05493367,9.605306,0.5003151,7.328146,1.05354
1237667782822723793,2673040373638522880,587742061597819033,2.380679,0.07904781,7.246582,0.5212636,5.831397,1.276398
1237667782824099992,2675274581350049792,587742061599195300,5.36541,0.0397449,12.19623,0.2066078,12.06881,1.232057
1237667782824231001,2675286950855862272,587742061599326311,3.356514,0.02975449,7.12152,0.1561812,7.24362,1.141523
1237667782850052121,6646246075702464512,,9.427722,1.044442,33.04622,6.251666,23.30176,1.143245
1237667782850052122,3125515535106729984,587742061625147419,11.08676,12.2477,39.93634,-1000.0,33.59857,1.143245
1237667782850052123,3125519108519520256,587742061625147420,1.194317,0.006474808,3.478936,0.05030243,2.684262,1.143245
1237667782850052124,6163359260011155456,,9.541968,1.718373,29.16788,-1000.0,27.91984,1.143245
1237667783359856810,2673056866312939520,587742062134952090,1.46875,0.01640864,3.831609,0.139857,3.113917,1.429019
1237667783367000072,2819368885566859264,587742062142095478,6.298275,0.07707722,15.96196,0.65069,13.34861,1.47643
1237667783383187598,3121134805484333056,587742062158282923,3.2569,0.07480859,8.373462,0.5443751,7.096775,1.17392
1237667783388627089,3129009782824921088,587742062163722387,2.342388,0.03094496,7.544374,0.2061386,5.749224,1.115246
1237667735575461913,2805863034470295552,587742014350557215,1.089812,0.006686966,2.48841,0.04279396,2.359707,1.159126
1237667735575462006,2805862484714481664,587742014350557248,2.631519,0.01549365,7.24794,0.1219634,5.776545,1.159126
1237667735599579345,3129013356237711360,587742014374674603,9.483407,0.0574125,18.42194,0.2820585,18.92702,1.008504
1237667736650252348,2806882555570186240,587742015425347644,12.10027,0.07360486,26.69175,0.4458669,25.46869,1.358052
1237667781749309505,2674047526373451776,587742060524404810,4.21713,0.0248346,12.46627,0.1504367,10.50217,1.30442
1237667781755535478,7239590932504662016,,7.494774,0.2135815,21.71507,1.295414,18.46669,1.401443
1237667781755601101,2810254758789539840,587742060530696249,5.207565,0.01320683,11.17035,0.08309347,10.97256,1.464068
1237667781760319536,2978087517204539392,587742060535414851,2.343801,0.01301041,6.609801,0.100584,5.278711,1.65346
1237667781760319651,2978085318181283840,587742060535414924,3.00682,0.08249409,8.660555,0.6382673,6.740261,1.65346
1237667782314819813,3128928144086558720,587742061089915102,6.221189,0.02309188,12.68794,0.1227243,12.98956,1.118846
1237667782827638813,2805861110324946944,587742061602734109,13.70206,2.918344,71.73619,8.619965,65.26239,1.268054
1237667782827638815,2805863584226109440,587742061602734111,10.87777,0.06030936,30.65087,0.3900073,25.19461,1.268054
1237667782827638816,7237290753843810304,,2.16513,0.07107952,6.680129,0.5383655,4.957473,1.268054
1237667783387185326,3126756608856582144,587742062162280616,6.545052,0.0250851,17.37075,0.131109,16.50457,1.075744
1237667783905837142,2830580875530364928,587742062680932426,9.111784,0.03107326,21.23586,0.2109881,19.51945,1.674049
1237667783386464368,3125638405531133952,587742062161559692,2.831287,0.02377233,6.991828,0.2125985,5.766386,1.208523
1237667735026729213,2745089451343505408,587744728224694554,2.778073,0.01064102,7.364126,0.05796182,6.672809,1.588189
1237667735026860165,2745098522314434560,587744728224825541,3.527472,0.02231145,8.419487,0.2083687,6.978231,1.537229
1237667735062577234,3127758263697827840,587742013837672582,2.85429,0.02045712,6.726511,0.1500045,6.03044,0.9282839
1237667783916912820,2988284109035431936,587742062692007968,3.908461,0.01326251,11.17364,0.08042178,9.499197,1.441488
1237667783916847273,2988282734645897216,587742062691942556,1.19075,0.005248582,3.014839,0.04334593,2.530194,1.443519
1237667783916847168,2988283284401711104,587742062691942488,1.609363,0.003698045,2.887472,0.01229129,3.260782,1.443519
1237667783916847167,2988281635134269440,587742062691942459,4.601759,0.06305134,15.14782,0.3865801,11.62613,1.443519
1237667783897383104,2674179742646691840,587742062672478326,3.311315,0.02548281,8.173678,0.1755791,7.202874,1.334106
1237667783897383027,2674181117036226560,587742062672478309,2.256896,0.01043503,4.819979,0.07956866,4.496664,1.334106
1237667782850052432,3126744514228676608,587742061625147526,8.129046,1.04358,20.47406,-1000.0,18.41769,1.143245
1237667782826065948,2796878099755591680,587742061601161266,7.524006,0.05962094,24.11538,0.3873301,17.74115,1.326884
1237667782826000453,2796876725366056960,587742061601095738,7.46415,2.869334,27.83294,-1000.0,19.12349,1.495329
1237667782815908023,2746104021319182336,587742061591003356,2.130654,0.02537038,5.000555,0.2046686,4.407734,0.9691162
1237667782815842365,2745099346948155392,587744728224825375,6.746286,0.06366808,22.0377,0.4250866,16.14645,1.05354
1237667782322094501,2843055945985058816,587742061097189777,1.772693,0.02995474,5.07229,0.2240916,4.046328,1.396836
1237667782322028954,2843044950868781056,587742061097124240,2.502333,0.02568221,6.887446,0.1328983,6.275872,1.369908
1237667782320259258,2836281854863108096,587742061095354592,3.465429,0.05818957,11.48544,0.3804656,7.949979,1.267698
1237667781246517630,2836169979554981888,587742590403608842,2.183944,0.03092166,5.961071,0.2177568,4.960382,1.287605
1237667781239701580,3111009127657138176,587742578068488261,6.005586,0.03142415,16.63856,0.1829739,14.5463,1.140605
1237667781239636278,3126684590844962816,587742578068422864,4.29078,0.05402539,9.210652,0.3518894,8.902733,1.154992
1237667781239636222,3111008303023417344,587742578068488277,3.889022,0.05398913,10.07631,0.3043452,9.110019,1.154992
1237667781239636094,3126691187914729472,587742578068422745,2.180942,0.03599864,4.956513,0.2062095,5.0317,1.154992
1237667781239636022,3110987412302489600,587742578068422690,7.37478,0.2315822,23.43785,1.40924,19.08856,1.154992
1237667781222662266,2975757097796397056,587742059997757522,3.258778,0.0280432,8.873119,0.2047135,7.282727,1.569861
1237667781222596633,2975766993401047040,587742059997691935,10.67619,0.04586129,23.18281,0.2677479,22.43452,1.588919
1237667736653594936,2830580325774551040,587742015428690139,3.071393,0.02453675,6.975222,0.1591604,6.482515,1.525736
1237667736653594755,2830580050896644096,587742015428689994,6.451583,0.16269,21.81971,1.035389,16.36928,1.525736
1237667735577886985,2814910640777357312,587742014352982208,2.889141,0.04602068,7.344261,0.3236606,6.325651,1.372332
1237667735577886971,2814918337358751744,587742014352982197,2.301576,0.06155035,6.746841,0.4403683,5.344666,1.372332
1237667735577886776,2819383179218020352,587742014352982219,2.549122,0.03394336,5.803741,0.1862406,5.570953,1.372332
1237667735577886774,2819384828485462016,587742014352982080,7.903696,0.188991,25.84898,1.231687,18.8282,1.372332
1237667735577821313,2814912839800612864,587742014352916508,2.95989,0.112458,7.88153,0.6922777,6.933465,1.456815
1237667735041474590,2819406268962203648,587742013816569904,4.535292,3.779443,12.10758,-1000.0,9.605369,1.296852
1237667735041474588,2819406543840110592,587742013816569922,5.951547,0.2048957,14.17613,1.525379,12.54303,1.296852
1237667735041474586,2819406818718017536,587742013816569920,5.630629,0.1505705,18.92949,0.9781446,12.95599,1.296852
1237667735035248893,2675287225733769216,587742013810344129,4.65869,0.2728958,12.46504,2.114505,10.43047,1.232817
1237667735035248725,2675287775489583104,587742013810343949,1.090977,0.02940675,2.040647,0.1421811,2.267531,1.232817
1237667735035183229,2675287500611676160,587742013810278502,2.673077,0.03826158,6.767403,0.2087057,6.317652,1.149737
1237667735035183172,2675277879884933120,587742013810278463,2.09855,0.01204908,5.878214,0.07166935,5.14129,1.149737
1237667734500147350,2796783816633509888,587742013275242671,1.888379,0.0209055,4.932267,0.1567359,4.17725,1.727938
1237667783903346874,2814874082015733760,587742062678442147,1.999317,0.02332343,5.180309,0.1970059,4.232727,1.382284
1237667783903346858,2814861987387828224,587742062678442138,4.513189,0.02530276,13.04531,0.1731954,10.41295,1.382284
1237667783903346812,2814872707626199040,587742062678442085,4.176671,0.05835874,12.4061,0.2672236,11.45923,1.382284
1237667783903346738,2814862262265735168,587742062678442042,5.460732,0.1003475,18.75006,0.6201227,13.5189,1.382284
1237667783903281245,2814865011044804608,587742062678376534,3.248737,0.04170721,7.769412,0.3618195,6.816323,1.470887
1237667783903281233,2814860887876200448,587742062678376522,3.558738,0.1747528,11.47225,1.085252,7.903694,1.470887
1237667782293585943,2819273502933149696,587742061068681262,7.639258,0.05963487,24.59743,0.3951243,17.29784,1.623001
1237667782289260577,2796778868831184896,587742061064355877,10.91631,0.03617738,33.69843,0.240685,26.30634,1.312931
1237667782281068626,2667319339224426496,587742061056163924,5.821485,0.07508268,16.14373,0.4907902,13.66861,1.320608
1237667782278906137,2747286271582824448,587742061054001457,5.062266,0.1604637,14.35821,0.9643762,12.60781,1.039153
1237667736134484127,3141341630615808000,587742014909579437,4.11797,0.03773557,9.008891,0.2213859,8.916673,1.111923
1237667736128716897,3117743636712810496,587742014903812167,5.550504,0.2261693,17.06348,1.665201,12.64396,1.203072
1237667782285787289,2672906233219934208,587742061060882618,2.957477,0.04744339,6.4091,0.2277686,6.433181,1.251092
1237667782285787299,2672906782975748096,587742061060882633,4.658532,0.01565197,11.91402,0.08571201,11.01575,1.251092
1237667782286901390,2675200089437267968,587742061061996578,9.485593,0.04466904,24.17005,0.2312158,22.09026,1.217771
1237667781760319656,2976895642120513536,587742060535414930,4.350218,0.0400762,12.47339,0.3645974,9.136161,1.65346
1237667781222727796,2937576286140262400,587742059997823085,5.577845,0.01584774,12.77224,0.1161921,11.83454,1.613775
1237667735062577233,3128940513592371200,587742013837672581,6.357939,0.05157091,21.13759,0.3324778,16.24287,0.9282839
1237668271372042279,3113129536301066240,587742550147137571,2.595131,0.1764915,7.823325,1.314756,6.00265,0.9856204
1237668271372042278,6172189987330871296,,1.854189,0.1455388,5.884129,1.020784,4.171704,0.9856204
1237668271372042277,6176815632967028736,,2.508021,0.04418555,7.658485,0.3618908,5.640029,0.9856204
1237667783916912892,2988284933669152768,587742062692008126,7.94485,0.6637722,19.41142,3.564759,18.32368,1.441488
1237668293375951157,6620545540789915648,,8.338937,0.02175324,18.27118,0.1318066,17.3052,1.054824
1237668272987308094,2836279106084038656,587742551762403427,6.345065,0.09068729,21.71627,0.557703,15.87858,1.146969
1237668272980688997,3111001431075743744,587742551755784328,8.80716,0.1260378,22.12146,0.8494257,19.80314,1.145588
1237668272980426893,3126690913036822528,587742551755522172,2.82828,0.02875172,7.295246,0.1792186,6.484273,1.131337
1237667966957584513,3141291877714651136,588023720709390454,2.552209,0.03642873,6.937219,0.2614017,5.764436,1.702099
1237667916490604722,2825019000960870400,588023670242410664,4.516118,0.02832331,10.90046,0.1950584,9.843959,1.46169
1237667916490604603,7241864722718674944,,4.376575,0.1230007,13.93566,0.8013808,10.03806,1.46169
1237667916489490634,2821593747345664000,588023670241296547,1.310323,0.006164138,3.299985,0.04580541,2.86092,1.500305
1237667915955568664,2937578760041424896,588023669707374632,34.69576,6.647315,81.09607,-1000.0,80.33263,1.060385
1237667910587056437,2806894100442277888,587742189362151596,3.267762,0.03019201,8.189716,0.2210542,7.14155,1.435661
1237667910587056318,2806883929959720960,587742189362151538,11.35113,0.01697605,25.02945,0.1272887,23.17701,1.435661
1237667910587056281,2806894650198091776,587742189362151505,2.173728,0.0143926,6.05268,0.1216664,4.656488,1.435661
1237667910587056147,2806896024587626496,587742189362151446,8.797807,0.2961358,31.0681,1.784534,21.69943,1.435661
1237668289622966353,2791236231218882560,587742568398061700,6.486539,0.2024615,18.66848,1.304589,15.5825,1.022769
1237667912733294684,2802458116451493888,587742191508390003,4.006053,0.03322626,11.41212,0.2397536,9.044461,1.772804
1237667912733294683,2802457841573586944,587742191508389982,7.092803,0.1638823,20.44725,1.088789,16.72329,1.772804
1237667912217985078,3140235521918265344,588023721781755911,4.260886,0.07880517,13.64818,0.5252393,10.31413,1.514625
1237667912203894964,2991681054756071424,587742190978990224,3.274382,0.04762987,9.217283,0.374055,7.244744,1.105601
1237667912203829259,2991677206465374208,587742190978924555,3.182859,0.02014413,9.44442,0.1277597,7.748191,1.128592
1237667912199242042,2820472514944198656,587742190974337238,6.062975,0.05437175,11.30075,0.2089224,12.88313,1.138055
1237667912199241881,2820468666653501440,587742190974337178,5.851707,0.02834298,12.76153,0.2105976,11.51585,1.138055
1237667911662305462,2820472240066291712,587742190437400746,5.387951,0.1094795,12.67987,0.5907633,13.14932,1.168818
1237667911138279642,6753168634087231488,,7.211928,0.04887767,14.78058,0.2627003,14.59068,1.183962
1237667911138279446,6753178529691881472,,4.171596,0.02111414,12.57769,0.1411983,10.04069,1.183962
1237667911138148471,3001714093796124672,587742189913243671,6.231994,0.1289573,16.15263,0.890973,14.09076,1.174173
1237667911124648059,2811417491933259776,587742189899743383,3.743244,0.02374851,9.217521,0.1427792,8.456378,1.41774
1237667911124582565,2811416392421632000,587742189899677770,3.231739,0.04778969,9.295584,0.3743854,6.807945,1.320207
1237667911124582472,2811419141200701440,587742189899677781,8.269992,0.03432269,24.19542,0.208649,20.87331,1.320207
1237667910586335349,2802384174294525952,587742189361430656,4.628996,0.04810347,10.46549,0.3240204,9.858862,1.61515
1237667910585876673,2802435851341031424,587742189360971882,1.633209,0.01565463,4.052635,0.1342845,3.375708,1.74475
1237667910049529919,2802369880643364864,587742188824625218,2.284849,0.01084459,6.173781,0.07294353,5.272372,1.707742
1237667910591447150,2989304180159571968,587742189366542385,6.332641,0.04554625,21.21576,0.2552437,16.96949,1.347943
1237667912217133190,3139120342216239104,588023722049339477,2.632671,0.1181462,9.175318,0.6866562,6.818009,1.149835
1237667912740700167,2992734112017573888,587742191515795472,3.993226,0.06223068,9.402569,0.3657037,8.854791,1.13511
1237668289085833234,2791190326608422912,587742567860928540,2.234837,0.01999669,6.225513,0.1668809,4.800403,1.06086
1237668289085898782,2791193625143306240,587742567860994095,4.819392,0.4104565,15.14755,2.822778,11.83732,1.023806
1237668289085898953,2791203520747956224,587742567860994207,2.937614,0.04040895,7.012185,0.2452077,6.4315,1.023806
1237668289085898978,2791190051730515968,587742567860994231,2.689906,0.04388977,6.647697,0.356965,5.676369,1.023806
1237668289086095483,2791236780974696448,587742567861190762,8.246546,0.04599564,17.30845,0.2665184,16.94655,0.9619414
1237668289086160914,2791235406585161728,587742567861256306,6.943172,0.03988966,15.41278,0.2445374,14.56384,0.9774784
1237667911138672660,3001678359668221952,587742189913767955,3.672751,0.2757064,11.7228,1.963935,8.502979,1.146578
1237667911138672682,3001679734057756672,587742189913767973,9.889159,0.306881,30.7879,1.597127,27.4446,1.146578
1237667911138672823,3001678909424035840,587742189913768025,3.756388,0.06383166,12.60747,0.4111646,9.284742,1.146578
1237667911662370970,2820471140554663936,587742190437466176,4.158501,0.03204162,10.49354,0.2104617,9.333306,1.13261
1237667912199241833,2820468116897687552,587742190974337072,6.900203,0.01903328,14.50155,0.1552935,13.77897,1.138055
1237667912202649671,2990519420419336192,587742190977744989,5.044253,0.04801449,17.22212,0.2962549,12.25302,1.153226
1237667912203894836,2992736860796643328,587742190978990148,5.883669,0.09825807,20.48632,0.5952883,14.63561,1.105601
1237667912217919745,3140228375092684800,588023721781690613,2.907534,0.03447824,7.216893,0.2442518,6.34165,1.473885
1237667912733294659,2802453718404982784,587742191508389957,4.384171,0.01765753,9.561385,0.1162459,9.203431,1.772804
1237667914343121026,2824942584902739968,588023668094926999,2.692191,0.04624598,7.041813,0.3186375,5.99842,1.409333
1237667914343186500,2824920594670184448,588023668094992470,3.548785,0.04779207,10.75247,0.349049,8.159327,1.465731
1237667914343186661,2824941760269019136,588023668094992573,2.152069,0.008672877,4.821196,0.0613841,4.476132,1.465731
1237667914343252136,2824917845891115008,588023668095058077,3.675783,0.06997004,7.60877,0.3083698,7.962086,1.249765
1237667915953274946,2824978319030642688,588023669705080900,12.73337,0.160198,41.06929,1.017584,31.4509,1.31027
1237667916492570790,2937565291023984640,588023670244376775,6.193973,0.08271852,12.71706,0.4417614,13.13108,1.133522
1237667916492636293,2937572437849565184,588023670244442230,6.584636,0.09929173,21.81821,0.6196496,15.33405,1.182636
1237667917029441552,2975757372674304000,587742059997757456,6.830403,0.01129053,21.31787,0.07516924,16.20536,1.258523
1237667917029441696,2937561442733287424,588023670781247627,6.546469,0.03363934,14.52419,0.2496923,13.64534,1.258523
1237668288549355656,6627096980689801216,,4.730465,0.06629114,10.69003,0.3964077,10.18003,1.027746
1237668289621197071,2917336470459017216,587742568396292304,3.081891,0.05549867,7.290549,0.3025288,6.849701,1.129046
1237668292302471281,2824917571013208064,587742571077566552,4.183649,0.01617842,9.337223,0.08334424,9.068456,1.077259
1237668293912690764,2825001683652732928,587742572687786131,4.437515,0.07848736,14.6798,0.5086673,10.2686,1.052052
1237668293912690766,2824999209751570432,587742572687786132,14.76384,0.3602953,43.07095,2.513181,34.06456,1.052052
1237668293912690769,2821644874636355584,587742572687786127,6.509483,6.004006,28.93499,-1000.0,16.45666,1.052052
1237668293912690773,2821643500246820864,587742572687786263,8.686196,11.24744,49.64057,-1000.0,29.81064,1.052052
1237668294985449611,2817125332107159552,587742573760544929,2.370178,0.05436359,6.735934,0.4551501,5.126968,1.229668
1237668297129263206,2937533130308872192,587742575904358517,5.202438,0.04435532,12.80739,0.2664586,11.88142,0.9813622
1237667910053658868,2830583624309434368,587742188828754059,4.060855,0.02690983,9.685923,0.20158,8.587633,1.143226
1237667910587056452,2806887228494604288,587742189362151623,5.613789,0.1025508,17.90388,0.6961911,13.37478,1.435661
1237667914345742360,2937489149843761152,588023668097548301,3.930322,0.2491585,13.50108,1.454019,9.392665,0.9776329
1237667915955634275,2937582608332122112,588023669707440224,11.51567,0.1281895,25.64979,0.7290505,24.42631,1.076746
1237667916490539153,2821675660961933312,588023670242344990,9.939279,0.05861653,29.98631,0.3724207,24.74955,1.459449
1237667966957519065,3142482099068495872,588023720709325021,4.846523,0.05742611,15.35302,0.3657494,11.69,1.795483
1237668270843953463,5868428734542139392,,4.671512,1.257963,9.911047,-1000.0,9.757495,1.034574
1237668272980558058,3110986037912954880,587742551755653313,4.632947,0.0502918,13.21586,0.3324001,10.83073,1.154821
1237668272988422262,2839549053665044480,587742551763517566,4.187692,0.2316914,13.74363,1.566719,10.03165,1.104482
1237668272988422469,2839549603420858368,587742060559532250,3.511358,0.9823999,8.32127,-1000.0,11.02715,1.104482
1237668293375950973,2824932689298089984,587742572151046247,12.95044,0.1450702,33.03252,0.7030651,31.9279,1.054824
1237668294986760211,2824997560484128768,587742573761855511,20.96,0.08973657,55.75853,0.3528311,54.12109,1.274136
1237668294449823785,2825018176327149568,587742573224919091,16.6095,0.03643002,41.46519,0.2147016,37.12945,1.151221
1237668271372042459,3113127337277810688,587742550147137746,4.517476,0.03684587,13.01053,0.2548005,9.957058,0.9856204
1237667917027475563,2824982167321339904,588023670779281517,16.64496,0.0358494,33.94786,0.1380187,36.24901,1.572599
1237667783923466450,3126716476682168320,587742062698561706,7.544081,0.04518395,15.16889,0.2004901,16.37929,1.187013
1237667783923531789,3126713453025191936,587742062698627100,3.314161,0.5013365,11.80481,3.127343,8.708528,1.177708
1237667783923531928,3141340531104180224,587742062698627081,2.279252,0.05825908,7.395154,0.3995497,5.330064,1.177708
1237668296601174268,2973527563462273024,587742575376269465,5.968255,0.07297293,14.84824,0.5811549,12.69064,1.039281
1237668271913959569,2837438816208316416,587742550689054883,4.139651,0.1742342,12.20283,1.332558,9.718129,1.003584
1237667783918026937,3118831328305375232,587742062693122211,11.62478,0.1037309,30.45084,0.6813041,26.78817,1.311182
1237668288546406520,2915022548808787968,587742567321501844,4.960101,0.0226967,10.5716,0.1577487,10.0466,1.105167
1237668288546406511,2912711374763223040,587742567321501836,3.344238,0.03112543,8.329735,0.1599273,8.033134,1.105167
1237668288546341027,2915031894657624064,587742567321436364,5.837023,0.05442039,11.469,0.228996,12.68427,1.143508
1237668272453582997,2849740152098547712,587742551228678284,2.931406,0.1150618,9.271285,0.7100274,7.565989,1.044581
1237668272452862569,2846348983343802368,587742551227957788,3.205106,0.01419527,6.264126,0.1013807,6.295167,1.032165
1237668272452862530,2846351732122871808,587742551227957804,5.867428,0.05862776,18.62171,0.2906856,16.43077,1.032165
1237668272452862219,2846347883832174592,587742551227957505,4.23458,0.3349265,12.7402,2.20693,10.54234,1.032165
1237668272452862078,2846349258221709312,587742551227957381,6.674014,0.07222088,19.61648,0.5032331,15.6137,1.032165
1237667915416731797,2821658618531702784,588023669168537724,12.73803,0.183676,45.40779,1.043098,31.91982,1.453234
1237667914345677057,2937496296669341696,588023668097482946,3.631288,0.07078335,9.794143,0.529588,8.049899,1.014248
1237667914345676902,2937498220814690304,588023668097482759,9.814824,0.1022392,32.87975,0.6458312,25.07464,1.014248
1237667914345676811,2937499320326318080,588023668097482925,2.132327,0.02721895,5.108985,0.2100651,4.54429,1.014248
1237667914345611509,2937500419837945856,588023668097417444,5.967601,0.03522989,14.02051,0.2519873,12.57129,1.00878
1237667911124713496,2815961497438545920,587742189899808802,12.50293,0.2553004,25.38084,1.459062,25.1146,1.329501
1237668292832854137,2791142222974707712,587742571607949430,1.824704,0.05338989,5.131998,0.4324346,4.096484,1.131195
1237668292832854092,2791140573707266048,587742571607949406,5.840817,0.02498388,14.29682,0.1658895,12.0368,1.131195
1237668292832854039,2791142772730521600,587742571607949328,2.354337,0.0746308,7.288082,0.4595526,6.006143,1.131195
1237667912740896940,2992745107133851648,587742191515992243,5.544465,1.448249,17.50724,-1000.0,11.87569,1.060956
1237667912217133187,3138049692751915008,588023722049339476,6.09425,0.06102792,16.75801,0.5077872,12.8488,1.149835
1237667912217133167,3138051342019356672,588023722049339545,3.99142,0.0334205,10.65669,0.2886351,8.399923,1.149835
1237667912199176251,2816015098630400000,587742190974271512,7.240181,0.01784257,15.95438,0.1125701,15.09,1.166865
1237667911138803747,3001666265040316416,587742189913899051,4.028056,0.01897182,12.56432,0.1121966,10.64214,1.101574
1237667910607306918,3139009291541833728,588023720171077814,9.248367,0.05186088,20.71561,0.2680558,20.5869,1.563122
1237667910591578195,2990478188733294592,587742189366673493,3.763239,0.03246645,7.414919,0.204111,7.504933,1.2411
1237667911125500030,2815907896246691840,587742189900595324,2.737513,0.05240989,7.973546,0.3584078,6.577697,1.165243
1237667911661256718,2807041984756213760,587742190436352092,1.441139,0.01460854,3.606591,0.1243894,3.016795,1.280893
1237667911661256940,2811491983846041600,587742190436352149,1.658459,0.0140656,4.911753,0.1094759,3.696656,1.280893
1237668289621196919,2917335920703203328,587742568396292218,4.205606,0.03294023,14.09245,0.2066998,10.5295,1.129046
1237668289621197082,2917337020214831104,587742568396292312,3.072589,0.01736198,6.886967,0.1015227,6.562356,1.129046
1237668292302405647,2824918945402742784,587742571077500942,3.451698,0.04796399,12.3597,0.2863404,8.977615,1.075836
1237667783918092311,3117790091079084032,587742062693187611,4.571022,0.01611583,15.33086,0.08256632,13.03713,1.617083
1237667783918092359,3117790640834897920,587742062693187648,3.492239,0.01647708,8.414677,0.1074793,7.630172,1.617083
1237667783918092392,3117791740346525696,587742062693187675,4.223999,0.03621582,10.74135,0.2364101,9.605502,1.617083
1237667915955568662,2936488869106837504,588023669707374630,11.65287,0.1805947,37.7132,1.112087,28.07895,1.060385
1237667915955568663,2936488319351023616,588023669707374631,10.84937,0.2480024,38.21706,1.46335,27.46537,1.060385
1237667915955568673,2936487769595209728,588023669707374830,3.25675,0.06149118,8.288598,0.4630959,7.078545,1.060385
1237667915955568770,2936486120327768064,588023669707374684,12.38714,0.02962807,39.56285,0.1845787,31.2302,1.060385
1237667916489425042,2817125606985066496,588023670241230969,3.683067,0.1041845,12.69065,0.6515526,8.907068,1.469892
1237667916489490458,2817148146973435904,588023670241296436,2.412433,0.05464129,7.685145,0.3673771,6.009542,1.500305
1237667916489490658,2817147597217622016,588023670241296589,5.351183,0.02036096,13.28666,0.1353397,12.10938,1.500305
1237668272988487820,2842986401874601984,587742060559597698,5.257644,0.04675477,15.74541,0.3222167,12.293,1.109938
1237668272988749955,2843007842351343616,587742060559859824,6.077363,0.05031931,20.10907,0.3131331,15.06653,1.112427
1237668272988750083,2843011965519947776,587742551763845338,3.189461,0.3557912,9.232888,2.759701,7.087604,1.112427
1237668293375951070,2824934613443438592,587742572151046272,5.036308,0.06145187,15.24683,0.4076703,11.99973,1.054824
1237668293376016459,2821523653479393280,587742572151111798,5.455467,0.05046468,17.47138,0.3464964,12.6745,1.073504
1237668293906202788,2791204895137490944,587742572949733565,6.433465,0.1402112,15.44179,0.8317701,14.62385,1.170062
1237668293906268167,2791204070503770112,587742572681363470,3.928635,0.03402082,15.10417,0.1937412,11.89726,1.140755
1237668293906464929,2791226335614232576,587742572681560102,1.576718,0.03421653,5.073021,0.2454734,3.647912,1.132844
1237668293906464988,2791235131707254784,587742572681560252,3.295796,0.05348061,8.638164,0.3796512,7.236544,1.132844
1237668293906530358,2791233207561906176,587742572681625633,8.662641,0.0150172,18.55816,0.08982074,17.7669,1.162815
1237668293906530412,2791235681463068672,587742572681625659,2.459132,0.01743592,6.135694,0.1414671,5.2628,1.162815
1237668294449233937,2821631680496822272,587742573224329271,9.31347,0.167288,29.58025,1.165451,22.37097,1.131267
1237668296601174132,2973514919078553600,587742575376269416,10.7544,0.05373152,34.94157,0.3643238,26.4648,1.039281
1237668296601174326,2934262352691881984,587742575376269564,3.257064,0.03994571,6.679943,0.2235777,6.809641,1.039281
1237668296601239639,2934261528058161152,587742575376334855,3.714283,0.2336513,11.67121,1.627767,8.725339,1.044612
1237668271372042420,3113139157027809280,587742550147137703,3.248277,0.04612523,8.892084,0.3258595,7.447826,0.9856204
1237668294449889474,2825023948763195392,587742573224984787,4.013151,0.06663624,7.685139,0.3323822,8.469876,1.15879
1237667910049464459,2802365757474760704,587742188824559748,4.142077,0.06103402,10.53113,0.4217699,9.056953,1.708058
1237668586504781905,6032749372923727872,,11.84459,0.2683035,23.4455,1.473222,23.64537,1.22142
1237668310555034028,2837416551097853952,587742589330129310,4.357143,0.125226,9.667961,0.6410668,9.875903,1.404273
1237668310555033870,5496843002549915648,,3.533197,0.01660957,7.971914,0.1233733,7.198547,1.404273
1237668310555033802,2837420674266458112,587742589330129033,5.111055,0.0375455,11.7622,0.2194525,11.4876,1.404273
1237668310555033613,2837419024999016448,587742589330128914,13.69053,0.1504388,31.04708,0.6872447,31.48058,1.404273
1237668297129328675,2937510865198409728,587742575904423990,3.501055,0.1401074,12.16923,0.8637412,8.774096,1.003165
1237668496310665266,2918439006381303808,587742775085760574,1.002608,0.0134512,1.72621,0.05783674,1.882501,1.241214
1237668367461515743,2838406935424821248,587742614561685941,3.442949,0.08486684,9.947664,0.5612723,8.091586,1.045982
1237668332029935842,6167924981676396544,,2.163674,0.01519571,6.963958,0.07556719,6.0326,0.9985677
1237668298756587701,3111000881319929856,587742577531682981,6.82181,0.02564253,16.64395,0.215153,14.31197,1.473783
1237668298756587640,3126680192798451712,587742577531682944,4.798984,0.03795681,10.56189,0.240868,10.34045,1.473783
1237668298756522275,3110995658639697920,587742577531617476,3.780643,0.01359841,9.931531,0.1026365,8.389829,1.516189
1237668365852082663,2843043851357153280,587742644627177980,1.666117,0.009528896,4.568873,0.07281834,3.694439,1.153078
1237668365851689395,2843022410880411648,587742644626784732,3.309178,0.05960832,7.547786,0.3145704,7.669609,1.149869
1237668365851426886,2842999870892042240,587742644626522191,2.903152,0.1539059,9.548195,1.004666,6.460014,1.055231
1237668365851230239,2839550702932486144,587742644626325557,4.961752,0.1304087,12.93488,1.091834,10.52945,1.045379
1237668336860201271,2838531180238759936,587742615635296557,5.8698,0.05713516,13.47193,0.3068746,13.18256,1.238274
1237668336860201261,2838534753651550208,587742615635296550,1.387218,0.01225752,3.811663,0.09535437,3.061808,1.238274
1237668336860200991,2838528706337597440,587742615635296294,4.329759,0.04685529,13.97644,0.3061275,10.18585,1.238274
1237668336860200977,2838530080727132160,587742615635296281,1.287097,0.009916464,3.924395,0.07888323,2.781667,1.238274
1237668336324706372,2845268438258051072,587742615099801891,5.137912,0.03355204,11.59335,0.2242162,11.11672,1.228976
1237668336861511907,2841776114433550336,587742615636607434,39.70846,6.314612,85.83707,-1000.0,166.5015,1.243756
1237668336861577338,2845271187037120512,587742615636672625,4.915252,1.988622,12.16709,-1000.0,10.89546,1.23287
1237668348675817507,6162271842960953344,,9.090348,0.08531883,21.84593,0.5440931,19.35812,1.492337
1237668365313376588,2836183723450329088,587742590403608786,1.364789,0.01052119,3.793402,0.09235194,2.86151,1.135989
1237668365313441805,2836171628822423552,587742590403608636,10.59398,0.1641822,32.88816,1.201133,24.34873,1.160828
1237668365313442072,2836173827845679104,587742590403608824,1.913212,0.01196632,5.043191,0.08605751,4.278381,1.160828
1237668365314425087,2842989150653671424,587742590404591903,2.050187,0.02707018,4.888593,0.1955837,4.391436,1.14703
1237668365314490759,2842985852118788096,587742590404657525,4.120379,0.04061616,10.20038,0.3008998,8.894261,1.122302
1237668365314687448,2839522665385977856,587742590404854156,4.33898,0.0469517,8.226828,0.238179,8.741232,1.10793
1237668298739351591,2937578485163517952,587742577514446885,11.77402,0.05135772,38.13472,0.3291314,27.41504,1.112921
1237668298739482674,2937588930523981824,587742577514577975,7.518754,0.08443687,21.80569,0.608288,16.97503,1.114085
1237668298739482851,2937589480279795712,587742577514578085,3.19531,0.05474965,9.018919,0.342891,7.838752,1.114085
1237668298739482865,2936496565688231936,587742577514578098,4.329024,0.03212265,10.32648,0.2806942,8.834687,1.114085
1237668298739548284,2937576561018169344,587742577514643511,6.134458,0.09177423,21.67694,0.5361215,15.40512,1.114944
1237668315919810825,3087377594522298368,587742594694906106,5.121146,0.06091239,10.44636,0.3721517,10.64558,1.533804
1237668315919876168,3087387490126948352,587742594694971475,8.02166,0.1284844,25.46315,0.844781,18.82958,1.617535
1237668331491754078,3096301780800137216,587742610266849358,4.523648,0.01966236,14.91779,0.1234834,10.46489,1.006504
1237668331491819552,3096299581776881664,587742610266914913,4.444095,0.09156001,14.25496,0.5836536,10.5255,1.015497
1237668331491819775,3096300956166416384,587742610266915036,1.341968,0.009730166,3.92646,0.07896723,2.912495,1.015497
1237668332027117606,3092877901440247808,587742610802212887,4.781113,0.2278214,15.88663,1.475614,11.88463,1.093805
1237668332027117727,3092878176318154752,587742610802213013,1.354768,0.01527572,3.295589,0.08288305,3.161891,1.093805
1237668332027183316,3092868830469318656,587742610802278598,1.931721,0.01169064,4.076356,0.1129483,3.610038,1.057671
1237668496867000461,2973535260043667456,587742775642095751,6.917998,0.0326883,16.66115,0.2381966,14.74765,1.421951
1237668332571787671,2832783478221727744,587742611346882735,4.200527,0.07673084,10.05629,0.4873616,9.358636,1.261407
1237668336860856428,2841903382904465408,587742615635951733,9.198183,0.09820975,30.30307,0.6282509,22.01282,1.15666
1237668336860856781,2841907231195162624,587742615635952023,2.471867,0.02273993,6.484509,0.1405286,5.748,1.15666
1237668336860922173,2841904482416093184,587742615636017471,2.306727,0.02773284,4.993698,0.1960452,4.743256,1.129911
1237668349207511247,3088362207621179392,587742627982606527,1.909983,0.01110352,4.513475,0.08329459,4.067546,1.101587
1237668349210919183,3092886972411176960,587742627986014501,3.085567,0.1150071,8.680795,0.8731411,6.638551,1.30077
1237668349214785655,3097355937590044672,587742627989880943,8.700479,0.08789025,21.49958,0.5993354,18.99878,1.295047
1237668349744316558,3088375951516526592,587742628519411856,5.958215,0.05244466,15.64348,0.3846073,13.14039,1.126625
1237668349755719744,2832794473338005504,587742628530815036,5.982075,0.03661346,15.6567,0.240131,12.99023,1.401382
1237668365851623732,2843007567473436672,587742644626719065,8.088847,0.03459571,14.35342,0.1106865,27.92039,1.125244
1237668365852147751,5858222243281391616,,7.464811,0.07343701,23.45977,0.469584,18.24579,1.157071
1237668365852148088,2842919881421121536,587742644627243403,3.082805,0.03751397,8.493231,0.2468732,7.252691,1.157071
1237668367999172836,2845244798758053888,587742615099408490,4.720786,0.2055257,15.82076,1.315309,11.55797,1.193309
1237668367999172911,2841794531253315584,587742615099408550,7.541848,0.06257369,24.41303,0.4128311,18.62721,1.193309
1237668367999173066,2845244523880146944,587742615099408695,2.544352,0.02026068,6.302459,0.1347263,5.63064,1.193309
1237668367999238256,2841795905642850304,587742615099408671,4.69813,3.781909,11.27719,-1000.0,11.05802,1.198488
1237668367999565875,2845279708252235776,587742615099801629,6.730294,0.2339692,22.93047,1.55158,17.14119,1.230191
1237668367999566124,2845269812647585792,587742615099736294,6.450969,0.3441126,13.78609,1.708656,14.40275,1.230191
1237668495236464802,2916115188505667584,587742774011560134,7.354355,0.04447534,14.4696,0.2008711,14.96356,1.180626
1237668496310730776,2918441205404559360,587742775085826069,6.032762,0.0812885,20.61902,0.4741342,15.33397,1.24902
1237668496313942121,2795780782252124160,587742775089037354,5.612748,0.03776582,13.80006,0.2319959,12.32216,1.344619
1237668624093085900,2934191159313983488,587742902868181209,1.883025,0.02482472,4.474992,0.1794873,3.991247,1.005611
1237668298756456539,3110994009372256256,587742577531551814,6.021793,0.08750854,21.32591,0.5352599,18.31973,1.576235
1237668331490050131,3092892195091408896,587742610265145476,5.587467,0.02171779,11.91757,0.1546067,11.20122,1.169524
1237668331493851180,3097366657828415488,587742610268946499,2.740875,0.2414824,9.343455,1.580111,6.923676,1.059473
1237668332034392412,2832828283320559616,587742610809487667,1.556655,0.01658031,3.807862,0.1337667,3.249741,1.147333
1237668367461319004,2838418755174819840,587742646236414329,4.596444,0.02197355,10.46321,0.1372083,10.06577,1.128734
1237668367461384250,2838420404442261504,587742614561554566,6.549216,0.2857638,19.87042,1.90829,15.33648,1.150061
1237668367461384355,2839664227508054016,587742646236479648,8.758001,0.1026572,29.3737,0.6361207,22.19831,1.150061
1237668496310665412,2916254826482395136,587742775085760596,7.951676,0.04443318,19.78619,0.1560749,20.68921,1.241214
1237668496314662949,2800270912862054400,587742775089758339,7.880877,0.07031613,18.1995,0.3743023,17.46533,1.244781
1237668590795882794,2922953601611491328,587742775096705266,5.605856,0.05558355,11.3873,0.3336765,11.6234,1.190715
1237668586504716299,2800206041676015616,587742865279811595,2.989568,0.01666985,9.842294,0.1027171,7.5024,1.291001
1237668310554968131,2836153761758472192,587742589330063453,4.576655,0.03367428,12.58089,0.2513456,10.27777,1.526708
1237668315383070773,3087382267446716416,587742594158166031,2.473497,0.01166791,7.353255,0.08473741,5.747504,1.525266
1237668336321036598,3132408923894605824,587742615096131850,3.637982,0.03147629,10.99786,0.2345174,8.136151,1.19042
1237668332027117605,3094070596695255040,587742610802212886,1.194482,0.01075442,3.632611,0.08501265,2.715726,1.093805
1237668331491885233,3095128052120709120,587742610266980548,4.29631,0.02413349,9.478713,0.1368272,9.331124,1.048801
1237668331491885109,3095116507248617472,587742610266980426,5.267396,0.06115581,17.32794,0.4033748,12.37126,1.048801
1237668331491819640,3095126677731174400,587742610266914886,2.416683,0.03569505,7.670294,0.2195004,6.236926,1.015497
1237668331491819554,3095129151632336896,587742610266914895,6.739147,17.45507,62.76332,-1000.0,50.86589,1.015497
1237668331491819553,3095126952609081344,587742610266914859,7.724566,0.5565708,23.10466,3.929377,18.13757,1.015497
1237668315919941870,3088447144894425088,587742594695037151,5.74257,0.05758791,11.32196,0.2651518,12.75185,1.587594
1237668315919876132,3088435325144426496,587742594694971442,3.780924,0.04376851,10.29427,0.3137327,8.520218,1.617535
1237668314847051864,3089578542577510400,587742593622147157,6.259632,0.01617409,13.42605,0.09855123,13.25459,1.323681
1237668312165449811,2839613924851083264,587742060558549260,10.27664,3.170671,23.58415,-1000.0,22.91392,1.506411
1237668311094853830,2847551574421563392,587742589869949155,1.955992,0.02231508,5.467047,0.1757423,4.307881,1.410067
1237668311094788598,2847564768561096704,587742589869883863,2.540971,0.04703796,5.751693,0.3162841,5.526177,1.375175
1237668311094788501,2847554598078539776,587742589869883530,5.779531,0.1156282,17.72792,0.7248894,14.45823,1.375175
1237668311094788500,2849728607226456064,587742589869883529,1.812223,0.03793537,5.554654,0.2766059,4.191,1.375175
1237668311091839348,2836145515421263872,587742589866934639,4.224764,0.02179358,12.89166,0.1446543,10.22372,1.494283
1237668310558572939,2849669233598556160,587742589333668210,5.733943,2.419472,18.51451,-1000.0,12.37606,1.362962
1237668310558441537,2849690674075297792,587742589333536790,6.640412,0.08647809,21.12679,0.5534817,16.48246,1.321818
1237668310558441523,2849689574563670016,587742589333536841,3.591661,0.7088593,11.57193,-1000.0,7.955576,1.321818
1237668310558441504,2850877597162694656,587742589333536828,5.327359,0.07834396,17.1376,0.4266117,13.83479,1.321818
1237668310558376456,2849691223831111680,587742589333471735,1.534131,0.01928656,4.349034,0.1565116,3.390603,1.393991
1237668310021964289,2850903160808040448,587742629072404722,6.890262,0.03551772,19.02046,0.158613,18.26989,1.25947
1237668310021898820,2850902885930133504,587742629072339290,2.86132,0.0139285,5.645996,0.0892365,5.653965,1.278782
1237668297142370503,3106436809006016512,587742575917465778,1.255211,0.01217528,3.299956,0.08751643,2.82273,1.155516
1237668297142370419,3106438183395551232,587742575917465704,1.655443,0.01689092,5.174567,0.1173408,4.021149,1.155516
1237668297142370342,3106438733151365120,587742575917465636,4.956212,0.1769589,16.80376,1.117515,11.48266,1.155516
1237668297142304960,3106439557785085952,587742575917400266,2.096776,0.01572116,5.811407,0.1086855,4.83537,1.099725
1237668297142304954,3105233118466959360,587742575917400261,1.947993,0.0146917,5.323638,0.09601104,4.569018,1.099725
1237668494699528300,2916133880203339776,587742773474623610,2.496761,0.02096739,7.347752,0.1456407,5.850027,1.203197
1237668350817468531,3103048388610910208,587742629592563751,3.412337,0.05351545,9.321247,0.4573854,7.126461,1.397177
1237668349760372834,2850823721092933632,587742628535468137,3.140978,0.03987017,7.078172,0.2070072,6.887782,1.528415
1237668349218390261,2832829657710094336,587742627993485578,3.044811,0.08879496,8.585735,0.6903003,6.729,1.391148
1237668349218390247,2832828008442652672,587742627993485560,3.347645,0.009721172,6.461586,0.06193928,6.584045,1.391148
1237668349218390048,2832829932588001280,587742627993485348,5.352485,0.02608319,16.61737,0.1813038,12.81381,1.391148
1237668348675817506,3096306178846648320,587742627450912808,2.714756,3.04497,8.532294,-1000.0,5.698545,1.492337
1237668332571656316,2832907173279852544,587742611346751641,5.226274,0.3075076,11.74436,1.286002,12.14723,1.110012
1237668332571721814,2832797222117074944,587742611346817332,11.4425,1.084831,36.47891,6.986279,30.61438,1.198956
1237668332571787353,2832796397483354112,587742611346882591,5.077887,0.02149684,14.65573,0.08725046,14.19021,1.261407
1237668349207445599,3088360283475830784,587742627982540925,7.28027,0.02293618,16.76519,0.1478252,15.44447,1.074975
1237668349207511099,3089555177955420160,587742627982606394,10.35649,0.6503192,33.38406,4.629058,24.97028,1.101587
1237668349207511108,3089556277467047936,587742627982606418,5.997641,0.716198,14.07922,5.85871,13.55666,1.101587
1237668349210853684,3092896043382106112,587742627985948960,6.66984,0.02624957,14.99903,0.1156307,14.75149,1.315143
1237668349210984599,3092888621678618624,587742627986079901,4.253108,0.08353635,10.68053,0.5080707,9.85034,1.368654
1237668349211050186,3092879550707689472,587742627986145466,4.075234,0.06397475,8.777838,0.3734834,8.611754,1.527795
1237668349214785653,3097354013444696064,587742627989880941,9.60246,0.1144349,28.66432,0.703202,23.73213,1.295047
1237668349214785846,3097354838078416896,587742627989881078,2.842323,0.02956569,6.541782,0.1797061,6.249871,1.295047
1237668349214785881,3097354563200509952,587742627989881102,7.605058,0.03725617,15.18434,0.2130503,15.25625,1.295047
1237668365852082666,2842922355322284032,587742644627177986,3.502695,0.04912299,7.48402,0.3062774,7.277166,1.153078
1237668332029935785,3097460391194683392,587742610805031139,3.719121,0.04726688,8.063765,0.2629681,7.954581,0.9985677
1237668332029935843,3097471111433054208,587742610805031047,7.19348,0.4874826,22.99198,3.366884,16.92257,0.9985677
1237668367461449908,2839664777263867904,587742646236545489,2.493827,0.1433994,7.232978,0.9606526,5.866466,1.050979
1237668496310665265,2916255101360302080,587742775085760572,6.639113,0.104388,22.66184,0.6132426,15.74274,1.241214
1237668496310665312,2918441480282466304,587742775085760619,2.841138,0.06899801,9.686887,0.4421431,6.838834,1.241214
1237668496310665393,2916254276726581248,587742775085760691,1.739417,0.0201265,4.623591,0.1716031,3.670678,1.241214
1237668496310665432,2918439556137117696,587742775085760708,2.154873,0.04374278,6.523993,0.2787952,5.290235,1.241214
1237668496314597534,2800256344332986368,587742775089692822,2.946572,0.01533917,6.665867,0.1050412,6.221238,1.236784
1237668496314663045,2800284931635308544,587742775089758333,5.007524,0.04495666,9.874474,0.2010829,10.76148,1.244781
1237668496314663169,2800288505048098816,587742775089758469,5.038649,0.07365963,9.869424,0.3692827,10.48945,1.244781
1237668590266876053,2932989673519212544,587742774567698559,7.276934,0.02992188,23.12821,0.2032218,17.9918,1.073799
1237668590266876172,2934203253941889024,587742774567698622,6.395469,0.05987,15.39417,0.4435992,13.63335,1.073799
1237668590266941575,2934201329796540416,587742774567764072,2.434643,0.02894932,7.615669,0.1772555,6.155014,1.073656
1237668590796013675,2922964596727769088,587742775096836223,5.615981,0.03709476,12.62411,0.3112716,11.06729,1.203079
1237668624622092360,2922942056739399680,587742864750608447,6.835851,0.02013496,17.79558,0.1142197,16.04394,1.070982
1237668624622157845,2922954426245212160,587742864750673936,6.045485,0.03252087,14.91215,0.2416563,13.06083,1.050477
1237668624622223408,2922968170140559360,587742864750739496,8.226053,0.04255429,25.58263,0.2273746,21.86082,1.053859
1237668586504781975,2795775559571892224,587742865279877253,5.253547,0.1224355,18.60709,0.7431544,13.31419,1.22142
1237668586504782055,2800206591431829504,587742865279877322,6.534511,0.1038368,16.17985,0.7801896,14.52552,1.22142
1237668586504847532,2800205217042294784,587742865279942737,2.274846,0.03163942,5.872015,0.2333623,5.011202,1.217237
1237668624621961294,2921883227041851392,587742864750477398,11.47072,0.6116649,21.00238,2.14231,43.76576,1.089906
1237668332029935885,3097426581212129280,587742610805031086,4.208871,0.03824982,10.81844,0.1898312,10.32905,0.9985677
1237668349213933749,3097413387072595968,587742627989029070,3.086663,0.2125722,7.553714,1.761944,6.65399,1.304787
1237673705043198072,492034508560820224,587725469054009438,2.893797,0.02027289,6.779987,0.1160004,6.455317,1.282017
1237673705041756411,486547121038714880,587725774530740521,3.253926,0.0421489,7.715685,0.3171668,6.745551,1.162311
1237671936578093441,6826509633257230336,,5.247449,0.03829179,13.37771,0.2299716,12.20174,1.68852
1237671932283388104,1373724375869581312,587734893820575846,4.353771,0.1469274,13.83168,1.03489,10.73432,1.209552
1237671931746058262,3249498389460576256,587746210521153554,5.418245,0.1377499,17.42801,0.8798441,13.50604,1.125841
1237671767461265554,7650681839569620992,,5.229473,0.1592936,17.84726,0.7064326,15.56761,1.112458
1237671260671443273,2916121785575434240,587745539446538528,4.064437,0.02256478,9.567026,0.1610101,8.641425,1.522001
1237671260671443267,2916119861430085632,587745539446538523,3.403873,0.03277798,8.892603,0.2243061,7.670353,1.522001
1237671260671443213,2916119586552178688,587745539446538481,3.761131,0.0243312,9.779092,0.1659669,8.428935,1.522001
1237671260671443039,2916116562895202304,587745539446538351,6.063519,0.06021779,19.22136,0.426373,14.57717,1.522001
1237671260670525478,6006794851143929856,,2.088709,0.1003529,6.598602,0.712229,4.895025,1.310363
1237671125379907676,2915012378326231040,587745404155002986,9.279613,0.03728128,22.3017,0.2187916,20.92158,1.455965
1237671124305051659,2913920838157756416,587745403080146952,4.936804,0.03870006,17.04667,0.2393394,12.77525,1.34893
1237671124304986167,2913911492308920320,587745403080081483,3.625006,0.8117191,8.765992,-1000.0,7.635836,1.34517
1237671123767853073,6001126868484640768,,8.979194,1.176291,20.12184,-1000.0,19.64636,1.371495
1237671123767787710,2911622858771818496,587745402542883015,4.416505,0.03380255,9.886982,0.2506876,9.153324,1.390185
1237670964854718726,2912710550129502208,587745243629813989,2.612051,0.03487283,6.384753,0.2205007,5.707434,1.627279
1237670964854718472,2912712199396943872,587745243629813771,6.710975,0.1928,22.00198,1.298106,15.78737,1.627279
1237671123229212676,2907086273292298240,587745402004307974,8.593683,0.07733493,17.86738,0.6281397,16.44793,1.348101
1237671123231768624,2913894175000782848,587745402006863928,6.185044,0.08624442,21.5841,0.54449,15.43421,1.292132
1237671260122055017,1979447536691210240,587738565481398623,1.733728,0.01327776,4.742032,0.09679779,3.927997,1.163334
1237671260669673588,2911621484382283776,587745539444768882,1.94311,0.02526788,5.59202,0.1874431,4.409392,1.18874
1237671691763384702,3340688311898368000,587745970538479953,2.104086,0.0169354,5.354216,0.1332155,4.559041,1.661831
1237671935505138058,712744153934489600,587725993577349472,4.79852,0.08810677,10.04952,0.339847,11.0929,1.219089
1237671990803562762,594585685655054336,587726033869602999,5.23875,0.02234531,11.90025,0.1153063,11.77594,1.308619
1237671990803628152,594599429550401536,587726033869668596,3.13775,0.1573807,8.657997,1.233279,6.922909,1.338657
1237671991875600387,2027862899938060288,588017725482074171,8.504975,0.3767585,26.85276,2.606561,19.98316,1.145766
1237671991875600389,2027864274327595008,588017725482074350,4.451503,0.5086869,14.21074,3.644358,9.966333,1.145766
1237671991875600391,2027865648717129728,588017725482074172,3.424217,0.07984684,9.906625,0.6520835,7.435007,1.145766
1237671991875665965,2027865098961315840,588017725482139720,15.06799,0.1202911,37.54721,0.5886235,34.71514,1.198489
1237671992949342322,2027888188705499136,588017726019338256,6.665878,0.3169878,21.07737,2.468995,15.39357,1.140399
1237671992949407904,2027878842856663040,587736525368393983,2.739725,0.007487564,7.082553,0.04948331,6.24511,1.170227
1237671992950587444,961615317279205376,587729159507804247,4.547379,0.04935054,16.90461,0.2824748,13.31681,1.559689
1237671992953929929,1029192407272417280,587729777978376368,7.121063,0.5238013,21.84566,3.106704,18.41478,1.32825
1237673809192157408,5052165868093722624,,6.713936,0.06540628,20.80834,0.4610248,15.63753,1.178014
1237673809192157411,2164151200381954048,587738371133276657,1.504478,0.07724139,4.932535,0.5206637,3.829082,1.178014
1237673809192223014,2164154498916837376,587739154428068144,4.923416,0.02493701,16.83605,0.140601,13.31431,1.197623
1237674371289907217,2164139930387769344,587739154428002465,5.481529,0.6380013,14.25971,5.703439,12.45929,1.357171
1237674371291414552,2169662502516844544,587739153355767841,21.92518,0.6284258,79.37807,3.683057,59.85681,1.39334
1237668670253105171,868094981338851328,587725472807518284,8.589522,0.03408656,29.06182,0.2145579,21.30931,1.583922
1237668670253170717,868092782315595776,587725472807518350,8.151199,0.05308647,27.89934,0.3233422,20.84103,1.464773
1237668670253170836,868094431583037440,587725472807518411,1.613062,0.01457048,4.764276,0.1180382,3.48413,1.464773
1237670450523144290,2746149651051735040,587744729298239635,4.448131,0.04144827,11.9923,0.3192658,9.715184,1.12781
1237670450523144332,2746151025441269760,587744729298239519,18.04572,0.04875356,37.25071,0.2314519,37.35477,1.12781
1237671122692472846,2907074728420206592,587735349633220621,9.535172,0.5730834,32.78843,3.596314,22.82535,1.335359
1237671122692473127,1962543369544558592,587735349633220883,2.939516,0.02963436,8.680105,0.2055859,6.882965,1.335359
1237671123220168862,1979447261813303296,587735349087174841,5.90239,0.02181122,15.09687,0.1206512,13.64189,1.233075
1237671123220168924,1979442314010978304,587735349087174878,2.099321,0.02779162,6.41326,0.1948622,5.042871,1.233075
1237671124304855182,2911709995068319744,587745403079950402,4.773444,0.7503096,14.02327,-1000.0,11.13778,1.421434
1237671124305051901,2911733084812503040,587745403080147145,4.25462,0.02186314,11.47698,0.1459593,9.757453,1.34893
1237671125379842213,2915011828570417152,587745404154937407,8.488287,0.164727,22.10976,1.223814,18.59069,1.555318
1237671129667666121,1383836584310237184,587734893827457027,7.496169,0.08242507,25.43408,0.5198295,19.9517,1.37473
1237671129667731700,1383822290659076096,587734893827457173,3.688083,0.07471284,10.43902,0.4414213,9.051263,1.361456
1237671141483937928,946984665837758464,588010880369426521,1.49833,0.01513216,4.921824,0.104117,3.65983,0.9518313
1237671260670525453,2913873559157762048,587745539445620757,7.924006,0.02740501,24.79229,0.1211448,21.87596,1.310363
1237671767461331011,891878517074061312,588011103712706643,15.4315,0.02596819,30.7056,0.1469529,31.06461,1.111301
1237671930134790189,3249415926088493056,587746208909885500,7.301906,0.2662836,24.04002,1.734475,17.64738,1.177191
1237671931209318418,1373685618084702208,587734893014876194,6.408261,0.033279,21.33169,0.2137782,15.31213,1.136569
1237671931209318493,1373682044671911936,587734893014876232,3.429071,0.1736786,10.28018,1.305326,7.365319,1.136569
1237671931209318579,1373683419061446656,587734893014876296,3.54621,0.02766038,10.07598,0.1516364,9.025657,1.136569
1237671931209318606,1373684518573074432,587734893014876321,3.654651,0.039158,10.0855,0.2942424,8.239065,1.136569
1237671932820193349,1373711731485861888,587734894357381166,5.755325,0.0547748,17.6279,0.3709987,14.05941,1.408166
1237671932820258894,1373713105875396608,587734894357381205,4.468701,0.446005,16.62079,2.54962,11.16078,1.338394
1237671932820259133,1373710631974234112,587734894357381374,2.599598,0.0548353,6.825213,0.3499294,6.050889,1.338394
1237671932820259141,1373708158073071616,587734894357381320,2.497656,0.0296278,6.530234,0.2349905,5.441162,1.338394
1237671934428381309,708285358936188928,587729409688142008,6.050848,0.2998815,17.84494,1.61527,16.126,1.808359
1237671939260219599,689132691483813888,587728917377056924,3.909948,0.159861,9.109142,1.015198,8.515402,1.279186
1237671955902693480,6104892728365305856,,6.358249,0.03580878,16.15614,0.270164,13.94002,1.177258
1237671955902693741,1910800078939908096,588017704549155150,6.770558,0.1558944,14.62108,0.5051656,27.9193,1.177258
1237671955902759138,1910781112364328960,588017571388522623,3.50474,0.1024591,8.638953,0.6627778,7.570072,1.179475
1237671956981153874,594596955649239040,587726033869668455,8.07757,0.05135952,27.00506,0.3345683,19.43159,1.435666
1237671956981219542,594622519294584832,587726033869734021,7.960938,0.0706946,15.86151,0.2735194,16.84551,1.44743
1237671991340433429,594618945881794560,587726016690126908,4.817716,0.02145448,10.77697,0.07953439,11.15697,1.354051
1237671992947572790,1912951548418222080,588017569779417177,9.527447,0.39467,29.73565,2.501409,23.5563,1.254537
1237671992947638320,1912961169144965120,588017569779417201,5.126594,0.01754945,16.67941,0.09305483,13.8132,1.206912
1237671992947703853,1912963093290313728,588017702403244046,20.89336,1.281868,46.7212,7.518509,44.94668,1.202973
1237673705578758181,488675500688959488,587725774530936974,6.869068,0.4268158,21.18164,2.858526,16.52621,1.106376
1237673705578758184,4127560140592533504,,5.465545,0.5572873,17.13096,4.048454,11.54451,1.106376
1237673705578758555,488676325322680320,587725774531002665,4.287107,0.03047551,9.812177,0.2021824,9.153862,1.106376
1237674290756583782,1003299730773534720,587731887345238118,4.021132,0.03736776,11.83381,0.223479,9.999762,1.34027
1237674290756583884,1003298356384000000,587731887345238358,4.349376,0.1081347,10.5602,0.5229481,10.39846,1.34027
1237674290756583895,1003321171250276352,587731887345238345,7.049623,0.03164611,15.70707,0.194758,15.25948,1.34027
1237668624629891243,2934193908093052928,587742903404986567,7.334956,0.7830794,14.70518,-1000.0,15.12347,1.044293
1237670964854784136,2915017051250649088,587745243629879444,13.27144,0.08421035,33.08264,0.5031802,30.66919,1.700361
1237671123767722047,2911623683405539328,587745402542817347,9.668762,0.02750789,23.73806,0.1174904,23.10665,1.46085
1237671261206806638,2911723464085760000,587745539981901955,14.11936,0.03061176,25.25711,0.1431817,26.24485,1.39147
1237671932283519102,1373745816346322944,587734893820641373,5.813026,0.04227395,19.13636,0.2776308,14.32026,1.229494
1237671936578093285,710447549021972480,587725994650304658,2.615203,0.01856621,6.173539,0.1482838,5.431494,1.68852
1237671957518876723,595671728315721728,587726014543102123,1.95834,0.04083077,6.060136,0.3170946,4.375418,1.426742
1237673705041690943,486543272748017664,587725774530675063,3.735114,0.2118979,10.05404,1.307822,8.362958,1.173032
1237673705041691045,486543547625924608,587725774530740588,4.483122,0.1195394,12.52132,0.9159598,9.953766,1.173032
1237673705043198070,492032859293378560,587725469054009437,6.968953,0.3461072,23.02142,2.169952,17.25875,1.282017
1237671931745927367,3249489593367554048,587746210521022659,4.712036,0.3012594,14.45635,2.290806,10.64886,1.148634
1237671129130074248,1382640865498916864,587734891679645781,5.053229,0.4018827,15.42315,2.948626,11.75913,1.261336
1237670449986535606,2746126286429644800,587744728761630834,4.951674,0.2215066,17.1713,1.372733,12.06313,1.302363
1237670965392703635,2917338394604365824,587745244167798928,2.576322,0.01245626,6.46267,0.1071704,5.335515,1.219841
1237671957518876726,594476559125997568,587726014543102126,3.141697,0.07703968,7.576215,0.4453568,6.894377,1.426742
1237671930134790456,3249416200966400000,587746208909885627,4.243404,0.04040269,9.570769,0.35555,8.475866,1.177191
1237671930134790392,3248256765938132992,587746208909885647,2.891633,0.04990294,8.466002,0.3544002,6.982477,1.177191
1237671690692591743,2484943342589208576,587739651575185600,7.784892,5.613555,19.06868,-1000.0,17.72306,1.563122
1237671129667731636,1382768958603552768,587734893827391620,6.297966,0.0369908,14.36766,0.231875,13.83004,1.361456
1237671125379842214,2916178960180078592,587745404154937575,3.321274,0.02289036,7.947565,0.1258416,7.535681,1.555318
1237670964846919713,2740493214002735104,587745243622015018,3.710482,0.02426619,9.203541,0.1816794,7.941116,1.405516
1237668670253105334,868105976455129088,587725472807518377,2.109743,0.01680772,5.47888,0.1332609,4.576995,1.583922
1237668625167613974,2934254106354673664,587742903942709270,6.601075,0.07933745,21.12377,0.4663033,17.03418,1.110688
1237674368067829775,1003322270761904128,587731887345303749,6.056364,0.03717858,18.98971,0.2404117,15.04754,1.330175
1237671991878221902,595637093699446784,587726014543233105,8.889897,0.06215261,23.63013,0.5236275,18.28581,1.335697
1237671991878156526,595638468088981504,587726014543233211,2.249429,0.02008232,5.880394,0.1637218,4.869486,1.297547
1237671991878156520,595653586373863424,587726014543233086,1.810019,0.0348621,5.365632,0.2663108,4.125301,1.297547
1237671991340499075,594633239532955648,587726016690192627,8.47056,0.02751289,17.17739,0.1632625,16.7669,1.357944
1237671958588424370,1912975187918219264,588017569242546279,44.18489,0.2200627,99.39008,1.238848,95.63161,1.186169
1237671690155786376,2486151711270397952,587739721386492066,4.980808,0.08876224,16.24912,0.5547445,12.67907,1.699993
1237670450523078792,2743847274592364544,587744729298174088,1.950923,0.01331965,5.323637,0.09572408,4.407977,1.12416
1237671122692407496,1962542819788744704,587735349633155295,2.90025,0.02996468,7.322844,0.2052376,6.398377,1.409334
1237671122692407542,2907075553053927424,587735349633155353,3.869051,0.03462268,11.50395,0.2155097,9.678506,1.409334
1237671123220103629,1979445612545861632,587735349087109593,7.775356,0.02630652,19.31283,0.2130596,15.84881,1.188458
1237671124305051660,2911734734079944704,587745403080146953,1.41568,0.02469992,3.770864,0.191117,3.121691,1.34893
1237671125379842189,2914000002994956288,587745404154937532,7.277638,0.2990309,17.49726,1.524419,15.96395,1.555318
1237671260669739088,2911617910969493504,587745539444834374,3.115649,0.01427751,9.728814,0.09905571,7.25362,1.254215
1237671260669739186,2911616261702051840,587745539444834429,2.537919,0.01333767,7.684125,0.1016964,5.732052,1.254215
1237671260669739246,2911619835114842112,587745539444834485,4.37669,0.06728176,12.77015,0.4576119,10.24904,1.254215
1237671260670525479,2913875758181017600,587745539445620785,3.999918,0.01528944,13.11377,0.07685413,11.55809,1.310363
1237671767461265510,891883189998479360,588011219677413417,3.455413,0.01710533,7.937035,0.1156403,7.407355,1.112458
1237671767461396524,689130217582651392,587728917377187912,3.278478,0.06462528,10.30232,0.4482076,7.798114,1.140004
1237671991338532959,2027844757996201984,587736525367869462,13.24935,0.1651667,26.28906,0.9133895,25.75309,1.220575
1237671991340433626,594619220759701504,587726016690127037,8.020872,0.1398089,17.86497,0.6434312,18.36433,1.354051
1237671128591761530,946986315105200128,588010880369492054,1.652429,0.01764618,4.673438,0.1273994,3.805089,1.285249
1237671128591761538,946993461930780672,588010880369492065,8.008623,0.05452971,26.9896,0.3467886,19.65904,1.285249
1237671128591761639,946993736808687616,588010880369492120,3.273961,0.04418953,10.20604,0.3055072,7.678033,1.285249
1237671128591827108,946995660954036224,588010880369492096,1.448512,0.01651778,3.37666,0.1224987,3.046233,1.221793
1237671129130336263,1383812120176519168,587734892216713241,2.348405,0.02236201,7.937756,0.1402313,5.896109,1.249551
1237671936578093073,710444250487089152,587725994650304631,3.812896,0.06852125,12.40184,0.4664682,8.918412,1.68852
1237671931745992750,3248393105379977216,587746210521088048,2.615701,0.3145944,8.312201,2.221423,6.21449,1.132834
1237673705041756259,486553992986388480,587725774530740333,6.184383,0.3701046,20.24703,2.505494,14.48626,1.162311
1237673705043263631,492022139055007744,587725469054009600,3.782182,0.02146399,7.577239,0.09869058,8.082396,1.197322
1237671129130205319,1382619425022175232,587732770518007838,3.94211,0.1023371,12.91271,0.706201,9.089377,1.231173
1237671129130205403,1382621349167523840,587732770518007945,3.406953,0.03137873,8.173007,0.178552,7.664242,1.231173
1237671129130270869,1382606505760548864,587732770518073517,3.83836,0.04361759,7.62103,0.2981578,7.460371,1.244977
1237671129130270882,1382622998434965504,587734892216647800,3.935246,0.02165207,11.28553,0.1110837,10.4641,1.244977
1237671931745992749,3249485470198949888,587746210521088047,8.158442,0.1006681,22.19899,0.4735085,20.46958,1.132834
1237671931745992895,3249487669222205440,587746210521088210,2.084341,0.02962539,5.563025,0.2254928,4.591633,1.132834
1237670596016537626,2739317286216165376,587744874791632907,6.907385,0.04689686,23.72031,0.2913072,17.70321,1.361483
1237670965383856174,2740480569619015680,587745244158951481,6.591654,0.05085492,21.00223,0.3110011,16.79369,1.448052
1237670965383790831,2740488541078317056,587745244158886143,5.580259,0.03908633,11.25409,0.1809148,11.80926,1.395168
1237670965383790814,2740486891810875392,587745244158886122,1.304548,0.0088627,3.735171,0.07233493,2.848868,1.395168
1237670965383790750,2740479744985294848,587745244158886025,5.391194,0.1031714,15.34328,0.7739449,12.18953,1.395168
1237668624629891241,2933134259298265088,587742903404986565,6.031442,0.05405667,12.39164,0.2678859,12.74151,1.044293
1237674479735013541,685824815113725952,587729229294141591,1.825667,0.009658271,5.053114,0.07648376,4.068548,1.918963
1237674479735013527,685841857543956480,587729229294141469,4.103172,0.06006477,9.230185,0.3107058,9.148201,1.918963
1237674479735013407,685842132421863424,587729229294141468,2.786715,0.182946,8.963486,1.361913,6.654335,1.918963
1237674599462273168,1382642514766358528,587734891679645751,3.666408,0.09818432,11.01545,0.7104771,8.531771,1.53179
1237674599462273202,1382641690132637696,587734891679580340,3.654678,0.04865758,8.02897,0.2990045,7.725692,1.53179
1237674603216699610,341175186659239936,587722982291734755,8.067703,0.07734061,16.05399,0.3488252,16.24257,1.21193
1237674649384255499,310826746519775232,587748928159350798,2.905133,0.009031666,7.17586,0.06012892,6.502693,1.308397
1237674649384255563,310819874572101632,587748928159350856,4.407153,0.02722414,10.29878,0.1890372,9.423886,1.308397
1237674649384386795,310818500182566912,587748928159481944,4.457964,0.04639313,8.097054,0.1728433,9.714668,1.199591
1237674649388056620,315253375350368256,587748928163151924,7.293653,0.07375895,25.29887,0.4463055,19.44308,1.179007
1237674650460422494,314224513585801216,587748929235517680,5.492333,0.04892649,15.09929,0.3993961,12.48384,1.12191
1237674650460487907,314223688952080384,587748929235583146,4.702475,0.03555664,8.702681,0.1490826,9.536408,1.130822
1237674650460422277,313020546944100352,587748929235517537,7.262973,0.5141687,24.11212,3.227894,18.91894,1.12191
1237674649387991118,315255849251530752,587748928163086408,1.963512,0.03740097,5.908116,0.219534,5.019577,1.172179
1237674649384124427,310834717979076608,587748928159219729,9.069193,0.03961227,26.60482,0.2592185,21.55479,1.322924
1237674649384059076,310827021397682176,587748928427589804,1.75424,0.03429114,4.554049,0.3001752,3.677171,1.341072
1237674648847450346,310817125793032192,587748927622545647,5.356475,0.111539,15.42613,0.7453946,12.75062,1.270922
1237674648847450200,310816576037218304,587748927622545523,3.706521,0.0128559,12.90651,0.07765049,9.694087,1.270922
1237674603216633993,341183982752262144,587722982291734550,3.773883,0.1128053,12.30996,0.7785361,8.927772,1.223319
1237674602676289621,596829239198640128,587726016691306560,9.128692,0.02430017,30.19041,0.1330661,25.16742,1.322332
1237674599462207503,1382641140376823808,587734891679645755,4.966823,0.03717491,16.35786,0.2404702,12.30122,1.539947
1237674598925664446,1382624097946593280,587734892216778823,2.427781,0.02502349,7.579679,0.1537472,6.244661,1.527108
1237674650460422448,313019997188286464,587748929235517657,1.201495,0.01133465,2.983249,0.07746416,2.670599,1.12191
1237674650460422427,313164857845245952,587748929235517639,7.255787,0.1151936,15.35732,0.541325,15.44684,1.12191
1237674649388122399,316446895255873536,587722982273253549,4.255894,0.05332854,7.844203,0.2276963,9.014515,1.168812
1237674649388056846,316448269645408256,587748928163152070,7.126468,0.0636851,16.35437,0.2899239,16.60789,1.179007
1237674649384124606,310831419444193280,587748928159219872,1.888356,0.01972627,5.044223,0.1518482,4.116392,1.322924
1237674649384124543,309626079839021056,587748928159219802,2.185869,1.160885,4.464526,-1000.0,4.57265,1.322924
1237674603216634080,341182058606913536,587722982291669182,2.865972,0.01784349,5.649691,0.1162371,5.70576,1.223319
1237674602676289826,596830613588174848,587726033870913752,6.94943,0.01931882,15.35403,0.1054343,15.39555,1.322332
1237674602676289817,596826215541663744,587726033870913764,2.854875,0.04319673,8.301152,0.3377519,6.239447,1.322332
1237674602676289706,596839684559104000,587726016691372165,7.309039,0.06622938,18.26421,0.3819416,16.70566,1.322332
1237674599462994088,1383840982356748288,587734893290586279,7.312742,0.03827651,14.29084,0.1835549,15.13308,1.479383
1237674602140139550,596759145332369408,587726015081218064,3.328043,0.05309587,6.82245,0.3769841,6.660223,1.331612
